[knuth] R5 SUBTREE SAMPLER: depth=28 roots=10000 probes/root=1000, 0 prefix level(s)
KNUTH_SUBTREE_HEADER depth=28 roots=10000 probes=1000 start_step=1
KNUTH_SUBTREE root=0 depth=28 w=1.0549021003e+39 Shat=9.4330000000e+01 Lhat=0.0000000000e+00
KNUTH_SUBTREE root=1 depth=28 w=3.1272578590e+39 Shat=3.6135000000e+01 Lhat=0.0000000000e+00
KNUTH_SUBTREE root=2 depth=28 w=3.7240107618e+38 Shat=7.0000000000e+00 Lhat=0.0000000000e+00
KNUTH_SUBTREE root=3 depth=28 w=0 Shat=0 Lhat=0 dead=1
KNUTH_SUBTREE root=4 depth=28 w=1.6177912818e+38 Shat=2.0000000000e+00 Lhat=0.0000000000e+00
KNUTH_SUBTREE root=5 depth=28 w=3.9485425689e+38 Shat=8.0290000000e+00 Lhat=0.0000000000e+00
KNUTH_SUBTREE root=6 depth=28 w=3.8912652727e+36 Shat=4.0000000000e+00 Lhat=0.0000000000e+00
KNUTH_SUBTREE root=7 depth=28 w=1.2381957471e+37 Shat=3.0000000000e+00 Lhat=0.0000000000e+00
KNUTH_SUBTREE root=8 depth=28 w=1.0399797119e+39 Shat=7.0000000000e+00 Lhat=0.0000000000e+00
KNUTH_SUBTREE root=9 depth=28 w=2.8045995145e+39 Shat=3.1198000000e+01 Lhat=0.0000000000e+00
KNUTH_SUBTREE root=10 depth=28 w=1.2707857153e+39 Shat=1.4414400000e+02 Lhat=0.0000000000e+00
KNUTH_SUBTREE root=11 depth=28 w=1.4112490760e+39 Shat=1.1036000000e+01 Lhat=0.0000000000e+00
KNUTH_SUBTREE root=12 depth=28 w=3.3492359391e+37 Shat=1.0000000000e+00 Lhat=0.0000000000e+00
KNUTH_SUBTREE root=13 depth=28 w=0 Shat=0 Lhat=0 dead=1
KNUTH_SUBTREE root=14 depth=28 w=2.1626817333e+38 Shat=1.0000000000e+00 Lhat=0.0000000000e+00
KNUTH_SUBTREE root=15 depth=28 w=1.3585958944e+38 Shat=4.1000000000e+01 Lhat=0.0000000000e+00
KNUTH_SUBTREE root=16 depth=28 w=6.0164289195e+36 Shat=3.9440000000e+00 Lhat=0.0000000000e+00
KNUTH_SUBTREE root=17 depth=28 w=5.1203955203e+37 Shat=4.0000000000e+00 Lhat=0.0000000000e+00
KNUTH_SUBTREE root=18 depth=28 w=2.3008674729e+38 Shat=4.0000000000e+00 Lhat=0.0000000000e+00
KNUTH_SUBTREE root=19 depth=28 w=1.6933067973e+39 Shat=4.9520000000e+00 Lhat=0.0000000000e+00
KNUTH_SUBTREE root=20 depth=28 w=7.0349622421e+37 Shat=3.0000000000e+00 Lhat=0.0000000000e+00
KNUTH_SUBTREE root=21 depth=28 w=1.8943711695e+39 Shat=3.9738000000e+01 Lhat=0.0000000000e+00
KNUTH_SUBTREE root=22 depth=28 w=1.0040805915e+38 Shat=8.0830000000e+00 Lhat=0.0000000000e+00
KNUTH_SUBTREE root=23 depth=28 w=6.2916195454e+38 Shat=6.0140000000e+00 Lhat=0.0000000000e+00
KNUTH_SUBTREE root=24 depth=28 w=1.3735069035e+38 Shat=4.0000000000e+00 Lhat=0.0000000000e+00
KNUTH_SUBTREE root=25 depth=28 w=5.8744785147e+38 Shat=5.1622000000e+01 Lhat=0.0000000000e+00
KNUTH_SUBTREE root=26 depth=28 w=1.3091300546e+38 Shat=3.0000000000e+00 Lhat=0.0000000000e+00
KNUTH_SUBTREE root=27 depth=28 w=1.1398833859e+38 Shat=2.7052000000e+01 Lhat=0.0000000000e+00
KNUTH_SUBTREE root=28 depth=28 w=3.4328454823e+38 Shat=3.9562000000e+01 Lhat=0.0000000000e+00
KNUTH_SUBTREE root=29 depth=28 w=1.6813618387e+38 Shat=1.3000000000e+01 Lhat=0.0000000000e+00
KNUTH_SUBTREE root=30 depth=28 w=6.7841766111e+38 Shat=1.4900000000e+01 Lhat=0.0000000000e+00
KNUTH_SUBTREE root=31 depth=28 w=7.7889698477e+38 Shat=4.6882000000e+01 Lhat=0.0000000000e+00
KNUTH_SUBTREE root=32 depth=28 w=5.1707357577e+37 Shat=3.0000000000e+00 Lhat=0.0000000000e+00
KNUTH_SUBTREE root=33 depth=28 w=4.4152715805e+38 Shat=2.1096000000e+01 Lhat=0.0000000000e+00
KNUTH_SUBTREE root=34 depth=28 w=3.0377281369e+39 Shat=4.0208000000e+01 Lhat=0.0000000000e+00
KNUTH_SUBTREE root=35 depth=28 w=1.0271690116e+39 Shat=5.0608000000e+01 Lhat=0.0000000000e+00
KNUTH_SUBTREE root=36 depth=28 w=4.4730145612e+38 Shat=5.6070000000e+01 Lhat=0.0000000000e+00
KNUTH_SUBTREE root=37 depth=28 w=2.4226153086e+39 Shat=3.0000000000e+00 Lhat=0.0000000000e+00
KNUTH_SUBTREE root=38 depth=28 w=5.6672942350e+38 Shat=3.0000000000e+00 Lhat=0.0000000000e+00
KNUTH_SUBTREE root=39 depth=28 w=8.4269396537e+38 Shat=5.0000000000e+00 Lhat=0.0000000000e+00
KNUTH_SUBTREE root=40 depth=28 w=1.8662673567e+38 Shat=2.0000000000e+00 Lhat=0.0000000000e+00
KNUTH_SUBTREE root=41 depth=28 w=7.3530592223e+38 Shat=1.0362400000e+02 Lhat=0.0000000000e+00
KNUTH_SUBTREE root=42 depth=28 w=1.7219274135e+38 Shat=1.0000000000e+00 Lhat=0.0000000000e+00
KNUTH_SUBTREE root=43 depth=28 w=3.1678295422e+38 Shat=7.0000000000e+00 Lhat=0.0000000000e+00
KNUTH_SUBTREE root=44 depth=28 w=2.0571101058e+38 Shat=1.3000000000e+01 Lhat=0.0000000000e+00
KNUTH_SUBTREE root=45 depth=28 w=7.1817347801e+37 Shat=3.0000000000e+00 Lhat=0.0000000000e+00
KNUTH_SUBTREE root=46 depth=28 w=1.4212808147e+38 Shat=1.0000000000e+01 Lhat=0.0000000000e+00
KNUTH_SUBTREE root=47 depth=28 w=6.2400515169e+38 Shat=4.0000000000e+00 Lhat=0.0000000000e+00
KNUTH_SUBTREE root=48 depth=28 w=5.2541632083e+38 Shat=4.9965000000e+01 Lhat=0.0000000000e+00
KNUTH_SUBTREE root=49 depth=28 w=4.5291000177e+38 Shat=5.0000000000e+00 Lhat=0.0000000000e+00
KNUTH_SUBTREE root=50 depth=28 w=1.1027622394e+39 Shat=3.0000000000e+00 Lhat=0.0000000000e+00
KNUTH_SUBTREE root=51 depth=28 w=1.9158039326e+39 Shat=1.9135000000e+01 Lhat=0.0000000000e+00
KNUTH_SUBTREE root=52 depth=28 w=1.1803525774e+37 Shat=3.0000000000e+00 Lhat=0.0000000000e+00
KNUTH_SUBTREE root=53 depth=28 w=2.9260747935e+39 Shat=2.9305000000e+01 Lhat=0.0000000000e+00
KNUTH_SUBTREE root=54 depth=28 w=5.3319436580e+38 Shat=4.2886000000e+01 Lhat=0.0000000000e+00
KNUTH_SUBTREE root=55 depth=28 w=0 Shat=0 Lhat=0 dead=1
KNUTH_SUBTREE root=56 depth=28 w=5.9147688657e+38 Shat=3.0000000000e+00 Lhat=0.0000000000e+00
KNUTH_SUBTREE root=57 depth=28 w=8.1229343321e+37 Shat=3.0000000000e+00 Lhat=0.0000000000e+00
KNUTH_SUBTREE root=58 depth=28 w=6.1652237562e+38 Shat=8.9280000000e+00 Lhat=0.0000000000e+00
KNUTH_SUBTREE root=59 depth=28 w=6.0095037014e+37 Shat=4.0000000000e+00 Lhat=0.0000000000e+00
KNUTH_SUBTREE root=60 depth=28 w=1.9073894983e+39 Shat=1.3000000000e+01 Lhat=0.0000000000e+00
KNUTH_SUBTREE root=61 depth=28 w=3.4524778579e+39 Shat=1.4873600000e+02 Lhat=3.4080000000e+01
KNUTH_SUBTREE root=62 depth=28 w=9.1133440792e+38 Shat=1.3000000000e+01 Lhat=0.0000000000e+00
KNUTH_SUBTREE root=63 depth=28 w=1.8253294849e+38 Shat=3.0000000000e+00 Lhat=0.0000000000e+00
KNUTH_SUBTREE root=64 depth=28 w=6.5955553315e+37 Shat=1.0000000000e+00 Lhat=0.0000000000e+00
KNUTH_SUBTREE root=65 depth=28 w=2.0173244378e+37 Shat=2.0000000000e+00 Lhat=0.0000000000e+00
KNUTH_SUBTREE root=66 depth=28 w=1.1314475549e+38 Shat=1.1000000000e+01 Lhat=0.0000000000e+00
KNUTH_SUBTREE root=67 depth=28 w=1.7765141162e+38 Shat=2.6515000000e+01 Lhat=0.0000000000e+00
KNUTH_SUBTREE root=68 depth=28 w=3.1476354521e+38 Shat=1.0000000000e+00 Lhat=0.0000000000e+00
KNUTH_SUBTREE root=69 depth=28 w=0 Shat=0 Lhat=0 dead=1
KNUTH_SUBTREE root=70 depth=28 w=0 Shat=0 Lhat=0 dead=1
KNUTH_SUBTREE root=71 depth=28 w=9.8019521243e+38 Shat=6.5352000000e+01 Lhat=0.0000000000e+00
KNUTH_SUBTREE root=72 depth=28 w=1.9544720740e+38 Shat=2.5344000000e+01 Lhat=0.0000000000e+00
KNUTH_SUBTREE root=73 depth=28 w=0 Shat=0 Lhat=0 dead=1
KNUTH_SUBTREE root=74 depth=28 w=3.0448291009e+39 Shat=2.7192000000e+01 Lhat=0.0000000000e+00
KNUTH_SUBTREE root=75 depth=28 w=5.7633116955e+38 Shat=1.0259800000e+02 Lhat=0.0000000000e+00
KNUTH_SUBTREE root=76 depth=28 w=0 Shat=0 Lhat=0 dead=1
KNUTH_SUBTREE root=77 depth=28 w=0 Shat=0 Lhat=0 dead=1
KNUTH_SUBTREE root=78 depth=28 w=1.3743593740e+37 Shat=1.0000000000e+00 Lhat=0.0000000000e+00
KNUTH_SUBTREE root=79 depth=28 w=3.1319704895e+38 Shat=1.4563000000e+02 Lhat=0.0000000000e+00
KNUTH_SUBTREE root=80 depth=28 w=5.2455621511e+38 Shat=2.0000000000e+00 Lhat=0.0000000000e+00
KNUTH_SUBTREE root=81 depth=28 w=1.3101562163e+38 Shat=6.5278000000e+01 Lhat=0.0000000000e+00
KNUTH_SUBTREE root=82 depth=28 w=4.0613360704e+37 Shat=4.0000000000e+00 Lhat=0.0000000000e+00
KNUTH_SUBTREE root=83 depth=28 w=8.6576188795e+37 Shat=3.0000000000e+00 Lhat=0.0000000000e+00
KNUTH_SUBTREE root=84 depth=28 w=2.3799322052e+38 Shat=8.1544000000e+01 Lhat=0.0000000000e+00
KNUTH_SUBTREE root=85 depth=28 w=1.6442552630e+38 Shat=1.0000000000e+00 Lhat=0.0000000000e+00
KNUTH_SUBTREE root=86 depth=28 w=7.6507282307e+37 Shat=5.6340000000e+01 Lhat=0.0000000000e+00
KNUTH_SUBTREE root=87 depth=28 w=2.3164026218e+39 Shat=3.5840000000e+01 Lhat=0.0000000000e+00
KNUTH_SUBTREE root=88 depth=28 w=7.2995298695e+38 Shat=1.0000000000e+00 Lhat=0.0000000000e+00
KNUTH_SUBTREE root=89 depth=28 w=1.7075007404e+38 Shat=1.3000000000e+01 Lhat=0.0000000000e+00
KNUTH_SUBTREE root=90 depth=28 w=1.3913574596e+39 Shat=2.0000000000e+00 Lhat=0.0000000000e+00
KNUTH_SUBTREE root=91 depth=28 w=2.8274779066e+38 Shat=2.0000000000e+00 Lhat=0.0000000000e+00
KNUTH_SUBTREE root=92 depth=28 w=1.7365730184e+39 Shat=1.2006000000e+01 Lhat=0.0000000000e+00
KNUTH_SUBTREE root=93 depth=28 w=8.7926257180e+36 Shat=1.0000000000e+00 Lhat=0.0000000000e+00
KNUTH_SUBTREE root=94 depth=28 w=2.3645638200e+38 Shat=1.2238000000e+01 Lhat=0.0000000000e+00
KNUTH_SUBTREE root=95 depth=28 w=3.7681245802e+38 Shat=9.0000000000e+00 Lhat=0.0000000000e+00
KNUTH_SUBTREE root=96 depth=28 w=3.3275215529e+39 Shat=3.7126000000e+01 Lhat=0.0000000000e+00
KNUTH_SUBTREE root=97 depth=28 w=1.9678949271e+38 Shat=1.0221600000e+02 Lhat=0.0000000000e+00
KNUTH_SUBTREE root=98 depth=28 w=2.9021851657e+39 Shat=5.3440000000e+01 Lhat=0.0000000000e+00
KNUTH_SUBTREE root=99 depth=28 w=1.0800603173e+39 Shat=3.2890000000e+01 Lhat=0.0000000000e+00
KNUTH_SUBTREE root=100 depth=28 w=4.7287479515e+38 Shat=3.5140000000e+01 Lhat=0.0000000000e+00
KNUTH_SUBTREE root=101 depth=28 w=7.6029417841e+36 Shat=1.0000000000e+00 Lhat=0.0000000000e+00
KNUTH_SUBTREE root=102 depth=28 w=1.9328797247e+38 Shat=5.0000000000e+00 Lhat=0.0000000000e+00
KNUTH_SUBTREE root=103 depth=28 w=9.0779294762e+37 Shat=1.3000000000e+01 Lhat=0.0000000000e+00
KNUTH_SUBTREE root=104 depth=28 w=4.4077643966e+38 Shat=2.0000000000e+00 Lhat=0.0000000000e+00
KNUTH_SUBTREE root=105 depth=28 w=4.4396670513e+38 Shat=1.2259200000e+02 Lhat=0.0000000000e+00
KNUTH_SUBTREE root=106 depth=28 w=1.1077558556e+39 Shat=7.9700000000e+00 Lhat=0.0000000000e+00
KNUTH_SUBTREE root=107 depth=28 w=4.2781127440e+38 Shat=4.0260000000e+00 Lhat=0.0000000000e+00
KNUTH_SUBTREE root=108 depth=28 w=0 Shat=0 Lhat=0 dead=1
KNUTH_SUBTREE root=109 depth=28 w=1.1668968033e+39 Shat=1.8995000000e+01 Lhat=0.0000000000e+00
KNUTH_SUBTREE root=110 depth=28 w=4.0116196033e+38 Shat=5.0000000000e+00 Lhat=0.0000000000e+00
KNUTH_SUBTREE root=111 depth=28 w=3.9742301926e+38 Shat=7.1760000000e+00 Lhat=0.0000000000e+00
KNUTH_SUBTREE root=112 depth=28 w=1.6280463445e+38 Shat=3.0000000000e+00 Lhat=0.0000000000e+00
KNUTH_SUBTREE root=113 depth=28 w=1.2966860071e+38 Shat=4.0000000000e+00 Lhat=0.0000000000e+00
KNUTH_SUBTREE root=114 depth=28 w=1.4033450679e+37 Shat=2.0000000000e+00 Lhat=0.0000000000e+00
KNUTH_SUBTREE root=115 depth=28 w=4.3511267855e+37 Shat=1.0000000000e+00 Lhat=0.0000000000e+00
KNUTH_SUBTREE root=116 depth=28 w=4.2650535467e+38 Shat=7.5695000000e+01 Lhat=0.0000000000e+00
KNUTH_SUBTREE root=117 depth=28 w=6.8049926807e+37 Shat=9.0000000000e+00 Lhat=0.0000000000e+00
KNUTH_SUBTREE root=118 depth=28 w=3.4064117440e+39 Shat=5.9350000000e+01 Lhat=0.0000000000e+00
KNUTH_SUBTREE root=119 depth=28 w=2.1291851164e+38 Shat=3.0000000000e+00 Lhat=0.0000000000e+00
KNUTH_SUBTREE root=120 depth=28 w=1.0849011413e+39 Shat=5.0000000000e+00 Lhat=0.0000000000e+00
KNUTH_SUBTREE root=121 depth=28 w=1.1332056347e+39 Shat=4.0000000000e+00 Lhat=0.0000000000e+00
KNUTH_SUBTREE root=122 depth=28 w=2.7470882554e+37 Shat=2.0000000000e+00 Lhat=0.0000000000e+00
KNUTH_SUBTREE root=123 depth=28 w=1.2021706029e+38 Shat=1.0000000000e+00 Lhat=0.0000000000e+00
KNUTH_SUBTREE root=124 depth=28 w=1.6566314615e+38 Shat=7.3664000000e+01 Lhat=0.0000000000e+00
KNUTH_SUBTREE root=125 depth=28 w=2.2159038480e+39 Shat=7.4944000000e+01 Lhat=0.0000000000e+00
KNUTH_SUBTREE root=126 depth=28 w=0 Shat=0 Lhat=0 dead=1
KNUTH_SUBTREE root=127 depth=28 w=1.3225998674e+36 Shat=2.0000000000e+00 Lhat=0.0000000000e+00
KNUTH_SUBTREE root=128 depth=28 w=6.3288226770e+37 Shat=3.0000000000e+00 Lhat=0.0000000000e+00
KNUTH_SUBTREE root=129 depth=28 w=2.1730936144e+39 Shat=8.2585000000e+01 Lhat=0.0000000000e+00
KNUTH_SUBTREE root=130 depth=28 w=6.0620910977e+38 Shat=5.0000000000e+00 Lhat=0.0000000000e+00
KNUTH_SUBTREE root=131 depth=28 w=3.5473091022e+39 Shat=5.0000000000e+00 Lhat=0.0000000000e+00
KNUTH_SUBTREE root=132 depth=28 w=2.9442386406e+38 Shat=8.9308000000e+01 Lhat=0.0000000000e+00
KNUTH_SUBTREE root=133 depth=28 w=8.3363369688e+36 Shat=1.0000000000e+00 Lhat=0.0000000000e+00
KNUTH_SUBTREE root=134 depth=28 w=2.3840997384e+38 Shat=9.0992000000e+01 Lhat=0.0000000000e+00
KNUTH_SUBTREE root=135 depth=28 w=7.2059107829e+38 Shat=1.0945000000e+01 Lhat=0.0000000000e+00
KNUTH_SUBTREE root=136 depth=28 w=2.1788858632e+38 Shat=9.0080000000e+00 Lhat=0.0000000000e+00
KNUTH_SUBTREE root=137 depth=28 w=2.0145191188e+39 Shat=1.6144000000e+01 Lhat=0.0000000000e+00
KNUTH_SUBTREE root=138 depth=28 w=1.9177445809e+38 Shat=2.0000000000e+00 Lhat=0.0000000000e+00
KNUTH_SUBTREE root=139 depth=28 w=5.1679762051e+38 Shat=2.2872000000e+01 Lhat=0.0000000000e+00
KNUTH_SUBTREE root=140 depth=28 w=7.2637328227e+37 Shat=5.9480000000e+00 Lhat=0.0000000000e+00
KNUTH_SUBTREE root=141 depth=28 w=4.8113745574e+38 Shat=5.8672000000e+01 Lhat=0.0000000000e+00
KNUTH_SUBTREE root=142 depth=28 w=1.2020337626e+38 Shat=1.1000000000e+01 Lhat=0.0000000000e+00
KNUTH_SUBTREE root=143 depth=28 w=5.7180835743e+37 Shat=3.0000000000e+00 Lhat=0.0000000000e+00
KNUTH_SUBTREE root=144 depth=28 w=3.8071958094e+38 Shat=1.1371400000e+02 Lhat=0.0000000000e+00
KNUTH_SUBTREE root=145 depth=28 w=3.7204767292e+38 Shat=4.4928000000e+01 Lhat=0.0000000000e+00
KNUTH_SUBTREE root=146 depth=28 w=7.5004656963e+38 Shat=3.0000000000e+00 Lhat=0.0000000000e+00
KNUTH_SUBTREE root=147 depth=28 w=4.4786485398e+38 Shat=4.5088000000e+01 Lhat=0.0000000000e+00
KNUTH_SUBTREE root=148 depth=28 w=9.0165325685e+37 Shat=1.0000000000e+00 Lhat=0.0000000000e+00
KNUTH_SUBTREE root=149 depth=28 w=2.4119192905e+38 Shat=7.0000000000e+00 Lhat=0.0000000000e+00
KNUTH_SUBTREE root=150 depth=28 w=1.6367185443e+39 Shat=4.7902000000e+01 Lhat=0.0000000000e+00
KNUTH_SUBTREE root=151 depth=28 w=1.2613661541e+39 Shat=1.0000000000e+00 Lhat=0.0000000000e+00
KNUTH_SUBTREE root=152 depth=28 w=1.9206935941e+38 Shat=1.0000000000e+01 Lhat=0.0000000000e+00
KNUTH_SUBTREE root=153 depth=28 w=1.5773513470e+39 Shat=4.5466000000e+01 Lhat=0.0000000000e+00
KNUTH_SUBTREE root=154 depth=28 w=2.2726501917e+38 Shat=3.0000000000e+00 Lhat=0.0000000000e+00
KNUTH_SUBTREE root=155 depth=28 w=6.2024814496e+36 Shat=1.0000000000e+00 Lhat=0.0000000000e+00
KNUTH_SUBTREE root=156 depth=28 w=6.9841255824e+38 Shat=5.1000000000e+00 Lhat=0.0000000000e+00
KNUTH_SUBTREE root=157 depth=28 w=8.9815856445e+37 Shat=3.0000000000e+00 Lhat=0.0000000000e+00
KNUTH_SUBTREE root=158 depth=28 w=5.3896639367e+38 Shat=1.8984000000e+01 Lhat=0.0000000000e+00
KNUTH_SUBTREE root=159 depth=28 w=1.4364880966e+39 Shat=6.0000000000e+00 Lhat=0.0000000000e+00
KNUTH_SUBTREE root=160 depth=28 w=2.9594153888e+39 Shat=5.0000000000e+00 Lhat=0.0000000000e+00
KNUTH_SUBTREE root=161 depth=28 w=5.5519201482e+38 Shat=5.7288000000e+01 Lhat=0.0000000000e+00
KNUTH_SUBTREE root=162 depth=28 w=1.3673144771e+39 Shat=2.4952000000e+01 Lhat=0.0000000000e+00
KNUTH_SUBTREE root=163 depth=28 w=9.2067226240e+38 Shat=9.0160000000e+00 Lhat=0.0000000000e+00
KNUTH_SUBTREE root=164 depth=28 w=3.5085376738e+38 Shat=2.7795000000e+01 Lhat=0.0000000000e+00
KNUTH_SUBTREE root=165 depth=28 w=3.0355158642e+38 Shat=1.5660400000e+02 Lhat=0.0000000000e+00
KNUTH_SUBTREE root=166 depth=28 w=4.1653265675e+38 Shat=6.6880000000e+01 Lhat=0.0000000000e+00
KNUTH_SUBTREE root=167 depth=28 w=2.3105569737e+38 Shat=2.1410000000e+01 Lhat=0.0000000000e+00
KNUTH_SUBTREE root=168 depth=28 w=1.1224263945e+38 Shat=3.0000000000e+00 Lhat=0.0000000000e+00
KNUTH_SUBTREE root=169 depth=28 w=4.5823805936e+36 Shat=3.0000000000e+00 Lhat=0.0000000000e+00
KNUTH_SUBTREE root=170 depth=28 w=2.7011969040e+39 Shat=3.9376000000e+01 Lhat=0.0000000000e+00
KNUTH_SUBTREE root=171 depth=28 w=9.8864633433e+37 Shat=2.0000000000e+00 Lhat=0.0000000000e+00
KNUTH_SUBTREE root=172 depth=28 w=5.4347080346e+38 Shat=2.9000000000e+01 Lhat=0.0000000000e+00
KNUTH_SUBTREE root=173 depth=28 w=8.2018096149e+38 Shat=5.0440000000e+01 Lhat=0.0000000000e+00
KNUTH_SUBTREE root=174 depth=28 w=4.4601055832e+36 Shat=1.0000000000e+00 Lhat=0.0000000000e+00
KNUTH_SUBTREE root=175 depth=28 w=5.8785650463e+37 Shat=3.0000000000e+00 Lhat=0.0000000000e+00
KNUTH_SUBTREE root=176 depth=28 w=3.7226899480e+38 Shat=5.0000000000e+00 Lhat=0.0000000000e+00
KNUTH_SUBTREE root=177 depth=28 w=1.2019291165e+38 Shat=1.0000000000e+00 Lhat=0.0000000000e+00
KNUTH_SUBTREE root=178 depth=28 w=3.3020006587e+39 Shat=4.5064000000e+01 Lhat=0.0000000000e+00
KNUTH_SUBTREE root=179 depth=28 w=1.0298208840e+39 Shat=6.4544000000e+01 Lhat=0.0000000000e+00
KNUTH_SUBTREE root=180 depth=28 w=2.6847770328e+39 Shat=4.8831000000e+01 Lhat=0.0000000000e+00
KNUTH_SUBTREE root=181 depth=28 w=8.5684102371e+38 Shat=5.0000000000e+00 Lhat=0.0000000000e+00
KNUTH_SUBTREE root=182 depth=28 w=3.5261947529e+38 Shat=2.0000000000e+00 Lhat=0.0000000000e+00
KNUTH_SUBTREE root=183 depth=28 w=1.1992886053e+39 Shat=7.7208000000e+01 Lhat=0.0000000000e+00
KNUTH_SUBTREE root=184 depth=28 w=1.9155144216e+39 Shat=1.6900000000e+01 Lhat=0.0000000000e+00
KNUTH_SUBTREE root=185 depth=28 w=6.8662526122e+37 Shat=6.1120000000e+00 Lhat=0.0000000000e+00
KNUTH_SUBTREE root=186 depth=28 w=1.2030167800e+37 Shat=8.5152000000e+01 Lhat=0.0000000000e+00
KNUTH_SUBTREE root=187 depth=28 w=5.6700337012e+38 Shat=8.9728000000e+01 Lhat=0.0000000000e+00
KNUTH_SUBTREE root=188 depth=28 w=1.3315062472e+39 Shat=3.0000000000e+00 Lhat=0.0000000000e+00
KNUTH_SUBTREE root=189 depth=28 w=0 Shat=0 Lhat=0 dead=1
KNUTH_SUBTREE root=190 depth=28 w=5.4807867934e+38 Shat=5.7585000000e+01 Lhat=0.0000000000e+00
KNUTH_SUBTREE root=191 depth=28 w=2.2304287394e+37 Shat=3.0000000000e+00 Lhat=0.0000000000e+00
KNUTH_SUBTREE root=192 depth=28 w=4.9402544559e+38 Shat=8.0440000000e+00 Lhat=0.0000000000e+00
KNUTH_SUBTREE root=193 depth=28 w=3.0196915970e+38 Shat=1.2752000000e+01 Lhat=0.0000000000e+00
KNUTH_SUBTREE root=194 depth=28 w=9.7551154890e+38 Shat=1.1162100000e+02 Lhat=0.0000000000e+00
KNUTH_SUBTREE root=195 depth=28 w=1.4359495402e+39 Shat=2.1480000000e+01 Lhat=0.0000000000e+00
KNUTH_SUBTREE root=196 depth=28 w=1.7414385847e+39 Shat=9.1725000000e+01 Lhat=0.0000000000e+00
KNUTH_SUBTREE root=197 depth=28 w=1.5961769704e+38 Shat=8.0260000000e+00 Lhat=0.0000000000e+00
KNUTH_SUBTREE root=198 depth=28 w=2.2888484031e+38 Shat=1.1983000000e+01 Lhat=0.0000000000e+00
KNUTH_SUBTREE root=199 depth=28 w=1.2743083836e+39 Shat=4.0000000000e+00 Lhat=0.0000000000e+00
KNUTH_SUBTREE root=200 depth=28 w=3.9783034133e+38 Shat=1.0000000000e+00 Lhat=0.0000000000e+00
KNUTH_SUBTREE root=201 depth=28 w=2.0485133040e+38 Shat=4.8446000000e+01 Lhat=0.0000000000e+00
KNUTH_SUBTREE root=202 depth=28 w=6.2051691203e+38 Shat=3.3776000000e+01 Lhat=4.0480000000e+00
KNUTH_SUBTREE root=203 depth=28 w=1.6091028115e+38 Shat=1.0000000000e+00 Lhat=0.0000000000e+00
KNUTH_SUBTREE root=204 depth=28 w=4.0486736404e+37 Shat=1.0000000000e+00 Lhat=0.0000000000e+00
KNUTH_SUBTREE root=205 depth=28 w=4.1363505067e+38 Shat=2.9230000000e+01 Lhat=0.0000000000e+00
KNUTH_SUBTREE root=206 depth=28 w=2.2469715416e+38 Shat=2.0000000000e+00 Lhat=0.0000000000e+00
KNUTH_SUBTREE root=207 depth=28 w=3.4659442796e+39 Shat=1.8110000000e+01 Lhat=0.0000000000e+00
KNUTH_SUBTREE root=208 depth=28 w=3.8742882575e+38 Shat=6.7072000000e+01 Lhat=0.0000000000e+00
KNUTH_SUBTREE root=209 depth=28 w=4.0734276231e+37 Shat=1.4960000000e+01 Lhat=0.0000000000e+00
KNUTH_SUBTREE root=210 depth=28 w=2.0015722177e+38 Shat=5.4100000000e+01 Lhat=0.0000000000e+00
KNUTH_SUBTREE root=211 depth=28 w=0 Shat=0 Lhat=0 dead=1
KNUTH_SUBTREE root=212 depth=28 w=8.6041497330e+36 Shat=3.0000000000e+00 Lhat=0.0000000000e+00
KNUTH_SUBTREE root=213 depth=28 w=1.6369610579e+38 Shat=4.0000000000e+00 Lhat=0.0000000000e+00
KNUTH_SUBTREE root=214 depth=28 w=2.8977783196e+39 Shat=6.8312000000e+01 Lhat=0.0000000000e+00
KNUTH_SUBTREE root=215 depth=28 w=4.9106466294e+38 Shat=1.3000000000e+01 Lhat=0.0000000000e+00
KNUTH_SUBTREE root=216 depth=28 w=4.9690807539e+36 Shat=2.0000000000e+00 Lhat=0.0000000000e+00
KNUTH_SUBTREE root=217 depth=28 w=2.0021192454e+38 Shat=5.0000000000e+00 Lhat=0.0000000000e+00
KNUTH_SUBTREE root=218 depth=28 w=1.2892748335e+38 Shat=1.2025000000e+01 Lhat=0.0000000000e+00
KNUTH_SUBTREE root=219 depth=28 w=2.3531668103e+37 Shat=1.0000000000e+00 Lhat=0.0000000000e+00
KNUTH_SUBTREE root=220 depth=28 w=1.6685828087e+39 Shat=2.0000000000e+00 Lhat=0.0000000000e+00
KNUTH_SUBTREE root=221 depth=28 w=2.1409414072e+38 Shat=3.0000000000e+00 Lhat=0.0000000000e+00
KNUTH_SUBTREE root=222 depth=28 w=4.8474948724e+38 Shat=2.2159000000e+01 Lhat=0.0000000000e+00
KNUTH_SUBTREE root=223 depth=28 w=1.1748867438e+38 Shat=3.0000000000e+00 Lhat=0.0000000000e+00
KNUTH_SUBTREE root=224 depth=28 w=1.1074372076e+38 Shat=2.0000000000e+00 Lhat=0.0000000000e+00
KNUTH_SUBTREE root=225 depth=28 w=8.3498683550e+38 Shat=1.8864000000e+01 Lhat=0.0000000000e+00
KNUTH_SUBTREE root=226 depth=28 w=1.0829075059e+38 Shat=2.4800000000e+01 Lhat=0.0000000000e+00
KNUTH_SUBTREE root=227 depth=28 w=5.9832332946e+38 Shat=3.0000000000e+00 Lhat=0.0000000000e+00
KNUTH_SUBTREE root=228 depth=28 w=1.3190012896e+38 Shat=1.0000000000e+00 Lhat=0.0000000000e+00
KNUTH_SUBTREE root=229 depth=28 w=4.0899236493e+37 Shat=1.0000000000e+00 Lhat=0.0000000000e+00
KNUTH_SUBTREE root=230 depth=28 w=8.7373388704e+36 Shat=3.0000000000e+00 Lhat=0.0000000000e+00
KNUTH_SUBTREE root=231 depth=28 w=1.4035946657e+37 Shat=1.0000000000e+00 Lhat=0.0000000000e+00
KNUTH_SUBTREE root=232 depth=28 w=5.4791130022e+38 Shat=5.4102000000e+01 Lhat=0.0000000000e+00
KNUTH_SUBTREE root=233 depth=28 w=1.3731081027e+39 Shat=7.0000000000e+00 Lhat=0.0000000000e+00
KNUTH_SUBTREE root=234 depth=28 w=8.0671218367e+37 Shat=3.0000000000e+00 Lhat=0.0000000000e+00
KNUTH_SUBTREE root=235 depth=28 w=2.0914249742e+38 Shat=1.0000000000e+00 Lhat=0.0000000000e+00
KNUTH_SUBTREE root=236 depth=28 w=0 Shat=0 Lhat=0 dead=1
KNUTH_SUBTREE root=237 depth=28 w=1.9160588379e+39 Shat=1.9640000000e+01 Lhat=0.0000000000e+00
KNUTH_SUBTREE root=238 depth=28 w=1.6101270758e+38 Shat=5.5288000000e+01 Lhat=0.0000000000e+00
KNUTH_SUBTREE root=239 depth=28 w=3.3978476418e+37 Shat=5.0000000000e+00 Lhat=0.0000000000e+00
KNUTH_SUBTREE root=240 depth=28 w=4.0137773220e+38 Shat=2.6102000000e+01 Lhat=0.0000000000e+00
KNUTH_SUBTREE root=241 depth=28 w=1.4551822063e+37 Shat=1.0000000000e+00 Lhat=0.0000000000e+00
KNUTH_SUBTREE root=242 depth=28 w=2.9501624335e+38 Shat=5.0000000000e+00 Lhat=0.0000000000e+00
KNUTH_SUBTREE root=243 depth=28 w=7.1145855948e+38 Shat=2.1970000000e+01 Lhat=0.0000000000e+00
KNUTH_SUBTREE root=244 depth=28 w=5.2889325426e+38 Shat=9.0000000000e+00 Lhat=0.0000000000e+00
KNUTH_SUBTREE root=245 depth=28 w=1.2885771727e+38 Shat=5.2856000000e+01 Lhat=0.0000000000e+00
KNUTH_SUBTREE root=246 depth=28 w=2.6968324828e+38 Shat=4.0000000000e+00 Lhat=0.0000000000e+00
KNUTH_SUBTREE root=247 depth=28 w=1.8768264869e+38 Shat=3.1248000000e+01 Lhat=0.0000000000e+00
KNUTH_SUBTREE root=248 depth=28 w=5.3963767085e+38 Shat=5.8012000000e+01 Lhat=8.6040000000e+00
KNUTH_SUBTREE root=249 depth=28 w=6.0104331888e+37 Shat=1.0000000000e+00 Lhat=0.0000000000e+00
KNUTH_SUBTREE root=250 depth=28 w=4.5207928266e+38 Shat=9.9400000000e+00 Lhat=0.0000000000e+00
KNUTH_SUBTREE root=251 depth=28 w=1.9024098455e+39 Shat=5.0000000000e+00 Lhat=0.0000000000e+00
KNUTH_SUBTREE root=252 depth=28 w=9.7919045922e+38 Shat=3.5560000000e+01 Lhat=0.0000000000e+00
KNUTH_SUBTREE root=253 depth=28 w=2.6501700256e+38 Shat=2.0000000000e+00 Lhat=0.0000000000e+00
KNUTH_SUBTREE root=254 depth=28 w=3.2310397670e+38 Shat=3.5770000000e+01 Lhat=0.0000000000e+00
KNUTH_SUBTREE root=255 depth=28 w=2.1568797101e+37 Shat=5.0000000000e+00 Lhat=0.0000000000e+00
KNUTH_SUBTREE root=256 depth=28 w=2.8943744876e+38 Shat=3.2720000000e+01 Lhat=0.0000000000e+00
KNUTH_SUBTREE root=257 depth=28 w=8.0896438311e+38 Shat=6.0730000000e+00 Lhat=0.0000000000e+00
KNUTH_SUBTREE root=258 depth=28 w=5.3807764648e+38 Shat=2.7106000000e+01 Lhat=0.0000000000e+00
KNUTH_SUBTREE root=259 depth=28 w=1.9456543449e+39 Shat=2.9959000000e+01 Lhat=0.0000000000e+00
KNUTH_SUBTREE root=260 depth=28 w=5.4372512129e+37 Shat=3.0000000000e+00 Lhat=0.0000000000e+00
KNUTH_SUBTREE root=261 depth=28 w=1.7059873844e+38 Shat=3.0000000000e+00 Lhat=0.0000000000e+00
KNUTH_SUBTREE root=262 depth=28 w=2.1232345050e+38 Shat=1.2128800000e+02 Lhat=0.0000000000e+00
KNUTH_SUBTREE root=263 depth=28 w=1.9162134058e+38 Shat=1.8598000000e+01 Lhat=0.0000000000e+00
KNUTH_SUBTREE root=264 depth=28 w=8.6835602876e+36 Shat=7.0000000000e+00 Lhat=0.0000000000e+00
KNUTH_SUBTREE root=265 depth=28 w=3.5951645469e+38 Shat=5.0000000000e+00 Lhat=0.0000000000e+00
KNUTH_SUBTREE root=266 depth=28 w=1.4232606445e+38 Shat=7.0000000000e+00 Lhat=0.0000000000e+00
KNUTH_SUBTREE root=267 depth=28 w=9.8138180370e+37 Shat=5.0000000000e+00 Lhat=0.0000000000e+00
KNUTH_SUBTREE root=268 depth=28 w=2.9114329942e+37 Shat=2.0000000000e+00 Lhat=0.0000000000e+00
KNUTH_SUBTREE root=269 depth=28 w=1.3779544011e+39 Shat=5.0000000000e+00 Lhat=0.0000000000e+00
KNUTH_SUBTREE root=270 depth=28 w=2.3321672664e+38 Shat=3.0000000000e+00 Lhat=0.0000000000e+00
KNUTH_SUBTREE root=271 depth=28 w=1.3626514395e+39 Shat=2.0030000000e+01 Lhat=0.0000000000e+00
KNUTH_SUBTREE root=272 depth=28 w=1.0176201173e+39 Shat=4.0000000000e+00 Lhat=0.0000000000e+00
KNUTH_SUBTREE root=273 depth=28 w=0 Shat=0 Lhat=0 dead=1
KNUTH_SUBTREE root=274 depth=28 w=4.5364181003e+37 Shat=4.0000000000e+00 Lhat=0.0000000000e+00
KNUTH_SUBTREE root=275 depth=28 w=3.0521220335e+38 Shat=6.2628000000e+01 Lhat=0.0000000000e+00
KNUTH_SUBTREE root=276 depth=28 w=6.1341311053e+37 Shat=1.0000000000e+00 Lhat=0.0000000000e+00
KNUTH_SUBTREE root=277 depth=28 w=1.6071490731e+39 Shat=2.0000000000e+00 Lhat=0.0000000000e+00
KNUTH_SUBTREE root=278 depth=28 w=6.7199024340e+35 Shat=1.0000000000e+00 Lhat=0.0000000000e+00
KNUTH_SUBTREE root=279 depth=28 w=5.7497621561e+36 Shat=2.0000000000e+00 Lhat=0.0000000000e+00
KNUTH_SUBTREE root=280 depth=28 w=4.3541616146e+38 Shat=9.1433000000e+01 Lhat=0.0000000000e+00
KNUTH_SUBTREE root=281 depth=28 w=9.3195663567e+38 Shat=3.0000000000e+00 Lhat=0.0000000000e+00
KNUTH_SUBTREE root=282 depth=28 w=4.3135876520e+38 Shat=5.0000000000e+00 Lhat=0.0000000000e+00
KNUTH_SUBTREE root=283 depth=28 w=2.1306438525e+39 Shat=3.7372000000e+01 Lhat=0.0000000000e+00
KNUTH_SUBTREE root=284 depth=28 w=8.2291563482e+38 Shat=8.4772000000e+01 Lhat=0.0000000000e+00
KNUTH_SUBTREE root=285 depth=28 w=3.0875594130e+38 Shat=2.2580000000e+01 Lhat=0.0000000000e+00
KNUTH_SUBTREE root=286 depth=28 w=1.1255067574e+39 Shat=1.7700000000e+01 Lhat=0.0000000000e+00
KNUTH_SUBTREE root=287 depth=28 w=5.9495725247e+37 Shat=1.0000000000e+00 Lhat=0.0000000000e+00
KNUTH_SUBTREE root=288 depth=28 w=4.3402135233e+38 Shat=3.0000000000e+00 Lhat=0.0000000000e+00
KNUTH_SUBTREE root=289 depth=28 w=7.6076147363e+38 Shat=3.0000000000e+00 Lhat=0.0000000000e+00
KNUTH_SUBTREE root=290 depth=28 w=2.9385923681e+39 Shat=5.5056000000e+01 Lhat=0.0000000000e+00
KNUTH_SUBTREE root=291 depth=28 w=2.1531000428e+38 Shat=8.1520000000e+00 Lhat=0.0000000000e+00
KNUTH_SUBTREE root=292 depth=28 w=3.5142070275e+38 Shat=2.2996000000e+01 Lhat=0.0000000000e+00
KNUTH_SUBTREE root=293 depth=28 w=7.7044316101e+36 Shat=1.0000000000e+00 Lhat=0.0000000000e+00
KNUTH_SUBTREE root=294 depth=28 w=1.9012527143e+38 Shat=9.0000000000e+00 Lhat=0.0000000000e+00
KNUTH_SUBTREE root=295 depth=28 w=4.5958664683e+38 Shat=4.0000000000e+01 Lhat=0.0000000000e+00
KNUTH_SUBTREE root=296 depth=28 w=2.7372281438e+39 Shat=1.4874400000e+02 Lhat=0.0000000000e+00
KNUTH_SUBTREE root=297 depth=28 w=1.4917707647e+39 Shat=1.0000000000e+00 Lhat=0.0000000000e+00
KNUTH_SUBTREE root=298 depth=28 w=5.3333388547e+38 Shat=5.2086000000e+01 Lhat=0.0000000000e+00
KNUTH_SUBTREE root=299 depth=28 w=3.6189815120e+38 Shat=2.4737000000e+01 Lhat=0.0000000000e+00
KNUTH_SUBTREE root=300 depth=28 w=4.3097267645e+38 Shat=7.0640000000e+00 Lhat=0.0000000000e+00
KNUTH_SUBTREE root=301 depth=28 w=2.9776226347e+38 Shat=6.3640000000e+01 Lhat=0.0000000000e+00
KNUTH_SUBTREE root=302 depth=28 w=0 Shat=0 Lhat=0 dead=1
KNUTH_SUBTREE root=303 depth=28 w=3.2122713889e+38 Shat=5.9821000000e+01 Lhat=0.0000000000e+00
KNUTH_SUBTREE root=304 depth=28 w=6.7012753307e+38 Shat=1.0000000000e+00 Lhat=0.0000000000e+00
KNUTH_SUBTREE root=305 depth=28 w=1.4798794103e+39 Shat=1.5317600000e+02 Lhat=0.0000000000e+00
KNUTH_SUBTREE root=306 depth=28 w=1.9666593273e+39 Shat=4.9480000000e+01 Lhat=0.0000000000e+00
KNUTH_SUBTREE root=307 depth=28 w=6.2864386407e+38 Shat=1.0000000000e+00 Lhat=0.0000000000e+00
KNUTH_SUBTREE root=308 depth=28 w=8.6078460435e+37 Shat=7.0000000000e+00 Lhat=0.0000000000e+00
KNUTH_SUBTREE root=309 depth=28 w=2.1917544907e+39 Shat=2.0000000000e+00 Lhat=0.0000000000e+00
KNUTH_SUBTREE root=310 depth=28 w=1.0812641697e+39 Shat=5.3860000000e+01 Lhat=0.0000000000e+00
KNUTH_SUBTREE root=311 depth=28 w=3.4235160528e+38 Shat=1.2952000000e+01 Lhat=0.0000000000e+00
KNUTH_SUBTREE root=312 depth=28 w=2.7091050102e+38 Shat=7.3528000000e+01 Lhat=0.0000000000e+00
KNUTH_SUBTREE root=313 depth=28 w=1.1106352121e+39 Shat=1.3000000000e+01 Lhat=0.0000000000e+00
KNUTH_SUBTREE root=314 depth=28 w=0 Shat=0 Lhat=0 dead=1
KNUTH_SUBTREE root=315 depth=28 w=9.7738362762e+37 Shat=3.0000000000e+00 Lhat=0.0000000000e+00
KNUTH_SUBTREE root=316 depth=28 w=4.6435780691e+38 Shat=7.0000000000e+00 Lhat=0.0000000000e+00
KNUTH_SUBTREE root=317 depth=28 w=2.6096718438e+38 Shat=5.2702000000e+01 Lhat=0.0000000000e+00
KNUTH_SUBTREE root=318 depth=28 w=7.6776918148e+38 Shat=1.3000000000e+01 Lhat=0.0000000000e+00
KNUTH_SUBTREE root=319 depth=28 w=4.3883537642e+38 Shat=6.3544000000e+01 Lhat=0.0000000000e+00
KNUTH_SUBTREE root=320 depth=28 w=2.3544618720e+38 Shat=1.6864000000e+01 Lhat=0.0000000000e+00
KNUTH_SUBTREE root=321 depth=28 w=8.9279856154e+37 Shat=2.0000000000e+00 Lhat=0.0000000000e+00
KNUTH_SUBTREE root=322 depth=28 w=1.7751615478e+38 Shat=1.0000000000e+00 Lhat=0.0000000000e+00
KNUTH_SUBTREE root=323 depth=28 w=2.3159498030e+38 Shat=4.0000000000e+00 Lhat=0.0000000000e+00
KNUTH_SUBTREE root=324 depth=28 w=1.9314130131e+39 Shat=4.0000000000e+00 Lhat=0.0000000000e+00
KNUTH_SUBTREE root=325 depth=28 w=4.0645918193e+38 Shat=2.9195000000e+01 Lhat=0.0000000000e+00
KNUTH_SUBTREE root=326 depth=28 w=0 Shat=0 Lhat=0 dead=1
KNUTH_SUBTREE root=327 depth=28 w=2.3721581262e+39 Shat=1.4412000000e+02 Lhat=0.0000000000e+00
KNUTH_SUBTREE root=328 depth=28 w=2.4918400591e+39 Shat=7.0696000000e+01 Lhat=0.0000000000e+00
KNUTH_SUBTREE root=329 depth=28 w=1.1763333244e+37 Shat=2.0000000000e+00 Lhat=0.0000000000e+00
KNUTH_SUBTREE root=330 depth=28 w=5.3854971791e+36 Shat=2.0000000000e+00 Lhat=0.0000000000e+00
KNUTH_SUBTREE root=331 depth=28 w=1.2226960636e+38 Shat=2.0000000000e+00 Lhat=0.0000000000e+00
KNUTH_SUBTREE root=332 depth=28 w=2.4736326950e+39 Shat=6.1186000000e+01 Lhat=0.0000000000e+00
KNUTH_SUBTREE root=333 depth=28 w=4.2919311234e+38 Shat=1.2994000000e+01 Lhat=0.0000000000e+00
KNUTH_SUBTREE root=334 depth=28 w=2.3341493679e+39 Shat=1.2037000000e+01 Lhat=0.0000000000e+00
KNUTH_SUBTREE root=335 depth=28 w=3.5321641968e+38 Shat=1.3000000000e+01 Lhat=0.0000000000e+00
KNUTH_SUBTREE root=336 depth=28 w=1.3312509047e+39 Shat=1.2064000000e+01 Lhat=0.0000000000e+00
KNUTH_SUBTREE root=337 depth=28 w=1.2974047386e+38 Shat=4.8656000000e+01 Lhat=0.0000000000e+00
KNUTH_SUBTREE root=338 depth=28 w=7.3464844803e+38 Shat=3.0000000000e+00 Lhat=0.0000000000e+00
KNUTH_SUBTREE root=339 depth=28 w=2.7693803863e+39 Shat=2.6388000000e+01 Lhat=0.0000000000e+00
KNUTH_SUBTREE root=340 depth=28 w=1.6175804208e+38 Shat=7.7896000000e+01 Lhat=0.0000000000e+00
KNUTH_SUBTREE root=341 depth=28 w=0 Shat=0 Lhat=0 dead=1
KNUTH_SUBTREE root=342 depth=28 w=1.5188996620e+39 Shat=7.0000000000e+00 Lhat=0.0000000000e+00
KNUTH_SUBTREE root=343 depth=28 w=9.9986889170e+38 Shat=3.0000000000e+00 Lhat=0.0000000000e+00
KNUTH_SUBTREE root=344 depth=28 w=2.1929385435e+38 Shat=1.0000000000e+00 Lhat=0.0000000000e+00
KNUTH_SUBTREE root=345 depth=28 w=1.6819889631e+36 Shat=7.0000000000e+00 Lhat=0.0000000000e+00
KNUTH_SUBTREE root=346 depth=28 w=1.6359147614e+39 Shat=9.8846000000e+01 Lhat=0.0000000000e+00
KNUTH_SUBTREE root=347 depth=28 w=4.1167476181e+37 Shat=5.9600000000e+00 Lhat=0.0000000000e+00
KNUTH_SUBTREE root=348 depth=28 w=2.6362033969e+38 Shat=7.0000000000e+00 Lhat=0.0000000000e+00
KNUTH_SUBTREE root=349 depth=28 w=5.4739223499e+37 Shat=7.9680000000e+00 Lhat=0.0000000000e+00
KNUTH_SUBTREE root=350 depth=28 w=6.4193436259e+38 Shat=1.8046000000e+01 Lhat=0.0000000000e+00
KNUTH_SUBTREE root=351 depth=28 w=2.0473564207e+39 Shat=3.0000000000e+00 Lhat=0.0000000000e+00
KNUTH_SUBTREE root=352 depth=28 w=0 Shat=0 Lhat=0 dead=1
KNUTH_SUBTREE root=353 depth=28 w=9.7090760621e+36 Shat=3.0000000000e+00 Lhat=0.0000000000e+00
KNUTH_SUBTREE root=354 depth=28 w=1.9802248748e+37 Shat=7.0000000000e+00 Lhat=0.0000000000e+00
KNUTH_SUBTREE root=355 depth=28 w=5.3220000081e+38 Shat=2.5672000000e+01 Lhat=0.0000000000e+00
KNUTH_SUBTREE root=356 depth=28 w=9.2278584347e+34 Shat=3.0000000000e+00 Lhat=0.0000000000e+00
KNUTH_SUBTREE root=357 depth=28 w=4.7112125963e+38 Shat=3.6152000000e+01 Lhat=0.0000000000e+00
KNUTH_SUBTREE root=358 depth=28 w=5.0463987907e+38 Shat=8.0730000000e+01 Lhat=0.0000000000e+00
KNUTH_SUBTREE root=359 depth=28 w=1.0337884547e+39 Shat=3.8176000000e+01 Lhat=0.0000000000e+00
KNUTH_SUBTREE root=360 depth=28 w=1.0960121321e+39 Shat=3.0000000000e+00 Lhat=0.0000000000e+00
KNUTH_SUBTREE root=361 depth=28 w=1.3756412818e+37 Shat=1.0000000000e+00 Lhat=0.0000000000e+00
KNUTH_SUBTREE root=362 depth=28 w=1.2107762960e+38 Shat=6.5436000000e+01 Lhat=0.0000000000e+00
KNUTH_SUBTREE root=363 depth=28 w=3.2463343299e+38 Shat=3.0000000000e+00 Lhat=0.0000000000e+00
KNUTH_SUBTREE root=364 depth=28 w=2.4980733922e+39 Shat=1.3030000000e+01 Lhat=0.0000000000e+00
KNUTH_SUBTREE root=365 depth=28 w=0 Shat=0 Lhat=0 dead=1
KNUTH_SUBTREE root=366 depth=28 w=1.3431176900e+38 Shat=1.0000000000e+00 Lhat=0.0000000000e+00
KNUTH_SUBTREE root=367 depth=28 w=2.7992031276e+38 Shat=6.7620000000e+01 Lhat=0.0000000000e+00
KNUTH_SUBTREE root=368 depth=28 w=1.6244023087e+36 Shat=1.0000000000e+00 Lhat=0.0000000000e+00
KNUTH_SUBTREE root=369 depth=28 w=0 Shat=0 Lhat=0 dead=1
KNUTH_SUBTREE root=370 depth=28 w=3.7411565830e+38 Shat=4.0000000000e+00 Lhat=0.0000000000e+00
KNUTH_SUBTREE root=371 depth=28 w=1.6920569785e+38 Shat=1.0000000000e+00 Lhat=0.0000000000e+00
KNUTH_SUBTREE root=372 depth=28 w=1.8441393835e+38 Shat=2.0523000000e+01 Lhat=0.0000000000e+00
KNUTH_SUBTREE root=373 depth=28 w=9.1354201800e+38 Shat=7.0960000000e+01 Lhat=0.0000000000e+00
KNUTH_SUBTREE root=374 depth=28 w=4.3988939014e+38 Shat=2.3116000000e+01 Lhat=0.0000000000e+00
KNUTH_SUBTREE root=375 depth=28 w=1.4420198559e+39 Shat=9.5731000000e+01 Lhat=0.0000000000e+00
KNUTH_SUBTREE root=376 depth=28 w=7.3183350882e+37 Shat=1.0000000000e+00 Lhat=0.0000000000e+00
KNUTH_SUBTREE root=377 depth=28 w=1.4446240146e+39 Shat=2.0000000000e+00 Lhat=0.0000000000e+00
KNUTH_SUBTREE root=378 depth=28 w=2.5020475257e+37 Shat=3.0000000000e+00 Lhat=0.0000000000e+00
KNUTH_SUBTREE root=379 depth=28 w=1.9480331780e+39 Shat=1.3090000000e+01 Lhat=0.0000000000e+00
KNUTH_SUBTREE root=380 depth=28 w=8.6430343545e+38 Shat=5.9808000000e+01 Lhat=0.0000000000e+00
KNUTH_SUBTREE root=381 depth=28 w=4.9551691050e+38 Shat=1.1976000000e+01 Lhat=0.0000000000e+00
KNUTH_SUBTREE root=382 depth=28 w=1.2110069750e+39 Shat=1.8272000000e+01 Lhat=0.0000000000e+00
KNUTH_SUBTREE root=383 depth=28 w=2.5390137523e+37 Shat=3.0000000000e+00 Lhat=0.0000000000e+00
KNUTH_SUBTREE root=384 depth=28 w=6.6939705558e+36 Shat=2.0000000000e+00 Lhat=0.0000000000e+00
KNUTH_SUBTREE root=385 depth=28 w=9.8076266578e+38 Shat=1.1031900000e+02 Lhat=0.0000000000e+00
KNUTH_SUBTREE root=386 depth=28 w=1.8037407067e+39 Shat=5.0000000000e+00 Lhat=0.0000000000e+00
KNUTH_SUBTREE root=387 depth=28 w=1.5430157980e+38 Shat=3.2644000000e+01 Lhat=0.0000000000e+00
KNUTH_SUBTREE root=388 depth=28 w=2.2406005284e+38 Shat=1.1189200000e+02 Lhat=0.0000000000e+00
KNUTH_SUBTREE root=389 depth=28 w=0 Shat=0 Lhat=0 dead=1
KNUTH_SUBTREE root=390 depth=28 w=3.3463642118e+38 Shat=5.0000000000e+00 Lhat=0.0000000000e+00
KNUTH_SUBTREE root=391 depth=28 w=4.9727804535e+37 Shat=3.0000000000e+00 Lhat=0.0000000000e+00
KNUTH_SUBTREE root=392 depth=28 w=8.3393265033e+38 Shat=9.0000000000e+00 Lhat=0.0000000000e+00
KNUTH_SUBTREE root=393 depth=28 w=8.5742646001e+38 Shat=9.0768000000e+01 Lhat=0.0000000000e+00
KNUTH_SUBTREE root=394 depth=28 w=3.5090699416e+38 Shat=7.0335000000e+01 Lhat=0.0000000000e+00
KNUTH_SUBTREE root=395 depth=28 w=9.0686516738e+37 Shat=3.0000000000e+00 Lhat=0.0000000000e+00
KNUTH_SUBTREE root=396 depth=28 w=3.8083264223e+38 Shat=2.0000000000e+00 Lhat=0.0000000000e+00
KNUTH_SUBTREE root=397 depth=28 w=4.6554778832e+38 Shat=5.3320000000e+01 Lhat=0.0000000000e+00
KNUTH_SUBTREE root=398 depth=28 w=8.5566551476e+36 Shat=1.0000000000e+00 Lhat=0.0000000000e+00
KNUTH_SUBTREE root=399 depth=28 w=5.8765527422e+38 Shat=5.5960000000e+01 Lhat=0.0000000000e+00
KNUTH_SUBTREE root=400 depth=28 w=6.6331119498e+38 Shat=2.0000000000e+00 Lhat=0.0000000000e+00
KNUTH_SUBTREE root=401 depth=28 w=1.6773954391e+37 Shat=1.0000000000e+00 Lhat=0.0000000000e+00
KNUTH_SUBTREE root=402 depth=28 w=6.9545197554e+38 Shat=4.0000000000e+00 Lhat=0.0000000000e+00
KNUTH_SUBTREE root=403 depth=28 w=0 Shat=0 Lhat=0 dead=1
KNUTH_SUBTREE root=404 depth=28 w=8.7785690914e+38 Shat=1.3056000000e+01 Lhat=0.0000000000e+00
KNUTH_SUBTREE root=405 depth=28 w=2.7005917135e+38 Shat=1.0000000000e+00 Lhat=0.0000000000e+00
KNUTH_SUBTREE root=406 depth=28 w=9.3609493074e+38 Shat=6.2205000000e+01 Lhat=0.0000000000e+00
KNUTH_SUBTREE root=407 depth=28 w=7.3871469616e+38 Shat=2.4760000000e+01 Lhat=0.0000000000e+00
KNUTH_SUBTREE root=408 depth=28 w=1.0745840713e+38 Shat=2.0000000000e+00 Lhat=0.0000000000e+00
KNUTH_SUBTREE root=409 depth=28 w=6.9997016022e+38 Shat=9.4926000000e+01 Lhat=0.0000000000e+00
KNUTH_SUBTREE root=410 depth=28 w=1.1551551889e+39 Shat=2.0698000000e+01 Lhat=0.0000000000e+00
KNUTH_SUBTREE root=411 depth=28 w=1.7899858018e+38 Shat=4.0000000000e+00 Lhat=0.0000000000e+00
KNUTH_SUBTREE root=412 depth=28 w=2.2454713396e+38 Shat=1.3000000000e+01 Lhat=0.0000000000e+00
KNUTH_SUBTREE root=413 depth=28 w=1.5573809935e+37 Shat=5.9086000000e+01 Lhat=0.0000000000e+00
KNUTH_SUBTREE root=414 depth=28 w=2.2474359463e+39 Shat=4.3024000000e+01 Lhat=0.0000000000e+00
KNUTH_SUBTREE root=415 depth=28 w=3.9869716623e+38 Shat=8.3380000000e+01 Lhat=0.0000000000e+00
KNUTH_SUBTREE root=416 depth=28 w=0 Shat=0 Lhat=0 dead=1
KNUTH_SUBTREE root=417 depth=28 w=7.9808684640e+37 Shat=1.0000000000e+00 Lhat=0.0000000000e+00
KNUTH_SUBTREE root=418 depth=28 w=1.7843707183e+39 Shat=4.2178000000e+01 Lhat=0.0000000000e+00
KNUTH_SUBTREE root=419 depth=28 w=4.7171948568e+37 Shat=1.0000000000e+00 Lhat=0.0000000000e+00
KNUTH_SUBTREE root=420 depth=28 w=1.7665147922e+39 Shat=1.0000000000e+01 Lhat=0.0000000000e+00
KNUTH_SUBTREE root=421 depth=28 w=4.6261207036e+38 Shat=4.5360000000e+01 Lhat=0.0000000000e+00
KNUTH_SUBTREE root=422 depth=28 w=1.6102486592e+38 Shat=1.0000000000e+01 Lhat=0.0000000000e+00
KNUTH_SUBTREE root=423 depth=28 w=2.4455711312e+39 Shat=6.7318000000e+01 Lhat=0.0000000000e+00
KNUTH_SUBTREE root=424 depth=28 w=0 Shat=0 Lhat=0 dead=1
KNUTH_SUBTREE root=425 depth=28 w=3.0045331889e+38 Shat=3.0000000000e+00 Lhat=0.0000000000e+00
KNUTH_SUBTREE root=426 depth=28 w=2.6726110143e+38 Shat=1.0000000000e+00 Lhat=0.0000000000e+00
KNUTH_SUBTREE root=427 depth=28 w=8.7185366970e+37 Shat=1.0000000000e+00 Lhat=0.0000000000e+00
KNUTH_SUBTREE root=428 depth=28 w=9.0045258599e+36 Shat=1.0000000000e+00 Lhat=0.0000000000e+00
KNUTH_SUBTREE root=429 depth=28 w=1.2719651853e+39 Shat=7.0000000000e+00 Lhat=0.0000000000e+00
KNUTH_SUBTREE root=430 depth=28 w=1.4250946622e+39 Shat=5.8780000000e+01 Lhat=0.0000000000e+00
KNUTH_SUBTREE root=431 depth=28 w=1.2521975390e+38 Shat=3.3100000000e+01 Lhat=0.0000000000e+00
KNUTH_SUBTREE root=432 depth=28 w=8.3336998730e+38 Shat=5.5698000000e+01 Lhat=0.0000000000e+00
KNUTH_SUBTREE root=433 depth=28 w=4.0336032625e+38 Shat=1.0000000000e+01 Lhat=0.0000000000e+00
KNUTH_SUBTREE root=434 depth=28 w=5.2598049496e+38 Shat=3.3176000000e+01 Lhat=0.0000000000e+00
KNUTH_SUBTREE root=435 depth=28 w=2.1231283215e+38 Shat=3.0000000000e+00 Lhat=0.0000000000e+00
KNUTH_SUBTREE root=436 depth=28 w=1.2041810228e+39 Shat=2.8568000000e+01 Lhat=0.0000000000e+00
KNUTH_SUBTREE root=437 depth=28 w=1.8072458381e+38 Shat=1.0000000000e+00 Lhat=0.0000000000e+00
KNUTH_SUBTREE root=438 depth=28 w=4.5188255877e+38 Shat=2.4248000000e+01 Lhat=0.0000000000e+00
KNUTH_SUBTREE root=439 depth=28 w=2.4184844035e+38 Shat=1.0000000000e+01 Lhat=0.0000000000e+00
KNUTH_SUBTREE root=440 depth=28 w=4.1131908208e+36 Shat=1.0000000000e+00 Lhat=0.0000000000e+00
KNUTH_SUBTREE root=441 depth=28 w=1.5987832631e+38 Shat=2.0000000000e+00 Lhat=0.0000000000e+00
KNUTH_SUBTREE root=442 depth=28 w=1.2908190610e+39 Shat=3.0000000000e+00 Lhat=0.0000000000e+00
KNUTH_SUBTREE root=443 depth=28 w=6.0942326091e+37 Shat=8.0920000000e+00 Lhat=0.0000000000e+00
KNUTH_SUBTREE root=444 depth=28 w=1.4647897693e+37 Shat=1.0000000000e+00 Lhat=0.0000000000e+00
KNUTH_SUBTREE root=445 depth=28 w=2.6284321823e+38 Shat=1.9960000000e+01 Lhat=0.0000000000e+00
KNUTH_SUBTREE root=446 depth=28 w=2.9694733870e+39 Shat=5.1638000000e+01 Lhat=0.0000000000e+00
KNUTH_SUBTREE root=447 depth=28 w=4.6833445227e+38 Shat=6.0580000000e+00 Lhat=0.0000000000e+00
KNUTH_SUBTREE root=448 depth=28 w=1.7426260878e+36 Shat=2.0000000000e+00 Lhat=0.0000000000e+00
KNUTH_SUBTREE root=449 depth=28 w=1.3315843906e+38 Shat=4.0000000000e+00 Lhat=0.0000000000e+00
KNUTH_SUBTREE root=450 depth=28 w=9.9780598969e+38 Shat=9.2136000000e+01 Lhat=0.0000000000e+00
KNUTH_SUBTREE root=451 depth=28 w=3.7711682911e+38 Shat=2.1000000000e+01 Lhat=0.0000000000e+00
KNUTH_SUBTREE root=452 depth=28 w=1.1111074652e+37 Shat=1.0000000000e+00 Lhat=0.0000000000e+00
KNUTH_SUBTREE root=453 depth=28 w=4.8325551746e+38 Shat=1.3000000000e+01 Lhat=0.0000000000e+00
KNUTH_SUBTREE root=454 depth=28 w=0 Shat=0 Lhat=0 dead=1
KNUTH_SUBTREE root=455 depth=28 w=3.5863973847e+37 Shat=1.0000000000e+00 Lhat=0.0000000000e+00
KNUTH_SUBTREE root=456 depth=28 w=1.4748800573e+39 Shat=5.7424000000e+01 Lhat=0.0000000000e+00
KNUTH_SUBTREE root=457 depth=28 w=6.8021461814e+38 Shat=1.1000000000e+01 Lhat=0.0000000000e+00
KNUTH_SUBTREE root=458 depth=28 w=0 Shat=0 Lhat=0 dead=1
KNUTH_SUBTREE root=459 depth=28 w=1.3372074954e+38 Shat=7.0000000000e+00 Lhat=0.0000000000e+00
KNUTH_SUBTREE root=460 depth=28 w=2.9288373176e+38 Shat=1.1096000000e+01 Lhat=0.0000000000e+00
KNUTH_SUBTREE root=461 depth=28 w=0 Shat=0 Lhat=0 dead=1
KNUTH_SUBTREE root=462 depth=28 w=1.2035553084e+39 Shat=7.1140000000e+00 Lhat=0.0000000000e+00
KNUTH_SUBTREE root=463 depth=28 w=6.9727236174e+37 Shat=3.0000000000e+00 Lhat=0.0000000000e+00
KNUTH_SUBTREE root=464 depth=28 w=1.7152303307e+38 Shat=1.0000000000e+00 Lhat=0.0000000000e+00
KNUTH_SUBTREE root=465 depth=28 w=2.0864446530e+39 Shat=1.0000000000e+00 Lhat=0.0000000000e+00
KNUTH_SUBTREE root=466 depth=28 w=9.8192790855e+36 Shat=2.0000000000e+00 Lhat=0.0000000000e+00
KNUTH_SUBTREE root=467 depth=28 w=2.3602479557e+38 Shat=5.7120000000e+01 Lhat=0.0000000000e+00
KNUTH_SUBTREE root=468 depth=28 w=1.6524300530e+37 Shat=1.0000000000e+00 Lhat=0.0000000000e+00
KNUTH_SUBTREE root=469 depth=28 w=1.3106200906e+37 Shat=5.0000000000e+00 Lhat=0.0000000000e+00
KNUTH_SUBTREE root=470 depth=28 w=3.3473110461e+38 Shat=1.3732000000e+01 Lhat=0.0000000000e+00
KNUTH_SUBTREE root=471 depth=28 w=8.8680319910e+37 Shat=1.0000000000e+00 Lhat=0.0000000000e+00
KNUTH_SUBTREE root=472 depth=28 w=1.1988206237e+38 Shat=4.0000000000e+00 Lhat=0.0000000000e+00
KNUTH_SUBTREE root=473 depth=28 w=1.5250826671e+38 Shat=4.0000000000e+00 Lhat=0.0000000000e+00
KNUTH_SUBTREE root=474 depth=28 w=2.9302294913e+39 Shat=3.0000000000e+00 Lhat=0.0000000000e+00
KNUTH_SUBTREE root=475 depth=28 w=3.9639007058e+35 Shat=2.0000000000e+00 Lhat=0.0000000000e+00
KNUTH_SUBTREE root=476 depth=28 w=2.1045360713e+39 Shat=3.0000000000e+00 Lhat=0.0000000000e+00
KNUTH_SUBTREE root=477 depth=28 w=3.7037288828e+36 Shat=1.0000000000e+00 Lhat=0.0000000000e+00
KNUTH_SUBTREE root=478 depth=28 w=0 Shat=0 Lhat=0 dead=1
KNUTH_SUBTREE root=479 depth=28 w=5.1478533497e+38 Shat=1.3000000000e+01 Lhat=0.0000000000e+00
KNUTH_SUBTREE root=480 depth=28 w=1.3114534202e+38 Shat=2.1000000000e+01 Lhat=0.0000000000e+00
KNUTH_SUBTREE root=481 depth=28 w=3.8942922027e+38 Shat=1.8585000000e+01 Lhat=0.0000000000e+00
KNUTH_SUBTREE root=482 depth=28 w=1.6178049897e+37 Shat=2.0000000000e+00 Lhat=0.0000000000e+00
KNUTH_SUBTREE root=483 depth=28 w=9.9027383944e+37 Shat=4.0000000000e+00 Lhat=0.0000000000e+00
KNUTH_SUBTREE root=484 depth=28 w=1.5212668050e+39 Shat=7.0000000000e+00 Lhat=0.0000000000e+00
KNUTH_SUBTREE root=485 depth=28 w=4.1821085724e+38 Shat=3.0000000000e+00 Lhat=0.0000000000e+00
KNUTH_SUBTREE root=486 depth=28 w=3.2299919701e+39 Shat=1.4920000000e+01 Lhat=0.0000000000e+00
KNUTH_SUBTREE root=487 depth=28 w=1.4543369819e+38 Shat=3.0000000000e+00 Lhat=0.0000000000e+00
KNUTH_SUBTREE root=488 depth=28 w=7.2353356845e+38 Shat=1.3000000000e+01 Lhat=0.0000000000e+00
KNUTH_SUBTREE root=489 depth=28 w=1.1828157720e+38 Shat=1.0000000000e+01 Lhat=0.0000000000e+00
KNUTH_SUBTREE root=490 depth=28 w=9.0558729075e+38 Shat=5.0000000000e+00 Lhat=0.0000000000e+00
KNUTH_SUBTREE root=491 depth=28 w=4.4374170566e+38 Shat=4.0000000000e+00 Lhat=0.0000000000e+00
KNUTH_SUBTREE root=492 depth=28 w=6.3175883330e+38 Shat=2.1148000000e+01 Lhat=0.0000000000e+00
KNUTH_SUBTREE root=493 depth=28 w=9.9621298966e+38 Shat=3.0000000000e+00 Lhat=0.0000000000e+00
KNUTH_SUBTREE root=494 depth=28 w=0 Shat=0 Lhat=0 dead=1
KNUTH_SUBTREE root=495 depth=28 w=1.4498046700e+38 Shat=1.0000000000e+00 Lhat=0.0000000000e+00
KNUTH_SUBTREE root=496 depth=28 w=5.2871070152e+37 Shat=1.0000000000e+00 Lhat=0.0000000000e+00
KNUTH_SUBTREE root=497 depth=28 w=4.8482054765e+37 Shat=3.0000000000e+00 Lhat=0.0000000000e+00
KNUTH_SUBTREE root=498 depth=28 w=4.8181304490e+34 Shat=1.0000000000e+00 Lhat=0.0000000000e+00
KNUTH_SUBTREE root=499 depth=28 w=2.4889291370e+38 Shat=9.0000000000e+00 Lhat=0.0000000000e+00
KNUTH_SUBTREE root=500 depth=28 w=2.7479177453e+37 Shat=1.0000000000e+00 Lhat=0.0000000000e+00
KNUTH_SUBTREE root=501 depth=28 w=7.3966281590e+37 Shat=7.9990000000e+00 Lhat=0.0000000000e+00
KNUTH_SUBTREE root=502 depth=28 w=1.3061476486e+39 Shat=4.2215000000e+01 Lhat=0.0000000000e+00
KNUTH_SUBTREE root=503 depth=28 w=6.1820287996e+36 Shat=1.0000000000e+00 Lhat=0.0000000000e+00
KNUTH_SUBTREE root=504 depth=28 w=1.7535014455e+39 Shat=2.0000000000e+00 Lhat=0.0000000000e+00
KNUTH_SUBTREE root=505 depth=28 w=1.3398475562e+39 Shat=8.6880000000e+00 Lhat=0.0000000000e+00
KNUTH_SUBTREE root=506 depth=28 w=2.0213759195e+39 Shat=2.0000000000e+00 Lhat=0.0000000000e+00
KNUTH_SUBTREE root=507 depth=28 w=3.6219368150e+37 Shat=1.0000000000e+00 Lhat=0.0000000000e+00
KNUTH_SUBTREE root=508 depth=28 w=2.9053774837e+39 Shat=1.2525000000e+02 Lhat=0.0000000000e+00
KNUTH_SUBTREE root=509 depth=28 w=4.1479548488e+38 Shat=2.9000000000e+01 Lhat=0.0000000000e+00
KNUTH_SUBTREE root=510 depth=28 w=7.2409327040e+36 Shat=1.0000000000e+00 Lhat=0.0000000000e+00
KNUTH_SUBTREE root=511 depth=28 w=1.4986651952e+37 Shat=7.0000000000e+00 Lhat=0.0000000000e+00
KNUTH_SUBTREE root=512 depth=28 w=2.6801474119e+38 Shat=2.0032000000e+01 Lhat=0.0000000000e+00
KNUTH_SUBTREE root=513 depth=28 w=1.0952797251e+38 Shat=1.0000000000e+00 Lhat=0.0000000000e+00
KNUTH_SUBTREE root=514 depth=28 w=1.0633397306e+38 Shat=4.7310000000e+01 Lhat=0.0000000000e+00
KNUTH_SUBTREE root=515 depth=28 w=7.4170538319e+37 Shat=5.0000000000e+00 Lhat=0.0000000000e+00
KNUTH_SUBTREE root=516 depth=28 w=1.7093663572e+38 Shat=2.6290000000e+01 Lhat=0.0000000000e+00
KNUTH_SUBTREE root=517 depth=28 w=0 Shat=0 Lhat=0 dead=1
KNUTH_SUBTREE root=518 depth=28 w=3.2092964607e+38 Shat=4.2125000000e+01 Lhat=0.0000000000e+00
KNUTH_SUBTREE root=519 depth=28 w=3.0480848033e+37 Shat=1.0000000000e+01 Lhat=0.0000000000e+00
KNUTH_SUBTREE root=520 depth=28 w=1.8144475875e+37 Shat=2.0000000000e+00 Lhat=0.0000000000e+00
KNUTH_SUBTREE root=521 depth=28 w=6.8684097396e+38 Shat=1.0000000000e+00 Lhat=0.0000000000e+00
KNUTH_SUBTREE root=522 depth=28 w=1.1711442242e+38 Shat=3.0000000000e+00 Lhat=0.0000000000e+00
KNUTH_SUBTREE root=523 depth=28 w=6.9214898532e+38 Shat=3.4474000000e+01 Lhat=0.0000000000e+00
KNUTH_SUBTREE root=524 depth=28 w=0 Shat=0 Lhat=0 dead=1
KNUTH_SUBTREE root=525 depth=28 w=1.2852537638e+39 Shat=2.8642000000e+01 Lhat=0.0000000000e+00
KNUTH_SUBTREE root=526 depth=28 w=0 Shat=0 Lhat=0 dead=1
KNUTH_SUBTREE root=527 depth=28 w=2.6262144835e+38 Shat=1.0000000000e+00 Lhat=0.0000000000e+00
KNUTH_SUBTREE root=528 depth=28 w=1.8981208868e+38 Shat=1.3000000000e+01 Lhat=0.0000000000e+00
KNUTH_SUBTREE root=529 depth=28 w=3.1465801720e+38 Shat=3.0000000000e+00 Lhat=0.0000000000e+00
KNUTH_SUBTREE root=530 depth=28 w=1.0299300868e+39 Shat=1.3000000000e+01 Lhat=0.0000000000e+00
KNUTH_SUBTREE root=531 depth=28 w=3.9588306144e+38 Shat=2.0000000000e+00 Lhat=0.0000000000e+00
KNUTH_SUBTREE root=532 depth=28 w=1.1848079779e+39 Shat=1.7317000000e+01 Lhat=0.0000000000e+00
KNUTH_SUBTREE root=533 depth=28 w=2.5183356207e+38 Shat=3.0000000000e+00 Lhat=0.0000000000e+00
KNUTH_SUBTREE root=534 depth=28 w=3.0467873161e+38 Shat=2.8804000000e+01 Lhat=0.0000000000e+00
KNUTH_SUBTREE root=535 depth=28 w=6.5174444867e+38 Shat=1.0000000000e+00 Lhat=0.0000000000e+00
KNUTH_SUBTREE root=536 depth=28 w=5.4920924333e+38 Shat=6.4168000000e+01 Lhat=0.0000000000e+00
KNUTH_SUBTREE root=537 depth=28 w=7.3658004101e+37 Shat=7.0000000000e+00 Lhat=0.0000000000e+00
KNUTH_SUBTREE root=538 depth=28 w=6.2420795494e+38 Shat=2.0000000000e+00 Lhat=0.0000000000e+00
KNUTH_SUBTREE root=539 depth=28 w=1.7289101119e+38 Shat=3.0000000000e+00 Lhat=0.0000000000e+00
KNUTH_SUBTREE root=540 depth=28 w=4.5024705692e+38 Shat=5.0000000000e+00 Lhat=0.0000000000e+00
KNUTH_SUBTREE root=541 depth=28 w=0 Shat=0 Lhat=0 dead=1
KNUTH_SUBTREE root=542 depth=28 w=1.1749693644e+39 Shat=7.8040000000e+01 Lhat=0.0000000000e+00
KNUTH_SUBTREE root=543 depth=28 w=6.3291220000e+38 Shat=6.1000000000e+01 Lhat=0.0000000000e+00
KNUTH_SUBTREE root=544 depth=28 w=2.4437929777e+38 Shat=9.8380000000e+00 Lhat=0.0000000000e+00
KNUTH_SUBTREE root=545 depth=28 w=4.5206244943e+38 Shat=1.3000000000e+01 Lhat=0.0000000000e+00
KNUTH_SUBTREE root=546 depth=28 w=1.1426674620e+38 Shat=1.0000000000e+00 Lhat=0.0000000000e+00
KNUTH_SUBTREE root=547 depth=28 w=1.5219700388e+38 Shat=5.8024000000e+01 Lhat=0.0000000000e+00
KNUTH_SUBTREE root=548 depth=28 w=3.1804727305e+37 Shat=1.0000000000e+00 Lhat=0.0000000000e+00
KNUTH_SUBTREE root=549 depth=28 w=7.3944588225e+37 Shat=2.0000000000e+00 Lhat=0.0000000000e+00
KNUTH_SUBTREE root=550 depth=28 w=8.5679499380e+38 Shat=1.7092000000e+01 Lhat=0.0000000000e+00
KNUTH_SUBTREE root=551 depth=28 w=4.8224161509e+37 Shat=3.0000000000e+00 Lhat=0.0000000000e+00
KNUTH_SUBTREE root=552 depth=28 w=1.6574764428e+39 Shat=2.7000000000e+01 Lhat=0.0000000000e+00
KNUTH_SUBTREE root=553 depth=28 w=6.0140957420e+38 Shat=7.0000000000e+00 Lhat=0.0000000000e+00
KNUTH_SUBTREE root=554 depth=28 w=1.6696131437e+39 Shat=2.4052000000e+01 Lhat=0.0000000000e+00
KNUTH_SUBTREE root=555 depth=28 w=1.4310555638e+39 Shat=4.0000000000e+00 Lhat=0.0000000000e+00
KNUTH_SUBTREE root=556 depth=28 w=5.4699942502e+38 Shat=1.2060000000e+01 Lhat=0.0000000000e+00
KNUTH_SUBTREE root=557 depth=28 w=1.1099376089e+38 Shat=1.0000000000e+00 Lhat=0.0000000000e+00
KNUTH_SUBTREE root=558 depth=28 w=2.2218357625e+38 Shat=4.0000000000e+00 Lhat=0.0000000000e+00
KNUTH_SUBTREE root=559 depth=28 w=3.5185357897e+38 Shat=4.9846000000e+01 Lhat=0.0000000000e+00
KNUTH_SUBTREE root=560 depth=28 w=2.8500819665e+39 Shat=7.4088000000e+01 Lhat=0.0000000000e+00
KNUTH_SUBTREE root=561 depth=28 w=1.3862704946e+38 Shat=3.1205000000e+01 Lhat=0.0000000000e+00
KNUTH_SUBTREE root=562 depth=28 w=1.1474760350e+37 Shat=1.0000000000e+00 Lhat=0.0000000000e+00
KNUTH_SUBTREE root=563 depth=28 w=1.9461573829e+39 Shat=3.8996000000e+01 Lhat=0.0000000000e+00
KNUTH_SUBTREE root=564 depth=28 w=8.8626576847e+37 Shat=1.9780000000e+01 Lhat=0.0000000000e+00
KNUTH_SUBTREE root=565 depth=28 w=7.5059752780e+38 Shat=5.7088000000e+01 Lhat=0.0000000000e+00
KNUTH_SUBTREE root=566 depth=28 w=1.2917527351e+38 Shat=4.0000000000e+00 Lhat=0.0000000000e+00
KNUTH_SUBTREE root=567 depth=28 w=4.7741621170e+38 Shat=1.3000000000e+01 Lhat=0.0000000000e+00
KNUTH_SUBTREE root=568 depth=28 w=5.0155630668e+38 Shat=1.1692600000e+02 Lhat=0.0000000000e+00
KNUTH_SUBTREE root=569 depth=28 w=3.1771867464e+38 Shat=9.0700000000e+00 Lhat=0.0000000000e+00
KNUTH_SUBTREE root=570 depth=28 w=9.1548331725e+37 Shat=3.0000000000e+00 Lhat=0.0000000000e+00
KNUTH_SUBTREE root=571 depth=28 w=9.1743456749e+38 Shat=4.9832000000e+01 Lhat=0.0000000000e+00
KNUTH_SUBTREE root=572 depth=28 w=2.8057758663e+39 Shat=5.2864000000e+01 Lhat=0.0000000000e+00
KNUTH_SUBTREE root=573 depth=28 w=3.6428479464e+38 Shat=3.3540000000e+01 Lhat=0.0000000000e+00
KNUTH_SUBTREE root=574 depth=28 w=5.1493760788e+38 Shat=1.1080000000e+01 Lhat=0.0000000000e+00
KNUTH_SUBTREE root=575 depth=28 w=2.1092607418e+38 Shat=1.0000000000e+00 Lhat=0.0000000000e+00
KNUTH_SUBTREE root=576 depth=28 w=3.2761463168e+39 Shat=4.3135000000e+01 Lhat=0.0000000000e+00
KNUTH_SUBTREE root=577 depth=28 w=3.2782321007e+39 Shat=1.8591000000e+01 Lhat=0.0000000000e+00
KNUTH_SUBTREE root=578 depth=28 w=3.2081382839e+38 Shat=1.0000000000e+00 Lhat=0.0000000000e+00
KNUTH_SUBTREE root=579 depth=28 w=3.5514477755e+37 Shat=2.0000000000e+00 Lhat=0.0000000000e+00
KNUTH_SUBTREE root=580 depth=28 w=6.5448494193e+37 Shat=3.0000000000e+00 Lhat=0.0000000000e+00
KNUTH_SUBTREE root=581 depth=28 w=2.1178231465e+38 Shat=3.0000000000e+00 Lhat=0.0000000000e+00
KNUTH_SUBTREE root=582 depth=28 w=3.2021502965e+38 Shat=1.0000000000e+00 Lhat=0.0000000000e+00
KNUTH_SUBTREE root=583 depth=28 w=2.4656889766e+38 Shat=1.1000000000e+01 Lhat=0.0000000000e+00
KNUTH_SUBTREE root=584 depth=28 w=4.9812045913e+37 Shat=1.0000000000e+00 Lhat=0.0000000000e+00
KNUTH_SUBTREE root=585 depth=28 w=1.6799297362e+39 Shat=1.8030000000e+01 Lhat=0.0000000000e+00
KNUTH_SUBTREE root=586 depth=28 w=2.0096128865e+37 Shat=1.3000000000e+01 Lhat=0.0000000000e+00
KNUTH_SUBTREE root=587 depth=28 w=5.6787487934e+38 Shat=4.2695000000e+01 Lhat=0.0000000000e+00
KNUTH_SUBTREE root=588 depth=28 w=3.0792299586e+38 Shat=2.0000000000e+00 Lhat=0.0000000000e+00
KNUTH_SUBTREE root=589 depth=28 w=3.5622196984e+37 Shat=1.0000000000e+00 Lhat=0.0000000000e+00
KNUTH_SUBTREE root=590 depth=28 w=3.6247712016e+38 Shat=1.0892000000e+01 Lhat=0.0000000000e+00
KNUTH_SUBTREE root=591 depth=28 w=5.7120640442e+38 Shat=1.3000000000e+01 Lhat=0.0000000000e+00
KNUTH_SUBTREE root=592 depth=28 w=1.3314810238e+38 Shat=1.3000000000e+01 Lhat=0.0000000000e+00
KNUTH_SUBTREE root=593 depth=28 w=1.1496553241e+39 Shat=5.0000000000e+00 Lhat=0.0000000000e+00
KNUTH_SUBTREE root=594 depth=28 w=2.1865713895e+39 Shat=1.0000000000e+00 Lhat=0.0000000000e+00
KNUTH_SUBTREE root=595 depth=28 w=6.0335973777e+37 Shat=5.0000000000e+00 Lhat=0.0000000000e+00
KNUTH_SUBTREE root=596 depth=28 w=2.7526098198e+39 Shat=4.5298000000e+01 Lhat=0.0000000000e+00
KNUTH_SUBTREE root=597 depth=28 w=1.3413532001e+38 Shat=2.0000000000e+00 Lhat=0.0000000000e+00
KNUTH_SUBTREE root=598 depth=28 w=4.3104698549e+37 Shat=1.0000000000e+00 Lhat=0.0000000000e+00
KNUTH_SUBTREE root=599 depth=28 w=2.2419554365e+38 Shat=2.0000000000e+00 Lhat=0.0000000000e+00
KNUTH_SUBTREE root=600 depth=28 w=7.6035988726e+38 Shat=1.0010000000e+01 Lhat=0.0000000000e+00
KNUTH_SUBTREE root=601 depth=28 w=4.8427526267e+38 Shat=1.0000000000e+00 Lhat=0.0000000000e+00
KNUTH_SUBTREE root=602 depth=28 w=5.4647892481e+38 Shat=1.1000000000e+01 Lhat=0.0000000000e+00
KNUTH_SUBTREE root=603 depth=28 w=5.4684037265e+38 Shat=8.1550000000e+01 Lhat=0.0000000000e+00
KNUTH_SUBTREE root=604 depth=28 w=2.8547329558e+38 Shat=1.6130000000e+01 Lhat=0.0000000000e+00
KNUTH_SUBTREE root=605 depth=28 w=2.4297280207e+38 Shat=1.1000000000e+01 Lhat=0.0000000000e+00
KNUTH_SUBTREE root=606 depth=28 w=8.8116786152e+37 Shat=3.0000000000e+00 Lhat=0.0000000000e+00
KNUTH_SUBTREE root=607 depth=28 w=8.4357075493e+38 Shat=3.7272000000e+01 Lhat=0.0000000000e+00
KNUTH_SUBTREE root=608 depth=28 w=3.1599507343e+38 Shat=1.0000000000e+00 Lhat=0.0000000000e+00
KNUTH_SUBTREE root=609 depth=28 w=1.0386502232e+39 Shat=1.4362000000e+01 Lhat=0.0000000000e+00
KNUTH_SUBTREE root=610 depth=28 w=1.0323650252e+38 Shat=1.7896000000e+01 Lhat=0.0000000000e+00
KNUTH_SUBTREE root=611 depth=28 w=3.5150141284e+38 Shat=9.4672000000e+01 Lhat=0.0000000000e+00
KNUTH_SUBTREE root=612 depth=28 w=3.2513935469e+38 Shat=3.0000000000e+00 Lhat=0.0000000000e+00
KNUTH_SUBTREE root=613 depth=28 w=3.1036882871e+39 Shat=7.0000000000e+00 Lhat=0.0000000000e+00
KNUTH_SUBTREE root=614 depth=28 w=1.3712226644e+38 Shat=2.0000000000e+00 Lhat=0.0000000000e+00
KNUTH_SUBTREE root=615 depth=28 w=3.6551871741e+39 Shat=1.0000000000e+01 Lhat=0.0000000000e+00
KNUTH_SUBTREE root=616 depth=28 w=4.4195031755e+37 Shat=9.0000000000e+00 Lhat=0.0000000000e+00
KNUTH_SUBTREE root=617 depth=28 w=1.8551819395e+39 Shat=7.3702000000e+01 Lhat=1.2292000000e+01
KNUTH_SUBTREE root=618 depth=28 w=0 Shat=0 Lhat=0 dead=1
KNUTH_SUBTREE root=619 depth=28 w=1.8112444989e+38 Shat=1.0000000000e+00 Lhat=0.0000000000e+00
KNUTH_SUBTREE root=620 depth=28 w=2.1984952516e+38 Shat=2.0000000000e+00 Lhat=0.0000000000e+00
KNUTH_SUBTREE root=621 depth=28 w=2.9752421186e+38 Shat=6.9124000000e+01 Lhat=0.0000000000e+00
KNUTH_SUBTREE root=622 depth=28 w=5.1636345174e+38 Shat=7.0000000000e+00 Lhat=0.0000000000e+00
KNUTH_SUBTREE root=623 depth=28 w=1.4688063008e+38 Shat=1.0000000000e+00 Lhat=0.0000000000e+00
KNUTH_SUBTREE root=624 depth=28 w=2.5346471557e+38 Shat=2.1468000000e+01 Lhat=0.0000000000e+00
KNUTH_SUBTREE root=625 depth=28 w=3.8433276523e+38 Shat=8.0000000000e+00 Lhat=0.0000000000e+00
KNUTH_SUBTREE root=626 depth=28 w=0 Shat=0 Lhat=0 dead=1
KNUTH_SUBTREE root=627 depth=28 w=1.8374508604e+39 Shat=5.0336000000e+01 Lhat=0.0000000000e+00
KNUTH_SUBTREE root=628 depth=28 w=1.0769754768e+38 Shat=2.1837600000e+02 Lhat=0.0000000000e+00
KNUTH_SUBTREE root=629 depth=28 w=1.5543145743e+36 Shat=2.0000000000e+00 Lhat=0.0000000000e+00
KNUTH_SUBTREE root=630 depth=28 w=4.2971096826e+37 Shat=3.0000000000e+00 Lhat=0.0000000000e+00
KNUTH_SUBTREE root=631 depth=28 w=5.9342143530e+37 Shat=3.0000000000e+00 Lhat=0.0000000000e+00
KNUTH_SUBTREE root=632 depth=28 w=2.4220434420e+39 Shat=2.5006000000e+01 Lhat=0.0000000000e+00
KNUTH_SUBTREE root=633 depth=28 w=0 Shat=0 Lhat=0 dead=1
KNUTH_SUBTREE root=634 depth=28 w=2.8294567833e+36 Shat=1.0000000000e+00 Lhat=0.0000000000e+00
KNUTH_SUBTREE root=635 depth=28 w=1.0635900190e+38 Shat=3.0000000000e+00 Lhat=0.0000000000e+00
KNUTH_SUBTREE root=636 depth=28 w=7.8783217245e+38 Shat=3.0000000000e+00 Lhat=0.0000000000e+00
KNUTH_SUBTREE root=637 depth=28 w=6.1668733729e+37 Shat=1.0000000000e+00 Lhat=0.0000000000e+00
KNUTH_SUBTREE root=638 depth=28 w=5.4170166391e+38 Shat=8.1280000000e+01 Lhat=0.0000000000e+00
KNUTH_SUBTREE root=639 depth=28 w=1.3062118188e+38 Shat=1.0000000000e+00 Lhat=0.0000000000e+00
KNUTH_SUBTREE root=640 depth=28 w=6.5621996374e+38 Shat=6.1486000000e+01 Lhat=0.0000000000e+00
KNUTH_SUBTREE root=641 depth=28 w=2.3958920360e+39 Shat=1.3900000000e+01 Lhat=0.0000000000e+00
KNUTH_SUBTREE root=642 depth=28 w=1.3091624578e+39 Shat=5.0000000000e+00 Lhat=0.0000000000e+00
KNUTH_SUBTREE root=643 depth=28 w=1.0314045649e+39 Shat=6.2565000000e+01 Lhat=0.0000000000e+00
KNUTH_SUBTREE root=644 depth=28 w=1.6391426207e+37 Shat=1.0000000000e+00 Lhat=0.0000000000e+00
KNUTH_SUBTREE root=645 depth=28 w=0 Shat=0 Lhat=0 dead=1
KNUTH_SUBTREE root=646 depth=28 w=1.4887678929e+39 Shat=2.6412000000e+01 Lhat=0.0000000000e+00
KNUTH_SUBTREE root=647 depth=28 w=4.9910569469e+38 Shat=5.6080000000e+01 Lhat=0.0000000000e+00
KNUTH_SUBTREE root=648 depth=28 w=1.2862803283e+39 Shat=6.9640000000e+00 Lhat=0.0000000000e+00
KNUTH_SUBTREE root=649 depth=28 w=4.6808178922e+36 Shat=3.0000000000e+00 Lhat=0.0000000000e+00
KNUTH_SUBTREE root=650 depth=28 w=2.1916956322e+38 Shat=6.7080000000e+01 Lhat=0.0000000000e+00
KNUTH_SUBTREE root=651 depth=28 w=1.0023357946e+39 Shat=5.0000000000e+00 Lhat=0.0000000000e+00
KNUTH_SUBTREE root=652 depth=28 w=2.5553743897e+38 Shat=7.9696000000e+01 Lhat=0.0000000000e+00
KNUTH_SUBTREE root=653 depth=28 w=4.0486468644e+38 Shat=2.0000000000e+00 Lhat=0.0000000000e+00
KNUTH_SUBTREE root=654 depth=28 w=7.8231315605e+38 Shat=3.4894000000e+01 Lhat=0.0000000000e+00
KNUTH_SUBTREE root=655 depth=28 w=9.0610453135e+38 Shat=1.3000000000e+01 Lhat=0.0000000000e+00
KNUTH_SUBTREE root=656 depth=28 w=1.3328805640e+37 Shat=1.0000000000e+00 Lhat=0.0000000000e+00
KNUTH_SUBTREE root=657 depth=28 w=6.9953256641e+38 Shat=1.3000000000e+01 Lhat=0.0000000000e+00
KNUTH_SUBTREE root=658 depth=28 w=9.8466258176e+38 Shat=3.1484000000e+01 Lhat=0.0000000000e+00
KNUTH_SUBTREE root=659 depth=28 w=1.3382538223e+38 Shat=3.0000000000e+00 Lhat=0.0000000000e+00
KNUTH_SUBTREE root=660 depth=28 w=1.3667214416e+38 Shat=3.0000000000e+00 Lhat=0.0000000000e+00
KNUTH_SUBTREE root=661 depth=28 w=1.4534597522e+39 Shat=9.3995000000e+01 Lhat=0.0000000000e+00
KNUTH_SUBTREE root=662 depth=28 w=2.2865260644e+39 Shat=3.0000000000e+00 Lhat=0.0000000000e+00
KNUTH_SUBTREE root=663 depth=28 w=2.4934558078e+37 Shat=2.0000000000e+00 Lhat=0.0000000000e+00
KNUTH_SUBTREE root=664 depth=28 w=1.2456752310e+39 Shat=9.0000000000e+00 Lhat=0.0000000000e+00
KNUTH_SUBTREE root=665 depth=28 w=3.0239132053e+38 Shat=6.0016000000e+01 Lhat=0.0000000000e+00
KNUTH_SUBTREE root=666 depth=28 w=1.7813489982e+38 Shat=4.0000000000e+00 Lhat=0.0000000000e+00
KNUTH_SUBTREE root=667 depth=28 w=4.1453110939e+37 Shat=1.0000000000e+00 Lhat=0.0000000000e+00
KNUTH_SUBTREE root=668 depth=28 w=1.1893296016e+38 Shat=1.0000000000e+00 Lhat=0.0000000000e+00
KNUTH_SUBTREE root=669 depth=28 w=2.6694882200e+37 Shat=1.3000000000e+01 Lhat=0.0000000000e+00
KNUTH_SUBTREE root=670 depth=28 w=1.4095718968e+37 Shat=3.0000000000e+00 Lhat=0.0000000000e+00
KNUTH_SUBTREE root=671 depth=28 w=6.0020640162e+38 Shat=2.1000000000e+01 Lhat=0.0000000000e+00
KNUTH_SUBTREE root=672 depth=28 w=1.7569229374e+39 Shat=2.3200000000e+01 Lhat=0.0000000000e+00
KNUTH_SUBTREE root=673 depth=28 w=0 Shat=0 Lhat=0 dead=1
KNUTH_SUBTREE root=674 depth=28 w=2.6281960383e+38 Shat=9.0000000000e+00 Lhat=0.0000000000e+00
KNUTH_SUBTREE root=675 depth=28 w=1.1205186495e+36 Shat=1.0000000000e+00 Lhat=0.0000000000e+00
KNUTH_SUBTREE root=676 depth=28 w=7.7408710139e+38 Shat=3.0000000000e+00 Lhat=0.0000000000e+00
KNUTH_SUBTREE root=677 depth=28 w=6.5025827023e+37 Shat=2.0000000000e+00 Lhat=0.0000000000e+00
KNUTH_SUBTREE root=678 depth=28 w=3.1694171626e+38 Shat=3.1060000000e+01 Lhat=0.0000000000e+00
KNUTH_SUBTREE root=679 depth=28 w=6.5063336042e+37 Shat=3.0000000000e+00 Lhat=0.0000000000e+00
KNUTH_SUBTREE root=680 depth=28 w=1.3803521543e+39 Shat=4.9680000000e+00 Lhat=0.0000000000e+00
KNUTH_SUBTREE root=681 depth=28 w=1.1301009037e+38 Shat=1.0000000000e+00 Lhat=0.0000000000e+00
KNUTH_SUBTREE root=682 depth=28 w=2.0234320302e+38 Shat=1.0000000000e+00 Lhat=0.0000000000e+00
KNUTH_SUBTREE root=683 depth=28 w=8.0465779773e+37 Shat=1.0000000000e+00 Lhat=0.0000000000e+00
KNUTH_SUBTREE root=684 depth=28 w=1.4168413644e+39 Shat=3.0078000000e+01 Lhat=0.0000000000e+00
KNUTH_SUBTREE root=685 depth=28 w=4.7188670489e+38 Shat=7.7176000000e+01 Lhat=0.0000000000e+00
KNUTH_SUBTREE root=686 depth=28 w=0 Shat=0 Lhat=0 dead=1
KNUTH_SUBTREE root=687 depth=28 w=3.7545169855e+38 Shat=1.0122600000e+02 Lhat=0.0000000000e+00
KNUTH_SUBTREE root=688 depth=28 w=1.7248839826e+39 Shat=5.3656000000e+01 Lhat=0.0000000000e+00
KNUTH_SUBTREE root=689 depth=28 w=2.3554547926e+38 Shat=1.3840000000e+01 Lhat=0.0000000000e+00
KNUTH_SUBTREE root=690 depth=28 w=6.5752886949e+38 Shat=3.0000000000e+00 Lhat=0.0000000000e+00
KNUTH_SUBTREE root=691 depth=28 w=0 Shat=0 Lhat=0 dead=1
KNUTH_SUBTREE root=692 depth=28 w=9.6934352239e+37 Shat=1.2031000000e+01 Lhat=0.0000000000e+00
KNUTH_SUBTREE root=693 depth=28 w=3.7556690995e+38 Shat=2.1975000000e+01 Lhat=0.0000000000e+00
KNUTH_SUBTREE root=694 depth=28 w=4.1525339307e+38 Shat=5.0000000000e+00 Lhat=0.0000000000e+00
KNUTH_SUBTREE root=695 depth=28 w=2.8919442011e+39 Shat=6.7780000000e+01 Lhat=0.0000000000e+00
KNUTH_SUBTREE root=696 depth=28 w=3.6164173421e+38 Shat=9.0000000000e+00 Lhat=0.0000000000e+00
KNUTH_SUBTREE root=697 depth=28 w=1.0587974270e+39 Shat=2.0050000000e+01 Lhat=0.0000000000e+00
KNUTH_SUBTREE root=698 depth=28 w=1.7474616078e+37 Shat=4.0000000000e+00 Lhat=0.0000000000e+00
KNUTH_SUBTREE root=699 depth=28 w=1.1590834246e+39 Shat=1.0974000000e+01 Lhat=0.0000000000e+00
KNUTH_SUBTREE root=700 depth=28 w=2.0541750589e+38 Shat=6.7072000000e+01 Lhat=0.0000000000e+00
KNUTH_SUBTREE root=701 depth=28 w=3.6319295044e+38 Shat=1.5000000000e+01 Lhat=0.0000000000e+00
KNUTH_SUBTREE root=702 depth=28 w=0 Shat=0 Lhat=0 dead=1
KNUTH_SUBTREE root=703 depth=28 w=2.2928440941e+39 Shat=7.0000000000e+00 Lhat=0.0000000000e+00
KNUTH_SUBTREE root=704 depth=28 w=5.9424478122e+38 Shat=3.0000000000e+00 Lhat=0.0000000000e+00
KNUTH_SUBTREE root=705 depth=28 w=1.1954835837e+39 Shat=3.5304000000e+01 Lhat=0.0000000000e+00
KNUTH_SUBTREE root=706 depth=28 w=4.9479473527e+36 Shat=1.0000000000e+00 Lhat=0.0000000000e+00
KNUTH_SUBTREE root=707 depth=28 w=8.8701173460e+38 Shat=8.1580000000e+01 Lhat=0.0000000000e+00
KNUTH_SUBTREE root=708 depth=28 w=7.8335161217e+38 Shat=5.9436000000e+01 Lhat=0.0000000000e+00
KNUTH_SUBTREE root=709 depth=28 w=4.5954241808e+38 Shat=1.0218400000e+02 Lhat=0.0000000000e+00
KNUTH_SUBTREE root=710 depth=28 w=6.6785856815e+38 Shat=5.0080000000e+00 Lhat=0.0000000000e+00
KNUTH_SUBTREE root=711 depth=28 w=2.6924802241e+39 Shat=4.6264000000e+01 Lhat=0.0000000000e+00
KNUTH_SUBTREE root=712 depth=28 w=2.7823734104e+37 Shat=3.0000000000e+00 Lhat=0.0000000000e+00
KNUTH_SUBTREE root=713 depth=28 w=0 Shat=0 Lhat=0 dead=1
KNUTH_SUBTREE root=714 depth=28 w=3.9353314820e+38 Shat=1.0000000000e+01 Lhat=0.0000000000e+00
KNUTH_SUBTREE root=715 depth=28 w=1.8464418624e+39 Shat=1.3000000000e+01 Lhat=0.0000000000e+00
KNUTH_SUBTREE root=716 depth=28 w=2.3060094594e+37 Shat=3.0000000000e+00 Lhat=0.0000000000e+00
KNUTH_SUBTREE root=717 depth=28 w=2.7738110463e+39 Shat=1.5995000000e+01 Lhat=0.0000000000e+00
KNUTH_SUBTREE root=718 depth=28 w=1.0161288838e+39 Shat=9.9400000000e+00 Lhat=0.0000000000e+00
KNUTH_SUBTREE root=719 depth=28 w=6.4161409638e+38 Shat=1.8137600000e+02 Lhat=0.0000000000e+00
KNUTH_SUBTREE root=720 depth=28 w=4.4701460087e+37 Shat=1.0000000000e+00 Lhat=0.0000000000e+00
KNUTH_SUBTREE root=721 depth=28 w=2.4103740691e+38 Shat=2.2009000000e+01 Lhat=0.0000000000e+00
KNUTH_SUBTREE root=722 depth=28 w=1.1604078497e+39 Shat=3.0000000000e+00 Lhat=0.0000000000e+00
KNUTH_SUBTREE root=723 depth=28 w=5.6708024468e+38 Shat=6.4300000000e+01 Lhat=0.0000000000e+00
KNUTH_SUBTREE root=724 depth=28 w=7.2085262937e+38 Shat=4.9640000000e+00 Lhat=0.0000000000e+00
KNUTH_SUBTREE root=725 depth=28 w=1.2327831225e+38 Shat=4.0000000000e+00 Lhat=0.0000000000e+00
KNUTH_SUBTREE root=726 depth=28 w=9.1345053211e+37 Shat=1.0000000000e+00 Lhat=0.0000000000e+00
KNUTH_SUBTREE root=727 depth=28 w=2.1254271789e+38 Shat=5.9860000000e+00 Lhat=0.0000000000e+00
KNUTH_SUBTREE root=728 depth=28 w=7.5135081391e+38 Shat=7.0000000000e+00 Lhat=0.0000000000e+00
KNUTH_SUBTREE root=729 depth=28 w=1.4313685739e+38 Shat=3.0000000000e+00 Lhat=0.0000000000e+00
KNUTH_SUBTREE root=730 depth=28 w=9.6065622226e+36 Shat=1.0000000000e+00 Lhat=0.0000000000e+00
KNUTH_SUBTREE root=731 depth=28 w=0 Shat=0 Lhat=0 dead=1
KNUTH_SUBTREE root=732 depth=28 w=3.6661451375e+39 Shat=5.8408000000e+01 Lhat=0.0000000000e+00
KNUTH_SUBTREE root=733 depth=28 w=0 Shat=0 Lhat=0 dead=1
KNUTH_SUBTREE root=734 depth=28 w=4.9335418192e+37 Shat=1.0000000000e+00 Lhat=0.0000000000e+00
KNUTH_SUBTREE root=735 depth=28 w=1.4442103452e+38 Shat=1.3000000000e+01 Lhat=0.0000000000e+00
KNUTH_SUBTREE root=736 depth=28 w=2.2106085895e+37 Shat=2.0000000000e+00 Lhat=0.0000000000e+00
KNUTH_SUBTREE root=737 depth=28 w=7.9094556596e+38 Shat=2.0000000000e+00 Lhat=0.0000000000e+00
KNUTH_SUBTREE root=738 depth=28 w=5.3646652720e+37 Shat=7.1272000000e+01 Lhat=0.0000000000e+00
KNUTH_SUBTREE root=739 depth=28 w=1.4954667819e+39 Shat=7.7424000000e+01 Lhat=0.0000000000e+00
KNUTH_SUBTREE root=740 depth=28 w=7.4226491556e+37 Shat=7.0000000000e+00 Lhat=0.0000000000e+00
KNUTH_SUBTREE root=741 depth=28 w=7.7633459131e+37 Shat=3.0000000000e+00 Lhat=0.0000000000e+00
KNUTH_SUBTREE root=742 depth=28 w=1.1884924405e+39 Shat=3.3406000000e+01 Lhat=0.0000000000e+00
KNUTH_SUBTREE root=743 depth=28 w=5.3985639748e+38 Shat=5.0000000000e+00 Lhat=0.0000000000e+00
KNUTH_SUBTREE root=744 depth=28 w=1.2952058172e+38 Shat=1.0000000000e+00 Lhat=0.0000000000e+00
KNUTH_SUBTREE root=745 depth=28 w=4.4899881957e+38 Shat=1.0000000000e+00 Lhat=0.0000000000e+00
KNUTH_SUBTREE root=746 depth=28 w=2.1399825006e+36 Shat=1.0000000000e+00 Lhat=0.0000000000e+00
KNUTH_SUBTREE root=747 depth=28 w=4.7581814983e+38 Shat=2.4872000000e+01 Lhat=0.0000000000e+00
KNUTH_SUBTREE root=748 depth=28 w=1.3338277626e+38 Shat=3.0000000000e+00 Lhat=0.0000000000e+00
KNUTH_SUBTREE root=749 depth=28 w=1.6174037402e+38 Shat=3.0000000000e+00 Lhat=0.0000000000e+00
KNUTH_SUBTREE root=750 depth=28 w=1.6620161948e+38 Shat=5.4620000000e+01 Lhat=0.0000000000e+00
KNUTH_SUBTREE root=751 depth=28 w=1.8942201420e+39 Shat=5.5792000000e+01 Lhat=0.0000000000e+00
KNUTH_SUBTREE root=752 depth=28 w=4.1829867555e+38 Shat=7.1055000000e+01 Lhat=1.0290000000e+01
KNUTH_SUBTREE root=753 depth=28 w=1.9849766952e+38 Shat=1.0256800000e+02 Lhat=0.0000000000e+00
KNUTH_SUBTREE root=754 depth=28 w=5.4279907219e+38 Shat=4.0000000000e+00 Lhat=0.0000000000e+00
KNUTH_SUBTREE root=755 depth=28 w=3.3612382264e+37 Shat=5.0000000000e+00 Lhat=0.0000000000e+00
KNUTH_SUBTREE root=756 depth=28 w=7.1993623492e+37 Shat=8.0470000000e+00 Lhat=0.0000000000e+00
KNUTH_SUBTREE root=757 depth=28 w=3.8208794872e+38 Shat=2.0000000000e+00 Lhat=0.0000000000e+00
KNUTH_SUBTREE root=758 depth=28 w=1.1463879983e+38 Shat=3.0000000000e+00 Lhat=0.0000000000e+00
KNUTH_SUBTREE root=759 depth=28 w=0 Shat=0 Lhat=0 dead=1
KNUTH_SUBTREE root=760 depth=28 w=1.4308042676e+38 Shat=3.9900000000e+00 Lhat=0.0000000000e+00
KNUTH_SUBTREE root=761 depth=28 w=3.2186635781e+38 Shat=3.0000000000e+00 Lhat=0.0000000000e+00
KNUTH_SUBTREE root=762 depth=28 w=0 Shat=0 Lhat=0 dead=1
KNUTH_SUBTREE root=763 depth=28 w=4.8962797068e+38 Shat=1.3000000000e+01 Lhat=0.0000000000e+00
KNUTH_SUBTREE root=764 depth=28 w=4.0110552549e+38 Shat=8.4460000000e+01 Lhat=0.0000000000e+00
KNUTH_SUBTREE root=765 depth=28 w=1.6824777408e+38 Shat=7.1400000000e+01 Lhat=0.0000000000e+00
KNUTH_SUBTREE root=766 depth=28 w=2.8255672462e+37 Shat=4.0000000000e+00 Lhat=0.0000000000e+00
KNUTH_SUBTREE root=767 depth=28 w=2.2377456424e+39 Shat=5.2876000000e+01 Lhat=0.0000000000e+00
KNUTH_SUBTREE root=768 depth=28 w=3.1553215562e+38 Shat=3.0022000000e+01 Lhat=0.0000000000e+00
KNUTH_SUBTREE root=769 depth=28 w=5.9984120586e+38 Shat=4.8088000000e+01 Lhat=0.0000000000e+00
KNUTH_SUBTREE root=770 depth=28 w=1.1977267818e+39 Shat=1.4005000000e+01 Lhat=0.0000000000e+00
KNUTH_SUBTREE root=771 depth=28 w=2.0944204852e+38 Shat=1.0000000000e+00 Lhat=0.0000000000e+00
KNUTH_SUBTREE root=772 depth=28 w=2.5670392284e+38 Shat=1.8972000000e+01 Lhat=0.0000000000e+00
KNUTH_SUBTREE root=773 depth=28 w=3.5961128756e+37 Shat=3.0000000000e+00 Lhat=0.0000000000e+00
KNUTH_SUBTREE root=774 depth=28 w=2.0789479524e+38 Shat=3.5920000000e+01 Lhat=0.0000000000e+00
KNUTH_SUBTREE root=775 depth=28 w=3.1110063194e+38 Shat=3.0000000000e+00 Lhat=0.0000000000e+00
KNUTH_SUBTREE root=776 depth=28 w=2.0836197647e+39 Shat=2.0000000000e+00 Lhat=0.0000000000e+00
KNUTH_SUBTREE root=777 depth=28 w=1.5518735216e+38 Shat=2.3176000000e+01 Lhat=0.0000000000e+00
KNUTH_SUBTREE root=778 depth=28 w=2.0772649123e+39 Shat=3.0000000000e+00 Lhat=0.0000000000e+00
KNUTH_SUBTREE root=779 depth=28 w=8.3702440896e+37 Shat=3.0000000000e+00 Lhat=0.0000000000e+00
KNUTH_SUBTREE root=780 depth=28 w=2.3058067765e+38 Shat=1.6744000000e+01 Lhat=0.0000000000e+00
KNUTH_SUBTREE root=781 depth=28 w=2.8271860600e+38 Shat=7.9928000000e+01 Lhat=0.0000000000e+00
KNUTH_SUBTREE root=782 depth=28 w=0 Shat=0 Lhat=0 dead=1
KNUTH_SUBTREE root=783 depth=28 w=6.4885658310e+38 Shat=6.6604000000e+01 Lhat=0.0000000000e+00
KNUTH_SUBTREE root=784 depth=28 w=8.6905325913e+38 Shat=1.2106000000e+01 Lhat=0.0000000000e+00
KNUTH_SUBTREE root=785 depth=28 w=8.6369166755e+37 Shat=1.6020000000e+01 Lhat=0.0000000000e+00
KNUTH_SUBTREE root=786 depth=28 w=1.2557043599e+38 Shat=1.9000000000e+01 Lhat=0.0000000000e+00
KNUTH_SUBTREE root=787 depth=28 w=6.0567774204e+38 Shat=4.2760000000e+01 Lhat=0.0000000000e+00
KNUTH_SUBTREE root=788 depth=28 w=3.4782227336e+38 Shat=1.9936000000e+01 Lhat=0.0000000000e+00
KNUTH_SUBTREE root=789 depth=28 w=0 Shat=0 Lhat=0 dead=1
KNUTH_SUBTREE root=790 depth=28 w=1.5392972133e+39 Shat=3.0000000000e+00 Lhat=0.0000000000e+00
KNUTH_SUBTREE root=791 depth=28 w=3.8769494103e+38 Shat=3.9500000000e+00 Lhat=0.0000000000e+00
KNUTH_SUBTREE root=792 depth=28 w=3.2851260561e+36 Shat=1.0000000000e+00 Lhat=0.0000000000e+00
KNUTH_SUBTREE root=793 depth=28 w=2.1304586589e+39 Shat=4.0162000000e+01 Lhat=0.0000000000e+00
KNUTH_SUBTREE root=794 depth=28 w=1.3611003875e+38 Shat=3.0000000000e+00 Lhat=0.0000000000e+00
KNUTH_SUBTREE root=795 depth=28 w=3.1017274853e+38 Shat=3.0000000000e+00 Lhat=0.0000000000e+00
KNUTH_SUBTREE root=796 depth=28 w=0 Shat=0 Lhat=0 dead=1
KNUTH_SUBTREE root=797 depth=28 w=1.7791166024e+38 Shat=1.5000000000e+01 Lhat=0.0000000000e+00
KNUTH_SUBTREE root=798 depth=28 w=8.9933498537e+38 Shat=3.0000000000e+00 Lhat=0.0000000000e+00
KNUTH_SUBTREE root=799 depth=28 w=1.2749773802e+38 Shat=6.2128000000e+01 Lhat=0.0000000000e+00
KNUTH_SUBTREE root=800 depth=28 w=1.3115380438e+38 Shat=5.0800000000e+01 Lhat=0.0000000000e+00
KNUTH_SUBTREE root=801 depth=28 w=8.0666413203e+38 Shat=2.0000000000e+00 Lhat=0.0000000000e+00
KNUTH_SUBTREE root=802 depth=28 w=1.6492143678e+38 Shat=6.0000000000e+00 Lhat=0.0000000000e+00
KNUTH_SUBTREE root=803 depth=28 w=4.1086077706e+38 Shat=1.7176000000e+01 Lhat=0.0000000000e+00
KNUTH_SUBTREE root=804 depth=28 w=1.2073314816e+39 Shat=7.3303000000e+01 Lhat=0.0000000000e+00
KNUTH_SUBTREE root=805 depth=28 w=2.1171702207e+38 Shat=4.8400000000e+01 Lhat=0.0000000000e+00
KNUTH_SUBTREE root=806 depth=28 w=1.3767902826e+39 Shat=7.0000000000e+00 Lhat=0.0000000000e+00
KNUTH_SUBTREE root=807 depth=28 w=2.2384418017e+38 Shat=1.5000000000e+01 Lhat=0.0000000000e+00
KNUTH_SUBTREE root=808 depth=28 w=1.8410282488e+38 Shat=4.9400000000e+00 Lhat=0.0000000000e+00
KNUTH_SUBTREE root=809 depth=28 w=0 Shat=0 Lhat=0 dead=1
KNUTH_SUBTREE root=810 depth=28 w=1.2761671862e+38 Shat=9.0000000000e+00 Lhat=0.0000000000e+00
KNUTH_SUBTREE root=811 depth=28 w=1.1138375953e+39 Shat=3.0000000000e+00 Lhat=0.0000000000e+00
KNUTH_SUBTREE root=812 depth=28 w=3.7340066171e+38 Shat=5.0280000000e+00 Lhat=0.0000000000e+00
KNUTH_SUBTREE root=813 depth=28 w=2.3756966659e+38 Shat=1.0000000000e+00 Lhat=0.0000000000e+00
KNUTH_SUBTREE root=814 depth=28 w=2.1767807040e+37 Shat=9.0100000000e+00 Lhat=0.0000000000e+00
KNUTH_SUBTREE root=815 depth=28 w=1.5696957653e+37 Shat=1.0000000000e+00 Lhat=0.0000000000e+00
KNUTH_SUBTREE root=816 depth=28 w=0 Shat=0 Lhat=0 dead=1
KNUTH_SUBTREE root=817 depth=28 w=1.6118601936e+37 Shat=1.0000000000e+01 Lhat=0.0000000000e+00
KNUTH_SUBTREE root=818 depth=28 w=3.1405589937e+39 Shat=3.1036000000e+01 Lhat=0.0000000000e+00
KNUTH_SUBTREE root=819 depth=28 w=5.4767166874e+38 Shat=2.8728000000e+01 Lhat=0.0000000000e+00
KNUTH_SUBTREE root=820 depth=28 w=2.5741899031e+39 Shat=2.0284000000e+01 Lhat=0.0000000000e+00
KNUTH_SUBTREE root=821 depth=28 w=6.0678323499e+38 Shat=3.6772000000e+01 Lhat=0.0000000000e+00
KNUTH_SUBTREE root=822 depth=28 w=3.4832992361e+38 Shat=2.6880000000e+01 Lhat=0.0000000000e+00
KNUTH_SUBTREE root=823 depth=28 w=1.1697189348e+38 Shat=4.0000000000e+00 Lhat=0.0000000000e+00
KNUTH_SUBTREE root=824 depth=28 w=1.8968928767e+38 Shat=2.6672000000e+01 Lhat=0.0000000000e+00
KNUTH_SUBTREE root=825 depth=28 w=1.3566454182e+39 Shat=3.4558000000e+01 Lhat=0.0000000000e+00
KNUTH_SUBTREE root=826 depth=28 w=4.5255800565e+37 Shat=1.0912000000e+01 Lhat=0.0000000000e+00
KNUTH_SUBTREE root=827 depth=28 w=1.1846229020e+37 Shat=1.0000000000e+00 Lhat=0.0000000000e+00
KNUTH_SUBTREE root=828 depth=28 w=4.0232325486e+38 Shat=1.2490000000e+02 Lhat=0.0000000000e+00
KNUTH_SUBTREE root=829 depth=28 w=5.2873943737e+38 Shat=1.3000000000e+01 Lhat=0.0000000000e+00
KNUTH_SUBTREE root=830 depth=28 w=2.6032517045e+39 Shat=1.0042000000e+01 Lhat=0.0000000000e+00
KNUTH_SUBTREE root=831 depth=28 w=5.1703902178e+38 Shat=1.6048000000e+01 Lhat=0.0000000000e+00
KNUTH_SUBTREE root=832 depth=28 w=8.7894113946e+38 Shat=5.1904000000e+01 Lhat=0.0000000000e+00
KNUTH_SUBTREE root=833 depth=28 w=2.4024770665e+38 Shat=3.2936000000e+01 Lhat=0.0000000000e+00
KNUTH_SUBTREE root=834 depth=28 w=8.4118171070e+37 Shat=2.0000000000e+00 Lhat=0.0000000000e+00
KNUTH_SUBTREE root=835 depth=28 w=2.8305709729e+38 Shat=1.3000000000e+01 Lhat=0.0000000000e+00
KNUTH_SUBTREE root=836 depth=28 w=6.7837157589e+38 Shat=1.0000000000e+00 Lhat=0.0000000000e+00
KNUTH_SUBTREE root=837 depth=28 w=7.6640335597e+38 Shat=1.0000000000e+00 Lhat=0.0000000000e+00
KNUTH_SUBTREE root=838 depth=28 w=3.4655696262e+37 Shat=7.0000000000e+00 Lhat=0.0000000000e+00
KNUTH_SUBTREE root=839 depth=28 w=2.7060888068e+39 Shat=9.2777000000e+01 Lhat=0.0000000000e+00
KNUTH_SUBTREE root=840 depth=28 w=1.5667471393e+37 Shat=2.0000000000e+00 Lhat=0.0000000000e+00
KNUTH_SUBTREE root=841 depth=28 w=3.8443446711e+38 Shat=1.8992000000e+01 Lhat=0.0000000000e+00
KNUTH_SUBTREE root=842 depth=28 w=1.9782739052e+38 Shat=2.2005000000e+01 Lhat=0.0000000000e+00
KNUTH_SUBTREE root=843 depth=28 w=2.0741079813e+38 Shat=9.3984000000e+01 Lhat=0.0000000000e+00
KNUTH_SUBTREE root=844 depth=28 w=1.2299272455e+38 Shat=2.0000000000e+00 Lhat=0.0000000000e+00
KNUTH_SUBTREE root=845 depth=28 w=8.8754487238e+38 Shat=4.3156000000e+01 Lhat=0.0000000000e+00
KNUTH_SUBTREE root=846 depth=28 w=2.1619275633e+39 Shat=3.2360000000e+01 Lhat=0.0000000000e+00
KNUTH_SUBTREE root=847 depth=28 w=0 Shat=0 Lhat=0 dead=1
KNUTH_SUBTREE root=848 depth=28 w=0 Shat=0 Lhat=0 dead=1
KNUTH_SUBTREE root=849 depth=28 w=2.3713153189e+39 Shat=5.4960000000e+01 Lhat=0.0000000000e+00
KNUTH_SUBTREE root=850 depth=28 w=1.8351608710e+39 Shat=4.0924000000e+01 Lhat=0.0000000000e+00
KNUTH_SUBTREE root=851 depth=28 w=8.5348310563e+38 Shat=7.2218000000e+01 Lhat=0.0000000000e+00
KNUTH_SUBTREE root=852 depth=28 w=1.7509730952e+39 Shat=1.0076000000e+01 Lhat=0.0000000000e+00
KNUTH_SUBTREE root=853 depth=28 w=2.5189859536e+37 Shat=1.0000000000e+00 Lhat=0.0000000000e+00
KNUTH_SUBTREE root=854 depth=28 w=1.5667982829e+38 Shat=1.0000000000e+00 Lhat=0.0000000000e+00
KNUTH_SUBTREE root=855 depth=28 w=2.7531924802e+39 Shat=4.0000000000e+00 Lhat=0.0000000000e+00
KNUTH_SUBTREE root=856 depth=28 w=3.0584094742e+39 Shat=3.9780000000e+01 Lhat=0.0000000000e+00
KNUTH_SUBTREE root=857 depth=28 w=7.1660298001e+38 Shat=4.0000000000e+00 Lhat=0.0000000000e+00
KNUTH_SUBTREE root=858 depth=28 w=6.1454925479e+38 Shat=1.0243600000e+02 Lhat=0.0000000000e+00
KNUTH_SUBTREE root=859 depth=28 w=5.1537885189e+38 Shat=4.5130000000e+01 Lhat=0.0000000000e+00
KNUTH_SUBTREE root=860 depth=28 w=2.0778289601e+39 Shat=1.7356000000e+01 Lhat=0.0000000000e+00
KNUTH_SUBTREE root=861 depth=28 w=1.4669519880e+38 Shat=1.8224000000e+01 Lhat=0.0000000000e+00
KNUTH_SUBTREE root=862 depth=28 w=1.0624608460e+39 Shat=1.1461000000e+02 Lhat=0.0000000000e+00
KNUTH_SUBTREE root=863 depth=28 w=1.9359380908e+38 Shat=5.9440000000e+00 Lhat=0.0000000000e+00
KNUTH_SUBTREE root=864 depth=28 w=3.7605820715e+38 Shat=1.0000000000e+00 Lhat=0.0000000000e+00
KNUTH_SUBTREE root=865 depth=28 w=7.1106545192e+38 Shat=3.1024000000e+01 Lhat=0.0000000000e+00
KNUTH_SUBTREE root=866 depth=28 w=1.2359292615e+39 Shat=6.0000000000e+00 Lhat=0.0000000000e+00
KNUTH_SUBTREE root=867 depth=28 w=2.3440330378e+38 Shat=7.9810000000e+00 Lhat=0.0000000000e+00
KNUTH_SUBTREE root=868 depth=28 w=3.3516558295e+39 Shat=7.9804000000e+01 Lhat=0.0000000000e+00
KNUTH_SUBTREE root=869 depth=28 w=6.7184339664e+38 Shat=2.0000000000e+00 Lhat=0.0000000000e+00
KNUTH_SUBTREE root=870 depth=28 w=7.0199475857e+38 Shat=6.7690000000e+01 Lhat=0.0000000000e+00
KNUTH_SUBTREE root=871 depth=28 w=4.4467696760e+38 Shat=5.0000000000e+00 Lhat=0.0000000000e+00
KNUTH_SUBTREE root=872 depth=28 w=0 Shat=0 Lhat=0 dead=1
KNUTH_SUBTREE root=873 depth=28 w=3.7892327059e+38 Shat=2.0000000000e+00 Lhat=0.0000000000e+00
KNUTH_SUBTREE root=874 depth=28 w=2.7363201615e+38 Shat=2.0000000000e+00 Lhat=0.0000000000e+00
KNUTH_SUBTREE root=875 depth=28 w=1.5308492565e+39 Shat=3.4719000000e+01 Lhat=0.0000000000e+00
KNUTH_SUBTREE root=876 depth=28 w=1.0305896326e+36 Shat=1.0000000000e+00 Lhat=0.0000000000e+00
KNUTH_SUBTREE root=877 depth=28 w=6.2600831009e+37 Shat=7.0000000000e+00 Lhat=0.0000000000e+00
KNUTH_SUBTREE root=878 depth=28 w=1.0946244874e+37 Shat=1.0000000000e+00 Lhat=0.0000000000e+00
KNUTH_SUBTREE root=879 depth=28 w=1.8174655145e+39 Shat=1.8843000000e+01 Lhat=0.0000000000e+00
KNUTH_SUBTREE root=880 depth=28 w=3.0405940661e+37 Shat=3.0000000000e+00 Lhat=0.0000000000e+00
KNUTH_SUBTREE root=881 depth=28 w=1.7571628610e+39 Shat=8.9600000000e+00 Lhat=0.0000000000e+00
KNUTH_SUBTREE root=882 depth=28 w=8.9694140398e+38 Shat=4.2784000000e+01 Lhat=0.0000000000e+00
KNUTH_SUBTREE root=883 depth=28 w=4.3455898924e+38 Shat=1.0000000000e+00 Lhat=0.0000000000e+00
KNUTH_SUBTREE root=884 depth=28 w=7.3442598152e+36 Shat=1.0000000000e+00 Lhat=0.0000000000e+00
KNUTH_SUBTREE root=885 depth=28 w=3.7511607790e+38 Shat=1.0000000000e+01 Lhat=0.0000000000e+00
KNUTH_SUBTREE root=886 depth=28 w=1.6223303670e+38 Shat=5.6888000000e+01 Lhat=0.0000000000e+00
KNUTH_SUBTREE root=887 depth=28 w=5.6067825365e+38 Shat=1.0000000000e+00 Lhat=0.0000000000e+00
KNUTH_SUBTREE root=888 depth=28 w=2.7187321602e+38 Shat=1.5000000000e+01 Lhat=0.0000000000e+00
KNUTH_SUBTREE root=889 depth=28 w=4.4554799427e+38 Shat=1.2930000000e+01 Lhat=0.0000000000e+00
KNUTH_SUBTREE root=890 depth=28 w=1.5293328462e+39 Shat=5.8952000000e+01 Lhat=0.0000000000e+00
KNUTH_SUBTREE root=891 depth=28 w=7.9369392073e+38 Shat=1.0976000000e+01 Lhat=0.0000000000e+00
KNUTH_SUBTREE root=892 depth=28 w=2.2692149268e+39 Shat=1.0476800000e+02 Lhat=0.0000000000e+00
KNUTH_SUBTREE root=893 depth=28 w=1.1835112710e+38 Shat=1.0000000000e+00 Lhat=0.0000000000e+00
KNUTH_SUBTREE root=894 depth=28 w=5.7315581372e+38 Shat=1.5000000000e+01 Lhat=0.0000000000e+00
KNUTH_SUBTREE root=895 depth=28 w=9.0755887270e+37 Shat=1.0000000000e+00 Lhat=0.0000000000e+00
KNUTH_SUBTREE root=896 depth=28 w=1.1349973623e+39 Shat=5.0000000000e+00 Lhat=0.0000000000e+00
KNUTH_SUBTREE root=897 depth=28 w=5.0564401430e+37 Shat=1.0000000000e+00 Lhat=0.0000000000e+00
KNUTH_SUBTREE root=898 depth=28 w=8.9826472754e+38 Shat=5.0000000000e+00 Lhat=0.0000000000e+00
KNUTH_SUBTREE root=899 depth=28 w=7.0718000225e+38 Shat=1.5742000000e+01 Lhat=0.0000000000e+00
KNUTH_SUBTREE root=900 depth=28 w=2.6128061368e+38 Shat=1.0000000000e+00 Lhat=0.0000000000e+00
KNUTH_SUBTREE root=901 depth=28 w=5.0877486185e+38 Shat=1.1108000000e+01 Lhat=0.0000000000e+00
KNUTH_SUBTREE root=902 depth=28 w=3.0258470719e+38 Shat=6.9928000000e+01 Lhat=0.0000000000e+00
KNUTH_SUBTREE root=903 depth=28 w=1.7183416457e+38 Shat=2.3650000000e+01 Lhat=0.0000000000e+00
KNUTH_SUBTREE root=904 depth=28 w=1.7569634778e+38 Shat=1.0000000000e+00 Lhat=0.0000000000e+00
KNUTH_SUBTREE root=905 depth=28 w=1.9452500887e+38 Shat=1.7288000000e+01 Lhat=0.0000000000e+00
KNUTH_SUBTREE root=906 depth=28 w=2.0093820598e+39 Shat=5.9230000000e+00 Lhat=0.0000000000e+00
KNUTH_SUBTREE root=907 depth=28 w=2.7013129317e+38 Shat=1.0000000000e+00 Lhat=0.0000000000e+00
KNUTH_SUBTREE root=908 depth=28 w=3.4201761938e+38 Shat=2.9700000000e+01 Lhat=0.0000000000e+00
KNUTH_SUBTREE root=909 depth=28 w=1.6025846783e+39 Shat=7.0000000000e+00 Lhat=0.0000000000e+00
KNUTH_SUBTREE root=910 depth=28 w=6.6334578330e+38 Shat=3.3200000000e+01 Lhat=0.0000000000e+00
KNUTH_SUBTREE root=911 depth=28 w=2.9202266201e+38 Shat=5.9995000000e+01 Lhat=0.0000000000e+00
KNUTH_SUBTREE root=912 depth=28 w=7.2749944360e+38 Shat=4.4865000000e+01 Lhat=0.0000000000e+00
KNUTH_SUBTREE root=913 depth=28 w=5.6921745054e+38 Shat=1.0000000000e+00 Lhat=0.0000000000e+00
KNUTH_SUBTREE root=914 depth=28 w=0 Shat=0 Lhat=0 dead=1
KNUTH_SUBTREE root=915 depth=28 w=6.6599262857e+37 Shat=1.8976000000e+01 Lhat=0.0000000000e+00
KNUTH_SUBTREE root=916 depth=28 w=4.7560323667e+38 Shat=7.0000000000e+00 Lhat=0.0000000000e+00
KNUTH_SUBTREE root=917 depth=28 w=4.0329657526e+38 Shat=3.0000000000e+00 Lhat=0.0000000000e+00
KNUTH_SUBTREE root=918 depth=28 w=2.9792627496e+38 Shat=7.3884000000e+01 Lhat=0.0000000000e+00
KNUTH_SUBTREE root=919 depth=28 w=3.3627827008e+39 Shat=8.9249000000e+01 Lhat=0.0000000000e+00
KNUTH_SUBTREE root=920 depth=28 w=1.2089894044e+38 Shat=7.6488000000e+01 Lhat=0.0000000000e+00
KNUTH_SUBTREE root=921 depth=28 w=2.0407127991e+38 Shat=2.9044000000e+01 Lhat=0.0000000000e+00
KNUTH_SUBTREE root=922 depth=28 w=8.6214859962e+38 Shat=1.0000000000e+00 Lhat=0.0000000000e+00
KNUTH_SUBTREE root=923 depth=28 w=9.7189717993e+38 Shat=1.0000000000e+00 Lhat=0.0000000000e+00
KNUTH_SUBTREE root=924 depth=28 w=8.0983895157e+38 Shat=4.0000000000e+00 Lhat=0.0000000000e+00
KNUTH_SUBTREE root=925 depth=28 w=2.6076073608e+39 Shat=1.1474000000e+02 Lhat=0.0000000000e+00
KNUTH_SUBTREE root=926 depth=28 w=6.7598154374e+38 Shat=3.0000000000e+00 Lhat=0.0000000000e+00
KNUTH_SUBTREE root=927 depth=28 w=1.0542937019e+38 Shat=4.6225000000e+01 Lhat=0.0000000000e+00
KNUTH_SUBTREE root=928 depth=28 w=4.5738686880e+38 Shat=3.0000000000e+00 Lhat=0.0000000000e+00
KNUTH_SUBTREE root=929 depth=28 w=6.0957553095e+38 Shat=2.5786000000e+01 Lhat=0.0000000000e+00
KNUTH_SUBTREE root=930 depth=28 w=8.4260634380e+37 Shat=3.0000000000e+00 Lhat=0.0000000000e+00
KNUTH_SUBTREE root=931 depth=28 w=4.7266762319e+38 Shat=5.4935000000e+01 Lhat=0.0000000000e+00
KNUTH_SUBTREE root=932 depth=28 w=1.8714510948e+38 Shat=8.9320000000e+00 Lhat=0.0000000000e+00
KNUTH_SUBTREE root=933 depth=28 w=1.7844807521e+38 Shat=5.0000000000e+00 Lhat=0.0000000000e+00
KNUTH_SUBTREE root=934 depth=28 w=1.7526938062e+38 Shat=5.0000000000e+00 Lhat=0.0000000000e+00
KNUTH_SUBTREE root=935 depth=28 w=1.5573564000e+38 Shat=1.9000000000e+01 Lhat=0.0000000000e+00
KNUTH_SUBTREE root=936 depth=28 w=1.7597623334e+38 Shat=6.0885000000e+01 Lhat=6.8250000000e+00
KNUTH_SUBTREE root=937 depth=28 w=4.6229623161e+37 Shat=2.0000000000e+00 Lhat=0.0000000000e+00
KNUTH_SUBTREE root=938 depth=28 w=2.3801119960e+39 Shat=6.9196000000e+01 Lhat=0.0000000000e+00
KNUTH_SUBTREE root=939 depth=28 w=3.0326415415e+36 Shat=2.0000000000e+00 Lhat=0.0000000000e+00
KNUTH_SUBTREE root=940 depth=28 w=3.5271555261e+38 Shat=4.2752000000e+01 Lhat=0.0000000000e+00
KNUTH_SUBTREE root=941 depth=28 w=3.3855560256e+38 Shat=2.3924000000e+01 Lhat=0.0000000000e+00
KNUTH_SUBTREE root=942 depth=28 w=9.9848199628e+38 Shat=4.0340000000e+00 Lhat=0.0000000000e+00
KNUTH_SUBTREE root=943 depth=28 w=1.0307699553e+37 Shat=1.0000000000e+00 Lhat=0.0000000000e+00
KNUTH_SUBTREE root=944 depth=28 w=1.5788651450e+38 Shat=1.0000000000e+00 Lhat=0.0000000000e+00
KNUTH_SUBTREE root=945 depth=28 w=6.8323126900e+38 Shat=7.0000000000e+00 Lhat=0.0000000000e+00
KNUTH_SUBTREE root=946 depth=28 w=4.6512981004e+38 Shat=4.0000000000e+00 Lhat=0.0000000000e+00
KNUTH_SUBTREE root=947 depth=28 w=3.7059755410e+37 Shat=5.0000000000e+00 Lhat=0.0000000000e+00
KNUTH_SUBTREE root=948 depth=28 w=8.4061739900e+38 Shat=3.0000000000e+00 Lhat=0.0000000000e+00
KNUTH_SUBTREE root=949 depth=28 w=2.9437158779e+37 Shat=3.0000000000e+00 Lhat=0.0000000000e+00
KNUTH_SUBTREE root=950 depth=28 w=4.5586203639e+37 Shat=7.0000000000e+00 Lhat=0.0000000000e+00
KNUTH_SUBTREE root=951 depth=28 w=2.9725000654e+39 Shat=1.5364000000e+01 Lhat=0.0000000000e+00
KNUTH_SUBTREE root=952 depth=28 w=2.5331866301e+39 Shat=4.9320000000e+01 Lhat=0.0000000000e+00
KNUTH_SUBTREE root=953 depth=28 w=1.0784233054e+39 Shat=4.2200000000e+01 Lhat=0.0000000000e+00
KNUTH_SUBTREE root=954 depth=28 w=1.5693481121e+38 Shat=3.0000000000e+00 Lhat=0.0000000000e+00
KNUTH_SUBTREE root=955 depth=28 w=2.9848606534e+38 Shat=2.2792000000e+01 Lhat=0.0000000000e+00
KNUTH_SUBTREE root=956 depth=28 w=1.3130686974e+39 Shat=6.0280000000e+00 Lhat=0.0000000000e+00
KNUTH_SUBTREE root=957 depth=28 w=8.9016459951e+38 Shat=5.0000000000e+00 Lhat=0.0000000000e+00
KNUTH_SUBTREE root=958 depth=28 w=2.0490087056e+38 Shat=1.2046000000e+01 Lhat=0.0000000000e+00
KNUTH_SUBTREE root=959 depth=28 w=5.8911125337e+38 Shat=3.2290000000e+01 Lhat=0.0000000000e+00
KNUTH_SUBTREE root=960 depth=28 w=6.0942866935e+37 Shat=1.5000000000e+01 Lhat=0.0000000000e+00
KNUTH_SUBTREE root=961 depth=28 w=9.1301256318e+38 Shat=1.3000000000e+01 Lhat=0.0000000000e+00
KNUTH_SUBTREE root=962 depth=28 w=0 Shat=0 Lhat=0 dead=1
KNUTH_SUBTREE root=963 depth=28 w=2.0545833254e+38 Shat=4.3016000000e+01 Lhat=0.0000000000e+00
KNUTH_SUBTREE root=964 depth=28 w=9.0860507868e+38 Shat=1.0000000000e+01 Lhat=0.0000000000e+00
KNUTH_SUBTREE root=965 depth=28 w=4.2972045936e+38 Shat=5.3892000000e+01 Lhat=0.0000000000e+00
KNUTH_SUBTREE root=966 depth=28 w=0 Shat=0 Lhat=0 dead=1
KNUTH_SUBTREE root=967 depth=28 w=8.3780262411e+37 Shat=5.0000000000e+00 Lhat=0.0000000000e+00
KNUTH_SUBTREE root=968 depth=28 w=3.5899141089e+38 Shat=3.0000000000e+00 Lhat=0.0000000000e+00
KNUTH_SUBTREE root=969 depth=28 w=1.1878936877e+39 Shat=4.9960000000e+00 Lhat=0.0000000000e+00
KNUTH_SUBTREE root=970 depth=28 w=1.4547024698e+39 Shat=4.0000000000e+00 Lhat=0.0000000000e+00
KNUTH_SUBTREE root=971 depth=28 w=2.5084614023e+38 Shat=8.9206000000e+01 Lhat=0.0000000000e+00
KNUTH_SUBTREE root=972 depth=28 w=1.2456135231e+39 Shat=4.6864000000e+01 Lhat=0.0000000000e+00
KNUTH_SUBTREE root=973 depth=28 w=2.5219435805e+38 Shat=2.1000000000e+01 Lhat=0.0000000000e+00
KNUTH_SUBTREE root=974 depth=28 w=1.6623433013e+36 Shat=1.0000000000e+00 Lhat=0.0000000000e+00
KNUTH_SUBTREE root=975 depth=28 w=6.9506691816e+37 Shat=3.0000000000e+00 Lhat=0.0000000000e+00
KNUTH_SUBTREE root=976 depth=28 w=0 Shat=0 Lhat=0 dead=1
KNUTH_SUBTREE root=977 depth=28 w=2.8906608488e+39 Shat=1.7359000000e+01 Lhat=0.0000000000e+00
KNUTH_SUBTREE root=978 depth=28 w=1.1372955287e+37 Shat=1.0000000000e+00 Lhat=0.0000000000e+00
KNUTH_SUBTREE root=979 depth=28 w=1.2167668852e+38 Shat=1.3000000000e+01 Lhat=0.0000000000e+00
KNUTH_SUBTREE root=980 depth=28 w=1.1335682984e+38 Shat=1.0000000000e+01 Lhat=0.0000000000e+00
KNUTH_SUBTREE root=981 depth=28 w=2.1558563275e+38 Shat=1.0509700000e+02 Lhat=0.0000000000e+00
KNUTH_SUBTREE root=982 depth=28 w=7.6279248187e+37 Shat=4.0000000000e+00 Lhat=0.0000000000e+00
KNUTH_SUBTREE root=983 depth=28 w=5.8955964758e+37 Shat=1.7996000000e+01 Lhat=0.0000000000e+00
KNUTH_SUBTREE root=984 depth=28 w=2.1997103542e+37 Shat=3.0000000000e+00 Lhat=0.0000000000e+00
KNUTH_SUBTREE root=985 depth=28 w=5.0191867222e+38 Shat=2.9788000000e+01 Lhat=0.0000000000e+00
KNUTH_SUBTREE root=986 depth=28 w=7.9376612172e+37 Shat=3.0000000000e+00 Lhat=0.0000000000e+00
KNUTH_SUBTREE root=987 depth=28 w=9.1214855547e+38 Shat=7.0000000000e+00 Lhat=0.0000000000e+00
KNUTH_SUBTREE root=988 depth=28 w=1.3712869356e+39 Shat=1.0984000000e+01 Lhat=0.0000000000e+00
KNUTH_SUBTREE root=989 depth=28 w=2.9937659643e+38 Shat=6.6115000000e+01 Lhat=0.0000000000e+00
KNUTH_SUBTREE root=990 depth=28 w=9.3233705106e+37 Shat=3.0000000000e+00 Lhat=0.0000000000e+00
KNUTH_SUBTREE root=991 depth=28 w=9.0324787309e+38 Shat=3.6345000000e+01 Lhat=3.9200000000e+00
KNUTH_SUBTREE root=992 depth=28 w=3.4634205735e+38 Shat=4.5560000000e+01 Lhat=0.0000000000e+00
KNUTH_SUBTREE root=993 depth=28 w=1.2981895540e+38 Shat=3.0000000000e+00 Lhat=0.0000000000e+00
KNUTH_SUBTREE root=994 depth=28 w=3.2296958451e+38 Shat=1.0000000000e+01 Lhat=0.0000000000e+00
KNUTH_SUBTREE root=995 depth=28 w=4.9758409379e+37 Shat=1.0000000000e+00 Lhat=0.0000000000e+00
KNUTH_SUBTREE root=996 depth=28 w=1.3821943185e+39 Shat=2.2652000000e+01 Lhat=0.0000000000e+00
KNUTH_SUBTREE root=997 depth=28 w=2.4732493811e+39 Shat=1.6246000000e+01 Lhat=0.0000000000e+00
KNUTH_SUBTREE root=998 depth=28 w=6.6319960342e+37 Shat=1.0000000000e+00 Lhat=0.0000000000e+00
KNUTH_SUBTREE root=999 depth=28 w=1.5935256832e+39 Shat=2.8246000000e+01 Lhat=0.0000000000e+00
KNUTH_SUBTREE root=1000 depth=28 w=1.3643447748e+38 Shat=1.7000000000e+01 Lhat=0.0000000000e+00
KNUTH_SUBTREE root=1001 depth=28 w=0 Shat=0 Lhat=0 dead=1
KNUTH_SUBTREE root=1002 depth=28 w=9.0378946152e+37 Shat=3.0000000000e+00 Lhat=0.0000000000e+00
KNUTH_SUBTREE root=1003 depth=28 w=0 Shat=0 Lhat=0 dead=1
KNUTH_SUBTREE root=1004 depth=28 w=9.6727185606e+37 Shat=2.0000000000e+00 Lhat=0.0000000000e+00
KNUTH_SUBTREE root=1005 depth=28 w=3.6087467247e+36 Shat=1.0000000000e+00 Lhat=0.0000000000e+00
KNUTH_SUBTREE root=1006 depth=28 w=8.5934351343e+38 Shat=2.2904000000e+01 Lhat=0.0000000000e+00
KNUTH_SUBTREE root=1007 depth=28 w=8.9399504287e+37 Shat=1.0000000000e+00 Lhat=0.0000000000e+00
KNUTH_SUBTREE root=1008 depth=28 w=2.3958006738e+39 Shat=7.6786000000e+01 Lhat=0.0000000000e+00
KNUTH_SUBTREE root=1009 depth=28 w=1.8130466006e+39 Shat=4.6540000000e+01 Lhat=0.0000000000e+00
KNUTH_SUBTREE root=1010 depth=28 w=1.1505304865e+38 Shat=5.0140000000e+01 Lhat=0.0000000000e+00
KNUTH_SUBTREE root=1011 depth=28 w=1.9977378981e+38 Shat=2.1000000000e+01 Lhat=0.0000000000e+00
KNUTH_SUBTREE root=1012 depth=28 w=1.9647983651e+37 Shat=1.0000000000e+00 Lhat=0.0000000000e+00
KNUTH_SUBTREE root=1013 depth=28 w=4.1419117494e+37 Shat=1.0000000000e+00 Lhat=0.0000000000e+00
KNUTH_SUBTREE root=1014 depth=28 w=1.4955372665e+38 Shat=4.0000000000e+00 Lhat=0.0000000000e+00
KNUTH_SUBTREE root=1015 depth=28 w=2.7554880774e+37 Shat=1.0000000000e+00 Lhat=0.0000000000e+00
KNUTH_SUBTREE root=1016 depth=28 w=4.7723467789e+37 Shat=1.5072000000e+01 Lhat=0.0000000000e+00
KNUTH_SUBTREE root=1017 depth=28 w=6.3097335461e+37 Shat=2.2695000000e+01 Lhat=0.0000000000e+00
KNUTH_SUBTREE root=1018 depth=28 w=4.6094840834e+37 Shat=2.0000000000e+00 Lhat=0.0000000000e+00
KNUTH_SUBTREE root=1019 depth=28 w=7.4995349855e+38 Shat=5.0240000000e+00 Lhat=0.0000000000e+00
KNUTH_SUBTREE root=1020 depth=28 w=2.7611278442e+39 Shat=5.0000000000e+00 Lhat=0.0000000000e+00
KNUTH_SUBTREE root=1021 depth=28 w=0 Shat=0 Lhat=0 dead=1
KNUTH_SUBTREE root=1022 depth=28 w=2.3675730774e+39 Shat=5.5000000000e+01 Lhat=0.0000000000e+00
KNUTH_SUBTREE root=1023 depth=28 w=5.6709730294e+38 Shat=1.0000000000e+00 Lhat=0.0000000000e+00
KNUTH_SUBTREE root=1024 depth=28 w=1.3546113795e+37 Shat=1.0000000000e+00 Lhat=0.0000000000e+00
KNUTH_SUBTREE root=1025 depth=28 w=1.5034818108e+39 Shat=1.6832000000e+01 Lhat=0.0000000000e+00
KNUTH_SUBTREE root=1026 depth=28 w=0 Shat=0 Lhat=0 dead=1
KNUTH_SUBTREE root=1027 depth=28 w=1.0518716889e+39 Shat=3.0000000000e+00 Lhat=0.0000000000e+00
KNUTH_SUBTREE root=1028 depth=28 w=4.9449913903e+38 Shat=4.1074000000e+01 Lhat=0.0000000000e+00
KNUTH_SUBTREE root=1029 depth=28 w=1.3811383501e+39 Shat=1.5000000000e+01 Lhat=0.0000000000e+00
KNUTH_SUBTREE root=1030 depth=28 w=1.8641891215e+39 Shat=2.0535000000e+01 Lhat=0.0000000000e+00
KNUTH_SUBTREE root=1031 depth=28 w=6.2853477066e+38 Shat=5.0000000000e+00 Lhat=0.0000000000e+00
KNUTH_SUBTREE root=1032 depth=28 w=3.6504473001e+38 Shat=3.0000000000e+00 Lhat=0.0000000000e+00
KNUTH_SUBTREE root=1033 depth=28 w=1.6914678367e+39 Shat=1.4988000000e+01 Lhat=0.0000000000e+00
KNUTH_SUBTREE root=1034 depth=28 w=3.9992062341e+38 Shat=3.0000000000e+00 Lhat=0.0000000000e+00
KNUTH_SUBTREE root=1035 depth=28 w=3.6028599749e+38 Shat=6.5806000000e+01 Lhat=0.0000000000e+00
KNUTH_SUBTREE root=1036 depth=28 w=2.0150157712e+37 Shat=1.0000000000e+00 Lhat=0.0000000000e+00
KNUTH_SUBTREE root=1037 depth=28 w=6.6496841653e+36 Shat=2.0000000000e+00 Lhat=0.0000000000e+00
KNUTH_SUBTREE root=1038 depth=28 w=1.5454584063e+39 Shat=1.1078800000e+02 Lhat=0.0000000000e+00
KNUTH_SUBTREE root=1039 depth=28 w=1.1783072524e+37 Shat=5.0000000000e+00 Lhat=0.0000000000e+00
KNUTH_SUBTREE root=1040 depth=28 w=3.5251905957e+38 Shat=1.5996800000e+02 Lhat=0.0000000000e+00
KNUTH_SUBTREE root=1041 depth=28 w=3.5318908420e+38 Shat=8.4496000000e+01 Lhat=0.0000000000e+00
KNUTH_SUBTREE root=1042 depth=28 w=1.9634279248e+39 Shat=1.4885000000e+01 Lhat=0.0000000000e+00
KNUTH_SUBTREE root=1043 depth=28 w=3.9411650201e+37 Shat=3.0000000000e+00 Lhat=0.0000000000e+00
KNUTH_SUBTREE root=1044 depth=28 w=4.1051363454e+38 Shat=2.0000000000e+00 Lhat=0.0000000000e+00
KNUTH_SUBTREE root=1045 depth=28 w=2.9562299873e+38 Shat=1.5000000000e+01 Lhat=0.0000000000e+00
KNUTH_SUBTREE root=1046 depth=28 w=1.6881133797e+39 Shat=2.3038000000e+02 Lhat=0.0000000000e+00
KNUTH_SUBTREE root=1047 depth=28 w=5.7000079801e+37 Shat=3.0000000000e+00 Lhat=0.0000000000e+00
KNUTH_SUBTREE root=1048 depth=28 w=6.8490337666e+38 Shat=1.0976000000e+01 Lhat=0.0000000000e+00
KNUTH_SUBTREE root=1049 depth=28 w=1.1453537546e+38 Shat=1.0000000000e+00 Lhat=0.0000000000e+00
KNUTH_SUBTREE root=1050 depth=28 w=9.3266412845e+37 Shat=1.0000000000e+00 Lhat=0.0000000000e+00
KNUTH_SUBTREE root=1051 depth=28 w=5.2576466410e+38 Shat=7.4512000000e+01 Lhat=0.0000000000e+00
KNUTH_SUBTREE root=1052 depth=28 w=9.0027331458e+37 Shat=1.3000000000e+01 Lhat=0.0000000000e+00
KNUTH_SUBTREE root=1053 depth=28 w=2.5482284613e+39 Shat=6.9100000000e+00 Lhat=0.0000000000e+00
KNUTH_SUBTREE root=1054 depth=28 w=1.7544998570e+38 Shat=3.9912000000e+01 Lhat=0.0000000000e+00
KNUTH_SUBTREE root=1055 depth=28 w=1.0568591586e+39 Shat=4.7344000000e+01 Lhat=0.0000000000e+00
KNUTH_SUBTREE root=1056 depth=28 w=1.2816415313e+39 Shat=1.1000000000e+01 Lhat=0.0000000000e+00
KNUTH_SUBTREE root=1057 depth=28 w=1.2193718393e+39 Shat=3.7806000000e+01 Lhat=0.0000000000e+00
KNUTH_SUBTREE root=1058 depth=28 w=2.1879663562e+39 Shat=1.0000000000e+00 Lhat=0.0000000000e+00
KNUTH_SUBTREE root=1059 depth=28 w=6.6295034046e+38 Shat=3.0000000000e+00 Lhat=0.0000000000e+00
KNUTH_SUBTREE root=1060 depth=28 w=2.4229644523e+38 Shat=1.0461600000e+02 Lhat=0.0000000000e+00
KNUTH_SUBTREE root=1061 depth=28 w=1.8571018550e+36 Shat=1.0000000000e+00 Lhat=0.0000000000e+00
KNUTH_SUBTREE root=1062 depth=28 w=2.0410861792e+39 Shat=3.0000000000e+00 Lhat=0.0000000000e+00
KNUTH_SUBTREE root=1063 depth=28 w=2.2706765612e+38 Shat=5.3092000000e+01 Lhat=0.0000000000e+00
KNUTH_SUBTREE root=1064 depth=28 w=1.2310507729e+35 Shat=1.0000000000e+00 Lhat=0.0000000000e+00
KNUTH_SUBTREE root=1065 depth=28 w=5.1669155464e+36 Shat=3.0000000000e+00 Lhat=0.0000000000e+00
KNUTH_SUBTREE root=1066 depth=28 w=1.7290124538e+39 Shat=6.0000000000e+00 Lhat=0.0000000000e+00
KNUTH_SUBTREE root=1067 depth=28 w=0 Shat=0 Lhat=0 dead=1
KNUTH_SUBTREE root=1068 depth=28 w=1.7708493565e+39 Shat=7.0000000000e+00 Lhat=0.0000000000e+00
KNUTH_SUBTREE root=1069 depth=28 w=1.4388858647e+38 Shat=1.1965000000e+01 Lhat=0.0000000000e+00
KNUTH_SUBTREE root=1070 depth=28 w=9.3321756163e+38 Shat=3.4675000000e+01 Lhat=0.0000000000e+00
KNUTH_SUBTREE root=1071 depth=28 w=5.4269510395e+38 Shat=4.0000000000e+00 Lhat=0.0000000000e+00
KNUTH_SUBTREE root=1072 depth=28 w=5.8376978734e+37 Shat=1.0000000000e+00 Lhat=0.0000000000e+00
KNUTH_SUBTREE root=1073 depth=28 w=1.9498505617e+39 Shat=4.2622000000e+01 Lhat=0.0000000000e+00
KNUTH_SUBTREE root=1074 depth=28 w=3.6031840826e+38 Shat=3.8330000000e+01 Lhat=8.4000000000e+00
KNUTH_SUBTREE root=1075 depth=28 w=1.4371976722e+38 Shat=7.0000000000e+00 Lhat=0.0000000000e+00
KNUTH_SUBTREE root=1076 depth=28 w=9.1164263263e+38 Shat=1.6407000000e+01 Lhat=0.0000000000e+00
KNUTH_SUBTREE root=1077 depth=28 w=1.6538651390e+36 Shat=1.0000000000e+00 Lhat=0.0000000000e+00
KNUTH_SUBTREE root=1078 depth=28 w=5.0531138740e+38 Shat=3.0000000000e+00 Lhat=0.0000000000e+00
KNUTH_SUBTREE root=1079 depth=28 w=4.6404127030e+38 Shat=6.2733000000e+01 Lhat=0.0000000000e+00
KNUTH_SUBTREE root=1080 depth=28 w=2.1699053118e+38 Shat=4.0844000000e+01 Lhat=0.0000000000e+00
KNUTH_SUBTREE root=1081 depth=28 w=7.6249550557e+38 Shat=4.5295000000e+01 Lhat=0.0000000000e+00
KNUTH_SUBTREE root=1082 depth=28 w=8.7272105820e+38 Shat=4.1676000000e+01 Lhat=0.0000000000e+00
KNUTH_SUBTREE root=1083 depth=28 w=1.2458439552e+38 Shat=2.0000000000e+00 Lhat=0.0000000000e+00
KNUTH_SUBTREE root=1084 depth=28 w=7.2611239859e+38 Shat=3.0120000000e+01 Lhat=1.5200000000e+00
KNUTH_SUBTREE root=1085 depth=28 w=2.6160423767e+39 Shat=2.5000000000e+01 Lhat=0.0000000000e+00
KNUTH_SUBTREE root=1086 depth=28 w=9.6697213621e+38 Shat=1.4474400000e+02 Lhat=0.0000000000e+00
KNUTH_SUBTREE root=1087 depth=28 w=4.1022077504e+38 Shat=7.0000000000e+00 Lhat=0.0000000000e+00
KNUTH_SUBTREE root=1088 depth=28 w=3.1347701910e+38 Shat=9.0000000000e+00 Lhat=0.0000000000e+00
KNUTH_SUBTREE root=1089 depth=28 w=3.2485675240e+39 Shat=5.9996000000e+01 Lhat=0.0000000000e+00
KNUTH_SUBTREE root=1090 depth=28 w=8.3945311201e+38 Shat=4.5060000000e+01 Lhat=0.0000000000e+00
KNUTH_SUBTREE root=1091 depth=28 w=4.0187081966e+38 Shat=5.4095000000e+01 Lhat=0.0000000000e+00
KNUTH_SUBTREE root=1092 depth=28 w=2.8233949380e+38 Shat=1.5140000000e+01 Lhat=0.0000000000e+00
KNUTH_SUBTREE root=1093 depth=28 w=4.4850758650e+38 Shat=4.0000000000e+00 Lhat=0.0000000000e+00
KNUTH_SUBTREE root=1094 depth=28 w=2.6947535894e+39 Shat=1.6452800000e+02 Lhat=0.0000000000e+00
KNUTH_SUBTREE root=1095 depth=28 w=4.4959311587e+38 Shat=7.0000000000e+00 Lhat=0.0000000000e+00
KNUTH_SUBTREE root=1096 depth=28 w=1.9132731184e+38 Shat=7.7128000000e+01 Lhat=0.0000000000e+00
KNUTH_SUBTREE root=1097 depth=28 w=2.7587839984e+36 Shat=1.0000000000e+00 Lhat=0.0000000000e+00
KNUTH_SUBTREE root=1098 depth=28 w=1.8276912530e+39 Shat=4.0000000000e+00 Lhat=0.0000000000e+00
KNUTH_SUBTREE root=1099 depth=28 w=3.7701320129e+38 Shat=3.0000000000e+00 Lhat=0.0000000000e+00
KNUTH_SUBTREE root=1100 depth=28 w=0 Shat=0 Lhat=0 dead=1
KNUTH_SUBTREE root=1101 depth=28 w=0 Shat=0 Lhat=0 dead=1
KNUTH_SUBTREE root=1102 depth=28 w=1.3472226154e+39 Shat=1.0000000000e+00 Lhat=0.0000000000e+00
KNUTH_SUBTREE root=1103 depth=28 w=1.0006357260e+39 Shat=1.0000000000e+00 Lhat=0.0000000000e+00
KNUTH_SUBTREE root=1104 depth=28 w=1.7738189180e+38 Shat=1.0000000000e+01 Lhat=0.0000000000e+00
KNUTH_SUBTREE root=1105 depth=28 w=3.7267639307e+37 Shat=7.0000000000e+00 Lhat=0.0000000000e+00
KNUTH_SUBTREE root=1106 depth=28 w=1.7352365982e+38 Shat=4.7280000000e+01 Lhat=0.0000000000e+00
KNUTH_SUBTREE root=1107 depth=28 w=3.2288822073e+36 Shat=1.0000000000e+00 Lhat=0.0000000000e+00
KNUTH_SUBTREE root=1108 depth=28 w=1.9424593351e+38 Shat=1.6000000000e+01 Lhat=0.0000000000e+00
KNUTH_SUBTREE root=1109 depth=28 w=6.0371146650e+38 Shat=1.3315300000e+02 Lhat=0.0000000000e+00
KNUTH_SUBTREE root=1110 depth=28 w=1.6787497110e+39 Shat=3.0000000000e+00 Lhat=0.0000000000e+00
KNUTH_SUBTREE root=1111 depth=28 w=1.5237868717e+38 Shat=4.0000000000e+00 Lhat=0.0000000000e+00
KNUTH_SUBTREE root=1112 depth=28 w=9.6703422400e+38 Shat=9.0000000000e+00 Lhat=0.0000000000e+00
KNUTH_SUBTREE root=1113 depth=28 w=5.2859073703e+38 Shat=1.3000000000e+01 Lhat=0.0000000000e+00
KNUTH_SUBTREE root=1114 depth=28 w=6.8205698776e+37 Shat=3.0000000000e+00 Lhat=0.0000000000e+00
KNUTH_SUBTREE root=1115 depth=28 w=8.2334780780e+37 Shat=3.0000000000e+00 Lhat=0.0000000000e+00
KNUTH_SUBTREE root=1116 depth=28 w=0 Shat=0 Lhat=0 dead=1
KNUTH_SUBTREE root=1117 depth=28 w=3.4160458701e+37 Shat=5.0000000000e+00 Lhat=0.0000000000e+00
KNUTH_SUBTREE root=1118 depth=28 w=1.2441243874e+39 Shat=3.0000000000e+00 Lhat=0.0000000000e+00
KNUTH_SUBTREE root=1119 depth=28 w=9.2819045924e+38 Shat=2.9128000000e+01 Lhat=0.0000000000e+00
KNUTH_SUBTREE root=1120 depth=28 w=1.5961861557e+37 Shat=6.5045000000e+01 Lhat=0.0000000000e+00
KNUTH_SUBTREE root=1121 depth=28 w=1.2305212848e+38 Shat=3.0000000000e+00 Lhat=0.0000000000e+00
KNUTH_SUBTREE root=1122 depth=28 w=2.4376009639e+38 Shat=2.0000000000e+00 Lhat=0.0000000000e+00
KNUTH_SUBTREE root=1123 depth=28 w=1.3777843110e+38 Shat=3.0000000000e+00 Lhat=0.0000000000e+00
KNUTH_SUBTREE root=1124 depth=28 w=3.8218329240e+37 Shat=1.0000000000e+00 Lhat=0.0000000000e+00
KNUTH_SUBTREE root=1125 depth=28 w=3.0266040483e+38 Shat=2.0000000000e+00 Lhat=0.0000000000e+00
KNUTH_SUBTREE root=1126 depth=28 w=3.5767065631e+39 Shat=8.7184000000e+01 Lhat=0.0000000000e+00
KNUTH_SUBTREE root=1127 depth=28 w=2.2933170184e+38 Shat=5.0000000000e+00 Lhat=0.0000000000e+00
KNUTH_SUBTREE root=1128 depth=28 w=2.8006764342e+39 Shat=3.8902000000e+01 Lhat=0.0000000000e+00
KNUTH_SUBTREE root=1129 depth=28 w=4.0216101644e+38 Shat=9.6060000000e+01 Lhat=0.0000000000e+00
KNUTH_SUBTREE root=1130 depth=28 w=5.3076935907e+37 Shat=3.0000000000e+00 Lhat=0.0000000000e+00
KNUTH_SUBTREE root=1131 depth=28 w=0 Shat=0 Lhat=0 dead=1
KNUTH_SUBTREE root=1132 depth=28 w=3.2565573200e+38 Shat=4.0000000000e+00 Lhat=0.0000000000e+00
KNUTH_SUBTREE root=1133 depth=28 w=1.8486762315e+38 Shat=4.4498000000e+01 Lhat=0.0000000000e+00
KNUTH_SUBTREE root=1134 depth=28 w=1.4979605612e+38 Shat=1.2036000000e+01 Lhat=0.0000000000e+00
KNUTH_SUBTREE root=1135 depth=28 w=1.3700721630e+39 Shat=1.9792000000e+01 Lhat=0.0000000000e+00
KNUTH_SUBTREE root=1136 depth=28 w=0 Shat=0 Lhat=0 dead=1
KNUTH_SUBTREE root=1137 depth=28 w=7.6202880595e+37 Shat=3.0000000000e+00 Lhat=0.0000000000e+00
KNUTH_SUBTREE root=1138 depth=28 w=2.0637507691e+38 Shat=1.3060000000e+01 Lhat=0.0000000000e+00
KNUTH_SUBTREE root=1139 depth=28 w=3.4251718974e+39 Shat=6.8795000000e+01 Lhat=0.0000000000e+00
KNUTH_SUBTREE root=1140 depth=28 w=2.7080745369e+39 Shat=2.5160000000e+01 Lhat=0.0000000000e+00
KNUTH_SUBTREE root=1141 depth=28 w=1.9406185450e+39 Shat=7.0237000000e+01 Lhat=0.0000000000e+00
KNUTH_SUBTREE root=1142 depth=28 w=5.3192631704e+38 Shat=4.2132000000e+01 Lhat=0.0000000000e+00
KNUTH_SUBTREE root=1143 depth=28 w=0 Shat=0 Lhat=0 dead=1
KNUTH_SUBTREE root=1144 depth=28 w=5.8916099171e+37 Shat=3.0000000000e+00 Lhat=0.0000000000e+00
KNUTH_SUBTREE root=1145 depth=28 w=1.2079097715e+37 Shat=1.0000000000e+00 Lhat=0.0000000000e+00
KNUTH_SUBTREE root=1146 depth=28 w=8.8896618886e+35 Shat=9.0000000000e+00 Lhat=0.0000000000e+00
KNUTH_SUBTREE root=1147 depth=28 w=9.9342979318e+37 Shat=8.1520000000e+00 Lhat=0.0000000000e+00
KNUTH_SUBTREE root=1148 depth=28 w=1.2911758952e+38 Shat=4.4548000000e+01 Lhat=0.0000000000e+00
KNUTH_SUBTREE root=1149 depth=28 w=9.3390482681e+38 Shat=3.9952000000e+01 Lhat=0.0000000000e+00
KNUTH_SUBTREE root=1150 depth=28 w=4.9365253771e+37 Shat=2.0000000000e+00 Lhat=0.0000000000e+00
KNUTH_SUBTREE root=1151 depth=28 w=1.7604894724e+39 Shat=9.0286000000e+01 Lhat=0.0000000000e+00
KNUTH_SUBTREE root=1152 depth=28 w=1.0084568174e+39 Shat=2.0000000000e+00 Lhat=0.0000000000e+00
KNUTH_SUBTREE root=1153 depth=28 w=7.5899730881e+37 Shat=3.0000000000e+00 Lhat=0.0000000000e+00
KNUTH_SUBTREE root=1154 depth=28 w=8.8536098821e+38 Shat=3.0928000000e+01 Lhat=0.0000000000e+00
KNUTH_SUBTREE root=1155 depth=28 w=6.5986087565e+37 Shat=2.0000000000e+00 Lhat=0.0000000000e+00
KNUTH_SUBTREE root=1156 depth=28 w=3.4999574202e+38 Shat=1.3000000000e+01 Lhat=0.0000000000e+00
KNUTH_SUBTREE root=1157 depth=28 w=0 Shat=0 Lhat=0 dead=1
KNUTH_SUBTREE root=1158 depth=28 w=3.1612548643e+38 Shat=1.3000000000e+01 Lhat=0.0000000000e+00
KNUTH_SUBTREE root=1159 depth=28 w=4.0798208975e+38 Shat=1.0025000000e+01 Lhat=0.0000000000e+00
KNUTH_SUBTREE root=1160 depth=28 w=9.7038608033e+37 Shat=5.0000000000e+00 Lhat=0.0000000000e+00
KNUTH_SUBTREE root=1161 depth=28 w=1.2180662794e+39 Shat=1.4098000000e+01 Lhat=0.0000000000e+00
KNUTH_SUBTREE root=1162 depth=28 w=7.2121835806e+38 Shat=6.7864000000e+01 Lhat=0.0000000000e+00
KNUTH_SUBTREE root=1163 depth=28 w=5.0169395499e+37 Shat=1.0000000000e+00 Lhat=0.0000000000e+00
KNUTH_SUBTREE root=1164 depth=28 w=2.9561118924e+38 Shat=2.0000000000e+00 Lhat=0.0000000000e+00
KNUTH_SUBTREE root=1165 depth=28 w=1.1588400352e+39 Shat=2.6330000000e+01 Lhat=0.0000000000e+00
KNUTH_SUBTREE root=1166 depth=28 w=3.3194397846e+39 Shat=7.7026000000e+01 Lhat=0.0000000000e+00
KNUTH_SUBTREE root=1167 depth=28 w=1.3640347475e+38 Shat=6.4888000000e+01 Lhat=0.0000000000e+00
KNUTH_SUBTREE root=1168 depth=28 w=3.2136842336e+38 Shat=7.9980000000e+01 Lhat=0.0000000000e+00
KNUTH_SUBTREE root=1169 depth=28 w=1.1972584032e+39 Shat=1.0000000000e+00 Lhat=0.0000000000e+00
KNUTH_SUBTREE root=1170 depth=28 w=4.9119651816e+38 Shat=1.0000000000e+00 Lhat=0.0000000000e+00
KNUTH_SUBTREE root=1171 depth=28 w=2.2590265098e+37 Shat=5.0000000000e+00 Lhat=0.0000000000e+00
KNUTH_SUBTREE root=1172 depth=28 w=2.1832395418e+38 Shat=8.5540000000e+01 Lhat=0.0000000000e+00
KNUTH_SUBTREE root=1173 depth=28 w=1.9106456734e+39 Shat=3.3412000000e+01 Lhat=0.0000000000e+00
KNUTH_SUBTREE root=1174 depth=28 w=1.3553094929e+38 Shat=6.9436000000e+01 Lhat=0.0000000000e+00
KNUTH_SUBTREE root=1175 depth=28 w=1.5370840730e+39 Shat=3.0000000000e+00 Lhat=0.0000000000e+00
KNUTH_SUBTREE root=1176 depth=28 w=1.1089997091e+37 Shat=1.0000000000e+00 Lhat=0.0000000000e+00
KNUTH_SUBTREE root=1177 depth=28 w=1.1742603498e+38 Shat=1.3448000000e+01 Lhat=0.0000000000e+00
KNUTH_SUBTREE root=1178 depth=28 w=4.2612461521e+38 Shat=4.4212000000e+01 Lhat=0.0000000000e+00
KNUTH_SUBTREE root=1179 depth=28 w=3.4285098301e+37 Shat=3.0000000000e+00 Lhat=0.0000000000e+00
KNUTH_SUBTREE root=1180 depth=28 w=2.4485039083e+39 Shat=1.6000000000e+01 Lhat=0.0000000000e+00
KNUTH_SUBTREE root=1181 depth=28 w=1.9330456117e+37 Shat=2.0000000000e+00 Lhat=0.0000000000e+00
KNUTH_SUBTREE root=1182 depth=28 w=8.5381687892e+38 Shat=1.6856000000e+01 Lhat=0.0000000000e+00
KNUTH_SUBTREE root=1183 depth=28 w=8.2852011789e+37 Shat=6.0280000000e+00 Lhat=0.0000000000e+00
KNUTH_SUBTREE root=1184 depth=28 w=3.7227956045e+37 Shat=4.0000000000e+00 Lhat=0.0000000000e+00
KNUTH_SUBTREE root=1185 depth=28 w=1.8638461693e+39 Shat=3.1582000000e+01 Lhat=0.0000000000e+00
KNUTH_SUBTREE root=1186 depth=28 w=1.8590411257e+38 Shat=6.5464000000e+01 Lhat=0.0000000000e+00
KNUTH_SUBTREE root=1187 depth=28 w=4.7125720498e+37 Shat=1.0000000000e+00 Lhat=0.0000000000e+00
KNUTH_SUBTREE root=1188 depth=28 w=2.1545000809e+39 Shat=7.0000000000e+00 Lhat=0.0000000000e+00
KNUTH_SUBTREE root=1189 depth=28 w=1.5186433926e+37 Shat=1.0000000000e+00 Lhat=0.0000000000e+00
KNUTH_SUBTREE root=1190 depth=28 w=1.6822792398e+38 Shat=9.0000000000e+00 Lhat=0.0000000000e+00
KNUTH_SUBTREE root=1191 depth=28 w=1.3833517336e+38 Shat=3.0000000000e+00 Lhat=0.0000000000e+00
KNUTH_SUBTREE root=1192 depth=28 w=1.0432180328e+38 Shat=1.0000000000e+00 Lhat=0.0000000000e+00
KNUTH_SUBTREE root=1193 depth=28 w=7.1568870895e+38 Shat=2.7949000000e+01 Lhat=0.0000000000e+00
KNUTH_SUBTREE root=1194 depth=28 w=3.3869422475e+38 Shat=4.1660000000e+01 Lhat=0.0000000000e+00
KNUTH_SUBTREE root=1195 depth=28 w=1.4390161094e+39 Shat=3.0000000000e+00 Lhat=0.0000000000e+00
KNUTH_SUBTREE root=1196 depth=28 w=2.1084769764e+38 Shat=1.0888000000e+01 Lhat=0.0000000000e+00
KNUTH_SUBTREE root=1197 depth=28 w=2.4899197453e+38 Shat=7.5088000000e+01 Lhat=0.0000000000e+00
KNUTH_SUBTREE root=1198 depth=28 w=0 Shat=0 Lhat=0 dead=1
KNUTH_SUBTREE root=1199 depth=28 w=1.7363598130e+39 Shat=4.0020000000e+01 Lhat=0.0000000000e+00
KNUTH_SUBTREE root=1200 depth=28 w=1.4209683120e+38 Shat=9.5980000000e+01 Lhat=0.0000000000e+00
KNUTH_SUBTREE root=1201 depth=28 w=1.1771873055e+39 Shat=2.3050000000e+01 Lhat=0.0000000000e+00
KNUTH_SUBTREE root=1202 depth=28 w=3.3119574012e+39 Shat=5.0000000000e+00 Lhat=0.0000000000e+00
KNUTH_SUBTREE root=1203 depth=28 w=8.2610728484e+37 Shat=1.3000000000e+01 Lhat=0.0000000000e+00
KNUTH_SUBTREE root=1204 depth=28 w=7.1689102537e+36 Shat=1.0000000000e+00 Lhat=0.0000000000e+00
KNUTH_SUBTREE root=1205 depth=28 w=4.9435795864e+35 Shat=1.0000000000e+00 Lhat=0.0000000000e+00
KNUTH_SUBTREE root=1206 depth=28 w=3.8645881952e+37 Shat=4.0000000000e+00 Lhat=0.0000000000e+00
KNUTH_SUBTREE root=1207 depth=28 w=7.9321163109e+36 Shat=2.0000000000e+00 Lhat=0.0000000000e+00
KNUTH_SUBTREE root=1208 depth=28 w=2.5850668163e+38 Shat=7.9660000000e+00 Lhat=0.0000000000e+00
KNUTH_SUBTREE root=1209 depth=28 w=2.6121574858e+39 Shat=6.5840000000e+01 Lhat=0.0000000000e+00
KNUTH_SUBTREE root=1210 depth=28 w=3.8394444166e+38 Shat=3.5448000000e+01 Lhat=0.0000000000e+00
KNUTH_SUBTREE root=1211 depth=28 w=2.3055040067e+37 Shat=2.0000000000e+00 Lhat=0.0000000000e+00
KNUTH_SUBTREE root=1212 depth=28 w=2.1558917331e+38 Shat=2.0000000000e+00 Lhat=0.0000000000e+00
KNUTH_SUBTREE root=1213 depth=28 w=1.2469622214e+38 Shat=6.0520000000e+00 Lhat=0.0000000000e+00
KNUTH_SUBTREE root=1214 depth=28 w=2.2773857759e+38 Shat=3.7612000000e+01 Lhat=0.0000000000e+00
KNUTH_SUBTREE root=1215 depth=28 w=1.9020492692e+38 Shat=3.0000000000e+00 Lhat=0.0000000000e+00
KNUTH_SUBTREE root=1216 depth=28 w=1.4416955144e+38 Shat=3.0000000000e+00 Lhat=0.0000000000e+00
KNUTH_SUBTREE root=1217 depth=28 w=7.1861978029e+38 Shat=1.0000000000e+00 Lhat=0.0000000000e+00
KNUTH_SUBTREE root=1218 depth=28 w=3.7191877657e+35 Shat=2.0000000000e+00 Lhat=0.0000000000e+00
KNUTH_SUBTREE root=1219 depth=28 w=2.5730950214e+38 Shat=2.0000000000e+00 Lhat=0.0000000000e+00
KNUTH_SUBTREE root=1220 depth=28 w=2.5470282814e+38 Shat=4.0000000000e+00 Lhat=0.0000000000e+00
KNUTH_SUBTREE root=1221 depth=28 w=1.8045942614e+39 Shat=2.1208000000e+01 Lhat=0.0000000000e+00
KNUTH_SUBTREE root=1222 depth=28 w=6.2472570352e+38 Shat=7.9060000000e+00 Lhat=0.0000000000e+00
KNUTH_SUBTREE root=1223 depth=28 w=1.6423649468e+38 Shat=3.0000000000e+00 Lhat=0.0000000000e+00
KNUTH_SUBTREE root=1224 depth=28 w=1.5816332070e+38 Shat=1.0000000000e+00 Lhat=0.0000000000e+00
KNUTH_SUBTREE root=1225 depth=28 w=4.1798258171e+38 Shat=7.0000000000e+00 Lhat=0.0000000000e+00
KNUTH_SUBTREE root=1226 depth=28 w=2.8629526608e+39 Shat=5.5775000000e+01 Lhat=0.0000000000e+00
KNUTH_SUBTREE root=1227 depth=28 w=5.0356857222e+38 Shat=1.0000000000e+00 Lhat=0.0000000000e+00
KNUTH_SUBTREE root=1228 depth=28 w=1.1162315364e+36 Shat=3.0000000000e+00 Lhat=0.0000000000e+00
KNUTH_SUBTREE root=1229 depth=28 w=1.9154836155e+38 Shat=4.9432000000e+01 Lhat=0.0000000000e+00
KNUTH_SUBTREE root=1230 depth=28 w=1.7476526031e+38 Shat=2.2924000000e+01 Lhat=0.0000000000e+00
KNUTH_SUBTREE root=1231 depth=28 w=2.4642434757e+38 Shat=2.0000000000e+00 Lhat=0.0000000000e+00
KNUTH_SUBTREE root=1232 depth=28 w=0 Shat=0 Lhat=0 dead=1
KNUTH_SUBTREE root=1233 depth=28 w=0 Shat=0 Lhat=0 dead=1
KNUTH_SUBTREE root=1234 depth=28 w=3.5105615309e+38 Shat=6.4288000000e+01 Lhat=0.0000000000e+00
KNUTH_SUBTREE root=1235 depth=28 w=1.2535697059e+38 Shat=5.0350000000e+01 Lhat=0.0000000000e+00
KNUTH_SUBTREE root=1236 depth=28 w=5.0370130890e+38 Shat=3.0000000000e+00 Lhat=0.0000000000e+00
KNUTH_SUBTREE root=1237 depth=28 w=5.1537693189e+37 Shat=3.0000000000e+00 Lhat=0.0000000000e+00
KNUTH_SUBTREE root=1238 depth=28 w=2.4368602317e+39 Shat=9.0000000000e+00 Lhat=0.0000000000e+00
KNUTH_SUBTREE root=1239 depth=28 w=2.3902285254e+39 Shat=3.8824000000e+01 Lhat=0.0000000000e+00
KNUTH_SUBTREE root=1240 depth=28 w=7.4262166625e+36 Shat=1.0000000000e+01 Lhat=0.0000000000e+00
KNUTH_SUBTREE root=1241 depth=28 w=7.5555267195e+38 Shat=7.0000000000e+00 Lhat=0.0000000000e+00
KNUTH_SUBTREE root=1242 depth=28 w=1.8332411991e+38 Shat=1.0920000000e+01 Lhat=0.0000000000e+00
KNUTH_SUBTREE root=1243 depth=28 w=4.2373420778e+38 Shat=3.7830000000e+01 Lhat=0.0000000000e+00
KNUTH_SUBTREE root=1244 depth=28 w=5.8256519907e+38 Shat=9.0000000000e+00 Lhat=0.0000000000e+00
KNUTH_SUBTREE root=1245 depth=28 w=0 Shat=0 Lhat=0 dead=1
KNUTH_SUBTREE root=1246 depth=28 w=4.1918104716e+37 Shat=1.0000000000e+00 Lhat=0.0000000000e+00
KNUTH_SUBTREE root=1247 depth=28 w=1.9902560447e+39 Shat=3.4085000000e+01 Lhat=0.0000000000e+00
KNUTH_SUBTREE root=1248 depth=28 w=1.5254080955e+38 Shat=6.0160000000e+00 Lhat=0.0000000000e+00
KNUTH_SUBTREE root=1249 depth=28 w=7.8651181143e+38 Shat=5.6552000000e+01 Lhat=0.0000000000e+00
KNUTH_SUBTREE root=1250 depth=28 w=1.7265057325e+38 Shat=5.6200000000e+01 Lhat=0.0000000000e+00
KNUTH_SUBTREE root=1251 depth=28 w=5.8816965878e+38 Shat=1.1981600000e+02 Lhat=0.0000000000e+00
KNUTH_SUBTREE root=1252 depth=28 w=1.9101015427e+39 Shat=3.0312000000e+01 Lhat=0.0000000000e+00
KNUTH_SUBTREE root=1253 depth=28 w=2.4583707514e+38 Shat=1.0000000000e+00 Lhat=0.0000000000e+00
KNUTH_SUBTREE root=1254 depth=28 w=1.2475492388e+38 Shat=1.0000000000e+00 Lhat=0.0000000000e+00
KNUTH_SUBTREE root=1255 depth=28 w=2.3388045375e+38 Shat=6.3256000000e+01 Lhat=0.0000000000e+00
KNUTH_SUBTREE root=1256 depth=28 w=4.2836302407e+38 Shat=1.3000000000e+01 Lhat=0.0000000000e+00
KNUTH_SUBTREE root=1257 depth=28 w=6.9035084188e+36 Shat=1.0000000000e+00 Lhat=0.0000000000e+00
KNUTH_SUBTREE root=1258 depth=28 w=2.3028602283e+39 Shat=1.1953100000e+02 Lhat=0.0000000000e+00
KNUTH_SUBTREE root=1259 depth=28 w=3.3974371215e+38 Shat=9.9832000000e+01 Lhat=1.6176000000e+01
KNUTH_SUBTREE root=1260 depth=28 w=4.4394308876e+36 Shat=3.0000000000e+00 Lhat=0.0000000000e+00
KNUTH_SUBTREE root=1261 depth=28 w=1.2675117565e+37 Shat=1.0000000000e+00 Lhat=0.0000000000e+00
KNUTH_SUBTREE root=1262 depth=28 w=3.1419291726e+38 Shat=1.0039000000e+01 Lhat=0.0000000000e+00
KNUTH_SUBTREE root=1263 depth=28 w=5.8477471706e+38 Shat=7.7960000000e+00 Lhat=0.0000000000e+00
KNUTH_SUBTREE root=1264 depth=28 w=1.0563086723e+38 Shat=1.0000000000e+00 Lhat=0.0000000000e+00
KNUTH_SUBTREE root=1265 depth=28 w=1.2268472187e+38 Shat=1.0000000000e+01 Lhat=0.0000000000e+00
KNUTH_SUBTREE root=1266 depth=28 w=2.4407596512e+38 Shat=2.7048000000e+01 Lhat=0.0000000000e+00
KNUTH_SUBTREE root=1267 depth=28 w=8.8359994688e+38 Shat=1.2061000000e+01 Lhat=0.0000000000e+00
KNUTH_SUBTREE root=1268 depth=28 w=5.4200670361e+38 Shat=4.0000000000e+01 Lhat=0.0000000000e+00
KNUTH_SUBTREE root=1269 depth=28 w=4.6008534892e+38 Shat=8.9620000000e+01 Lhat=0.0000000000e+00
KNUTH_SUBTREE root=1270 depth=28 w=5.9206284113e+38 Shat=2.1823000000e+01 Lhat=0.0000000000e+00
KNUTH_SUBTREE root=1271 depth=28 w=5.2948454693e+38 Shat=1.0000000000e+00 Lhat=0.0000000000e+00
KNUTH_SUBTREE root=1272 depth=28 w=2.6242904317e+39 Shat=2.4282000000e+01 Lhat=0.0000000000e+00
KNUTH_SUBTREE root=1273 depth=28 w=2.5720278808e+38 Shat=1.0000000000e+01 Lhat=0.0000000000e+00
KNUTH_SUBTREE root=1274 depth=28 w=1.3398282430e+39 Shat=1.2000000000e+01 Lhat=0.0000000000e+00
KNUTH_SUBTREE root=1275 depth=28 w=0 Shat=0 Lhat=0 dead=1
KNUTH_SUBTREE root=1276 depth=28 w=2.0409974647e+39 Shat=7.6642000000e+01 Lhat=0.0000000000e+00
KNUTH_SUBTREE root=1277 depth=28 w=2.9014014001e+39 Shat=7.0000000000e+00 Lhat=0.0000000000e+00
KNUTH_SUBTREE root=1278 depth=28 w=4.7343566741e+37 Shat=2.0000000000e+00 Lhat=0.0000000000e+00
KNUTH_SUBTREE root=1279 depth=28 w=1.2070229491e+38 Shat=5.0000000000e+00 Lhat=0.0000000000e+00
KNUTH_SUBTREE root=1280 depth=28 w=2.3435822289e+38 Shat=8.1838000000e+01 Lhat=0.0000000000e+00
KNUTH_SUBTREE root=1281 depth=28 w=1.0709531602e+39 Shat=3.2194000000e+01 Lhat=0.0000000000e+00
KNUTH_SUBTREE root=1282 depth=28 w=4.6500401447e+37 Shat=1.0000000000e+00 Lhat=0.0000000000e+00
KNUTH_SUBTREE root=1283 depth=28 w=1.5548532092e+38 Shat=4.0000000000e+00 Lhat=0.0000000000e+00
KNUTH_SUBTREE root=1284 depth=28 w=1.4726189718e+37 Shat=1.0000000000e+00 Lhat=0.0000000000e+00
KNUTH_SUBTREE root=1285 depth=28 w=2.9196816146e+38 Shat=7.0000000000e+00 Lhat=0.0000000000e+00
KNUTH_SUBTREE root=1286 depth=28 w=1.2417769933e+39 Shat=3.0000000000e+00 Lhat=0.0000000000e+00
KNUTH_SUBTREE root=1287 depth=28 w=1.8678656727e+38 Shat=1.7782000000e+01 Lhat=0.0000000000e+00
KNUTH_SUBTREE root=1288 depth=28 w=5.4432438405e+38 Shat=2.0000000000e+00 Lhat=0.0000000000e+00
KNUTH_SUBTREE root=1289 depth=28 w=3.4477044391e+38 Shat=8.3630000000e+01 Lhat=0.0000000000e+00
KNUTH_SUBTREE root=1290 depth=28 w=6.4283724985e+37 Shat=8.0260000000e+00 Lhat=0.0000000000e+00
KNUTH_SUBTREE root=1291 depth=28 w=3.2250323701e+39 Shat=4.6087000000e+01 Lhat=0.0000000000e+00
KNUTH_SUBTREE root=1292 depth=28 w=2.9720989813e+38 Shat=9.0000000000e+00 Lhat=0.0000000000e+00
KNUTH_SUBTREE root=1293 depth=28 w=2.6970752452e+39 Shat=2.9536000000e+01 Lhat=0.0000000000e+00
KNUTH_SUBTREE root=1294 depth=28 w=0 Shat=0 Lhat=0 dead=1
KNUTH_SUBTREE root=1295 depth=28 w=3.5895945468e+39 Shat=4.0000000000e+00 Lhat=0.0000000000e+00
KNUTH_SUBTREE root=1296 depth=28 w=1.0223757505e+39 Shat=1.8988000000e+01 Lhat=0.0000000000e+00
KNUTH_SUBTREE root=1297 depth=28 w=3.9805957398e+38 Shat=2.0000000000e+00 Lhat=0.0000000000e+00
KNUTH_SUBTREE root=1298 depth=28 w=1.2355887319e+39 Shat=3.0000000000e+00 Lhat=0.0000000000e+00
KNUTH_SUBTREE root=1299 depth=28 w=5.0872081762e+38 Shat=3.6922000000e+01 Lhat=0.0000000000e+00
KNUTH_SUBTREE root=1300 depth=28 w=5.7716588791e+37 Shat=2.0000000000e+00 Lhat=0.0000000000e+00
KNUTH_SUBTREE root=1301 depth=28 w=5.9853467766e+38 Shat=9.0560000000e+00 Lhat=0.0000000000e+00
KNUTH_SUBTREE root=1302 depth=28 w=1.2512833418e+37 Shat=1.0000000000e+00 Lhat=0.0000000000e+00
KNUTH_SUBTREE root=1303 depth=28 w=2.0710578909e+37 Shat=3.0000000000e+00 Lhat=0.0000000000e+00
KNUTH_SUBTREE root=1304 depth=28 w=4.6793283743e+38 Shat=7.7068000000e+01 Lhat=0.0000000000e+00
KNUTH_SUBTREE root=1305 depth=28 w=5.8407238198e+38 Shat=4.1208000000e+01 Lhat=0.0000000000e+00
KNUTH_SUBTREE root=1306 depth=28 w=2.6487380157e+38 Shat=1.0000000000e+00 Lhat=0.0000000000e+00
KNUTH_SUBTREE root=1307 depth=28 w=0 Shat=0 Lhat=0 dead=1
KNUTH_SUBTREE root=1308 depth=28 w=2.5116356159e+39 Shat=1.3024800000e+02 Lhat=0.0000000000e+00
KNUTH_SUBTREE root=1309 depth=28 w=1.0595043207e+38 Shat=5.0000000000e+00 Lhat=0.0000000000e+00
KNUTH_SUBTREE root=1310 depth=28 w=6.1190147633e+38 Shat=7.0000000000e+00 Lhat=0.0000000000e+00
KNUTH_SUBTREE root=1311 depth=28 w=0 Shat=0 Lhat=0 dead=1
KNUTH_SUBTREE root=1312 depth=28 w=3.3898731423e+38 Shat=1.0000000000e+00 Lhat=0.0000000000e+00
KNUTH_SUBTREE root=1313 depth=28 w=9.7337222331e+38 Shat=3.7883000000e+01 Lhat=0.0000000000e+00
KNUTH_SUBTREE root=1314 depth=28 w=1.5231411450e+39 Shat=2.0000000000e+00 Lhat=0.0000000000e+00
KNUTH_SUBTREE root=1315 depth=28 w=2.2503335287e+38 Shat=1.2630000000e+01 Lhat=0.0000000000e+00
KNUTH_SUBTREE root=1316 depth=28 w=6.3155243694e+37 Shat=9.0320000000e+00 Lhat=0.0000000000e+00
KNUTH_SUBTREE root=1317 depth=28 w=9.0018164522e+38 Shat=9.0000000000e+00 Lhat=0.0000000000e+00
KNUTH_SUBTREE root=1318 depth=28 w=5.8331473518e+36 Shat=1.0000000000e+00 Lhat=0.0000000000e+00
KNUTH_SUBTREE root=1319 depth=28 w=1.7939035376e+39 Shat=3.4384000000e+01 Lhat=0.0000000000e+00
KNUTH_SUBTREE root=1320 depth=28 w=2.1234152801e+39 Shat=3.5237000000e+01 Lhat=0.0000000000e+00
KNUTH_SUBTREE root=1321 depth=28 w=2.0356816293e+38 Shat=2.0000000000e+00 Lhat=0.0000000000e+00
KNUTH_SUBTREE root=1322 depth=28 w=7.0087767859e+36 Shat=3.0000000000e+00 Lhat=0.0000000000e+00
KNUTH_SUBTREE root=1323 depth=28 w=8.4085324026e+38 Shat=3.6658000000e+01 Lhat=0.0000000000e+00
KNUTH_SUBTREE root=1324 depth=28 w=7.5954894725e+38 Shat=2.7096000000e+01 Lhat=0.0000000000e+00
KNUTH_SUBTREE root=1325 depth=28 w=3.4908865511e+38 Shat=5.0000000000e+00 Lhat=0.0000000000e+00
KNUTH_SUBTREE root=1326 depth=28 w=5.3024973394e+38 Shat=3.0000000000e+00 Lhat=0.0000000000e+00
KNUTH_SUBTREE root=1327 depth=28 w=1.2300765432e+39 Shat=1.3000000000e+01 Lhat=0.0000000000e+00
KNUTH_SUBTREE root=1328 depth=28 w=5.5365194542e+36 Shat=5.0000000000e+00 Lhat=0.0000000000e+00
KNUTH_SUBTREE root=1329 depth=28 w=1.2135729555e+37 Shat=1.0000000000e+00 Lhat=0.0000000000e+00
KNUTH_SUBTREE root=1330 depth=28 w=1.7500380459e+38 Shat=2.0000000000e+00 Lhat=0.0000000000e+00
KNUTH_SUBTREE root=1331 depth=28 w=8.7286293769e+38 Shat=5.2219000000e+01 Lhat=0.0000000000e+00
KNUTH_SUBTREE root=1332 depth=28 w=1.3003125784e+38 Shat=1.0000000000e+01 Lhat=0.0000000000e+00
KNUTH_SUBTREE root=1333 depth=28 w=2.5571856014e+37 Shat=3.0000000000e+00 Lhat=0.0000000000e+00
KNUTH_SUBTREE root=1334 depth=28 w=4.6643166978e+38 Shat=2.6904000000e+01 Lhat=0.0000000000e+00
KNUTH_SUBTREE root=1335 depth=28 w=1.4331009669e+39 Shat=1.0000000000e+00 Lhat=0.0000000000e+00
KNUTH_SUBTREE root=1336 depth=28 w=3.0284567173e+38 Shat=1.8064000000e+01 Lhat=0.0000000000e+00
KNUTH_SUBTREE root=1337 depth=28 w=1.7119088173e+39 Shat=3.0000000000e+00 Lhat=0.0000000000e+00
KNUTH_SUBTREE root=1338 depth=28 w=1.9237027749e+38 Shat=4.5725000000e+01 Lhat=0.0000000000e+00
KNUTH_SUBTREE root=1339 depth=28 w=5.0846332782e+38 Shat=3.0000000000e+00 Lhat=0.0000000000e+00
KNUTH_SUBTREE root=1340 depth=28 w=0 Shat=0 Lhat=0 dead=1
KNUTH_SUBTREE root=1341 depth=28 w=1.8993076552e+38 Shat=6.8375000000e+01 Lhat=0.0000000000e+00
KNUTH_SUBTREE root=1342 depth=28 w=2.8457648648e+38 Shat=3.0000000000e+00 Lhat=0.0000000000e+00
KNUTH_SUBTREE root=1343 depth=28 w=8.2047225079e+38 Shat=2.1256000000e+01 Lhat=0.0000000000e+00
KNUTH_SUBTREE root=1344 depth=28 w=1.2390958798e+38 Shat=5.1632000000e+01 Lhat=0.0000000000e+00
KNUTH_SUBTREE root=1345 depth=28 w=0 Shat=0 Lhat=0 dead=1
KNUTH_SUBTREE root=1346 depth=28 w=9.3693095923e+37 Shat=1.8187200000e+02 Lhat=3.9408000000e+01
KNUTH_SUBTREE root=1347 depth=28 w=1.2786802444e+39 Shat=1.5160000000e+01 Lhat=0.0000000000e+00
KNUTH_SUBTREE root=1348 depth=28 w=4.5354394166e+38 Shat=1.0000000000e+00 Lhat=0.0000000000e+00
KNUTH_SUBTREE root=1349 depth=28 w=6.4124054756e+38 Shat=1.0000000000e+00 Lhat=0.0000000000e+00
KNUTH_SUBTREE root=1350 depth=28 w=4.0632404315e+38 Shat=2.5702000000e+01 Lhat=0.0000000000e+00
KNUTH_SUBTREE root=1351 depth=28 w=4.5189167615e+37 Shat=1.0000000000e+00 Lhat=0.0000000000e+00
KNUTH_SUBTREE root=1352 depth=28 w=1.4287495148e+38 Shat=6.0000000000e+00 Lhat=0.0000000000e+00
KNUTH_SUBTREE root=1353 depth=28 w=4.7728838520e+38 Shat=3.9810000000e+01 Lhat=0.0000000000e+00
KNUTH_SUBTREE root=1354 depth=28 w=9.5273280372e+37 Shat=1.0000000000e+00 Lhat=0.0000000000e+00
KNUTH_SUBTREE root=1355 depth=28 w=1.8808998964e+37 Shat=3.0000000000e+00 Lhat=0.0000000000e+00
KNUTH_SUBTREE root=1356 depth=28 w=0 Shat=0 Lhat=0 dead=1
KNUTH_SUBTREE root=1357 depth=28 w=2.6994161571e+39 Shat=1.8562000000e+01 Lhat=0.0000000000e+00
KNUTH_SUBTREE root=1358 depth=28 w=9.8987989956e+36 Shat=4.0000000000e+00 Lhat=0.0000000000e+00
KNUTH_SUBTREE root=1359 depth=28 w=1.9483662343e+39 Shat=3.6360000000e+01 Lhat=0.0000000000e+00
KNUTH_SUBTREE root=1360 depth=28 w=5.7926529702e+38 Shat=5.6936000000e+01 Lhat=0.0000000000e+00
KNUTH_SUBTREE root=1361 depth=28 w=1.3254180526e+39 Shat=2.0908000000e+01 Lhat=0.0000000000e+00
KNUTH_SUBTREE root=1362 depth=28 w=1.1964627812e+39 Shat=2.6720000000e+01 Lhat=0.0000000000e+00
KNUTH_SUBTREE root=1363 depth=28 w=4.9950214274e+38 Shat=3.7372000000e+01 Lhat=0.0000000000e+00
KNUTH_SUBTREE root=1364 depth=28 w=0 Shat=0 Lhat=0 dead=1
KNUTH_SUBTREE root=1365 depth=28 w=1.8573761881e+38 Shat=4.0000000000e+00 Lhat=0.0000000000e+00
KNUTH_SUBTREE root=1366 depth=28 w=3.6028151426e+38 Shat=3.0000000000e+00 Lhat=0.0000000000e+00
KNUTH_SUBTREE root=1367 depth=28 w=1.8285704972e+38 Shat=3.0000000000e+00 Lhat=0.0000000000e+00
KNUTH_SUBTREE root=1368 depth=28 w=2.8176631709e+39 Shat=8.4312000000e+01 Lhat=0.0000000000e+00
KNUTH_SUBTREE root=1369 depth=28 w=2.4222384658e+38 Shat=4.0000000000e+00 Lhat=0.0000000000e+00
KNUTH_SUBTREE root=1370 depth=28 w=1.2943636323e+37 Shat=1.3000000000e+01 Lhat=0.0000000000e+00
KNUTH_SUBTREE root=1371 depth=28 w=1.8826808324e+38 Shat=5.0000000000e+00 Lhat=0.0000000000e+00
KNUTH_SUBTREE root=1372 depth=28 w=1.5250718366e+38 Shat=4.0000000000e+00 Lhat=0.0000000000e+00
KNUTH_SUBTREE root=1373 depth=28 w=5.9005529222e+37 Shat=1.0000000000e+00 Lhat=0.0000000000e+00
KNUTH_SUBTREE root=1374 depth=28 w=1.5462459420e+39 Shat=1.1224000000e+01 Lhat=0.0000000000e+00
KNUTH_SUBTREE root=1375 depth=28 w=5.9654668579e+38 Shat=7.0160000000e+00 Lhat=0.0000000000e+00
KNUTH_SUBTREE root=1376 depth=28 w=1.7429012428e+38 Shat=1.0000000000e+00 Lhat=0.0000000000e+00
KNUTH_SUBTREE root=1377 depth=28 w=1.0901061477e+39 Shat=2.7466000000e+01 Lhat=0.0000000000e+00
KNUTH_SUBTREE root=1378 depth=28 w=9.6773177585e+37 Shat=3.0000000000e+00 Lhat=0.0000000000e+00
KNUTH_SUBTREE root=1379 depth=28 w=7.6682182262e+37 Shat=1.0000000000e+00 Lhat=0.0000000000e+00
KNUTH_SUBTREE root=1380 depth=28 w=1.9730577694e+35 Shat=1.0000000000e+00 Lhat=0.0000000000e+00
KNUTH_SUBTREE root=1381 depth=28 w=3.4591647657e+38 Shat=2.1296000000e+01 Lhat=0.0000000000e+00
KNUTH_SUBTREE root=1382 depth=28 w=4.9780648482e+38 Shat=3.0210000000e+01 Lhat=0.0000000000e+00
KNUTH_SUBTREE root=1383 depth=28 w=6.4389609252e+38 Shat=2.6320000000e+01 Lhat=0.0000000000e+00
KNUTH_SUBTREE root=1384 depth=28 w=0 Shat=0 Lhat=0 dead=1
KNUTH_SUBTREE root=1385 depth=28 w=6.8408885937e+38 Shat=4.0000000000e+00 Lhat=0.0000000000e+00
KNUTH_SUBTREE root=1386 depth=28 w=1.5055783202e+38 Shat=8.4816000000e+01 Lhat=0.0000000000e+00
KNUTH_SUBTREE root=1387 depth=28 w=1.8677422121e+39 Shat=4.3568000000e+01 Lhat=0.0000000000e+00
KNUTH_SUBTREE root=1388 depth=28 w=2.7244682920e+37 Shat=1.0000000000e+00 Lhat=0.0000000000e+00
KNUTH_SUBTREE root=1389 depth=28 w=5.2258682190e+38 Shat=3.7978000000e+01 Lhat=0.0000000000e+00
KNUTH_SUBTREE root=1390 depth=28 w=2.3260424653e+38 Shat=7.0000000000e+00 Lhat=0.0000000000e+00
KNUTH_SUBTREE root=1391 depth=28 w=1.1354310312e+39 Shat=3.8800000000e+01 Lhat=0.0000000000e+00
KNUTH_SUBTREE root=1392 depth=28 w=2.7594419093e+39 Shat=2.0750000000e+01 Lhat=0.0000000000e+00
KNUTH_SUBTREE root=1393 depth=28 w=2.7228069288e+39 Shat=7.7584000000e+01 Lhat=0.0000000000e+00
KNUTH_SUBTREE root=1394 depth=28 w=1.0269885414e+39 Shat=9.0000000000e+00 Lhat=0.0000000000e+00
KNUTH_SUBTREE root=1395 depth=28 w=5.5809140011e+38 Shat=7.2280000000e+01 Lhat=0.0000000000e+00
KNUTH_SUBTREE root=1396 depth=28 w=1.2099361984e+39 Shat=3.0000000000e+00 Lhat=0.0000000000e+00
KNUTH_SUBTREE root=1397 depth=28 w=4.0723205983e+38 Shat=3.0000000000e+00 Lhat=0.0000000000e+00
KNUTH_SUBTREE root=1398 depth=28 w=2.4618652357e+39 Shat=1.0030000000e+01 Lhat=0.0000000000e+00
KNUTH_SUBTREE root=1399 depth=28 w=2.7017975154e+38 Shat=2.0000000000e+00 Lhat=0.0000000000e+00
KNUTH_SUBTREE root=1400 depth=28 w=3.7986283689e+38 Shat=2.3116000000e+01 Lhat=0.0000000000e+00
KNUTH_SUBTREE root=1401 depth=28 w=2.7898907380e+37 Shat=3.0000000000e+00 Lhat=0.0000000000e+00
KNUTH_SUBTREE root=1402 depth=28 w=4.5601954060e+38 Shat=1.7014000000e+01 Lhat=0.0000000000e+00
KNUTH_SUBTREE root=1403 depth=28 w=1.3973445039e+39 Shat=5.4280000000e+01 Lhat=0.0000000000e+00
KNUTH_SUBTREE root=1404 depth=28 w=0 Shat=0 Lhat=0 dead=1
KNUTH_SUBTREE root=1405 depth=28 w=1.9027753581e+37 Shat=3.0000000000e+00 Lhat=0.0000000000e+00
KNUTH_SUBTREE root=1406 depth=28 w=2.1063064906e+38 Shat=7.0420000000e+00 Lhat=0.0000000000e+00
KNUTH_SUBTREE root=1407 depth=28 w=4.6094809072e+37 Shat=9.0000000000e+00 Lhat=0.0000000000e+00
KNUTH_SUBTREE root=1408 depth=28 w=3.0976992758e+38 Shat=3.3368000000e+01 Lhat=0.0000000000e+00
KNUTH_SUBTREE root=1409 depth=28 w=1.9070598477e+38 Shat=7.0000000000e+00 Lhat=0.0000000000e+00
KNUTH_SUBTREE root=1410 depth=28 w=5.5782077536e+38 Shat=4.0000000000e+00 Lhat=0.0000000000e+00
KNUTH_SUBTREE root=1411 depth=28 w=2.0149720161e+38 Shat=1.2090000000e+01 Lhat=0.0000000000e+00
KNUTH_SUBTREE root=1412 depth=28 w=4.7449334889e+37 Shat=7.0000000000e+00 Lhat=0.0000000000e+00
KNUTH_SUBTREE root=1413 depth=28 w=1.0562459110e+39 Shat=9.3752000000e+01 Lhat=0.0000000000e+00
KNUTH_SUBTREE root=1414 depth=28 w=6.8661249259e+38 Shat=5.4488000000e+01 Lhat=0.0000000000e+00
KNUTH_SUBTREE root=1415 depth=28 w=1.4535370363e+39 Shat=7.5515000000e+01 Lhat=0.0000000000e+00
KNUTH_SUBTREE root=1416 depth=28 w=6.3018868922e+38 Shat=1.0000000000e+00 Lhat=0.0000000000e+00
KNUTH_SUBTREE root=1417 depth=28 w=1.0001145811e+36 Shat=2.0000000000e+00 Lhat=0.0000000000e+00
KNUTH_SUBTREE root=1418 depth=28 w=2.2744707210e+37 Shat=3.0000000000e+00 Lhat=0.0000000000e+00
KNUTH_SUBTREE root=1419 depth=28 w=2.8476593852e+38 Shat=3.0000000000e+00 Lhat=0.0000000000e+00
KNUTH_SUBTREE root=1420 depth=28 w=2.8097412241e+38 Shat=5.0000000000e+00 Lhat=0.0000000000e+00
KNUTH_SUBTREE root=1421 depth=28 w=1.1152718308e+39 Shat=1.1048000000e+01 Lhat=0.0000000000e+00
KNUTH_SUBTREE root=1422 depth=28 w=3.7461963663e+37 Shat=1.2936000000e+02 Lhat=0.0000000000e+00
KNUTH_SUBTREE root=1423 depth=28 w=1.5777992700e+38 Shat=5.0000000000e+00 Lhat=0.0000000000e+00
KNUTH_SUBTREE root=1424 depth=28 w=4.4173689277e+38 Shat=4.3696000000e+01 Lhat=0.0000000000e+00
KNUTH_SUBTREE root=1425 depth=28 w=1.2832595100e+39 Shat=1.6008000000e+01 Lhat=0.0000000000e+00
KNUTH_SUBTREE root=1426 depth=28 w=8.3927458293e+38 Shat=1.1956000000e+01 Lhat=0.0000000000e+00
KNUTH_SUBTREE root=1427 depth=28 w=2.4227072009e+39 Shat=6.4056000000e+01 Lhat=0.0000000000e+00
KNUTH_SUBTREE root=1428 depth=28 w=1.2369735672e+39 Shat=1.0000000000e+00 Lhat=0.0000000000e+00
KNUTH_SUBTREE root=1429 depth=28 w=4.4059296352e+38 Shat=2.0020000000e+01 Lhat=0.0000000000e+00
KNUTH_SUBTREE root=1430 depth=28 w=4.3342929316e+37 Shat=4.0000000000e+00 Lhat=0.0000000000e+00
KNUTH_SUBTREE root=1431 depth=28 w=1.0433099298e+38 Shat=3.0000000000e+00 Lhat=0.0000000000e+00
KNUTH_SUBTREE root=1432 depth=28 w=3.7520927817e+36 Shat=3.0000000000e+00 Lhat=0.0000000000e+00
KNUTH_SUBTREE root=1433 depth=28 w=5.3578468740e+38 Shat=1.3000000000e+01 Lhat=0.0000000000e+00
KNUTH_SUBTREE root=1434 depth=28 w=2.1759407806e+39 Shat=3.3166000000e+01 Lhat=0.0000000000e+00
KNUTH_SUBTREE root=1435 depth=28 w=2.3780122300e+38 Shat=8.5632000000e+01 Lhat=0.0000000000e+00
KNUTH_SUBTREE root=1436 depth=28 w=5.2351378128e+37 Shat=1.4984000000e+01 Lhat=0.0000000000e+00
KNUTH_SUBTREE root=1437 depth=28 w=3.5819843018e+38 Shat=6.0000000000e+00 Lhat=0.0000000000e+00
KNUTH_SUBTREE root=1438 depth=28 w=5.9594314456e+38 Shat=5.0440000000e+00 Lhat=0.0000000000e+00
KNUTH_SUBTREE root=1439 depth=28 w=2.0981389744e+39 Shat=1.9090000000e+01 Lhat=0.0000000000e+00
KNUTH_SUBTREE root=1440 depth=28 w=2.7766878503e+39 Shat=3.6202000000e+01 Lhat=0.0000000000e+00
KNUTH_SUBTREE root=1441 depth=28 w=1.1870100957e+39 Shat=7.0000000000e+00 Lhat=0.0000000000e+00
KNUTH_SUBTREE root=1442 depth=28 w=6.3020863762e+38 Shat=1.3000000000e+01 Lhat=0.0000000000e+00
KNUTH_SUBTREE root=1443 depth=28 w=5.6475162462e+36 Shat=1.0000000000e+00 Lhat=0.0000000000e+00
KNUTH_SUBTREE root=1444 depth=28 w=8.5976594240e+37 Shat=1.0000000000e+00 Lhat=0.0000000000e+00
KNUTH_SUBTREE root=1445 depth=28 w=1.3815770372e+39 Shat=1.0000000000e+00 Lhat=0.0000000000e+00
KNUTH_SUBTREE root=1446 depth=28 w=2.2947269756e+38 Shat=7.0144000000e+01 Lhat=0.0000000000e+00
KNUTH_SUBTREE root=1447 depth=28 w=1.7750103408e+38 Shat=3.0000000000e+00 Lhat=0.0000000000e+00
KNUTH_SUBTREE root=1448 depth=28 w=4.3095678064e+38 Shat=1.8196000000e+01 Lhat=0.0000000000e+00
KNUTH_SUBTREE root=1449 depth=28 w=1.9135119619e+39 Shat=2.0000000000e+00 Lhat=0.0000000000e+00
KNUTH_SUBTREE root=1450 depth=28 w=1.4446531515e+38 Shat=5.6944000000e+01 Lhat=0.0000000000e+00
KNUTH_SUBTREE root=1451 depth=28 w=2.4793666419e+39 Shat=3.3361000000e+01 Lhat=0.0000000000e+00
KNUTH_SUBTREE root=1452 depth=28 w=4.4836627318e+38 Shat=9.0000000000e+00 Lhat=0.0000000000e+00
KNUTH_SUBTREE root=1453 depth=28 w=7.7101579907e+38 Shat=1.9655000000e+01 Lhat=0.0000000000e+00
KNUTH_SUBTREE root=1454 depth=28 w=1.6428100960e+39 Shat=1.8100000000e+01 Lhat=0.0000000000e+00
KNUTH_SUBTREE root=1455 depth=28 w=1.4996435511e+38 Shat=1.4980000000e+01 Lhat=0.0000000000e+00
KNUTH_SUBTREE root=1456 depth=28 w=1.4115887395e+39 Shat=4.4048000000e+01 Lhat=0.0000000000e+00
KNUTH_SUBTREE root=1457 depth=28 w=3.9906367116e+38 Shat=1.0000000000e+01 Lhat=0.0000000000e+00
KNUTH_SUBTREE root=1458 depth=28 w=0 Shat=0 Lhat=0 dead=1
KNUTH_SUBTREE root=1459 depth=28 w=3.7512607807e+38 Shat=1.9654000000e+01 Lhat=0.0000000000e+00
KNUTH_SUBTREE root=1460 depth=28 w=1.2937278247e+38 Shat=4.3000000000e+01 Lhat=0.0000000000e+00
KNUTH_SUBTREE root=1461 depth=28 w=3.4360028959e+38 Shat=5.0000000000e+00 Lhat=0.0000000000e+00
KNUTH_SUBTREE root=1462 depth=28 w=2.9140411730e+39 Shat=2.0000000000e+00 Lhat=0.0000000000e+00
KNUTH_SUBTREE root=1463 depth=28 w=6.2794731835e+37 Shat=5.0000000000e+00 Lhat=0.0000000000e+00
KNUTH_SUBTREE root=1464 depth=28 w=9.1182409299e+38 Shat=5.9284000000e+01 Lhat=0.0000000000e+00
KNUTH_SUBTREE root=1465 depth=28 w=1.1821303494e+38 Shat=3.6100000000e+01 Lhat=0.0000000000e+00
KNUTH_SUBTREE root=1466 depth=28 w=5.0233669229e+38 Shat=1.3000000000e+01 Lhat=0.0000000000e+00
KNUTH_SUBTREE root=1467 depth=28 w=6.3907806079e+38 Shat=1.1060000000e+01 Lhat=0.0000000000e+00
KNUTH_SUBTREE root=1468 depth=28 w=1.5250048798e+38 Shat=7.4101000000e+01 Lhat=0.0000000000e+00
KNUTH_SUBTREE root=1469 depth=28 w=4.5804624235e+38 Shat=3.3840000000e+01 Lhat=0.0000000000e+00
KNUTH_SUBTREE root=1470 depth=28 w=4.3383342054e+38 Shat=3.0000000000e+00 Lhat=0.0000000000e+00
KNUTH_SUBTREE root=1471 depth=28 w=2.5650878641e+37 Shat=1.0000000000e+00 Lhat=0.0000000000e+00
KNUTH_SUBTREE root=1472 depth=28 w=6.7394846564e+38 Shat=1.3000000000e+01 Lhat=0.0000000000e+00
KNUTH_SUBTREE root=1473 depth=28 w=5.9143694924e+38 Shat=1.8296800000e+02 Lhat=0.0000000000e+00
KNUTH_SUBTREE root=1474 depth=28 w=4.5529147938e+38 Shat=7.2335000000e+01 Lhat=0.0000000000e+00
KNUTH_SUBTREE root=1475 depth=28 w=3.6631785581e+38 Shat=6.9680000000e+00 Lhat=0.0000000000e+00
KNUTH_SUBTREE root=1476 depth=28 w=6.2609093520e+38 Shat=6.9640000000e+00 Lhat=0.0000000000e+00
KNUTH_SUBTREE root=1477 depth=28 w=9.1368817524e+38 Shat=3.8650000000e+01 Lhat=0.0000000000e+00
KNUTH_SUBTREE root=1478 depth=28 w=5.5320455978e+38 Shat=5.5194000000e+01 Lhat=0.0000000000e+00
KNUTH_SUBTREE root=1479 depth=28 w=5.6316221764e+36 Shat=5.0000000000e+00 Lhat=0.0000000000e+00
KNUTH_SUBTREE root=1480 depth=28 w=1.0611090784e+38 Shat=1.0000000000e+00 Lhat=0.0000000000e+00
KNUTH_SUBTREE root=1481 depth=28 w=4.1883607876e+38 Shat=2.0000000000e+00 Lhat=0.0000000000e+00
KNUTH_SUBTREE root=1482 depth=28 w=2.7042402994e+39 Shat=3.0000000000e+00 Lhat=0.0000000000e+00
KNUTH_SUBTREE root=1483 depth=28 w=1.0347201233e+39 Shat=1.4014000000e+01 Lhat=0.0000000000e+00
KNUTH_SUBTREE root=1484 depth=28 w=1.4091684188e+39 Shat=4.9990000000e+00 Lhat=0.0000000000e+00
KNUTH_SUBTREE root=1485 depth=28 w=1.5367724410e+38 Shat=4.0000000000e+00 Lhat=0.0000000000e+00
KNUTH_SUBTREE root=1486 depth=28 w=2.7513017267e+39 Shat=6.0208000000e+01 Lhat=0.0000000000e+00
KNUTH_SUBTREE root=1487 depth=28 w=1.2977179940e+39 Shat=1.0000000000e+00 Lhat=0.0000000000e+00
KNUTH_SUBTREE root=1488 depth=28 w=7.1045634314e+38 Shat=1.3000000000e+01 Lhat=0.0000000000e+00
KNUTH_SUBTREE root=1489 depth=28 w=4.9811577077e+38 Shat=4.0000000000e+00 Lhat=0.0000000000e+00
KNUTH_SUBTREE root=1490 depth=28 w=2.9795296988e+38 Shat=5.0000000000e+00 Lhat=0.0000000000e+00
KNUTH_SUBTREE root=1491 depth=28 w=1.8921258916e+38 Shat=3.0000000000e+00 Lhat=0.0000000000e+00
KNUTH_SUBTREE root=1492 depth=28 w=5.0858239749e+37 Shat=2.0098000000e+01 Lhat=0.0000000000e+00
KNUTH_SUBTREE root=1493 depth=28 w=7.9638263097e+37 Shat=7.3480000000e+01 Lhat=0.0000000000e+00
KNUTH_SUBTREE root=1494 depth=28 w=2.4216659821e+37 Shat=3.0000000000e+00 Lhat=0.0000000000e+00
KNUTH_SUBTREE root=1495 depth=28 w=3.2714300918e+38 Shat=1.0000000000e+01 Lhat=0.0000000000e+00
KNUTH_SUBTREE root=1496 depth=28 w=1.4279531093e+37 Shat=3.0000000000e+00 Lhat=0.0000000000e+00
KNUTH_SUBTREE root=1497 depth=28 w=4.6945304350e+37 Shat=4.0000000000e+00 Lhat=0.0000000000e+00
KNUTH_SUBTREE root=1498 depth=28 w=1.4516651036e+39 Shat=9.9892000000e+01 Lhat=0.0000000000e+00
KNUTH_SUBTREE root=1499 depth=28 w=3.3431608393e+38 Shat=2.5206000000e+01 Lhat=0.0000000000e+00
KNUTH_SUBTREE root=1500 depth=28 w=1.8384762015e+38 Shat=3.4072000000e+01 Lhat=0.0000000000e+00
KNUTH_SUBTREE root=1501 depth=28 w=9.8266256368e+38 Shat=5.5138000000e+01 Lhat=0.0000000000e+00
KNUTH_SUBTREE root=1502 depth=28 w=5.4689198645e+38 Shat=4.0240000000e+00 Lhat=0.0000000000e+00
KNUTH_SUBTREE root=1503 depth=28 w=2.0520145970e+39 Shat=4.0858000000e+01 Lhat=0.0000000000e+00
KNUTH_SUBTREE root=1504 depth=28 w=3.2343019789e+39 Shat=5.8624000000e+01 Lhat=0.0000000000e+00
KNUTH_SUBTREE root=1505 depth=28 w=4.2024044213e+36 Shat=5.0000000000e+00 Lhat=0.0000000000e+00
KNUTH_SUBTREE root=1506 depth=28 w=0 Shat=0 Lhat=0 dead=1
KNUTH_SUBTREE root=1507 depth=28 w=1.0819280508e+39 Shat=1.0000000000e+00 Lhat=0.0000000000e+00
KNUTH_SUBTREE root=1508 depth=28 w=2.7775196184e+37 Shat=3.0000000000e+00 Lhat=0.0000000000e+00
KNUTH_SUBTREE root=1509 depth=28 w=4.0359713048e+38 Shat=1.0000000000e+00 Lhat=0.0000000000e+00
KNUTH_SUBTREE root=1510 depth=28 w=7.4766681602e+35 Shat=1.0000000000e+00 Lhat=0.0000000000e+00
KNUTH_SUBTREE root=1511 depth=28 w=9.5352879374e+38 Shat=7.0320000000e+00 Lhat=0.0000000000e+00
KNUTH_SUBTREE root=1512 depth=28 w=5.8922837745e+37 Shat=1.0000000000e+00 Lhat=0.0000000000e+00
KNUTH_SUBTREE root=1513 depth=28 w=6.9221620071e+38 Shat=1.0000000000e+00 Lhat=0.0000000000e+00
KNUTH_SUBTREE root=1514 depth=28 w=2.8528139533e+38 Shat=9.6160000000e+01 Lhat=0.0000000000e+00
KNUTH_SUBTREE root=1515 depth=28 w=8.8751770556e+37 Shat=3.0000000000e+00 Lhat=0.0000000000e+00
KNUTH_SUBTREE root=1516 depth=28 w=4.5417302605e+38 Shat=3.5020000000e+01 Lhat=0.0000000000e+00
KNUTH_SUBTREE root=1517 depth=28 w=9.5223358352e+38 Shat=1.3000000000e+01 Lhat=0.0000000000e+00
KNUTH_SUBTREE root=1518 depth=28 w=2.8127728498e+39 Shat=1.2535000000e+01 Lhat=0.0000000000e+00
KNUTH_SUBTREE root=1519 depth=28 w=1.7983560176e+39 Shat=3.0000000000e+00 Lhat=0.0000000000e+00
KNUTH_SUBTREE root=1520 depth=28 w=2.9285340325e+38 Shat=3.0000000000e+00 Lhat=0.0000000000e+00
KNUTH_SUBTREE root=1521 depth=28 w=7.8370960260e+38 Shat=8.3256000000e+01 Lhat=0.0000000000e+00
KNUTH_SUBTREE root=1522 depth=28 w=4.2364097268e+37 Shat=5.0000000000e+00 Lhat=0.0000000000e+00
KNUTH_SUBTREE root=1523 depth=28 w=1.9445587944e+38 Shat=1.0000000000e+00 Lhat=0.0000000000e+00
KNUTH_SUBTREE root=1524 depth=28 w=6.6693401335e+37 Shat=3.0000000000e+00 Lhat=0.0000000000e+00
KNUTH_SUBTREE root=1525 depth=28 w=7.7288708407e+38 Shat=4.0582000000e+01 Lhat=0.0000000000e+00
KNUTH_SUBTREE root=1526 depth=28 w=1.6522624672e+38 Shat=3.0000000000e+00 Lhat=0.0000000000e+00
KNUTH_SUBTREE root=1527 depth=28 w=2.8334365251e+37 Shat=4.5124000000e+01 Lhat=0.0000000000e+00
KNUTH_SUBTREE root=1528 depth=28 w=3.7122912796e+38 Shat=3.0000000000e+00 Lhat=0.0000000000e+00
KNUTH_SUBTREE root=1529 depth=28 w=7.7289394028e+37 Shat=2.0000000000e+00 Lhat=0.0000000000e+00
KNUTH_SUBTREE root=1530 depth=28 w=2.9373413898e+38 Shat=2.0000000000e+00 Lhat=0.0000000000e+00
KNUTH_SUBTREE root=1531 depth=28 w=6.3903219653e+38 Shat=2.0000000000e+00 Lhat=0.0000000000e+00
KNUTH_SUBTREE root=1532 depth=28 w=5.2802469818e+38 Shat=1.0794000000e+02 Lhat=0.0000000000e+00
KNUTH_SUBTREE root=1533 depth=28 w=8.1957612139e+37 Shat=1.1104000000e+01 Lhat=0.0000000000e+00
KNUTH_SUBTREE root=1534 depth=28 w=2.6519610349e+39 Shat=4.5730000000e+01 Lhat=0.0000000000e+00
KNUTH_SUBTREE root=1535 depth=28 w=3.4233770752e+38 Shat=1.3000000000e+01 Lhat=0.0000000000e+00
KNUTH_SUBTREE root=1536 depth=28 w=3.2231213929e+38 Shat=1.0000000000e+00 Lhat=0.0000000000e+00
KNUTH_SUBTREE root=1537 depth=28 w=2.3812704388e+38 Shat=3.0000000000e+00 Lhat=0.0000000000e+00
KNUTH_SUBTREE root=1538 depth=28 w=4.3188738582e+38 Shat=1.0000000000e+00 Lhat=0.0000000000e+00
KNUTH_SUBTREE root=1539 depth=28 w=4.5877511562e+38 Shat=3.2850000000e+01 Lhat=0.0000000000e+00
KNUTH_SUBTREE root=1540 depth=28 w=0 Shat=0 Lhat=0 dead=1
KNUTH_SUBTREE root=1541 depth=28 w=1.5434324298e+39 Shat=1.0000000000e+00 Lhat=0.0000000000e+00
KNUTH_SUBTREE root=1542 depth=28 w=3.3122316099e+38 Shat=9.1360000000e+00 Lhat=0.0000000000e+00
KNUTH_SUBTREE root=1543 depth=28 w=1.7754857454e+39 Shat=1.0000000000e+00 Lhat=0.0000000000e+00
KNUTH_SUBTREE root=1544 depth=28 w=0 Shat=0 Lhat=0 dead=1
KNUTH_SUBTREE root=1545 depth=28 w=5.3520932138e+38 Shat=1.6832000000e+01 Lhat=0.0000000000e+00
KNUTH_SUBTREE root=1546 depth=28 w=5.4753197274e+38 Shat=3.5572000000e+01 Lhat=0.0000000000e+00
KNUTH_SUBTREE root=1547 depth=28 w=9.0387151129e+37 Shat=3.0000000000e+00 Lhat=0.0000000000e+00
KNUTH_SUBTREE root=1548 depth=28 w=1.3092465163e+36 Shat=1.0000000000e+01 Lhat=0.0000000000e+00
KNUTH_SUBTREE root=1549 depth=28 w=9.3428588200e+35 Shat=1.0000000000e+00 Lhat=0.0000000000e+00
KNUTH_SUBTREE root=1550 depth=28 w=3.3609487638e+38 Shat=7.0000000000e+00 Lhat=0.0000000000e+00
KNUTH_SUBTREE root=1551 depth=28 w=2.0304283436e+37 Shat=1.0000000000e+01 Lhat=0.0000000000e+00
KNUTH_SUBTREE root=1552 depth=28 w=2.5387563070e+37 Shat=2.0000000000e+00 Lhat=0.0000000000e+00
KNUTH_SUBTREE root=1553 depth=28 w=5.6825028849e+38 Shat=7.0000000000e+00 Lhat=0.0000000000e+00
KNUTH_SUBTREE root=1554 depth=28 w=1.0560239436e+38 Shat=3.0000000000e+00 Lhat=0.0000000000e+00
KNUTH_SUBTREE root=1555 depth=28 w=2.4751684696e+38 Shat=1.2010000000e+01 Lhat=0.0000000000e+00
KNUTH_SUBTREE root=1556 depth=28 w=1.9593342376e+38 Shat=5.0860000000e+00 Lhat=0.0000000000e+00
KNUTH_SUBTREE root=1557 depth=28 w=2.5705406553e+38 Shat=1.1519800000e+02 Lhat=0.0000000000e+00
KNUTH_SUBTREE root=1558 depth=28 w=9.3739046413e+37 Shat=2.0000000000e+00 Lhat=0.0000000000e+00
KNUTH_SUBTREE root=1559 depth=28 w=2.4300985914e+39 Shat=5.9320000000e+00 Lhat=0.0000000000e+00
KNUTH_SUBTREE root=1560 depth=28 w=1.9350317471e+38 Shat=2.1802000000e+01 Lhat=0.0000000000e+00
KNUTH_SUBTREE root=1561 depth=28 w=1.2008240030e+38 Shat=5.0000000000e+00 Lhat=0.0000000000e+00
KNUTH_SUBTREE root=1562 depth=28 w=3.3541693643e+37 Shat=3.0000000000e+00 Lhat=0.0000000000e+00
KNUTH_SUBTREE root=1563 depth=28 w=2.2215387590e+38 Shat=3.6012000000e+01 Lhat=0.0000000000e+00
KNUTH_SUBTREE root=1564 depth=28 w=1.4969625798e+39 Shat=1.7128000000e+01 Lhat=0.0000000000e+00
KNUTH_SUBTREE root=1565 depth=28 w=9.7581087358e+38 Shat=1.6944000000e+01 Lhat=0.0000000000e+00
KNUTH_SUBTREE root=1566 depth=28 w=5.5567870127e+38 Shat=7.9950000000e+00 Lhat=0.0000000000e+00
KNUTH_SUBTREE root=1567 depth=28 w=1.3198894755e+39 Shat=1.3000000000e+01 Lhat=0.0000000000e+00
KNUTH_SUBTREE root=1568 depth=28 w=6.7107275589e+38 Shat=3.2505000000e+01 Lhat=0.0000000000e+00
KNUTH_SUBTREE root=1569 depth=28 w=5.4438520385e+37 Shat=6.0340000000e+00 Lhat=0.0000000000e+00
KNUTH_SUBTREE root=1570 depth=28 w=1.9383331523e+39 Shat=1.6625000000e+01 Lhat=0.0000000000e+00
KNUTH_SUBTREE root=1571 depth=28 w=2.2018631104e+38 Shat=3.0000000000e+00 Lhat=0.0000000000e+00
KNUTH_SUBTREE root=1572 depth=28 w=0 Shat=0 Lhat=0 dead=1
KNUTH_SUBTREE root=1573 depth=28 w=1.3992841139e+39 Shat=1.5875200000e+02 Lhat=0.0000000000e+00
KNUTH_SUBTREE root=1574 depth=28 w=2.2369352627e+38 Shat=2.7145000000e+01 Lhat=0.0000000000e+00
KNUTH_SUBTREE root=1575 depth=28 w=3.0775702333e+39 Shat=1.4102800000e+02 Lhat=0.0000000000e+00
KNUTH_SUBTREE root=1576 depth=28 w=4.6057102328e+38 Shat=1.3000000000e+01 Lhat=0.0000000000e+00
KNUTH_SUBTREE root=1577 depth=28 w=2.3186856034e+38 Shat=2.0000000000e+00 Lhat=0.0000000000e+00
KNUTH_SUBTREE root=1578 depth=28 w=2.1111826531e+38 Shat=1.0000000000e+00 Lhat=0.0000000000e+00
KNUTH_SUBTREE root=1579 depth=28 w=6.2190099966e+38 Shat=4.4800000000e+01 Lhat=0.0000000000e+00
KNUTH_SUBTREE root=1580 depth=28 w=4.5066299329e+38 Shat=5.3792000000e+01 Lhat=0.0000000000e+00
KNUTH_SUBTREE root=1581 depth=28 w=3.6798905631e+38 Shat=3.0000000000e+00 Lhat=0.0000000000e+00
KNUTH_SUBTREE root=1582 depth=28 w=2.7428000742e+37 Shat=1.0000000000e+00 Lhat=0.0000000000e+00
KNUTH_SUBTREE root=1583 depth=28 w=1.4303604802e+38 Shat=9.3016000000e+01 Lhat=0.0000000000e+00
KNUTH_SUBTREE root=1584 depth=28 w=1.2625974132e+38 Shat=3.0000000000e+00 Lhat=0.0000000000e+00
KNUTH_SUBTREE root=1585 depth=28 w=6.6752154176e+38 Shat=6.0664000000e+01 Lhat=0.0000000000e+00
KNUTH_SUBTREE root=1586 depth=28 w=2.2315077684e+39 Shat=3.2455000000e+01 Lhat=0.0000000000e+00
KNUTH_SUBTREE root=1587 depth=28 w=1.7631234196e+39 Shat=1.5000000000e+01 Lhat=0.0000000000e+00
KNUTH_SUBTREE root=1588 depth=28 w=5.9186323738e+37 Shat=2.0000000000e+00 Lhat=0.0000000000e+00
KNUTH_SUBTREE root=1589 depth=28 w=0 Shat=0 Lhat=0 dead=1
KNUTH_SUBTREE root=1590 depth=28 w=6.3039938916e+37 Shat=1.4962000000e+01 Lhat=0.0000000000e+00
KNUTH_SUBTREE root=1591 depth=28 w=1.0562022975e+39 Shat=6.1584000000e+01 Lhat=0.0000000000e+00
KNUTH_SUBTREE root=1592 depth=28 w=4.5221948231e+37 Shat=1.0000000000e+00 Lhat=0.0000000000e+00
KNUTH_SUBTREE root=1593 depth=28 w=6.9973272138e+38 Shat=1.0000000000e+00 Lhat=0.0000000000e+00
KNUTH_SUBTREE root=1594 depth=28 w=1.3259780305e+38 Shat=1.0000000000e+00 Lhat=0.0000000000e+00
KNUTH_SUBTREE root=1595 depth=28 w=3.1688429600e+38 Shat=3.9900000000e+00 Lhat=0.0000000000e+00
KNUTH_SUBTREE root=1596 depth=28 w=3.2312204129e+38 Shat=2.0000000000e+00 Lhat=0.0000000000e+00
KNUTH_SUBTREE root=1597 depth=28 w=1.0080042711e+38 Shat=3.0000000000e+00 Lhat=0.0000000000e+00
KNUTH_SUBTREE root=1598 depth=28 w=1.9959903260e+39 Shat=2.0000000000e+00 Lhat=0.0000000000e+00
KNUTH_SUBTREE root=1599 depth=28 w=1.0665725775e+35 Shat=1.0000000000e+00 Lhat=0.0000000000e+00
KNUTH_SUBTREE root=1600 depth=28 w=1.3066403974e+39 Shat=6.0120000000e+00 Lhat=0.0000000000e+00
KNUTH_SUBTREE root=1601 depth=28 w=2.5456188639e+36 Shat=3.0000000000e+00 Lhat=0.0000000000e+00
KNUTH_SUBTREE root=1602 depth=28 w=3.9433310642e+38 Shat=1.0000000000e+00 Lhat=0.0000000000e+00
KNUTH_SUBTREE root=1603 depth=28 w=1.4962065363e+38 Shat=1.0968000000e+01 Lhat=0.0000000000e+00
KNUTH_SUBTREE root=1604 depth=28 w=7.3663817382e+37 Shat=3.0000000000e+00 Lhat=0.0000000000e+00
KNUTH_SUBTREE root=1605 depth=28 w=1.0036864881e+37 Shat=1.0000000000e+00 Lhat=0.0000000000e+00
KNUTH_SUBTREE root=1606 depth=28 w=1.3969888507e+38 Shat=1.0000000000e+00 Lhat=0.0000000000e+00
KNUTH_SUBTREE root=1607 depth=28 w=2.9026730901e+38 Shat=1.3024000000e+01 Lhat=0.0000000000e+00
KNUTH_SUBTREE root=1608 depth=28 w=2.3791834548e+37 Shat=5.0000000000e+00 Lhat=0.0000000000e+00
KNUTH_SUBTREE root=1609 depth=28 w=4.8835981966e+38 Shat=2.4720000000e+01 Lhat=0.0000000000e+00
KNUTH_SUBTREE root=1610 depth=28 w=1.3159790482e+38 Shat=6.2944000000e+01 Lhat=0.0000000000e+00
KNUTH_SUBTREE root=1611 depth=28 w=2.2428391848e+38 Shat=7.4240000000e+01 Lhat=0.0000000000e+00
KNUTH_SUBTREE root=1612 depth=28 w=0 Shat=0 Lhat=0 dead=1
KNUTH_SUBTREE root=1613 depth=28 w=5.3424997641e+38 Shat=1.2952000000e+01 Lhat=0.0000000000e+00
KNUTH_SUBTREE root=1614 depth=28 w=3.0356570940e+39 Shat=3.0000000000e+00 Lhat=0.0000000000e+00
KNUTH_SUBTREE root=1615 depth=28 w=0 Shat=0 Lhat=0 dead=1
KNUTH_SUBTREE root=1616 depth=28 w=1.6631009115e+39 Shat=1.0000000000e+01 Lhat=0.0000000000e+00
KNUTH_SUBTREE root=1617 depth=28 w=2.5385742717e+39 Shat=5.7000000000e+01 Lhat=0.0000000000e+00
KNUTH_SUBTREE root=1618 depth=28 w=7.5073000921e+37 Shat=1.0000000000e+00 Lhat=0.0000000000e+00
KNUTH_SUBTREE root=1619 depth=28 w=9.5273230073e+37 Shat=2.5316000000e+01 Lhat=0.0000000000e+00
KNUTH_SUBTREE root=1620 depth=28 w=2.8141195156e+38 Shat=1.0190000000e+01 Lhat=0.0000000000e+00
KNUTH_SUBTREE root=1621 depth=28 w=2.2562300433e+38 Shat=8.0140000000e+00 Lhat=0.0000000000e+00
KNUTH_SUBTREE root=1622 depth=28 w=1.2328339360e+38 Shat=3.0000000000e+00 Lhat=0.0000000000e+00
KNUTH_SUBTREE root=1623 depth=28 w=3.6812969206e+38 Shat=1.3000000000e+01 Lhat=0.0000000000e+00
KNUTH_SUBTREE root=1624 depth=28 w=0 Shat=0 Lhat=0 dead=1
KNUTH_SUBTREE root=1625 depth=28 w=5.2386121587e+38 Shat=1.0000000000e+00 Lhat=0.0000000000e+00
KNUTH_SUBTREE root=1626 depth=28 w=2.0041993967e+39 Shat=4.2846000000e+01 Lhat=0.0000000000e+00
KNUTH_SUBTREE root=1627 depth=28 w=2.6309860830e+38 Shat=1.1279000000e+02 Lhat=0.0000000000e+00
KNUTH_SUBTREE root=1628 depth=28 w=2.4660307087e+38 Shat=2.3200000000e+01 Lhat=0.0000000000e+00
KNUTH_SUBTREE root=1629 depth=28 w=2.5816883438e+39 Shat=2.2518000000e+01 Lhat=0.0000000000e+00
KNUTH_SUBTREE root=1630 depth=28 w=4.4033049268e+38 Shat=1.0000000000e+00 Lhat=0.0000000000e+00
KNUTH_SUBTREE root=1631 depth=28 w=1.4333379330e+38 Shat=4.0000000000e+00 Lhat=0.0000000000e+00
KNUTH_SUBTREE root=1632 depth=28 w=4.2870668830e+37 Shat=1.0000000000e+00 Lhat=0.0000000000e+00
KNUTH_SUBTREE root=1633 depth=28 w=2.4665658002e+38 Shat=5.0000000000e+00 Lhat=0.0000000000e+00
KNUTH_SUBTREE root=1634 depth=28 w=1.5492792746e+37 Shat=2.0000000000e+00 Lhat=0.0000000000e+00
KNUTH_SUBTREE root=1635 depth=28 w=1.5995813603e+37 Shat=1.0000000000e+00 Lhat=0.0000000000e+00
KNUTH_SUBTREE root=1636 depth=28 w=1.5965317061e+39 Shat=4.0000000000e+00 Lhat=0.0000000000e+00
KNUTH_SUBTREE root=1637 depth=28 w=6.1131818628e+38 Shat=1.0000000000e+01 Lhat=0.0000000000e+00
KNUTH_SUBTREE root=1638 depth=28 w=6.4120317233e+38 Shat=5.0000000000e+00 Lhat=0.0000000000e+00
KNUTH_SUBTREE root=1639 depth=28 w=1.3940504184e+39 Shat=5.0000000000e+00 Lhat=0.0000000000e+00
KNUTH_SUBTREE root=1640 depth=28 w=1.4740410045e+38 Shat=1.3000000000e+01 Lhat=0.0000000000e+00
KNUTH_SUBTREE root=1641 depth=28 w=6.5177431443e+38 Shat=7.9420000000e+00 Lhat=0.0000000000e+00
KNUTH_SUBTREE root=1642 depth=28 w=2.5537200457e+38 Shat=1.5899000000e+02 Lhat=0.0000000000e+00
KNUTH_SUBTREE root=1643 depth=28 w=5.8062143667e+38 Shat=4.4912000000e+01 Lhat=0.0000000000e+00
KNUTH_SUBTREE root=1644 depth=28 w=3.0855586213e+39 Shat=1.4144000000e+01 Lhat=0.0000000000e+00
KNUTH_SUBTREE root=1645 depth=28 w=0 Shat=0 Lhat=0 dead=1
KNUTH_SUBTREE root=1646 depth=28 w=1.3650718053e+38 Shat=3.0000000000e+00 Lhat=0.0000000000e+00
KNUTH_SUBTREE root=1647 depth=28 w=2.4196663058e+39 Shat=7.0000000000e+00 Lhat=0.0000000000e+00
KNUTH_SUBTREE root=1648 depth=28 w=2.3093492328e+39 Shat=8.6384000000e+01 Lhat=0.0000000000e+00
KNUTH_SUBTREE root=1649 depth=28 w=1.2478993996e+39 Shat=5.7021000000e+01 Lhat=1.8270000000e+00
KNUTH_SUBTREE root=1650 depth=28 w=6.1112908643e+37 Shat=1.0000000000e+00 Lhat=0.0000000000e+00
KNUTH_SUBTREE root=1651 depth=28 w=2.2404283349e+38 Shat=3.4026000000e+01 Lhat=0.0000000000e+00
KNUTH_SUBTREE root=1652 depth=28 w=2.2382470124e+37 Shat=3.0000000000e+00 Lhat=0.0000000000e+00
KNUTH_SUBTREE root=1653 depth=28 w=9.7619350295e+38 Shat=5.0525000000e+01 Lhat=0.0000000000e+00
KNUTH_SUBTREE root=1654 depth=28 w=5.5129414456e+38 Shat=3.3655000000e+01 Lhat=0.0000000000e+00
KNUTH_SUBTREE root=1655 depth=28 w=4.2838911419e+38 Shat=3.7386000000e+01 Lhat=0.0000000000e+00
KNUTH_SUBTREE root=1656 depth=28 w=3.6948114548e+38 Shat=1.0000000000e+00 Lhat=0.0000000000e+00
KNUTH_SUBTREE root=1657 depth=28 w=1.7215177370e+39 Shat=3.0000000000e+00 Lhat=0.0000000000e+00
KNUTH_SUBTREE root=1658 depth=28 w=7.2081631598e+37 Shat=5.0000000000e+00 Lhat=0.0000000000e+00
KNUTH_SUBTREE root=1659 depth=28 w=1.3749385804e+39 Shat=3.4660000000e+01 Lhat=0.0000000000e+00
KNUTH_SUBTREE root=1660 depth=28 w=2.9881197072e+39 Shat=1.5040000000e+01 Lhat=0.0000000000e+00
KNUTH_SUBTREE root=1661 depth=28 w=2.7445492571e+38 Shat=5.0000000000e+00 Lhat=0.0000000000e+00
KNUTH_SUBTREE root=1662 depth=28 w=1.9455260085e+39 Shat=1.3000000000e+01 Lhat=0.0000000000e+00
KNUTH_SUBTREE root=1663 depth=28 w=1.4763520784e+39 Shat=1.2928000000e+01 Lhat=0.0000000000e+00
KNUTH_SUBTREE root=1664 depth=28 w=1.0361142486e+38 Shat=1.5946000000e+01 Lhat=0.0000000000e+00
KNUTH_SUBTREE root=1665 depth=28 w=3.9525357002e+37 Shat=4.0000000000e+00 Lhat=0.0000000000e+00
KNUTH_SUBTREE root=1666 depth=28 w=0 Shat=0 Lhat=0 dead=1
KNUTH_SUBTREE root=1667 depth=28 w=4.2888327187e+38 Shat=1.3000000000e+01 Lhat=0.0000000000e+00
KNUTH_SUBTREE root=1668 depth=28 w=3.4521579955e+38 Shat=5.2192000000e+01 Lhat=0.0000000000e+00
KNUTH_SUBTREE root=1669 depth=28 w=0 Shat=0 Lhat=0 dead=1
KNUTH_SUBTREE root=1670 depth=28 w=2.6308997268e+38 Shat=5.3424000000e+01 Lhat=0.0000000000e+00
KNUTH_SUBTREE root=1671 depth=28 w=1.5720424192e+38 Shat=2.0000000000e+00 Lhat=0.0000000000e+00
KNUTH_SUBTREE root=1672 depth=28 w=1.3414376582e+38 Shat=3.0000000000e+00 Lhat=0.0000000000e+00
KNUTH_SUBTREE root=1673 depth=28 w=2.2998688174e+39 Shat=5.0640000000e+01 Lhat=0.0000000000e+00
KNUTH_SUBTREE root=1674 depth=28 w=2.4302448025e+38 Shat=6.9310000000e+00 Lhat=0.0000000000e+00
KNUTH_SUBTREE root=1675 depth=28 w=9.0272374209e+38 Shat=7.0000000000e+00 Lhat=0.0000000000e+00
KNUTH_SUBTREE root=1676 depth=28 w=2.6734770278e+38 Shat=3.0000000000e+00 Lhat=0.0000000000e+00
KNUTH_SUBTREE root=1677 depth=28 w=3.1278838795e+39 Shat=7.0000000000e+00 Lhat=0.0000000000e+00
KNUTH_SUBTREE root=1678 depth=28 w=1.1787964065e+39 Shat=1.3980000000e+01 Lhat=0.0000000000e+00
KNUTH_SUBTREE root=1679 depth=28 w=2.8449415891e+38 Shat=1.9970000000e+01 Lhat=0.0000000000e+00
KNUTH_SUBTREE root=1680 depth=28 w=0 Shat=0 Lhat=0 dead=1
KNUTH_SUBTREE root=1681 depth=28 w=3.0148018043e+38 Shat=6.6470000000e+01 Lhat=0.0000000000e+00
KNUTH_SUBTREE root=1682 depth=28 w=2.5646743645e+38 Shat=2.9000000000e+01 Lhat=0.0000000000e+00
KNUTH_SUBTREE root=1683 depth=28 w=0 Shat=0 Lhat=0 dead=1
KNUTH_SUBTREE root=1684 depth=28 w=1.1149287495e+38 Shat=4.0000000000e+00 Lhat=0.0000000000e+00
KNUTH_SUBTREE root=1685 depth=28 w=0 Shat=0 Lhat=0 dead=1
KNUTH_SUBTREE root=1686 depth=28 w=1.4645040067e+39 Shat=3.0000000000e+00 Lhat=0.0000000000e+00
KNUTH_SUBTREE root=1687 depth=28 w=5.4956278484e+38 Shat=2.0000000000e+00 Lhat=0.0000000000e+00
KNUTH_SUBTREE root=1688 depth=28 w=0 Shat=0 Lhat=0 dead=1
KNUTH_SUBTREE root=1689 depth=28 w=1.5529261563e+38 Shat=9.8552000000e+01 Lhat=0.0000000000e+00
KNUTH_SUBTREE root=1690 depth=28 w=2.0292449965e+37 Shat=1.0000000000e+00 Lhat=0.0000000000e+00
KNUTH_SUBTREE root=1691 depth=28 w=2.0497872019e+38 Shat=5.0000000000e+00 Lhat=0.0000000000e+00
KNUTH_SUBTREE root=1692 depth=28 w=3.9251923085e+38 Shat=7.2057000000e+01 Lhat=0.0000000000e+00
KNUTH_SUBTREE root=1693 depth=28 w=2.0955232664e+38 Shat=4.0000000000e+00 Lhat=0.0000000000e+00
KNUTH_SUBTREE root=1694 depth=28 w=3.8893292961e+38 Shat=3.0000000000e+00 Lhat=0.0000000000e+00
KNUTH_SUBTREE root=1695 depth=28 w=3.2518502371e+38 Shat=9.3502000000e+01 Lhat=0.0000000000e+00
KNUTH_SUBTREE root=1696 depth=28 w=3.8944661621e+38 Shat=7.0000000000e+00 Lhat=0.0000000000e+00
KNUTH_SUBTREE root=1697 depth=28 w=7.3246473461e+38 Shat=6.9880000000e+00 Lhat=0.0000000000e+00
KNUTH_SUBTREE root=1698 depth=28 w=1.5333899957e+38 Shat=1.3000000000e+01 Lhat=0.0000000000e+00
KNUTH_SUBTREE root=1699 depth=28 w=1.8984548040e+39 Shat=7.0000000000e+00 Lhat=0.0000000000e+00
KNUTH_SUBTREE root=1700 depth=28 w=1.1054457048e+39 Shat=4.4984000000e+01 Lhat=0.0000000000e+00
KNUTH_SUBTREE root=1701 depth=28 w=1.0445370277e+39 Shat=4.0000000000e+00 Lhat=0.0000000000e+00
KNUTH_SUBTREE root=1702 depth=28 w=6.2334439559e+35 Shat=1.0000000000e+00 Lhat=0.0000000000e+00
KNUTH_SUBTREE root=1703 depth=28 w=2.0307230099e+37 Shat=3.0000000000e+00 Lhat=0.0000000000e+00
KNUTH_SUBTREE root=1704 depth=28 w=1.5182786385e+38 Shat=1.0000000000e+00 Lhat=0.0000000000e+00
KNUTH_SUBTREE root=1705 depth=28 w=3.1273157816e+38 Shat=2.0000000000e+00 Lhat=0.0000000000e+00
KNUTH_SUBTREE root=1706 depth=28 w=1.7220519586e+39 Shat=4.0000000000e+00 Lhat=0.0000000000e+00
KNUTH_SUBTREE root=1707 depth=28 w=1.0068946986e+37 Shat=1.0000000000e+00 Lhat=0.0000000000e+00
KNUTH_SUBTREE root=1708 depth=28 w=1.2852983228e+39 Shat=1.3000000000e+01 Lhat=0.0000000000e+00
KNUTH_SUBTREE root=1709 depth=28 w=7.9622958413e+37 Shat=1.0000000000e+00 Lhat=0.0000000000e+00
KNUTH_SUBTREE root=1710 depth=28 w=2.2039549475e+38 Shat=1.5008000000e+01 Lhat=0.0000000000e+00
KNUTH_SUBTREE root=1711 depth=28 w=4.1299784945e+38 Shat=2.1480000000e+01 Lhat=0.0000000000e+00
KNUTH_SUBTREE root=1712 depth=28 w=1.0779839304e+37 Shat=1.3000000000e+01 Lhat=0.0000000000e+00
KNUTH_SUBTREE root=1713 depth=28 w=5.2469337227e+38 Shat=1.1000000000e+01 Lhat=0.0000000000e+00
KNUTH_SUBTREE root=1714 depth=28 w=7.4360055246e+36 Shat=1.0000000000e+00 Lhat=0.0000000000e+00
KNUTH_SUBTREE root=1715 depth=28 w=2.2238691851e+38 Shat=2.0000000000e+00 Lhat=0.0000000000e+00
KNUTH_SUBTREE root=1716 depth=28 w=0 Shat=0 Lhat=0 dead=1
KNUTH_SUBTREE root=1717 depth=28 w=4.3397956030e+38 Shat=1.1092000000e+01 Lhat=0.0000000000e+00
KNUTH_SUBTREE root=1718 depth=28 w=1.9302326895e+37 Shat=1.0000000000e+00 Lhat=0.0000000000e+00
KNUTH_SUBTREE root=1719 depth=28 w=8.4422993846e+37 Shat=1.5088000000e+01 Lhat=0.0000000000e+00
KNUTH_SUBTREE root=1720 depth=28 w=2.7834990658e+38 Shat=4.8256000000e+01 Lhat=0.0000000000e+00
KNUTH_SUBTREE root=1721 depth=28 w=6.8145471247e+38 Shat=9.0320000000e+00 Lhat=0.0000000000e+00
KNUTH_SUBTREE root=1722 depth=28 w=1.6500961978e+38 Shat=1.8496000000e+01 Lhat=0.0000000000e+00
KNUTH_SUBTREE root=1723 depth=28 w=3.4111792703e+39 Shat=1.9984000000e+01 Lhat=0.0000000000e+00
KNUTH_SUBTREE root=1724 depth=28 w=1.0606733845e+38 Shat=1.2013000000e+01 Lhat=0.0000000000e+00
KNUTH_SUBTREE root=1725 depth=28 w=1.8213220029e+38 Shat=5.0560000000e+00 Lhat=0.0000000000e+00
KNUTH_SUBTREE root=1726 depth=28 w=1.1816324361e+38 Shat=3.0000000000e+00 Lhat=0.0000000000e+00
KNUTH_SUBTREE root=1727 depth=28 w=0 Shat=0 Lhat=0 dead=1
KNUTH_SUBTREE root=1728 depth=28 w=1.1173457122e+39 Shat=2.7052000000e+01 Lhat=0.0000000000e+00
KNUTH_SUBTREE root=1729 depth=28 w=3.1346620535e+39 Shat=1.4038000000e+01 Lhat=0.0000000000e+00
KNUTH_SUBTREE root=1730 depth=28 w=3.4597356980e+38 Shat=1.0000000000e+01 Lhat=0.0000000000e+00
KNUTH_SUBTREE root=1731 depth=28 w=6.3675788415e+38 Shat=8.7200000000e+00 Lhat=0.0000000000e+00
KNUTH_SUBTREE root=1732 depth=28 w=2.1953130732e+38 Shat=1.6000000000e+01 Lhat=0.0000000000e+00
KNUTH_SUBTREE root=1733 depth=28 w=4.0146896885e+38 Shat=3.0488000000e+01 Lhat=0.0000000000e+00
KNUTH_SUBTREE root=1734 depth=28 w=3.6284260284e+37 Shat=7.0000000000e+00 Lhat=0.0000000000e+00
KNUTH_SUBTREE root=1735 depth=28 w=1.1935174509e+39 Shat=1.2032000000e+01 Lhat=0.0000000000e+00
KNUTH_SUBTREE root=1736 depth=28 w=1.0663850892e+38 Shat=2.0000000000e+00 Lhat=0.0000000000e+00
KNUTH_SUBTREE root=1737 depth=28 w=2.4313828716e+37 Shat=2.0000000000e+00 Lhat=0.0000000000e+00
KNUTH_SUBTREE root=1738 depth=28 w=0 Shat=0 Lhat=0 dead=1
KNUTH_SUBTREE root=1739 depth=28 w=1.5833662061e+38 Shat=8.5203000000e+01 Lhat=0.0000000000e+00
KNUTH_SUBTREE root=1740 depth=28 w=1.9960150604e+38 Shat=3.0000000000e+00 Lhat=0.0000000000e+00
KNUTH_SUBTREE root=1741 depth=28 w=1.6693672543e+38 Shat=8.1934000000e+01 Lhat=1.0320000000e+01
KNUTH_SUBTREE root=1742 depth=28 w=4.9448296907e+38 Shat=1.5150000000e+02 Lhat=0.0000000000e+00
KNUTH_SUBTREE root=1743 depth=28 w=1.1595731967e+39 Shat=4.9600000000e+00 Lhat=0.0000000000e+00
KNUTH_SUBTREE root=1744 depth=28 w=3.9638000910e+38 Shat=1.1005000000e+01 Lhat=0.0000000000e+00
KNUTH_SUBTREE root=1745 depth=28 w=3.9020782105e+38 Shat=3.8080000000e+01 Lhat=0.0000000000e+00
KNUTH_SUBTREE root=1746 depth=28 w=5.8102191799e+38 Shat=1.3000000000e+01 Lhat=0.0000000000e+00
KNUTH_SUBTREE root=1747 depth=28 w=4.6793617810e+38 Shat=1.0000000000e+00 Lhat=0.0000000000e+00
KNUTH_SUBTREE root=1748 depth=28 w=1.0532316345e+37 Shat=3.0000000000e+00 Lhat=0.0000000000e+00
KNUTH_SUBTREE root=1749 depth=28 w=3.9868719749e+38 Shat=5.9290000000e+01 Lhat=0.0000000000e+00
KNUTH_SUBTREE root=1750 depth=28 w=1.5249642822e+39 Shat=7.0000000000e+00 Lhat=0.0000000000e+00
KNUTH_SUBTREE root=1751 depth=28 w=2.7587222259e+37 Shat=6.9760000000e+00 Lhat=0.0000000000e+00
KNUTH_SUBTREE root=1752 depth=28 w=0 Shat=0 Lhat=0 dead=1
KNUTH_SUBTREE root=1753 depth=28 w=2.0077879218e+36 Shat=1.0000000000e+00 Lhat=0.0000000000e+00
KNUTH_SUBTREE root=1754 depth=28 w=7.4743302004e+36 Shat=3.0000000000e+00 Lhat=0.0000000000e+00
KNUTH_SUBTREE root=1755 depth=28 w=1.3442544650e+39 Shat=1.3000000000e+01 Lhat=0.0000000000e+00
KNUTH_SUBTREE root=1756 depth=28 w=2.7184159971e+39 Shat=2.0000000000e+00 Lhat=0.0000000000e+00
KNUTH_SUBTREE root=1757 depth=28 w=5.3544669420e+37 Shat=3.0000000000e+00 Lhat=0.0000000000e+00
KNUTH_SUBTREE root=1758 depth=28 w=4.0827268043e+37 Shat=2.2948000000e+01 Lhat=0.0000000000e+00
KNUTH_SUBTREE root=1759 depth=28 w=1.1395363292e+39 Shat=1.0000000000e+01 Lhat=0.0000000000e+00
KNUTH_SUBTREE root=1760 depth=28 w=9.4895729414e+37 Shat=3.0000000000e+00 Lhat=0.0000000000e+00
KNUTH_SUBTREE root=1761 depth=28 w=1.7448959868e+39 Shat=6.0160000000e+00 Lhat=0.0000000000e+00
KNUTH_SUBTREE root=1762 depth=28 w=3.8659384857e+38 Shat=3.0000000000e+00 Lhat=0.0000000000e+00
KNUTH_SUBTREE root=1763 depth=28 w=5.4381140109e+38 Shat=1.0000000000e+00 Lhat=0.0000000000e+00
KNUTH_SUBTREE root=1764 depth=28 w=4.2484067963e+37 Shat=1.0000000000e+00 Lhat=0.0000000000e+00
KNUTH_SUBTREE root=1765 depth=28 w=4.0909353480e+38 Shat=2.0000000000e+00 Lhat=0.0000000000e+00
KNUTH_SUBTREE root=1766 depth=28 w=5.9432163495e+38 Shat=5.8520000000e+01 Lhat=0.0000000000e+00
KNUTH_SUBTREE root=1767 depth=28 w=1.4412124180e+38 Shat=3.1000000000e+01 Lhat=0.0000000000e+00
KNUTH_SUBTREE root=1768 depth=28 w=2.5506360678e+39 Shat=7.9445000000e+01 Lhat=0.0000000000e+00
KNUTH_SUBTREE root=1769 depth=28 w=3.8823157892e+38 Shat=1.1604500000e+02 Lhat=0.0000000000e+00
KNUTH_SUBTREE root=1770 depth=28 w=9.3828646606e+38 Shat=4.2450000000e+01 Lhat=0.0000000000e+00
KNUTH_SUBTREE root=1771 depth=28 w=7.2706077994e+38 Shat=1.3990000000e+01 Lhat=0.0000000000e+00
KNUTH_SUBTREE root=1772 depth=28 w=2.1246601646e+38 Shat=6.3040000000e+01 Lhat=0.0000000000e+00
KNUTH_SUBTREE root=1773 depth=28 w=0 Shat=0 Lhat=0 dead=1
KNUTH_SUBTREE root=1774 depth=28 w=2.5031550851e+38 Shat=9.2144000000e+01 Lhat=0.0000000000e+00
KNUTH_SUBTREE root=1775 depth=28 w=1.9033154647e+38 Shat=5.0000000000e+00 Lhat=0.0000000000e+00
KNUTH_SUBTREE root=1776 depth=28 w=1.6493274008e+38 Shat=1.1229600000e+02 Lhat=0.0000000000e+00
KNUTH_SUBTREE root=1777 depth=28 w=8.2259120309e+38 Shat=2.1604000000e+01 Lhat=0.0000000000e+00
KNUTH_SUBTREE root=1778 depth=28 w=2.1162995487e+39 Shat=1.2952000000e+01 Lhat=0.0000000000e+00
KNUTH_SUBTREE root=1779 depth=28 w=2.2677421676e+38 Shat=7.9540000000e+00 Lhat=0.0000000000e+00
KNUTH_SUBTREE root=1780 depth=28 w=8.4024570523e+38 Shat=3.4564000000e+01 Lhat=0.0000000000e+00
KNUTH_SUBTREE root=1781 depth=28 w=1.1128530305e+39 Shat=7.3876000000e+01 Lhat=0.0000000000e+00
KNUTH_SUBTREE root=1782 depth=28 w=2.0050911340e+37 Shat=2.0000000000e+00 Lhat=0.0000000000e+00
KNUTH_SUBTREE root=1783 depth=28 w=2.1916882738e+39 Shat=1.6000000000e+01 Lhat=0.0000000000e+00
KNUTH_SUBTREE root=1784 depth=28 w=1.8273615438e+38 Shat=1.0000000000e+00 Lhat=0.0000000000e+00
KNUTH_SUBTREE root=1785 depth=28 w=1.1669128935e+36 Shat=3.0000000000e+00 Lhat=0.0000000000e+00
KNUTH_SUBTREE root=1786 depth=28 w=2.3731825795e+39 Shat=1.2004000000e+01 Lhat=0.0000000000e+00
KNUTH_SUBTREE root=1787 depth=28 w=2.5588766551e+38 Shat=1.0000000000e+00 Lhat=0.0000000000e+00
KNUTH_SUBTREE root=1788 depth=28 w=8.0343754179e+38 Shat=5.9212000000e+01 Lhat=0.0000000000e+00
KNUTH_SUBTREE root=1789 depth=28 w=1.8143734912e+39 Shat=8.5288000000e+01 Lhat=0.0000000000e+00
KNUTH_SUBTREE root=1790 depth=28 w=1.8478894027e+35 Shat=3.0000000000e+00 Lhat=0.0000000000e+00
KNUTH_SUBTREE root=1791 depth=28 w=1.5451775340e+39 Shat=3.4228000000e+01 Lhat=0.0000000000e+00
KNUTH_SUBTREE root=1792 depth=28 w=6.6260336338e+38 Shat=1.2904000000e+01 Lhat=0.0000000000e+00
KNUTH_SUBTREE root=1793 depth=28 w=2.1050512371e+38 Shat=1.0000000000e+00 Lhat=0.0000000000e+00
KNUTH_SUBTREE root=1794 depth=28 w=4.7540812949e+38 Shat=1.0000000000e+00 Lhat=0.0000000000e+00
KNUTH_SUBTREE root=1795 depth=28 w=2.7789334021e+39 Shat=1.6000000000e+01 Lhat=0.0000000000e+00
KNUTH_SUBTREE root=1796 depth=28 w=1.1816840682e+37 Shat=1.0000000000e+00 Lhat=0.0000000000e+00
KNUTH_SUBTREE root=1797 depth=28 w=1.4386132648e+36 Shat=1.0000000000e+00 Lhat=0.0000000000e+00
KNUTH_SUBTREE root=1798 depth=28 w=8.4580378900e+38 Shat=2.8890000000e+01 Lhat=0.0000000000e+00
KNUTH_SUBTREE root=1799 depth=28 w=1.5388883773e+39 Shat=5.0080000000e+00 Lhat=0.0000000000e+00
KNUTH_SUBTREE root=1800 depth=28 w=1.9559877517e+38 Shat=2.0000000000e+00 Lhat=0.0000000000e+00
KNUTH_SUBTREE root=1801 depth=28 w=1.0564809193e+39 Shat=6.8039000000e+01 Lhat=0.0000000000e+00
KNUTH_SUBTREE root=1802 depth=28 w=1.0762651889e+39 Shat=1.0976000000e+01 Lhat=0.0000000000e+00
KNUTH_SUBTREE root=1803 depth=28 w=4.0835105421e+38 Shat=3.1012000000e+01 Lhat=0.0000000000e+00
KNUTH_SUBTREE root=1804 depth=28 w=1.5220707626e+37 Shat=1.0000000000e+00 Lhat=0.0000000000e+00
KNUTH_SUBTREE root=1805 depth=28 w=1.5015822543e+39 Shat=7.1626000000e+01 Lhat=0.0000000000e+00
KNUTH_SUBTREE root=1806 depth=28 w=0 Shat=0 Lhat=0 dead=1
KNUTH_SUBTREE root=1807 depth=28 w=2.2705198817e+38 Shat=7.9234000000e+01 Lhat=0.0000000000e+00
KNUTH_SUBTREE root=1808 depth=28 w=0 Shat=0 Lhat=0 dead=1
KNUTH_SUBTREE root=1809 depth=28 w=2.0556776057e+38 Shat=3.0000000000e+00 Lhat=0.0000000000e+00
KNUTH_SUBTREE root=1810 depth=28 w=3.8615502274e+38 Shat=1.1012800000e+02 Lhat=0.0000000000e+00
KNUTH_SUBTREE root=1811 depth=28 w=1.1543214381e+39 Shat=1.3152000000e+01 Lhat=0.0000000000e+00
KNUTH_SUBTREE root=1812 depth=28 w=2.9596495173e+38 Shat=4.0000000000e+00 Lhat=0.0000000000e+00
KNUTH_SUBTREE root=1813 depth=28 w=2.1180419402e+38 Shat=3.0000000000e+00 Lhat=0.0000000000e+00
KNUTH_SUBTREE root=1814 depth=28 w=2.7915368593e+38 Shat=3.0000000000e+00 Lhat=0.0000000000e+00
KNUTH_SUBTREE root=1815 depth=28 w=7.5117275344e+37 Shat=3.0000000000e+00 Lhat=0.0000000000e+00
KNUTH_SUBTREE root=1816 depth=28 w=1.7710943914e+37 Shat=1.0000000000e+00 Lhat=0.0000000000e+00
KNUTH_SUBTREE root=1817 depth=28 w=2.1496644454e+39 Shat=3.3150000000e+01 Lhat=0.0000000000e+00
KNUTH_SUBTREE root=1818 depth=28 w=1.1411246062e+37 Shat=3.0000000000e+00 Lhat=0.0000000000e+00
KNUTH_SUBTREE root=1819 depth=28 w=0 Shat=0 Lhat=0 dead=1
KNUTH_SUBTREE root=1820 depth=28 w=1.7085016175e+38 Shat=1.0000000000e+00 Lhat=0.0000000000e+00
KNUTH_SUBTREE root=1821 depth=28 w=1.3737597356e+37 Shat=5.0000000000e+00 Lhat=0.0000000000e+00
KNUTH_SUBTREE root=1822 depth=28 w=4.6982612869e+38 Shat=9.0016000000e+01 Lhat=0.0000000000e+00
KNUTH_SUBTREE root=1823 depth=28 w=2.0544066054e+39 Shat=3.0000000000e+00 Lhat=0.0000000000e+00
KNUTH_SUBTREE root=1824 depth=28 w=8.4784627010e+38 Shat=5.0000000000e+00 Lhat=0.0000000000e+00
KNUTH_SUBTREE root=1825 depth=28 w=3.0648224259e+39 Shat=1.6888000000e+01 Lhat=0.0000000000e+00
KNUTH_SUBTREE root=1826 depth=28 w=7.7201240989e+37 Shat=1.6100000000e+01 Lhat=0.0000000000e+00
KNUTH_SUBTREE root=1827 depth=28 w=4.0914185868e+38 Shat=3.0000000000e+00 Lhat=0.0000000000e+00
KNUTH_SUBTREE root=1828 depth=28 w=2.2142150212e+38 Shat=1.1977000000e+01 Lhat=0.0000000000e+00
KNUTH_SUBTREE root=1829 depth=28 w=2.0219694523e+38 Shat=1.9198000000e+01 Lhat=0.0000000000e+00
KNUTH_SUBTREE root=1830 depth=28 w=3.3925319719e+39 Shat=6.0000000000e+00 Lhat=0.0000000000e+00
KNUTH_SUBTREE root=1831 depth=28 w=3.2923824338e+39 Shat=6.0320000000e+00 Lhat=0.0000000000e+00
KNUTH_SUBTREE root=1832 depth=28 w=6.8534020142e+38 Shat=5.2108000000e+01 Lhat=0.0000000000e+00
KNUTH_SUBTREE root=1833 depth=28 w=9.1936590150e+36 Shat=1.0000000000e+00 Lhat=0.0000000000e+00
KNUTH_SUBTREE root=1834 depth=28 w=2.1559031362e+38 Shat=1.4736000000e+01 Lhat=0.0000000000e+00
KNUTH_SUBTREE root=1835 depth=28 w=2.5566212782e+37 Shat=1.0000000000e+00 Lhat=0.0000000000e+00
KNUTH_SUBTREE root=1836 depth=28 w=3.9223525762e+38 Shat=1.0000000000e+00 Lhat=0.0000000000e+00
KNUTH_SUBTREE root=1837 depth=28 w=1.1910736601e+39 Shat=9.9760000000e+00 Lhat=0.0000000000e+00
KNUTH_SUBTREE root=1838 depth=28 w=1.1700559334e+39 Shat=1.5530400000e+02 Lhat=0.0000000000e+00
KNUTH_SUBTREE root=1839 depth=28 w=1.8835560607e+38 Shat=3.0000000000e+00 Lhat=0.0000000000e+00
KNUTH_SUBTREE root=1840 depth=28 w=2.1889726009e+38 Shat=2.9098000000e+01 Lhat=0.0000000000e+00
KNUTH_SUBTREE root=1841 depth=28 w=1.5173304481e+39 Shat=2.0000000000e+00 Lhat=0.0000000000e+00
KNUTH_SUBTREE root=1842 depth=28 w=2.3126232164e+38 Shat=1.0020000000e+01 Lhat=0.0000000000e+00
KNUTH_SUBTREE root=1843 depth=28 w=2.2890945819e+38 Shat=9.7411000000e+01 Lhat=0.0000000000e+00
KNUTH_SUBTREE root=1844 depth=28 w=7.0635304588e+37 Shat=4.0000000000e+00 Lhat=0.0000000000e+00
KNUTH_SUBTREE root=1845 depth=28 w=3.0573879312e+38 Shat=3.0000000000e+00 Lhat=0.0000000000e+00
KNUTH_SUBTREE root=1846 depth=28 w=3.0705697447e+38 Shat=3.0000000000e+00 Lhat=0.0000000000e+00
KNUTH_SUBTREE root=1847 depth=28 w=5.4935353611e+38 Shat=6.3800000000e+01 Lhat=0.0000000000e+00
KNUTH_SUBTREE root=1848 depth=28 w=5.4537109795e+38 Shat=1.6900000000e+01 Lhat=0.0000000000e+00
KNUTH_SUBTREE root=1849 depth=28 w=7.1093483086e+37 Shat=1.0000000000e+00 Lhat=0.0000000000e+00
KNUTH_SUBTREE root=1850 depth=28 w=9.1344533829e+38 Shat=1.0000000000e+00 Lhat=0.0000000000e+00
KNUTH_SUBTREE root=1851 depth=28 w=9.5771699751e+36 Shat=3.0000000000e+00 Lhat=0.0000000000e+00
KNUTH_SUBTREE root=1852 depth=28 w=6.0708959183e+38 Shat=5.0000000000e+00 Lhat=0.0000000000e+00
KNUTH_SUBTREE root=1853 depth=28 w=5.5520130131e+37 Shat=5.0000000000e+00 Lhat=0.0000000000e+00
KNUTH_SUBTREE root=1854 depth=28 w=0 Shat=0 Lhat=0 dead=1
KNUTH_SUBTREE root=1855 depth=28 w=3.7169748660e+39 Shat=5.3014000000e+01 Lhat=0.0000000000e+00
KNUTH_SUBTREE root=1856 depth=28 w=4.1375975979e+38 Shat=1.2940000000e+01 Lhat=0.0000000000e+00
KNUTH_SUBTREE root=1857 depth=28 w=3.3061769555e+38 Shat=7.9480000000e+00 Lhat=0.0000000000e+00
KNUTH_SUBTREE root=1858 depth=28 w=2.1147278016e+39 Shat=9.0000000000e+00 Lhat=0.0000000000e+00
KNUTH_SUBTREE root=1859 depth=28 w=3.9314582587e+37 Shat=1.1986000000e+01 Lhat=0.0000000000e+00
KNUTH_SUBTREE root=1860 depth=28 w=1.1217921742e+38 Shat=1.5786000000e+01 Lhat=0.0000000000e+00
KNUTH_SUBTREE root=1861 depth=28 w=9.5311669465e+38 Shat=4.6792000000e+01 Lhat=0.0000000000e+00
KNUTH_SUBTREE root=1862 depth=28 w=1.0247652519e+38 Shat=5.0000000000e+00 Lhat=0.0000000000e+00
KNUTH_SUBTREE root=1863 depth=28 w=6.6366335989e+37 Shat=3.0000000000e+00 Lhat=0.0000000000e+00
KNUTH_SUBTREE root=1864 depth=28 w=5.5573953843e+38 Shat=1.2020000000e+01 Lhat=0.0000000000e+00
KNUTH_SUBTREE root=1865 depth=28 w=2.0159312872e+38 Shat=1.2543000000e+02 Lhat=0.0000000000e+00
KNUTH_SUBTREE root=1866 depth=28 w=2.5297691491e+38 Shat=2.0000000000e+00 Lhat=0.0000000000e+00
KNUTH_SUBTREE root=1867 depth=28 w=2.7500978646e+39 Shat=1.4944000000e+01 Lhat=0.0000000000e+00
KNUTH_SUBTREE root=1868 depth=28 w=2.4889631335e+38 Shat=5.3464000000e+01 Lhat=0.0000000000e+00
KNUTH_SUBTREE root=1869 depth=28 w=3.0420466855e+38 Shat=2.2792000000e+01 Lhat=0.0000000000e+00
KNUTH_SUBTREE root=1870 depth=28 w=2.2804509394e+38 Shat=2.0000000000e+00 Lhat=0.0000000000e+00
KNUTH_SUBTREE root=1871 depth=28 w=7.8629167959e+38 Shat=5.0000000000e+00 Lhat=0.0000000000e+00
KNUTH_SUBTREE root=1872 depth=28 w=2.3218577261e+38 Shat=1.3000000000e+01 Lhat=0.0000000000e+00
KNUTH_SUBTREE root=1873 depth=28 w=9.2800396494e+38 Shat=1.5000000000e+01 Lhat=0.0000000000e+00
KNUTH_SUBTREE root=1874 depth=28 w=0 Shat=0 Lhat=0 dead=1
KNUTH_SUBTREE root=1875 depth=28 w=2.6048869356e+38 Shat=6.6976000000e+01 Lhat=0.0000000000e+00
KNUTH_SUBTREE root=1876 depth=28 w=5.6136397828e+38 Shat=4.7584000000e+01 Lhat=0.0000000000e+00
KNUTH_SUBTREE root=1877 depth=28 w=7.6551252179e+38 Shat=1.3000000000e+01 Lhat=0.0000000000e+00
KNUTH_SUBTREE root=1878 depth=28 w=1.2756640648e+39 Shat=1.0000000000e+00 Lhat=0.0000000000e+00
KNUTH_SUBTREE root=1879 depth=28 w=1.9249638928e+36 Shat=1.0000000000e+00 Lhat=0.0000000000e+00
KNUTH_SUBTREE root=1880 depth=28 w=1.1742362810e+38 Shat=2.0000000000e+00 Lhat=0.0000000000e+00
KNUTH_SUBTREE root=1881 depth=28 w=8.7207022830e+37 Shat=5.0000000000e+00 Lhat=0.0000000000e+00
KNUTH_SUBTREE root=1882 depth=28 w=7.1800980999e+37 Shat=1.9000000000e+01 Lhat=0.0000000000e+00
KNUTH_SUBTREE root=1883 depth=28 w=2.2501029911e+37 Shat=1.0000000000e+00 Lhat=0.0000000000e+00
KNUTH_SUBTREE root=1884 depth=28 w=5.2582284411e+36 Shat=3.0000000000e+00 Lhat=0.0000000000e+00
KNUTH_SUBTREE root=1885 depth=28 w=8.3140727595e+38 Shat=7.3234000000e+01 Lhat=0.0000000000e+00
KNUTH_SUBTREE root=1886 depth=28 w=2.2345623309e+39 Shat=6.1599000000e+01 Lhat=0.0000000000e+00
KNUTH_SUBTREE root=1887 depth=28 w=2.6196110146e+38 Shat=5.0000000000e+00 Lhat=0.0000000000e+00
KNUTH_SUBTREE root=1888 depth=28 w=1.5073578572e+39 Shat=7.7548000000e+01 Lhat=0.0000000000e+00
KNUTH_SUBTREE root=1889 depth=28 w=3.2718370942e+38 Shat=3.0000000000e+00 Lhat=0.0000000000e+00
KNUTH_SUBTREE root=1890 depth=28 w=4.3237803664e+37 Shat=1.0000000000e+00 Lhat=0.0000000000e+00
KNUTH_SUBTREE root=1891 depth=28 w=6.4691039176e+38 Shat=5.0000000000e+00 Lhat=0.0000000000e+00
KNUTH_SUBTREE root=1892 depth=28 w=1.7402509201e+37 Shat=1.0000000000e+00 Lhat=0.0000000000e+00
KNUTH_SUBTREE root=1893 depth=28 w=0 Shat=0 Lhat=0 dead=1
KNUTH_SUBTREE root=1894 depth=28 w=2.8455309091e+39 Shat=4.2251000000e+01 Lhat=0.0000000000e+00
KNUTH_SUBTREE root=1895 depth=28 w=2.8895382772e+37 Shat=1.0000000000e+01 Lhat=0.0000000000e+00
KNUTH_SUBTREE root=1896 depth=28 w=5.9054116516e+38 Shat=4.9040000000e+00 Lhat=0.0000000000e+00
KNUTH_SUBTREE root=1897 depth=28 w=2.1984768252e+38 Shat=3.0000000000e+00 Lhat=0.0000000000e+00
KNUTH_SUBTREE root=1898 depth=28 w=2.8619659426e+39 Shat=8.6960000000e+01 Lhat=0.0000000000e+00
KNUTH_SUBTREE root=1899 depth=28 w=9.5311119023e+38 Shat=4.0000000000e+00 Lhat=0.0000000000e+00
KNUTH_SUBTREE root=1900 depth=28 w=6.6520234743e+38 Shat=8.3288000000e+01 Lhat=0.0000000000e+00
KNUTH_SUBTREE root=1901 depth=28 w=2.3094725886e+37 Shat=1.0000000000e+00 Lhat=0.0000000000e+00
KNUTH_SUBTREE root=1902 depth=28 w=5.2548429992e+38 Shat=3.0000000000e+00 Lhat=0.0000000000e+00
KNUTH_SUBTREE root=1903 depth=28 w=2.1330791510e+37 Shat=3.0000000000e+00 Lhat=0.0000000000e+00
KNUTH_SUBTREE root=1904 depth=28 w=6.5426187882e+38 Shat=2.7892000000e+01 Lhat=0.0000000000e+00
KNUTH_SUBTREE root=1905 depth=28 w=2.7038393384e+39 Shat=4.6462000000e+01 Lhat=0.0000000000e+00
KNUTH_SUBTREE root=1906 depth=28 w=2.0855119667e+39 Shat=1.0000000000e+01 Lhat=0.0000000000e+00
KNUTH_SUBTREE root=1907 depth=28 w=4.1842405857e+38 Shat=2.9000000000e+01 Lhat=0.0000000000e+00
KNUTH_SUBTREE root=1908 depth=28 w=7.3297545681e+38 Shat=1.3930000000e+01 Lhat=0.0000000000e+00
KNUTH_SUBTREE root=1909 depth=28 w=2.4928050663e+37 Shat=3.0000000000e+00 Lhat=0.0000000000e+00
KNUTH_SUBTREE root=1910 depth=28 w=6.8140962038e+37 Shat=1.1000000000e+01 Lhat=0.0000000000e+00
KNUTH_SUBTREE root=1911 depth=28 w=3.3417400853e+38 Shat=9.0000000000e+00 Lhat=0.0000000000e+00
KNUTH_SUBTREE root=1912 depth=28 w=4.5875860748e+38 Shat=5.0000000000e+00 Lhat=0.0000000000e+00
KNUTH_SUBTREE root=1913 depth=28 w=0 Shat=0 Lhat=0 dead=1
KNUTH_SUBTREE root=1914 depth=28 w=2.1365451523e+38 Shat=3.3468000000e+01 Lhat=0.0000000000e+00
KNUTH_SUBTREE root=1915 depth=28 w=4.4530179220e+35 Shat=1.0000000000e+00 Lhat=0.0000000000e+00
KNUTH_SUBTREE root=1916 depth=28 w=2.6264170574e+39 Shat=2.7864000000e+01 Lhat=0.0000000000e+00
KNUTH_SUBTREE root=1917 depth=28 w=1.4161656464e+38 Shat=5.0000000000e+00 Lhat=0.0000000000e+00
KNUTH_SUBTREE root=1918 depth=28 w=5.6387323223e+37 Shat=5.0000000000e+00 Lhat=0.0000000000e+00
KNUTH_SUBTREE root=1919 depth=28 w=4.7885401846e+34 Shat=1.0000000000e+00 Lhat=0.0000000000e+00
KNUTH_SUBTREE root=1920 depth=28 w=0 Shat=0 Lhat=0 dead=1
KNUTH_SUBTREE root=1921 depth=28 w=3.6762895244e+38 Shat=4.7020000000e+01 Lhat=0.0000000000e+00
KNUTH_SUBTREE root=1922 depth=28 w=7.4707207456e+38 Shat=4.0000000000e+00 Lhat=0.0000000000e+00
KNUTH_SUBTREE root=1923 depth=28 w=2.9530513918e+39 Shat=3.9028000000e+01 Lhat=0.0000000000e+00
KNUTH_SUBTREE root=1924 depth=28 w=2.3592177881e+38 Shat=1.2067000000e+01 Lhat=0.0000000000e+00
KNUTH_SUBTREE root=1925 depth=28 w=2.8462574374e+38 Shat=3.0000000000e+00 Lhat=0.0000000000e+00
KNUTH_SUBTREE root=1926 depth=28 w=6.6841859471e+38 Shat=1.1485500000e+02 Lhat=0.0000000000e+00
KNUTH_SUBTREE root=1927 depth=28 w=2.3643034349e+38 Shat=9.0000000000e+00 Lhat=0.0000000000e+00
KNUTH_SUBTREE root=1928 depth=28 w=1.8735654596e+39 Shat=3.0000000000e+00 Lhat=0.0000000000e+00
KNUTH_SUBTREE root=1929 depth=28 w=1.7889099192e+38 Shat=6.9202000000e+01 Lhat=0.0000000000e+00
KNUTH_SUBTREE root=1930 depth=28 w=8.6257976980e+38 Shat=4.7065000000e+01 Lhat=0.0000000000e+00
KNUTH_SUBTREE root=1931 depth=28 w=8.7661420702e+37 Shat=5.8912000000e+01 Lhat=0.0000000000e+00
KNUTH_SUBTREE root=1932 depth=28 w=3.7262942360e+38 Shat=1.9798000000e+01 Lhat=0.0000000000e+00
KNUTH_SUBTREE root=1933 depth=28 w=6.1943594888e+37 Shat=1.0000000000e+00 Lhat=0.0000000000e+00
KNUTH_SUBTREE root=1934 depth=28 w=5.7280873610e+35 Shat=1.0000000000e+00 Lhat=0.0000000000e+00
KNUTH_SUBTREE root=1935 depth=28 w=4.8556548405e+38 Shat=1.7336000000e+01 Lhat=0.0000000000e+00
KNUTH_SUBTREE root=1936 depth=28 w=1.3954677120e+39 Shat=9.6388000000e+01 Lhat=0.0000000000e+00
KNUTH_SUBTREE root=1937 depth=28 w=1.2729820905e+38 Shat=1.0000000000e+00 Lhat=0.0000000000e+00
KNUTH_SUBTREE root=1938 depth=28 w=0 Shat=0 Lhat=0 dead=1
KNUTH_SUBTREE root=1939 depth=28 w=3.9427850834e+38 Shat=3.0000000000e+00 Lhat=0.0000000000e+00
KNUTH_SUBTREE root=1940 depth=28 w=2.6057293576e+38 Shat=2.0000000000e+00 Lhat=0.0000000000e+00
KNUTH_SUBTREE root=1941 depth=28 w=7.6203161844e+38 Shat=7.0000000000e+00 Lhat=0.0000000000e+00
KNUTH_SUBTREE root=1942 depth=28 w=2.8056030763e+38 Shat=1.5064000000e+01 Lhat=0.0000000000e+00
KNUTH_SUBTREE root=1943 depth=28 w=2.1965326525e+39 Shat=6.3392000000e+01 Lhat=0.0000000000e+00
KNUTH_SUBTREE root=1944 depth=28 w=9.7687312758e+37 Shat=1.3000000000e+01 Lhat=0.0000000000e+00
KNUTH_SUBTREE root=1945 depth=28 w=7.9713052302e+38 Shat=1.4062000000e+01 Lhat=0.0000000000e+00
KNUTH_SUBTREE root=1946 depth=28 w=5.2058943361e+38 Shat=1.3008000000e+01 Lhat=0.0000000000e+00
KNUTH_SUBTREE root=1947 depth=28 w=2.3501747245e+39 Shat=6.4160000000e+01 Lhat=0.0000000000e+00
KNUTH_SUBTREE root=1948 depth=28 w=2.3333379567e+38 Shat=8.1664000000e+01 Lhat=0.0000000000e+00
KNUTH_SUBTREE root=1949 depth=28 w=5.0174511818e+38 Shat=8.5324000000e+01 Lhat=0.0000000000e+00
KNUTH_SUBTREE root=1950 depth=28 w=0 Shat=0 Lhat=0 dead=1
KNUTH_SUBTREE root=1951 depth=28 w=7.4229278849e+38 Shat=2.0000000000e+00 Lhat=0.0000000000e+00
KNUTH_SUBTREE root=1952 depth=28 w=4.4217838802e+37 Shat=2.7124000000e+01 Lhat=0.0000000000e+00
KNUTH_SUBTREE root=1953 depth=28 w=5.9119662788e+37 Shat=8.9840000000e+00 Lhat=0.0000000000e+00
KNUTH_SUBTREE root=1954 depth=28 w=1.1228981239e+39 Shat=3.2216000000e+01 Lhat=0.0000000000e+00
KNUTH_SUBTREE root=1955 depth=28 w=1.3566992646e+39 Shat=2.8503000000e+01 Lhat=0.0000000000e+00
KNUTH_SUBTREE root=1956 depth=28 w=4.3557671541e+38 Shat=6.1996000000e+01 Lhat=0.0000000000e+00
KNUTH_SUBTREE root=1957 depth=28 w=6.3277372347e+38 Shat=2.1352000000e+01 Lhat=0.0000000000e+00
KNUTH_SUBTREE root=1958 depth=28 w=1.4908643905e+38 Shat=4.0680000000e+01 Lhat=0.0000000000e+00
KNUTH_SUBTREE root=1959 depth=28 w=1.3167386892e+37 Shat=1.0000000000e+00 Lhat=0.0000000000e+00
KNUTH_SUBTREE root=1960 depth=28 w=2.8525167948e+37 Shat=1.0000000000e+00 Lhat=0.0000000000e+00
KNUTH_SUBTREE root=1961 depth=28 w=2.2919936956e+38 Shat=2.2333000000e+01 Lhat=0.0000000000e+00
KNUTH_SUBTREE root=1962 depth=28 w=5.6928151973e+36 Shat=2.0000000000e+00 Lhat=0.0000000000e+00
KNUTH_SUBTREE root=1963 depth=28 w=8.6355103065e+38 Shat=2.7784000000e+01 Lhat=0.0000000000e+00
KNUTH_SUBTREE root=1964 depth=28 w=1.3037686717e+39 Shat=1.0000000000e+00 Lhat=0.0000000000e+00
KNUTH_SUBTREE root=1965 depth=28 w=1.2084546860e+39 Shat=1.3000000000e+01 Lhat=0.0000000000e+00
KNUTH_SUBTREE root=1966 depth=28 w=1.1313361547e+37 Shat=1.0000000000e+00 Lhat=0.0000000000e+00
KNUTH_SUBTREE root=1967 depth=28 w=1.9106796761e+39 Shat=5.1239000000e+01 Lhat=0.0000000000e+00
KNUTH_SUBTREE root=1968 depth=28 w=2.2601644757e+36 Shat=3.0000000000e+00 Lhat=0.0000000000e+00
KNUTH_SUBTREE root=1969 depth=28 w=1.2151307850e+38 Shat=8.0290000000e+00 Lhat=0.0000000000e+00
KNUTH_SUBTREE root=1970 depth=28 w=1.2398532783e+38 Shat=3.0000000000e+00 Lhat=0.0000000000e+00
KNUTH_SUBTREE root=1971 depth=28 w=4.4071683851e+38 Shat=2.2070000000e+01 Lhat=0.0000000000e+00
KNUTH_SUBTREE root=1972 depth=28 w=3.0288037234e+38 Shat=9.0000000000e+00 Lhat=0.0000000000e+00
KNUTH_SUBTREE root=1973 depth=28 w=1.8184558352e+38 Shat=1.1633600000e+02 Lhat=0.0000000000e+00
KNUTH_SUBTREE root=1974 depth=28 w=1.3029047156e+38 Shat=4.0660000000e+01 Lhat=0.0000000000e+00
KNUTH_SUBTREE root=1975 depth=28 w=1.9186112220e+38 Shat=5.0000000000e+00 Lhat=0.0000000000e+00
KNUTH_SUBTREE root=1976 depth=28 w=2.1643307172e+39 Shat=3.1484000000e+01 Lhat=0.0000000000e+00
KNUTH_SUBTREE root=1977 depth=28 w=2.2514047809e+39 Shat=2.9240000000e+01 Lhat=0.0000000000e+00
KNUTH_SUBTREE root=1978 depth=28 w=3.7655132436e+37 Shat=1.0000000000e+00 Lhat=0.0000000000e+00
KNUTH_SUBTREE root=1979 depth=28 w=4.4301875221e+37 Shat=5.0000000000e+00 Lhat=0.0000000000e+00
KNUTH_SUBTREE root=1980 depth=28 w=7.5733703512e+38 Shat=8.0836000000e+01 Lhat=0.0000000000e+00
KNUTH_SUBTREE root=1981 depth=28 w=1.4209826639e+38 Shat=3.0000000000e+00 Lhat=0.0000000000e+00
KNUTH_SUBTREE root=1982 depth=28 w=2.0338940355e+38 Shat=1.1000000000e+01 Lhat=0.0000000000e+00
KNUTH_SUBTREE root=1983 depth=28 w=1.2621569851e+39 Shat=4.0000000000e+00 Lhat=0.0000000000e+00
KNUTH_SUBTREE root=1984 depth=28 w=1.7518074971e+38 Shat=7.0280000000e+00 Lhat=0.0000000000e+00
KNUTH_SUBTREE root=1985 depth=28 w=1.9932941694e+38 Shat=1.3000000000e+01 Lhat=0.0000000000e+00
KNUTH_SUBTREE root=1986 depth=28 w=1.5920254486e+38 Shat=1.0000000000e+01 Lhat=0.0000000000e+00
KNUTH_SUBTREE root=1987 depth=28 w=5.5731606179e+38 Shat=8.0200000000e+00 Lhat=0.0000000000e+00
KNUTH_SUBTREE root=1988 depth=28 w=1.1627084418e+37 Shat=1.0000000000e+00 Lhat=0.0000000000e+00
KNUTH_SUBTREE root=1989 depth=28 w=7.4356909744e+35 Shat=1.0000000000e+00 Lhat=0.0000000000e+00
KNUTH_SUBTREE root=1990 depth=28 w=1.0329276450e+38 Shat=3.0000000000e+00 Lhat=0.0000000000e+00
KNUTH_SUBTREE root=1991 depth=28 w=1.7180004241e+38 Shat=4.7886000000e+01 Lhat=0.0000000000e+00
KNUTH_SUBTREE root=1992 depth=28 w=5.6365926360e+38 Shat=9.0880000000e+00 Lhat=0.0000000000e+00
KNUTH_SUBTREE root=1993 depth=28 w=8.7738342281e+37 Shat=5.0000000000e+00 Lhat=0.0000000000e+00
KNUTH_SUBTREE root=1994 depth=28 w=2.3357825270e+38 Shat=2.0000000000e+00 Lhat=0.0000000000e+00
KNUTH_SUBTREE root=1995 depth=28 w=1.7276131338e+35 Shat=1.0000000000e+00 Lhat=0.0000000000e+00
KNUTH_SUBTREE root=1996 depth=28 w=3.5092334870e+37 Shat=1.0000000000e+00 Lhat=0.0000000000e+00
KNUTH_SUBTREE root=1997 depth=28 w=1.7412873835e+38 Shat=1.6841000000e+01 Lhat=0.0000000000e+00
KNUTH_SUBTREE root=1998 depth=28 w=0 Shat=0 Lhat=0 dead=1
KNUTH_SUBTREE root=1999 depth=28 w=3.4586558978e+38 Shat=5.9980000000e+00 Lhat=0.0000000000e+00
KNUTH_SUBTREE root=2000 depth=28 w=2.2657217802e+39 Shat=3.4618000000e+01 Lhat=0.0000000000e+00
KNUTH_SUBTREE root=2001 depth=28 w=2.1799842323e+39 Shat=9.3918000000e+01 Lhat=0.0000000000e+00
KNUTH_SUBTREE root=2002 depth=28 w=2.9808959763e+39 Shat=1.6113000000e+01 Lhat=0.0000000000e+00
KNUTH_SUBTREE root=2003 depth=28 w=3.9773719122e+38 Shat=1.7325600000e+02 Lhat=0.0000000000e+00
KNUTH_SUBTREE root=2004 depth=28 w=2.9368142084e+38 Shat=1.9284000000e+01 Lhat=0.0000000000e+00
KNUTH_SUBTREE root=2005 depth=28 w=1.0243605739e+38 Shat=6.3646000000e+01 Lhat=0.0000000000e+00
KNUTH_SUBTREE root=2006 depth=28 w=1.0571418122e+39 Shat=3.1739200000e+02 Lhat=0.0000000000e+00
KNUTH_SUBTREE root=2007 depth=28 w=1.1236785666e+38 Shat=2.9985000000e+01 Lhat=0.0000000000e+00
KNUTH_SUBTREE root=2008 depth=28 w=4.2378994035e+38 Shat=5.0000000000e+00 Lhat=0.0000000000e+00
KNUTH_SUBTREE root=2009 depth=28 w=1.0052981381e+38 Shat=4.9360000000e+00 Lhat=0.0000000000e+00
KNUTH_SUBTREE root=2010 depth=28 w=1.3941472900e+38 Shat=3.0000000000e+00 Lhat=0.0000000000e+00
KNUTH_SUBTREE root=2011 depth=28 w=3.0926313006e+37 Shat=1.0000000000e+00 Lhat=0.0000000000e+00
KNUTH_SUBTREE root=2012 depth=28 w=2.0890312984e+39 Shat=4.7176000000e+01 Lhat=0.0000000000e+00
KNUTH_SUBTREE root=2013 depth=28 w=3.4193283944e+38 Shat=2.0000000000e+00 Lhat=0.0000000000e+00
KNUTH_SUBTREE root=2014 depth=28 w=3.6657794117e+38 Shat=1.9000000000e+01 Lhat=0.0000000000e+00
KNUTH_SUBTREE root=2015 depth=28 w=3.6019101482e+38 Shat=5.6872000000e+01 Lhat=0.0000000000e+00
KNUTH_SUBTREE root=2016 depth=28 w=1.0703166701e+38 Shat=2.0000000000e+00 Lhat=0.0000000000e+00
KNUTH_SUBTREE root=2017 depth=28 w=2.6413913007e+39 Shat=1.1125600000e+02 Lhat=0.0000000000e+00
KNUTH_SUBTREE root=2018 depth=28 w=2.1414977111e+38 Shat=3.5435000000e+01 Lhat=0.0000000000e+00
KNUTH_SUBTREE root=2019 depth=28 w=2.2704533954e+38 Shat=2.9542000000e+01 Lhat=0.0000000000e+00
KNUTH_SUBTREE root=2020 depth=28 w=1.6384200085e+36 Shat=3.0000000000e+00 Lhat=0.0000000000e+00
KNUTH_SUBTREE root=2021 depth=28 w=8.4749730203e+36 Shat=2.0000000000e+00 Lhat=0.0000000000e+00
KNUTH_SUBTREE root=2022 depth=28 w=0 Shat=0 Lhat=0 dead=1
KNUTH_SUBTREE root=2023 depth=28 w=0 Shat=0 Lhat=0 dead=1
KNUTH_SUBTREE root=2024 depth=28 w=3.5816753973e+38 Shat=2.0000000000e+00 Lhat=0.0000000000e+00
KNUTH_SUBTREE root=2025 depth=28 w=5.7582716451e+37 Shat=5.0000000000e+00 Lhat=0.0000000000e+00
KNUTH_SUBTREE root=2026 depth=28 w=4.3496045814e+37 Shat=2.0000000000e+00 Lhat=0.0000000000e+00
KNUTH_SUBTREE root=2027 depth=28 w=0 Shat=0 Lhat=0 dead=1
KNUTH_SUBTREE root=2028 depth=28 w=1.2428658543e+39 Shat=4.3385000000e+01 Lhat=0.0000000000e+00
KNUTH_SUBTREE root=2029 depth=28 w=2.8692198138e+39 Shat=3.5338000000e+01 Lhat=0.0000000000e+00
KNUTH_SUBTREE root=2030 depth=28 w=0 Shat=0 Lhat=0 dead=1
KNUTH_SUBTREE root=2031 depth=28 w=4.9548290122e+37 Shat=3.9960000000e+01 Lhat=0.0000000000e+00
KNUTH_SUBTREE root=2032 depth=28 w=3.2229186962e+38 Shat=3.6098000000e+01 Lhat=0.0000000000e+00
KNUTH_SUBTREE root=2033 depth=28 w=1.9261963705e+38 Shat=9.0390000000e+01 Lhat=0.0000000000e+00
KNUTH_SUBTREE root=2034 depth=28 w=2.4024560882e+37 Shat=1.0000000000e+00 Lhat=0.0000000000e+00
KNUTH_SUBTREE root=2035 depth=28 w=4.7964461320e+38 Shat=6.0000000000e+00 Lhat=0.0000000000e+00
KNUTH_SUBTREE root=2036 depth=28 w=1.2101003818e+38 Shat=3.0000000000e+00 Lhat=0.0000000000e+00
KNUTH_SUBTREE root=2037 depth=28 w=6.4930657071e+38 Shat=1.3000000000e+01 Lhat=0.0000000000e+00
KNUTH_SUBTREE root=2038 depth=28 w=7.7231680477e+38 Shat=2.2366000000e+01 Lhat=0.0000000000e+00
KNUTH_SUBTREE root=2039 depth=28 w=1.1557221198e+38 Shat=2.0000000000e+00 Lhat=0.0000000000e+00
KNUTH_SUBTREE root=2040 depth=28 w=4.4543934170e+38 Shat=4.7482000000e+01 Lhat=0.0000000000e+00
KNUTH_SUBTREE root=2041 depth=28 w=2.0612467766e+36 Shat=1.0000000000e+00 Lhat=0.0000000000e+00
KNUTH_SUBTREE root=2042 depth=28 w=3.9357917269e+38 Shat=3.0000000000e+00 Lhat=0.0000000000e+00
KNUTH_SUBTREE root=2043 depth=28 w=7.8022695115e+38 Shat=2.3356000000e+01 Lhat=0.0000000000e+00
KNUTH_SUBTREE root=2044 depth=28 w=2.9464800879e+38 Shat=9.0000000000e+00 Lhat=0.0000000000e+00
KNUTH_SUBTREE root=2045 depth=28 w=2.8265205869e+39 Shat=1.0000000000e+00 Lhat=0.0000000000e+00
KNUTH_SUBTREE root=2046 depth=28 w=2.7088118385e+38 Shat=1.9852000000e+01 Lhat=0.0000000000e+00
KNUTH_SUBTREE root=2047 depth=28 w=1.2943848868e+39 Shat=1.4996000000e+01 Lhat=0.0000000000e+00
KNUTH_SUBTREE root=2048 depth=28 w=4.5102786384e+37 Shat=1.0000000000e+00 Lhat=0.0000000000e+00
KNUTH_SUBTREE root=2049 depth=28 w=2.3718828989e+37 Shat=8.0920000000e+00 Lhat=0.0000000000e+00
KNUTH_SUBTREE root=2050 depth=28 w=1.6405300006e+38 Shat=1.1345800000e+02 Lhat=0.0000000000e+00
KNUTH_SUBTREE root=2051 depth=28 w=2.7296954914e+39 Shat=8.6960000000e+01 Lhat=0.0000000000e+00
KNUTH_SUBTREE root=2052 depth=28 w=0 Shat=0 Lhat=0 dead=1
KNUTH_SUBTREE root=2053 depth=28 w=2.7992441972e+39 Shat=2.5762000000e+01 Lhat=0.0000000000e+00
KNUTH_SUBTREE root=2054 depth=28 w=6.5546811610e+38 Shat=4.4902000000e+01 Lhat=0.0000000000e+00
KNUTH_SUBTREE root=2055 depth=28 w=1.4229005472e+38 Shat=1.0000000000e+01 Lhat=0.0000000000e+00
KNUTH_SUBTREE root=2056 depth=28 w=2.3614969553e+39 Shat=7.4104000000e+01 Lhat=0.0000000000e+00
KNUTH_SUBTREE root=2057 depth=28 w=1.3414071197e+38 Shat=2.0000000000e+00 Lhat=0.0000000000e+00
KNUTH_SUBTREE root=2058 depth=28 w=1.6442094950e+39 Shat=4.0000000000e+00 Lhat=0.0000000000e+00
KNUTH_SUBTREE root=2059 depth=28 w=2.8965112537e+38 Shat=3.0000000000e+00 Lhat=0.0000000000e+00
KNUTH_SUBTREE root=2060 depth=28 w=1.2116560766e+39 Shat=7.0000000000e+00 Lhat=0.0000000000e+00
KNUTH_SUBTREE root=2061 depth=28 w=5.1796776083e+38 Shat=1.0942000000e+01 Lhat=0.0000000000e+00
KNUTH_SUBTREE root=2062 depth=28 w=6.0558154404e+38 Shat=2.0000000000e+00 Lhat=0.0000000000e+00
KNUTH_SUBTREE root=2063 depth=28 w=5.3607085789e+38 Shat=7.3096000000e+01 Lhat=0.0000000000e+00
KNUTH_SUBTREE root=2064 depth=28 w=2.3993657330e+38 Shat=3.6715000000e+01 Lhat=0.0000000000e+00
KNUTH_SUBTREE root=2065 depth=28 w=1.7648730485e+38 Shat=1.6106000000e+01 Lhat=0.0000000000e+00
KNUTH_SUBTREE root=2066 depth=28 w=2.0120108563e+38 Shat=7.8560000000e+00 Lhat=0.0000000000e+00
KNUTH_SUBTREE root=2067 depth=28 w=5.5280259777e+38 Shat=4.8173000000e+01 Lhat=0.0000000000e+00
KNUTH_SUBTREE root=2068 depth=28 w=1.7864341677e+38 Shat=3.0000000000e+00 Lhat=0.0000000000e+00
KNUTH_SUBTREE root=2069 depth=28 w=6.2576976975e+37 Shat=7.0000000000e+00 Lhat=0.0000000000e+00
KNUTH_SUBTREE root=2070 depth=28 w=2.6821158451e+39 Shat=5.6920000000e+01 Lhat=0.0000000000e+00
KNUTH_SUBTREE root=2071 depth=28 w=1.2881210209e+39 Shat=2.1004000000e+01 Lhat=0.0000000000e+00
KNUTH_SUBTREE root=2072 depth=28 w=2.4457086702e+39 Shat=3.2932000000e+01 Lhat=0.0000000000e+00
KNUTH_SUBTREE root=2073 depth=28 w=3.7090687541e+38 Shat=1.7104000000e+01 Lhat=0.0000000000e+00
KNUTH_SUBTREE root=2074 depth=28 w=8.6534203513e+37 Shat=4.0000000000e+00 Lhat=0.0000000000e+00
KNUTH_SUBTREE root=2075 depth=28 w=9.4992714342e+37 Shat=6.7180000000e+01 Lhat=0.0000000000e+00
KNUTH_SUBTREE root=2076 depth=28 w=1.1063854114e+39 Shat=1.5000000000e+01 Lhat=0.0000000000e+00
KNUTH_SUBTREE root=2077 depth=28 w=1.0067162204e+38 Shat=7.0000000000e+00 Lhat=0.0000000000e+00
KNUTH_SUBTREE root=2078 depth=28 w=1.2309764897e+36 Shat=5.0120000000e+00 Lhat=0.0000000000e+00
KNUTH_SUBTREE root=2079 depth=28 w=7.6163281232e+37 Shat=2.0000000000e+00 Lhat=0.0000000000e+00
KNUTH_SUBTREE root=2080 depth=28 w=4.3226240810e+38 Shat=1.3180000000e+02 Lhat=0.0000000000e+00
KNUTH_SUBTREE root=2081 depth=28 w=3.4896117371e+38 Shat=2.0000000000e+00 Lhat=0.0000000000e+00
KNUTH_SUBTREE root=2082 depth=28 w=2.8277665387e+39 Shat=1.1205400000e+02 Lhat=0.0000000000e+00
KNUTH_SUBTREE root=2083 depth=28 w=2.9435800896e+39 Shat=2.3212000000e+01 Lhat=0.0000000000e+00
KNUTH_SUBTREE root=2084 depth=28 w=2.8182921169e+36 Shat=1.0000000000e+00 Lhat=0.0000000000e+00
KNUTH_SUBTREE root=2085 depth=28 w=1.4087378818e+39 Shat=2.9560000000e+01 Lhat=0.0000000000e+00
KNUTH_SUBTREE root=2086 depth=28 w=7.5872865729e+38 Shat=9.1040000000e+00 Lhat=0.0000000000e+00
KNUTH_SUBTREE root=2087 depth=28 w=9.2664671157e+37 Shat=9.0560000000e+00 Lhat=0.0000000000e+00
KNUTH_SUBTREE root=2088 depth=28 w=2.0061492806e+39 Shat=1.0000000000e+01 Lhat=0.0000000000e+00
KNUTH_SUBTREE root=2089 depth=28 w=8.6357539067e+37 Shat=7.0000000000e+00 Lhat=0.0000000000e+00
KNUTH_SUBTREE root=2090 depth=28 w=2.6937321708e+38 Shat=3.1714000000e+01 Lhat=0.0000000000e+00
KNUTH_SUBTREE root=2091 depth=28 w=1.3687494091e+39 Shat=6.8200000000e+01 Lhat=0.0000000000e+00
KNUTH_SUBTREE root=2092 depth=28 w=3.3754068056e+38 Shat=1.0000000000e+00 Lhat=0.0000000000e+00
KNUTH_SUBTREE root=2093 depth=28 w=2.6163951219e+39 Shat=2.2315000000e+01 Lhat=0.0000000000e+00
KNUTH_SUBTREE root=2094 depth=28 w=2.1666793365e+38 Shat=2.0872000000e+01 Lhat=0.0000000000e+00
KNUTH_SUBTREE root=2095 depth=28 w=1.2293417848e+39 Shat=1.6888000000e+01 Lhat=0.0000000000e+00
KNUTH_SUBTREE root=2096 depth=28 w=2.5901329273e+39 Shat=1.9000000000e+01 Lhat=0.0000000000e+00
KNUTH_SUBTREE root=2097 depth=28 w=5.9170674886e+38 Shat=9.0184000000e+01 Lhat=0.0000000000e+00
KNUTH_SUBTREE root=2098 depth=28 w=7.4032337955e+38 Shat=3.0000000000e+00 Lhat=0.0000000000e+00
KNUTH_SUBTREE root=2099 depth=28 w=9.4705868517e+38 Shat=1.0000000000e+00 Lhat=0.0000000000e+00
KNUTH_SUBTREE root=2100 depth=28 w=9.3901392195e+38 Shat=3.2840000000e+01 Lhat=0.0000000000e+00
KNUTH_SUBTREE root=2101 depth=28 w=1.0346977760e+38 Shat=1.0000000000e+00 Lhat=0.0000000000e+00
KNUTH_SUBTREE root=2102 depth=28 w=4.6578071236e+37 Shat=3.0000000000e+00 Lhat=0.0000000000e+00
KNUTH_SUBTREE root=2103 depth=28 w=5.2994578119e+38 Shat=2.9000000000e+01 Lhat=0.0000000000e+00
KNUTH_SUBTREE root=2104 depth=28 w=9.3306990803e+37 Shat=1.0000000000e+00 Lhat=0.0000000000e+00
KNUTH_SUBTREE root=2105 depth=28 w=1.5551654523e+38 Shat=4.0000000000e+00 Lhat=0.0000000000e+00
KNUTH_SUBTREE root=2106 depth=28 w=1.2500577917e+36 Shat=1.0000000000e+00 Lhat=0.0000000000e+00
KNUTH_SUBTREE root=2107 depth=28 w=2.2890498762e+38 Shat=1.7000000000e+01 Lhat=0.0000000000e+00
KNUTH_SUBTREE root=2108 depth=28 w=6.9734256891e+37 Shat=7.0000000000e+00 Lhat=0.0000000000e+00
KNUTH_SUBTREE root=2109 depth=28 w=4.5363586436e+38 Shat=1.0000000000e+00 Lhat=0.0000000000e+00
KNUTH_SUBTREE root=2110 depth=28 w=5.5875120441e+38 Shat=7.0000000000e+00 Lhat=0.0000000000e+00
KNUTH_SUBTREE root=2111 depth=28 w=2.1204787998e+38 Shat=3.8856000000e+01 Lhat=0.0000000000e+00
KNUTH_SUBTREE root=2112 depth=28 w=0 Shat=0 Lhat=0 dead=1
KNUTH_SUBTREE root=2113 depth=28 w=6.6475326489e+38 Shat=1.1020000000e+01 Lhat=0.0000000000e+00
KNUTH_SUBTREE root=2114 depth=28 w=2.7723011919e+39 Shat=5.5726000000e+01 Lhat=0.0000000000e+00
KNUTH_SUBTREE root=2115 depth=28 w=2.6785429884e+38 Shat=3.3900000000e+01 Lhat=0.0000000000e+00
KNUTH_SUBTREE root=2116 depth=28 w=3.4177247195e+39 Shat=9.1174000000e+01 Lhat=0.0000000000e+00
KNUTH_SUBTREE root=2117 depth=28 w=7.3264297420e+38 Shat=3.8840000000e+01 Lhat=0.0000000000e+00
KNUTH_SUBTREE root=2118 depth=28 w=2.5231618568e+39 Shat=6.2380000000e+01 Lhat=0.0000000000e+00
KNUTH_SUBTREE root=2119 depth=28 w=1.0139445835e+39 Shat=1.5010000000e+01 Lhat=0.0000000000e+00
KNUTH_SUBTREE root=2120 depth=28 w=2.6528458749e+38 Shat=5.0000000000e+00 Lhat=0.0000000000e+00
KNUTH_SUBTREE root=2121 depth=28 w=4.7110238639e+37 Shat=5.0000000000e+00 Lhat=0.0000000000e+00
KNUTH_SUBTREE root=2122 depth=28 w=1.2606163044e+39 Shat=3.0000000000e+00 Lhat=0.0000000000e+00
KNUTH_SUBTREE root=2123 depth=28 w=1.5354271585e+38 Shat=2.0000000000e+00 Lhat=0.0000000000e+00
KNUTH_SUBTREE root=2124 depth=28 w=6.2188030682e+38 Shat=4.0214000000e+01 Lhat=0.0000000000e+00
KNUTH_SUBTREE root=2125 depth=28 w=2.1672642938e+39 Shat=9.0040000000e+00 Lhat=0.0000000000e+00
KNUTH_SUBTREE root=2126 depth=28 w=1.2241107755e+39 Shat=1.0000000000e+00 Lhat=0.0000000000e+00
KNUTH_SUBTREE root=2127 depth=28 w=2.2172520806e+39 Shat=6.5752000000e+01 Lhat=0.0000000000e+00
KNUTH_SUBTREE root=2128 depth=28 w=5.6363678381e+38 Shat=1.0000000000e+01 Lhat=0.0000000000e+00
KNUTH_SUBTREE root=2129 depth=28 w=7.2274625633e+38 Shat=2.0000000000e+00 Lhat=0.0000000000e+00
KNUTH_SUBTREE root=2130 depth=28 w=1.7165802659e+39 Shat=2.8706000000e+01 Lhat=0.0000000000e+00
KNUTH_SUBTREE root=2131 depth=28 w=1.8993900832e+38 Shat=8.7680000000e+00 Lhat=0.0000000000e+00
KNUTH_SUBTREE root=2132 depth=28 w=3.0171322585e+38 Shat=1.4956000000e+01 Lhat=0.0000000000e+00
KNUTH_SUBTREE root=2133 depth=28 w=2.5835452766e+36 Shat=1.0000000000e+00 Lhat=0.0000000000e+00
KNUTH_SUBTREE root=2134 depth=28 w=7.9374093732e+37 Shat=7.9800000000e+00 Lhat=0.0000000000e+00
KNUTH_SUBTREE root=2135 depth=28 w=9.0209313182e+37 Shat=4.9114000000e+01 Lhat=0.0000000000e+00
KNUTH_SUBTREE root=2136 depth=28 w=1.3703219995e+38 Shat=1.1036000000e+01 Lhat=0.0000000000e+00
KNUTH_SUBTREE root=2137 depth=28 w=1.4462630512e+37 Shat=1.0000000000e+00 Lhat=0.0000000000e+00
KNUTH_SUBTREE root=2138 depth=28 w=1.4604605948e+37 Shat=2.0000000000e+00 Lhat=0.0000000000e+00
KNUTH_SUBTREE root=2139 depth=28 w=6.8015649620e+37 Shat=4.2100000000e+01 Lhat=0.0000000000e+00
KNUTH_SUBTREE root=2140 depth=28 w=2.4027237421e+39 Shat=8.9600000000e+00 Lhat=0.0000000000e+00
KNUTH_SUBTREE root=2141 depth=28 w=7.0152482637e+37 Shat=3.0000000000e+00 Lhat=0.0000000000e+00
KNUTH_SUBTREE root=2142 depth=28 w=3.0158358263e+39 Shat=4.0865000000e+01 Lhat=0.0000000000e+00
KNUTH_SUBTREE root=2143 depth=28 w=7.7748781734e+38 Shat=1.3000000000e+01 Lhat=0.0000000000e+00
KNUTH_SUBTREE root=2144 depth=28 w=2.9572663983e+37 Shat=3.0000000000e+00 Lhat=0.0000000000e+00
KNUTH_SUBTREE root=2145 depth=28 w=7.8389572843e+38 Shat=3.0000000000e+00 Lhat=0.0000000000e+00
KNUTH_SUBTREE root=2146 depth=28 w=4.8082328126e+38 Shat=9.2820000000e+01 Lhat=0.0000000000e+00
KNUTH_SUBTREE root=2147 depth=28 w=4.8335923929e+37 Shat=1.0000000000e+00 Lhat=0.0000000000e+00
KNUTH_SUBTREE root=2148 depth=28 w=1.2249863360e+39 Shat=6.1240000000e+00 Lhat=0.0000000000e+00
KNUTH_SUBTREE root=2149 depth=28 w=3.6100640571e+38 Shat=5.0000000000e+00 Lhat=0.0000000000e+00
KNUTH_SUBTREE root=2150 depth=28 w=3.1928249718e+37 Shat=1.4086000000e+01 Lhat=0.0000000000e+00
KNUTH_SUBTREE root=2151 depth=28 w=8.1657099673e+38 Shat=2.9428000000e+01 Lhat=0.0000000000e+00
KNUTH_SUBTREE root=2152 depth=28 w=1.1512649602e+38 Shat=4.0000000000e+00 Lhat=0.0000000000e+00
KNUTH_SUBTREE root=2153 depth=28 w=4.9666779732e+38 Shat=1.9984000000e+01 Lhat=0.0000000000e+00
KNUTH_SUBTREE root=2154 depth=28 w=5.4409704184e+38 Shat=5.1792000000e+01 Lhat=0.0000000000e+00
KNUTH_SUBTREE root=2155 depth=28 w=3.8537599215e+38 Shat=3.0000000000e+00 Lhat=0.0000000000e+00
KNUTH_SUBTREE root=2156 depth=28 w=2.7811640751e+38 Shat=1.3720000000e+01 Lhat=0.0000000000e+00
KNUTH_SUBTREE root=2157 depth=28 w=7.2700976042e+37 Shat=2.0000000000e+00 Lhat=0.0000000000e+00
KNUTH_SUBTREE root=2158 depth=28 w=8.5201475154e+38 Shat=1.3000000000e+01 Lhat=0.0000000000e+00
KNUTH_SUBTREE root=2159 depth=28 w=0 Shat=0 Lhat=0 dead=1
KNUTH_SUBTREE root=2160 depth=28 w=2.5098868203e+38 Shat=3.0000000000e+00 Lhat=0.0000000000e+00
KNUTH_SUBTREE root=2161 depth=28 w=5.1042899117e+38 Shat=8.9380000000e+00 Lhat=0.0000000000e+00
KNUTH_SUBTREE root=2162 depth=28 w=6.5347269166e+37 Shat=1.6000000000e+01 Lhat=0.0000000000e+00
KNUTH_SUBTREE root=2163 depth=28 w=1.2881180568e+38 Shat=5.0000000000e+00 Lhat=0.0000000000e+00
KNUTH_SUBTREE root=2164 depth=28 w=2.3308262258e+38 Shat=1.4952000000e+01 Lhat=0.0000000000e+00
KNUTH_SUBTREE root=2165 depth=28 w=1.4517801661e+39 Shat=5.7070000000e+01 Lhat=0.0000000000e+00
KNUTH_SUBTREE root=2166 depth=28 w=6.0162079915e+38 Shat=2.4895000000e+01 Lhat=0.0000000000e+00
KNUTH_SUBTREE root=2167 depth=28 w=3.7428479539e+38 Shat=4.5376000000e+01 Lhat=0.0000000000e+00
KNUTH_SUBTREE root=2168 depth=28 w=5.6585126990e+38 Shat=1.6325000000e+01 Lhat=0.0000000000e+00
KNUTH_SUBTREE root=2169 depth=28 w=1.9413969514e+38 Shat=2.2828000000e+01 Lhat=0.0000000000e+00
KNUTH_SUBTREE root=2170 depth=28 w=0 Shat=0 Lhat=0 dead=1
KNUTH_SUBTREE root=2171 depth=28 w=2.4963984820e+39 Shat=2.7178000000e+01 Lhat=0.0000000000e+00
KNUTH_SUBTREE root=2172 depth=28 w=2.5393971749e+38 Shat=2.2948000000e+01 Lhat=0.0000000000e+00
KNUTH_SUBTREE root=2173 depth=28 w=1.1702598310e+39 Shat=3.0000000000e+00 Lhat=0.0000000000e+00
KNUTH_SUBTREE root=2174 depth=28 w=9.3480816081e+38 Shat=8.1040000000e+00 Lhat=0.0000000000e+00
KNUTH_SUBTREE root=2175 depth=28 w=3.1393070992e+38 Shat=1.2372400000e+02 Lhat=0.0000000000e+00
KNUTH_SUBTREE root=2176 depth=28 w=1.9608111168e+39 Shat=3.0000000000e+00 Lhat=0.0000000000e+00
KNUTH_SUBTREE root=2177 depth=28 w=3.0811772196e+37 Shat=9.0360000000e+00 Lhat=0.0000000000e+00
KNUTH_SUBTREE root=2178 depth=28 w=2.1220326517e+38 Shat=8.9920000000e+00 Lhat=0.0000000000e+00
KNUTH_SUBTREE root=2179 depth=28 w=1.8070282741e+39 Shat=1.0000000000e+00 Lhat=0.0000000000e+00
KNUTH_SUBTREE root=2180 depth=28 w=0 Shat=0 Lhat=0 dead=1
KNUTH_SUBTREE root=2181 depth=28 w=5.1536375965e+38 Shat=1.3000000000e+01 Lhat=0.0000000000e+00
KNUTH_SUBTREE root=2182 depth=28 w=4.1240498761e+38 Shat=7.0000000000e+00 Lhat=0.0000000000e+00
KNUTH_SUBTREE root=2183 depth=28 w=1.7418024842e+38 Shat=3.0000000000e+00 Lhat=0.0000000000e+00
KNUTH_SUBTREE root=2184 depth=28 w=1.0739811034e+39 Shat=2.9404000000e+01 Lhat=0.0000000000e+00
KNUTH_SUBTREE root=2185 depth=28 w=1.4159697567e+39 Shat=6.2472000000e+01 Lhat=0.0000000000e+00
KNUTH_SUBTREE root=2186 depth=28 w=1.8626117697e+38 Shat=2.0000000000e+00 Lhat=0.0000000000e+00
KNUTH_SUBTREE root=2187 depth=28 w=6.1583778561e+37 Shat=5.0000000000e+00 Lhat=0.0000000000e+00
KNUTH_SUBTREE root=2188 depth=28 w=8.0330153726e+37 Shat=1.2984000000e+01 Lhat=0.0000000000e+00
KNUTH_SUBTREE root=2189 depth=28 w=6.3892407866e+38 Shat=3.3322000000e+01 Lhat=0.0000000000e+00
KNUTH_SUBTREE root=2190 depth=28 w=3.0351530839e+39 Shat=6.3951000000e+01 Lhat=0.0000000000e+00
KNUTH_SUBTREE root=2191 depth=28 w=3.4770331543e+38 Shat=5.5048000000e+01 Lhat=0.0000000000e+00
KNUTH_SUBTREE root=2192 depth=28 w=4.4450253700e+36 Shat=1.0000000000e+00 Lhat=0.0000000000e+00
KNUTH_SUBTREE root=2193 depth=28 w=1.2332119035e+39 Shat=2.8930000000e+01 Lhat=0.0000000000e+00
KNUTH_SUBTREE root=2194 depth=28 w=1.0978485845e+39 Shat=4.0000000000e+00 Lhat=0.0000000000e+00
KNUTH_SUBTREE root=2195 depth=28 w=1.6900640710e+39 Shat=5.4770000000e+01 Lhat=0.0000000000e+00
KNUTH_SUBTREE root=2196 depth=28 w=7.0638328063e+38 Shat=3.0000000000e+00 Lhat=0.0000000000e+00
KNUTH_SUBTREE root=2197 depth=28 w=2.5695453083e+38 Shat=1.0000000000e+00 Lhat=0.0000000000e+00
KNUTH_SUBTREE root=2198 depth=28 w=9.6802381625e+38 Shat=3.0000000000e+00 Lhat=0.0000000000e+00
KNUTH_SUBTREE root=2199 depth=28 w=4.1988271723e+37 Shat=1.7365000000e+01 Lhat=0.0000000000e+00
KNUTH_SUBTREE root=2200 depth=28 w=3.3326258239e+37 Shat=2.0000000000e+00 Lhat=0.0000000000e+00
KNUTH_SUBTREE root=2201 depth=28 w=1.1276597280e+37 Shat=1.0000000000e+00 Lhat=0.0000000000e+00
KNUTH_SUBTREE root=2202 depth=28 w=7.6526794027e+38 Shat=2.0628000000e+01 Lhat=0.0000000000e+00
KNUTH_SUBTREE root=2203 depth=28 w=3.0093432175e+38 Shat=8.3728000000e+01 Lhat=0.0000000000e+00
KNUTH_SUBTREE root=2204 depth=28 w=1.2962242863e+38 Shat=1.4941000000e+01 Lhat=0.0000000000e+00
KNUTH_SUBTREE root=2205 depth=28 w=9.0226095813e+37 Shat=1.6000000000e+01 Lhat=0.0000000000e+00
KNUTH_SUBTREE root=2206 depth=28 w=2.2154853954e+39 Shat=1.7236000000e+01 Lhat=0.0000000000e+00
KNUTH_SUBTREE root=2207 depth=28 w=5.9785856975e+37 Shat=1.0000000000e+00 Lhat=0.0000000000e+00
KNUTH_SUBTREE root=2208 depth=28 w=1.2664161392e+38 Shat=3.0000000000e+00 Lhat=0.0000000000e+00
KNUTH_SUBTREE root=2209 depth=28 w=1.0306890455e+39 Shat=8.1200000000e+00 Lhat=0.0000000000e+00
KNUTH_SUBTREE root=2210 depth=28 w=8.4189910490e+38 Shat=2.0000000000e+00 Lhat=0.0000000000e+00
KNUTH_SUBTREE root=2211 depth=28 w=2.6161472616e+38 Shat=6.2092000000e+01 Lhat=0.0000000000e+00
KNUTH_SUBTREE root=2212 depth=28 w=2.2782569967e+36 Shat=1.0000000000e+00 Lhat=0.0000000000e+00
KNUTH_SUBTREE root=2213 depth=28 w=5.9722116209e+37 Shat=1.0000000000e+00 Lhat=0.0000000000e+00
KNUTH_SUBTREE root=2214 depth=28 w=1.2801734079e+38 Shat=1.0000000000e+00 Lhat=0.0000000000e+00
KNUTH_SUBTREE root=2215 depth=28 w=6.3325621639e+38 Shat=8.0000000000e+00 Lhat=0.0000000000e+00
KNUTH_SUBTREE root=2216 depth=28 w=1.5224753303e+37 Shat=4.0000000000e+00 Lhat=0.0000000000e+00
KNUTH_SUBTREE root=2217 depth=28 w=5.8397807296e+38 Shat=5.0294000000e+01 Lhat=0.0000000000e+00
KNUTH_SUBTREE root=2218 depth=28 w=1.9186919304e+38 Shat=1.0000000000e+00 Lhat=0.0000000000e+00
KNUTH_SUBTREE root=2219 depth=28 w=1.3631673278e+38 Shat=3.0000000000e+00 Lhat=0.0000000000e+00
KNUTH_SUBTREE root=2220 depth=28 w=2.8183580548e+38 Shat=7.8252000000e+01 Lhat=0.0000000000e+00
KNUTH_SUBTREE root=2221 depth=28 w=2.2034980370e+38 Shat=6.0000000000e+00 Lhat=0.0000000000e+00
KNUTH_SUBTREE root=2222 depth=28 w=2.2023168433e+38 Shat=1.0928000000e+01 Lhat=0.0000000000e+00
KNUTH_SUBTREE root=2223 depth=28 w=2.1013647293e+38 Shat=3.0000000000e+00 Lhat=0.0000000000e+00
KNUTH_SUBTREE root=2224 depth=28 w=4.0531626865e+38 Shat=1.0000000000e+01 Lhat=0.0000000000e+00
KNUTH_SUBTREE root=2225 depth=28 w=2.6011328649e+36 Shat=3.0000000000e+00 Lhat=0.0000000000e+00
KNUTH_SUBTREE root=2226 depth=28 w=2.8142519980e+37 Shat=3.9640000000e+00 Lhat=0.0000000000e+00
KNUTH_SUBTREE root=2227 depth=28 w=3.1693447195e+38 Shat=5.7728000000e+01 Lhat=0.0000000000e+00
KNUTH_SUBTREE root=2228 depth=28 w=0 Shat=0 Lhat=0 dead=1
KNUTH_SUBTREE root=2229 depth=28 w=0 Shat=0 Lhat=0 dead=1
KNUTH_SUBTREE root=2230 depth=28 w=2.3345626678e+39 Shat=2.0250000000e+01 Lhat=0.0000000000e+00
KNUTH_SUBTREE root=2231 depth=28 w=4.1160096576e+38 Shat=2.0000000000e+00 Lhat=0.0000000000e+00
KNUTH_SUBTREE root=2232 depth=28 w=7.5106954666e+38 Shat=1.3740200000e+02 Lhat=0.0000000000e+00
KNUTH_SUBTREE root=2233 depth=28 w=7.4730118471e+38 Shat=6.8392000000e+01 Lhat=0.0000000000e+00
KNUTH_SUBTREE root=2234 depth=28 w=8.3514233212e+38 Shat=4.8616000000e+01 Lhat=0.0000000000e+00
KNUTH_SUBTREE root=2235 depth=28 w=5.3200012446e+38 Shat=1.3325000000e+01 Lhat=0.0000000000e+00
KNUTH_SUBTREE root=2236 depth=28 w=1.1827359079e+38 Shat=1.0000000000e+00 Lhat=0.0000000000e+00
KNUTH_SUBTREE root=2237 depth=28 w=2.1769738038e+39 Shat=4.5408000000e+01 Lhat=0.0000000000e+00
KNUTH_SUBTREE root=2238 depth=28 w=1.6888639936e+39 Shat=1.9000000000e+01 Lhat=0.0000000000e+00
KNUTH_SUBTREE root=2239 depth=28 w=5.1436626642e+38 Shat=1.2000000000e+01 Lhat=0.0000000000e+00
KNUTH_SUBTREE root=2240 depth=28 w=2.6654733180e+39 Shat=9.9931000000e+01 Lhat=0.0000000000e+00
KNUTH_SUBTREE root=2241 depth=28 w=7.1881872451e+37 Shat=4.0000000000e+00 Lhat=0.0000000000e+00
KNUTH_SUBTREE root=2242 depth=28 w=1.3796514156e+39 Shat=1.0000000000e+00 Lhat=0.0000000000e+00
KNUTH_SUBTREE root=2243 depth=28 w=0 Shat=0 Lhat=0 dead=1
KNUTH_SUBTREE root=2244 depth=28 w=2.2409023437e+38 Shat=2.4221600000e+02 Lhat=0.0000000000e+00
KNUTH_SUBTREE root=2245 depth=28 w=1.8512930146e+39 Shat=1.0000000000e+01 Lhat=0.0000000000e+00
KNUTH_SUBTREE root=2246 depth=28 w=1.7676921970e+39 Shat=8.9630000000e+00 Lhat=0.0000000000e+00
KNUTH_SUBTREE root=2247 depth=28 w=4.6683821831e+38 Shat=3.8728000000e+01 Lhat=0.0000000000e+00
KNUTH_SUBTREE root=2248 depth=28 w=6.8629180389e+38 Shat=3.0000000000e+00 Lhat=0.0000000000e+00
KNUTH_SUBTREE root=2249 depth=28 w=3.8260020099e+38 Shat=1.9156000000e+01 Lhat=0.0000000000e+00
KNUTH_SUBTREE root=2250 depth=28 w=1.8007050425e+38 Shat=1.0000000000e+01 Lhat=0.0000000000e+00
KNUTH_SUBTREE root=2251 depth=28 w=3.0543433122e+38 Shat=5.0000000000e+00 Lhat=0.0000000000e+00
KNUTH_SUBTREE root=2252 depth=28 w=1.2410798146e+39 Shat=4.0000000000e+00 Lhat=0.0000000000e+00
KNUTH_SUBTREE root=2253 depth=28 w=2.5989407804e+38 Shat=3.0000000000e+00 Lhat=0.0000000000e+00
KNUTH_SUBTREE root=2254 depth=28 w=8.2602078742e+38 Shat=7.0320000000e+00 Lhat=0.0000000000e+00
KNUTH_SUBTREE root=2255 depth=28 w=8.0468958595e+38 Shat=8.0900000000e+00 Lhat=0.0000000000e+00
KNUTH_SUBTREE root=2256 depth=28 w=0 Shat=0 Lhat=0 dead=1
KNUTH_SUBTREE root=2257 depth=28 w=1.6673580365e+37 Shat=2.0000000000e+00 Lhat=0.0000000000e+00
KNUTH_SUBTREE root=2258 depth=28 w=4.3655450516e+38 Shat=1.3000000000e+01 Lhat=0.0000000000e+00
KNUTH_SUBTREE root=2259 depth=28 w=5.9947659523e+36 Shat=3.0000000000e+00 Lhat=0.0000000000e+00
KNUTH_SUBTREE root=2260 depth=28 w=2.0063817039e+38 Shat=1.1000000000e+01 Lhat=0.0000000000e+00
KNUTH_SUBTREE root=2261 depth=28 w=3.4432227185e+38 Shat=9.0000000000e+00 Lhat=0.0000000000e+00
KNUTH_SUBTREE root=2262 depth=28 w=6.2339580377e+38 Shat=8.8080000000e+00 Lhat=0.0000000000e+00
KNUTH_SUBTREE root=2263 depth=28 w=2.8085277386e+38 Shat=4.2839000000e+01 Lhat=0.0000000000e+00
KNUTH_SUBTREE root=2264 depth=28 w=4.3606407331e+37 Shat=3.0000000000e+00 Lhat=0.0000000000e+00
KNUTH_SUBTREE root=2265 depth=28 w=2.0170978190e+39 Shat=9.0000000000e+00 Lhat=0.0000000000e+00
KNUTH_SUBTREE root=2266 depth=28 w=1.0931583400e+39 Shat=9.8500000000e+00 Lhat=0.0000000000e+00
KNUTH_SUBTREE root=2267 depth=28 w=5.9704274293e+38 Shat=4.9035000000e+01 Lhat=0.0000000000e+00
KNUTH_SUBTREE root=2268 depth=28 w=4.2225023257e+38 Shat=7.0560000000e+00 Lhat=0.0000000000e+00
KNUTH_SUBTREE root=2269 depth=28 w=2.9725320547e+38 Shat=1.7050000000e+01 Lhat=0.0000000000e+00
KNUTH_SUBTREE root=2270 depth=28 w=1.2079756947e+39 Shat=4.9488000000e+01 Lhat=0.0000000000e+00
KNUTH_SUBTREE root=2271 depth=28 w=2.9248166433e+38 Shat=5.9835000000e+01 Lhat=0.0000000000e+00
KNUTH_SUBTREE root=2272 depth=28 w=1.5129766595e+39 Shat=3.0000000000e+00 Lhat=0.0000000000e+00
KNUTH_SUBTREE root=2273 depth=28 w=4.4480029432e+38 Shat=4.9860000000e+01 Lhat=4.1600000000e+00
KNUTH_SUBTREE root=2274 depth=28 w=7.2026396183e+38 Shat=8.7144000000e+01 Lhat=0.0000000000e+00
KNUTH_SUBTREE root=2275 depth=28 w=1.3001252081e+37 Shat=1.0000000000e+00 Lhat=0.0000000000e+00
KNUTH_SUBTREE root=2276 depth=28 w=5.8886131331e+38 Shat=2.5264000000e+01 Lhat=0.0000000000e+00
KNUTH_SUBTREE root=2277 depth=28 w=1.4060685938e+39 Shat=3.0000000000e+00 Lhat=0.0000000000e+00
KNUTH_SUBTREE root=2278 depth=28 w=2.1300253144e+38 Shat=3.0000000000e+00 Lhat=0.0000000000e+00
KNUTH_SUBTREE root=2279 depth=28 w=4.1389002230e+38 Shat=8.6694000000e+01 Lhat=0.0000000000e+00
KNUTH_SUBTREE root=2280 depth=28 w=0 Shat=0 Lhat=0 dead=1
KNUTH_SUBTREE root=2281 depth=28 w=2.7986411157e+38 Shat=4.9252000000e+01 Lhat=0.0000000000e+00
KNUTH_SUBTREE root=2282 depth=28 w=1.8118992320e+39 Shat=3.8335000000e+01 Lhat=0.0000000000e+00
KNUTH_SUBTREE root=2283 depth=28 w=1.0486487039e+38 Shat=3.0000000000e+00 Lhat=0.0000000000e+00
KNUTH_SUBTREE root=2284 depth=28 w=6.5911690805e+37 Shat=1.0000000000e+00 Lhat=0.0000000000e+00
KNUTH_SUBTREE root=2285 depth=28 w=3.0140392707e+38 Shat=1.0000000000e+00 Lhat=0.0000000000e+00
KNUTH_SUBTREE root=2286 depth=28 w=1.7996442809e+39 Shat=3.0000000000e+00 Lhat=0.0000000000e+00
KNUTH_SUBTREE root=2287 depth=28 w=3.4788103983e+38 Shat=4.9850000000e+01 Lhat=0.0000000000e+00
KNUTH_SUBTREE root=2288 depth=28 w=2.3681193065e+38 Shat=5.0556000000e+01 Lhat=0.0000000000e+00
KNUTH_SUBTREE root=2289 depth=28 w=6.1652396608e+38 Shat=2.9965000000e+01 Lhat=0.0000000000e+00
KNUTH_SUBTREE root=2290 depth=28 w=7.4126338012e+37 Shat=1.0000000000e+00 Lhat=0.0000000000e+00
KNUTH_SUBTREE root=2291 depth=28 w=1.8934307300e+37 Shat=1.0000000000e+00 Lhat=0.0000000000e+00
KNUTH_SUBTREE root=2292 depth=28 w=6.8511485973e+36 Shat=1.0000000000e+00 Lhat=0.0000000000e+00
KNUTH_SUBTREE root=2293 depth=28 w=1.4628368266e+38 Shat=3.0000000000e+00 Lhat=0.0000000000e+00
KNUTH_SUBTREE root=2294 depth=28 w=8.9354311512e+38 Shat=8.0000000000e+00 Lhat=0.0000000000e+00
KNUTH_SUBTREE root=2295 depth=28 w=8.9915493564e+36 Shat=3.0000000000e+00 Lhat=0.0000000000e+00
KNUTH_SUBTREE root=2296 depth=28 w=3.6407953173e+38 Shat=5.2228000000e+01 Lhat=0.0000000000e+00
KNUTH_SUBTREE root=2297 depth=28 w=2.9030934189e+39 Shat=4.5508000000e+01 Lhat=0.0000000000e+00
KNUTH_SUBTREE root=2298 depth=28 w=5.8356962232e+37 Shat=1.0000000000e+00 Lhat=0.0000000000e+00
KNUTH_SUBTREE root=2299 depth=28 w=2.9634696871e+39 Shat=3.6862000000e+01 Lhat=0.0000000000e+00
KNUTH_SUBTREE root=2300 depth=28 w=5.4366448729e+38 Shat=1.8136000000e+01 Lhat=0.0000000000e+00
KNUTH_SUBTREE root=2301 depth=28 w=5.7420686242e+37 Shat=4.0000000000e+00 Lhat=0.0000000000e+00
KNUTH_SUBTREE root=2302 depth=28 w=4.5255758318e+38 Shat=5.0000000000e+00 Lhat=0.0000000000e+00
KNUTH_SUBTREE root=2303 depth=28 w=1.0563756593e+39 Shat=2.0000000000e+00 Lhat=0.0000000000e+00
KNUTH_SUBTREE root=2304 depth=28 w=1.0332624400e+38 Shat=1.0000000000e+00 Lhat=0.0000000000e+00
KNUTH_SUBTREE root=2305 depth=28 w=5.6298671552e+38 Shat=5.0000000000e+00 Lhat=0.0000000000e+00
KNUTH_SUBTREE root=2306 depth=28 w=4.7337000047e+38 Shat=1.0000000000e+00 Lhat=0.0000000000e+00
KNUTH_SUBTREE root=2307 depth=28 w=1.0963465197e+38 Shat=1.0000000000e+00 Lhat=0.0000000000e+00
KNUTH_SUBTREE root=2308 depth=28 w=2.3881308746e+39 Shat=6.5152000000e+01 Lhat=0.0000000000e+00
KNUTH_SUBTREE root=2309 depth=28 w=2.1700535815e+38 Shat=1.0000000000e+00 Lhat=0.0000000000e+00
KNUTH_SUBTREE root=2310 depth=28 w=2.5667861559e+39 Shat=7.0000000000e+00 Lhat=0.0000000000e+00
KNUTH_SUBTREE root=2311 depth=28 w=1.1310037895e+39 Shat=1.3976000000e+01 Lhat=0.0000000000e+00
KNUTH_SUBTREE root=2312 depth=28 w=1.5435953938e+39 Shat=2.8432000000e+01 Lhat=0.0000000000e+00
KNUTH_SUBTREE root=2313 depth=28 w=4.8367945628e+38 Shat=3.0000000000e+00 Lhat=0.0000000000e+00
KNUTH_SUBTREE root=2314 depth=28 w=0 Shat=0 Lhat=0 dead=1
KNUTH_SUBTREE root=2315 depth=28 w=3.7768294890e+38 Shat=4.8532000000e+01 Lhat=0.0000000000e+00
KNUTH_SUBTREE root=2316 depth=28 w=1.2526432520e+39 Shat=1.1104000000e+01 Lhat=0.0000000000e+00
KNUTH_SUBTREE root=2317 depth=28 w=6.9429670352e+37 Shat=1.0000000000e+00 Lhat=0.0000000000e+00
KNUTH_SUBTREE root=2318 depth=28 w=6.7335526408e+38 Shat=1.0984000000e+01 Lhat=0.0000000000e+00
KNUTH_SUBTREE root=2319 depth=28 w=6.5061831321e+38 Shat=1.3000000000e+01 Lhat=0.0000000000e+00
KNUTH_SUBTREE root=2320 depth=28 w=6.8522078713e+38 Shat=3.3795000000e+01 Lhat=0.0000000000e+00
KNUTH_SUBTREE root=2321 depth=28 w=6.2775883467e+38 Shat=6.9525000000e+01 Lhat=0.0000000000e+00
KNUTH_SUBTREE root=2322 depth=28 w=2.6267742505e+38 Shat=5.8774000000e+01 Lhat=0.0000000000e+00
KNUTH_SUBTREE root=2323 depth=28 w=1.7002222960e+38 Shat=2.0000000000e+00 Lhat=0.0000000000e+00
KNUTH_SUBTREE root=2324 depth=28 w=1.2008306930e+39 Shat=1.9000000000e+01 Lhat=0.0000000000e+00
KNUTH_SUBTREE root=2325 depth=28 w=7.2051216044e+36 Shat=1.0000000000e+00 Lhat=0.0000000000e+00
KNUTH_SUBTREE root=2326 depth=28 w=2.2273056899e+38 Shat=5.9026000000e+01 Lhat=0.0000000000e+00
KNUTH_SUBTREE root=2327 depth=28 w=1.5390082272e+38 Shat=2.6968000000e+01 Lhat=0.0000000000e+00
KNUTH_SUBTREE root=2328 depth=28 w=1.5623731715e+39 Shat=9.6431000000e+01 Lhat=0.0000000000e+00
KNUTH_SUBTREE root=2329 depth=28 w=0 Shat=0 Lhat=0 dead=1
KNUTH_SUBTREE root=2330 depth=28 w=2.7451000467e+37 Shat=1.3000000000e+01 Lhat=0.0000000000e+00
KNUTH_SUBTREE root=2331 depth=28 w=3.2517303440e+39 Shat=5.2464000000e+01 Lhat=0.0000000000e+00
KNUTH_SUBTREE root=2332 depth=28 w=2.2533834317e+37 Shat=3.0000000000e+00 Lhat=0.0000000000e+00
KNUTH_SUBTREE root=2333 depth=28 w=8.3866120253e+35 Shat=1.0000000000e+00 Lhat=0.0000000000e+00
KNUTH_SUBTREE root=2334 depth=28 w=1.7457278780e+36 Shat=3.0000000000e+00 Lhat=0.0000000000e+00
KNUTH_SUBTREE root=2335 depth=28 w=3.8740442132e+38 Shat=2.0000000000e+00 Lhat=0.0000000000e+00
KNUTH_SUBTREE root=2336 depth=28 w=2.0192468376e+39 Shat=2.0905000000e+01 Lhat=0.0000000000e+00
KNUTH_SUBTREE root=2337 depth=28 w=1.4418954533e+38 Shat=3.8044000000e+01 Lhat=0.0000000000e+00
KNUTH_SUBTREE root=2338 depth=28 w=3.2924708405e+39 Shat=4.7208000000e+01 Lhat=0.0000000000e+00
KNUTH_SUBTREE root=2339 depth=28 w=4.2604297920e+38 Shat=7.1000000000e+01 Lhat=0.0000000000e+00
KNUTH_SUBTREE root=2340 depth=28 w=0 Shat=0 Lhat=0 dead=1
KNUTH_SUBTREE root=2341 depth=28 w=3.5574230369e+37 Shat=1.0000000000e+00 Lhat=0.0000000000e+00
KNUTH_SUBTREE root=2342 depth=28 w=4.7337173879e+38 Shat=1.3213600000e+02 Lhat=0.0000000000e+00
KNUTH_SUBTREE root=2343 depth=28 w=1.7884411399e+38 Shat=7.4715000000e+01 Lhat=0.0000000000e+00
KNUTH_SUBTREE root=2344 depth=28 w=1.5941804144e+39 Shat=4.2232000000e+01 Lhat=0.0000000000e+00
KNUTH_SUBTREE root=2345 depth=28 w=1.9448814438e+39 Shat=1.6872000000e+01 Lhat=0.0000000000e+00
KNUTH_SUBTREE root=2346 depth=28 w=3.3252414622e+39 Shat=9.3352000000e+01 Lhat=0.0000000000e+00
KNUTH_SUBTREE root=2347 depth=28 w=1.5927813523e+37 Shat=2.0000000000e+00 Lhat=0.0000000000e+00
KNUTH_SUBTREE root=2348 depth=28 w=1.6515691554e+38 Shat=9.9200000000e+00 Lhat=0.0000000000e+00
KNUTH_SUBTREE root=2349 depth=28 w=2.8033855149e+37 Shat=1.0000000000e+00 Lhat=0.0000000000e+00
KNUTH_SUBTREE root=2350 depth=28 w=3.2780927379e+39 Shat=8.5798000000e+01 Lhat=0.0000000000e+00
KNUTH_SUBTREE root=2351 depth=28 w=6.6019993213e+37 Shat=1.0000000000e+00 Lhat=0.0000000000e+00
KNUTH_SUBTREE root=2352 depth=28 w=2.1664565279e+38 Shat=5.0000000000e+00 Lhat=0.0000000000e+00
KNUTH_SUBTREE root=2353 depth=28 w=4.2303469675e+36 Shat=1.0000000000e+00 Lhat=0.0000000000e+00
KNUTH_SUBTREE root=2354 depth=28 w=0 Shat=0 Lhat=0 dead=1
KNUTH_SUBTREE root=2355 depth=28 w=1.6560176683e+38 Shat=1.8772000000e+01 Lhat=0.0000000000e+00
KNUTH_SUBTREE root=2356 depth=28 w=1.8157088315e+39 Shat=4.0904000000e+01 Lhat=0.0000000000e+00
KNUTH_SUBTREE root=2357 depth=28 w=1.4401690806e+39 Shat=1.3987000000e+01 Lhat=0.0000000000e+00
KNUTH_SUBTREE root=2358 depth=28 w=7.2559811524e+38 Shat=7.0000000000e+00 Lhat=0.0000000000e+00
KNUTH_SUBTREE root=2359 depth=28 w=2.2185670829e+39 Shat=5.0000000000e+00 Lhat=0.0000000000e+00
KNUTH_SUBTREE root=2360 depth=28 w=2.5600855475e+39 Shat=3.3136000000e+01 Lhat=0.0000000000e+00
KNUTH_SUBTREE root=2361 depth=28 w=3.0122138299e+37 Shat=7.0000000000e+00 Lhat=0.0000000000e+00
KNUTH_SUBTREE root=2362 depth=28 w=3.1183741506e+38 Shat=7.0000000000e+00 Lhat=0.0000000000e+00
KNUTH_SUBTREE root=2363 depth=28 w=2.6044941236e+38 Shat=4.1936000000e+01 Lhat=0.0000000000e+00
KNUTH_SUBTREE root=2364 depth=28 w=3.3706609868e+37 Shat=1.0000000000e+00 Lhat=0.0000000000e+00
KNUTH_SUBTREE root=2365 depth=28 w=8.4406709651e+38 Shat=1.6638000000e+01 Lhat=0.0000000000e+00
KNUTH_SUBTREE root=2366 depth=28 w=8.2938412439e+37 Shat=1.0000000000e+00 Lhat=0.0000000000e+00
KNUTH_SUBTREE root=2367 depth=28 w=4.3679714155e+37 Shat=4.0000000000e+00 Lhat=0.0000000000e+00
KNUTH_SUBTREE root=2368 depth=28 w=1.7656170994e+38 Shat=8.9410000000e+00 Lhat=0.0000000000e+00
KNUTH_SUBTREE root=2369 depth=28 w=3.6375945035e+39 Shat=3.7780000000e+01 Lhat=0.0000000000e+00
KNUTH_SUBTREE root=2370 depth=28 w=5.7452942071e+37 Shat=3.0000000000e+00 Lhat=0.0000000000e+00
KNUTH_SUBTREE root=2371 depth=28 w=1.3007085631e+37 Shat=1.0000000000e+00 Lhat=0.0000000000e+00
KNUTH_SUBTREE root=2372 depth=28 w=3.0733986269e+38 Shat=4.8910000000e+01 Lhat=0.0000000000e+00
KNUTH_SUBTREE root=2373 depth=28 w=3.5783900713e+38 Shat=5.2168000000e+01 Lhat=0.0000000000e+00
KNUTH_SUBTREE root=2374 depth=28 w=2.7462066683e+38 Shat=7.7741000000e+01 Lhat=0.0000000000e+00
KNUTH_SUBTREE root=2375 depth=28 w=0 Shat=0 Lhat=0 dead=1
KNUTH_SUBTREE root=2376 depth=28 w=0 Shat=0 Lhat=0 dead=1
KNUTH_SUBTREE root=2377 depth=28 w=2.8483689221e+39 Shat=9.0000000000e+00 Lhat=0.0000000000e+00
KNUTH_SUBTREE root=2378 depth=28 w=4.7707223731e+38 Shat=6.3088000000e+01 Lhat=0.0000000000e+00
KNUTH_SUBTREE root=2379 depth=28 w=8.3929754792e+37 Shat=1.5092000000e+01 Lhat=0.0000000000e+00
KNUTH_SUBTREE root=2380 depth=28 w=8.1384493744e+38 Shat=4.7632000000e+01 Lhat=0.0000000000e+00
KNUTH_SUBTREE root=2381 depth=28 w=1.7271606625e+38 Shat=7.0000000000e+00 Lhat=0.0000000000e+00
KNUTH_SUBTREE root=2382 depth=28 w=4.4067162206e+37 Shat=1.0000000000e+00 Lhat=0.0000000000e+00
KNUTH_SUBTREE root=2383 depth=28 w=1.6734922486e+38 Shat=4.0000000000e+00 Lhat=0.0000000000e+00
KNUTH_SUBTREE root=2384 depth=28 w=3.4825220910e+36 Shat=1.0000000000e+00 Lhat=0.0000000000e+00
KNUTH_SUBTREE root=2385 depth=28 w=3.8404864781e+38 Shat=2.0000000000e+00 Lhat=0.0000000000e+00
KNUTH_SUBTREE root=2386 depth=28 w=0 Shat=0 Lhat=0 dead=1
KNUTH_SUBTREE root=2387 depth=28 w=2.0695063990e+38 Shat=1.5050000000e+01 Lhat=0.0000000000e+00
KNUTH_SUBTREE root=2388 depth=28 w=8.4248776503e+36 Shat=3.0000000000e+00 Lhat=0.0000000000e+00
KNUTH_SUBTREE root=2389 depth=28 w=5.4221992067e+38 Shat=7.2790000000e+01 Lhat=0.0000000000e+00
KNUTH_SUBTREE root=2390 depth=28 w=2.6111648535e+36 Shat=2.0000000000e+00 Lhat=0.0000000000e+00
KNUTH_SUBTREE root=2391 depth=28 w=2.3062978818e+38 Shat=1.1052000000e+01 Lhat=0.0000000000e+00
KNUTH_SUBTREE root=2392 depth=28 w=0 Shat=0 Lhat=0 dead=1
KNUTH_SUBTREE root=2393 depth=28 w=5.2473051165e+37 Shat=4.0000000000e+00 Lhat=0.0000000000e+00
KNUTH_SUBTREE root=2394 depth=28 w=2.1165143329e+38 Shat=3.0000000000e+00 Lhat=0.0000000000e+00
KNUTH_SUBTREE root=2395 depth=28 w=5.8973188742e+38 Shat=1.9312000000e+01 Lhat=0.0000000000e+00
KNUTH_SUBTREE root=2396 depth=28 w=5.8011364486e+38 Shat=5.0000000000e+00 Lhat=0.0000000000e+00
KNUTH_SUBTREE root=2397 depth=28 w=6.8742959956e+38 Shat=1.5170000000e+01 Lhat=0.0000000000e+00
KNUTH_SUBTREE root=2398 depth=28 w=2.0567063728e+38 Shat=4.0000000000e+00 Lhat=0.0000000000e+00
KNUTH_SUBTREE root=2399 depth=28 w=1.1830739425e+39 Shat=4.0000000000e+00 Lhat=0.0000000000e+00
KNUTH_SUBTREE root=2400 depth=28 w=1.7386660167e+38 Shat=1.3000000000e+01 Lhat=0.0000000000e+00
KNUTH_SUBTREE root=2401 depth=28 w=6.6159330626e+37 Shat=1.0000000000e+00 Lhat=0.0000000000e+00
KNUTH_SUBTREE root=2402 depth=28 w=1.0707926243e+39 Shat=9.9418000000e+01 Lhat=0.0000000000e+00
KNUTH_SUBTREE root=2403 depth=28 w=5.4628798022e+38 Shat=5.0260000000e+00 Lhat=0.0000000000e+00
KNUTH_SUBTREE root=2404 depth=28 w=9.6428772470e+38 Shat=3.4792000000e+01 Lhat=0.0000000000e+00
KNUTH_SUBTREE root=2405 depth=28 w=3.6668557968e+38 Shat=5.0000000000e+00 Lhat=0.0000000000e+00
KNUTH_SUBTREE root=2406 depth=28 w=0 Shat=0 Lhat=0 dead=1
KNUTH_SUBTREE root=2407 depth=28 w=2.0426080411e+39 Shat=9.9200000000e+00 Lhat=0.0000000000e+00
KNUTH_SUBTREE root=2408 depth=28 w=0 Shat=0 Lhat=0 dead=1
KNUTH_SUBTREE root=2409 depth=28 w=2.1422507352e+38 Shat=2.0000000000e+00 Lhat=0.0000000000e+00
KNUTH_SUBTREE root=2410 depth=28 w=8.8091284364e+38 Shat=5.8408000000e+01 Lhat=0.0000000000e+00
KNUTH_SUBTREE root=2411 depth=28 w=3.0194359246e+38 Shat=4.5150000000e+01 Lhat=0.0000000000e+00
KNUTH_SUBTREE root=2412 depth=28 w=4.2848135887e+38 Shat=1.0000000000e+00 Lhat=0.0000000000e+00
KNUTH_SUBTREE root=2413 depth=28 w=4.3707698791e+38 Shat=5.0000000000e+00 Lhat=0.0000000000e+00
KNUTH_SUBTREE root=2414 depth=28 w=1.1869880351e+38 Shat=1.3000000000e+01 Lhat=0.0000000000e+00
KNUTH_SUBTREE root=2415 depth=28 w=3.2815280431e+38 Shat=1.0000000000e+00 Lhat=0.0000000000e+00
KNUTH_SUBTREE root=2416 depth=28 w=4.6529726578e+38 Shat=1.0000000000e+00 Lhat=0.0000000000e+00
KNUTH_SUBTREE root=2417 depth=28 w=3.4073108525e+39 Shat=5.2045000000e+01 Lhat=0.0000000000e+00
KNUTH_SUBTREE root=2418 depth=28 w=2.5069662661e+37 Shat=7.0000000000e+00 Lhat=0.0000000000e+00
KNUTH_SUBTREE root=2419 depth=28 w=3.1373462449e+38 Shat=5.9230000000e+00 Lhat=0.0000000000e+00
KNUTH_SUBTREE root=2420 depth=28 w=2.2736324568e+39 Shat=1.0676000000e+02 Lhat=0.0000000000e+00
KNUTH_SUBTREE root=2421 depth=28 w=0 Shat=0 Lhat=0 dead=1
KNUTH_SUBTREE root=2422 depth=28 w=1.9350081550e+38 Shat=1.5000000000e+01 Lhat=0.0000000000e+00
KNUTH_SUBTREE root=2423 depth=28 w=9.5124325094e+38 Shat=3.3904000000e+01 Lhat=0.0000000000e+00
KNUTH_SUBTREE root=2424 depth=28 w=7.0045069215e+38 Shat=2.0000000000e+00 Lhat=0.0000000000e+00
KNUTH_SUBTREE root=2425 depth=28 w=2.1263630572e+38 Shat=2.7024000000e+01 Lhat=0.0000000000e+00
KNUTH_SUBTREE root=2426 depth=28 w=9.7335804303e+38 Shat=4.5220000000e+01 Lhat=0.0000000000e+00
KNUTH_SUBTREE root=2427 depth=28 w=1.1794838378e+38 Shat=4.8888000000e+01 Lhat=0.0000000000e+00
KNUTH_SUBTREE root=2428 depth=28 w=7.1671679894e+38 Shat=4.0000000000e+00 Lhat=0.0000000000e+00
KNUTH_SUBTREE root=2429 depth=28 w=9.3539773827e+38 Shat=1.6302000000e+01 Lhat=0.0000000000e+00
KNUTH_SUBTREE root=2430 depth=28 w=7.2419029427e+37 Shat=1.0000000000e+00 Lhat=0.0000000000e+00
KNUTH_SUBTREE root=2431 depth=28 w=3.6619028682e+38 Shat=5.0602000000e+01 Lhat=0.0000000000e+00
KNUTH_SUBTREE root=2432 depth=28 w=2.4801616193e+38 Shat=3.0000000000e+00 Lhat=0.0000000000e+00
KNUTH_SUBTREE root=2433 depth=28 w=3.3252420419e+37 Shat=4.0000000000e+00 Lhat=0.0000000000e+00
KNUTH_SUBTREE root=2434 depth=28 w=1.7800600259e+39 Shat=2.0000000000e+00 Lhat=0.0000000000e+00
KNUTH_SUBTREE root=2435 depth=28 w=3.2121559651e+37 Shat=1.8494000000e+01 Lhat=0.0000000000e+00
KNUTH_SUBTREE root=2436 depth=28 w=5.7258649458e+37 Shat=6.0070000000e+00 Lhat=0.0000000000e+00
KNUTH_SUBTREE root=2437 depth=28 w=7.5423868480e+38 Shat=1.2967200000e+02 Lhat=0.0000000000e+00
KNUTH_SUBTREE root=2438 depth=28 w=8.1580554620e+38 Shat=4.8768000000e+01 Lhat=0.0000000000e+00
KNUTH_SUBTREE root=2439 depth=28 w=1.6579477373e+39 Shat=2.7592000000e+02 Lhat=0.0000000000e+00
KNUTH_SUBTREE root=2440 depth=28 w=5.1764572000e+37 Shat=1.0000000000e+00 Lhat=0.0000000000e+00
KNUTH_SUBTREE root=2441 depth=28 w=2.6718414336e+39 Shat=2.0092000000e+01 Lhat=0.0000000000e+00
KNUTH_SUBTREE root=2442 depth=28 w=1.7327503497e+39 Shat=3.0000000000e+00 Lhat=0.0000000000e+00
KNUTH_SUBTREE root=2443 depth=28 w=9.9607778040e+37 Shat=8.0080000000e+00 Lhat=0.0000000000e+00
KNUTH_SUBTREE root=2444 depth=28 w=3.4062189941e+38 Shat=4.4770000000e+01 Lhat=0.0000000000e+00
KNUTH_SUBTREE root=2445 depth=28 w=1.7405069252e+38 Shat=4.6924000000e+01 Lhat=0.0000000000e+00
KNUTH_SUBTREE root=2446 depth=28 w=2.0405915060e+38 Shat=1.9000000000e+01 Lhat=0.0000000000e+00
KNUTH_SUBTREE root=2447 depth=28 w=2.8561298345e+38 Shat=2.0000000000e+00 Lhat=0.0000000000e+00
KNUTH_SUBTREE root=2448 depth=28 w=1.5983283718e+39 Shat=5.5384000000e+01 Lhat=0.0000000000e+00
KNUTH_SUBTREE root=2449 depth=28 w=0 Shat=0 Lhat=0 dead=1
KNUTH_SUBTREE root=2450 depth=28 w=1.0514323546e+38 Shat=5.0000000000e+00 Lhat=0.0000000000e+00
KNUTH_SUBTREE root=2451 depth=28 w=2.4378689910e+38 Shat=5.0000000000e+00 Lhat=0.0000000000e+00
KNUTH_SUBTREE root=2452 depth=28 w=7.7636716099e+37 Shat=3.0000000000e+00 Lhat=0.0000000000e+00
KNUTH_SUBTREE root=2453 depth=28 w=3.0036794502e+38 Shat=3.1220000000e+01 Lhat=0.0000000000e+00
KNUTH_SUBTREE root=2454 depth=28 w=6.5113277302e+38 Shat=1.0000000000e+00 Lhat=0.0000000000e+00
KNUTH_SUBTREE root=2455 depth=28 w=2.6656196171e+38 Shat=1.0000000000e+00 Lhat=0.0000000000e+00
KNUTH_SUBTREE root=2456 depth=28 w=8.0214035997e+38 Shat=1.7911000000e+01 Lhat=0.0000000000e+00
KNUTH_SUBTREE root=2457 depth=28 w=9.6283748283e+38 Shat=5.0455000000e+01 Lhat=0.0000000000e+00
KNUTH_SUBTREE root=2458 depth=28 w=2.8774344245e+38 Shat=2.0000000000e+00 Lhat=0.0000000000e+00
KNUTH_SUBTREE root=2459 depth=28 w=2.6404472476e+38 Shat=5.0000000000e+00 Lhat=0.0000000000e+00
KNUTH_SUBTREE root=2460 depth=28 w=3.8702898424e+38 Shat=4.0000000000e+00 Lhat=0.0000000000e+00
KNUTH_SUBTREE root=2461 depth=28 w=4.7440313272e+37 Shat=1.0000000000e+00 Lhat=0.0000000000e+00
KNUTH_SUBTREE root=2462 depth=28 w=4.3604849381e+38 Shat=5.0000000000e+00 Lhat=0.0000000000e+00
KNUTH_SUBTREE root=2463 depth=28 w=3.9703811128e+38 Shat=4.0910000000e+01 Lhat=0.0000000000e+00
KNUTH_SUBTREE root=2464 depth=28 w=2.7989867902e+38 Shat=3.8290000000e+01 Lhat=0.0000000000e+00
KNUTH_SUBTREE root=2465 depth=28 w=8.1707030577e+38 Shat=1.4044000000e+01 Lhat=0.0000000000e+00
KNUTH_SUBTREE root=2466 depth=28 w=2.2302962084e+38 Shat=3.0000000000e+00 Lhat=0.0000000000e+00
KNUTH_SUBTREE root=2467 depth=28 w=1.8790502603e+39 Shat=2.4784000000e+01 Lhat=0.0000000000e+00
KNUTH_SUBTREE root=2468 depth=28 w=1.3269895453e+38 Shat=2.0000000000e+00 Lhat=0.0000000000e+00
KNUTH_SUBTREE root=2469 depth=28 w=4.5712405467e+38 Shat=2.0000000000e+00 Lhat=0.0000000000e+00
KNUTH_SUBTREE root=2470 depth=28 w=3.5331696839e+38 Shat=5.8060000000e+01 Lhat=0.0000000000e+00
KNUTH_SUBTREE root=2471 depth=28 w=1.6333775037e+38 Shat=4.0000000000e+00 Lhat=0.0000000000e+00
KNUTH_SUBTREE root=2472 depth=28 w=0 Shat=0 Lhat=0 dead=1
KNUTH_SUBTREE root=2473 depth=28 w=2.0521176237e+38 Shat=3.0000000000e+00 Lhat=0.0000000000e+00
KNUTH_SUBTREE root=2474 depth=28 w=2.8697863271e+39 Shat=1.5679200000e+02 Lhat=0.0000000000e+00
KNUTH_SUBTREE root=2475 depth=28 w=6.7821172619e+38 Shat=3.0000000000e+00 Lhat=0.0000000000e+00
KNUTH_SUBTREE root=2476 depth=28 w=3.2247395277e+38 Shat=1.9064000000e+01 Lhat=0.0000000000e+00
KNUTH_SUBTREE root=2477 depth=28 w=3.8811670137e+37 Shat=1.0000000000e+00 Lhat=0.0000000000e+00
KNUTH_SUBTREE root=2478 depth=28 w=3.4984505016e+38 Shat=5.3344000000e+01 Lhat=0.0000000000e+00
KNUTH_SUBTREE root=2479 depth=28 w=3.2546843318e+38 Shat=1.0696000000e+01 Lhat=0.0000000000e+00
KNUTH_SUBTREE root=2480 depth=28 w=0 Shat=0 Lhat=0 dead=1
KNUTH_SUBTREE root=2481 depth=28 w=3.2175764897e+38 Shat=7.9792000000e+01 Lhat=0.0000000000e+00
KNUTH_SUBTREE root=2482 depth=28 w=2.2753904607e+37 Shat=1.0000000000e+00 Lhat=0.0000000000e+00
KNUTH_SUBTREE root=2483 depth=28 w=2.7301284484e+39 Shat=1.6001000000e+01 Lhat=0.0000000000e+00
KNUTH_SUBTREE root=2484 depth=28 w=3.3118683230e+38 Shat=3.0000000000e+00 Lhat=0.0000000000e+00
KNUTH_SUBTREE root=2485 depth=28 w=1.2495877084e+39 Shat=1.0000000000e+00 Lhat=0.0000000000e+00
KNUTH_SUBTREE root=2486 depth=28 w=3.1872053741e+37 Shat=1.0000000000e+00 Lhat=0.0000000000e+00
KNUTH_SUBTREE root=2487 depth=28 w=1.0774266976e+38 Shat=8.0230000000e+00 Lhat=0.0000000000e+00
KNUTH_SUBTREE root=2488 depth=28 w=6.3749288915e+38 Shat=9.8752000000e+01 Lhat=0.0000000000e+00
KNUTH_SUBTREE root=2489 depth=28 w=3.2501712541e+39 Shat=1.0000000000e+01 Lhat=0.0000000000e+00
KNUTH_SUBTREE root=2490 depth=28 w=2.0916552952e+39 Shat=4.8415000000e+01 Lhat=0.0000000000e+00
KNUTH_SUBTREE root=2491 depth=28 w=1.6121170476e+38 Shat=3.3130000000e+01 Lhat=0.0000000000e+00
KNUTH_SUBTREE root=2492 depth=28 w=6.6637490373e+37 Shat=2.0000000000e+00 Lhat=0.0000000000e+00
KNUTH_SUBTREE root=2493 depth=28 w=2.3829369944e+37 Shat=3.0000000000e+00 Lhat=0.0000000000e+00
KNUTH_SUBTREE root=2494 depth=28 w=2.6953633778e+39 Shat=7.0000000000e+00 Lhat=0.0000000000e+00
KNUTH_SUBTREE root=2495 depth=28 w=9.6595787167e+38 Shat=4.0228000000e+01 Lhat=0.0000000000e+00
KNUTH_SUBTREE root=2496 depth=28 w=4.1256225562e+38 Shat=5.0000000000e+00 Lhat=0.0000000000e+00
KNUTH_SUBTREE root=2497 depth=28 w=9.5181187147e+38 Shat=3.5490000000e+01 Lhat=0.0000000000e+00
KNUTH_SUBTREE root=2498 depth=28 w=4.2609923821e+38 Shat=5.0000000000e+00 Lhat=0.0000000000e+00
KNUTH_SUBTREE root=2499 depth=28 w=3.6885264966e+38 Shat=4.0000000000e+00 Lhat=0.0000000000e+00
KNUTH_SUBTREE root=2500 depth=28 w=2.7195505468e+37 Shat=1.0000000000e+00 Lhat=0.0000000000e+00
KNUTH_SUBTREE root=2501 depth=28 w=2.2544871780e+38 Shat=3.0000000000e+00 Lhat=0.0000000000e+00
KNUTH_SUBTREE root=2502 depth=28 w=3.0932926557e+38 Shat=6.0640000000e+00 Lhat=0.0000000000e+00
KNUTH_SUBTREE root=2503 depth=28 w=4.1817455270e+37 Shat=3.0000000000e+00 Lhat=0.0000000000e+00
KNUTH_SUBTREE root=2504 depth=28 w=8.5856012367e+38 Shat=7.0000000000e+00 Lhat=0.0000000000e+00
KNUTH_SUBTREE root=2505 depth=28 w=4.0380309847e+38 Shat=2.0000000000e+00 Lhat=0.0000000000e+00
KNUTH_SUBTREE root=2506 depth=28 w=6.5155567026e+38 Shat=5.9014000000e+01 Lhat=0.0000000000e+00
KNUTH_SUBTREE root=2507 depth=28 w=1.8717382139e+38 Shat=1.0000000000e+00 Lhat=0.0000000000e+00
KNUTH_SUBTREE root=2508 depth=28 w=2.1058304775e+39 Shat=8.3026000000e+01 Lhat=0.0000000000e+00
KNUTH_SUBTREE root=2509 depth=28 w=1.1190879252e+38 Shat=2.0000000000e+00 Lhat=0.0000000000e+00
KNUTH_SUBTREE root=2510 depth=28 w=1.8436360943e+38 Shat=3.6886000000e+01 Lhat=0.0000000000e+00
KNUTH_SUBTREE root=2511 depth=28 w=5.5108332839e+38 Shat=1.5052000000e+01 Lhat=0.0000000000e+00
KNUTH_SUBTREE root=2512 depth=28 w=4.4421098852e+38 Shat=2.0000000000e+00 Lhat=0.0000000000e+00
KNUTH_SUBTREE root=2513 depth=28 w=2.1013608299e+39 Shat=5.0000000000e+00 Lhat=0.0000000000e+00
KNUTH_SUBTREE root=2514 depth=28 w=1.3884193492e+38 Shat=2.0000000000e+00 Lhat=0.0000000000e+00
KNUTH_SUBTREE root=2515 depth=28 w=1.8382003301e+38 Shat=5.9092000000e+01 Lhat=0.0000000000e+00
KNUTH_SUBTREE root=2516 depth=28 w=1.9410372000e+38 Shat=2.0000000000e+00 Lhat=0.0000000000e+00
KNUTH_SUBTREE root=2517 depth=28 w=4.1436170456e+38 Shat=1.1800000000e+01 Lhat=0.0000000000e+00
KNUTH_SUBTREE root=2518 depth=28 w=3.9188400734e+38 Shat=1.2887500000e+02 Lhat=0.0000000000e+00
KNUTH_SUBTREE root=2519 depth=28 w=2.5310149369e+37 Shat=1.0000000000e+01 Lhat=0.0000000000e+00
KNUTH_SUBTREE root=2520 depth=28 w=1.4489350515e+37 Shat=5.0000000000e+00 Lhat=0.0000000000e+00
KNUTH_SUBTREE root=2521 depth=28 w=2.7306408117e+39 Shat=3.0000000000e+00 Lhat=0.0000000000e+00
KNUTH_SUBTREE root=2522 depth=28 w=3.1766384619e+37 Shat=2.0000000000e+00 Lhat=0.0000000000e+00
KNUTH_SUBTREE root=2523 depth=28 w=4.6406303683e+38 Shat=5.4904000000e+01 Lhat=0.0000000000e+00
KNUTH_SUBTREE root=2524 depth=28 w=6.7495910026e+36 Shat=1.0000000000e+00 Lhat=0.0000000000e+00
KNUTH_SUBTREE root=2525 depth=28 w=0 Shat=0 Lhat=0 dead=1
KNUTH_SUBTREE root=2526 depth=28 w=2.5933184514e+39 Shat=2.0000000000e+00 Lhat=0.0000000000e+00
KNUTH_SUBTREE root=2527 depth=28 w=4.2880790438e+38 Shat=2.0000000000e+00 Lhat=0.0000000000e+00
KNUTH_SUBTREE root=2528 depth=28 w=1.7573743713e+39 Shat=4.0544000000e+01 Lhat=0.0000000000e+00
KNUTH_SUBTREE root=2529 depth=28 w=3.0470772112e+38 Shat=4.2916000000e+01 Lhat=0.0000000000e+00
KNUTH_SUBTREE root=2530 depth=28 w=3.5155509365e+38 Shat=9.9920000000e+00 Lhat=0.0000000000e+00
KNUTH_SUBTREE root=2531 depth=28 w=3.4427458575e+37 Shat=2.0030000000e+01 Lhat=0.0000000000e+00
KNUTH_SUBTREE root=2532 depth=28 w=1.7462806568e+38 Shat=1.5929100000e+02 Lhat=0.0000000000e+00
KNUTH_SUBTREE root=2533 depth=28 w=1.6123686742e+38 Shat=4.0000000000e+00 Lhat=0.0000000000e+00
KNUTH_SUBTREE root=2534 depth=28 w=4.6555929912e+38 Shat=1.2932000000e+01 Lhat=0.0000000000e+00
KNUTH_SUBTREE root=2535 depth=28 w=2.5674207752e+38 Shat=6.5176000000e+01 Lhat=0.0000000000e+00
KNUTH_SUBTREE root=2536 depth=28 w=0 Shat=0 Lhat=0 dead=1
KNUTH_SUBTREE root=2537 depth=28 w=7.0242351144e+38 Shat=9.7344000000e+01 Lhat=0.0000000000e+00
KNUTH_SUBTREE root=2538 depth=28 w=2.1279937503e+38 Shat=6.1120000000e+00 Lhat=0.0000000000e+00
KNUTH_SUBTREE root=2539 depth=28 w=3.6617737161e+38 Shat=9.7090000000e+00 Lhat=0.0000000000e+00
KNUTH_SUBTREE root=2540 depth=28 w=3.5127884468e+38 Shat=2.4176000000e+01 Lhat=0.0000000000e+00
KNUTH_SUBTREE root=2541 depth=28 w=6.1027770839e+37 Shat=1.4104000000e+01 Lhat=0.0000000000e+00
KNUTH_SUBTREE root=2542 depth=28 w=2.5427554226e+39 Shat=2.4752000000e+01 Lhat=0.0000000000e+00
KNUTH_SUBTREE root=2543 depth=28 w=8.2638754328e+37 Shat=5.0000000000e+00 Lhat=0.0000000000e+00
KNUTH_SUBTREE root=2544 depth=28 w=1.0323296342e+39 Shat=7.0000000000e+00 Lhat=0.0000000000e+00
KNUTH_SUBTREE root=2545 depth=28 w=5.1973632776e+36 Shat=5.0000000000e+00 Lhat=0.0000000000e+00
KNUTH_SUBTREE root=2546 depth=28 w=2.4254359134e+38 Shat=3.0260000000e+01 Lhat=0.0000000000e+00
KNUTH_SUBTREE root=2547 depth=28 w=0 Shat=0 Lhat=0 dead=1
KNUTH_SUBTREE root=2548 depth=28 w=7.0918588449e+38 Shat=1.0000000000e+01 Lhat=0.0000000000e+00
KNUTH_SUBTREE root=2549 depth=28 w=2.2367551347e+39 Shat=9.1108000000e+01 Lhat=1.0464000000e+01
KNUTH_SUBTREE root=2550 depth=28 w=3.8010813282e+37 Shat=5.0000000000e+00 Lhat=0.0000000000e+00
KNUTH_SUBTREE root=2551 depth=28 w=1.4221133506e+39 Shat=1.6000000000e+01 Lhat=0.0000000000e+00
KNUTH_SUBTREE root=2552 depth=28 w=2.6831380703e+39 Shat=1.6906000000e+01 Lhat=0.0000000000e+00
KNUTH_SUBTREE root=2553 depth=28 w=4.0994059936e+38 Shat=3.0000000000e+00 Lhat=0.0000000000e+00
KNUTH_SUBTREE root=2554 depth=28 w=1.8461666584e+39 Shat=7.9720000000e+00 Lhat=0.0000000000e+00
KNUTH_SUBTREE root=2555 depth=28 w=1.2672298138e+38 Shat=1.3000000000e+01 Lhat=0.0000000000e+00
KNUTH_SUBTREE root=2556 depth=28 w=1.2032406325e+39 Shat=2.0000000000e+00 Lhat=0.0000000000e+00
KNUTH_SUBTREE root=2557 depth=28 w=2.2247289882e+38 Shat=2.0000000000e+00 Lhat=0.0000000000e+00
KNUTH_SUBTREE root=2558 depth=28 w=2.1777812367e+39 Shat=9.0000000000e+00 Lhat=0.0000000000e+00
KNUTH_SUBTREE root=2559 depth=28 w=6.4305808656e+37 Shat=1.0000000000e+00 Lhat=0.0000000000e+00
KNUTH_SUBTREE root=2560 depth=28 w=2.4845335489e+37 Shat=5.0000000000e+00 Lhat=0.0000000000e+00
KNUTH_SUBTREE root=2561 depth=28 w=0 Shat=0 Lhat=0 dead=1
KNUTH_SUBTREE root=2562 depth=28 w=1.4483150303e+37 Shat=1.0000000000e+00 Lhat=0.0000000000e+00
KNUTH_SUBTREE root=2563 depth=28 w=7.5635682012e+38 Shat=5.0000000000e+00 Lhat=0.0000000000e+00
KNUTH_SUBTREE root=2564 depth=28 w=7.9483937772e+38 Shat=6.4976000000e+01 Lhat=0.0000000000e+00
KNUTH_SUBTREE root=2565 depth=28 w=6.4899551184e+38 Shat=1.4904000000e+01 Lhat=0.0000000000e+00
KNUTH_SUBTREE root=2566 depth=28 w=9.3910131919e+36 Shat=1.0000000000e+00 Lhat=0.0000000000e+00
KNUTH_SUBTREE root=2567 depth=28 w=3.2245675923e+38 Shat=1.0000000000e+00 Lhat=0.0000000000e+00
KNUTH_SUBTREE root=2568 depth=28 w=0 Shat=0 Lhat=0 dead=1
KNUTH_SUBTREE root=2569 depth=28 w=3.3360110124e+38 Shat=1.1032000000e+01 Lhat=0.0000000000e+00
KNUTH_SUBTREE root=2570 depth=28 w=0 Shat=0 Lhat=0 dead=1
KNUTH_SUBTREE root=2571 depth=28 w=6.1800921646e+38 Shat=5.5360000000e+01 Lhat=0.0000000000e+00
KNUTH_SUBTREE root=2572 depth=28 w=1.1479528374e+39 Shat=4.0000000000e+00 Lhat=0.0000000000e+00
KNUTH_SUBTREE root=2573 depth=28 w=4.0137219011e+36 Shat=2.0000000000e+00 Lhat=0.0000000000e+00
KNUTH_SUBTREE root=2574 depth=28 w=2.9597911737e+38 Shat=6.0000000000e+00 Lhat=0.0000000000e+00
KNUTH_SUBTREE root=2575 depth=28 w=6.3826227977e+36 Shat=3.0000000000e+00 Lhat=0.0000000000e+00
KNUTH_SUBTREE root=2576 depth=28 w=7.1215404334e+37 Shat=1.0000000000e+00 Lhat=0.0000000000e+00
KNUTH_SUBTREE root=2577 depth=28 w=1.0278885086e+38 Shat=5.0040000000e+00 Lhat=0.0000000000e+00
KNUTH_SUBTREE root=2578 depth=28 w=2.3415964296e+39 Shat=1.1578600000e+02 Lhat=0.0000000000e+00
KNUTH_SUBTREE root=2579 depth=28 w=7.1863116574e+38 Shat=1.0980000000e+01 Lhat=0.0000000000e+00
KNUTH_SUBTREE root=2580 depth=28 w=2.1260398725e+38 Shat=5.9770000000e+00 Lhat=0.0000000000e+00
KNUTH_SUBTREE root=2581 depth=28 w=7.6337717947e+38 Shat=1.8270000000e+01 Lhat=0.0000000000e+00
KNUTH_SUBTREE root=2582 depth=28 w=4.2965419578e+38 Shat=2.3400000000e+01 Lhat=0.0000000000e+00
KNUTH_SUBTREE root=2583 depth=28 w=7.9853961387e+38 Shat=3.8985000000e+01 Lhat=0.0000000000e+00
KNUTH_SUBTREE root=2584 depth=28 w=2.5181005391e+39 Shat=4.0718000000e+01 Lhat=0.0000000000e+00
KNUTH_SUBTREE root=2585 depth=28 w=5.6598862624e+36 Shat=2.0000000000e+00 Lhat=0.0000000000e+00
KNUTH_SUBTREE root=2586 depth=28 w=0 Shat=0 Lhat=0 dead=1
KNUTH_SUBTREE root=2587 depth=28 w=1.2097902967e+39 Shat=3.0000000000e+00 Lhat=0.0000000000e+00
KNUTH_SUBTREE root=2588 depth=28 w=5.4363976576e+38 Shat=3.0000000000e+00 Lhat=0.0000000000e+00
KNUTH_SUBTREE root=2589 depth=28 w=1.0437398830e+39 Shat=9.0000000000e+00 Lhat=0.0000000000e+00
KNUTH_SUBTREE root=2590 depth=28 w=2.4668350325e+39 Shat=2.8800000000e+01 Lhat=0.0000000000e+00
KNUTH_SUBTREE root=2591 depth=28 w=1.0799577974e+39 Shat=8.0000000000e+00 Lhat=0.0000000000e+00
KNUTH_SUBTREE root=2592 depth=28 w=1.8920854649e+38 Shat=1.0000000000e+00 Lhat=0.0000000000e+00
KNUTH_SUBTREE root=2593 depth=28 w=1.4509126677e+38 Shat=1.0996000000e+01 Lhat=0.0000000000e+00
KNUTH_SUBTREE root=2594 depth=28 w=6.0728757782e+38 Shat=3.2120000000e+01 Lhat=0.0000000000e+00
KNUTH_SUBTREE root=2595 depth=28 w=8.2235584576e+38 Shat=3.0000000000e+00 Lhat=0.0000000000e+00
KNUTH_SUBTREE root=2596 depth=28 w=2.2907445195e+37 Shat=3.0000000000e+00 Lhat=0.0000000000e+00
KNUTH_SUBTREE root=2597 depth=28 w=1.7445809695e+38 Shat=1.0000000000e+00 Lhat=0.0000000000e+00
KNUTH_SUBTREE root=2598 depth=28 w=0 Shat=0 Lhat=0 dead=1
KNUTH_SUBTREE root=2599 depth=28 w=4.3791378382e+38 Shat=7.0000000000e+00 Lhat=0.0000000000e+00
KNUTH_SUBTREE root=2600 depth=28 w=5.9911596074e+38 Shat=5.0000000000e+00 Lhat=0.0000000000e+00
KNUTH_SUBTREE root=2601 depth=28 w=0 Shat=0 Lhat=0 dead=1
KNUTH_SUBTREE root=2602 depth=28 w=1.0724155622e+39 Shat=3.0000000000e+00 Lhat=0.0000000000e+00
KNUTH_SUBTREE root=2603 depth=28 w=2.8069494745e+38 Shat=2.0000000000e+00 Lhat=0.0000000000e+00
KNUTH_SUBTREE root=2604 depth=28 w=1.9241955825e+38 Shat=2.2744000000e+01 Lhat=0.0000000000e+00
KNUTH_SUBTREE root=2605 depth=28 w=2.6411868215e+39 Shat=4.6655000000e+01 Lhat=0.0000000000e+00
KNUTH_SUBTREE root=2606 depth=28 w=1.3000115253e+38 Shat=3.0000000000e+00 Lhat=0.0000000000e+00
KNUTH_SUBTREE root=2607 depth=28 w=9.8391461904e+38 Shat=2.0000000000e+00 Lhat=0.0000000000e+00
KNUTH_SUBTREE root=2608 depth=28 w=3.0362475720e+38 Shat=1.6480000000e+01 Lhat=0.0000000000e+00
KNUTH_SUBTREE root=2609 depth=28 w=5.2654557773e+37 Shat=3.0000000000e+00 Lhat=0.0000000000e+00
KNUTH_SUBTREE root=2610 depth=28 w=1.1809785573e+39 Shat=3.0000000000e+00 Lhat=0.0000000000e+00
KNUTH_SUBTREE root=2611 depth=28 w=3.6126518620e+39 Shat=6.0624000000e+01 Lhat=0.0000000000e+00
KNUTH_SUBTREE root=2612 depth=28 w=1.1447870597e+39 Shat=4.0000000000e+00 Lhat=0.0000000000e+00
KNUTH_SUBTREE root=2613 depth=28 w=1.7753034260e+39 Shat=1.4015000000e+01 Lhat=0.0000000000e+00
KNUTH_SUBTREE root=2614 depth=28 w=2.9376984802e+38 Shat=5.1640000000e+01 Lhat=0.0000000000e+00
KNUTH_SUBTREE root=2615 depth=28 w=1.9557453693e+39 Shat=1.0423600000e+02 Lhat=0.0000000000e+00
KNUTH_SUBTREE root=2616 depth=28 w=9.2828155837e+38 Shat=2.3393000000e+01 Lhat=0.0000000000e+00
KNUTH_SUBTREE root=2617 depth=28 w=3.5480597604e+38 Shat=1.3796000000e+02 Lhat=0.0000000000e+00
KNUTH_SUBTREE root=2618 depth=28 w=7.0199838560e+36 Shat=1.0000000000e+00 Lhat=0.0000000000e+00
KNUTH_SUBTREE root=2619 depth=28 w=1.2576819176e+38 Shat=3.0000000000e+00 Lhat=0.0000000000e+00
KNUTH_SUBTREE root=2620 depth=28 w=5.3826643673e+38 Shat=2.6544000000e+01 Lhat=0.0000000000e+00
KNUTH_SUBTREE root=2621 depth=28 w=3.4221812785e+39 Shat=7.0000000000e+00 Lhat=0.0000000000e+00
KNUTH_SUBTREE root=2622 depth=28 w=1.3916944878e+38 Shat=1.0336000000e+02 Lhat=0.0000000000e+00
KNUTH_SUBTREE root=2623 depth=28 w=9.8348354978e+37 Shat=4.0000000000e+00 Lhat=0.0000000000e+00
KNUTH_SUBTREE root=2624 depth=28 w=1.7593524215e+39 Shat=6.3440000000e+01 Lhat=0.0000000000e+00
KNUTH_SUBTREE root=2625 depth=28 w=2.8269099015e+37 Shat=2.0000000000e+00 Lhat=0.0000000000e+00
KNUTH_SUBTREE root=2626 depth=28 w=9.2619972811e+37 Shat=1.0000000000e+01 Lhat=0.0000000000e+00
KNUTH_SUBTREE root=2627 depth=28 w=1.2959434458e+39 Shat=1.3000000000e+01 Lhat=0.0000000000e+00
KNUTH_SUBTREE root=2628 depth=28 w=5.4001728674e+37 Shat=7.0000000000e+00 Lhat=0.0000000000e+00
KNUTH_SUBTREE root=2629 depth=28 w=4.4028593814e+37 Shat=3.6108000000e+01 Lhat=0.0000000000e+00
KNUTH_SUBTREE root=2630 depth=28 w=2.6346861476e+38 Shat=3.3632000000e+01 Lhat=0.0000000000e+00
KNUTH_SUBTREE root=2631 depth=28 w=3.2316624594e+37 Shat=1.0000000000e+00 Lhat=0.0000000000e+00
KNUTH_SUBTREE root=2632 depth=28 w=1.0080973392e+39 Shat=5.0000000000e+00 Lhat=0.0000000000e+00
KNUTH_SUBTREE root=2633 depth=28 w=2.4428621276e+38 Shat=7.9780000000e+00 Lhat=0.0000000000e+00
KNUTH_SUBTREE root=2634 depth=28 w=4.5067437419e+38 Shat=5.5313000000e+01 Lhat=0.0000000000e+00
KNUTH_SUBTREE root=2635 depth=28 w=2.0474145994e+38 Shat=7.3856000000e+01 Lhat=0.0000000000e+00
KNUTH_SUBTREE root=2636 depth=28 w=0 Shat=0 Lhat=0 dead=1
KNUTH_SUBTREE root=2637 depth=28 w=9.6629013555e+35 Shat=1.0000000000e+00 Lhat=0.0000000000e+00
KNUTH_SUBTREE root=2638 depth=28 w=7.0118376203e+37 Shat=2.0000000000e+00 Lhat=0.0000000000e+00
KNUTH_SUBTREE root=2639 depth=28 w=1.0994115990e+38 Shat=4.0000000000e+00 Lhat=0.0000000000e+00
KNUTH_SUBTREE root=2640 depth=28 w=2.1431536269e+38 Shat=8.6565000000e+01 Lhat=0.0000000000e+00
KNUTH_SUBTREE root=2641 depth=28 w=1.8069232495e+38 Shat=1.0108000000e+01 Lhat=0.0000000000e+00
KNUTH_SUBTREE root=2642 depth=28 w=2.4036061414e+39 Shat=4.6475000000e+01 Lhat=0.0000000000e+00
KNUTH_SUBTREE root=2643 depth=28 w=2.3921605372e+37 Shat=1.0000000000e+00 Lhat=0.0000000000e+00
KNUTH_SUBTREE root=2644 depth=28 w=3.0107361685e+38 Shat=7.9804000000e+01 Lhat=0.0000000000e+00
KNUTH_SUBTREE root=2645 depth=28 w=5.9387928563e+37 Shat=3.0000000000e+00 Lhat=0.0000000000e+00
KNUTH_SUBTREE root=2646 depth=28 w=2.4258345448e+38 Shat=3.0000000000e+00 Lhat=0.0000000000e+00
KNUTH_SUBTREE root=2647 depth=28 w=1.2179007300e+39 Shat=1.0000000000e+00 Lhat=0.0000000000e+00
KNUTH_SUBTREE root=2648 depth=28 w=3.3420376013e+38 Shat=4.0000000000e+00 Lhat=0.0000000000e+00
KNUTH_SUBTREE root=2649 depth=28 w=0 Shat=0 Lhat=0 dead=1
KNUTH_SUBTREE root=2650 depth=28 w=2.8068532095e+39 Shat=5.4130000000e+01 Lhat=0.0000000000e+00
KNUTH_SUBTREE root=2651 depth=28 w=0 Shat=0 Lhat=0 dead=1
KNUTH_SUBTREE root=2652 depth=28 w=3.2638474024e+37 Shat=1.0000000000e+00 Lhat=0.0000000000e+00
KNUTH_SUBTREE root=2653 depth=28 w=1.1954024817e+39 Shat=1.0000000000e+00 Lhat=0.0000000000e+00
KNUTH_SUBTREE root=2654 depth=28 w=3.4478973022e+38 Shat=5.8960000000e+01 Lhat=0.0000000000e+00
KNUTH_SUBTREE root=2655 depth=28 w=5.4428000886e+38 Shat=9.1680000000e+00 Lhat=0.0000000000e+00
KNUTH_SUBTREE root=2656 depth=28 w=6.6118066185e+38 Shat=1.9104000000e+01 Lhat=0.0000000000e+00
KNUTH_SUBTREE root=2657 depth=28 w=8.4724232497e+38 Shat=5.7412000000e+01 Lhat=0.0000000000e+00
KNUTH_SUBTREE root=2658 depth=28 w=6.0153713707e+37 Shat=5.0000000000e+00 Lhat=0.0000000000e+00
KNUTH_SUBTREE root=2659 depth=28 w=9.7157006008e+38 Shat=5.6232000000e+01 Lhat=0.0000000000e+00
KNUTH_SUBTREE root=2660 depth=28 w=1.2300299220e+38 Shat=3.0000000000e+00 Lhat=0.0000000000e+00
KNUTH_SUBTREE root=2661 depth=28 w=3.4615801687e+38 Shat=1.5968000000e+01 Lhat=0.0000000000e+00
KNUTH_SUBTREE root=2662 depth=28 w=3.4529546911e+38 Shat=4.6962000000e+01 Lhat=0.0000000000e+00
KNUTH_SUBTREE root=2663 depth=28 w=4.2023614908e+38 Shat=4.6792000000e+01 Lhat=0.0000000000e+00
KNUTH_SUBTREE root=2664 depth=28 w=1.4211622106e+39 Shat=7.9660000000e+00 Lhat=0.0000000000e+00
KNUTH_SUBTREE root=2665 depth=28 w=5.8377293123e+38 Shat=9.9100000000e+00 Lhat=0.0000000000e+00
KNUTH_SUBTREE root=2666 depth=28 w=9.2681539206e+38 Shat=3.0000000000e+00 Lhat=0.0000000000e+00
KNUTH_SUBTREE root=2667 depth=28 w=1.8864089312e+38 Shat=1.0000000000e+00 Lhat=0.0000000000e+00
KNUTH_SUBTREE root=2668 depth=28 w=0 Shat=0 Lhat=0 dead=1
KNUTH_SUBTREE root=2669 depth=28 w=4.8546726195e+38 Shat=1.9288000000e+01 Lhat=0.0000000000e+00
KNUTH_SUBTREE root=2670 depth=28 w=1.2772415006e+38 Shat=4.0000000000e+00 Lhat=0.0000000000e+00
KNUTH_SUBTREE root=2671 depth=28 w=1.5758746378e+38 Shat=1.3000000000e+01 Lhat=0.0000000000e+00
KNUTH_SUBTREE root=2672 depth=28 w=5.0051991443e+38 Shat=7.0000000000e+00 Lhat=0.0000000000e+00
KNUTH_SUBTREE root=2673 depth=28 w=2.2847654902e+38 Shat=7.0000000000e+00 Lhat=0.0000000000e+00
KNUTH_SUBTREE root=2674 depth=28 w=5.9152262133e+37 Shat=1.0000000000e+00 Lhat=0.0000000000e+00
KNUTH_SUBTREE root=2675 depth=28 w=0 Shat=0 Lhat=0 dead=1
KNUTH_SUBTREE root=2676 depth=28 w=2.0719368686e+36 Shat=4.0000000000e+00 Lhat=0.0000000000e+00
KNUTH_SUBTREE root=2677 depth=28 w=2.1343836828e+38 Shat=6.0620000000e+01 Lhat=0.0000000000e+00
KNUTH_SUBTREE root=2678 depth=28 w=0 Shat=0 Lhat=0 dead=1
KNUTH_SUBTREE root=2679 depth=28 w=2.8213228417e+39 Shat=3.0000000000e+00 Lhat=0.0000000000e+00
KNUTH_SUBTREE root=2680 depth=28 w=3.8596415657e+38 Shat=5.0000000000e+00 Lhat=0.0000000000e+00
KNUTH_SUBTREE root=2681 depth=28 w=2.8412804906e+39 Shat=2.1910000000e+01 Lhat=0.0000000000e+00
KNUTH_SUBTREE root=2682 depth=28 w=1.3147355937e+39 Shat=3.0000000000e+00 Lhat=0.0000000000e+00
KNUTH_SUBTREE root=2683 depth=28 w=2.6793156593e+38 Shat=4.0000000000e+00 Lhat=0.0000000000e+00
KNUTH_SUBTREE root=2684 depth=28 w=1.0894794381e+39 Shat=3.5296000000e+01 Lhat=0.0000000000e+00
KNUTH_SUBTREE root=2685 depth=28 w=1.9364955034e+38 Shat=9.0000000000e+00 Lhat=0.0000000000e+00
KNUTH_SUBTREE root=2686 depth=28 w=1.2498508856e+38 Shat=7.0000000000e+00 Lhat=0.0000000000e+00
KNUTH_SUBTREE root=2687 depth=28 w=5.3115938689e+38 Shat=3.0000000000e+00 Lhat=0.0000000000e+00
KNUTH_SUBTREE root=2688 depth=28 w=8.6832833879e+38 Shat=1.3858000000e+01 Lhat=0.0000000000e+00
KNUTH_SUBTREE root=2689 depth=28 w=5.1788590087e+38 Shat=2.0000000000e+00 Lhat=0.0000000000e+00
KNUTH_SUBTREE root=2690 depth=28 w=0 Shat=0 Lhat=0 dead=1
KNUTH_SUBTREE root=2691 depth=28 w=9.8769609549e+38 Shat=1.0000000000e+00 Lhat=0.0000000000e+00
KNUTH_SUBTREE root=2692 depth=28 w=1.5783364369e+38 Shat=1.0070000000e+01 Lhat=0.0000000000e+00
KNUTH_SUBTREE root=2693 depth=28 w=9.4298754676e+37 Shat=1.0000000000e+00 Lhat=0.0000000000e+00
KNUTH_SUBTREE root=2694 depth=28 w=0 Shat=0 Lhat=0 dead=1
KNUTH_SUBTREE root=2695 depth=28 w=1.0387061413e+38 Shat=1.0000000000e+00 Lhat=0.0000000000e+00
KNUTH_SUBTREE root=2696 depth=28 w=0 Shat=0 Lhat=0 dead=1
KNUTH_SUBTREE root=2697 depth=28 w=1.2673002360e+39 Shat=7.9120000000e+01 Lhat=0.0000000000e+00
KNUTH_SUBTREE root=2698 depth=28 w=2.9834964187e+39 Shat=3.4956000000e+01 Lhat=0.0000000000e+00
KNUTH_SUBTREE root=2699 depth=28 w=6.9018403920e+38 Shat=4.1960000000e+01 Lhat=0.0000000000e+00
KNUTH_SUBTREE root=2700 depth=28 w=4.6503318412e+38 Shat=7.0000000000e+00 Lhat=0.0000000000e+00
KNUTH_SUBTREE root=2701 depth=28 w=2.2830136783e+39 Shat=6.8184000000e+01 Lhat=0.0000000000e+00
KNUTH_SUBTREE root=2702 depth=28 w=0 Shat=0 Lhat=0 dead=1
KNUTH_SUBTREE root=2703 depth=28 w=2.6510283475e+38 Shat=1.0000000000e+00 Lhat=0.0000000000e+00
KNUTH_SUBTREE root=2704 depth=28 w=2.4914935905e+37 Shat=3.0000000000e+00 Lhat=0.0000000000e+00
KNUTH_SUBTREE root=2705 depth=28 w=5.6176195074e+36 Shat=1.0000000000e+00 Lhat=0.0000000000e+00
KNUTH_SUBTREE root=2706 depth=28 w=9.5936849172e+37 Shat=7.0000000000e+00 Lhat=0.0000000000e+00
KNUTH_SUBTREE root=2707 depth=28 w=1.8176331759e+38 Shat=3.7015000000e+01 Lhat=0.0000000000e+00
KNUTH_SUBTREE root=2708 depth=28 w=1.6498274321e+38 Shat=2.0000000000e+00 Lhat=0.0000000000e+00
KNUTH_SUBTREE root=2709 depth=28 w=2.9587400377e+38 Shat=1.6000000000e+01 Lhat=0.0000000000e+00
KNUTH_SUBTREE root=2710 depth=28 w=1.4316881996e+38 Shat=3.0000000000e+00 Lhat=0.0000000000e+00
KNUTH_SUBTREE root=2711 depth=28 w=2.8278079405e+38 Shat=6.0610000000e+00 Lhat=0.0000000000e+00
KNUTH_SUBTREE root=2712 depth=28 w=2.0204324641e+38 Shat=3.0000000000e+00 Lhat=0.0000000000e+00
KNUTH_SUBTREE root=2713 depth=28 w=6.0465411991e+37 Shat=1.0000000000e+00 Lhat=0.0000000000e+00
KNUTH_SUBTREE root=2714 depth=28 w=1.8865896475e+38 Shat=6.5015000000e+01 Lhat=0.0000000000e+00
KNUTH_SUBTREE root=2715 depth=28 w=2.0007330729e+38 Shat=4.3749000000e+01 Lhat=0.0000000000e+00
KNUTH_SUBTREE root=2716 depth=28 w=1.0737323065e+37 Shat=5.0000000000e+00 Lhat=0.0000000000e+00
KNUTH_SUBTREE root=2717 depth=28 w=1.3325068163e+39 Shat=4.8952000000e+01 Lhat=0.0000000000e+00
KNUTH_SUBTREE root=2718 depth=28 w=2.6885698387e+38 Shat=3.0000000000e+00 Lhat=0.0000000000e+00
KNUTH_SUBTREE root=2719 depth=28 w=9.4557008071e+38 Shat=1.1040000000e+01 Lhat=0.0000000000e+00
KNUTH_SUBTREE root=2720 depth=28 w=1.5774256808e+39 Shat=5.2900000000e+01 Lhat=0.0000000000e+00
KNUTH_SUBTREE root=2721 depth=28 w=6.1953238691e+37 Shat=9.1600000000e+00 Lhat=0.0000000000e+00
KNUTH_SUBTREE root=2722 depth=28 w=3.1149915694e+38 Shat=8.0272000000e+01 Lhat=0.0000000000e+00
KNUTH_SUBTREE root=2723 depth=28 w=1.3954645020e+39 Shat=1.3000000000e+01 Lhat=0.0000000000e+00
KNUTH_SUBTREE root=2724 depth=28 w=0 Shat=0 Lhat=0 dead=1
KNUTH_SUBTREE root=2725 depth=28 w=1.7557815135e+38 Shat=8.0912000000e+01 Lhat=2.0480000000e+00
KNUTH_SUBTREE root=2726 depth=28 w=3.5865719100e+38 Shat=3.0000000000e+00 Lhat=0.0000000000e+00
KNUTH_SUBTREE root=2727 depth=28 w=2.5396920353e+39 Shat=5.0584000000e+01 Lhat=0.0000000000e+00
KNUTH_SUBTREE root=2728 depth=28 w=9.3490980754e+38 Shat=3.9008000000e+01 Lhat=0.0000000000e+00
KNUTH_SUBTREE root=2729 depth=28 w=2.5170488636e+39 Shat=3.4336000000e+01 Lhat=0.0000000000e+00
KNUTH_SUBTREE root=2730 depth=28 w=2.8853379957e+38 Shat=1.1266000000e+02 Lhat=0.0000000000e+00
KNUTH_SUBTREE root=2731 depth=28 w=1.8312103233e+35 Shat=1.0000000000e+00 Lhat=0.0000000000e+00
KNUTH_SUBTREE root=2732 depth=28 w=8.8890520884e+38 Shat=2.5976000000e+01 Lhat=0.0000000000e+00
KNUTH_SUBTREE root=2733 depth=28 w=5.0192452740e+38 Shat=3.9274000000e+01 Lhat=0.0000000000e+00
KNUTH_SUBTREE root=2734 depth=28 w=2.9220420896e+38 Shat=7.0000000000e+00 Lhat=0.0000000000e+00
KNUTH_SUBTREE root=2735 depth=28 w=2.7813841394e+38 Shat=8.9520000000e+00 Lhat=0.0000000000e+00
KNUTH_SUBTREE root=2736 depth=28 w=1.5840429134e+39 Shat=7.6096000000e+01 Lhat=0.0000000000e+00
KNUTH_SUBTREE root=2737 depth=28 w=1.8184078475e+39 Shat=2.7312000000e+01 Lhat=0.0000000000e+00
KNUTH_SUBTREE root=2738 depth=28 w=0 Shat=0 Lhat=0 dead=1
KNUTH_SUBTREE root=2739 depth=28 w=7.7918161588e+38 Shat=1.0228000000e+01 Lhat=0.0000000000e+00
KNUTH_SUBTREE root=2740 depth=28 w=3.5636470900e+38 Shat=8.1994000000e+01 Lhat=0.0000000000e+00
KNUTH_SUBTREE root=2741 depth=28 w=6.5694372259e+38 Shat=2.0926000000e+01 Lhat=0.0000000000e+00
KNUTH_SUBTREE root=2742 depth=28 w=1.1030293080e+39 Shat=2.0000000000e+00 Lhat=0.0000000000e+00
KNUTH_SUBTREE root=2743 depth=28 w=1.3813139291e+38 Shat=5.8702000000e+01 Lhat=0.0000000000e+00
KNUTH_SUBTREE root=2744 depth=28 w=1.0749464262e+38 Shat=1.0000000000e+00 Lhat=0.0000000000e+00
KNUTH_SUBTREE root=2745 depth=28 w=4.1291919995e+37 Shat=1.0000000000e+00 Lhat=0.0000000000e+00
KNUTH_SUBTREE root=2746 depth=28 w=6.0332848130e+38 Shat=5.0425000000e+01 Lhat=0.0000000000e+00
KNUTH_SUBTREE root=2747 depth=28 w=5.5548402797e+38 Shat=2.2005000000e+01 Lhat=0.0000000000e+00
KNUTH_SUBTREE root=2748 depth=28 w=3.0002762295e+38 Shat=5.2648000000e+01 Lhat=0.0000000000e+00
KNUTH_SUBTREE root=2749 depth=28 w=9.2421608069e+37 Shat=1.0000000000e+00 Lhat=0.0000000000e+00
KNUTH_SUBTREE root=2750 depth=28 w=2.0488037107e+38 Shat=1.8944000000e+01 Lhat=0.0000000000e+00
KNUTH_SUBTREE root=2751 depth=28 w=1.4890836793e+38 Shat=3.0000000000e+00 Lhat=0.0000000000e+00
KNUTH_SUBTREE root=2752 depth=28 w=6.2591129644e+38 Shat=5.3395000000e+01 Lhat=0.0000000000e+00
KNUTH_SUBTREE root=2753 depth=28 w=4.7515690592e+38 Shat=5.0000000000e+00 Lhat=0.0000000000e+00
KNUTH_SUBTREE root=2754 depth=28 w=4.9797118438e+36 Shat=1.0000000000e+00 Lhat=0.0000000000e+00
KNUTH_SUBTREE root=2755 depth=28 w=9.4531875191e+38 Shat=1.9936000000e+01 Lhat=0.0000000000e+00
KNUTH_SUBTREE root=2756 depth=28 w=9.8330226822e+38 Shat=1.3000000000e+01 Lhat=0.0000000000e+00
KNUTH_SUBTREE root=2757 depth=28 w=6.8921683839e+37 Shat=8.0680000000e+00 Lhat=0.0000000000e+00
KNUTH_SUBTREE root=2758 depth=28 w=1.9391064147e+38 Shat=5.0530000000e+01 Lhat=0.0000000000e+00
KNUTH_SUBTREE root=2759 depth=28 w=6.0777288809e+38 Shat=6.5379000000e+01 Lhat=0.0000000000e+00
KNUTH_SUBTREE root=2760 depth=28 w=2.3830976768e+38 Shat=5.0230000000e+01 Lhat=0.0000000000e+00
KNUTH_SUBTREE root=2761 depth=28 w=8.8670036451e+36 Shat=4.0000000000e+00 Lhat=0.0000000000e+00
KNUTH_SUBTREE root=2762 depth=28 w=2.9809119877e+39 Shat=3.0760000000e+01 Lhat=0.0000000000e+00
KNUTH_SUBTREE root=2763 depth=28 w=5.7378326598e+38 Shat=4.0000000000e+00 Lhat=0.0000000000e+00
KNUTH_SUBTREE root=2764 depth=28 w=6.5046662389e+37 Shat=9.0000000000e+00 Lhat=0.0000000000e+00
KNUTH_SUBTREE root=2765 depth=28 w=0 Shat=0 Lhat=0 dead=1
KNUTH_SUBTREE root=2766 depth=28 w=5.8211585265e+38 Shat=1.1064000000e+01 Lhat=0.0000000000e+00
KNUTH_SUBTREE root=2767 depth=28 w=2.2843772622e+39 Shat=8.5546000000e+01 Lhat=0.0000000000e+00
KNUTH_SUBTREE root=2768 depth=28 w=1.2886614264e+37 Shat=2.0000000000e+00 Lhat=0.0000000000e+00
KNUTH_SUBTREE root=2769 depth=28 w=3.7825346708e+38 Shat=4.0000000000e+00 Lhat=0.0000000000e+00
KNUTH_SUBTREE root=2770 depth=28 w=3.4908098191e+38 Shat=8.0000000000e+00 Lhat=0.0000000000e+00
KNUTH_SUBTREE root=2771 depth=28 w=3.8749296248e+38 Shat=5.0000000000e+00 Lhat=0.0000000000e+00
KNUTH_SUBTREE root=2772 depth=28 w=1.8656297989e+39 Shat=5.3956000000e+01 Lhat=0.0000000000e+00
KNUTH_SUBTREE root=2773 depth=28 w=5.3836490313e+38 Shat=9.0000000000e+00 Lhat=0.0000000000e+00
KNUTH_SUBTREE root=2774 depth=28 w=2.0692990384e+38 Shat=1.3940000000e+01 Lhat=0.0000000000e+00
KNUTH_SUBTREE root=2775 depth=28 w=1.6364728792e+39 Shat=6.0000000000e+00 Lhat=0.0000000000e+00
KNUTH_SUBTREE root=2776 depth=28 w=3.6683135381e+38 Shat=2.9924000000e+01 Lhat=0.0000000000e+00
KNUTH_SUBTREE root=2777 depth=28 w=2.3282905389e+35 Shat=1.0000000000e+00 Lhat=0.0000000000e+00
KNUTH_SUBTREE root=2778 depth=28 w=2.7992039395e+39 Shat=6.1888000000e+01 Lhat=0.0000000000e+00
KNUTH_SUBTREE root=2779 depth=28 w=2.3674028197e+38 Shat=2.6090000000e+01 Lhat=0.0000000000e+00
KNUTH_SUBTREE root=2780 depth=28 w=1.1166706419e+39 Shat=3.9775000000e+01 Lhat=0.0000000000e+00
KNUTH_SUBTREE root=2781 depth=28 w=2.1327750186e+38 Shat=1.3444000000e+01 Lhat=0.0000000000e+00
KNUTH_SUBTREE root=2782 depth=28 w=2.8686535685e+39 Shat=5.0000000000e+00 Lhat=0.0000000000e+00
KNUTH_SUBTREE root=2783 depth=28 w=2.6199251981e+38 Shat=1.6000000000e+01 Lhat=0.0000000000e+00
KNUTH_SUBTREE root=2784 depth=28 w=1.6411533625e+39 Shat=1.0000000000e+00 Lhat=0.0000000000e+00
KNUTH_SUBTREE root=2785 depth=28 w=2.8413124733e+38 Shat=2.8853000000e+01 Lhat=0.0000000000e+00
KNUTH_SUBTREE root=2786 depth=28 w=1.5053620989e+39 Shat=1.7176000000e+01 Lhat=0.0000000000e+00
KNUTH_SUBTREE root=2787 depth=28 w=1.4153956531e+36 Shat=1.0000000000e+00 Lhat=0.0000000000e+00
KNUTH_SUBTREE root=2788 depth=28 w=5.7780227094e+38 Shat=4.0000000000e+00 Lhat=0.0000000000e+00
KNUTH_SUBTREE root=2789 depth=28 w=4.4717862642e+38 Shat=3.8004000000e+01 Lhat=0.0000000000e+00
KNUTH_SUBTREE root=2790 depth=28 w=3.6848270811e+38 Shat=1.0996000000e+01 Lhat=0.0000000000e+00
KNUTH_SUBTREE root=2791 depth=28 w=1.4504239761e+39 Shat=5.0000000000e+00 Lhat=0.0000000000e+00
KNUTH_SUBTREE root=2792 depth=28 w=1.6296663145e+39 Shat=1.4712000000e+01 Lhat=0.0000000000e+00
KNUTH_SUBTREE root=2793 depth=28 w=0 Shat=0 Lhat=0 dead=1
KNUTH_SUBTREE root=2794 depth=28 w=3.0614443739e+38 Shat=8.4335000000e+01 Lhat=0.0000000000e+00
KNUTH_SUBTREE root=2795 depth=28 w=4.7245916250e+38 Shat=4.0000000000e+00 Lhat=0.0000000000e+00
KNUTH_SUBTREE root=2796 depth=28 w=0 Shat=0 Lhat=0 dead=1
KNUTH_SUBTREE root=2797 depth=28 w=0 Shat=0 Lhat=0 dead=1
KNUTH_SUBTREE root=2798 depth=28 w=2.6995209999e+39 Shat=1.7176000000e+01 Lhat=0.0000000000e+00
KNUTH_SUBTREE root=2799 depth=28 w=2.6993287750e+38 Shat=9.0000000000e+00 Lhat=0.0000000000e+00
KNUTH_SUBTREE root=2800 depth=28 w=1.7437378097e+39 Shat=6.0000000000e+00 Lhat=0.0000000000e+00
KNUTH_SUBTREE root=2801 depth=28 w=1.7142847473e+39 Shat=1.2934000000e+01 Lhat=0.0000000000e+00
KNUTH_SUBTREE root=2802 depth=28 w=2.5875017581e+39 Shat=9.0080000000e+00 Lhat=0.0000000000e+00
KNUTH_SUBTREE root=2803 depth=28 w=4.5919024015e+38 Shat=1.0792000000e+01 Lhat=0.0000000000e+00
KNUTH_SUBTREE root=2804 depth=28 w=5.9467185197e+38 Shat=1.4029000000e+01 Lhat=0.0000000000e+00
KNUTH_SUBTREE root=2805 depth=28 w=5.7780697823e+37 Shat=7.0000000000e+00 Lhat=0.0000000000e+00
KNUTH_SUBTREE root=2806 depth=28 w=2.6755784847e+38 Shat=1.0000000000e+00 Lhat=0.0000000000e+00
KNUTH_SUBTREE root=2807 depth=28 w=8.7055059646e+38 Shat=7.0000000000e+00 Lhat=0.0000000000e+00
KNUTH_SUBTREE root=2808 depth=28 w=1.5037745359e+38 Shat=7.0000000000e+00 Lhat=0.0000000000e+00
KNUTH_SUBTREE root=2809 depth=28 w=3.1137097856e+38 Shat=6.0000000000e+00 Lhat=0.0000000000e+00
KNUTH_SUBTREE root=2810 depth=28 w=0 Shat=0 Lhat=0 dead=1
KNUTH_SUBTREE root=2811 depth=28 w=1.0501283497e+39 Shat=1.0000000000e+01 Lhat=0.0000000000e+00
KNUTH_SUBTREE root=2812 depth=28 w=1.2271582401e+38 Shat=1.0000000000e+00 Lhat=0.0000000000e+00
KNUTH_SUBTREE root=2813 depth=28 w=8.2812898418e+38 Shat=2.4700000000e+01 Lhat=0.0000000000e+00
KNUTH_SUBTREE root=2814 depth=28 w=1.2096078806e+39 Shat=3.8480000000e+01 Lhat=0.0000000000e+00
KNUTH_SUBTREE root=2815 depth=28 w=4.7956331526e+38 Shat=2.0000000000e+00 Lhat=0.0000000000e+00
KNUTH_SUBTREE root=2816 depth=28 w=3.5719560614e+36 Shat=1.0000000000e+00 Lhat=0.0000000000e+00
KNUTH_SUBTREE root=2817 depth=28 w=7.9077827289e+37 Shat=1.0000000000e+00 Lhat=0.0000000000e+00
KNUTH_SUBTREE root=2818 depth=28 w=3.0807046672e+39 Shat=4.7740000000e+01 Lhat=0.0000000000e+00
KNUTH_SUBTREE root=2819 depth=28 w=4.5934587089e+38 Shat=3.0000000000e+00 Lhat=0.0000000000e+00
KNUTH_SUBTREE root=2820 depth=28 w=2.1089833254e+39 Shat=1.0000000000e+00 Lhat=0.0000000000e+00
KNUTH_SUBTREE root=2821 depth=28 w=1.6528859993e+38 Shat=1.0145600000e+02 Lhat=0.0000000000e+00
KNUTH_SUBTREE root=2822 depth=28 w=6.2591759978e+37 Shat=1.0000000000e+01 Lhat=0.0000000000e+00
KNUTH_SUBTREE root=2823 depth=28 w=5.5037608156e+38 Shat=1.9032000000e+01 Lhat=0.0000000000e+00
KNUTH_SUBTREE root=2824 depth=28 w=3.1585840949e+37 Shat=1.0000000000e+00 Lhat=0.0000000000e+00
KNUTH_SUBTREE root=2825 depth=28 w=1.8371998485e+38 Shat=4.0000000000e+00 Lhat=0.0000000000e+00
KNUTH_SUBTREE root=2826 depth=28 w=1.1072193733e+39 Shat=3.1944000000e+01 Lhat=0.0000000000e+00
KNUTH_SUBTREE root=2827 depth=28 w=1.0105982730e+39 Shat=2.1000000000e+01 Lhat=0.0000000000e+00
KNUTH_SUBTREE root=2828 depth=28 w=1.6546660024e+38 Shat=1.0940000000e+01 Lhat=0.0000000000e+00
KNUTH_SUBTREE root=2829 depth=28 w=1.8132308821e+38 Shat=5.0000000000e+00 Lhat=0.0000000000e+00
KNUTH_SUBTREE root=2830 depth=28 w=0 Shat=0 Lhat=0 dead=1
KNUTH_SUBTREE root=2831 depth=28 w=2.8265143744e+39 Shat=1.3325600000e+02 Lhat=1.4096000000e+01
KNUTH_SUBTREE root=2832 depth=28 w=5.4730570257e+38 Shat=2.1725000000e+01 Lhat=0.0000000000e+00
KNUTH_SUBTREE root=2833 depth=28 w=4.3603865165e+38 Shat=4.9896000000e+01 Lhat=0.0000000000e+00
KNUTH_SUBTREE root=2834 depth=28 w=2.9359350629e+39 Shat=2.2744000000e+01 Lhat=0.0000000000e+00
KNUTH_SUBTREE root=2835 depth=28 w=2.8039496504e+36 Shat=1.0000000000e+00 Lhat=0.0000000000e+00
KNUTH_SUBTREE root=2836 depth=28 w=1.4407588123e+39 Shat=2.2560000000e+01 Lhat=0.0000000000e+00
KNUTH_SUBTREE root=2837 depth=28 w=2.9789472835e+39 Shat=3.9080000000e+01 Lhat=0.0000000000e+00
KNUTH_SUBTREE root=2838 depth=28 w=5.0077619900e+36 Shat=5.0000000000e+00 Lhat=0.0000000000e+00
KNUTH_SUBTREE root=2839 depth=28 w=5.6348726122e+37 Shat=1.0000000000e+00 Lhat=0.0000000000e+00
KNUTH_SUBTREE root=2840 depth=28 w=1.0361233843e+39 Shat=2.0000000000e+00 Lhat=0.0000000000e+00
KNUTH_SUBTREE root=2841 depth=28 w=2.6255362032e+38 Shat=3.3795000000e+01 Lhat=0.0000000000e+00
KNUTH_SUBTREE root=2842 depth=28 w=3.5372351831e+38 Shat=3.5181000000e+01 Lhat=0.0000000000e+00
KNUTH_SUBTREE root=2843 depth=28 w=1.6185105497e+38 Shat=7.0000000000e+00 Lhat=0.0000000000e+00
KNUTH_SUBTREE root=2844 depth=28 w=1.9548124099e+39 Shat=3.5796000000e+01 Lhat=0.0000000000e+00
KNUTH_SUBTREE root=2845 depth=28 w=5.1255503595e+36 Shat=2.0000000000e+00 Lhat=0.0000000000e+00
KNUTH_SUBTREE root=2846 depth=28 w=2.0698409098e+39 Shat=4.0000000000e+00 Lhat=0.0000000000e+00
KNUTH_SUBTREE root=2847 depth=28 w=4.4899626181e+37 Shat=2.0000000000e+00 Lhat=0.0000000000e+00
KNUTH_SUBTREE root=2848 depth=28 w=0 Shat=0 Lhat=0 dead=1
KNUTH_SUBTREE root=2849 depth=28 w=1.6749247604e+39 Shat=5.9108000000e+01 Lhat=0.0000000000e+00
KNUTH_SUBTREE root=2850 depth=28 w=7.7002598632e+37 Shat=1.0000000000e+00 Lhat=0.0000000000e+00
KNUTH_SUBTREE root=2851 depth=28 w=1.1539206389e+38 Shat=3.0000000000e+00 Lhat=0.0000000000e+00
KNUTH_SUBTREE root=2852 depth=28 w=1.9060804739e+38 Shat=2.0000000000e+00 Lhat=0.0000000000e+00
KNUTH_SUBTREE root=2853 depth=28 w=2.6878719546e+38 Shat=1.0000000000e+00 Lhat=0.0000000000e+00
KNUTH_SUBTREE root=2854 depth=28 w=1.9145593355e+38 Shat=2.0000000000e+00 Lhat=0.0000000000e+00
KNUTH_SUBTREE root=2855 depth=28 w=1.4289293666e+37 Shat=1.0000000000e+00 Lhat=0.0000000000e+00
KNUTH_SUBTREE root=2856 depth=28 w=2.7599463059e+37 Shat=3.0000000000e+00 Lhat=0.0000000000e+00
KNUTH_SUBTREE root=2857 depth=28 w=2.1597298707e+38 Shat=1.0000000000e+00 Lhat=0.0000000000e+00
KNUTH_SUBTREE root=2858 depth=28 w=1.9311306186e+38 Shat=2.0070000000e+01 Lhat=0.0000000000e+00
KNUTH_SUBTREE root=2859 depth=28 w=5.6764777211e+38 Shat=4.5304000000e+01 Lhat=0.0000000000e+00
KNUTH_SUBTREE root=2860 depth=28 w=1.5407437104e+37 Shat=4.0000000000e+00 Lhat=0.0000000000e+00
KNUTH_SUBTREE root=2861 depth=28 w=2.3722919888e+39 Shat=2.0000000000e+00 Lhat=0.0000000000e+00
KNUTH_SUBTREE root=2862 depth=28 w=2.0583967007e+38 Shat=1.6018000000e+01 Lhat=0.0000000000e+00
KNUTH_SUBTREE root=2863 depth=28 w=1.5652906803e+39 Shat=2.9128000000e+01 Lhat=0.0000000000e+00
KNUTH_SUBTREE root=2864 depth=28 w=2.1935405207e+39 Shat=3.0000000000e+00 Lhat=0.0000000000e+00
KNUTH_SUBTREE root=2865 depth=28 w=5.7891522900e+36 Shat=1.0000000000e+00 Lhat=0.0000000000e+00
KNUTH_SUBTREE root=2866 depth=28 w=5.1233118039e+38 Shat=3.2392000000e+01 Lhat=0.0000000000e+00
KNUTH_SUBTREE root=2867 depth=28 w=3.1338956599e+38 Shat=5.0000000000e+00 Lhat=0.0000000000e+00
KNUTH_SUBTREE root=2868 depth=28 w=4.2721190028e+38 Shat=6.3951000000e+01 Lhat=0.0000000000e+00
KNUTH_SUBTREE root=2869 depth=28 w=1.4598762034e+38 Shat=1.7016000000e+01 Lhat=0.0000000000e+00
KNUTH_SUBTREE root=2870 depth=28 w=6.1711210872e+38 Shat=2.1828000000e+02 Lhat=0.0000000000e+00
KNUTH_SUBTREE root=2871 depth=28 w=1.3925652752e+39 Shat=7.2796000000e+01 Lhat=0.0000000000e+00
KNUTH_SUBTREE root=2872 depth=28 w=3.3351948521e+38 Shat=3.3316000000e+01 Lhat=0.0000000000e+00
KNUTH_SUBTREE root=2873 depth=28 w=2.5576892432e+38 Shat=1.3000000000e+01 Lhat=0.0000000000e+00
KNUTH_SUBTREE root=2874 depth=28 w=3.4728322185e+38 Shat=1.1104000000e+01 Lhat=0.0000000000e+00
KNUTH_SUBTREE root=2875 depth=28 w=8.8456787072e+36 Shat=5.0480000000e+01 Lhat=0.0000000000e+00
KNUTH_SUBTREE root=2876 depth=28 w=1.3227669284e+38 Shat=3.0000000000e+00 Lhat=0.0000000000e+00
KNUTH_SUBTREE root=2877 depth=28 w=4.7566442359e+38 Shat=1.8503200000e+02 Lhat=0.0000000000e+00
KNUTH_SUBTREE root=2878 depth=28 w=5.3900795446e+38 Shat=7.0720000000e+00 Lhat=0.0000000000e+00
KNUTH_SUBTREE root=2879 depth=28 w=5.7013151844e+38 Shat=1.2035000000e+01 Lhat=0.0000000000e+00
KNUTH_SUBTREE root=2880 depth=28 w=2.9525602334e+38 Shat=1.4924000000e+01 Lhat=0.0000000000e+00
KNUTH_SUBTREE root=2881 depth=28 w=4.1905992759e+38 Shat=1.2028000000e+01 Lhat=0.0000000000e+00
KNUTH_SUBTREE root=2882 depth=28 w=1.2676913038e+39 Shat=1.3000000000e+01 Lhat=0.0000000000e+00
KNUTH_SUBTREE root=2883 depth=28 w=1.9927544919e+38 Shat=9.1600000000e+00 Lhat=0.0000000000e+00
KNUTH_SUBTREE root=2884 depth=28 w=2.6952004380e+38 Shat=1.0040000000e+01 Lhat=0.0000000000e+00
KNUTH_SUBTREE root=2885 depth=28 w=4.3614933223e+38 Shat=4.0000000000e+00 Lhat=0.0000000000e+00
KNUTH_SUBTREE root=2886 depth=28 w=0 Shat=0 Lhat=0 dead=1
KNUTH_SUBTREE root=2887 depth=28 w=1.1195528837e+39 Shat=3.5092000000e+01 Lhat=0.0000000000e+00
KNUTH_SUBTREE root=2888 depth=28 w=9.6882741443e+38 Shat=6.7016000000e+01 Lhat=0.0000000000e+00
KNUTH_SUBTREE root=2889 depth=28 w=3.1999441066e+38 Shat=6.6260000000e+01 Lhat=0.0000000000e+00
KNUTH_SUBTREE root=2890 depth=28 w=2.4322171957e+37 Shat=5.0000000000e+00 Lhat=0.0000000000e+00
KNUTH_SUBTREE root=2891 depth=28 w=2.1913505655e+38 Shat=2.9258400000e+02 Lhat=0.0000000000e+00
KNUTH_SUBTREE root=2892 depth=28 w=1.2319736294e+38 Shat=7.0000000000e+00 Lhat=0.0000000000e+00
KNUTH_SUBTREE root=2893 depth=28 w=3.4666672565e+38 Shat=1.3000000000e+01 Lhat=0.0000000000e+00
KNUTH_SUBTREE root=2894 depth=28 w=2.6563403348e+37 Shat=1.0000000000e+00 Lhat=0.0000000000e+00
KNUTH_SUBTREE root=2895 depth=28 w=1.3535723890e+39 Shat=1.2043000000e+01 Lhat=0.0000000000e+00
KNUTH_SUBTREE root=2896 depth=28 w=2.3860703895e+38 Shat=3.0000000000e+00 Lhat=0.0000000000e+00
KNUTH_SUBTREE root=2897 depth=28 w=4.4152104744e+38 Shat=1.0000000000e+00 Lhat=0.0000000000e+00
KNUTH_SUBTREE root=2898 depth=28 w=3.2391447819e+38 Shat=1.0000000000e+00 Lhat=0.0000000000e+00
KNUTH_SUBTREE root=2899 depth=28 w=1.9530104745e+39 Shat=2.1162000000e+01 Lhat=0.0000000000e+00
KNUTH_SUBTREE root=2900 depth=28 w=1.2691510218e+38 Shat=2.3080000000e+01 Lhat=0.0000000000e+00
KNUTH_SUBTREE root=2901 depth=28 w=1.3650531884e+38 Shat=1.0018000000e+01 Lhat=0.0000000000e+00
KNUTH_SUBTREE root=2902 depth=28 w=0 Shat=0 Lhat=0 dead=1
KNUTH_SUBTREE root=2903 depth=28 w=1.9850162595e+37 Shat=3.0000000000e+00 Lhat=0.0000000000e+00
KNUTH_SUBTREE root=2904 depth=28 w=9.9072613426e+38 Shat=1.0896000000e+01 Lhat=0.0000000000e+00
KNUTH_SUBTREE root=2905 depth=28 w=2.3080930106e+38 Shat=7.9600000000e+00 Lhat=0.0000000000e+00
KNUTH_SUBTREE root=2906 depth=28 w=9.7473379620e+38 Shat=3.2935000000e+01 Lhat=0.0000000000e+00
KNUTH_SUBTREE root=2907 depth=28 w=0 Shat=0 Lhat=0 dead=1
KNUTH_SUBTREE root=2908 depth=28 w=1.3568187516e+38 Shat=3.0000000000e+00 Lhat=0.0000000000e+00
KNUTH_SUBTREE root=2909 depth=28 w=3.1802979163e+38 Shat=9.9560000000e+00 Lhat=0.0000000000e+00
KNUTH_SUBTREE root=2910 depth=28 w=1.3543440768e+38 Shat=9.0000000000e+00 Lhat=0.0000000000e+00
KNUTH_SUBTREE root=2911 depth=28 w=8.5670187477e+36 Shat=3.0000000000e+00 Lhat=0.0000000000e+00
KNUTH_SUBTREE root=2912 depth=28 w=2.9297132187e+38 Shat=4.8960000000e+01 Lhat=0.0000000000e+00
KNUTH_SUBTREE root=2913 depth=28 w=9.7273132241e+37 Shat=2.5900000000e+01 Lhat=0.0000000000e+00
KNUTH_SUBTREE root=2914 depth=28 w=1.2984353335e+37 Shat=1.0000000000e+00 Lhat=0.0000000000e+00
KNUTH_SUBTREE root=2915 depth=28 w=1.2590609587e+38 Shat=2.0000000000e+00 Lhat=0.0000000000e+00
KNUTH_SUBTREE root=2916 depth=28 w=1.6317025764e+39 Shat=5.0080000000e+00 Lhat=0.0000000000e+00
KNUTH_SUBTREE root=2917 depth=28 w=5.0672845704e+37 Shat=3.0000000000e+00 Lhat=0.0000000000e+00
KNUTH_SUBTREE root=2918 depth=28 w=6.2934955902e+37 Shat=6.0000000000e+00 Lhat=0.0000000000e+00
KNUTH_SUBTREE root=2919 depth=28 w=2.8092187324e+38 Shat=1.0000000000e+00 Lhat=0.0000000000e+00
KNUTH_SUBTREE root=2920 depth=28 w=8.5985729361e+38 Shat=3.0000000000e+00 Lhat=0.0000000000e+00
KNUTH_SUBTREE root=2921 depth=28 w=3.3417670942e+39 Shat=7.0792000000e+01 Lhat=0.0000000000e+00
KNUTH_SUBTREE root=2922 depth=28 w=3.7479308497e+36 Shat=3.0000000000e+00 Lhat=0.0000000000e+00
KNUTH_SUBTREE root=2923 depth=28 w=6.6943881120e+37 Shat=1.0000000000e+00 Lhat=0.0000000000e+00
KNUTH_SUBTREE root=2924 depth=28 w=7.7370886547e+37 Shat=1.0000000000e+00 Lhat=0.0000000000e+00
KNUTH_SUBTREE root=2925 depth=28 w=9.8740412609e+37 Shat=7.0000000000e+00 Lhat=0.0000000000e+00
KNUTH_SUBTREE root=2926 depth=28 w=8.3829879304e+38 Shat=2.1950000000e+01 Lhat=0.0000000000e+00
KNUTH_SUBTREE root=2927 depth=28 w=2.7790830706e+38 Shat=2.5360000000e+01 Lhat=0.0000000000e+00
KNUTH_SUBTREE root=2928 depth=28 w=4.0552296577e+37 Shat=2.0000000000e+00 Lhat=0.0000000000e+00
KNUTH_SUBTREE root=2929 depth=28 w=4.7700439638e+37 Shat=5.0000000000e+00 Lhat=0.0000000000e+00
KNUTH_SUBTREE root=2930 depth=28 w=3.6941059267e+38 Shat=1.4956000000e+01 Lhat=0.0000000000e+00
KNUTH_SUBTREE root=2931 depth=28 w=3.3277165764e+38 Shat=1.6215000000e+01 Lhat=0.0000000000e+00
KNUTH_SUBTREE root=2932 depth=28 w=1.4009406079e+39 Shat=4.8960000000e+01 Lhat=0.0000000000e+00
KNUTH_SUBTREE root=2933 depth=28 w=7.7497926350e+36 Shat=1.0000000000e+00 Lhat=0.0000000000e+00
KNUTH_SUBTREE root=2934 depth=28 w=3.3739188810e+38 Shat=1.0000000000e+01 Lhat=0.0000000000e+00
KNUTH_SUBTREE root=2935 depth=28 w=9.4891709748e+37 Shat=3.0000000000e+00 Lhat=0.0000000000e+00
KNUTH_SUBTREE root=2936 depth=28 w=7.8139179917e+37 Shat=2.0000000000e+00 Lhat=0.0000000000e+00
KNUTH_SUBTREE root=2937 depth=28 w=4.9113270466e+36 Shat=3.0000000000e+00 Lhat=0.0000000000e+00
KNUTH_SUBTREE root=2938 depth=28 w=1.4111568995e+39 Shat=5.0000000000e+00 Lhat=0.0000000000e+00
KNUTH_SUBTREE root=2939 depth=28 w=8.5200965835e+38 Shat=5.4466000000e+01 Lhat=0.0000000000e+00
KNUTH_SUBTREE root=2940 depth=28 w=6.7083561580e+35 Shat=1.0000000000e+00 Lhat=0.0000000000e+00
KNUTH_SUBTREE root=2941 depth=28 w=2.4077337799e+38 Shat=7.1398000000e+01 Lhat=0.0000000000e+00
KNUTH_SUBTREE root=2942 depth=28 w=8.0526177998e+36 Shat=3.9540000000e+00 Lhat=0.0000000000e+00
KNUTH_SUBTREE root=2943 depth=28 w=1.3694813572e+39 Shat=2.0000000000e+00 Lhat=0.0000000000e+00
KNUTH_SUBTREE root=2944 depth=28 w=5.3217705951e+37 Shat=8.0290000000e+00 Lhat=0.0000000000e+00
KNUTH_SUBTREE root=2945 depth=28 w=1.8789150633e+38 Shat=3.0000000000e+00 Lhat=0.0000000000e+00
KNUTH_SUBTREE root=2946 depth=28 w=9.1670261406e+38 Shat=2.0000000000e+00 Lhat=0.0000000000e+00
KNUTH_SUBTREE root=2947 depth=28 w=4.6096269035e+38 Shat=1.7468000000e+02 Lhat=0.0000000000e+00
KNUTH_SUBTREE root=2948 depth=28 w=0 Shat=0 Lhat=0 dead=1
KNUTH_SUBTREE root=2949 depth=28 w=3.4959083598e+38 Shat=1.0000000000e+00 Lhat=0.0000000000e+00
KNUTH_SUBTREE root=2950 depth=28 w=4.4487066619e+35 Shat=1.0000000000e+00 Lhat=0.0000000000e+00
KNUTH_SUBTREE root=2951 depth=28 w=2.6333156316e+38 Shat=7.0000000000e+00 Lhat=0.0000000000e+00
KNUTH_SUBTREE root=2952 depth=28 w=4.2037703116e+38 Shat=5.0000000000e+00 Lhat=0.0000000000e+00
KNUTH_SUBTREE root=2953 depth=28 w=6.9110763232e+38 Shat=2.5776000000e+01 Lhat=0.0000000000e+00
KNUTH_SUBTREE root=2954 depth=28 w=2.2426300768e+37 Shat=2.0000000000e+00 Lhat=0.0000000000e+00
KNUTH_SUBTREE root=2955 depth=28 w=6.3694861333e+38 Shat=1.3000000000e+01 Lhat=0.0000000000e+00
KNUTH_SUBTREE root=2956 depth=28 w=3.2415994029e+39 Shat=2.2007000000e+01 Lhat=0.0000000000e+00
KNUTH_SUBTREE root=2957 depth=28 w=9.4657748146e+37 Shat=3.0000000000e+00 Lhat=0.0000000000e+00
KNUTH_SUBTREE root=2958 depth=28 w=2.6125641681e+38 Shat=5.8204000000e+01 Lhat=0.0000000000e+00
KNUTH_SUBTREE root=2959 depth=28 w=4.5385155323e+35 Shat=1.0000000000e+00 Lhat=0.0000000000e+00
KNUTH_SUBTREE root=2960 depth=28 w=2.8749059773e+38 Shat=4.8712000000e+01 Lhat=0.0000000000e+00
KNUTH_SUBTREE root=2961 depth=28 w=1.0357186248e+39 Shat=9.2840000000e+01 Lhat=0.0000000000e+00
KNUTH_SUBTREE root=2962 depth=28 w=5.5032352201e+38 Shat=4.0000000000e+00 Lhat=0.0000000000e+00
KNUTH_SUBTREE root=2963 depth=28 w=1.6130373691e+37 Shat=1.0000000000e+00 Lhat=0.0000000000e+00
KNUTH_SUBTREE root=2964 depth=28 w=5.5511258719e+37 Shat=1.0000000000e+00 Lhat=0.0000000000e+00
KNUTH_SUBTREE root=2965 depth=28 w=9.7340195274e+37 Shat=3.0000000000e+00 Lhat=0.0000000000e+00
KNUTH_SUBTREE root=2966 depth=28 w=2.0111980548e+38 Shat=2.0000000000e+00 Lhat=0.0000000000e+00
KNUTH_SUBTREE root=2967 depth=28 w=1.4874489507e+38 Shat=2.1064600000e+02 Lhat=0.0000000000e+00
KNUTH_SUBTREE root=2968 depth=28 w=3.1405744588e+38 Shat=5.0000000000e+00 Lhat=0.0000000000e+00
KNUTH_SUBTREE root=2969 depth=28 w=6.1308315466e+37 Shat=3.0000000000e+00 Lhat=0.0000000000e+00
KNUTH_SUBTREE root=2970 depth=28 w=1.0607032765e+39 Shat=4.1815000000e+01 Lhat=0.0000000000e+00
KNUTH_SUBTREE root=2971 depth=28 w=2.2397066888e+37 Shat=5.3744000000e+01 Lhat=0.0000000000e+00
KNUTH_SUBTREE root=2972 depth=28 w=6.7657277902e+37 Shat=1.0000000000e+00 Lhat=0.0000000000e+00
KNUTH_SUBTREE root=2973 depth=28 w=3.6879541139e+38 Shat=5.0000000000e+00 Lhat=0.0000000000e+00
KNUTH_SUBTREE root=2974 depth=28 w=1.9560633743e+38 Shat=5.9960000000e+01 Lhat=0.0000000000e+00
KNUTH_SUBTREE root=2975 depth=28 w=1.2270910246e+39 Shat=1.0868000000e+01 Lhat=0.0000000000e+00
KNUTH_SUBTREE root=2976 depth=28 w=1.4703684217e+39 Shat=1.8964000000e+01 Lhat=0.0000000000e+00
KNUTH_SUBTREE root=2977 depth=28 w=0 Shat=0 Lhat=0 dead=1
KNUTH_SUBTREE root=2978 depth=28 w=3.6860839312e+39 Shat=3.1900000000e+01 Lhat=0.0000000000e+00
KNUTH_SUBTREE root=2979 depth=28 w=2.0442995997e+39 Shat=2.8676000000e+01 Lhat=0.0000000000e+00
KNUTH_SUBTREE root=2980 depth=28 w=5.2975445962e+37 Shat=1.0000000000e+00 Lhat=0.0000000000e+00
KNUTH_SUBTREE root=2981 depth=28 w=2.1893729947e+39 Shat=2.8396000000e+01 Lhat=0.0000000000e+00
KNUTH_SUBTREE root=2982 depth=28 w=4.0649144171e+37 Shat=3.0000000000e+00 Lhat=0.0000000000e+00
KNUTH_SUBTREE root=2983 depth=28 w=5.5324573720e+38 Shat=8.7440000000e+00 Lhat=0.0000000000e+00
KNUTH_SUBTREE root=2984 depth=28 w=3.0360105653e+38 Shat=2.9940000000e+01 Lhat=0.0000000000e+00
KNUTH_SUBTREE root=2985 depth=28 w=2.8916914105e+38 Shat=3.4488000000e+01 Lhat=0.0000000000e+00
KNUTH_SUBTREE root=2986 depth=28 w=2.7587295560e+39 Shat=4.1356000000e+01 Lhat=0.0000000000e+00
KNUTH_SUBTREE root=2987 depth=28 w=4.0422741043e+38 Shat=1.0000000000e+00 Lhat=0.0000000000e+00
KNUTH_SUBTREE root=2988 depth=28 w=6.0966026253e+38 Shat=4.0000000000e+00 Lhat=0.0000000000e+00
KNUTH_SUBTREE root=2989 depth=28 w=8.3795309029e+35 Shat=1.0000000000e+00 Lhat=0.0000000000e+00
KNUTH_SUBTREE root=2990 depth=28 w=1.5172933742e+39 Shat=2.3305000000e+01 Lhat=0.0000000000e+00
KNUTH_SUBTREE root=2991 depth=28 w=2.9559658150e+38 Shat=1.0000000000e+00 Lhat=0.0000000000e+00
KNUTH_SUBTREE root=2992 depth=28 w=5.7337380080e+38 Shat=8.1658000000e+01 Lhat=0.0000000000e+00
KNUTH_SUBTREE root=2993 depth=28 w=2.5563215255e+39 Shat=4.3780000000e+01 Lhat=0.0000000000e+00
KNUTH_SUBTREE root=2994 depth=28 w=1.2404079297e+39 Shat=3.0000000000e+00 Lhat=0.0000000000e+00
KNUTH_SUBTREE root=2995 depth=28 w=2.7230482737e+39 Shat=4.0000000000e+00 Lhat=0.0000000000e+00
KNUTH_SUBTREE root=2996 depth=28 w=0 Shat=0 Lhat=0 dead=1
KNUTH_SUBTREE root=2997 depth=28 w=9.6865634554e+38 Shat=5.0000000000e+00 Lhat=0.0000000000e+00
KNUTH_SUBTREE root=2998 depth=28 w=8.9189116143e+38 Shat=1.1023000000e+01 Lhat=0.0000000000e+00
KNUTH_SUBTREE root=2999 depth=28 w=3.5671999520e+36 Shat=5.0000000000e+00 Lhat=0.0000000000e+00
KNUTH_SUBTREE root=3000 depth=28 w=1.6577967917e+38 Shat=2.5705000000e+01 Lhat=0.0000000000e+00
KNUTH_SUBTREE root=3001 depth=28 w=4.5078038603e+38 Shat=1.0000000000e+00 Lhat=0.0000000000e+00
KNUTH_SUBTREE root=3002 depth=28 w=2.7727358414e+39 Shat=3.0000000000e+00 Lhat=0.0000000000e+00
KNUTH_SUBTREE root=3003 depth=28 w=2.1782059788e+38 Shat=3.0000000000e+00 Lhat=0.0000000000e+00
KNUTH_SUBTREE root=3004 depth=28 w=2.5185729027e+38 Shat=7.0000000000e+00 Lhat=0.0000000000e+00
KNUTH_SUBTREE root=3005 depth=28 w=8.8733393244e+37 Shat=1.0000000000e+00 Lhat=0.0000000000e+00
KNUTH_SUBTREE root=3006 depth=28 w=1.2417475282e+38 Shat=3.9108000000e+01 Lhat=0.0000000000e+00
KNUTH_SUBTREE root=3007 depth=28 w=2.9106065272e+39 Shat=1.4760000000e+01 Lhat=0.0000000000e+00
KNUTH_SUBTREE root=3008 depth=28 w=2.5991077752e+38 Shat=9.9966000000e+01 Lhat=0.0000000000e+00
KNUTH_SUBTREE root=3009 depth=28 w=1.9408724248e+39 Shat=2.6116000000e+01 Lhat=0.0000000000e+00
KNUTH_SUBTREE root=3010 depth=28 w=3.7231154062e+37 Shat=1.0000000000e+00 Lhat=0.0000000000e+00
KNUTH_SUBTREE root=3011 depth=28 w=0 Shat=0 Lhat=0 dead=1
KNUTH_SUBTREE root=3012 depth=28 w=2.8365623620e+38 Shat=5.0000000000e+00 Lhat=0.0000000000e+00
KNUTH_SUBTREE root=3013 depth=28 w=1.5573360730e+38 Shat=2.6914000000e+01 Lhat=0.0000000000e+00
KNUTH_SUBTREE root=3014 depth=28 w=0 Shat=0 Lhat=0 dead=1
KNUTH_SUBTREE root=3015 depth=28 w=1.7326544708e+38 Shat=2.3040000000e+01 Lhat=0.0000000000e+00
KNUTH_SUBTREE root=3016 depth=28 w=2.0051177739e+38 Shat=3.8760000000e+01 Lhat=0.0000000000e+00
KNUTH_SUBTREE root=3017 depth=28 w=2.2874723113e+39 Shat=3.3112000000e+01 Lhat=0.0000000000e+00
KNUTH_SUBTREE root=3018 depth=28 w=1.5350828043e+38 Shat=2.7916000000e+01 Lhat=0.0000000000e+00
KNUTH_SUBTREE root=3019 depth=28 w=2.2529939137e+38 Shat=3.4378000000e+01 Lhat=0.0000000000e+00
KNUTH_SUBTREE root=3020 depth=28 w=0 Shat=0 Lhat=0 dead=1
KNUTH_SUBTREE root=3021 depth=28 w=2.4654495934e+38 Shat=7.8800000000e+00 Lhat=0.0000000000e+00
KNUTH_SUBTREE root=3022 depth=28 w=1.6071264541e+39 Shat=6.0280000000e+01 Lhat=0.0000000000e+00
KNUTH_SUBTREE root=3023 depth=28 w=1.5796532325e+39 Shat=4.3154000000e+01 Lhat=0.0000000000e+00
KNUTH_SUBTREE root=3024 depth=28 w=4.1293326096e+38 Shat=3.0000000000e+00 Lhat=0.0000000000e+00
KNUTH_SUBTREE root=3025 depth=28 w=4.0589307427e+38 Shat=3.0000000000e+00 Lhat=0.0000000000e+00
KNUTH_SUBTREE root=3026 depth=28 w=1.8646720706e+38 Shat=1.0000000000e+00 Lhat=0.0000000000e+00
KNUTH_SUBTREE root=3027 depth=28 w=1.4389151104e+37 Shat=3.0000000000e+00 Lhat=0.0000000000e+00
KNUTH_SUBTREE root=3028 depth=28 w=5.3500819443e+38 Shat=4.0000000000e+00 Lhat=0.0000000000e+00
KNUTH_SUBTREE root=3029 depth=28 w=9.4034724905e+38 Shat=7.8580000000e+00 Lhat=0.0000000000e+00
KNUTH_SUBTREE root=3030 depth=28 w=6.8528650517e+37 Shat=2.9004000000e+01 Lhat=4.1300000000e+00
KNUTH_SUBTREE root=3031 depth=28 w=0 Shat=0 Lhat=0 dead=1
KNUTH_SUBTREE root=3032 depth=28 w=9.2212614587e+38 Shat=5.6728000000e+01 Lhat=6.3600000000e+00
KNUTH_SUBTREE root=3033 depth=28 w=1.9706480397e+39 Shat=4.4976000000e+01 Lhat=0.0000000000e+00
KNUTH_SUBTREE root=3034 depth=28 w=4.3571628102e+38 Shat=3.0000000000e+00 Lhat=0.0000000000e+00
KNUTH_SUBTREE root=3035 depth=28 w=8.2081862839e+37 Shat=4.0000000000e+00 Lhat=0.0000000000e+00
KNUTH_SUBTREE root=3036 depth=28 w=1.2015530081e+39 Shat=4.7080000000e+01 Lhat=0.0000000000e+00
KNUTH_SUBTREE root=3037 depth=28 w=2.7582632084e+39 Shat=1.9032000000e+01 Lhat=0.0000000000e+00
KNUTH_SUBTREE root=3038 depth=28 w=1.1585404436e+38 Shat=7.0000000000e+00 Lhat=0.0000000000e+00
KNUTH_SUBTREE root=3039 depth=28 w=5.8943771489e+37 Shat=3.0000000000e+00 Lhat=0.0000000000e+00
KNUTH_SUBTREE root=3040 depth=28 w=3.3598168829e+37 Shat=2.0000000000e+00 Lhat=0.0000000000e+00
KNUTH_SUBTREE root=3041 depth=28 w=2.7760304411e+39 Shat=6.6730000000e+01 Lhat=0.0000000000e+00
KNUTH_SUBTREE root=3042 depth=28 w=1.0346203560e+39 Shat=6.9208000000e+01 Lhat=0.0000000000e+00
KNUTH_SUBTREE root=3043 depth=28 w=1.2464847769e+36 Shat=1.0000000000e+00 Lhat=0.0000000000e+00
KNUTH_SUBTREE root=3044 depth=28 w=3.4996946189e+37 Shat=7.4824000000e+01 Lhat=0.0000000000e+00
KNUTH_SUBTREE root=3045 depth=28 w=1.5815543516e+39 Shat=2.4352000000e+01 Lhat=0.0000000000e+00
KNUTH_SUBTREE root=3046 depth=28 w=4.2365537143e+39 Shat=6.9068000000e+01 Lhat=0.0000000000e+00
KNUTH_SUBTREE root=3047 depth=28 w=2.6288140045e+39 Shat=2.2161000000e+01 Lhat=0.0000000000e+00
KNUTH_SUBTREE root=3048 depth=28 w=2.0542427106e+38 Shat=1.8420000000e+01 Lhat=0.0000000000e+00
KNUTH_SUBTREE root=3049 depth=28 w=9.0063683713e+36 Shat=3.0000000000e+00 Lhat=0.0000000000e+00
KNUTH_SUBTREE root=3050 depth=28 w=0 Shat=0 Lhat=0 dead=1
KNUTH_SUBTREE root=3051 depth=28 w=4.6469338583e+38 Shat=4.0000000000e+00 Lhat=0.0000000000e+00
KNUTH_SUBTREE root=3052 depth=28 w=7.6563411159e+38 Shat=3.1000000000e+01 Lhat=0.0000000000e+00
KNUTH_SUBTREE root=3053 depth=28 w=2.4056212418e+39 Shat=4.0000000000e+00 Lhat=0.0000000000e+00
KNUTH_SUBTREE root=3054 depth=28 w=4.1390536921e+38 Shat=6.5932000000e+01 Lhat=0.0000000000e+00
KNUTH_SUBTREE root=3055 depth=28 w=1.9432185621e+38 Shat=2.3287200000e+02 Lhat=0.0000000000e+00
KNUTH_SUBTREE root=3056 depth=28 w=1.0265590563e+38 Shat=1.0000000000e+00 Lhat=0.0000000000e+00
KNUTH_SUBTREE root=3057 depth=28 w=1.0982234702e+39 Shat=6.0175000000e+01 Lhat=0.0000000000e+00
KNUTH_SUBTREE root=3058 depth=28 w=3.3424649312e+36 Shat=1.0000000000e+00 Lhat=0.0000000000e+00
KNUTH_SUBTREE root=3059 depth=28 w=3.5482842650e+38 Shat=2.7080000000e+01 Lhat=0.0000000000e+00
KNUTH_SUBTREE root=3060 depth=28 w=4.7362842058e+37 Shat=6.2775000000e+01 Lhat=0.0000000000e+00
KNUTH_SUBTREE root=3061 depth=28 w=2.6143828875e+38 Shat=2.0000000000e+00 Lhat=0.0000000000e+00
KNUTH_SUBTREE root=3062 depth=28 w=2.3373539456e+38 Shat=5.0000000000e+00 Lhat=0.0000000000e+00
KNUTH_SUBTREE root=3063 depth=28 w=5.8346694895e+38 Shat=1.6856000000e+01 Lhat=0.0000000000e+00
KNUTH_SUBTREE root=3064 depth=28 w=1.4644609262e+39 Shat=6.2644000000e+01 Lhat=0.0000000000e+00
KNUTH_SUBTREE root=3065 depth=28 w=1.4463878677e+36 Shat=1.0000000000e+00 Lhat=0.0000000000e+00
KNUTH_SUBTREE root=3066 depth=28 w=1.6266537401e+36 Shat=1.0000000000e+00 Lhat=0.0000000000e+00
KNUTH_SUBTREE root=3067 depth=28 w=9.3735633918e+38 Shat=1.0000000000e+00 Lhat=0.0000000000e+00
KNUTH_SUBTREE root=3068 depth=28 w=7.2403846814e+38 Shat=3.0000000000e+00 Lhat=0.0000000000e+00
KNUTH_SUBTREE root=3069 depth=28 w=5.1431778271e+38 Shat=5.1302000000e+01 Lhat=0.0000000000e+00
KNUTH_SUBTREE root=3070 depth=28 w=1.3218481080e+39 Shat=7.0000000000e+00 Lhat=0.0000000000e+00
KNUTH_SUBTREE root=3071 depth=28 w=1.3016813174e+38 Shat=1.4964000000e+01 Lhat=0.0000000000e+00
KNUTH_SUBTREE root=3072 depth=28 w=4.4942266784e+38 Shat=2.0962000000e+01 Lhat=0.0000000000e+00
KNUTH_SUBTREE root=3073 depth=28 w=9.4852651046e+38 Shat=1.0952000000e+01 Lhat=0.0000000000e+00
KNUTH_SUBTREE root=3074 depth=28 w=1.5449117258e+38 Shat=3.0000000000e+00 Lhat=0.0000000000e+00
KNUTH_SUBTREE root=3075 depth=28 w=2.5988140675e+39 Shat=4.8064000000e+01 Lhat=0.0000000000e+00
KNUTH_SUBTREE root=3076 depth=28 w=1.8935688320e+38 Shat=3.0000000000e+00 Lhat=0.0000000000e+00
KNUTH_SUBTREE root=3077 depth=28 w=1.1181786910e+39 Shat=5.9590000000e+00 Lhat=0.0000000000e+00
KNUTH_SUBTREE root=3078 depth=28 w=3.2260930155e+36 Shat=1.0000000000e+00 Lhat=0.0000000000e+00
KNUTH_SUBTREE root=3079 depth=28 w=4.0326034068e+37 Shat=1.6000000000e+01 Lhat=0.0000000000e+00
KNUTH_SUBTREE root=3080 depth=28 w=3.1223471838e+38 Shat=4.0000000000e+00 Lhat=0.0000000000e+00
KNUTH_SUBTREE root=3081 depth=28 w=8.7094383806e+37 Shat=1.0000000000e+00 Lhat=0.0000000000e+00
KNUTH_SUBTREE root=3082 depth=28 w=2.1875119317e+38 Shat=3.4775000000e+01 Lhat=0.0000000000e+00
KNUTH_SUBTREE root=3083 depth=28 w=1.1701916314e+38 Shat=8.8400000000e+00 Lhat=0.0000000000e+00
KNUTH_SUBTREE root=3084 depth=28 w=4.0485218080e+37 Shat=1.0850400000e+02 Lhat=0.0000000000e+00
KNUTH_SUBTREE root=3085 depth=28 w=1.0405958615e+39 Shat=6.0250000000e+00 Lhat=0.0000000000e+00
KNUTH_SUBTREE root=3086 depth=28 w=5.6576946062e+37 Shat=1.0000000000e+00 Lhat=0.0000000000e+00
KNUTH_SUBTREE root=3087 depth=28 w=3.0024339779e+38 Shat=6.3020000000e+01 Lhat=0.0000000000e+00
KNUTH_SUBTREE root=3088 depth=28 w=2.4129160519e+39 Shat=3.3361000000e+01 Lhat=0.0000000000e+00
KNUTH_SUBTREE root=3089 depth=28 w=1.8507943685e+39 Shat=1.2879000000e+01 Lhat=0.0000000000e+00
KNUTH_SUBTREE root=3090 depth=28 w=2.5538940048e+38 Shat=3.0000000000e+00 Lhat=0.0000000000e+00
KNUTH_SUBTREE root=3091 depth=28 w=8.5146620698e+38 Shat=1.3000000000e+01 Lhat=0.0000000000e+00
KNUTH_SUBTREE root=3092 depth=28 w=1.1839658223e+39 Shat=2.4600000000e+01 Lhat=0.0000000000e+00
KNUTH_SUBTREE root=3093 depth=28 w=5.6869483857e+38 Shat=8.7202000000e+01 Lhat=0.0000000000e+00
KNUTH_SUBTREE root=3094 depth=28 w=2.6904585708e+39 Shat=1.0000000000e+01 Lhat=0.0000000000e+00
KNUTH_SUBTREE root=3095 depth=28 w=2.4245117971e+38 Shat=6.3496000000e+01 Lhat=0.0000000000e+00
KNUTH_SUBTREE root=3096 depth=28 w=1.5506057994e+39 Shat=6.0000000000e+00 Lhat=0.0000000000e+00
KNUTH_SUBTREE root=3097 depth=28 w=2.7886953554e+38 Shat=8.9214000000e+01 Lhat=0.0000000000e+00
KNUTH_SUBTREE root=3098 depth=28 w=1.8580113302e+39 Shat=1.1000000000e+01 Lhat=0.0000000000e+00
KNUTH_SUBTREE root=3099 depth=28 w=0 Shat=0 Lhat=0 dead=1
KNUTH_SUBTREE root=3100 depth=28 w=7.0003288893e+37 Shat=3.0000000000e+00 Lhat=0.0000000000e+00
KNUTH_SUBTREE root=3101 depth=28 w=2.0478688783e+39 Shat=5.0000000000e+00 Lhat=0.0000000000e+00
KNUTH_SUBTREE root=3102 depth=28 w=1.0729860898e+39 Shat=3.8332000000e+01 Lhat=0.0000000000e+00
KNUTH_SUBTREE root=3103 depth=28 w=3.0561641195e+39 Shat=8.9000000000e+00 Lhat=0.0000000000e+00
KNUTH_SUBTREE root=3104 depth=28 w=1.4776684907e+38 Shat=1.0000000000e+00 Lhat=0.0000000000e+00
KNUTH_SUBTREE root=3105 depth=28 w=1.9886867842e+37 Shat=2.0000000000e+00 Lhat=0.0000000000e+00
KNUTH_SUBTREE root=3106 depth=28 w=4.1798366121e+37 Shat=3.0000000000e+00 Lhat=0.0000000000e+00
KNUTH_SUBTREE root=3107 depth=28 w=1.9171336495e+38 Shat=1.1050000000e+01 Lhat=0.0000000000e+00
KNUTH_SUBTREE root=3108 depth=28 w=2.4422811765e+38 Shat=1.6996000000e+01 Lhat=0.0000000000e+00
KNUTH_SUBTREE root=3109 depth=28 w=3.7608253934e+38 Shat=1.0020000000e+01 Lhat=0.0000000000e+00
KNUTH_SUBTREE root=3110 depth=28 w=4.8030524282e+38 Shat=3.4516000000e+01 Lhat=0.0000000000e+00
KNUTH_SUBTREE root=3111 depth=28 w=6.7059505150e+37 Shat=1.0000000000e+00 Lhat=0.0000000000e+00
KNUTH_SUBTREE root=3112 depth=28 w=2.1108208459e+39 Shat=5.1325000000e+01 Lhat=0.0000000000e+00
KNUTH_SUBTREE root=3113 depth=28 w=8.5158634527e+38 Shat=8.0134000000e+01 Lhat=0.0000000000e+00
KNUTH_SUBTREE root=3114 depth=28 w=1.2138626679e+38 Shat=4.0000000000e+00 Lhat=0.0000000000e+00
KNUTH_SUBTREE root=3115 depth=28 w=1.6565001295e+36 Shat=1.0000000000e+00 Lhat=0.0000000000e+00
KNUTH_SUBTREE root=3116 depth=28 w=3.0313975164e+37 Shat=1.0000000000e+00 Lhat=0.0000000000e+00
KNUTH_SUBTREE root=3117 depth=28 w=1.7076457941e+39 Shat=6.5428000000e+01 Lhat=0.0000000000e+00
KNUTH_SUBTREE root=3118 depth=28 w=1.9830529871e+39 Shat=7.9060000000e+00 Lhat=0.0000000000e+00
KNUTH_SUBTREE root=3119 depth=28 w=0 Shat=0 Lhat=0 dead=1
KNUTH_SUBTREE root=3120 depth=28 w=5.4333051240e+38 Shat=3.0000000000e+00 Lhat=0.0000000000e+00
KNUTH_SUBTREE root=3121 depth=28 w=3.5827491731e+38 Shat=9.0688000000e+01 Lhat=0.0000000000e+00
KNUTH_SUBTREE root=3122 depth=28 w=3.4599054810e+38 Shat=4.0630000000e+01 Lhat=0.0000000000e+00
KNUTH_SUBTREE root=3123 depth=28 w=2.7801941051e+37 Shat=3.0000000000e+00 Lhat=0.0000000000e+00
KNUTH_SUBTREE root=3124 depth=28 w=0 Shat=0 Lhat=0 dead=1
KNUTH_SUBTREE root=3125 depth=28 w=4.4458027919e+37 Shat=1.0000000000e+00 Lhat=0.0000000000e+00
KNUTH_SUBTREE root=3126 depth=28 w=8.3838489788e+36 Shat=1.0000000000e+00 Lhat=0.0000000000e+00
KNUTH_SUBTREE root=3127 depth=28 w=3.1547405420e+39 Shat=5.2104000000e+01 Lhat=0.0000000000e+00
KNUTH_SUBTREE root=3128 depth=28 w=1.2713589343e+39 Shat=2.1016000000e+01 Lhat=0.0000000000e+00
KNUTH_SUBTREE root=3129 depth=28 w=8.4866156257e+37 Shat=9.0000000000e+00 Lhat=0.0000000000e+00
KNUTH_SUBTREE root=3130 depth=28 w=7.2658031887e+38 Shat=2.0000000000e+00 Lhat=0.0000000000e+00
KNUTH_SUBTREE root=3131 depth=28 w=3.4781478068e+38 Shat=1.0896000000e+01 Lhat=0.0000000000e+00
KNUTH_SUBTREE root=3132 depth=28 w=3.1035746446e+38 Shat=1.0000000000e+00 Lhat=0.0000000000e+00
KNUTH_SUBTREE root=3133 depth=28 w=1.9953176360e+38 Shat=1.9000000000e+01 Lhat=0.0000000000e+00
KNUTH_SUBTREE root=3134 depth=28 w=9.7772512310e+38 Shat=9.0490000000e+01 Lhat=0.0000000000e+00
KNUTH_SUBTREE root=3135 depth=28 w=6.0834054410e+38 Shat=3.8596000000e+01 Lhat=0.0000000000e+00
KNUTH_SUBTREE root=3136 depth=28 w=1.1399919248e+38 Shat=1.0000000000e+00 Lhat=0.0000000000e+00
KNUTH_SUBTREE root=3137 depth=28 w=9.1340374173e+38 Shat=2.7755000000e+01 Lhat=0.0000000000e+00
KNUTH_SUBTREE root=3138 depth=28 w=1.1361797177e+39 Shat=6.9570000000e+01 Lhat=0.0000000000e+00
KNUTH_SUBTREE root=3139 depth=28 w=2.3341895052e+38 Shat=8.8800000000e+00 Lhat=0.0000000000e+00
KNUTH_SUBTREE root=3140 depth=28 w=1.4028965565e+37 Shat=1.0000000000e+00 Lhat=0.0000000000e+00
KNUTH_SUBTREE root=3141 depth=28 w=0 Shat=0 Lhat=0 dead=1
KNUTH_SUBTREE root=3142 depth=28 w=2.7646344840e+39 Shat=9.0000000000e+00 Lhat=0.0000000000e+00
KNUTH_SUBTREE root=3143 depth=28 w=5.8030529318e+37 Shat=3.0000000000e+00 Lhat=0.0000000000e+00
KNUTH_SUBTREE root=3144 depth=28 w=2.4405820592e+38 Shat=3.0000000000e+00 Lhat=0.0000000000e+00
KNUTH_SUBTREE root=3145 depth=28 w=3.6712715452e+37 Shat=7.0000000000e+00 Lhat=0.0000000000e+00
KNUTH_SUBTREE root=3146 depth=28 w=4.0913505009e+38 Shat=5.3430000000e+01 Lhat=0.0000000000e+00
KNUTH_SUBTREE root=3147 depth=28 w=3.2965885932e+39 Shat=2.0000000000e+00 Lhat=0.0000000000e+00
KNUTH_SUBTREE root=3148 depth=28 w=1.3708740306e+39 Shat=3.0000000000e+00 Lhat=0.0000000000e+00
KNUTH_SUBTREE root=3149 depth=28 w=9.6790982165e+38 Shat=3.0000000000e+00 Lhat=0.0000000000e+00
KNUTH_SUBTREE root=3150 depth=28 w=0 Shat=0 Lhat=0 dead=1
KNUTH_SUBTREE root=3151 depth=28 w=8.9339740369e+34 Shat=1.0000000000e+00 Lhat=0.0000000000e+00
KNUTH_SUBTREE root=3152 depth=28 w=3.4543888971e+39 Shat=4.1390000000e+01 Lhat=0.0000000000e+00
KNUTH_SUBTREE root=3153 depth=28 w=5.3142068740e+37 Shat=1.0000000000e+00 Lhat=0.0000000000e+00
KNUTH_SUBTREE root=3154 depth=28 w=1.3332632380e+39 Shat=1.3908000000e+01 Lhat=0.0000000000e+00
KNUTH_SUBTREE root=3155 depth=28 w=1.4732188480e+38 Shat=3.0000000000e+00 Lhat=0.0000000000e+00
KNUTH_SUBTREE root=3156 depth=28 w=2.6839493170e+37 Shat=1.0000000000e+00 Lhat=0.0000000000e+00
KNUTH_SUBTREE root=3157 depth=28 w=1.0331644329e+39 Shat=4.0000000000e+00 Lhat=0.0000000000e+00
KNUTH_SUBTREE root=3158 depth=28 w=1.7605319233e+38 Shat=1.3000000000e+01 Lhat=0.0000000000e+00
KNUTH_SUBTREE root=3159 depth=28 w=4.9107808656e+38 Shat=2.1000000000e+01 Lhat=0.0000000000e+00
KNUTH_SUBTREE root=3160 depth=28 w=3.3517347213e+37 Shat=1.5000000000e+01 Lhat=0.0000000000e+00
KNUTH_SUBTREE root=3161 depth=28 w=3.4835943626e+38 Shat=1.1036000000e+01 Lhat=0.0000000000e+00
KNUTH_SUBTREE root=3162 depth=28 w=2.8312407545e+39 Shat=3.9880000000e+01 Lhat=0.0000000000e+00
KNUTH_SUBTREE root=3163 depth=28 w=3.1169367825e+38 Shat=7.0000000000e+00 Lhat=0.0000000000e+00
KNUTH_SUBTREE root=3164 depth=28 w=2.2156424775e+39 Shat=4.0632000000e+01 Lhat=0.0000000000e+00
KNUTH_SUBTREE root=3165 depth=28 w=0 Shat=0 Lhat=0 dead=1
KNUTH_SUBTREE root=3166 depth=28 w=2.0057651032e+39 Shat=1.8175000000e+01 Lhat=0.0000000000e+00
KNUTH_SUBTREE root=3167 depth=28 w=2.7928445483e+38 Shat=1.0000000000e+00 Lhat=0.0000000000e+00
KNUTH_SUBTREE root=3168 depth=28 w=2.7869169909e+38 Shat=1.3000000000e+01 Lhat=0.0000000000e+00
KNUTH_SUBTREE root=3169 depth=28 w=8.5433795017e+37 Shat=3.0000000000e+00 Lhat=0.0000000000e+00
KNUTH_SUBTREE root=3170 depth=28 w=9.8189070319e+37 Shat=5.0000000000e+00 Lhat=0.0000000000e+00
KNUTH_SUBTREE root=3171 depth=28 w=2.7563370787e+37 Shat=3.0000000000e+00 Lhat=0.0000000000e+00
KNUTH_SUBTREE root=3172 depth=28 w=0 Shat=0 Lhat=0 dead=1
KNUTH_SUBTREE root=3173 depth=28 w=7.9484801470e+38 Shat=5.0000000000e+00 Lhat=0.0000000000e+00
KNUTH_SUBTREE root=3174 depth=28 w=2.2059874260e+38 Shat=6.0670000000e+00 Lhat=0.0000000000e+00
KNUTH_SUBTREE root=3175 depth=28 w=1.4660090317e+36 Shat=1.0000000000e+00 Lhat=0.0000000000e+00
KNUTH_SUBTREE root=3176 depth=28 w=1.0068286450e+39 Shat=1.2680000000e+01 Lhat=0.0000000000e+00
KNUTH_SUBTREE root=3177 depth=28 w=4.5987625318e+38 Shat=1.0000000000e+01 Lhat=0.0000000000e+00
KNUTH_SUBTREE root=3178 depth=28 w=1.4129747371e+39 Shat=4.7088000000e+01 Lhat=0.0000000000e+00
KNUTH_SUBTREE root=3179 depth=28 w=2.0190318024e+39 Shat=4.2994000000e+01 Lhat=0.0000000000e+00
KNUTH_SUBTREE root=3180 depth=28 w=2.8821992180e+37 Shat=1.0936000000e+01 Lhat=0.0000000000e+00
KNUTH_SUBTREE root=3181 depth=28 w=1.7816984400e+38 Shat=4.0020000000e+00 Lhat=0.0000000000e+00
KNUTH_SUBTREE root=3182 depth=28 w=1.6914479069e+39 Shat=5.0385000000e+01 Lhat=0.0000000000e+00
KNUTH_SUBTREE root=3183 depth=28 w=4.2369742180e+38 Shat=4.0000000000e+00 Lhat=0.0000000000e+00
KNUTH_SUBTREE root=3184 depth=28 w=1.9339318463e+38 Shat=1.3000000000e+01 Lhat=0.0000000000e+00
KNUTH_SUBTREE root=3185 depth=28 w=3.9939692888e+38 Shat=2.3690000000e+01 Lhat=0.0000000000e+00
KNUTH_SUBTREE root=3186 depth=28 w=1.0316466344e+39 Shat=7.0552000000e+01 Lhat=0.0000000000e+00
KNUTH_SUBTREE root=3187 depth=28 w=2.5218685950e+38 Shat=4.0000000000e+00 Lhat=0.0000000000e+00
KNUTH_SUBTREE root=3188 depth=28 w=3.0561891666e+39 Shat=1.9020000000e+02 Lhat=0.0000000000e+00
KNUTH_SUBTREE root=3189 depth=28 w=5.5922643190e+38 Shat=7.9000000000e+00 Lhat=0.0000000000e+00
KNUTH_SUBTREE root=3190 depth=28 w=2.0142190895e+38 Shat=1.9220000000e+01 Lhat=0.0000000000e+00
KNUTH_SUBTREE root=3191 depth=28 w=3.0266460718e+38 Shat=3.9760000000e+00 Lhat=0.0000000000e+00
KNUTH_SUBTREE root=3192 depth=28 w=1.3538551076e+39 Shat=4.8380000000e+01 Lhat=0.0000000000e+00
KNUTH_SUBTREE root=3193 depth=28 w=1.6504173545e+37 Shat=1.0000000000e+01 Lhat=0.0000000000e+00
KNUTH_SUBTREE root=3194 depth=28 w=4.3598413987e+37 Shat=3.0000000000e+00 Lhat=0.0000000000e+00
KNUTH_SUBTREE root=3195 depth=28 w=3.0054881359e+38 Shat=1.9718000000e+01 Lhat=0.0000000000e+00
KNUTH_SUBTREE root=3196 depth=28 w=1.0032623793e+39 Shat=7.3240000000e+01 Lhat=0.0000000000e+00
KNUTH_SUBTREE root=3197 depth=28 w=4.2834601226e+38 Shat=5.3060000000e+01 Lhat=0.0000000000e+00
KNUTH_SUBTREE root=3198 depth=28 w=1.9046415201e+38 Shat=1.3892000000e+01 Lhat=0.0000000000e+00
KNUTH_SUBTREE root=3199 depth=28 w=8.5831754939e+38 Shat=1.4156000000e+02 Lhat=0.0000000000e+00
KNUTH_SUBTREE root=3200 depth=28 w=5.6980871838e+37 Shat=1.0000000000e+00 Lhat=0.0000000000e+00
KNUTH_SUBTREE root=3201 depth=28 w=1.6861389505e+38 Shat=1.0405000000e+02 Lhat=0.0000000000e+00
KNUTH_SUBTREE root=3202 depth=28 w=2.8367446297e+38 Shat=1.0000000000e+00 Lhat=0.0000000000e+00
KNUTH_SUBTREE root=3203 depth=28 w=1.1584874868e+39 Shat=4.3880000000e+01 Lhat=0.0000000000e+00
KNUTH_SUBTREE root=3204 depth=28 w=1.3144726782e+38 Shat=3.0000000000e+00 Lhat=0.0000000000e+00
KNUTH_SUBTREE root=3205 depth=28 w=4.2515352463e+38 Shat=1.8353000000e+01 Lhat=0.0000000000e+00
KNUTH_SUBTREE root=3206 depth=28 w=2.3741548221e+37 Shat=3.0000000000e+00 Lhat=0.0000000000e+00
KNUTH_SUBTREE root=3207 depth=28 w=3.3308827810e+38 Shat=2.0000000000e+00 Lhat=0.0000000000e+00
KNUTH_SUBTREE root=3208 depth=28 w=1.8924683521e+39 Shat=1.4676800000e+02 Lhat=0.0000000000e+00
KNUTH_SUBTREE root=3209 depth=28 w=6.9623927894e+37 Shat=4.0000000000e+00 Lhat=0.0000000000e+00
KNUTH_SUBTREE root=3210 depth=28 w=1.8369821365e+39 Shat=1.1118700000e+02 Lhat=0.0000000000e+00
KNUTH_SUBTREE root=3211 depth=28 w=6.7123290631e+38 Shat=5.4228000000e+01 Lhat=0.0000000000e+00
KNUTH_SUBTREE root=3212 depth=28 w=4.1443537372e+38 Shat=7.0000000000e+00 Lhat=0.0000000000e+00
KNUTH_SUBTREE root=3213 depth=28 w=3.1415270069e+39 Shat=7.0000000000e+00 Lhat=0.0000000000e+00
KNUTH_SUBTREE root=3214 depth=28 w=3.0755361923e+39 Shat=1.3000000000e+01 Lhat=0.0000000000e+00
KNUTH_SUBTREE root=3215 depth=28 w=2.2044817795e+39 Shat=2.6359000000e+01 Lhat=0.0000000000e+00
KNUTH_SUBTREE root=3216 depth=28 w=2.8342883604e+38 Shat=3.0000000000e+00 Lhat=0.0000000000e+00
KNUTH_SUBTREE root=3217 depth=28 w=4.3979284694e+37 Shat=7.9540000000e+00 Lhat=0.0000000000e+00
KNUTH_SUBTREE root=3218 depth=28 w=1.3527725805e+36 Shat=3.0000000000e+00 Lhat=0.0000000000e+00
KNUTH_SUBTREE root=3219 depth=28 w=2.7500439485e+39 Shat=2.5375000000e+01 Lhat=0.0000000000e+00
KNUTH_SUBTREE root=3220 depth=28 w=3.3756090355e+38 Shat=3.7876000000e+01 Lhat=0.0000000000e+00
KNUTH_SUBTREE root=3221 depth=28 w=6.6823982020e+38 Shat=6.9488000000e+01 Lhat=0.0000000000e+00
KNUTH_SUBTREE root=3222 depth=28 w=3.0653798676e+37 Shat=1.0000000000e+00 Lhat=0.0000000000e+00
KNUTH_SUBTREE root=3223 depth=28 w=3.3071291842e+38 Shat=1.3000000000e+01 Lhat=0.0000000000e+00
KNUTH_SUBTREE root=3224 depth=28 w=8.0175583002e+38 Shat=1.0932000000e+01 Lhat=0.0000000000e+00
KNUTH_SUBTREE root=3225 depth=28 w=1.4769813044e+38 Shat=3.0000000000e+00 Lhat=0.0000000000e+00
KNUTH_SUBTREE root=3226 depth=28 w=5.8819125215e+38 Shat=4.0000000000e+00 Lhat=0.0000000000e+00
KNUTH_SUBTREE root=3227 depth=28 w=7.8705822181e+37 Shat=4.0000000000e+00 Lhat=0.0000000000e+00
KNUTH_SUBTREE root=3228 depth=28 w=1.1993060299e+39 Shat=7.5250000000e+01 Lhat=0.0000000000e+00
KNUTH_SUBTREE root=3229 depth=28 w=7.2144684858e+38 Shat=1.6130000000e+01 Lhat=0.0000000000e+00
KNUTH_SUBTREE root=3230 depth=28 w=2.6739991203e+39 Shat=4.5442000000e+01 Lhat=0.0000000000e+00
KNUTH_SUBTREE root=3231 depth=28 w=4.7583839686e+38 Shat=2.6636000000e+01 Lhat=0.0000000000e+00
KNUTH_SUBTREE root=3232 depth=28 w=3.0750446514e+37 Shat=4.0000000000e+00 Lhat=0.0000000000e+00
KNUTH_SUBTREE root=3233 depth=28 w=1.9188548651e+37 Shat=2.0000000000e+00 Lhat=0.0000000000e+00
KNUTH_SUBTREE root=3234 depth=28 w=7.2954345015e+37 Shat=5.0680000000e+01 Lhat=0.0000000000e+00
KNUTH_SUBTREE root=3235 depth=28 w=7.1636618291e+38 Shat=1.1056000000e+01 Lhat=0.0000000000e+00
KNUTH_SUBTREE root=3236 depth=28 w=3.8194871324e+38 Shat=5.9470000000e+00 Lhat=0.0000000000e+00
KNUTH_SUBTREE root=3237 depth=28 w=2.2455154663e+37 Shat=5.0000000000e+00 Lhat=0.0000000000e+00
KNUTH_SUBTREE root=3238 depth=28 w=4.3202213724e+38 Shat=5.4672000000e+01 Lhat=0.0000000000e+00
KNUTH_SUBTREE root=3239 depth=28 w=6.1125264941e+38 Shat=3.0000000000e+00 Lhat=0.0000000000e+00
KNUTH_SUBTREE root=3240 depth=28 w=1.3308985041e+38 Shat=9.9840000000e+00 Lhat=0.0000000000e+00
KNUTH_SUBTREE root=3241 depth=28 w=1.5511912813e+38 Shat=7.4535000000e+01 Lhat=0.0000000000e+00
KNUTH_SUBTREE root=3242 depth=28 w=1.9931165213e+38 Shat=3.0000000000e+00 Lhat=0.0000000000e+00
KNUTH_SUBTREE root=3243 depth=28 w=8.1379362732e+38 Shat=1.5880000000e+01 Lhat=0.0000000000e+00
KNUTH_SUBTREE root=3244 depth=28 w=0 Shat=0 Lhat=0 dead=1
KNUTH_SUBTREE root=3245 depth=28 w=9.3446098993e+38 Shat=5.4856000000e+01 Lhat=0.0000000000e+00
KNUTH_SUBTREE root=3246 depth=28 w=2.8289524008e+38 Shat=3.0000000000e+00 Lhat=0.0000000000e+00
KNUTH_SUBTREE root=3247 depth=28 w=2.1313403690e+38 Shat=1.1156000000e+01 Lhat=0.0000000000e+00
KNUTH_SUBTREE root=3248 depth=28 w=1.2580131878e+38 Shat=1.0788000000e+01 Lhat=0.0000000000e+00
KNUTH_SUBTREE root=3249 depth=28 w=9.9378878592e+38 Shat=3.0000000000e+00 Lhat=0.0000000000e+00
KNUTH_SUBTREE root=3250 depth=28 w=4.6404670345e+38 Shat=1.9975000000e+01 Lhat=0.0000000000e+00
KNUTH_SUBTREE root=3251 depth=28 w=4.8427133568e+37 Shat=3.0000000000e+00 Lhat=0.0000000000e+00
KNUTH_SUBTREE root=3252 depth=28 w=8.6661429054e+38 Shat=5.8060000000e+01 Lhat=0.0000000000e+00
KNUTH_SUBTREE root=3253 depth=28 w=1.4117741739e+39 Shat=2.0000000000e+00 Lhat=0.0000000000e+00
KNUTH_SUBTREE root=3254 depth=28 w=2.0199765389e+38 Shat=1.0000000000e+00 Lhat=0.0000000000e+00
KNUTH_SUBTREE root=3255 depth=28 w=2.0681175210e+36 Shat=1.0000000000e+00 Lhat=0.0000000000e+00
KNUTH_SUBTREE root=3256 depth=28 w=4.1592661725e+37 Shat=5.0000000000e+00 Lhat=0.0000000000e+00
KNUTH_SUBTREE root=3257 depth=28 w=1.3614066715e+38 Shat=3.0000000000e+00 Lhat=0.0000000000e+00
KNUTH_SUBTREE root=3258 depth=28 w=6.4712563713e+37 Shat=1.0000000000e+00 Lhat=0.0000000000e+00
KNUTH_SUBTREE root=3259 depth=28 w=2.4792989256e+39 Shat=1.0000000000e+00 Lhat=0.0000000000e+00
KNUTH_SUBTREE root=3260 depth=28 w=2.0669671493e+38 Shat=2.3904000000e+01 Lhat=0.0000000000e+00
KNUTH_SUBTREE root=3261 depth=28 w=1.2372371072e+39 Shat=1.1335000000e+01 Lhat=0.0000000000e+00
KNUTH_SUBTREE root=3262 depth=28 w=5.7697265656e+38 Shat=1.0000000000e+00 Lhat=0.0000000000e+00
KNUTH_SUBTREE root=3263 depth=28 w=3.2772890824e+38 Shat=2.9192000000e+01 Lhat=0.0000000000e+00
KNUTH_SUBTREE root=3264 depth=28 w=2.8932541213e+39 Shat=7.9840000000e+00 Lhat=0.0000000000e+00
KNUTH_SUBTREE root=3265 depth=28 w=5.0744141952e+38 Shat=1.9424000000e+01 Lhat=0.0000000000e+00
KNUTH_SUBTREE root=3266 depth=28 w=1.2591350191e+39 Shat=1.3000000000e+01 Lhat=0.0000000000e+00
KNUTH_SUBTREE root=3267 depth=28 w=7.7451980345e+38 Shat=3.0000000000e+00 Lhat=0.0000000000e+00
KNUTH_SUBTREE root=3268 depth=28 w=2.2011276226e+39 Shat=6.7087000000e+01 Lhat=0.0000000000e+00
KNUTH_SUBTREE root=3269 depth=28 w=1.9818783512e+39 Shat=9.7368000000e+01 Lhat=0.0000000000e+00
KNUTH_SUBTREE root=3270 depth=28 w=2.4286049415e+38 Shat=2.0000000000e+00 Lhat=0.0000000000e+00
KNUTH_SUBTREE root=3271 depth=28 w=1.5559000091e+39 Shat=3.0000000000e+00 Lhat=0.0000000000e+00
KNUTH_SUBTREE root=3272 depth=28 w=2.0214788428e+38 Shat=1.3000000000e+01 Lhat=0.0000000000e+00
KNUTH_SUBTREE root=3273 depth=28 w=1.8762903801e+38 Shat=1.3000000000e+01 Lhat=0.0000000000e+00
KNUTH_SUBTREE root=3274 depth=28 w=2.7163432958e+38 Shat=1.2132000000e+01 Lhat=0.0000000000e+00
KNUTH_SUBTREE root=3275 depth=28 w=6.6680328428e+37 Shat=2.0000000000e+00 Lhat=0.0000000000e+00
KNUTH_SUBTREE root=3276 depth=28 w=2.1161308392e+38 Shat=3.1000000000e+01 Lhat=0.0000000000e+00
KNUTH_SUBTREE root=3277 depth=28 w=6.9945182592e+38 Shat=1.0000000000e+00 Lhat=0.0000000000e+00
KNUTH_SUBTREE root=3278 depth=28 w=2.0783751105e+37 Shat=3.0000000000e+00 Lhat=0.0000000000e+00
KNUTH_SUBTREE root=3279 depth=28 w=3.9897495233e+38 Shat=2.1000000000e+01 Lhat=0.0000000000e+00
KNUTH_SUBTREE root=3280 depth=28 w=7.2054122485e+38 Shat=7.9920000000e+00 Lhat=0.0000000000e+00
KNUTH_SUBTREE root=3281 depth=28 w=1.9029847504e+38 Shat=1.2956000000e+01 Lhat=0.0000000000e+00
KNUTH_SUBTREE root=3282 depth=28 w=2.2033630891e+38 Shat=1.3096000000e+01 Lhat=0.0000000000e+00
KNUTH_SUBTREE root=3283 depth=28 w=2.6730408557e+38 Shat=2.0000000000e+00 Lhat=0.0000000000e+00
KNUTH_SUBTREE root=3284 depth=28 w=0 Shat=0 Lhat=0 dead=1
KNUTH_SUBTREE root=3285 depth=28 w=2.1692882599e+38 Shat=6.4434000000e+01 Lhat=0.0000000000e+00
KNUTH_SUBTREE root=3286 depth=28 w=1.9359122586e+39 Shat=1.1732600000e+02 Lhat=2.5802000000e+01
KNUTH_SUBTREE root=3287 depth=28 w=3.1618688457e+39 Shat=1.0535600000e+02 Lhat=0.0000000000e+00
KNUTH_SUBTREE root=3288 depth=28 w=8.8851950041e+37 Shat=7.0000000000e+00 Lhat=0.0000000000e+00
KNUTH_SUBTREE root=3289 depth=28 w=4.2485885054e+38 Shat=1.3000000000e+01 Lhat=0.0000000000e+00
KNUTH_SUBTREE root=3290 depth=28 w=1.5496645662e+38 Shat=3.0000000000e+00 Lhat=0.0000000000e+00
KNUTH_SUBTREE root=3291 depth=28 w=6.2465188596e+38 Shat=1.1376300000e+02 Lhat=0.0000000000e+00
KNUTH_SUBTREE root=3292 depth=28 w=4.0158029718e+38 Shat=3.0000000000e+00 Lhat=0.0000000000e+00
KNUTH_SUBTREE root=3293 depth=28 w=3.7854496148e+37 Shat=1.0000000000e+00 Lhat=0.0000000000e+00
KNUTH_SUBTREE root=3294 depth=28 w=8.7702973564e+37 Shat=3.0000000000e+00 Lhat=0.0000000000e+00
KNUTH_SUBTREE root=3295 depth=28 w=5.4428661055e+38 Shat=7.0680000000e+00 Lhat=0.0000000000e+00
KNUTH_SUBTREE root=3296 depth=28 w=6.5994408897e+38 Shat=9.9850000000e+00 Lhat=0.0000000000e+00
KNUTH_SUBTREE root=3297 depth=28 w=7.7607438632e+38 Shat=5.7352000000e+01 Lhat=0.0000000000e+00
KNUTH_SUBTREE root=3298 depth=28 w=3.1870780261e+38 Shat=8.1610000000e+01 Lhat=0.0000000000e+00
KNUTH_SUBTREE root=3299 depth=28 w=0 Shat=0 Lhat=0 dead=1
KNUTH_SUBTREE root=3300 depth=28 w=1.3155514170e+37 Shat=1.0000000000e+00 Lhat=0.0000000000e+00
KNUTH_SUBTREE root=3301 depth=28 w=8.4726036933e+38 Shat=1.0000000000e+01 Lhat=0.0000000000e+00
KNUTH_SUBTREE root=3302 depth=28 w=1.3342590643e+38 Shat=2.7067000000e+01 Lhat=0.0000000000e+00
KNUTH_SUBTREE root=3303 depth=28 w=4.2258928398e+37 Shat=1.3000000000e+01 Lhat=0.0000000000e+00
KNUTH_SUBTREE root=3304 depth=28 w=4.8077359785e+38 Shat=3.1768800000e+02 Lhat=0.0000000000e+00
KNUTH_SUBTREE root=3305 depth=28 w=3.0793210787e+38 Shat=1.0000000000e+00 Lhat=0.0000000000e+00
KNUTH_SUBTREE root=3306 depth=28 w=5.4411374153e+38 Shat=3.0232000000e+01 Lhat=0.0000000000e+00
KNUTH_SUBTREE root=3307 depth=28 w=4.0281604207e+38 Shat=1.0000000000e+00 Lhat=0.0000000000e+00
KNUTH_SUBTREE root=3308 depth=28 w=0 Shat=0 Lhat=0 dead=1
KNUTH_SUBTREE root=3309 depth=28 w=1.7642431206e+38 Shat=3.0000000000e+00 Lhat=0.0000000000e+00
KNUTH_SUBTREE root=3310 depth=28 w=1.5433509454e+35 Shat=3.0000000000e+00 Lhat=0.0000000000e+00
KNUTH_SUBTREE root=3311 depth=28 w=1.6666792198e+38 Shat=6.3573000000e+01 Lhat=0.0000000000e+00
KNUTH_SUBTREE root=3312 depth=28 w=8.7116665495e+37 Shat=2.0000000000e+00 Lhat=0.0000000000e+00
KNUTH_SUBTREE root=3313 depth=28 w=2.4029246070e+39 Shat=7.5536000000e+01 Lhat=0.0000000000e+00
KNUTH_SUBTREE root=3314 depth=28 w=0 Shat=0 Lhat=0 dead=1
KNUTH_SUBTREE root=3315 depth=28 w=0 Shat=0 Lhat=0 dead=1
KNUTH_SUBTREE root=3316 depth=28 w=9.7369028325e+38 Shat=9.0640000000e+00 Lhat=0.0000000000e+00
KNUTH_SUBTREE root=3317 depth=28 w=3.7294998575e+38 Shat=8.6246000000e+01 Lhat=0.0000000000e+00
KNUTH_SUBTREE root=3318 depth=28 w=1.4621165788e+38 Shat=3.0000000000e+00 Lhat=0.0000000000e+00
KNUTH_SUBTREE root=3319 depth=28 w=1.7905029852e+39 Shat=1.0000000000e+00 Lhat=0.0000000000e+00
KNUTH_SUBTREE root=3320 depth=28 w=1.4532996560e+39 Shat=5.0000000000e+00 Lhat=0.0000000000e+00
KNUTH_SUBTREE root=3321 depth=28 w=3.6694259211e+38 Shat=1.0000000000e+00 Lhat=0.0000000000e+00
KNUTH_SUBTREE root=3322 depth=28 w=8.9082672364e+38 Shat=3.1156000000e+01 Lhat=0.0000000000e+00
KNUTH_SUBTREE root=3323 depth=28 w=1.0480594773e+38 Shat=8.8157000000e+01 Lhat=0.0000000000e+00
KNUTH_SUBTREE root=3324 depth=28 w=7.9487434075e+37 Shat=1.0000000000e+01 Lhat=0.0000000000e+00
KNUTH_SUBTREE root=3325 depth=28 w=2.1085952990e+37 Shat=3.0000000000e+00 Lhat=0.0000000000e+00
KNUTH_SUBTREE root=3326 depth=28 w=3.8567375145e+37 Shat=5.0000000000e+00 Lhat=0.0000000000e+00
KNUTH_SUBTREE root=3327 depth=28 w=1.2825311052e+38 Shat=3.0000000000e+00 Lhat=0.0000000000e+00
KNUTH_SUBTREE root=3328 depth=28 w=1.2677880674e+39 Shat=5.4310000000e+01 Lhat=0.0000000000e+00
KNUTH_SUBTREE root=3329 depth=28 w=0 Shat=0 Lhat=0 dead=1
KNUTH_SUBTREE root=3330 depth=28 w=1.4933540781e+38 Shat=2.0000000000e+00 Lhat=0.0000000000e+00
KNUTH_SUBTREE root=3331 depth=28 w=2.4568917955e+38 Shat=1.3006000000e+01 Lhat=0.0000000000e+00
KNUTH_SUBTREE root=3332 depth=28 w=1.7824594893e+39 Shat=4.0000000000e+00 Lhat=0.0000000000e+00
KNUTH_SUBTREE root=3333 depth=28 w=2.0309939031e+37 Shat=1.0000000000e+01 Lhat=0.0000000000e+00
KNUTH_SUBTREE root=3334 depth=28 w=2.3354185627e+39 Shat=7.0000000000e+00 Lhat=0.0000000000e+00
KNUTH_SUBTREE root=3335 depth=28 w=1.9465465640e+38 Shat=1.0000000000e+00 Lhat=0.0000000000e+00
KNUTH_SUBTREE root=3336 depth=28 w=4.2266828035e+38 Shat=5.0000000000e+00 Lhat=0.0000000000e+00
KNUTH_SUBTREE root=3337 depth=28 w=4.3417128661e+38 Shat=2.0000000000e+00 Lhat=0.0000000000e+00
KNUTH_SUBTREE root=3338 depth=28 w=1.2282557537e+39 Shat=2.4754000000e+01 Lhat=0.0000000000e+00
KNUTH_SUBTREE root=3339 depth=28 w=2.5479906168e+39 Shat=1.0704300000e+02 Lhat=1.3650000000e+01
KNUTH_SUBTREE root=3340 depth=28 w=0 Shat=0 Lhat=0 dead=1
KNUTH_SUBTREE root=3341 depth=28 w=2.6832806791e+35 Shat=1.0000000000e+00 Lhat=0.0000000000e+00
KNUTH_SUBTREE root=3342 depth=28 w=1.1394276613e+38 Shat=2.1877000000e+01 Lhat=0.0000000000e+00
KNUTH_SUBTREE root=3343 depth=28 w=3.2149490695e+38 Shat=1.0000000000e+00 Lhat=0.0000000000e+00
KNUTH_SUBTREE root=3344 depth=28 w=1.9814321129e+39 Shat=2.0000000000e+00 Lhat=0.0000000000e+00
KNUTH_SUBTREE root=3345 depth=28 w=8.6546634241e+37 Shat=3.0000000000e+00 Lhat=0.0000000000e+00
KNUTH_SUBTREE root=3346 depth=28 w=1.1440897528e+39 Shat=2.3212000000e+01 Lhat=0.0000000000e+00
KNUTH_SUBTREE root=3347 depth=28 w=1.0301856922e+38 Shat=4.0000000000e+00 Lhat=0.0000000000e+00
KNUTH_SUBTREE root=3348 depth=28 w=0 Shat=0 Lhat=0 dead=1
KNUTH_SUBTREE root=3349 depth=28 w=2.6179996907e+38 Shat=1.3000000000e+01 Lhat=0.0000000000e+00
KNUTH_SUBTREE root=3350 depth=28 w=1.9181383012e+38 Shat=9.0440000000e+00 Lhat=0.0000000000e+00
KNUTH_SUBTREE root=3351 depth=28 w=0 Shat=0 Lhat=0 dead=1
KNUTH_SUBTREE root=3352 depth=28 w=2.4016717085e+37 Shat=3.0000000000e+00 Lhat=0.0000000000e+00
KNUTH_SUBTREE root=3353 depth=28 w=8.1700366610e+37 Shat=3.0000000000e+00 Lhat=0.0000000000e+00
KNUTH_SUBTREE root=3354 depth=28 w=1.7537045691e+39 Shat=1.4080000000e+01 Lhat=0.0000000000e+00
KNUTH_SUBTREE root=3355 depth=28 w=8.5273973881e+38 Shat=1.1008000000e+01 Lhat=0.0000000000e+00
KNUTH_SUBTREE root=3356 depth=28 w=1.3026024722e+39 Shat=2.0000000000e+00 Lhat=0.0000000000e+00
KNUTH_SUBTREE root=3357 depth=28 w=4.0521003871e+38 Shat=7.1128000000e+01 Lhat=0.0000000000e+00
KNUTH_SUBTREE root=3358 depth=28 w=2.5730623788e+38 Shat=1.4968000000e+01 Lhat=0.0000000000e+00
KNUTH_SUBTREE root=3359 depth=28 w=2.5705952284e+38 Shat=7.0000000000e+00 Lhat=0.0000000000e+00
KNUTH_SUBTREE root=3360 depth=28 w=1.8348637055e+39 Shat=4.2364000000e+01 Lhat=0.0000000000e+00
KNUTH_SUBTREE root=3361 depth=28 w=2.0279742678e+38 Shat=4.7808000000e+01 Lhat=0.0000000000e+00
KNUTH_SUBTREE root=3362 depth=28 w=4.1665384477e+37 Shat=1.0000000000e+00 Lhat=0.0000000000e+00
KNUTH_SUBTREE root=3363 depth=28 w=2.4723358465e+38 Shat=5.6027000000e+01 Lhat=0.0000000000e+00
KNUTH_SUBTREE root=3364 depth=28 w=1.2162048965e+39 Shat=1.4146000000e+01 Lhat=0.0000000000e+00
KNUTH_SUBTREE root=3365 depth=28 w=6.5844170006e+38 Shat=1.1735200000e+02 Lhat=0.0000000000e+00
KNUTH_SUBTREE root=3366 depth=28 w=5.9625581076e+38 Shat=7.0000000000e+00 Lhat=0.0000000000e+00
KNUTH_SUBTREE root=3367 depth=28 w=1.3225738030e+38 Shat=3.0000000000e+00 Lhat=0.0000000000e+00
KNUTH_SUBTREE root=3368 depth=28 w=4.5122347209e+38 Shat=2.6146000000e+01 Lhat=0.0000000000e+00
KNUTH_SUBTREE root=3369 depth=28 w=2.1841335469e+38 Shat=1.0000000000e+00 Lhat=0.0000000000e+00
KNUTH_SUBTREE root=3370 depth=28 w=2.3008689457e+38 Shat=1.0000000000e+00 Lhat=0.0000000000e+00
KNUTH_SUBTREE root=3371 depth=28 w=7.1324910986e+37 Shat=3.0000000000e+00 Lhat=0.0000000000e+00
KNUTH_SUBTREE root=3372 depth=28 w=9.0207722845e+38 Shat=7.1600000000e+01 Lhat=0.0000000000e+00
KNUTH_SUBTREE root=3373 depth=28 w=1.7015700291e+38 Shat=1.0000000000e+00 Lhat=0.0000000000e+00
KNUTH_SUBTREE root=3374 depth=28 w=3.3103865842e+38 Shat=1.3000000000e+01 Lhat=0.0000000000e+00
KNUTH_SUBTREE root=3375 depth=28 w=6.0354753452e+37 Shat=1.0000000000e+00 Lhat=0.0000000000e+00
KNUTH_SUBTREE root=3376 depth=28 w=5.3492112885e+38 Shat=5.0000000000e+00 Lhat=0.0000000000e+00
KNUTH_SUBTREE root=3377 depth=28 w=1.9975702570e+38 Shat=6.2572000000e+01 Lhat=0.0000000000e+00
KNUTH_SUBTREE root=3378 depth=28 w=5.4815076619e+38 Shat=5.9880000000e+00 Lhat=0.0000000000e+00
KNUTH_SUBTREE root=3379 depth=28 w=6.5244191689e+38 Shat=1.3000000000e+01 Lhat=0.0000000000e+00
KNUTH_SUBTREE root=3380 depth=28 w=8.1583840354e+37 Shat=4.0000000000e+00 Lhat=0.0000000000e+00
KNUTH_SUBTREE root=3381 depth=28 w=9.8592353790e+38 Shat=3.4668000000e+01 Lhat=0.0000000000e+00
KNUTH_SUBTREE root=3382 depth=28 w=2.3543273378e+38 Shat=1.0000000000e+00 Lhat=0.0000000000e+00
KNUTH_SUBTREE root=3383 depth=28 w=2.5646905108e+37 Shat=1.0000000000e+00 Lhat=0.0000000000e+00
KNUTH_SUBTREE root=3384 depth=28 w=4.0978434846e+38 Shat=7.9220000000e+00 Lhat=0.0000000000e+00
KNUTH_SUBTREE root=3385 depth=28 w=9.5458287568e+38 Shat=1.0000000000e+01 Lhat=0.0000000000e+00
KNUTH_SUBTREE root=3386 depth=28 w=9.0698701167e+38 Shat=1.6000000000e+01 Lhat=0.0000000000e+00
KNUTH_SUBTREE root=3387 depth=28 w=9.1185153910e+36 Shat=1.0000000000e+00 Lhat=0.0000000000e+00
KNUTH_SUBTREE root=3388 depth=28 w=4.0474396191e+37 Shat=4.0000000000e+00 Lhat=0.0000000000e+00
KNUTH_SUBTREE root=3389 depth=28 w=2.6530029780e+38 Shat=2.1000000000e+01 Lhat=0.0000000000e+00
KNUTH_SUBTREE root=3390 depth=28 w=4.8572355007e+36 Shat=1.0000000000e+00 Lhat=0.0000000000e+00
KNUTH_SUBTREE root=3391 depth=28 w=1.8474491026e+38 Shat=1.4800000000e+01 Lhat=0.0000000000e+00
KNUTH_SUBTREE root=3392 depth=28 w=4.4367427412e+38 Shat=5.0000000000e+00 Lhat=0.0000000000e+00
KNUTH_SUBTREE root=3393 depth=28 w=3.5503027806e+38 Shat=6.0440000000e+00 Lhat=0.0000000000e+00
KNUTH_SUBTREE root=3394 depth=28 w=2.4105425079e+39 Shat=1.5096000000e+01 Lhat=0.0000000000e+00
KNUTH_SUBTREE root=3395 depth=28 w=1.2150233195e+39 Shat=3.9616000000e+01 Lhat=0.0000000000e+00
KNUTH_SUBTREE root=3396 depth=28 w=1.4917006139e+38 Shat=5.0000000000e+00 Lhat=0.0000000000e+00
KNUTH_SUBTREE root=3397 depth=28 w=6.1836152412e+38 Shat=5.5064000000e+01 Lhat=0.0000000000e+00
KNUTH_SUBTREE root=3398 depth=28 w=1.7956143234e+38 Shat=7.3162000000e+01 Lhat=0.0000000000e+00
KNUTH_SUBTREE root=3399 depth=28 w=5.3007493475e+38 Shat=1.2500000000e+02 Lhat=0.0000000000e+00
KNUTH_SUBTREE root=3400 depth=28 w=1.7230905334e+38 Shat=1.0000000000e+00 Lhat=0.0000000000e+00
KNUTH_SUBTREE root=3401 depth=28 w=0 Shat=0 Lhat=0 dead=1
KNUTH_SUBTREE root=3402 depth=28 w=1.9874850809e+38 Shat=5.0000000000e+00 Lhat=0.0000000000e+00
KNUTH_SUBTREE root=3403 depth=28 w=2.1148464396e+37 Shat=5.0000000000e+00 Lhat=0.0000000000e+00
KNUTH_SUBTREE root=3404 depth=28 w=2.6799788347e+39 Shat=5.2499000000e+01 Lhat=0.0000000000e+00
KNUTH_SUBTREE root=3405 depth=28 w=1.6839385079e+38 Shat=9.0000000000e+00 Lhat=0.0000000000e+00
KNUTH_SUBTREE root=3406 depth=28 w=1.5570709451e+39 Shat=1.2072000000e+01 Lhat=0.0000000000e+00
KNUTH_SUBTREE root=3407 depth=28 w=1.0014062125e+37 Shat=1.0000000000e+00 Lhat=0.0000000000e+00
KNUTH_SUBTREE root=3408 depth=28 w=1.6174692163e+38 Shat=4.2514000000e+01 Lhat=0.0000000000e+00
KNUTH_SUBTREE root=3409 depth=28 w=1.0930768994e+39 Shat=2.0000000000e+00 Lhat=0.0000000000e+00
KNUTH_SUBTREE root=3410 depth=28 w=1.0832427482e+38 Shat=2.0000000000e+00 Lhat=0.0000000000e+00
KNUTH_SUBTREE root=3411 depth=28 w=1.1605092249e+39 Shat=3.4192000000e+01 Lhat=0.0000000000e+00
KNUTH_SUBTREE root=3412 depth=28 w=2.5944397117e+38 Shat=1.3248000000e+01 Lhat=0.0000000000e+00
KNUTH_SUBTREE root=3413 depth=28 w=2.4162388700e+39 Shat=1.4244000000e+01 Lhat=0.0000000000e+00
KNUTH_SUBTREE root=3414 depth=28 w=3.3707929229e+38 Shat=4.0000000000e+00 Lhat=0.0000000000e+00
KNUTH_SUBTREE root=3415 depth=28 w=5.7405712124e+37 Shat=3.8972000000e+01 Lhat=0.0000000000e+00
KNUTH_SUBTREE root=3416 depth=28 w=3.9541175128e+38 Shat=1.5155000000e+01 Lhat=0.0000000000e+00
KNUTH_SUBTREE root=3417 depth=28 w=9.0016058615e+38 Shat=1.0968000000e+01 Lhat=0.0000000000e+00
KNUTH_SUBTREE root=3418 depth=28 w=1.4011224828e+39 Shat=4.0000000000e+00 Lhat=0.0000000000e+00
KNUTH_SUBTREE root=3419 depth=28 w=3.1763243134e+39 Shat=1.7560000000e+01 Lhat=0.0000000000e+00
KNUTH_SUBTREE root=3420 depth=28 w=1.2733261809e+39 Shat=3.8368000000e+01 Lhat=0.0000000000e+00
KNUTH_SUBTREE root=3421 depth=28 w=0 Shat=0 Lhat=0 dead=1
KNUTH_SUBTREE root=3422 depth=28 w=5.1032497651e+38 Shat=3.0000000000e+00 Lhat=0.0000000000e+00
KNUTH_SUBTREE root=3423 depth=28 w=5.7137616925e+36 Shat=1.0000000000e+00 Lhat=0.0000000000e+00
KNUTH_SUBTREE root=3424 depth=28 w=2.6945162878e+39 Shat=5.1408000000e+01 Lhat=0.0000000000e+00
KNUTH_SUBTREE root=3425 depth=28 w=1.7816114848e+38 Shat=4.5775000000e+01 Lhat=0.0000000000e+00
KNUTH_SUBTREE root=3426 depth=28 w=3.5307168595e+38 Shat=6.7480000000e+01 Lhat=0.0000000000e+00
KNUTH_SUBTREE root=3427 depth=28 w=4.4756044841e+36 Shat=1.0000000000e+00 Lhat=0.0000000000e+00
KNUTH_SUBTREE root=3428 depth=28 w=1.1629840986e+38 Shat=3.0000000000e+00 Lhat=0.0000000000e+00
KNUTH_SUBTREE root=3429 depth=28 w=7.9952067071e+38 Shat=7.0640000000e+00 Lhat=0.0000000000e+00
KNUTH_SUBTREE root=3430 depth=28 w=1.2570291396e+38 Shat=4.6744000000e+01 Lhat=0.0000000000e+00
KNUTH_SUBTREE root=3431 depth=28 w=7.5002002996e+38 Shat=5.9710000000e+00 Lhat=0.0000000000e+00
KNUTH_SUBTREE root=3432 depth=28 w=8.2926441327e+36 Shat=1.0000000000e+00 Lhat=0.0000000000e+00
KNUTH_SUBTREE root=3433 depth=28 w=7.0001127041e+38 Shat=5.7214000000e+01 Lhat=0.0000000000e+00
KNUTH_SUBTREE root=3434 depth=28 w=2.1221811676e+38 Shat=3.0000000000e+00 Lhat=0.0000000000e+00
KNUTH_SUBTREE root=3435 depth=28 w=1.3296127085e+39 Shat=6.0340000000e+00 Lhat=0.0000000000e+00
KNUTH_SUBTREE root=3436 depth=28 w=5.8322426818e+38 Shat=9.2250000000e+00 Lhat=0.0000000000e+00
KNUTH_SUBTREE root=3437 depth=28 w=2.8795991246e+38 Shat=4.1635000000e+01 Lhat=0.0000000000e+00
KNUTH_SUBTREE root=3438 depth=28 w=3.2799233640e+39 Shat=3.6660000000e+01 Lhat=0.0000000000e+00
KNUTH_SUBTREE root=3439 depth=28 w=9.3648759915e+38 Shat=7.9900000000e+00 Lhat=0.0000000000e+00
KNUTH_SUBTREE root=3440 depth=28 w=2.8814377886e+39 Shat=1.8840000000e+01 Lhat=0.0000000000e+00
KNUTH_SUBTREE root=3441 depth=28 w=5.8240892451e+37 Shat=1.0000000000e+00 Lhat=0.0000000000e+00
KNUTH_SUBTREE root=3442 depth=28 w=2.2725978580e+39 Shat=4.9880000000e+00 Lhat=0.0000000000e+00
KNUTH_SUBTREE root=3443 depth=28 w=3.6779077695e+37 Shat=9.0000000000e+00 Lhat=0.0000000000e+00
KNUTH_SUBTREE root=3444 depth=28 w=3.3752610133e+39 Shat=3.0000000000e+00 Lhat=0.0000000000e+00
KNUTH_SUBTREE root=3445 depth=28 w=3.4164864903e+38 Shat=2.0000000000e+00 Lhat=0.0000000000e+00
KNUTH_SUBTREE root=3446 depth=28 w=2.6801951046e+38 Shat=2.0000000000e+00 Lhat=0.0000000000e+00
KNUTH_SUBTREE root=3447 depth=28 w=4.1631686282e+37 Shat=1.0000000000e+00 Lhat=0.0000000000e+00
KNUTH_SUBTREE root=3448 depth=28 w=2.2563775614e+38 Shat=1.6000000000e+01 Lhat=0.0000000000e+00
KNUTH_SUBTREE root=3449 depth=28 w=4.4009290577e+38 Shat=3.0000000000e+00 Lhat=0.0000000000e+00
KNUTH_SUBTREE root=3450 depth=28 w=3.6220197348e+38 Shat=5.2060000000e+01 Lhat=0.0000000000e+00
KNUTH_SUBTREE root=3451 depth=28 w=6.2416939034e+38 Shat=4.0000000000e+00 Lhat=0.0000000000e+00
KNUTH_SUBTREE root=3452 depth=28 w=5.9319263898e+37 Shat=1.0000000000e+00 Lhat=0.0000000000e+00
KNUTH_SUBTREE root=3453 depth=28 w=3.8189988435e+37 Shat=2.0000000000e+00 Lhat=0.0000000000e+00
KNUTH_SUBTREE root=3454 depth=28 w=1.9448554229e+39 Shat=1.0716800000e+02 Lhat=0.0000000000e+00
KNUTH_SUBTREE root=3455 depth=28 w=0 Shat=0 Lhat=0 dead=1
KNUTH_SUBTREE root=3456 depth=28 w=4.3450924819e+38 Shat=1.6208000000e+01 Lhat=0.0000000000e+00
KNUTH_SUBTREE root=3457 depth=28 w=1.6680038577e+39 Shat=8.0260000000e+00 Lhat=0.0000000000e+00
KNUTH_SUBTREE root=3458 depth=28 w=2.6597659628e+39 Shat=8.0360000000e+00 Lhat=0.0000000000e+00
KNUTH_SUBTREE root=3459 depth=28 w=2.9969978101e+38 Shat=1.3048000000e+01 Lhat=0.0000000000e+00
KNUTH_SUBTREE root=3460 depth=28 w=9.6117413579e+38 Shat=3.0000000000e+00 Lhat=0.0000000000e+00
KNUTH_SUBTREE root=3461 depth=28 w=7.0878573379e+38 Shat=3.0000000000e+00 Lhat=0.0000000000e+00
KNUTH_SUBTREE root=3462 depth=28 w=1.0424963732e+38 Shat=1.0000000000e+00 Lhat=0.0000000000e+00
KNUTH_SUBTREE root=3463 depth=28 w=6.1602546406e+38 Shat=1.2040000000e+01 Lhat=0.0000000000e+00
KNUTH_SUBTREE root=3464 depth=28 w=1.5736899490e+39 Shat=4.0000000000e+00 Lhat=0.0000000000e+00
KNUTH_SUBTREE root=3465 depth=28 w=6.3240438884e+37 Shat=1.0000000000e+00 Lhat=0.0000000000e+00
KNUTH_SUBTREE root=3466 depth=28 w=3.0471585387e+39 Shat=1.5931000000e+01 Lhat=0.0000000000e+00
KNUTH_SUBTREE root=3467 depth=28 w=2.1772657777e+38 Shat=2.0130000000e+01 Lhat=0.0000000000e+00
KNUTH_SUBTREE root=3468 depth=28 w=3.4567849439e+37 Shat=2.0000000000e+00 Lhat=0.0000000000e+00
KNUTH_SUBTREE root=3469 depth=28 w=2.4350053282e+39 Shat=9.9752000000e+01 Lhat=0.0000000000e+00
KNUTH_SUBTREE root=3470 depth=28 w=2.8286906779e+39 Shat=3.4488000000e+01 Lhat=0.0000000000e+00
KNUTH_SUBTREE root=3471 depth=28 w=2.4689720130e+38 Shat=2.0000000000e+00 Lhat=0.0000000000e+00
KNUTH_SUBTREE root=3472 depth=28 w=5.2709549468e+37 Shat=5.0000000000e+00 Lhat=0.0000000000e+00
KNUTH_SUBTREE root=3473 depth=28 w=2.8545747793e+39 Shat=2.9284000000e+01 Lhat=0.0000000000e+00
KNUTH_SUBTREE root=3474 depth=28 w=5.5337334892e+38 Shat=4.5736000000e+01 Lhat=0.0000000000e+00
KNUTH_SUBTREE root=3475 depth=28 w=2.8864846203e+38 Shat=2.0000000000e+00 Lhat=0.0000000000e+00
KNUTH_SUBTREE root=3476 depth=28 w=2.0596074970e+39 Shat=7.0000000000e+00 Lhat=0.0000000000e+00
KNUTH_SUBTREE root=3477 depth=28 w=2.4521279348e+39 Shat=4.0000000000e+00 Lhat=0.0000000000e+00
KNUTH_SUBTREE root=3478 depth=28 w=5.9321245662e+38 Shat=1.0000000000e+01 Lhat=0.0000000000e+00
KNUTH_SUBTREE root=3479 depth=28 w=2.8471318257e+39 Shat=1.0000000000e+00 Lhat=0.0000000000e+00
KNUTH_SUBTREE root=3480 depth=28 w=6.4453359014e+38 Shat=3.0000000000e+00 Lhat=0.0000000000e+00
KNUTH_SUBTREE root=3481 depth=28 w=1.7616984279e+39 Shat=1.4356800000e+02 Lhat=0.0000000000e+00
KNUTH_SUBTREE root=3482 depth=28 w=5.3556488338e+38 Shat=4.8215000000e+01 Lhat=0.0000000000e+00
KNUTH_SUBTREE root=3483 depth=28 w=8.9688853328e+38 Shat=6.9690000000e+01 Lhat=0.0000000000e+00
KNUTH_SUBTREE root=3484 depth=28 w=1.8324568736e+39 Shat=9.0000000000e+00 Lhat=0.0000000000e+00
KNUTH_SUBTREE root=3485 depth=28 w=2.1063214111e+38 Shat=4.1096000000e+01 Lhat=0.0000000000e+00
KNUTH_SUBTREE root=3486 depth=28 w=5.5434032283e+38 Shat=8.3176000000e+01 Lhat=0.0000000000e+00
KNUTH_SUBTREE root=3487 depth=28 w=1.6780979250e+37 Shat=1.0000000000e+00 Lhat=0.0000000000e+00
KNUTH_SUBTREE root=3488 depth=28 w=8.5469669185e+37 Shat=1.0000000000e+00 Lhat=0.0000000000e+00
KNUTH_SUBTREE root=3489 depth=28 w=5.1601586956e+37 Shat=3.0000000000e+00 Lhat=0.0000000000e+00
KNUTH_SUBTREE root=3490 depth=28 w=1.1934079247e+38 Shat=2.1256000000e+01 Lhat=0.0000000000e+00
KNUTH_SUBTREE root=3491 depth=28 w=3.1580753234e+38 Shat=5.0000000000e+00 Lhat=0.0000000000e+00
KNUTH_SUBTREE root=3492 depth=28 w=9.1397197520e+38 Shat=1.8895000000e+01 Lhat=0.0000000000e+00
KNUTH_SUBTREE root=3493 depth=28 w=2.5329655067e+38 Shat=5.9920000000e+00 Lhat=0.0000000000e+00
KNUTH_SUBTREE root=3494 depth=28 w=0 Shat=0 Lhat=0 dead=1
KNUTH_SUBTREE root=3495 depth=28 w=4.8276141430e+38 Shat=7.0776000000e+01 Lhat=0.0000000000e+00
KNUTH_SUBTREE root=3496 depth=28 w=5.5237697690e+38 Shat=9.9728000000e+01 Lhat=0.0000000000e+00
KNUTH_SUBTREE root=3497 depth=28 w=6.2288584825e+38 Shat=6.0000000000e+00 Lhat=0.0000000000e+00
KNUTH_SUBTREE root=3498 depth=28 w=6.5645500468e+37 Shat=9.0000000000e+00 Lhat=0.0000000000e+00
KNUTH_SUBTREE root=3499 depth=28 w=1.6005521082e+39 Shat=1.4542600000e+02 Lhat=0.0000000000e+00
KNUTH_SUBTREE root=3500 depth=28 w=2.0361047105e+39 Shat=3.0000000000e+00 Lhat=0.0000000000e+00
KNUTH_SUBTREE root=3501 depth=28 w=7.8731539830e+38 Shat=1.3504000000e+01 Lhat=0.0000000000e+00
KNUTH_SUBTREE root=3502 depth=28 w=4.9110593946e+38 Shat=1.6990000000e+01 Lhat=0.0000000000e+00
KNUTH_SUBTREE root=3503 depth=28 w=5.4903303315e+36 Shat=1.0000000000e+00 Lhat=0.0000000000e+00
KNUTH_SUBTREE root=3504 depth=28 w=9.6812226960e+36 Shat=3.0000000000e+00 Lhat=0.0000000000e+00
KNUTH_SUBTREE root=3505 depth=28 w=4.8481662721e+38 Shat=7.2032000000e+01 Lhat=0.0000000000e+00
KNUTH_SUBTREE root=3506 depth=28 w=0 Shat=0 Lhat=0 dead=1
KNUTH_SUBTREE root=3507 depth=28 w=4.5928750401e+38 Shat=9.2290000000e+00 Lhat=0.0000000000e+00
KNUTH_SUBTREE root=3508 depth=28 w=1.9001535120e+37 Shat=3.0000000000e+00 Lhat=0.0000000000e+00
KNUTH_SUBTREE root=3509 depth=28 w=3.3833119391e+38 Shat=1.1988000000e+01 Lhat=0.0000000000e+00
KNUTH_SUBTREE root=3510 depth=28 w=1.5240222930e+39 Shat=2.0272000000e+01 Lhat=0.0000000000e+00
KNUTH_SUBTREE root=3511 depth=28 w=9.1628726581e+38 Shat=1.4059000000e+01 Lhat=0.0000000000e+00
KNUTH_SUBTREE root=3512 depth=28 w=4.1705567111e+36 Shat=2.0000000000e+00 Lhat=0.0000000000e+00
KNUTH_SUBTREE root=3513 depth=28 w=2.3813924079e+38 Shat=2.0628000000e+01 Lhat=0.0000000000e+00
KNUTH_SUBTREE root=3514 depth=28 w=1.1324451576e+39 Shat=8.3971000000e+01 Lhat=0.0000000000e+00
KNUTH_SUBTREE root=3515 depth=28 w=5.7313820069e+38 Shat=3.2311000000e+01 Lhat=0.0000000000e+00
KNUTH_SUBTREE root=3516 depth=28 w=1.5149063406e+38 Shat=6.0000000000e+00 Lhat=0.0000000000e+00
KNUTH_SUBTREE root=3517 depth=28 w=1.9341836346e+39 Shat=1.5092000000e+01 Lhat=0.0000000000e+00
KNUTH_SUBTREE root=3518 depth=28 w=1.2305520040e+36 Shat=1.0000000000e+00 Lhat=0.0000000000e+00
KNUTH_SUBTREE root=3519 depth=28 w=3.0197768947e+38 Shat=2.6512000000e+01 Lhat=0.0000000000e+00
KNUTH_SUBTREE root=3520 depth=28 w=3.0976748267e+38 Shat=5.5380000000e+01 Lhat=0.0000000000e+00
KNUTH_SUBTREE root=3521 depth=28 w=2.3242104260e+37 Shat=1.0000000000e+00 Lhat=0.0000000000e+00
KNUTH_SUBTREE root=3522 depth=28 w=3.3251116518e+38 Shat=5.6349000000e+01 Lhat=0.0000000000e+00
KNUTH_SUBTREE root=3523 depth=28 w=2.6479788136e+39 Shat=1.0765200000e+02 Lhat=1.5631000000e+01
KNUTH_SUBTREE root=3524 depth=28 w=3.2978484869e+38 Shat=4.1824000000e+01 Lhat=0.0000000000e+00
KNUTH_SUBTREE root=3525 depth=28 w=4.1479015120e+38 Shat=1.5884000000e+02 Lhat=0.0000000000e+00
KNUTH_SUBTREE root=3526 depth=28 w=4.2869256289e+38 Shat=3.0000000000e+00 Lhat=0.0000000000e+00
KNUTH_SUBTREE root=3527 depth=28 w=1.4612226370e+39 Shat=8.0410000000e+00 Lhat=0.0000000000e+00
KNUTH_SUBTREE root=3528 depth=28 w=1.2834300331e+38 Shat=3.0000000000e+00 Lhat=0.0000000000e+00
KNUTH_SUBTREE root=3529 depth=28 w=3.5327383420e+39 Shat=1.3028000000e+01 Lhat=0.0000000000e+00
KNUTH_SUBTREE root=3530 depth=28 w=2.7899878304e+38 Shat=3.3928000000e+01 Lhat=0.0000000000e+00
KNUTH_SUBTREE root=3531 depth=28 w=1.3079730628e+38 Shat=3.3472000000e+01 Lhat=0.0000000000e+00
KNUTH_SUBTREE root=3532 depth=28 w=3.8706072567e+38 Shat=7.0000000000e+00 Lhat=0.0000000000e+00
KNUTH_SUBTREE root=3533 depth=28 w=1.6585563788e+38 Shat=1.1056000000e+01 Lhat=0.0000000000e+00
KNUTH_SUBTREE root=3534 depth=28 w=5.7364646013e+38 Shat=2.1965000000e+01 Lhat=0.0000000000e+00
KNUTH_SUBTREE root=3535 depth=28 w=6.3916472240e+37 Shat=1.0000000000e+00 Lhat=0.0000000000e+00
KNUTH_SUBTREE root=3536 depth=28 w=7.3720390685e+37 Shat=3.0000000000e+00 Lhat=0.0000000000e+00
KNUTH_SUBTREE root=3537 depth=28 w=1.2864388728e+38 Shat=3.0000000000e+00 Lhat=0.0000000000e+00
KNUTH_SUBTREE root=3538 depth=28 w=1.8079084991e+38 Shat=2.3839000000e+01 Lhat=0.0000000000e+00
KNUTH_SUBTREE root=3539 depth=28 w=1.1681513220e+38 Shat=7.0000000000e+00 Lhat=0.0000000000e+00
KNUTH_SUBTREE root=3540 depth=28 w=1.2180306985e+38 Shat=5.0000000000e+00 Lhat=0.0000000000e+00
KNUTH_SUBTREE root=3541 depth=28 w=1.3666201484e+38 Shat=1.7284000000e+01 Lhat=0.0000000000e+00
KNUTH_SUBTREE root=3542 depth=28 w=4.8911148364e+38 Shat=7.9420000000e+00 Lhat=0.0000000000e+00
KNUTH_SUBTREE root=3543 depth=28 w=2.8188871562e+36 Shat=5.0000000000e+00 Lhat=0.0000000000e+00
KNUTH_SUBTREE root=3544 depth=28 w=1.0363219053e+38 Shat=4.9040000000e+00 Lhat=0.0000000000e+00
KNUTH_SUBTREE root=3545 depth=28 w=3.5807980418e+37 Shat=1.2169600000e+02 Lhat=0.0000000000e+00
KNUTH_SUBTREE root=3546 depth=28 w=2.4254061845e+38 Shat=6.0101000000e+01 Lhat=0.0000000000e+00
KNUTH_SUBTREE root=3547 depth=28 w=1.0278733193e+39 Shat=1.8744000000e+01 Lhat=0.0000000000e+00
KNUTH_SUBTREE root=3548 depth=28 w=2.9972190503e+38 Shat=8.2864000000e+01 Lhat=0.0000000000e+00
KNUTH_SUBTREE root=3549 depth=28 w=2.4220667338e+38 Shat=1.3201600000e+02 Lhat=0.0000000000e+00
KNUTH_SUBTREE root=3550 depth=28 w=3.4048227714e+38 Shat=1.1977000000e+01 Lhat=0.0000000000e+00
KNUTH_SUBTREE root=3551 depth=28 w=1.9394896810e+38 Shat=1.8118000000e+01 Lhat=0.0000000000e+00
KNUTH_SUBTREE root=3552 depth=28 w=0 Shat=0 Lhat=0 dead=1
KNUTH_SUBTREE root=3553 depth=28 w=2.0324222754e+39 Shat=8.2000000000e+00 Lhat=0.0000000000e+00
KNUTH_SUBTREE root=3554 depth=28 w=1.5653599789e+39 Shat=1.0875000000e+02 Lhat=0.0000000000e+00
KNUTH_SUBTREE root=3555 depth=28 w=1.0255614179e+38 Shat=2.0000000000e+00 Lhat=0.0000000000e+00
KNUTH_SUBTREE root=3556 depth=28 w=5.5768066969e+37 Shat=7.0000000000e+00 Lhat=0.0000000000e+00
KNUTH_SUBTREE root=3557 depth=28 w=0 Shat=0 Lhat=0 dead=1
KNUTH_SUBTREE root=3558 depth=28 w=5.1417680936e+38 Shat=7.9918000000e+01 Lhat=0.0000000000e+00
KNUTH_SUBTREE root=3559 depth=28 w=1.2834999130e+38 Shat=4.0000000000e+00 Lhat=0.0000000000e+00
KNUTH_SUBTREE root=3560 depth=28 w=0 Shat=0 Lhat=0 dead=1
KNUTH_SUBTREE root=3561 depth=28 w=4.0504814044e+38 Shat=2.0000000000e+00 Lhat=0.0000000000e+00
KNUTH_SUBTREE root=3562 depth=28 w=9.6498145882e+38 Shat=8.4224000000e+01 Lhat=0.0000000000e+00
KNUTH_SUBTREE root=3563 depth=28 w=1.4442175291e+39 Shat=5.1582000000e+01 Lhat=0.0000000000e+00
KNUTH_SUBTREE root=3564 depth=28 w=1.6623795281e+39 Shat=1.0000000000e+00 Lhat=0.0000000000e+00
KNUTH_SUBTREE root=3565 depth=28 w=1.2485932251e+36 Shat=1.0000000000e+00 Lhat=0.0000000000e+00
KNUTH_SUBTREE root=3566 depth=28 w=4.2138206437e+35 Shat=1.0000000000e+00 Lhat=0.0000000000e+00
KNUTH_SUBTREE root=3567 depth=28 w=4.0873287133e+36 Shat=1.0000000000e+00 Lhat=0.0000000000e+00
KNUTH_SUBTREE root=3568 depth=28 w=1.0436494221e+38 Shat=5.0000000000e+00 Lhat=0.0000000000e+00
KNUTH_SUBTREE root=3569 depth=28 w=1.4906634582e+38 Shat=3.0000000000e+00 Lhat=0.0000000000e+00
KNUTH_SUBTREE root=3570 depth=28 w=4.6073947646e+36 Shat=1.0000000000e+00 Lhat=0.0000000000e+00
KNUTH_SUBTREE root=3571 depth=28 w=2.3273465335e+37 Shat=7.0000000000e+00 Lhat=0.0000000000e+00
KNUTH_SUBTREE root=3572 depth=28 w=4.8796178716e+37 Shat=3.0000000000e+00 Lhat=0.0000000000e+00
KNUTH_SUBTREE root=3573 depth=28 w=1.2705322795e+39 Shat=6.8895000000e+01 Lhat=1.4660000000e+01
KNUTH_SUBTREE root=3574 depth=28 w=4.2764107588e+38 Shat=7.0080000000e+00 Lhat=0.0000000000e+00
KNUTH_SUBTREE root=3575 depth=28 w=4.8260282726e+36 Shat=3.0000000000e+00 Lhat=0.0000000000e+00
KNUTH_SUBTREE root=3576 depth=28 w=2.0611873543e+37 Shat=4.0000000000e+00 Lhat=0.0000000000e+00
KNUTH_SUBTREE root=3577 depth=28 w=1.7429109952e+38 Shat=1.2064000000e+01 Lhat=0.0000000000e+00
KNUTH_SUBTREE root=3578 depth=28 w=1.5206584614e+38 Shat=2.5132000000e+01 Lhat=0.0000000000e+00
KNUTH_SUBTREE root=3579 depth=28 w=1.1476545061e+39 Shat=1.8973600000e+02 Lhat=0.0000000000e+00
KNUTH_SUBTREE root=3580 depth=28 w=1.6442898353e+38 Shat=6.1660000000e+00 Lhat=0.0000000000e+00
KNUTH_SUBTREE root=3581 depth=28 w=1.4768820705e+38 Shat=1.0000000000e+01 Lhat=0.0000000000e+00
KNUTH_SUBTREE root=3582 depth=28 w=2.3007760571e+38 Shat=4.4295000000e+01 Lhat=0.0000000000e+00
KNUTH_SUBTREE root=3583 depth=28 w=6.7891498190e+38 Shat=1.6000000000e+01 Lhat=0.0000000000e+00
KNUTH_SUBTREE root=3584 depth=28 w=3.7332105200e+38 Shat=5.0000000000e+00 Lhat=0.0000000000e+00
KNUTH_SUBTREE root=3585 depth=28 w=0 Shat=0 Lhat=0 dead=1
KNUTH_SUBTREE root=3586 depth=28 w=1.4799348904e+38 Shat=3.2218000000e+01 Lhat=0.0000000000e+00
KNUTH_SUBTREE root=3587 depth=28 w=2.1302386695e+38 Shat=3.0000000000e+00 Lhat=0.0000000000e+00
KNUTH_SUBTREE root=3588 depth=28 w=3.6970839584e+38 Shat=6.9920000000e+00 Lhat=0.0000000000e+00
KNUTH_SUBTREE root=3589 depth=28 w=1.3514455613e+38 Shat=1.7008000000e+01 Lhat=0.0000000000e+00
KNUTH_SUBTREE root=3590 depth=28 w=1.2428665910e+39 Shat=1.2992000000e+01 Lhat=0.0000000000e+00
KNUTH_SUBTREE root=3591 depth=28 w=2.5613844076e+38 Shat=4.0816000000e+01 Lhat=0.0000000000e+00
KNUTH_SUBTREE root=3592 depth=28 w=2.1207462695e+38 Shat=1.3304000000e+02 Lhat=0.0000000000e+00
KNUTH_SUBTREE root=3593 depth=28 w=1.2383302158e+39 Shat=1.1064000000e+01 Lhat=0.0000000000e+00
KNUTH_SUBTREE root=3594 depth=28 w=2.5600396777e+39 Shat=2.0188000000e+01 Lhat=0.0000000000e+00
KNUTH_SUBTREE root=3595 depth=28 w=3.0590424886e+38 Shat=2.9000000000e+01 Lhat=0.0000000000e+00
KNUTH_SUBTREE root=3596 depth=28 w=2.6722564245e+38 Shat=3.0000000000e+00 Lhat=0.0000000000e+00
KNUTH_SUBTREE root=3597 depth=28 w=1.5099329538e+37 Shat=5.0000000000e+00 Lhat=0.0000000000e+00
KNUTH_SUBTREE root=3598 depth=28 w=2.6316836935e+39 Shat=6.9960000000e+00 Lhat=0.0000000000e+00
KNUTH_SUBTREE root=3599 depth=28 w=7.0114036338e+38 Shat=5.0000000000e+00 Lhat=0.0000000000e+00
KNUTH_SUBTREE root=3600 depth=28 w=1.0608282796e+39 Shat=7.6660000000e+01 Lhat=0.0000000000e+00
KNUTH_SUBTREE root=3601 depth=28 w=7.7142608406e+37 Shat=1.0964000000e+01 Lhat=0.0000000000e+00
KNUTH_SUBTREE root=3602 depth=28 w=2.6849613135e+37 Shat=2.0000000000e+00 Lhat=0.0000000000e+00
KNUTH_SUBTREE root=3603 depth=28 w=7.8226225828e+37 Shat=1.3038000000e+01 Lhat=0.0000000000e+00
KNUTH_SUBTREE root=3604 depth=28 w=1.6696030769e+37 Shat=1.0000000000e+00 Lhat=0.0000000000e+00
KNUTH_SUBTREE root=3605 depth=28 w=3.3585943935e+37 Shat=1.3990000000e+01 Lhat=0.0000000000e+00
KNUTH_SUBTREE root=3606 depth=28 w=1.9837869072e+39 Shat=2.0936000000e+01 Lhat=0.0000000000e+00
KNUTH_SUBTREE root=3607 depth=28 w=1.9489216422e+39 Shat=1.4252000000e+01 Lhat=0.0000000000e+00
KNUTH_SUBTREE root=3608 depth=28 w=9.2111964704e+38 Shat=3.0000000000e+00 Lhat=0.0000000000e+00
KNUTH_SUBTREE root=3609 depth=28 w=8.6355972832e+37 Shat=4.2832000000e+01 Lhat=0.0000000000e+00
KNUTH_SUBTREE root=3610 depth=28 w=2.8778090294e+39 Shat=1.3068000000e+01 Lhat=0.0000000000e+00
KNUTH_SUBTREE root=3611 depth=28 w=2.2465780105e+39 Shat=1.3068000000e+01 Lhat=0.0000000000e+00
KNUTH_SUBTREE root=3612 depth=28 w=1.4662769405e+38 Shat=3.0000000000e+00 Lhat=0.0000000000e+00
KNUTH_SUBTREE root=3613 depth=28 w=3.2971340025e+38 Shat=2.6888000000e+01 Lhat=0.0000000000e+00
KNUTH_SUBTREE root=3614 depth=28 w=2.5537211295e+39 Shat=3.6160000000e+01 Lhat=0.0000000000e+00
KNUTH_SUBTREE root=3615 depth=28 w=9.4910513233e+38 Shat=4.8645000000e+01 Lhat=0.0000000000e+00
KNUTH_SUBTREE root=3616 depth=28 w=8.8806926477e+37 Shat=5.0000000000e+00 Lhat=0.0000000000e+00
KNUTH_SUBTREE root=3617 depth=28 w=3.2032027352e+38 Shat=1.0000000000e+00 Lhat=0.0000000000e+00
KNUTH_SUBTREE root=3618 depth=28 w=5.6970399644e+38 Shat=2.1000000000e+01 Lhat=0.0000000000e+00
KNUTH_SUBTREE root=3619 depth=28 w=5.0858782724e+37 Shat=1.0000000000e+01 Lhat=0.0000000000e+00
KNUTH_SUBTREE root=3620 depth=28 w=7.1816923297e+37 Shat=1.0000000000e+00 Lhat=0.0000000000e+00
KNUTH_SUBTREE root=3621 depth=28 w=2.4615870957e+39 Shat=4.0000000000e+00 Lhat=0.0000000000e+00
KNUTH_SUBTREE root=3622 depth=28 w=6.9984367492e+38 Shat=3.5272000000e+01 Lhat=5.4840000000e+00
KNUTH_SUBTREE root=3623 depth=28 w=1.8267302746e+38 Shat=4.4560000000e+01 Lhat=0.0000000000e+00
KNUTH_SUBTREE root=3624 depth=28 w=9.0290198785e+38 Shat=4.9498000000e+01 Lhat=0.0000000000e+00
KNUTH_SUBTREE root=3625 depth=28 w=1.6286777972e+38 Shat=3.0000000000e+00 Lhat=0.0000000000e+00
KNUTH_SUBTREE root=3626 depth=28 w=0 Shat=0 Lhat=0 dead=1
KNUTH_SUBTREE root=3627 depth=28 w=6.3654440550e+36 Shat=3.0000000000e+00 Lhat=0.0000000000e+00
KNUTH_SUBTREE root=3628 depth=28 w=2.1302418740e+39 Shat=2.7812000000e+01 Lhat=0.0000000000e+00
KNUTH_SUBTREE root=3629 depth=28 w=1.1002864128e+39 Shat=8.0176000000e+01 Lhat=0.0000000000e+00
KNUTH_SUBTREE root=3630 depth=28 w=3.4313215401e+38 Shat=1.4332000000e+01 Lhat=0.0000000000e+00
KNUTH_SUBTREE root=3631 depth=28 w=2.7330164130e+38 Shat=1.9210000000e+01 Lhat=0.0000000000e+00
KNUTH_SUBTREE root=3632 depth=28 w=5.9905921067e+37 Shat=2.0000000000e+00 Lhat=0.0000000000e+00
KNUTH_SUBTREE root=3633 depth=28 w=4.6706951259e+38 Shat=5.4406000000e+01 Lhat=0.0000000000e+00
KNUTH_SUBTREE root=3634 depth=28 w=0 Shat=0 Lhat=0 dead=1
KNUTH_SUBTREE root=3635 depth=28 w=4.6236108585e+38 Shat=7.9560000000e+01 Lhat=0.0000000000e+00
KNUTH_SUBTREE root=3636 depth=28 w=3.3223461384e+38 Shat=1.7134000000e+01 Lhat=0.0000000000e+00
KNUTH_SUBTREE root=3637 depth=28 w=5.6664783965e+38 Shat=7.0000000000e+00 Lhat=0.0000000000e+00
KNUTH_SUBTREE root=3638 depth=28 w=7.8675656442e+38 Shat=1.8094000000e+01 Lhat=0.0000000000e+00
KNUTH_SUBTREE root=3639 depth=28 w=7.3623761734e+38 Shat=1.3079000000e+01 Lhat=0.0000000000e+00
KNUTH_SUBTREE root=3640 depth=28 w=0 Shat=0 Lhat=0 dead=1
KNUTH_SUBTREE root=3641 depth=28 w=3.1930902842e+39 Shat=1.8840000000e+01 Lhat=0.0000000000e+00
KNUTH_SUBTREE root=3642 depth=28 w=1.2515309582e+37 Shat=3.0000000000e+00 Lhat=0.0000000000e+00
KNUTH_SUBTREE root=3643 depth=28 w=9.9534097836e+38 Shat=3.0000000000e+00 Lhat=0.0000000000e+00
KNUTH_SUBTREE root=3644 depth=28 w=3.0958992254e+38 Shat=7.0000000000e+00 Lhat=0.0000000000e+00
KNUTH_SUBTREE root=3645 depth=28 w=9.0359433804e+38 Shat=7.9000000000e+01 Lhat=0.0000000000e+00
KNUTH_SUBTREE root=3646 depth=28 w=1.3168516150e+38 Shat=5.0000000000e+00 Lhat=0.0000000000e+00
KNUTH_SUBTREE root=3647 depth=28 w=3.2917980546e+38 Shat=1.0000000000e+00 Lhat=0.0000000000e+00
KNUTH_SUBTREE root=3648 depth=28 w=2.2159011465e+38 Shat=1.3978000000e+01 Lhat=0.0000000000e+00
KNUTH_SUBTREE root=3649 depth=28 w=8.6103183262e+38 Shat=5.0000000000e+00 Lhat=0.0000000000e+00
KNUTH_SUBTREE root=3650 depth=28 w=1.4162467653e+38 Shat=5.0000000000e+00 Lhat=0.0000000000e+00
KNUTH_SUBTREE root=3651 depth=28 w=1.1123378272e+38 Shat=2.0000000000e+00 Lhat=0.0000000000e+00
KNUTH_SUBTREE root=3652 depth=28 w=8.5004886189e+37 Shat=1.2088000000e+01 Lhat=0.0000000000e+00
KNUTH_SUBTREE root=3653 depth=28 w=2.1157444121e+38 Shat=5.0000000000e+00 Lhat=0.0000000000e+00
KNUTH_SUBTREE root=3654 depth=28 w=1.0364718810e+38 Shat=1.0000000000e+00 Lhat=0.0000000000e+00
KNUTH_SUBTREE root=3655 depth=28 w=6.9872504769e+36 Shat=3.0000000000e+00 Lhat=0.0000000000e+00
KNUTH_SUBTREE root=3656 depth=28 w=2.0879308181e+38 Shat=2.0000000000e+00 Lhat=0.0000000000e+00
KNUTH_SUBTREE root=3657 depth=28 w=2.3499723567e+38 Shat=2.0000000000e+00 Lhat=0.0000000000e+00
KNUTH_SUBTREE root=3658 depth=28 w=1.0357129455e+39 Shat=1.2164800000e+02 Lhat=0.0000000000e+00
KNUTH_SUBTREE root=3659 depth=28 w=4.4095459396e+38 Shat=3.7519000000e+01 Lhat=0.0000000000e+00
KNUTH_SUBTREE root=3660 depth=28 w=0 Shat=0 Lhat=0 dead=1
KNUTH_SUBTREE root=3661 depth=28 w=8.1112309827e+37 Shat=4.0000000000e+00 Lhat=0.0000000000e+00
KNUTH_SUBTREE root=3662 depth=28 w=3.1238744009e+39 Shat=9.0000000000e+00 Lhat=0.0000000000e+00
KNUTH_SUBTREE root=3663 depth=28 w=4.2081697343e+38 Shat=3.0000000000e+00 Lhat=0.0000000000e+00
KNUTH_SUBTREE root=3664 depth=28 w=1.0683713855e+37 Shat=4.0000000000e+00 Lhat=0.0000000000e+00
KNUTH_SUBTREE root=3665 depth=28 w=1.6853615831e+38 Shat=5.0000000000e+00 Lhat=0.0000000000e+00
KNUTH_SUBTREE root=3666 depth=28 w=1.0766166514e+39 Shat=7.0400000000e+00 Lhat=0.0000000000e+00
KNUTH_SUBTREE root=3667 depth=28 w=1.7409865612e+38 Shat=3.6916000000e+01 Lhat=0.0000000000e+00
KNUTH_SUBTREE root=3668 depth=28 w=6.0494691953e+37 Shat=1.0000000000e+00 Lhat=0.0000000000e+00
KNUTH_SUBTREE root=3669 depth=28 w=1.3018406219e+39 Shat=1.0000000000e+00 Lhat=0.0000000000e+00
KNUTH_SUBTREE root=3670 depth=28 w=0 Shat=0 Lhat=0 dead=1
KNUTH_SUBTREE root=3671 depth=28 w=1.1509347174e+38 Shat=5.0000000000e+00 Lhat=0.0000000000e+00
KNUTH_SUBTREE root=3672 depth=28 w=5.6786592000e+37 Shat=1.0000000000e+00 Lhat=0.0000000000e+00
KNUTH_SUBTREE root=3673 depth=28 w=8.5402749663e+38 Shat=3.0000000000e+00 Lhat=0.0000000000e+00
KNUTH_SUBTREE root=3674 depth=28 w=9.3487592462e+38 Shat=1.3000000000e+01 Lhat=0.0000000000e+00
KNUTH_SUBTREE root=3675 depth=28 w=3.3614329207e+38 Shat=2.3008000000e+01 Lhat=0.0000000000e+00
KNUTH_SUBTREE root=3676 depth=28 w=1.1250004096e+39 Shat=1.0048000000e+01 Lhat=0.0000000000e+00
KNUTH_SUBTREE root=3677 depth=28 w=1.9992597311e+38 Shat=1.0000000000e+00 Lhat=0.0000000000e+00
KNUTH_SUBTREE root=3678 depth=28 w=1.6884445464e+38 Shat=3.0000000000e+00 Lhat=0.0000000000e+00
KNUTH_SUBTREE root=3679 depth=28 w=3.7547281140e+38 Shat=2.1556000000e+01 Lhat=0.0000000000e+00
KNUTH_SUBTREE root=3680 depth=28 w=1.0778820589e+37 Shat=1.0000000000e+01 Lhat=0.0000000000e+00
KNUTH_SUBTREE root=3681 depth=28 w=8.7940018166e+37 Shat=1.0000000000e+00 Lhat=0.0000000000e+00
KNUTH_SUBTREE root=3682 depth=28 w=1.3997122959e+39 Shat=9.8100000000e+00 Lhat=0.0000000000e+00
KNUTH_SUBTREE root=3683 depth=28 w=1.4334981642e+39 Shat=5.2228000000e+01 Lhat=0.0000000000e+00
KNUTH_SUBTREE root=3684 depth=28 w=0 Shat=0 Lhat=0 dead=1
KNUTH_SUBTREE root=3685 depth=28 w=1.2563325668e+39 Shat=1.7265000000e+01 Lhat=0.0000000000e+00
KNUTH_SUBTREE root=3686 depth=28 w=1.9285764990e+39 Shat=3.9868000000e+01 Lhat=0.0000000000e+00
KNUTH_SUBTREE root=3687 depth=28 w=4.2059450562e+38 Shat=8.8864000000e+01 Lhat=0.0000000000e+00
KNUTH_SUBTREE root=3688 depth=28 w=1.2888476038e+38 Shat=1.0000000000e+00 Lhat=0.0000000000e+00
KNUTH_SUBTREE root=3689 depth=28 w=5.1534624388e+37 Shat=3.0000000000e+00 Lhat=0.0000000000e+00
KNUTH_SUBTREE root=3690 depth=28 w=5.3103338213e+37 Shat=1.0000000000e+00 Lhat=0.0000000000e+00
KNUTH_SUBTREE root=3691 depth=28 w=5.0926867663e+37 Shat=2.0000000000e+00 Lhat=0.0000000000e+00
KNUTH_SUBTREE root=3692 depth=28 w=1.3275938937e+39 Shat=1.3212000000e+01 Lhat=0.0000000000e+00
KNUTH_SUBTREE root=3693 depth=28 w=2.4012509052e+36 Shat=1.0000000000e+00 Lhat=0.0000000000e+00
KNUTH_SUBTREE root=3694 depth=28 w=2.5868318795e+38 Shat=5.0000000000e+00 Lhat=0.0000000000e+00
KNUTH_SUBTREE root=3695 depth=28 w=1.5414188979e+39 Shat=1.9376000000e+01 Lhat=0.0000000000e+00
KNUTH_SUBTREE root=3696 depth=28 w=0 Shat=0 Lhat=0 dead=1
KNUTH_SUBTREE root=3697 depth=28 w=4.7161239701e+38 Shat=1.7955000000e+01 Lhat=0.0000000000e+00
KNUTH_SUBTREE root=3698 depth=28 w=4.4715313160e+38 Shat=3.0000000000e+00 Lhat=0.0000000000e+00
KNUTH_SUBTREE root=3699 depth=28 w=3.1776096909e+39 Shat=2.0000000000e+00 Lhat=0.0000000000e+00
KNUTH_SUBTREE root=3700 depth=28 w=2.6272514233e+38 Shat=1.8718000000e+01 Lhat=0.0000000000e+00
KNUTH_SUBTREE root=3701 depth=28 w=3.0575280638e+36 Shat=5.0000000000e+00 Lhat=0.0000000000e+00
KNUTH_SUBTREE root=3702 depth=28 w=3.7605636559e+38 Shat=6.9840000000e+00 Lhat=0.0000000000e+00
KNUTH_SUBTREE root=3703 depth=28 w=4.2309420798e+38 Shat=1.3000000000e+01 Lhat=0.0000000000e+00
KNUTH_SUBTREE root=3704 depth=28 w=5.6866486746e+38 Shat=3.8288000000e+01 Lhat=0.0000000000e+00
KNUTH_SUBTREE root=3705 depth=28 w=3.3447829677e+37 Shat=3.0000000000e+00 Lhat=0.0000000000e+00
KNUTH_SUBTREE root=3706 depth=28 w=2.6180251278e+38 Shat=5.6616000000e+01 Lhat=0.0000000000e+00
KNUTH_SUBTREE root=3707 depth=28 w=8.9247576095e+37 Shat=3.0000000000e+00 Lhat=0.0000000000e+00
KNUTH_SUBTREE root=3708 depth=28 w=9.2948321078e+38 Shat=4.3890000000e+01 Lhat=0.0000000000e+00
KNUTH_SUBTREE root=3709 depth=28 w=4.7911421372e+35 Shat=1.0000000000e+00 Lhat=0.0000000000e+00
KNUTH_SUBTREE root=3710 depth=28 w=2.0190843383e+36 Shat=1.0000000000e+00 Lhat=0.0000000000e+00
KNUTH_SUBTREE root=3711 depth=28 w=5.3733771615e+38 Shat=9.8278000000e+01 Lhat=0.0000000000e+00
KNUTH_SUBTREE root=3712 depth=28 w=6.1626516349e+38 Shat=1.3000000000e+01 Lhat=0.0000000000e+00
KNUTH_SUBTREE root=3713 depth=28 w=7.1283882251e+38 Shat=1.0980000000e+01 Lhat=0.0000000000e+00
KNUTH_SUBTREE root=3714 depth=28 w=3.1061767083e+38 Shat=6.6304000000e+01 Lhat=0.0000000000e+00
KNUTH_SUBTREE root=3715 depth=28 w=2.8370304557e+39 Shat=7.7041000000e+01 Lhat=0.0000000000e+00
KNUTH_SUBTREE root=3716 depth=28 w=5.4882706255e+36 Shat=1.0000000000e+00 Lhat=0.0000000000e+00
KNUTH_SUBTREE root=3717 depth=28 w=1.8248185057e+38 Shat=3.0000000000e+00 Lhat=0.0000000000e+00
KNUTH_SUBTREE root=3718 depth=28 w=2.8959005930e+37 Shat=1.1953000000e+01 Lhat=0.0000000000e+00
KNUTH_SUBTREE root=3719 depth=28 w=1.1155756705e+39 Shat=1.8305000000e+01 Lhat=0.0000000000e+00
KNUTH_SUBTREE root=3720 depth=28 w=2.0254653808e+39 Shat=4.0000000000e+00 Lhat=0.0000000000e+00
KNUTH_SUBTREE root=3721 depth=28 w=7.5452351993e+38 Shat=4.0000000000e+00 Lhat=0.0000000000e+00
KNUTH_SUBTREE root=3722 depth=28 w=9.8082202320e+38 Shat=2.5330000000e+01 Lhat=0.0000000000e+00
KNUTH_SUBTREE root=3723 depth=28 w=1.0219216878e+38 Shat=1.0000000000e+00 Lhat=0.0000000000e+00
KNUTH_SUBTREE root=3724 depth=28 w=1.4864725184e+38 Shat=3.0000000000e+00 Lhat=0.0000000000e+00
KNUTH_SUBTREE root=3725 depth=28 w=7.7925372198e+38 Shat=5.3224000000e+01 Lhat=0.0000000000e+00
KNUTH_SUBTREE root=3726 depth=28 w=3.0231780629e+39 Shat=1.9900000000e+01 Lhat=0.0000000000e+00
KNUTH_SUBTREE root=3727 depth=28 w=6.5341346787e+38 Shat=7.0000000000e+00 Lhat=0.0000000000e+00
KNUTH_SUBTREE root=3728 depth=28 w=3.0810680101e+39 Shat=2.0000000000e+00 Lhat=0.0000000000e+00
KNUTH_SUBTREE root=3729 depth=28 w=3.7682560339e+38 Shat=1.0000000000e+00 Lhat=0.0000000000e+00
KNUTH_SUBTREE root=3730 depth=28 w=4.7523999525e+38 Shat=4.0000000000e+00 Lhat=0.0000000000e+00
KNUTH_SUBTREE root=3731 depth=28 w=2.4153797122e+38 Shat=1.3084000000e+01 Lhat=0.0000000000e+00
KNUTH_SUBTREE root=3732 depth=28 w=1.5409731052e+38 Shat=3.0000000000e+00 Lhat=0.0000000000e+00
KNUTH_SUBTREE root=3733 depth=28 w=1.3076364444e+39 Shat=1.0000000000e+00 Lhat=0.0000000000e+00
KNUTH_SUBTREE root=3734 depth=28 w=3.0116571910e+38 Shat=1.0000000000e+00 Lhat=0.0000000000e+00
KNUTH_SUBTREE root=3735 depth=28 w=5.5010372467e+38 Shat=4.0000000000e+00 Lhat=0.0000000000e+00
KNUTH_SUBTREE root=3736 depth=28 w=4.1447967357e+38 Shat=2.0000000000e+00 Lhat=0.0000000000e+00
KNUTH_SUBTREE root=3737 depth=28 w=5.9943998885e+38 Shat=2.0000000000e+00 Lhat=0.0000000000e+00
KNUTH_SUBTREE root=3738 depth=28 w=2.8682607744e+39 Shat=4.2195000000e+01 Lhat=0.0000000000e+00
KNUTH_SUBTREE root=3739 depth=28 w=1.9965813767e+38 Shat=2.7652000000e+01 Lhat=0.0000000000e+00
KNUTH_SUBTREE root=3740 depth=28 w=0 Shat=0 Lhat=0 dead=1
KNUTH_SUBTREE root=3741 depth=28 w=6.3901572042e+38 Shat=6.4120000000e+01 Lhat=0.0000000000e+00
KNUTH_SUBTREE root=3742 depth=28 w=7.9433689277e+37 Shat=7.0000000000e+00 Lhat=0.0000000000e+00
KNUTH_SUBTREE root=3743 depth=28 w=2.7660335570e+39 Shat=1.2739200000e+02 Lhat=2.5984000000e+01
KNUTH_SUBTREE root=3744 depth=28 w=6.8774193519e+37 Shat=1.0000000000e+00 Lhat=0.0000000000e+00
KNUTH_SUBTREE root=3745 depth=28 w=2.1028187312e+38 Shat=6.7756000000e+01 Lhat=0.0000000000e+00
KNUTH_SUBTREE root=3746 depth=28 w=2.9287887814e+38 Shat=5.0722000000e+01 Lhat=0.0000000000e+00
KNUTH_SUBTREE root=3747 depth=28 w=4.9282805170e+38 Shat=4.0084000000e+01 Lhat=0.0000000000e+00
KNUTH_SUBTREE root=3748 depth=28 w=6.7889511184e+37 Shat=1.0000000000e+01 Lhat=0.0000000000e+00
KNUTH_SUBTREE root=3749 depth=28 w=3.3005268463e+38 Shat=3.8401000000e+01 Lhat=0.0000000000e+00
KNUTH_SUBTREE root=3750 depth=28 w=2.4787158021e+37 Shat=3.0000000000e+00 Lhat=0.0000000000e+00
KNUTH_SUBTREE root=3751 depth=28 w=8.5716610414e+37 Shat=3.0000000000e+00 Lhat=0.0000000000e+00
KNUTH_SUBTREE root=3752 depth=28 w=7.7930958451e+38 Shat=1.9000000000e+01 Lhat=0.0000000000e+00
KNUTH_SUBTREE root=3753 depth=28 w=3.3490254507e+38 Shat=1.0000000000e+00 Lhat=0.0000000000e+00
KNUTH_SUBTREE root=3754 depth=28 w=1.5301377959e+39 Shat=2.1208000000e+01 Lhat=0.0000000000e+00
KNUTH_SUBTREE root=3755 depth=28 w=1.0772231403e+37 Shat=2.0000000000e+00 Lhat=0.0000000000e+00
KNUTH_SUBTREE root=3756 depth=28 w=5.5446241360e+38 Shat=1.2136000000e+01 Lhat=0.0000000000e+00
KNUTH_SUBTREE root=3757 depth=28 w=7.2690564573e+37 Shat=1.0000000000e+00 Lhat=0.0000000000e+00
KNUTH_SUBTREE root=3758 depth=28 w=1.9507710374e+39 Shat=1.2772000000e+02 Lhat=0.0000000000e+00
KNUTH_SUBTREE root=3759 depth=28 w=1.0919077675e+39 Shat=9.0000000000e+00 Lhat=0.0000000000e+00
KNUTH_SUBTREE root=3760 depth=28 w=4.6456736788e+37 Shat=3.0000000000e+00 Lhat=0.0000000000e+00
KNUTH_SUBTREE root=3761 depth=28 w=2.7956789830e+39 Shat=5.6945000000e+01 Lhat=0.0000000000e+00
KNUTH_SUBTREE root=3762 depth=28 w=2.2717503100e+38 Shat=5.9062000000e+01 Lhat=0.0000000000e+00
KNUTH_SUBTREE root=3763 depth=28 w=1.4284078340e+38 Shat=5.0000000000e+00 Lhat=0.0000000000e+00
KNUTH_SUBTREE root=3764 depth=28 w=1.4424688073e+38 Shat=3.0000000000e+00 Lhat=0.0000000000e+00
KNUTH_SUBTREE root=3765 depth=28 w=3.6645502172e+38 Shat=1.0050000000e+01 Lhat=0.0000000000e+00
KNUTH_SUBTREE root=3766 depth=28 w=2.7572361945e+39 Shat=8.3056000000e+01 Lhat=0.0000000000e+00
KNUTH_SUBTREE root=3767 depth=28 w=6.7771486778e+37 Shat=9.0000000000e+00 Lhat=0.0000000000e+00
KNUTH_SUBTREE root=3768 depth=28 w=5.7030009137e+37 Shat=2.0000000000e+00 Lhat=0.0000000000e+00
KNUTH_SUBTREE root=3769 depth=28 w=7.1688456341e+37 Shat=1.3000000000e+01 Lhat=0.0000000000e+00
KNUTH_SUBTREE root=3770 depth=28 w=3.2502964160e+39 Shat=5.7609000000e+01 Lhat=0.0000000000e+00
KNUTH_SUBTREE root=3771 depth=28 w=3.5540885078e+39 Shat=3.2848000000e+01 Lhat=0.0000000000e+00
KNUTH_SUBTREE root=3772 depth=28 w=2.7789924646e+38 Shat=9.5871000000e+01 Lhat=0.0000000000e+00
KNUTH_SUBTREE root=3773 depth=28 w=9.1051691708e+38 Shat=1.0000000000e+00 Lhat=0.0000000000e+00
KNUTH_SUBTREE root=3774 depth=28 w=6.5978852250e+38 Shat=4.0000000000e+00 Lhat=0.0000000000e+00
KNUTH_SUBTREE root=3775 depth=28 w=3.1436530939e+38 Shat=7.0000000000e+00 Lhat=0.0000000000e+00
KNUTH_SUBTREE root=3776 depth=28 w=9.0097904489e+38 Shat=1.5187000000e+02 Lhat=0.0000000000e+00
KNUTH_SUBTREE root=3777 depth=28 w=2.6499060882e+39 Shat=1.9933000000e+01 Lhat=0.0000000000e+00
KNUTH_SUBTREE root=3778 depth=28 w=2.2681671777e+38 Shat=2.0000000000e+00 Lhat=0.0000000000e+00
KNUTH_SUBTREE root=3779 depth=28 w=2.8210414752e+37 Shat=1.0000000000e+00 Lhat=0.0000000000e+00
KNUTH_SUBTREE root=3780 depth=28 w=1.1291337501e+37 Shat=1.0000000000e+00 Lhat=0.0000000000e+00
KNUTH_SUBTREE root=3781 depth=28 w=5.9650495251e+38 Shat=4.0000000000e+00 Lhat=0.0000000000e+00
KNUTH_SUBTREE root=3782 depth=28 w=4.4817280034e+38 Shat=2.3048000000e+01 Lhat=0.0000000000e+00
KNUTH_SUBTREE root=3783 depth=28 w=3.0053944505e+39 Shat=1.2634600000e+02 Lhat=0.0000000000e+00
KNUTH_SUBTREE root=3784 depth=28 w=2.7891444330e+38 Shat=1.4948000000e+01 Lhat=0.0000000000e+00
KNUTH_SUBTREE root=3785 depth=28 w=1.2128691838e+38 Shat=2.0000000000e+00 Lhat=0.0000000000e+00
KNUTH_SUBTREE root=3786 depth=28 w=4.9522454772e+37 Shat=1.0000000000e+00 Lhat=0.0000000000e+00
KNUTH_SUBTREE root=3787 depth=28 w=3.5217447011e+38 Shat=7.0000000000e+00 Lhat=0.0000000000e+00
KNUTH_SUBTREE root=3788 depth=28 w=1.8990603454e+39 Shat=1.9000000000e+01 Lhat=0.0000000000e+00
KNUTH_SUBTREE root=3789 depth=28 w=1.9258286359e+37 Shat=3.0000000000e+00 Lhat=0.0000000000e+00
KNUTH_SUBTREE root=3790 depth=28 w=3.5689290913e+38 Shat=1.9224000000e+01 Lhat=0.0000000000e+00
KNUTH_SUBTREE root=3791 depth=28 w=5.1265549560e+37 Shat=5.0000000000e+00 Lhat=0.0000000000e+00
KNUTH_SUBTREE root=3792 depth=28 w=1.7003169542e+39 Shat=5.0000000000e+00 Lhat=0.0000000000e+00
KNUTH_SUBTREE root=3793 depth=28 w=5.5353495313e+38 Shat=4.3580000000e+01 Lhat=0.0000000000e+00
KNUTH_SUBTREE root=3794 depth=28 w=4.0224418201e+37 Shat=1.0000000000e+00 Lhat=0.0000000000e+00
KNUTH_SUBTREE root=3795 depth=28 w=1.0573422557e+38 Shat=1.0000000000e+00 Lhat=0.0000000000e+00
KNUTH_SUBTREE root=3796 depth=28 w=5.1100917669e+38 Shat=1.0000000000e+00 Lhat=0.0000000000e+00
KNUTH_SUBTREE root=3797 depth=28 w=0 Shat=0 Lhat=0 dead=1
KNUTH_SUBTREE root=3798 depth=28 w=1.2632696323e+38 Shat=6.0000000000e+00 Lhat=0.0000000000e+00
KNUTH_SUBTREE root=3799 depth=28 w=6.3705257768e+38 Shat=1.0708500000e+02 Lhat=0.0000000000e+00
KNUTH_SUBTREE root=3800 depth=28 w=9.8089047436e+38 Shat=2.0000000000e+00 Lhat=0.0000000000e+00
KNUTH_SUBTREE root=3801 depth=28 w=5.0015316476e+38 Shat=1.0000000000e+00 Lhat=0.0000000000e+00
KNUTH_SUBTREE root=3802 depth=28 w=2.9421649000e+38 Shat=4.0000000000e+00 Lhat=0.0000000000e+00
KNUTH_SUBTREE root=3803 depth=28 w=5.8155098477e+37 Shat=1.0000000000e+00 Lhat=0.0000000000e+00
KNUTH_SUBTREE root=3804 depth=28 w=4.6542651587e+37 Shat=3.0000000000e+00 Lhat=0.0000000000e+00
KNUTH_SUBTREE root=3805 depth=28 w=1.3485690592e+39 Shat=6.0220000000e+00 Lhat=0.0000000000e+00
KNUTH_SUBTREE root=3806 depth=28 w=1.8282739551e+36 Shat=3.0000000000e+00 Lhat=0.0000000000e+00
KNUTH_SUBTREE root=3807 depth=28 w=0 Shat=0 Lhat=0 dead=1
KNUTH_SUBTREE root=3808 depth=28 w=0 Shat=0 Lhat=0 dead=1
KNUTH_SUBTREE root=3809 depth=28 w=1.2639337329e+37 Shat=2.0000000000e+00 Lhat=0.0000000000e+00
KNUTH_SUBTREE root=3810 depth=28 w=1.1879104555e+38 Shat=1.0000000000e+00 Lhat=0.0000000000e+00
KNUTH_SUBTREE root=3811 depth=28 w=6.2103134565e+37 Shat=1.0000000000e+00 Lhat=0.0000000000e+00
KNUTH_SUBTREE root=3812 depth=28 w=7.3231182399e+38 Shat=8.8664000000e+01 Lhat=0.0000000000e+00
KNUTH_SUBTREE root=3813 depth=28 w=7.6762887253e+38 Shat=5.0776000000e+01 Lhat=0.0000000000e+00
KNUTH_SUBTREE root=3814 depth=28 w=3.0283194876e+39 Shat=1.6888000000e+01 Lhat=0.0000000000e+00
KNUTH_SUBTREE root=3815 depth=28 w=1.0272420832e+38 Shat=3.0000000000e+00 Lhat=0.0000000000e+00
KNUTH_SUBTREE root=3816 depth=28 w=2.0306439271e+38 Shat=2.4856000000e+01 Lhat=0.0000000000e+00
KNUTH_SUBTREE root=3817 depth=28 w=2.6561380595e+38 Shat=4.2496000000e+01 Lhat=0.0000000000e+00
KNUTH_SUBTREE root=3818 depth=28 w=7.3326844153e+38 Shat=3.9656000000e+01 Lhat=0.0000000000e+00
KNUTH_SUBTREE root=3819 depth=28 w=2.8780383480e+38 Shat=7.0000000000e+00 Lhat=0.0000000000e+00
KNUTH_SUBTREE root=3820 depth=28 w=5.9235404273e+38 Shat=5.0000000000e+00 Lhat=0.0000000000e+00
KNUTH_SUBTREE root=3821 depth=28 w=3.3081978094e+38 Shat=4.9769000000e+01 Lhat=0.0000000000e+00
KNUTH_SUBTREE root=3822 depth=28 w=3.0313170743e+38 Shat=2.0010000000e+01 Lhat=0.0000000000e+00
KNUTH_SUBTREE root=3823 depth=28 w=1.9605112520e+38 Shat=3.0000000000e+00 Lhat=0.0000000000e+00
KNUTH_SUBTREE root=3824 depth=28 w=2.8817970267e+39 Shat=6.7990000000e+00 Lhat=0.0000000000e+00
KNUTH_SUBTREE root=3825 depth=28 w=1.0929568168e+39 Shat=7.2460000000e+01 Lhat=3.3600000000e+00
KNUTH_SUBTREE root=3826 depth=28 w=6.8743268972e+38 Shat=8.7440000000e+01 Lhat=0.0000000000e+00
KNUTH_SUBTREE root=3827 depth=28 w=2.8126713058e+38 Shat=2.7460000000e+01 Lhat=0.0000000000e+00
KNUTH_SUBTREE root=3828 depth=28 w=1.3888507134e+39 Shat=6.3538000000e+01 Lhat=0.0000000000e+00
KNUTH_SUBTREE root=3829 depth=28 w=0 Shat=0 Lhat=0 dead=1
KNUTH_SUBTREE root=3830 depth=28 w=4.9034277521e+37 Shat=1.0000000000e+00 Lhat=0.0000000000e+00
KNUTH_SUBTREE root=3831 depth=28 w=1.7673337981e+38 Shat=1.3000000000e+01 Lhat=0.0000000000e+00
KNUTH_SUBTREE root=3832 depth=28 w=1.0820269710e+38 Shat=1.0000000000e+00 Lhat=0.0000000000e+00
KNUTH_SUBTREE root=3833 depth=28 w=2.0862681740e+38 Shat=1.9148000000e+01 Lhat=0.0000000000e+00
KNUTH_SUBTREE root=3834 depth=28 w=3.9253293552e+38 Shat=1.7112000000e+01 Lhat=0.0000000000e+00
KNUTH_SUBTREE root=3835 depth=28 w=3.9277728895e+38 Shat=3.6220000000e+01 Lhat=0.0000000000e+00
KNUTH_SUBTREE root=3836 depth=28 w=3.0792675034e+38 Shat=5.0000000000e+00 Lhat=0.0000000000e+00
KNUTH_SUBTREE root=3837 depth=28 w=4.8582332602e+38 Shat=9.0250000000e+00 Lhat=0.0000000000e+00
KNUTH_SUBTREE root=3838 depth=28 w=8.8476063941e+38 Shat=9.5626000000e+01 Lhat=0.0000000000e+00
KNUTH_SUBTREE root=3839 depth=28 w=1.5890195499e+39 Shat=2.0000000000e+00 Lhat=0.0000000000e+00
KNUTH_SUBTREE root=3840 depth=28 w=4.2644951643e+38 Shat=1.6860000000e+01 Lhat=0.0000000000e+00
KNUTH_SUBTREE root=3841 depth=28 w=7.6212101985e+38 Shat=5.0000000000e+00 Lhat=0.0000000000e+00
KNUTH_SUBTREE root=3842 depth=28 w=0 Shat=0 Lhat=0 dead=1
KNUTH_SUBTREE root=3843 depth=28 w=1.3814088433e+38 Shat=3.0000000000e+00 Lhat=0.0000000000e+00
KNUTH_SUBTREE root=3844 depth=28 w=5.2162444558e+37 Shat=3.0000000000e+00 Lhat=0.0000000000e+00
KNUTH_SUBTREE root=3845 depth=28 w=0 Shat=0 Lhat=0 dead=1
KNUTH_SUBTREE root=3846 depth=28 w=3.5382891306e+38 Shat=4.0000000000e+00 Lhat=0.0000000000e+00
KNUTH_SUBTREE root=3847 depth=28 w=1.7662143525e+37 Shat=1.0000000000e+00 Lhat=0.0000000000e+00
KNUTH_SUBTREE root=3848 depth=28 w=0 Shat=0 Lhat=0 dead=1
KNUTH_SUBTREE root=3849 depth=28 w=1.6080141710e+39 Shat=1.0000000000e+00 Lhat=0.0000000000e+00
KNUTH_SUBTREE root=3850 depth=28 w=1.3756471156e+37 Shat=1.0000000000e+00 Lhat=0.0000000000e+00
KNUTH_SUBTREE root=3851 depth=28 w=5.7705463308e+38 Shat=1.0099000000e+01 Lhat=0.0000000000e+00
KNUTH_SUBTREE root=3852 depth=28 w=7.6948240517e+38 Shat=6.4413000000e+01 Lhat=0.0000000000e+00
KNUTH_SUBTREE root=3853 depth=28 w=1.4306750580e+38 Shat=3.0000000000e+00 Lhat=0.0000000000e+00
KNUTH_SUBTREE root=3854 depth=28 w=1.0921767296e+39 Shat=3.8536000000e+01 Lhat=0.0000000000e+00
KNUTH_SUBTREE root=3855 depth=28 w=6.4052645786e+38 Shat=1.5924000000e+01 Lhat=0.0000000000e+00
KNUTH_SUBTREE root=3856 depth=28 w=1.6464555995e+39 Shat=3.0000000000e+00 Lhat=0.0000000000e+00
KNUTH_SUBTREE root=3857 depth=28 w=7.7590098900e+38 Shat=1.0000000000e+00 Lhat=0.0000000000e+00
KNUTH_SUBTREE root=3858 depth=28 w=0 Shat=0 Lhat=0 dead=1
KNUTH_SUBTREE root=3859 depth=28 w=6.2143745645e+37 Shat=4.5875000000e+01 Lhat=0.0000000000e+00
KNUTH_SUBTREE root=3860 depth=28 w=2.5784816153e+38 Shat=1.4070000000e+01 Lhat=0.0000000000e+00
KNUTH_SUBTREE root=3861 depth=28 w=6.4483078319e+38 Shat=1.3000000000e+01 Lhat=0.0000000000e+00
KNUTH_SUBTREE root=3862 depth=28 w=0 Shat=0 Lhat=0 dead=1
KNUTH_SUBTREE root=3863 depth=28 w=7.2093246752e+38 Shat=3.0000000000e+00 Lhat=0.0000000000e+00
KNUTH_SUBTREE root=3864 depth=28 w=2.9709615536e+38 Shat=5.0000000000e+00 Lhat=0.0000000000e+00
KNUTH_SUBTREE root=3865 depth=28 w=1.8205086721e+38 Shat=4.0000000000e+00 Lhat=0.0000000000e+00
KNUTH_SUBTREE root=3866 depth=28 w=1.3139367827e+39 Shat=3.0000000000e+00 Lhat=0.0000000000e+00
KNUTH_SUBTREE root=3867 depth=28 w=2.7820429143e+39 Shat=5.3216000000e+01 Lhat=0.0000000000e+00
KNUTH_SUBTREE root=3868 depth=28 w=1.0161822114e+36 Shat=2.0000000000e+00 Lhat=0.0000000000e+00
KNUTH_SUBTREE root=3869 depth=28 w=2.7025266465e+38 Shat=3.0680000000e+01 Lhat=0.0000000000e+00
KNUTH_SUBTREE root=3870 depth=28 w=1.7688691401e+38 Shat=5.9640000000e+00 Lhat=0.0000000000e+00
KNUTH_SUBTREE root=3871 depth=28 w=1.0073832443e+39 Shat=1.7025000000e+01 Lhat=0.0000000000e+00
KNUTH_SUBTREE root=3872 depth=28 w=6.7101890781e+37 Shat=1.0936000000e+01 Lhat=0.0000000000e+00
KNUTH_SUBTREE root=3873 depth=28 w=1.2663508016e+38 Shat=3.0000000000e+00 Lhat=0.0000000000e+00
KNUTH_SUBTREE root=3874 depth=28 w=5.4314774028e+37 Shat=3.8020000000e+01 Lhat=0.0000000000e+00
KNUTH_SUBTREE root=3875 depth=28 w=3.2169881412e+38 Shat=7.0280000000e+00 Lhat=0.0000000000e+00
KNUTH_SUBTREE root=3876 depth=28 w=5.7873613294e+38 Shat=1.3048000000e+01 Lhat=0.0000000000e+00
KNUTH_SUBTREE root=3877 depth=28 w=1.9447170112e+38 Shat=4.4030000000e+01 Lhat=0.0000000000e+00
KNUTH_SUBTREE root=3878 depth=28 w=3.0185509978e+39 Shat=4.6282000000e+01 Lhat=0.0000000000e+00
KNUTH_SUBTREE root=3879 depth=28 w=5.5900833202e+35 Shat=1.0000000000e+00 Lhat=0.0000000000e+00
KNUTH_SUBTREE root=3880 depth=28 w=3.0931691258e+38 Shat=2.9975000000e+01 Lhat=0.0000000000e+00
KNUTH_SUBTREE root=3881 depth=28 w=5.1800980680e+37 Shat=3.0000000000e+00 Lhat=0.0000000000e+00
KNUTH_SUBTREE root=3882 depth=28 w=2.3273806546e+39 Shat=8.3128000000e+01 Lhat=0.0000000000e+00
KNUTH_SUBTREE root=3883 depth=28 w=5.8051980701e+38 Shat=1.5952000000e+01 Lhat=0.0000000000e+00
KNUTH_SUBTREE root=3884 depth=28 w=3.2143978009e+39 Shat=1.7947000000e+01 Lhat=0.0000000000e+00
KNUTH_SUBTREE root=3885 depth=28 w=2.4111714493e+38 Shat=5.0000000000e+00 Lhat=0.0000000000e+00
KNUTH_SUBTREE root=3886 depth=28 w=1.0801148436e+39 Shat=3.0000000000e+00 Lhat=0.0000000000e+00
KNUTH_SUBTREE root=3887 depth=28 w=7.3680440746e+37 Shat=5.0000000000e+00 Lhat=0.0000000000e+00
KNUTH_SUBTREE root=3888 depth=28 w=0 Shat=0 Lhat=0 dead=1
KNUTH_SUBTREE root=3889 depth=28 w=6.4108803204e+38 Shat=1.0000000000e+00 Lhat=0.0000000000e+00
KNUTH_SUBTREE root=3890 depth=28 w=8.2091707953e+38 Shat=1.1956000000e+01 Lhat=0.0000000000e+00
KNUTH_SUBTREE root=3891 depth=28 w=2.4431471611e+38 Shat=2.9192000000e+01 Lhat=0.0000000000e+00
KNUTH_SUBTREE root=3892 depth=28 w=1.7395125852e+38 Shat=1.0000000000e+00 Lhat=0.0000000000e+00
KNUTH_SUBTREE root=3893 depth=28 w=2.0587114722e+38 Shat=1.9228000000e+01 Lhat=0.0000000000e+00
KNUTH_SUBTREE root=3894 depth=28 w=5.0446901014e+36 Shat=1.0000000000e+00 Lhat=0.0000000000e+00
KNUTH_SUBTREE root=3895 depth=28 w=2.0985135409e+39 Shat=3.0000000000e+00 Lhat=0.0000000000e+00
KNUTH_SUBTREE root=3896 depth=28 w=1.6176372138e+39 Shat=1.0000000000e+01 Lhat=0.0000000000e+00
KNUTH_SUBTREE root=3897 depth=28 w=2.2591855477e+38 Shat=1.0864000000e+01 Lhat=0.0000000000e+00
KNUTH_SUBTREE root=3898 depth=28 w=8.3531639093e+36 Shat=1.0000000000e+00 Lhat=0.0000000000e+00
KNUTH_SUBTREE root=3899 depth=28 w=9.9637305199e+38 Shat=1.2920000000e+01 Lhat=0.0000000000e+00
KNUTH_SUBTREE root=3900 depth=28 w=3.2540660135e+39 Shat=6.9418000000e+01 Lhat=0.0000000000e+00
KNUTH_SUBTREE root=3901 depth=28 w=3.1261947950e+38 Shat=4.0000000000e+00 Lhat=0.0000000000e+00
KNUTH_SUBTREE root=3902 depth=28 w=1.3015418711e+38 Shat=1.9222000000e+01 Lhat=0.0000000000e+00
KNUTH_SUBTREE root=3903 depth=28 w=7.3475780635e+37 Shat=1.2388000000e+01 Lhat=0.0000000000e+00
KNUTH_SUBTREE root=3904 depth=28 w=1.1848775660e+36 Shat=3.0000000000e+00 Lhat=0.0000000000e+00
KNUTH_SUBTREE root=3905 depth=28 w=1.9825595196e+38 Shat=2.9000000000e+01 Lhat=0.0000000000e+00
KNUTH_SUBTREE root=3906 depth=28 w=9.7522616601e+38 Shat=1.0000000000e+00 Lhat=0.0000000000e+00
KNUTH_SUBTREE root=3907 depth=28 w=3.3852089186e+38 Shat=6.0000000000e+00 Lhat=0.0000000000e+00
KNUTH_SUBTREE root=3908 depth=28 w=2.8786277332e+36 Shat=1.0000000000e+00 Lhat=0.0000000000e+00
KNUTH_SUBTREE root=3909 depth=28 w=1.3386201387e+39 Shat=1.3010000000e+01 Lhat=0.0000000000e+00
KNUTH_SUBTREE root=3910 depth=28 w=2.5962555908e+38 Shat=2.0000000000e+00 Lhat=0.0000000000e+00
KNUTH_SUBTREE root=3911 depth=28 w=6.6844838576e+38 Shat=1.4840000000e+01 Lhat=0.0000000000e+00
KNUTH_SUBTREE root=3912 depth=28 w=1.3383738508e+38 Shat=3.3790000000e+01 Lhat=0.0000000000e+00
KNUTH_SUBTREE root=3913 depth=28 w=0 Shat=0 Lhat=0 dead=1
KNUTH_SUBTREE root=3914 depth=28 w=2.3982977811e+38 Shat=2.0000000000e+00 Lhat=0.0000000000e+00
KNUTH_SUBTREE root=3915 depth=28 w=1.3430078952e+38 Shat=7.0000000000e+00 Lhat=0.0000000000e+00
KNUTH_SUBTREE root=3916 depth=28 w=5.2443141696e+37 Shat=1.0000000000e+00 Lhat=0.0000000000e+00
KNUTH_SUBTREE root=3917 depth=28 w=3.5722075821e+38 Shat=4.6450000000e+01 Lhat=0.0000000000e+00
KNUTH_SUBTREE root=3918 depth=28 w=3.6394700144e+38 Shat=1.1076000000e+01 Lhat=0.0000000000e+00
KNUTH_SUBTREE root=3919 depth=28 w=2.3967563127e+39 Shat=4.1530000000e+01 Lhat=0.0000000000e+00
KNUTH_SUBTREE root=3920 depth=28 w=6.0938006980e+37 Shat=1.0000000000e+00 Lhat=0.0000000000e+00
KNUTH_SUBTREE root=3921 depth=28 w=2.4914365500e+39 Shat=7.1992000000e+01 Lhat=0.0000000000e+00
KNUTH_SUBTREE root=3922 depth=28 w=2.0195965283e+39 Shat=5.5544000000e+01 Lhat=0.0000000000e+00
KNUTH_SUBTREE root=3923 depth=28 w=1.6690324384e+39 Shat=6.9760000000e+00 Lhat=0.0000000000e+00
KNUTH_SUBTREE root=3924 depth=28 w=3.1936003453e+38 Shat=5.8232000000e+01 Lhat=0.0000000000e+00
KNUTH_SUBTREE root=3925 depth=28 w=8.5949404637e+38 Shat=1.0000000000e+01 Lhat=0.0000000000e+00
KNUTH_SUBTREE root=3926 depth=28 w=9.6463650727e+38 Shat=3.6996000000e+01 Lhat=0.0000000000e+00
KNUTH_SUBTREE root=3927 depth=28 w=1.3317293791e+39 Shat=1.0000000000e+00 Lhat=0.0000000000e+00
KNUTH_SUBTREE root=3928 depth=28 w=2.8037251911e+39 Shat=4.0000000000e+00 Lhat=0.0000000000e+00
KNUTH_SUBTREE root=3929 depth=28 w=1.2889516357e+38 Shat=2.4924000000e+01 Lhat=0.0000000000e+00
KNUTH_SUBTREE root=3930 depth=28 w=2.5479125556e+38 Shat=2.9236000000e+01 Lhat=0.0000000000e+00
KNUTH_SUBTREE root=3931 depth=28 w=2.4388345689e+39 Shat=2.2280000000e+01 Lhat=0.0000000000e+00
KNUTH_SUBTREE root=3932 depth=28 w=5.8608972343e+38 Shat=8.0230000000e+01 Lhat=0.0000000000e+00
KNUTH_SUBTREE root=3933 depth=28 w=1.3448345260e+39 Shat=1.6390000000e+01 Lhat=0.0000000000e+00
KNUTH_SUBTREE root=3934 depth=28 w=1.7760526325e+39 Shat=4.0000000000e+00 Lhat=0.0000000000e+00
KNUTH_SUBTREE root=3935 depth=28 w=2.9580562752e+38 Shat=1.3000000000e+01 Lhat=0.0000000000e+00
KNUTH_SUBTREE root=3936 depth=28 w=9.1393923877e+37 Shat=6.0400000000e+00 Lhat=0.0000000000e+00
KNUTH_SUBTREE root=3937 depth=28 w=3.4206693904e+38 Shat=1.0056000000e+01 Lhat=0.0000000000e+00
KNUTH_SUBTREE root=3938 depth=28 w=7.2226854925e+36 Shat=2.9000000000e+01 Lhat=0.0000000000e+00
KNUTH_SUBTREE root=3939 depth=28 w=4.9827831401e+38 Shat=1.0000000000e+00 Lhat=0.0000000000e+00
KNUTH_SUBTREE root=3940 depth=28 w=1.3340640586e+37 Shat=2.0000000000e+00 Lhat=0.0000000000e+00
KNUTH_SUBTREE root=3941 depth=28 w=2.8482669317e+37 Shat=3.0000000000e+00 Lhat=0.0000000000e+00
KNUTH_SUBTREE root=3942 depth=28 w=3.7295957366e+38 Shat=9.9100000000e+00 Lhat=0.0000000000e+00
KNUTH_SUBTREE root=3943 depth=28 w=7.5923103774e+37 Shat=2.0000000000e+00 Lhat=0.0000000000e+00
KNUTH_SUBTREE root=3944 depth=28 w=4.6795175922e+38 Shat=2.1000000000e+01 Lhat=0.0000000000e+00
KNUTH_SUBTREE root=3945 depth=28 w=6.7837629084e+38 Shat=1.1004000000e+01 Lhat=0.0000000000e+00
KNUTH_SUBTREE root=3946 depth=28 w=2.4792935565e+39 Shat=1.1810000000e+01 Lhat=0.0000000000e+00
KNUTH_SUBTREE root=3947 depth=28 w=2.1695693916e+36 Shat=1.0000000000e+00 Lhat=0.0000000000e+00
KNUTH_SUBTREE root=3948 depth=28 w=1.9507074647e+38 Shat=2.0000000000e+00 Lhat=0.0000000000e+00
KNUTH_SUBTREE root=3949 depth=28 w=3.2152096092e+38 Shat=6.5770000000e+01 Lhat=0.0000000000e+00
KNUTH_SUBTREE root=3950 depth=28 w=4.8533169761e+36 Shat=5.0000000000e+00 Lhat=0.0000000000e+00
KNUTH_SUBTREE root=3951 depth=28 w=1.1235987391e+39 Shat=1.2733000000e+02 Lhat=1.3650000000e+01
KNUTH_SUBTREE root=3952 depth=28 w=0 Shat=0 Lhat=0 dead=1
KNUTH_SUBTREE root=3953 depth=28 w=2.1466634683e+38 Shat=6.8325000000e+01 Lhat=0.0000000000e+00
KNUTH_SUBTREE root=3954 depth=28 w=5.2597273381e+38 Shat=1.3000000000e+01 Lhat=0.0000000000e+00
KNUTH_SUBTREE root=3955 depth=28 w=6.4865301261e+38 Shat=2.0000000000e+00 Lhat=0.0000000000e+00
KNUTH_SUBTREE root=3956 depth=28 w=6.5179770440e+37 Shat=4.0000000000e+00 Lhat=0.0000000000e+00
KNUTH_SUBTREE root=3957 depth=28 w=7.5424609740e+38 Shat=9.8244000000e+01 Lhat=0.0000000000e+00
KNUTH_SUBTREE root=3958 depth=28 w=2.4220947667e+39 Shat=2.1392000000e+01 Lhat=0.0000000000e+00
KNUTH_SUBTREE root=3959 depth=28 w=1.9534843233e+39 Shat=1.0000000000e+01 Lhat=0.0000000000e+00
KNUTH_SUBTREE root=3960 depth=28 w=1.4532423928e+39 Shat=4.8440000000e+01 Lhat=0.0000000000e+00
KNUTH_SUBTREE root=3961 depth=28 w=4.7079979607e+38 Shat=3.0000000000e+00 Lhat=0.0000000000e+00
KNUTH_SUBTREE root=3962 depth=28 w=1.0278495785e+39 Shat=9.4856000000e+01 Lhat=0.0000000000e+00
KNUTH_SUBTREE root=3963 depth=28 w=1.9425119531e+37 Shat=3.0000000000e+00 Lhat=0.0000000000e+00
KNUTH_SUBTREE root=3964 depth=28 w=1.4646353487e+39 Shat=7.0000000000e+00 Lhat=0.0000000000e+00
KNUTH_SUBTREE root=3965 depth=28 w=3.0655982435e+39 Shat=4.3485000000e+01 Lhat=0.0000000000e+00
KNUTH_SUBTREE root=3966 depth=28 w=2.3488147408e+39 Shat=1.6102000000e+01 Lhat=0.0000000000e+00
KNUTH_SUBTREE root=3967 depth=28 w=6.6337623587e+38 Shat=7.1824000000e+01 Lhat=0.0000000000e+00
KNUTH_SUBTREE root=3968 depth=28 w=1.6448194435e+38 Shat=2.0000000000e+00 Lhat=0.0000000000e+00
KNUTH_SUBTREE root=3969 depth=28 w=0 Shat=0 Lhat=0 dead=1
KNUTH_SUBTREE root=3970 depth=28 w=3.5676105785e+39 Shat=3.9864000000e+01 Lhat=0.0000000000e+00
KNUTH_SUBTREE root=3971 depth=28 w=4.2163309571e+38 Shat=1.7024000000e+01 Lhat=0.0000000000e+00
KNUTH_SUBTREE root=3972 depth=28 w=1.8423429048e+38 Shat=7.0000000000e+00 Lhat=0.0000000000e+00
KNUTH_SUBTREE root=3973 depth=28 w=1.1054974171e+39 Shat=2.0000000000e+00 Lhat=0.0000000000e+00
KNUTH_SUBTREE root=3974 depth=28 w=0 Shat=0 Lhat=0 dead=1
KNUTH_SUBTREE root=3975 depth=28 w=9.1046582625e+38 Shat=2.3666000000e+01 Lhat=0.0000000000e+00
KNUTH_SUBTREE root=3976 depth=28 w=5.2689327097e+37 Shat=2.0000000000e+00 Lhat=0.0000000000e+00
KNUTH_SUBTREE root=3977 depth=28 w=0 Shat=0 Lhat=0 dead=1
KNUTH_SUBTREE root=3978 depth=28 w=1.6095685557e+39 Shat=1.4896000000e+01 Lhat=0.0000000000e+00
KNUTH_SUBTREE root=3979 depth=28 w=2.5123576640e+37 Shat=5.0000000000e+00 Lhat=0.0000000000e+00
KNUTH_SUBTREE root=3980 depth=28 w=2.4499738187e+35 Shat=5.0000000000e+00 Lhat=0.0000000000e+00
KNUTH_SUBTREE root=3981 depth=28 w=8.4472708864e+37 Shat=1.0976000000e+01 Lhat=0.0000000000e+00
KNUTH_SUBTREE root=3982 depth=28 w=1.0749426324e+38 Shat=2.0000000000e+00 Lhat=0.0000000000e+00
KNUTH_SUBTREE root=3983 depth=28 w=4.6432803658e+38 Shat=1.1128000000e+01 Lhat=0.0000000000e+00
KNUTH_SUBTREE root=3984 depth=28 w=5.4302931971e+37 Shat=1.0000000000e+00 Lhat=0.0000000000e+00
KNUTH_SUBTREE root=3985 depth=28 w=2.6727096607e+37 Shat=3.0000000000e+00 Lhat=0.0000000000e+00
KNUTH_SUBTREE root=3986 depth=28 w=0 Shat=0 Lhat=0 dead=1
KNUTH_SUBTREE root=3987 depth=28 w=9.9842072854e+37 Shat=9.0000000000e+00 Lhat=0.0000000000e+00
KNUTH_SUBTREE root=3988 depth=28 w=6.2881088904e+38 Shat=6.0164000000e+01 Lhat=0.0000000000e+00
KNUTH_SUBTREE root=3989 depth=28 w=3.1441534584e+38 Shat=4.0000000000e+00 Lhat=0.0000000000e+00
KNUTH_SUBTREE root=3990 depth=28 w=1.8903438598e+39 Shat=1.0000000000e+00 Lhat=0.0000000000e+00
KNUTH_SUBTREE root=3991 depth=28 w=2.9753779765e+39 Shat=1.7478000000e+01 Lhat=0.0000000000e+00
KNUTH_SUBTREE root=3992 depth=28 w=3.7864921994e+36 Shat=1.0000000000e+00 Lhat=0.0000000000e+00
KNUTH_SUBTREE root=3993 depth=28 w=2.0956839529e+39 Shat=3.2830000000e+01 Lhat=0.0000000000e+00
KNUTH_SUBTREE root=3994 depth=28 w=6.0608628518e+38 Shat=1.4087400000e+02 Lhat=0.0000000000e+00
KNUTH_SUBTREE root=3995 depth=28 w=2.2757190034e+38 Shat=1.8028000000e+01 Lhat=0.0000000000e+00
KNUTH_SUBTREE root=3996 depth=28 w=4.1283936331e+39 Shat=1.4968000000e+01 Lhat=0.0000000000e+00
KNUTH_SUBTREE root=3997 depth=28 w=3.1668664300e+38 Shat=1.0000000000e+01 Lhat=0.0000000000e+00
KNUTH_SUBTREE root=3998 depth=28 w=4.8317609906e+37 Shat=1.0000000000e+01 Lhat=0.0000000000e+00
KNUTH_SUBTREE root=3999 depth=28 w=1.0472401098e+38 Shat=2.0200000000e+01 Lhat=0.0000000000e+00
KNUTH_SUBTREE root=4000 depth=28 w=2.8401519196e+38 Shat=1.3000000000e+01 Lhat=0.0000000000e+00
KNUTH_SUBTREE root=4001 depth=28 w=1.8770003217e+38 Shat=4.0000000000e+00 Lhat=0.0000000000e+00
KNUTH_SUBTREE root=4002 depth=28 w=3.7254410488e+38 Shat=5.0000000000e+00 Lhat=0.0000000000e+00
KNUTH_SUBTREE root=4003 depth=28 w=7.0154507218e+36 Shat=5.0000000000e+00 Lhat=0.0000000000e+00
KNUTH_SUBTREE root=4004 depth=28 w=1.4300921267e+39 Shat=4.0000000000e+00 Lhat=0.0000000000e+00
KNUTH_SUBTREE root=4005 depth=28 w=8.3207165051e+38 Shat=3.8080000000e+01 Lhat=0.0000000000e+00
KNUTH_SUBTREE root=4006 depth=28 w=7.1309545873e+38 Shat=3.0070000000e+01 Lhat=0.0000000000e+00
KNUTH_SUBTREE root=4007 depth=28 w=4.8206789643e+35 Shat=3.0000000000e+00 Lhat=0.0000000000e+00
KNUTH_SUBTREE root=4008 depth=28 w=1.9710572310e+39 Shat=3.5926000000e+01 Lhat=0.0000000000e+00
KNUTH_SUBTREE root=4009 depth=28 w=9.1969022972e+38 Shat=1.3000000000e+01 Lhat=0.0000000000e+00
KNUTH_SUBTREE root=4010 depth=28 w=1.5800363242e+39 Shat=3.0000000000e+00 Lhat=0.0000000000e+00
KNUTH_SUBTREE root=4011 depth=28 w=3.7425403837e+38 Shat=3.6690000000e+01 Lhat=0.0000000000e+00
KNUTH_SUBTREE root=4012 depth=28 w=2.2412908544e+39 Shat=2.7028000000e+01 Lhat=0.0000000000e+00
KNUTH_SUBTREE root=4013 depth=28 w=1.1148159028e+38 Shat=1.0000000000e+00 Lhat=0.0000000000e+00
KNUTH_SUBTREE root=4014 depth=28 w=4.4964763977e+38 Shat=2.9959000000e+01 Lhat=0.0000000000e+00
KNUTH_SUBTREE root=4015 depth=28 w=9.9807088801e+38 Shat=1.9000000000e+01 Lhat=0.0000000000e+00
KNUTH_SUBTREE root=4016 depth=28 w=8.4244092337e+37 Shat=7.0000000000e+00 Lhat=0.0000000000e+00
KNUTH_SUBTREE root=4017 depth=28 w=1.2096862422e+39 Shat=1.0000000000e+01 Lhat=0.0000000000e+00
KNUTH_SUBTREE root=4018 depth=28 w=4.5200994064e+38 Shat=3.0000000000e+00 Lhat=0.0000000000e+00
KNUTH_SUBTREE root=4019 depth=28 w=2.5469369747e+38 Shat=1.0856000000e+01 Lhat=0.0000000000e+00
KNUTH_SUBTREE root=4020 depth=28 w=5.8728055910e+38 Shat=2.2483200000e+02 Lhat=0.0000000000e+00
KNUTH_SUBTREE root=4021 depth=28 w=3.2088537063e+38 Shat=5.6960000000e+01 Lhat=0.0000000000e+00
KNUTH_SUBTREE root=4022 depth=28 w=2.4591737727e+37 Shat=1.0000000000e+00 Lhat=0.0000000000e+00
KNUTH_SUBTREE root=4023 depth=28 w=7.2835973133e+38 Shat=4.0000000000e+00 Lhat=0.0000000000e+00
KNUTH_SUBTREE root=4024 depth=28 w=4.2783319967e+38 Shat=1.0960000000e+01 Lhat=0.0000000000e+00
KNUTH_SUBTREE root=4025 depth=28 w=5.1633123686e+37 Shat=1.0000000000e+00 Lhat=0.0000000000e+00
KNUTH_SUBTREE root=4026 depth=28 w=1.9148401350e+39 Shat=5.0000000000e+00 Lhat=0.0000000000e+00
KNUTH_SUBTREE root=4027 depth=28 w=5.9137282640e+38 Shat=2.1000000000e+01 Lhat=0.0000000000e+00
KNUTH_SUBTREE root=4028 depth=28 w=1.1613218185e+38 Shat=1.0000000000e+00 Lhat=0.0000000000e+00
KNUTH_SUBTREE root=4029 depth=28 w=5.5581905180e+38 Shat=2.7052000000e+01 Lhat=0.0000000000e+00
KNUTH_SUBTREE root=4030 depth=28 w=0 Shat=0 Lhat=0 dead=1
KNUTH_SUBTREE root=4031 depth=28 w=6.2035058409e+38 Shat=1.0000000000e+01 Lhat=0.0000000000e+00
KNUTH_SUBTREE root=4032 depth=28 w=9.5618827008e+38 Shat=9.0000000000e+00 Lhat=0.0000000000e+00
KNUTH_SUBTREE root=4033 depth=28 w=4.8083396154e+37 Shat=1.0000000000e+01 Lhat=0.0000000000e+00
KNUTH_SUBTREE root=4034 depth=28 w=2.6954009253e+37 Shat=1.0000000000e+00 Lhat=0.0000000000e+00
KNUTH_SUBTREE root=4035 depth=28 w=0 Shat=0 Lhat=0 dead=1
KNUTH_SUBTREE root=4036 depth=28 w=6.1615472624e+37 Shat=4.0000000000e+00 Lhat=0.0000000000e+00
KNUTH_SUBTREE root=4037 depth=28 w=4.7133321835e+37 Shat=1.0000000000e+00 Lhat=0.0000000000e+00
KNUTH_SUBTREE root=4038 depth=28 w=1.5452249450e+37 Shat=3.0000000000e+00 Lhat=0.0000000000e+00
KNUTH_SUBTREE root=4039 depth=28 w=6.8546199752e+37 Shat=7.0000000000e+00 Lhat=0.0000000000e+00
KNUTH_SUBTREE root=4040 depth=28 w=1.9181894858e+38 Shat=1.0000000000e+00 Lhat=0.0000000000e+00
KNUTH_SUBTREE root=4041 depth=28 w=1.2127815253e+37 Shat=1.0000000000e+00 Lhat=0.0000000000e+00
KNUTH_SUBTREE root=4042 depth=28 w=3.9726455338e+37 Shat=5.0000000000e+00 Lhat=0.0000000000e+00
KNUTH_SUBTREE root=4043 depth=28 w=1.9884010147e+38 Shat=1.0000000000e+01 Lhat=0.0000000000e+00
KNUTH_SUBTREE root=4044 depth=28 w=1.8569301842e+38 Shat=5.8600000000e+00 Lhat=0.0000000000e+00
KNUTH_SUBTREE root=4045 depth=28 w=7.1242836813e+38 Shat=5.0000000000e+00 Lhat=0.0000000000e+00
KNUTH_SUBTREE root=4046 depth=28 w=6.4706479892e+38 Shat=1.7638000000e+01 Lhat=0.0000000000e+00
KNUTH_SUBTREE root=4047 depth=28 w=1.7762729693e+39 Shat=1.0406800000e+02 Lhat=0.0000000000e+00
KNUTH_SUBTREE root=4048 depth=28 w=3.4029927001e+38 Shat=3.4980000000e+01 Lhat=0.0000000000e+00
KNUTH_SUBTREE root=4049 depth=28 w=1.1460383849e+39 Shat=3.3820000000e+01 Lhat=0.0000000000e+00
KNUTH_SUBTREE root=4050 depth=28 w=1.9026084050e+39 Shat=3.3508000000e+01 Lhat=0.0000000000e+00
KNUTH_SUBTREE root=4051 depth=28 w=1.9882340038e+38 Shat=3.3436000000e+01 Lhat=0.0000000000e+00
KNUTH_SUBTREE root=4052 depth=28 w=2.6120770032e+38 Shat=1.0000000000e+00 Lhat=0.0000000000e+00
KNUTH_SUBTREE root=4053 depth=28 w=1.0688072421e+39 Shat=5.9140000000e+00 Lhat=0.0000000000e+00
KNUTH_SUBTREE root=4054 depth=28 w=1.9632044058e+39 Shat=8.9200000000e+00 Lhat=0.0000000000e+00
KNUTH_SUBTREE root=4055 depth=28 w=1.8992861808e+39 Shat=3.9035000000e+01 Lhat=0.0000000000e+00
KNUTH_SUBTREE root=4056 depth=28 w=1.0559570722e+39 Shat=5.0000000000e+00 Lhat=0.0000000000e+00
KNUTH_SUBTREE root=4057 depth=28 w=1.5923189323e+39 Shat=1.1060000000e+01 Lhat=0.0000000000e+00
KNUTH_SUBTREE root=4058 depth=28 w=8.0959617637e+37 Shat=2.1000000000e+01 Lhat=0.0000000000e+00
KNUTH_SUBTREE root=4059 depth=28 w=4.4667744077e+38 Shat=1.1962000000e+01 Lhat=0.0000000000e+00
KNUTH_SUBTREE root=4060 depth=28 w=1.9135547050e+38 Shat=1.0000000000e+01 Lhat=0.0000000000e+00
KNUTH_SUBTREE root=4061 depth=28 w=1.6617280110e+39 Shat=5.0000000000e+00 Lhat=0.0000000000e+00
KNUTH_SUBTREE root=4062 depth=28 w=2.5439304047e+38 Shat=3.7304000000e+01 Lhat=0.0000000000e+00
KNUTH_SUBTREE root=4063 depth=28 w=3.2504781033e+38 Shat=1.1000000000e+01 Lhat=0.0000000000e+00
KNUTH_SUBTREE root=4064 depth=28 w=6.1951273547e+38 Shat=1.0000000000e+01 Lhat=0.0000000000e+00
KNUTH_SUBTREE root=4065 depth=28 w=1.3986760582e+39 Shat=5.0000000000e+00 Lhat=0.0000000000e+00
KNUTH_SUBTREE root=4066 depth=28 w=7.2338264636e+38 Shat=7.7832000000e+01 Lhat=0.0000000000e+00
KNUTH_SUBTREE root=4067 depth=28 w=2.0968365151e+38 Shat=6.6776000000e+01 Lhat=0.0000000000e+00
KNUTH_SUBTREE root=4068 depth=28 w=3.8056616107e+39 Shat=1.8984000000e+01 Lhat=0.0000000000e+00
KNUTH_SUBTREE root=4069 depth=28 w=4.0108752408e+38 Shat=5.0000000000e+00 Lhat=0.0000000000e+00
KNUTH_SUBTREE root=4070 depth=28 w=6.2199985321e+38 Shat=3.0000000000e+00 Lhat=0.0000000000e+00
KNUTH_SUBTREE root=4071 depth=28 w=2.3666214685e+39 Shat=6.6280000000e+01 Lhat=0.0000000000e+00
KNUTH_SUBTREE root=4072 depth=28 w=2.2646521039e+38 Shat=5.0140000000e+01 Lhat=0.0000000000e+00
KNUTH_SUBTREE root=4073 depth=28 w=2.0669760123e+37 Shat=9.0000000000e+00 Lhat=0.0000000000e+00
KNUTH_SUBTREE root=4074 depth=28 w=4.4313110130e+38 Shat=1.2998000000e+01 Lhat=0.0000000000e+00
KNUTH_SUBTREE root=4075 depth=28 w=2.4737589777e+38 Shat=2.2672000000e+01 Lhat=0.0000000000e+00
KNUTH_SUBTREE root=4076 depth=28 w=4.9802785207e+38 Shat=2.6860000000e+01 Lhat=0.0000000000e+00
KNUTH_SUBTREE root=4077 depth=28 w=4.3709637170e+38 Shat=1.1832000000e+01 Lhat=0.0000000000e+00
KNUTH_SUBTREE root=4078 depth=28 w=3.1161351436e+39 Shat=1.0763800000e+02 Lhat=0.0000000000e+00
KNUTH_SUBTREE root=4079 depth=28 w=1.1262920598e+39 Shat=6.0283000000e+01 Lhat=0.0000000000e+00
KNUTH_SUBTREE root=4080 depth=28 w=3.5195927924e+38 Shat=3.0000000000e+00 Lhat=0.0000000000e+00
KNUTH_SUBTREE root=4081 depth=28 w=1.0357661610e+38 Shat=4.9400000000e+00 Lhat=0.0000000000e+00
KNUTH_SUBTREE root=4082 depth=28 w=8.4295767548e+38 Shat=1.0000000000e+00 Lhat=0.0000000000e+00
KNUTH_SUBTREE root=4083 depth=28 w=7.6795063895e+38 Shat=3.1452000000e+01 Lhat=0.0000000000e+00
KNUTH_SUBTREE root=4084 depth=28 w=0 Shat=0 Lhat=0 dead=1
KNUTH_SUBTREE root=4085 depth=28 w=8.1364330573e+38 Shat=2.1208000000e+01 Lhat=0.0000000000e+00
KNUTH_SUBTREE root=4086 depth=28 w=2.1058715570e+38 Shat=1.3000000000e+01 Lhat=0.0000000000e+00
KNUTH_SUBTREE root=4087 depth=28 w=1.4164105133e+39 Shat=1.3972000000e+01 Lhat=0.0000000000e+00
KNUTH_SUBTREE root=4088 depth=28 w=2.1658942813e+39 Shat=4.2592000000e+01 Lhat=0.0000000000e+00
KNUTH_SUBTREE root=4089 depth=28 w=0 Shat=0 Lhat=0 dead=1
KNUTH_SUBTREE root=4090 depth=28 w=7.1077302757e+37 Shat=5.0000000000e+00 Lhat=0.0000000000e+00
KNUTH_SUBTREE root=4091 depth=28 w=2.0760971789e+38 Shat=1.0000000000e+00 Lhat=0.0000000000e+00
KNUTH_SUBTREE root=4092 depth=28 w=3.2659121333e+38 Shat=5.8470000000e+01 Lhat=0.0000000000e+00
KNUTH_SUBTREE root=4093 depth=28 w=1.0154185493e+38 Shat=3.0000000000e+00 Lhat=0.0000000000e+00
KNUTH_SUBTREE root=4094 depth=28 w=1.8494932353e+38 Shat=6.1300000000e+00 Lhat=0.0000000000e+00
KNUTH_SUBTREE root=4095 depth=28 w=5.2803742967e+37 Shat=4.0000000000e+00 Lhat=0.0000000000e+00
KNUTH_SUBTREE root=4096 depth=28 w=2.7401114698e+39 Shat=4.0000000000e+00 Lhat=0.0000000000e+00
KNUTH_SUBTREE root=4097 depth=28 w=1.6713620569e+38 Shat=6.0000000000e+00 Lhat=0.0000000000e+00
KNUTH_SUBTREE root=4098 depth=28 w=1.7567524586e+39 Shat=1.7962000000e+01 Lhat=0.0000000000e+00
KNUTH_SUBTREE root=4099 depth=28 w=0 Shat=0 Lhat=0 dead=1
KNUTH_SUBTREE root=4100 depth=28 w=3.5944127058e+38 Shat=6.8050000000e+01 Lhat=0.0000000000e+00
KNUTH_SUBTREE root=4101 depth=28 w=6.5416654581e+38 Shat=2.2684000000e+01 Lhat=0.0000000000e+00
KNUTH_SUBTREE root=4102 depth=28 w=2.8668892030e+38 Shat=6.0704000000e+01 Lhat=0.0000000000e+00
KNUTH_SUBTREE root=4103 depth=28 w=1.1939723831e+39 Shat=7.0852000000e+01 Lhat=0.0000000000e+00
KNUTH_SUBTREE root=4104 depth=28 w=2.4963392312e+39 Shat=4.4020000000e+01 Lhat=0.0000000000e+00
KNUTH_SUBTREE root=4105 depth=28 w=2.7453829215e+39 Shat=3.2715000000e+01 Lhat=0.0000000000e+00
KNUTH_SUBTREE root=4106 depth=28 w=3.3135612164e+38 Shat=7.1938000000e+01 Lhat=0.0000000000e+00
KNUTH_SUBTREE root=4107 depth=28 w=2.4502469066e+37 Shat=1.0000000000e+00 Lhat=0.0000000000e+00
KNUTH_SUBTREE root=4108 depth=28 w=6.5151762333e+38 Shat=5.0000000000e+00 Lhat=0.0000000000e+00
KNUTH_SUBTREE root=4109 depth=28 w=8.9074267974e+37 Shat=2.0000000000e+00 Lhat=0.0000000000e+00
KNUTH_SUBTREE root=4110 depth=28 w=2.2132863369e+39 Shat=2.7194000000e+01 Lhat=0.0000000000e+00
KNUTH_SUBTREE root=4111 depth=28 w=1.0315216425e+39 Shat=1.1902000000e+01 Lhat=0.0000000000e+00
KNUTH_SUBTREE root=4112 depth=28 w=2.7408608385e+38 Shat=1.3000000000e+01 Lhat=0.0000000000e+00
KNUTH_SUBTREE root=4113 depth=28 w=7.6925631433e+38 Shat=6.2188000000e+01 Lhat=0.0000000000e+00
KNUTH_SUBTREE root=4114 depth=28 w=3.4007761573e+38 Shat=8.8400000000e+00 Lhat=0.0000000000e+00
KNUTH_SUBTREE root=4115 depth=28 w=1.3133937330e+38 Shat=4.0000000000e+00 Lhat=0.0000000000e+00
KNUTH_SUBTREE root=4116 depth=28 w=9.5511467621e+38 Shat=2.1905000000e+01 Lhat=0.0000000000e+00
KNUTH_SUBTREE root=4117 depth=28 w=1.9776308556e+38 Shat=5.3738000000e+01 Lhat=0.0000000000e+00
KNUTH_SUBTREE root=4118 depth=28 w=3.3477501290e+39 Shat=3.1920000000e+01 Lhat=0.0000000000e+00
KNUTH_SUBTREE root=4119 depth=28 w=1.9320727111e+38 Shat=7.9160000000e+00 Lhat=0.0000000000e+00
KNUTH_SUBTREE root=4120 depth=28 w=5.2048754588e+37 Shat=9.0000000000e+00 Lhat=0.0000000000e+00
KNUTH_SUBTREE root=4121 depth=28 w=1.2832973042e+37 Shat=1.0000000000e+00 Lhat=0.0000000000e+00
KNUTH_SUBTREE root=4122 depth=28 w=7.9442492862e+38 Shat=6.4150000000e+01 Lhat=0.0000000000e+00
KNUTH_SUBTREE root=4123 depth=28 w=3.1709383880e+37 Shat=7.0000000000e+00 Lhat=0.0000000000e+00
KNUTH_SUBTREE root=4124 depth=28 w=6.3931965443e+38 Shat=1.3000000000e+01 Lhat=0.0000000000e+00
KNUTH_SUBTREE root=4125 depth=28 w=6.0450081751e+37 Shat=1.3948000000e+01 Lhat=0.0000000000e+00
KNUTH_SUBTREE root=4126 depth=28 w=3.8302967845e+38 Shat=4.3776000000e+01 Lhat=0.0000000000e+00
KNUTH_SUBTREE root=4127 depth=28 w=6.9673958026e+38 Shat=5.9290000000e+00 Lhat=0.0000000000e+00
KNUTH_SUBTREE root=4128 depth=28 w=2.0987339498e+39 Shat=3.0000000000e+00 Lhat=0.0000000000e+00
KNUTH_SUBTREE root=4129 depth=28 w=4.1007647641e+38 Shat=3.6982000000e+01 Lhat=0.0000000000e+00
KNUTH_SUBTREE root=4130 depth=28 w=1.7839254505e+38 Shat=1.0000000000e+00 Lhat=0.0000000000e+00
KNUTH_SUBTREE root=4131 depth=28 w=3.7877569022e+38 Shat=1.4850000000e+01 Lhat=0.0000000000e+00
KNUTH_SUBTREE root=4132 depth=28 w=2.4029166743e+38 Shat=2.1000000000e+01 Lhat=0.0000000000e+00
KNUTH_SUBTREE root=4133 depth=28 w=1.1357818087e+39 Shat=2.5128000000e+01 Lhat=0.0000000000e+00
KNUTH_SUBTREE root=4134 depth=28 w=4.1597902852e+37 Shat=1.2912000000e+01 Lhat=0.0000000000e+00
KNUTH_SUBTREE root=4135 depth=28 w=2.5043171161e+38 Shat=2.9136000000e+01 Lhat=0.0000000000e+00
KNUTH_SUBTREE root=4136 depth=28 w=4.6960804472e+38 Shat=2.8440000000e+01 Lhat=0.0000000000e+00
KNUTH_SUBTREE root=4137 depth=28 w=1.2549901188e+38 Shat=2.0000000000e+00 Lhat=0.0000000000e+00
KNUTH_SUBTREE root=4138 depth=28 w=5.3046531420e+38 Shat=3.5956000000e+01 Lhat=0.0000000000e+00
KNUTH_SUBTREE root=4139 depth=28 w=2.5549332882e+39 Shat=5.7744000000e+01 Lhat=0.0000000000e+00
KNUTH_SUBTREE root=4140 depth=28 w=1.7436863580e+38 Shat=9.7432000000e+01 Lhat=1.5576000000e+01
KNUTH_SUBTREE root=4141 depth=28 w=2.8087761231e+38 Shat=1.0000000000e+01 Lhat=0.0000000000e+00
KNUTH_SUBTREE root=4142 depth=28 w=1.9216474363e+38 Shat=5.0000000000e+00 Lhat=0.0000000000e+00
KNUTH_SUBTREE root=4143 depth=28 w=2.8096346409e+39 Shat=8.3416000000e+01 Lhat=0.0000000000e+00
KNUTH_SUBTREE root=4144 depth=28 w=4.2489100429e+38 Shat=1.3948000000e+01 Lhat=0.0000000000e+00
KNUTH_SUBTREE root=4145 depth=28 w=2.5552759597e+38 Shat=4.5112000000e+01 Lhat=0.0000000000e+00
KNUTH_SUBTREE root=4146 depth=28 w=2.5548662679e+37 Shat=1.0000000000e+00 Lhat=0.0000000000e+00
KNUTH_SUBTREE root=4147 depth=28 w=0 Shat=0 Lhat=0 dead=1
KNUTH_SUBTREE root=4148 depth=28 w=4.8959695126e+37 Shat=3.0000000000e+00 Lhat=0.0000000000e+00
KNUTH_SUBTREE root=4149 depth=28 w=6.4889797751e+38 Shat=5.0000000000e+00 Lhat=0.0000000000e+00
KNUTH_SUBTREE root=4150 depth=28 w=3.7153220245e+36 Shat=5.0000000000e+00 Lhat=0.0000000000e+00
KNUTH_SUBTREE root=4151 depth=28 w=3.0531872314e+39 Shat=7.0000000000e+00 Lhat=0.0000000000e+00
KNUTH_SUBTREE root=4152 depth=28 w=1.9446225522e+39 Shat=1.0000000000e+00 Lhat=0.0000000000e+00
KNUTH_SUBTREE root=4153 depth=28 w=6.4443646199e+37 Shat=1.0000000000e+00 Lhat=0.0000000000e+00
KNUTH_SUBTREE root=4154 depth=28 w=1.6769369391e+37 Shat=2.0000000000e+00 Lhat=0.0000000000e+00
KNUTH_SUBTREE root=4155 depth=28 w=4.2315355599e+38 Shat=6.0000000000e+00 Lhat=0.0000000000e+00
KNUTH_SUBTREE root=4156 depth=28 w=6.6377673206e+38 Shat=3.0000000000e+00 Lhat=0.0000000000e+00
KNUTH_SUBTREE root=4157 depth=28 w=1.1380452523e+38 Shat=2.6090000000e+01 Lhat=0.0000000000e+00
KNUTH_SUBTREE root=4158 depth=28 w=3.6914527205e+38 Shat=3.7552000000e+01 Lhat=0.0000000000e+00
KNUTH_SUBTREE root=4159 depth=28 w=3.7731173686e+38 Shat=5.0000000000e+00 Lhat=0.0000000000e+00
KNUTH_SUBTREE root=4160 depth=28 w=5.6690779415e+38 Shat=3.0000000000e+00 Lhat=0.0000000000e+00
KNUTH_SUBTREE root=4161 depth=28 w=1.3801156299e+38 Shat=4.8784000000e+01 Lhat=0.0000000000e+00
KNUTH_SUBTREE root=4162 depth=28 w=5.1492229561e+38 Shat=2.1180000000e+01 Lhat=0.0000000000e+00
KNUTH_SUBTREE root=4163 depth=28 w=4.9803819530e+38 Shat=1.0984000000e+01 Lhat=0.0000000000e+00
KNUTH_SUBTREE root=4164 depth=28 w=1.3051000256e+38 Shat=1.0000000000e+01 Lhat=0.0000000000e+00
KNUTH_SUBTREE root=4165 depth=28 w=6.8006124263e+36 Shat=1.0000000000e+00 Lhat=0.0000000000e+00
KNUTH_SUBTREE root=4166 depth=28 w=3.9266650511e+38 Shat=3.0000000000e+00 Lhat=0.0000000000e+00
KNUTH_SUBTREE root=4167 depth=28 w=6.1548930631e+37 Shat=1.0000000000e+00 Lhat=0.0000000000e+00
KNUTH_SUBTREE root=4168 depth=28 w=3.7545460830e+38 Shat=4.0000000000e+00 Lhat=0.0000000000e+00
KNUTH_SUBTREE root=4169 depth=28 w=1.9809341371e+39 Shat=2.9000000000e+01 Lhat=0.0000000000e+00
KNUTH_SUBTREE root=4170 depth=28 w=4.8086004026e+36 Shat=4.0000000000e+00 Lhat=0.0000000000e+00
KNUTH_SUBTREE root=4171 depth=28 w=3.4342316177e+38 Shat=2.0085600000e+02 Lhat=0.0000000000e+00
KNUTH_SUBTREE root=4172 depth=28 w=0 Shat=0 Lhat=0 dead=1
KNUTH_SUBTREE root=4173 depth=28 w=0 Shat=0 Lhat=0 dead=1
KNUTH_SUBTREE root=4174 depth=28 w=2.5152843662e+38 Shat=3.9780000000e+00 Lhat=0.0000000000e+00
KNUTH_SUBTREE root=4175 depth=28 w=0 Shat=0 Lhat=0 dead=1
KNUTH_SUBTREE root=4176 depth=28 w=7.2495688352e+38 Shat=6.2728000000e+01 Lhat=0.0000000000e+00
KNUTH_SUBTREE root=4177 depth=28 w=1.4985901184e+39 Shat=5.0000000000e+00 Lhat=0.0000000000e+00
KNUTH_SUBTREE root=4178 depth=28 w=7.9726328657e+38 Shat=7.0000000000e+00 Lhat=0.0000000000e+00
KNUTH_SUBTREE root=4179 depth=28 w=6.3411056672e+36 Shat=5.0000000000e+00 Lhat=0.0000000000e+00
KNUTH_SUBTREE root=4180 depth=28 w=0 Shat=0 Lhat=0 dead=1
KNUTH_SUBTREE root=4181 depth=28 w=1.6299420503e+39 Shat=5.0998000000e+01 Lhat=0.0000000000e+00
KNUTH_SUBTREE root=4182 depth=28 w=3.2399076357e+38 Shat=4.0000000000e+00 Lhat=0.0000000000e+00
KNUTH_SUBTREE root=4183 depth=28 w=1.5350493105e+39 Shat=3.8840000000e+01 Lhat=0.0000000000e+00
KNUTH_SUBTREE root=4184 depth=28 w=1.0005337755e+39 Shat=9.9520000000e+00 Lhat=0.0000000000e+00
KNUTH_SUBTREE root=4185 depth=28 w=4.3939575367e+38 Shat=1.0000000000e+00 Lhat=0.0000000000e+00
KNUTH_SUBTREE root=4186 depth=28 w=6.1530120039e+37 Shat=3.0000000000e+00 Lhat=0.0000000000e+00
KNUTH_SUBTREE root=4187 depth=28 w=1.0062879188e+39 Shat=1.9296000000e+01 Lhat=0.0000000000e+00
KNUTH_SUBTREE root=4188 depth=28 w=1.7224232372e+37 Shat=1.0000000000e+01 Lhat=0.0000000000e+00
KNUTH_SUBTREE root=4189 depth=28 w=1.5257258624e+38 Shat=6.9676000000e+01 Lhat=0.0000000000e+00
KNUTH_SUBTREE root=4190 depth=28 w=5.2469057184e+38 Shat=6.1240000000e+00 Lhat=0.0000000000e+00
KNUTH_SUBTREE root=4191 depth=28 w=1.4207898662e+38 Shat=8.6856000000e+01 Lhat=0.0000000000e+00
KNUTH_SUBTREE root=4192 depth=28 w=3.3127711604e+38 Shat=1.5084000000e+01 Lhat=0.0000000000e+00
KNUTH_SUBTREE root=4193 depth=28 w=3.1723896830e+39 Shat=2.4872000000e+01 Lhat=0.0000000000e+00
KNUTH_SUBTREE root=4194 depth=28 w=1.2806482367e+38 Shat=5.5264000000e+01 Lhat=0.0000000000e+00
KNUTH_SUBTREE root=4195 depth=28 w=7.2533464340e+38 Shat=1.0972000000e+01 Lhat=0.0000000000e+00
KNUTH_SUBTREE root=4196 depth=28 w=9.1316591356e+37 Shat=2.1825000000e+01 Lhat=0.0000000000e+00
KNUTH_SUBTREE root=4197 depth=28 w=1.0999550933e+39 Shat=1.3000000000e+01 Lhat=0.0000000000e+00
KNUTH_SUBTREE root=4198 depth=28 w=9.3757521042e+38 Shat=1.0000000000e+00 Lhat=0.0000000000e+00
KNUTH_SUBTREE root=4199 depth=28 w=0 Shat=0 Lhat=0 dead=1
KNUTH_SUBTREE root=4200 depth=28 w=1.7917299621e+38 Shat=9.1440000000e+01 Lhat=0.0000000000e+00
KNUTH_SUBTREE root=4201 depth=28 w=1.2702617232e+38 Shat=3.0000000000e+00 Lhat=0.0000000000e+00
KNUTH_SUBTREE root=4202 depth=28 w=6.7845494583e+38 Shat=1.2030000000e+01 Lhat=0.0000000000e+00
KNUTH_SUBTREE root=4203 depth=28 w=1.1349649907e+38 Shat=3.0000000000e+00 Lhat=0.0000000000e+00
KNUTH_SUBTREE root=4204 depth=28 w=3.9079857943e+38 Shat=4.0000000000e+00 Lhat=0.0000000000e+00
KNUTH_SUBTREE root=4205 depth=28 w=2.4603912738e+39 Shat=1.3000000000e+01 Lhat=0.0000000000e+00
KNUTH_SUBTREE root=4206 depth=28 w=6.1537481797e+35 Shat=3.0000000000e+00 Lhat=0.0000000000e+00
KNUTH_SUBTREE root=4207 depth=28 w=2.8131397253e+38 Shat=3.0000000000e+00 Lhat=0.0000000000e+00
KNUTH_SUBTREE root=4208 depth=28 w=5.1498286445e+38 Shat=5.0000000000e+00 Lhat=0.0000000000e+00
KNUTH_SUBTREE root=4209 depth=28 w=2.5834261110e+37 Shat=1.0000000000e+00 Lhat=0.0000000000e+00
KNUTH_SUBTREE root=4210 depth=28 w=6.5870698509e+38 Shat=9.0000000000e+00 Lhat=0.0000000000e+00
KNUTH_SUBTREE root=4211 depth=28 w=5.7121634921e+37 Shat=1.0000000000e+00 Lhat=0.0000000000e+00
KNUTH_SUBTREE root=4212 depth=28 w=1.9810410416e+39 Shat=2.0000000000e+00 Lhat=0.0000000000e+00
KNUTH_SUBTREE root=4213 depth=28 w=2.9384443101e+38 Shat=3.0000000000e+00 Lhat=0.0000000000e+00
KNUTH_SUBTREE root=4214 depth=28 w=3.5372308720e+37 Shat=7.0000000000e+00 Lhat=0.0000000000e+00
KNUTH_SUBTREE root=4215 depth=28 w=1.8464273100e+38 Shat=4.2312000000e+01 Lhat=0.0000000000e+00
KNUTH_SUBTREE root=4216 depth=28 w=1.9515526180e+37 Shat=1.0000000000e+00 Lhat=0.0000000000e+00
KNUTH_SUBTREE root=4217 depth=28 w=2.8714334527e+38 Shat=8.0140000000e+00 Lhat=0.0000000000e+00
KNUTH_SUBTREE root=4218 depth=28 w=5.4338239024e+38 Shat=1.0000000000e+00 Lhat=0.0000000000e+00
KNUTH_SUBTREE root=4219 depth=28 w=3.3308027085e+37 Shat=3.0000000000e+00 Lhat=0.0000000000e+00
KNUTH_SUBTREE root=4220 depth=28 w=2.0842579156e+38 Shat=5.8420000000e+00 Lhat=0.0000000000e+00
KNUTH_SUBTREE root=4221 depth=28 w=8.5982544246e+38 Shat=9.1760000000e+00 Lhat=0.0000000000e+00
KNUTH_SUBTREE root=4222 depth=28 w=6.1227181192e+38 Shat=2.0000000000e+00 Lhat=0.0000000000e+00
KNUTH_SUBTREE root=4223 depth=28 w=2.3798807398e+38 Shat=3.0000000000e+00 Lhat=0.0000000000e+00
KNUTH_SUBTREE root=4224 depth=28 w=6.0168045484e+38 Shat=4.9480000000e+01 Lhat=0.0000000000e+00
KNUTH_SUBTREE root=4225 depth=28 w=1.9219399457e+39 Shat=5.3010000000e+01 Lhat=0.0000000000e+00
KNUTH_SUBTREE root=4226 depth=28 w=4.1311384326e+38 Shat=9.1629000000e+01 Lhat=0.0000000000e+00
KNUTH_SUBTREE root=4227 depth=28 w=2.2302654150e+38 Shat=3.0896000000e+01 Lhat=0.0000000000e+00
KNUTH_SUBTREE root=4228 depth=28 w=2.5134854968e+39 Shat=2.6716000000e+01 Lhat=0.0000000000e+00
KNUTH_SUBTREE root=4229 depth=28 w=4.2103496198e+38 Shat=2.6736000000e+01 Lhat=0.0000000000e+00
KNUTH_SUBTREE root=4230 depth=28 w=6.6024691660e+37 Shat=3.0000000000e+00 Lhat=0.0000000000e+00
KNUTH_SUBTREE root=4231 depth=28 w=1.7608540275e+38 Shat=6.5416000000e+01 Lhat=0.0000000000e+00
KNUTH_SUBTREE root=4232 depth=28 w=2.5196172593e+38 Shat=1.0000000000e+01 Lhat=0.0000000000e+00
KNUTH_SUBTREE root=4233 depth=28 w=2.9457444229e+39 Shat=2.0000000000e+00 Lhat=0.0000000000e+00
KNUTH_SUBTREE root=4234 depth=28 w=1.4787220580e+39 Shat=2.0000000000e+00 Lhat=0.0000000000e+00
KNUTH_SUBTREE root=4235 depth=28 w=3.8019984787e+38 Shat=1.3415200000e+02 Lhat=0.0000000000e+00
KNUTH_SUBTREE root=4236 depth=28 w=4.6356184308e+37 Shat=7.0000000000e+00 Lhat=0.0000000000e+00
KNUTH_SUBTREE root=4237 depth=28 w=6.9025657055e+38 Shat=4.6430000000e+01 Lhat=0.0000000000e+00
KNUTH_SUBTREE root=4238 depth=28 w=1.3921651988e+39 Shat=3.0000000000e+00 Lhat=0.0000000000e+00
KNUTH_SUBTREE root=4239 depth=28 w=1.1195291131e+38 Shat=2.2696000000e+01 Lhat=0.0000000000e+00
KNUTH_SUBTREE root=4240 depth=28 w=2.3880295694e+37 Shat=2.0000000000e+00 Lhat=0.0000000000e+00
KNUTH_SUBTREE root=4241 depth=28 w=9.3186314595e+38 Shat=1.0000000000e+00 Lhat=0.0000000000e+00
KNUTH_SUBTREE root=4242 depth=28 w=3.3556115924e+38 Shat=1.0000000000e+00 Lhat=0.0000000000e+00
KNUTH_SUBTREE root=4243 depth=28 w=2.4608158743e+39 Shat=1.4876200000e+02 Lhat=0.0000000000e+00
KNUTH_SUBTREE root=4244 depth=28 w=3.5694905764e+37 Shat=3.0000000000e+00 Lhat=0.0000000000e+00
KNUTH_SUBTREE root=4245 depth=28 w=1.1265800639e+39 Shat=8.9040000000e+00 Lhat=0.0000000000e+00
KNUTH_SUBTREE root=4246 depth=28 w=1.5380616008e+39 Shat=3.0850000000e+01 Lhat=0.0000000000e+00
KNUTH_SUBTREE root=4247 depth=28 w=1.8898815635e+38 Shat=7.0000000000e+00 Lhat=0.0000000000e+00
KNUTH_SUBTREE root=4248 depth=28 w=5.9424634834e+37 Shat=3.0000000000e+00 Lhat=0.0000000000e+00
KNUTH_SUBTREE root=4249 depth=28 w=1.4210344465e+38 Shat=5.0000000000e+00 Lhat=0.0000000000e+00
KNUTH_SUBTREE root=4250 depth=28 w=8.8964925274e+38 Shat=9.0480000000e+00 Lhat=0.0000000000e+00
KNUTH_SUBTREE root=4251 depth=28 w=3.4418121640e+38 Shat=3.0000000000e+00 Lhat=0.0000000000e+00
KNUTH_SUBTREE root=4252 depth=28 w=0 Shat=0 Lhat=0 dead=1
KNUTH_SUBTREE root=4253 depth=28 w=2.0713891840e+39 Shat=5.0000000000e+00 Lhat=0.0000000000e+00
KNUTH_SUBTREE root=4254 depth=28 w=6.6432567461e+38 Shat=1.0844000000e+01 Lhat=0.0000000000e+00
KNUTH_SUBTREE root=4255 depth=28 w=4.4312967810e+37 Shat=1.0000000000e+00 Lhat=0.0000000000e+00
KNUTH_SUBTREE root=4256 depth=28 w=9.1492874473e+38 Shat=3.0000000000e+00 Lhat=0.0000000000e+00
KNUTH_SUBTREE root=4257 depth=28 w=3.1650692789e+38 Shat=3.9962000000e+01 Lhat=0.0000000000e+00
KNUTH_SUBTREE root=4258 depth=28 w=1.1346878644e+38 Shat=3.0000000000e+00 Lhat=0.0000000000e+00
KNUTH_SUBTREE root=4259 depth=28 w=1.9475926555e+38 Shat=5.0116000000e+01 Lhat=0.0000000000e+00
KNUTH_SUBTREE root=4260 depth=28 w=0 Shat=0 Lhat=0 dead=1
KNUTH_SUBTREE root=4261 depth=28 w=3.4207740418e+37 Shat=9.1240000000e+00 Lhat=0.0000000000e+00
KNUTH_SUBTREE root=4262 depth=28 w=5.4795557588e+37 Shat=5.0000000000e+00 Lhat=0.0000000000e+00
KNUTH_SUBTREE root=4263 depth=28 w=1.3957399251e+38 Shat=5.0000000000e+00 Lhat=0.0000000000e+00
KNUTH_SUBTREE root=4264 depth=28 w=5.2663870225e+38 Shat=8.9320000000e+00 Lhat=0.0000000000e+00
KNUTH_SUBTREE root=4265 depth=28 w=0 Shat=0 Lhat=0 dead=1
KNUTH_SUBTREE root=4266 depth=28 w=2.2111110709e+39 Shat=2.1224000000e+01 Lhat=0.0000000000e+00
KNUTH_SUBTREE root=4267 depth=28 w=1.9366659274e+38 Shat=1.0000000000e+01 Lhat=0.0000000000e+00
KNUTH_SUBTREE root=4268 depth=28 w=3.4183114685e+37 Shat=1.0000000000e+00 Lhat=0.0000000000e+00
KNUTH_SUBTREE root=4269 depth=28 w=3.0217598621e+39 Shat=1.0222400000e+02 Lhat=0.0000000000e+00
KNUTH_SUBTREE root=4270 depth=28 w=9.7587407809e+36 Shat=4.0000000000e+00 Lhat=0.0000000000e+00
KNUTH_SUBTREE root=4271 depth=28 w=2.5921192227e+37 Shat=2.0000000000e+00 Lhat=0.0000000000e+00
KNUTH_SUBTREE root=4272 depth=28 w=7.6331109677e+38 Shat=5.0000000000e+00 Lhat=0.0000000000e+00
KNUTH_SUBTREE root=4273 depth=28 w=0 Shat=0 Lhat=0 dead=1
KNUTH_SUBTREE root=4274 depth=28 w=5.3747871571e+38 Shat=9.9520000000e+00 Lhat=0.0000000000e+00
KNUTH_SUBTREE root=4275 depth=28 w=5.3451736410e+36 Shat=1.0000000000e+00 Lhat=0.0000000000e+00
KNUTH_SUBTREE root=4276 depth=28 w=6.0928353712e+38 Shat=2.0856000000e+01 Lhat=0.0000000000e+00
KNUTH_SUBTREE root=4277 depth=28 w=0 Shat=0 Lhat=0 dead=1
KNUTH_SUBTREE root=4278 depth=28 w=5.1656933865e+38 Shat=8.8784000000e+01 Lhat=0.0000000000e+00
KNUTH_SUBTREE root=4279 depth=28 w=5.2187163648e+35 Shat=1.0000000000e+00 Lhat=0.0000000000e+00
KNUTH_SUBTREE root=4280 depth=28 w=4.9446388369e+38 Shat=9.0000000000e+00 Lhat=0.0000000000e+00
KNUTH_SUBTREE root=4281 depth=28 w=9.5111824517e+38 Shat=3.5235000000e+01 Lhat=0.0000000000e+00
KNUTH_SUBTREE root=4282 depth=28 w=1.0663929926e+38 Shat=9.0000000000e+00 Lhat=0.0000000000e+00
KNUTH_SUBTREE root=4283 depth=28 w=1.2699109176e+39 Shat=3.0000000000e+00 Lhat=0.0000000000e+00
KNUTH_SUBTREE root=4284 depth=28 w=0 Shat=0 Lhat=0 dead=1
KNUTH_SUBTREE root=4285 depth=28 w=3.0649340491e+38 Shat=3.0000000000e+00 Lhat=0.0000000000e+00
KNUTH_SUBTREE root=4286 depth=28 w=7.2236820571e+38 Shat=5.2840000000e+01 Lhat=0.0000000000e+00
KNUTH_SUBTREE root=4287 depth=28 w=4.8230232419e+38 Shat=1.1200000000e+01 Lhat=0.0000000000e+00
KNUTH_SUBTREE root=4288 depth=28 w=1.5207973060e+39 Shat=2.0000000000e+00 Lhat=0.0000000000e+00
KNUTH_SUBTREE root=4289 depth=28 w=2.8364080456e+37 Shat=1.0000000000e+00 Lhat=0.0000000000e+00
KNUTH_SUBTREE root=4290 depth=28 w=1.8124202026e+38 Shat=1.8148000000e+01 Lhat=0.0000000000e+00
KNUTH_SUBTREE root=4291 depth=28 w=1.4799102283e+38 Shat=6.6415000000e+01 Lhat=0.0000000000e+00
KNUTH_SUBTREE root=4292 depth=28 w=3.2268656213e+39 Shat=1.1750000000e+01 Lhat=0.0000000000e+00
KNUTH_SUBTREE root=4293 depth=28 w=9.5898094602e+37 Shat=1.0000000000e+00 Lhat=0.0000000000e+00
KNUTH_SUBTREE root=4294 depth=28 w=2.6823450547e+36 Shat=2.0000000000e+00 Lhat=0.0000000000e+00
KNUTH_SUBTREE root=4295 depth=28 w=6.7420749824e+38 Shat=5.0392000000e+01 Lhat=0.0000000000e+00
KNUTH_SUBTREE root=4296 depth=28 w=1.8032057526e+39 Shat=1.1162800000e+02 Lhat=0.0000000000e+00
KNUTH_SUBTREE root=4297 depth=28 w=7.9061376730e+38 Shat=5.9820000000e+00 Lhat=0.0000000000e+00
KNUTH_SUBTREE root=4298 depth=28 w=2.2587546161e+37 Shat=1.0000000000e+00 Lhat=0.0000000000e+00
KNUTH_SUBTREE root=4299 depth=28 w=1.6492832590e+38 Shat=1.0976000000e+01 Lhat=0.0000000000e+00
KNUTH_SUBTREE root=4300 depth=28 w=3.2484973923e+38 Shat=5.0000000000e+00 Lhat=0.0000000000e+00
KNUTH_SUBTREE root=4301 depth=28 w=8.1242493382e+38 Shat=3.0000000000e+00 Lhat=0.0000000000e+00
KNUTH_SUBTREE root=4302 depth=28 w=6.5716617167e+38 Shat=3.0000000000e+00 Lhat=0.0000000000e+00
KNUTH_SUBTREE root=4303 depth=28 w=1.3217077430e+39 Shat=3.3120000000e+01 Lhat=0.0000000000e+00
KNUTH_SUBTREE root=4304 depth=28 w=2.8508815207e+39 Shat=2.1088000000e+01 Lhat=0.0000000000e+00
KNUTH_SUBTREE root=4305 depth=28 w=1.4371063095e+38 Shat=4.5220000000e+01 Lhat=0.0000000000e+00
KNUTH_SUBTREE root=4306 depth=28 w=2.2540760348e+37 Shat=1.5253600000e+02 Lhat=0.0000000000e+00
KNUTH_SUBTREE root=4307 depth=28 w=9.2792454614e+38 Shat=6.9680000000e+00 Lhat=0.0000000000e+00
KNUTH_SUBTREE root=4308 depth=28 w=3.5911225459e+37 Shat=1.0000000000e+01 Lhat=0.0000000000e+00
KNUTH_SUBTREE root=4309 depth=28 w=4.9499610496e+38 Shat=9.0000000000e+00 Lhat=0.0000000000e+00
KNUTH_SUBTREE root=4310 depth=28 w=1.2672348893e+39 Shat=2.0000000000e+00 Lhat=0.0000000000e+00
KNUTH_SUBTREE root=4311 depth=28 w=5.9564375416e+38 Shat=1.9850000000e+01 Lhat=0.0000000000e+00
KNUTH_SUBTREE root=4312 depth=28 w=4.0848799740e+38 Shat=3.0000000000e+00 Lhat=0.0000000000e+00
KNUTH_SUBTREE root=4313 depth=28 w=1.6169050702e+38 Shat=1.3000000000e+01 Lhat=0.0000000000e+00
KNUTH_SUBTREE root=4314 depth=28 w=1.3276200956e+36 Shat=1.0000000000e+00 Lhat=0.0000000000e+00
KNUTH_SUBTREE root=4315 depth=28 w=4.7512870925e+38 Shat=3.0312000000e+01 Lhat=0.0000000000e+00
KNUTH_SUBTREE root=4316 depth=28 w=5.8460862799e+38 Shat=1.4035000000e+01 Lhat=0.0000000000e+00
KNUTH_SUBTREE root=4317 depth=28 w=1.3651628696e+38 Shat=4.2440000000e+01 Lhat=0.0000000000e+00
KNUTH_SUBTREE root=4318 depth=28 w=1.2348246872e+38 Shat=1.0000000000e+00 Lhat=0.0000000000e+00
KNUTH_SUBTREE root=4319 depth=28 w=1.8778371426e+38 Shat=2.2976000000e+01 Lhat=0.0000000000e+00
KNUTH_SUBTREE root=4320 depth=28 w=7.4910259534e+37 Shat=3.0000000000e+00 Lhat=0.0000000000e+00
KNUTH_SUBTREE root=4321 depth=28 w=4.9283784330e+38 Shat=1.4948000000e+01 Lhat=0.0000000000e+00
KNUTH_SUBTREE root=4322 depth=28 w=7.6403408852e+37 Shat=7.0000000000e+00 Lhat=0.0000000000e+00
KNUTH_SUBTREE root=4323 depth=28 w=4.0697029636e+38 Shat=7.0400000000e+00 Lhat=0.0000000000e+00
KNUTH_SUBTREE root=4324 depth=28 w=7.3890286064e+38 Shat=7.5132000000e+01 Lhat=0.0000000000e+00
KNUTH_SUBTREE root=4325 depth=28 w=3.9610129655e+38 Shat=3.0000000000e+00 Lhat=0.0000000000e+00
KNUTH_SUBTREE root=4326 depth=28 w=6.0504254399e+38 Shat=6.1000000000e+01 Lhat=0.0000000000e+00
KNUTH_SUBTREE root=4327 depth=28 w=6.6035296910e+37 Shat=2.0000000000e+00 Lhat=0.0000000000e+00
KNUTH_SUBTREE root=4328 depth=28 w=3.4425576512e+37 Shat=2.0000000000e+00 Lhat=0.0000000000e+00
KNUTH_SUBTREE root=4329 depth=28 w=1.3096576069e+38 Shat=5.0000000000e+00 Lhat=0.0000000000e+00
KNUTH_SUBTREE root=4330 depth=28 w=1.0340367316e+39 Shat=7.9840000000e+00 Lhat=0.0000000000e+00
KNUTH_SUBTREE root=4331 depth=28 w=5.9094288249e+37 Shat=3.0000000000e+00 Lhat=0.0000000000e+00
KNUTH_SUBTREE root=4332 depth=28 w=4.6880901072e+36 Shat=1.0000000000e+00 Lhat=0.0000000000e+00
KNUTH_SUBTREE root=4333 depth=28 w=8.5892920775e+38 Shat=4.0000000000e+00 Lhat=0.0000000000e+00
KNUTH_SUBTREE root=4334 depth=28 w=1.7892472554e+38 Shat=3.0000000000e+00 Lhat=0.0000000000e+00
KNUTH_SUBTREE root=4335 depth=28 w=2.6543292221e+38 Shat=6.1696000000e+01 Lhat=0.0000000000e+00
KNUTH_SUBTREE root=4336 depth=28 w=5.5882288494e+38 Shat=2.5990000000e+01 Lhat=0.0000000000e+00
KNUTH_SUBTREE root=4337 depth=28 w=5.2137801655e+38 Shat=3.0648000000e+01 Lhat=0.0000000000e+00
KNUTH_SUBTREE root=4338 depth=28 w=1.2783313538e+38 Shat=1.0000000000e+01 Lhat=0.0000000000e+00
KNUTH_SUBTREE root=4339 depth=28 w=0 Shat=0 Lhat=0 dead=1
KNUTH_SUBTREE root=4340 depth=28 w=2.8129100654e+39 Shat=7.0000000000e+00 Lhat=0.0000000000e+00
KNUTH_SUBTREE root=4341 depth=28 w=8.6298811370e+38 Shat=1.7110000000e+01 Lhat=0.0000000000e+00
KNUTH_SUBTREE root=4342 depth=28 w=1.2193575420e+39 Shat=1.1127100000e+02 Lhat=0.0000000000e+00
KNUTH_SUBTREE root=4343 depth=28 w=5.9060219940e+38 Shat=1.2060000000e+02 Lhat=0.0000000000e+00
KNUTH_SUBTREE root=4344 depth=28 w=2.6590060515e+38 Shat=1.0000000000e+00 Lhat=0.0000000000e+00
KNUTH_SUBTREE root=4345 depth=28 w=6.4852556981e+36 Shat=2.0000000000e+00 Lhat=0.0000000000e+00
KNUTH_SUBTREE root=4346 depth=28 w=3.3591824397e+38 Shat=5.0000000000e+00 Lhat=0.0000000000e+00
KNUTH_SUBTREE root=4347 depth=28 w=8.4958867184e+38 Shat=2.2546000000e+01 Lhat=0.0000000000e+00
KNUTH_SUBTREE root=4348 depth=28 w=6.5075287934e+38 Shat=5.8900000000e+00 Lhat=0.0000000000e+00
KNUTH_SUBTREE root=4349 depth=28 w=7.5537629444e+38 Shat=1.3000000000e+01 Lhat=0.0000000000e+00
KNUTH_SUBTREE root=4350 depth=28 w=7.4349932094e+38 Shat=2.9448000000e+01 Lhat=0.0000000000e+00
KNUTH_SUBTREE root=4351 depth=28 w=3.9603896389e+38 Shat=1.3000000000e+01 Lhat=0.0000000000e+00
KNUTH_SUBTREE root=4352 depth=28 w=9.8949677327e+37 Shat=3.0000000000e+00 Lhat=0.0000000000e+00
KNUTH_SUBTREE root=4353 depth=28 w=4.0242732208e+38 Shat=7.5508000000e+01 Lhat=0.0000000000e+00
KNUTH_SUBTREE root=4354 depth=28 w=8.5146534765e+37 Shat=1.0000000000e+00 Lhat=0.0000000000e+00
KNUTH_SUBTREE root=4355 depth=28 w=8.7856981922e+37 Shat=2.0000000000e+00 Lhat=0.0000000000e+00
KNUTH_SUBTREE root=4356 depth=28 w=2.7573747910e+39 Shat=7.8896000000e+01 Lhat=0.0000000000e+00
KNUTH_SUBTREE root=4357 depth=28 w=3.4117856800e+38 Shat=8.0710000000e+01 Lhat=0.0000000000e+00
KNUTH_SUBTREE root=4358 depth=28 w=3.0629750219e+39 Shat=4.7518000000e+01 Lhat=0.0000000000e+00
KNUTH_SUBTREE root=4359 depth=28 w=1.5684315235e+39 Shat=1.2968000000e+01 Lhat=0.0000000000e+00
KNUTH_SUBTREE root=4360 depth=28 w=4.7451445240e+38 Shat=5.0000000000e+00 Lhat=0.0000000000e+00
KNUTH_SUBTREE root=4361 depth=28 w=2.3799623354e+38 Shat=5.4568000000e+01 Lhat=0.0000000000e+00
KNUTH_SUBTREE root=4362 depth=28 w=3.5318698861e+38 Shat=2.0548000000e+01 Lhat=0.0000000000e+00
KNUTH_SUBTREE root=4363 depth=28 w=1.4598856792e+38 Shat=3.0000000000e+00 Lhat=0.0000000000e+00
KNUTH_SUBTREE root=4364 depth=28 w=1.0339138784e+39 Shat=3.8776000000e+01 Lhat=0.0000000000e+00
KNUTH_SUBTREE root=4365 depth=28 w=0 Shat=0 Lhat=0 dead=1
KNUTH_SUBTREE root=4366 depth=28 w=4.2203084648e+38 Shat=4.6515000000e+01 Lhat=0.0000000000e+00
KNUTH_SUBTREE root=4367 depth=28 w=1.8876157599e+38 Shat=3.1345000000e+01 Lhat=0.0000000000e+00
KNUTH_SUBTREE root=4368 depth=28 w=2.8497319603e+39 Shat=5.7268000000e+01 Lhat=0.0000000000e+00
KNUTH_SUBTREE root=4369 depth=28 w=1.1580777777e+39 Shat=5.0080000000e+01 Lhat=0.0000000000e+00
KNUTH_SUBTREE root=4370 depth=28 w=3.5506507693e+38 Shat=8.2960000000e+01 Lhat=0.0000000000e+00
KNUTH_SUBTREE root=4371 depth=28 w=4.7434669331e+38 Shat=4.0000000000e+00 Lhat=0.0000000000e+00
KNUTH_SUBTREE root=4372 depth=28 w=4.3372923648e+38 Shat=5.9424000000e+01 Lhat=0.0000000000e+00
KNUTH_SUBTREE root=4373 depth=28 w=1.2176093416e+39 Shat=3.0000000000e+00 Lhat=0.0000000000e+00
KNUTH_SUBTREE root=4374 depth=28 w=0 Shat=0 Lhat=0 dead=1
KNUTH_SUBTREE root=4375 depth=28 w=3.4750042500e+38 Shat=2.8245000000e+01 Lhat=0.0000000000e+00
KNUTH_SUBTREE root=4376 depth=28 w=1.0868143416e+39 Shat=3.0000000000e+00 Lhat=0.0000000000e+00
KNUTH_SUBTREE root=4377 depth=28 w=1.8257510154e+38 Shat=1.3000000000e+01 Lhat=0.0000000000e+00
KNUTH_SUBTREE root=4378 depth=28 w=1.4072492131e+39 Shat=7.0000000000e+00 Lhat=0.0000000000e+00
KNUTH_SUBTREE root=4379 depth=28 w=1.1475345107e+38 Shat=1.2936000000e+01 Lhat=0.0000000000e+00
KNUTH_SUBTREE root=4380 depth=28 w=1.0096354324e+38 Shat=1.0000000000e+00 Lhat=0.0000000000e+00
KNUTH_SUBTREE root=4381 depth=28 w=1.0610788966e+38 Shat=5.0000000000e+00 Lhat=0.0000000000e+00
KNUTH_SUBTREE root=4382 depth=28 w=6.6289947680e+36 Shat=3.0000000000e+00 Lhat=0.0000000000e+00
KNUTH_SUBTREE root=4383 depth=28 w=3.3649873114e+38 Shat=1.4032000000e+01 Lhat=0.0000000000e+00
KNUTH_SUBTREE root=4384 depth=28 w=8.1536039479e+37 Shat=1.0000000000e+01 Lhat=0.0000000000e+00
KNUTH_SUBTREE root=4385 depth=28 w=3.4763605158e+38 Shat=3.0000000000e+00 Lhat=0.0000000000e+00
KNUTH_SUBTREE root=4386 depth=28 w=2.9069203404e+38 Shat=3.8968000000e+01 Lhat=0.0000000000e+00
KNUTH_SUBTREE root=4387 depth=28 w=1.3399126736e+39 Shat=2.0000000000e+00 Lhat=0.0000000000e+00
KNUTH_SUBTREE root=4388 depth=28 w=0 Shat=0 Lhat=0 dead=1
KNUTH_SUBTREE root=4389 depth=28 w=1.6558578685e+39 Shat=4.0120000000e+00 Lhat=0.0000000000e+00
KNUTH_SUBTREE root=4390 depth=28 w=9.0355484280e+38 Shat=1.0000000000e+00 Lhat=0.0000000000e+00
KNUTH_SUBTREE root=4391 depth=28 w=1.3348349694e+39 Shat=2.8250000000e+01 Lhat=0.0000000000e+00
KNUTH_SUBTREE root=4392 depth=28 w=1.2439496441e+39 Shat=8.3480000000e+01 Lhat=0.0000000000e+00
KNUTH_SUBTREE root=4393 depth=28 w=1.7807130352e+38 Shat=1.4074000000e+01 Lhat=0.0000000000e+00
KNUTH_SUBTREE root=4394 depth=28 w=0 Shat=0 Lhat=0 dead=1
KNUTH_SUBTREE root=4395 depth=28 w=0 Shat=0 Lhat=0 dead=1
KNUTH_SUBTREE root=4396 depth=28 w=3.9743885448e+38 Shat=2.3488000000e+01 Lhat=0.0000000000e+00
KNUTH_SUBTREE root=4397 depth=28 w=2.2949883948e+39 Shat=3.2544000000e+01 Lhat=0.0000000000e+00
KNUTH_SUBTREE root=4398 depth=28 w=2.4377226329e+38 Shat=6.0140000000e+00 Lhat=0.0000000000e+00
KNUTH_SUBTREE root=4399 depth=28 w=8.9693261563e+36 Shat=1.0000000000e+00 Lhat=0.0000000000e+00
KNUTH_SUBTREE root=4400 depth=28 w=3.2999491309e+38 Shat=4.9792000000e+01 Lhat=0.0000000000e+00
KNUTH_SUBTREE root=4401 depth=28 w=2.6839029665e+38 Shat=5.0000000000e+00 Lhat=0.0000000000e+00
KNUTH_SUBTREE root=4402 depth=28 w=3.5226976674e+39 Shat=5.3696000000e+01 Lhat=0.0000000000e+00
KNUTH_SUBTREE root=4403 depth=28 w=2.9371993196e+38 Shat=1.0000000000e+00 Lhat=0.0000000000e+00
KNUTH_SUBTREE root=4404 depth=28 w=2.0274786660e+38 Shat=3.0000000000e+00 Lhat=0.0000000000e+00
KNUTH_SUBTREE root=4405 depth=28 w=7.9722076189e+38 Shat=5.1724000000e+01 Lhat=0.0000000000e+00
KNUTH_SUBTREE root=4406 depth=28 w=3.3140696997e+36 Shat=1.0000000000e+00 Lhat=0.0000000000e+00
KNUTH_SUBTREE root=4407 depth=28 w=1.1603732059e+39 Shat=2.0000000000e+00 Lhat=0.0000000000e+00
KNUTH_SUBTREE root=4408 depth=28 w=8.8537289530e+38 Shat=5.0000000000e+00 Lhat=0.0000000000e+00
KNUTH_SUBTREE root=4409 depth=28 w=2.9966935395e+39 Shat=3.2616000000e+01 Lhat=0.0000000000e+00
KNUTH_SUBTREE root=4410 depth=28 w=6.2202045481e+38 Shat=1.7674000000e+01 Lhat=0.0000000000e+00
KNUTH_SUBTREE root=4411 depth=28 w=1.2629739273e+38 Shat=9.0000000000e+00 Lhat=0.0000000000e+00
KNUTH_SUBTREE root=4412 depth=28 w=2.9631711137e+38 Shat=2.7180000000e+01 Lhat=0.0000000000e+00
KNUTH_SUBTREE root=4413 depth=28 w=0 Shat=0 Lhat=0 dead=1
KNUTH_SUBTREE root=4414 depth=28 w=4.5096577850e+38 Shat=4.0000000000e+00 Lhat=0.0000000000e+00
KNUTH_SUBTREE root=4415 depth=28 w=0 Shat=0 Lhat=0 dead=1
KNUTH_SUBTREE root=4416 depth=28 w=3.7343792071e+37 Shat=1.0000000000e+00 Lhat=0.0000000000e+00
KNUTH_SUBTREE root=4417 depth=28 w=2.8630136017e+38 Shat=2.0000000000e+00 Lhat=0.0000000000e+00
KNUTH_SUBTREE root=4418 depth=28 w=8.8309988854e+38 Shat=3.0000000000e+00 Lhat=0.0000000000e+00
KNUTH_SUBTREE root=4419 depth=28 w=1.1035853188e+39 Shat=7.5640000000e+01 Lhat=0.0000000000e+00
KNUTH_SUBTREE root=4420 depth=28 w=5.4988118061e+38 Shat=1.6000000000e+01 Lhat=0.0000000000e+00
KNUTH_SUBTREE root=4421 depth=28 w=1.1010528571e+39 Shat=4.4248000000e+01 Lhat=0.0000000000e+00
KNUTH_SUBTREE root=4422 depth=28 w=2.5586659517e+38 Shat=6.7598000000e+01 Lhat=0.0000000000e+00
KNUTH_SUBTREE root=4423 depth=28 w=1.7824192043e+39 Shat=2.0000000000e+00 Lhat=0.0000000000e+00
KNUTH_SUBTREE root=4424 depth=28 w=4.7807715326e+37 Shat=1.3000000000e+01 Lhat=0.0000000000e+00
KNUTH_SUBTREE root=4425 depth=28 w=6.5091171077e+38 Shat=3.0193000000e+01 Lhat=0.0000000000e+00
KNUTH_SUBTREE root=4426 depth=28 w=2.2902908047e+38 Shat=3.0000000000e+00 Lhat=0.0000000000e+00
KNUTH_SUBTREE root=4427 depth=28 w=0 Shat=0 Lhat=0 dead=1
KNUTH_SUBTREE root=4428 depth=28 w=2.8897524555e+38 Shat=5.0000000000e+00 Lhat=0.0000000000e+00
KNUTH_SUBTREE root=4429 depth=28 w=6.2889929439e+38 Shat=3.6148000000e+01 Lhat=0.0000000000e+00
KNUTH_SUBTREE root=4430 depth=28 w=2.6153669109e+39 Shat=2.0096000000e+01 Lhat=0.0000000000e+00
KNUTH_SUBTREE root=4431 depth=28 w=6.5125846448e+38 Shat=4.0000000000e+00 Lhat=0.0000000000e+00
KNUTH_SUBTREE root=4432 depth=28 w=4.3491349339e+37 Shat=1.0000000000e+00 Lhat=0.0000000000e+00
KNUTH_SUBTREE root=4433 depth=28 w=4.3723533414e+38 Shat=4.0000000000e+00 Lhat=0.0000000000e+00
KNUTH_SUBTREE root=4434 depth=28 w=4.3968082619e+34 Shat=1.0000000000e+00 Lhat=0.0000000000e+00
KNUTH_SUBTREE root=4435 depth=28 w=7.2659957045e+38 Shat=2.5227000000e+01 Lhat=0.0000000000e+00
KNUTH_SUBTREE root=4436 depth=28 w=3.9925781324e+38 Shat=3.0000000000e+00 Lhat=0.0000000000e+00
KNUTH_SUBTREE root=4437 depth=28 w=0 Shat=0 Lhat=0 dead=1
KNUTH_SUBTREE root=4438 depth=28 w=8.4876964459e+38 Shat=1.1080000000e+01 Lhat=0.0000000000e+00
KNUTH_SUBTREE root=4439 depth=28 w=6.4948149583e+38 Shat=7.0000000000e+00 Lhat=0.0000000000e+00
KNUTH_SUBTREE root=4440 depth=28 w=1.1463251038e+38 Shat=1.7088000000e+01 Lhat=0.0000000000e+00
KNUTH_SUBTREE root=4441 depth=28 w=2.3486489501e+38 Shat=2.0000000000e+00 Lhat=0.0000000000e+00
KNUTH_SUBTREE root=4442 depth=28 w=2.4969024049e+39 Shat=1.3024000000e+01 Lhat=0.0000000000e+00
KNUTH_SUBTREE root=4443 depth=28 w=2.6332537512e+37 Shat=3.0000000000e+00 Lhat=0.0000000000e+00
KNUTH_SUBTREE root=4444 depth=28 w=2.3123116669e+39 Shat=2.1040000000e+01 Lhat=0.0000000000e+00
KNUTH_SUBTREE root=4445 depth=28 w=3.1459720116e+38 Shat=3.6784000000e+01 Lhat=0.0000000000e+00
KNUTH_SUBTREE root=4446 depth=28 w=1.4419915520e+38 Shat=4.0000000000e+00 Lhat=0.0000000000e+00
KNUTH_SUBTREE root=4447 depth=28 w=7.9312350269e+38 Shat=4.0000000000e+00 Lhat=0.0000000000e+00
KNUTH_SUBTREE root=4448 depth=28 w=1.8116533477e+37 Shat=4.0000000000e+00 Lhat=0.0000000000e+00
KNUTH_SUBTREE root=4449 depth=28 w=2.3342969990e+37 Shat=1.0000000000e+00 Lhat=0.0000000000e+00
KNUTH_SUBTREE root=4450 depth=28 w=2.5215748575e+39 Shat=2.1072000000e+01 Lhat=0.0000000000e+00
KNUTH_SUBTREE root=4451 depth=28 w=2.7505350380e+39 Shat=2.5928000000e+01 Lhat=0.0000000000e+00
KNUTH_SUBTREE root=4452 depth=28 w=1.6676165189e+36 Shat=1.0000000000e+00 Lhat=0.0000000000e+00
KNUTH_SUBTREE root=4453 depth=28 w=0 Shat=0 Lhat=0 dead=1
KNUTH_SUBTREE root=4454 depth=28 w=1.7762618114e+39 Shat=3.0000000000e+00 Lhat=0.0000000000e+00
KNUTH_SUBTREE root=4455 depth=28 w=1.5495370526e+39 Shat=1.0804000000e+01 Lhat=0.0000000000e+00
KNUTH_SUBTREE root=4456 depth=28 w=3.2042900140e+38 Shat=4.0000000000e+00 Lhat=0.0000000000e+00
KNUTH_SUBTREE root=4457 depth=28 w=3.9251144501e+37 Shat=1.0000000000e+00 Lhat=0.0000000000e+00
KNUTH_SUBTREE root=4458 depth=28 w=2.9138050282e+38 Shat=7.0000000000e+00 Lhat=0.0000000000e+00
KNUTH_SUBTREE root=4459 depth=28 w=3.2986425192e+38 Shat=3.4156000000e+01 Lhat=0.0000000000e+00
KNUTH_SUBTREE root=4460 depth=28 w=2.0324179372e+39 Shat=2.9692000000e+01 Lhat=0.0000000000e+00
KNUTH_SUBTREE root=4461 depth=28 w=6.4911332547e+38 Shat=9.8980000000e+00 Lhat=0.0000000000e+00
KNUTH_SUBTREE root=4462 depth=28 w=5.2264393143e+38 Shat=1.0000000000e+00 Lhat=0.0000000000e+00
KNUTH_SUBTREE root=4463 depth=28 w=7.5909609520e+38 Shat=1.1048000000e+01 Lhat=0.0000000000e+00
KNUTH_SUBTREE root=4464 depth=28 w=4.2138399578e+38 Shat=1.1024000000e+01 Lhat=0.0000000000e+00
KNUTH_SUBTREE root=4465 depth=28 w=5.2230252510e+36 Shat=2.0000000000e+00 Lhat=0.0000000000e+00
KNUTH_SUBTREE root=4466 depth=28 w=0 Shat=0 Lhat=0 dead=1
KNUTH_SUBTREE root=4467 depth=28 w=3.7723077857e+37 Shat=7.0000000000e+00 Lhat=0.0000000000e+00
KNUTH_SUBTREE root=4468 depth=28 w=2.7768466459e+39 Shat=7.5816000000e+01 Lhat=0.0000000000e+00
KNUTH_SUBTREE root=4469 depth=28 w=5.1823019276e+37 Shat=1.0000000000e+00 Lhat=0.0000000000e+00
KNUTH_SUBTREE root=4470 depth=28 w=2.4062204930e+39 Shat=2.3876000000e+01 Lhat=0.0000000000e+00
KNUTH_SUBTREE root=4471 depth=28 w=2.8774383398e+37 Shat=9.0000000000e+00 Lhat=0.0000000000e+00
KNUTH_SUBTREE root=4472 depth=28 w=2.5006806907e+39 Shat=8.0544000000e+01 Lhat=0.0000000000e+00
KNUTH_SUBTREE root=4473 depth=28 w=3.6186279748e+39 Shat=1.0028000000e+01 Lhat=0.0000000000e+00
KNUTH_SUBTREE root=4474 depth=28 w=8.5224622327e+38 Shat=8.8960000000e+00 Lhat=0.0000000000e+00
KNUTH_SUBTREE root=4475 depth=28 w=2.3751918167e+38 Shat=2.0000000000e+00 Lhat=0.0000000000e+00
KNUTH_SUBTREE root=4476 depth=28 w=9.8991473936e+37 Shat=1.0000000000e+00 Lhat=0.0000000000e+00
KNUTH_SUBTREE root=4477 depth=28 w=3.9401197526e+38 Shat=8.0140000000e+00 Lhat=0.0000000000e+00
KNUTH_SUBTREE root=4478 depth=28 w=2.7926232609e+38 Shat=5.5400000000e+01 Lhat=0.0000000000e+00
KNUTH_SUBTREE root=4479 depth=28 w=2.9683680132e+39 Shat=6.6000000000e+01 Lhat=0.0000000000e+00
KNUTH_SUBTREE root=4480 depth=28 w=2.2875333643e+39 Shat=7.9040000000e+01 Lhat=0.0000000000e+00
KNUTH_SUBTREE root=4481 depth=28 w=2.2648250624e+38 Shat=1.0000000000e+00 Lhat=0.0000000000e+00
KNUTH_SUBTREE root=4482 depth=28 w=5.2665536042e+38 Shat=1.0000000000e+00 Lhat=0.0000000000e+00
KNUTH_SUBTREE root=4483 depth=28 w=2.3545587389e+38 Shat=2.3308000000e+01 Lhat=0.0000000000e+00
KNUTH_SUBTREE root=4484 depth=28 w=3.6394918252e+38 Shat=1.0020000000e+01 Lhat=0.0000000000e+00
KNUTH_SUBTREE root=4485 depth=28 w=1.2006498349e+39 Shat=3.0120000000e+01 Lhat=0.0000000000e+00
KNUTH_SUBTREE root=4486 depth=28 w=1.3563108198e+38 Shat=3.0000000000e+00 Lhat=0.0000000000e+00
KNUTH_SUBTREE root=4487 depth=28 w=2.5658297743e+38 Shat=1.0000000000e+00 Lhat=0.0000000000e+00
KNUTH_SUBTREE root=4488 depth=28 w=7.6171498530e+38 Shat=9.6501000000e+01 Lhat=0.0000000000e+00
KNUTH_SUBTREE root=4489 depth=28 w=4.9126222127e+38 Shat=1.0000000000e+00 Lhat=0.0000000000e+00
KNUTH_SUBTREE root=4490 depth=28 w=3.9677388040e+38 Shat=4.1208000000e+01 Lhat=0.0000000000e+00
KNUTH_SUBTREE root=4491 depth=28 w=1.5498213573e+38 Shat=3.6308000000e+01 Lhat=0.0000000000e+00
KNUTH_SUBTREE root=4492 depth=28 w=0 Shat=0 Lhat=0 dead=1
KNUTH_SUBTREE root=4493 depth=28 w=2.1249402782e+38 Shat=9.0000000000e+00 Lhat=0.0000000000e+00
KNUTH_SUBTREE root=4494 depth=28 w=1.5878291460e+38 Shat=8.0000000000e+00 Lhat=0.0000000000e+00
KNUTH_SUBTREE root=4495 depth=28 w=1.4242899106e+39 Shat=1.6984000000e+01 Lhat=0.0000000000e+00
KNUTH_SUBTREE root=4496 depth=28 w=1.2835191262e+39 Shat=7.0000000000e+00 Lhat=0.0000000000e+00
KNUTH_SUBTREE root=4497 depth=28 w=1.7840693592e+37 Shat=2.0000000000e+00 Lhat=0.0000000000e+00
KNUTH_SUBTREE root=4498 depth=28 w=1.8904772660e+37 Shat=3.0000000000e+00 Lhat=0.0000000000e+00
KNUTH_SUBTREE root=4499 depth=28 w=8.3072932135e+38 Shat=6.0000000000e+00 Lhat=0.0000000000e+00
KNUTH_SUBTREE root=4500 depth=28 w=2.4714323951e+38 Shat=2.0000000000e+00 Lhat=0.0000000000e+00
KNUTH_SUBTREE root=4501 depth=28 w=2.9666946764e+39 Shat=1.2184000000e+02 Lhat=0.0000000000e+00
KNUTH_SUBTREE root=4502 depth=28 w=3.1932885007e+39 Shat=6.0000000000e+00 Lhat=0.0000000000e+00
KNUTH_SUBTREE root=4503 depth=28 w=3.5153387088e+37 Shat=2.0000000000e+00 Lhat=0.0000000000e+00
KNUTH_SUBTREE root=4504 depth=28 w=6.0909743180e+38 Shat=1.0000000000e+00 Lhat=0.0000000000e+00
KNUTH_SUBTREE root=4505 depth=28 w=4.8810016092e+38 Shat=2.3820000000e+01 Lhat=0.0000000000e+00
KNUTH_SUBTREE root=4506 depth=28 w=1.8068691052e+37 Shat=1.0000000000e+00 Lhat=0.0000000000e+00
KNUTH_SUBTREE root=4507 depth=28 w=8.3799963580e+37 Shat=4.5965000000e+01 Lhat=0.0000000000e+00
KNUTH_SUBTREE root=4508 depth=28 w=2.8590953651e+38 Shat=1.0701400000e+02 Lhat=0.0000000000e+00
KNUTH_SUBTREE root=4509 depth=28 w=2.1637246861e+39 Shat=2.5969000000e+01 Lhat=0.0000000000e+00
KNUTH_SUBTREE root=4510 depth=28 w=4.6270556444e+38 Shat=1.0000000000e+00 Lhat=0.0000000000e+00
KNUTH_SUBTREE root=4511 depth=28 w=6.1239791743e+38 Shat=7.0000000000e+00 Lhat=0.0000000000e+00
KNUTH_SUBTREE root=4512 depth=28 w=1.3039464722e+37 Shat=7.0000000000e+00 Lhat=0.0000000000e+00
KNUTH_SUBTREE root=4513 depth=28 w=3.9526696444e+38 Shat=1.4949600000e+02 Lhat=0.0000000000e+00
KNUTH_SUBTREE root=4514 depth=28 w=1.3126740282e+38 Shat=1.0000000000e+00 Lhat=0.0000000000e+00
KNUTH_SUBTREE root=4515 depth=28 w=8.3841716890e+38 Shat=1.0703200000e+02 Lhat=0.0000000000e+00
KNUTH_SUBTREE root=4516 depth=28 w=7.1595732912e+37 Shat=3.1880000000e+01 Lhat=0.0000000000e+00
KNUTH_SUBTREE root=4517 depth=28 w=2.8852480939e+36 Shat=2.0000000000e+00 Lhat=0.0000000000e+00
KNUTH_SUBTREE root=4518 depth=28 w=0 Shat=0 Lhat=0 dead=1
KNUTH_SUBTREE root=4519 depth=28 w=3.5354948577e+38 Shat=3.5608000000e+01 Lhat=0.0000000000e+00
KNUTH_SUBTREE root=4520 depth=28 w=1.8745903539e+37 Shat=1.0000000000e+00 Lhat=0.0000000000e+00
KNUTH_SUBTREE root=4521 depth=28 w=2.3315638489e+39 Shat=5.7680000000e+01 Lhat=0.0000000000e+00
KNUTH_SUBTREE root=4522 depth=28 w=2.9763110066e+39 Shat=3.0000000000e+00 Lhat=0.0000000000e+00
KNUTH_SUBTREE root=4523 depth=28 w=1.9345730847e+38 Shat=1.1000000000e+01 Lhat=0.0000000000e+00
KNUTH_SUBTREE root=4524 depth=28 w=7.5597587955e+38 Shat=1.1000000000e+01 Lhat=0.0000000000e+00
KNUTH_SUBTREE root=4525 depth=28 w=1.0673696142e+38 Shat=1.0000000000e+00 Lhat=0.0000000000e+00
KNUTH_SUBTREE root=4526 depth=28 w=6.0314096914e+38 Shat=8.7936000000e+01 Lhat=0.0000000000e+00
KNUTH_SUBTREE root=4527 depth=28 w=1.9321023691e+39 Shat=2.2000000000e+01 Lhat=0.0000000000e+00
KNUTH_SUBTREE root=4528 depth=28 w=6.9609002840e+38 Shat=3.0045000000e+01 Lhat=0.0000000000e+00
KNUTH_SUBTREE root=4529 depth=28 w=2.0389936149e+38 Shat=3.3600000000e+01 Lhat=0.0000000000e+00
KNUTH_SUBTREE root=4530 depth=28 w=2.5935455946e+38 Shat=2.0000000000e+00 Lhat=0.0000000000e+00
KNUTH_SUBTREE root=4531 depth=28 w=9.7795999507e+38 Shat=1.6880000000e+01 Lhat=0.0000000000e+00
KNUTH_SUBTREE root=4532 depth=28 w=1.8695575311e+38 Shat=1.6910000000e+01 Lhat=0.0000000000e+00
KNUTH_SUBTREE root=4533 depth=28 w=2.5045977263e+38 Shat=1.6996000000e+01 Lhat=0.0000000000e+00
KNUTH_SUBTREE root=4534 depth=28 w=6.5631836230e+38 Shat=3.0000000000e+00 Lhat=0.0000000000e+00
KNUTH_SUBTREE root=4535 depth=28 w=8.5265132432e+37 Shat=6.0000000000e+00 Lhat=0.0000000000e+00
KNUTH_SUBTREE root=4536 depth=28 w=2.8905756892e+38 Shat=4.0360000000e+01 Lhat=0.0000000000e+00
KNUTH_SUBTREE root=4537 depth=28 w=2.6422422818e+36 Shat=1.0000000000e+00 Lhat=0.0000000000e+00
KNUTH_SUBTREE root=4538 depth=28 w=8.7617615589e+37 Shat=3.0000000000e+00 Lhat=0.0000000000e+00
KNUTH_SUBTREE root=4539 depth=28 w=5.2410935265e+36 Shat=1.0000000000e+00 Lhat=0.0000000000e+00
KNUTH_SUBTREE root=4540 depth=28 w=2.4575909776e+39 Shat=5.8379000000e+01 Lhat=0.0000000000e+00
KNUTH_SUBTREE root=4541 depth=28 w=1.4700391887e+38 Shat=7.9570000000e+00 Lhat=0.0000000000e+00
KNUTH_SUBTREE root=4542 depth=28 w=6.5324399433e+38 Shat=1.0000000000e+00 Lhat=0.0000000000e+00
KNUTH_SUBTREE root=4543 depth=28 w=6.6078260597e+38 Shat=2.8904000000e+01 Lhat=0.0000000000e+00
KNUTH_SUBTREE root=4544 depth=28 w=3.9904148573e+38 Shat=8.1280000000e+00 Lhat=0.0000000000e+00
KNUTH_SUBTREE root=4545 depth=28 w=2.7117942143e+39 Shat=2.4016000000e+01 Lhat=0.0000000000e+00
KNUTH_SUBTREE root=4546 depth=28 w=2.1683632657e+37 Shat=1.0000000000e+00 Lhat=0.0000000000e+00
KNUTH_SUBTREE root=4547 depth=28 w=7.5815963422e+38 Shat=1.0000000000e+00 Lhat=0.0000000000e+00
KNUTH_SUBTREE root=4548 depth=28 w=1.1149373164e+39 Shat=1.0000000000e+00 Lhat=0.0000000000e+00
KNUTH_SUBTREE root=4549 depth=28 w=5.2246685600e+38 Shat=3.0000000000e+00 Lhat=0.0000000000e+00
KNUTH_SUBTREE root=4550 depth=28 w=1.3722816350e+38 Shat=1.0000000000e+00 Lhat=0.0000000000e+00
KNUTH_SUBTREE root=4551 depth=28 w=4.1098291185e+37 Shat=4.0000000000e+00 Lhat=0.0000000000e+00
KNUTH_SUBTREE root=4552 depth=28 w=5.4916098152e+38 Shat=6.1460000000e+01 Lhat=0.0000000000e+00
KNUTH_SUBTREE root=4553 depth=28 w=6.2947295329e+38 Shat=1.1970000000e+01 Lhat=0.0000000000e+00
KNUTH_SUBTREE root=4554 depth=28 w=1.2113458899e+38 Shat=2.0000000000e+00 Lhat=0.0000000000e+00
KNUTH_SUBTREE root=4555 depth=28 w=1.0685311997e+39 Shat=7.1272000000e+01 Lhat=0.0000000000e+00
KNUTH_SUBTREE root=4556 depth=28 w=3.8060946874e+38 Shat=9.8200000000e+01 Lhat=0.0000000000e+00
KNUTH_SUBTREE root=4557 depth=28 w=6.3946204666e+37 Shat=2.0000000000e+00 Lhat=0.0000000000e+00
KNUTH_SUBTREE root=4558 depth=28 w=1.2566021310e+39 Shat=1.0000000000e+00 Lhat=0.0000000000e+00
KNUTH_SUBTREE root=4559 depth=28 w=8.7083471645e+38 Shat=7.9360000000e+00 Lhat=0.0000000000e+00
KNUTH_SUBTREE root=4560 depth=28 w=2.1105030449e+38 Shat=1.0000000000e+00 Lhat=0.0000000000e+00
KNUTH_SUBTREE root=4561 depth=28 w=1.1064476590e+39 Shat=2.3240000000e+01 Lhat=0.0000000000e+00
KNUTH_SUBTREE root=4562 depth=28 w=3.4103267701e+37 Shat=5.0000000000e+00 Lhat=0.0000000000e+00
KNUTH_SUBTREE root=4563 depth=28 w=8.4002745750e+35 Shat=1.0000000000e+00 Lhat=0.0000000000e+00
KNUTH_SUBTREE root=4564 depth=28 w=2.0748983690e+37 Shat=1.0000000000e+00 Lhat=0.0000000000e+00
KNUTH_SUBTREE root=4565 depth=28 w=3.5870114813e+37 Shat=1.0000000000e+00 Lhat=0.0000000000e+00
KNUTH_SUBTREE root=4566 depth=28 w=1.1818711217e+39 Shat=3.0000000000e+00 Lhat=0.0000000000e+00
KNUTH_SUBTREE root=4567 depth=28 w=1.3661141205e+38 Shat=1.0000000000e+00 Lhat=0.0000000000e+00
KNUTH_SUBTREE root=4568 depth=28 w=8.3366304451e+37 Shat=3.0000000000e+00 Lhat=0.0000000000e+00
KNUTH_SUBTREE root=4569 depth=28 w=6.8422659073e+38 Shat=4.0000000000e+00 Lhat=0.0000000000e+00
KNUTH_SUBTREE root=4570 depth=28 w=1.1724459158e+38 Shat=9.9790000000e+00 Lhat=0.0000000000e+00
KNUTH_SUBTREE root=4571 depth=28 w=1.3425276404e+38 Shat=1.0000000000e+00 Lhat=0.0000000000e+00
KNUTH_SUBTREE root=4572 depth=28 w=1.9821126432e+39 Shat=4.1248000000e+01 Lhat=0.0000000000e+00
KNUTH_SUBTREE root=4573 depth=28 w=9.1756783885e+38 Shat=5.2230000000e+01 Lhat=0.0000000000e+00
KNUTH_SUBTREE root=4574 depth=28 w=1.6945011085e+39 Shat=1.7040000000e+01 Lhat=2.0400000000e+00
KNUTH_SUBTREE root=4575 depth=28 w=6.6406950312e+37 Shat=2.0000000000e+00 Lhat=0.0000000000e+00
KNUTH_SUBTREE root=4576 depth=28 w=1.1504330257e+38 Shat=1.3000000000e+01 Lhat=0.0000000000e+00
KNUTH_SUBTREE root=4577 depth=28 w=3.5037386413e+37 Shat=2.0000000000e+00 Lhat=0.0000000000e+00
KNUTH_SUBTREE root=4578 depth=28 w=3.9551177164e+38 Shat=5.0000000000e+00 Lhat=0.0000000000e+00
KNUTH_SUBTREE root=4579 depth=28 w=1.0207729435e+38 Shat=3.0000000000e+00 Lhat=0.0000000000e+00
KNUTH_SUBTREE root=4580 depth=28 w=2.0588306989e+38 Shat=4.8537000000e+01 Lhat=0.0000000000e+00
KNUTH_SUBTREE root=4581 depth=28 w=9.9490473154e+37 Shat=3.0000000000e+00 Lhat=0.0000000000e+00
KNUTH_SUBTREE root=4582 depth=28 w=4.9595180590e+38 Shat=3.0000000000e+00 Lhat=0.0000000000e+00
KNUTH_SUBTREE root=4583 depth=28 w=3.7141412376e+38 Shat=2.0000000000e+00 Lhat=0.0000000000e+00
KNUTH_SUBTREE root=4584 depth=28 w=9.4373886894e+38 Shat=3.0000000000e+00 Lhat=0.0000000000e+00
KNUTH_SUBTREE root=4585 depth=28 w=6.1088263186e+38 Shat=7.0000000000e+00 Lhat=0.0000000000e+00
KNUTH_SUBTREE root=4586 depth=28 w=1.4657168645e+38 Shat=1.0000000000e+00 Lhat=0.0000000000e+00
KNUTH_SUBTREE root=4587 depth=28 w=1.3411769896e+38 Shat=3.0000000000e+00 Lhat=0.0000000000e+00
KNUTH_SUBTREE root=4588 depth=28 w=1.8684191191e+38 Shat=1.2040000000e+01 Lhat=0.0000000000e+00
KNUTH_SUBTREE root=4589 depth=28 w=7.8750568833e+38 Shat=1.0000000000e+00 Lhat=0.0000000000e+00
KNUTH_SUBTREE root=4590 depth=28 w=2.9507942395e+39 Shat=4.3440000000e+01 Lhat=0.0000000000e+00
KNUTH_SUBTREE root=4591 depth=28 w=2.9221988566e+38 Shat=1.4149600000e+02 Lhat=0.0000000000e+00
KNUTH_SUBTREE root=4592 depth=28 w=1.6814282458e+38 Shat=9.3536000000e+01 Lhat=0.0000000000e+00
KNUTH_SUBTREE root=4593 depth=28 w=2.7052367626e+38 Shat=3.6020000000e+01 Lhat=0.0000000000e+00
KNUTH_SUBTREE root=4594 depth=28 w=3.0130602988e+36 Shat=5.0000000000e+00 Lhat=0.0000000000e+00
KNUTH_SUBTREE root=4595 depth=28 w=3.7097641200e+38 Shat=8.1460000000e+00 Lhat=0.0000000000e+00
KNUTH_SUBTREE root=4596 depth=28 w=2.9488517234e+38 Shat=2.8951000000e+01 Lhat=0.0000000000e+00
KNUTH_SUBTREE root=4597 depth=28 w=4.9593719363e+37 Shat=2.9882000000e+01 Lhat=0.0000000000e+00
KNUTH_SUBTREE root=4598 depth=28 w=5.5284516451e+38 Shat=3.9960000000e+00 Lhat=0.0000000000e+00
KNUTH_SUBTREE root=4599 depth=28 w=2.1816976171e+38 Shat=1.0000000000e+00 Lhat=0.0000000000e+00
KNUTH_SUBTREE root=4600 depth=28 w=0 Shat=0 Lhat=0 dead=1
KNUTH_SUBTREE root=4601 depth=28 w=1.2404817361e+36 Shat=3.0000000000e+00 Lhat=0.0000000000e+00
KNUTH_SUBTREE root=4602 depth=28 w=1.5694356391e+39 Shat=6.7912000000e+01 Lhat=0.0000000000e+00
KNUTH_SUBTREE root=4603 depth=28 w=1.0964555032e+36 Shat=1.0000000000e+00 Lhat=0.0000000000e+00
KNUTH_SUBTREE root=4604 depth=28 w=1.6874908842e+39 Shat=4.0000000000e+00 Lhat=0.0000000000e+00
KNUTH_SUBTREE root=4605 depth=28 w=4.1082822975e+37 Shat=6.0850000000e+00 Lhat=0.0000000000e+00
KNUTH_SUBTREE root=4606 depth=28 w=9.0666193368e+38 Shat=1.0000000000e+00 Lhat=0.0000000000e+00
KNUTH_SUBTREE root=4607 depth=28 w=9.6197260876e+38 Shat=4.9080000000e+01 Lhat=0.0000000000e+00
KNUTH_SUBTREE root=4608 depth=28 w=6.6401843294e+37 Shat=1.7023000000e+01 Lhat=0.0000000000e+00
KNUTH_SUBTREE root=4609 depth=28 w=5.1586505011e+38 Shat=4.6592000000e+01 Lhat=0.0000000000e+00
KNUTH_SUBTREE root=4610 depth=28 w=2.0117228486e+38 Shat=2.4788000000e+01 Lhat=0.0000000000e+00
KNUTH_SUBTREE root=4611 depth=28 w=1.9874051259e+38 Shat=3.9604000000e+01 Lhat=0.0000000000e+00
KNUTH_SUBTREE root=4612 depth=28 w=3.7062284148e+37 Shat=5.9500000000e+00 Lhat=0.0000000000e+00
KNUTH_SUBTREE root=4613 depth=28 w=1.7686260550e+38 Shat=1.3000000000e+01 Lhat=0.0000000000e+00
KNUTH_SUBTREE root=4614 depth=28 w=7.0950596237e+38 Shat=1.0000000000e+00 Lhat=0.0000000000e+00
KNUTH_SUBTREE root=4615 depth=28 w=8.2323878541e+38 Shat=2.0000000000e+00 Lhat=0.0000000000e+00
KNUTH_SUBTREE root=4616 depth=28 w=8.7339223471e+38 Shat=1.0000000000e+00 Lhat=0.0000000000e+00
KNUTH_SUBTREE root=4617 depth=28 w=2.0846130162e+38 Shat=2.1000000000e+01 Lhat=0.0000000000e+00
KNUTH_SUBTREE root=4618 depth=28 w=6.3160096607e+38 Shat=6.0130000000e+00 Lhat=0.0000000000e+00
KNUTH_SUBTREE root=4619 depth=28 w=3.2990833978e+38 Shat=8.2195000000e+01 Lhat=0.0000000000e+00
KNUTH_SUBTREE root=4620 depth=28 w=1.3120692390e+39 Shat=1.1088000000e+01 Lhat=0.0000000000e+00
KNUTH_SUBTREE root=4621 depth=28 w=2.7322323844e+39 Shat=2.8188000000e+01 Lhat=0.0000000000e+00
KNUTH_SUBTREE root=4622 depth=28 w=2.1942704790e+39 Shat=1.6968000000e+01 Lhat=0.0000000000e+00
KNUTH_SUBTREE root=4623 depth=28 w=2.5493147685e+37 Shat=1.0000000000e+00 Lhat=0.0000000000e+00
KNUTH_SUBTREE root=4624 depth=28 w=1.3955386055e+38 Shat=3.0000000000e+00 Lhat=0.0000000000e+00
KNUTH_SUBTREE root=4625 depth=28 w=5.8768912483e+38 Shat=1.1012000000e+01 Lhat=0.0000000000e+00
KNUTH_SUBTREE root=4626 depth=28 w=2.6753770500e+39 Shat=2.9840000000e+01 Lhat=0.0000000000e+00
KNUTH_SUBTREE root=4627 depth=28 w=1.8732184651e+37 Shat=2.0000000000e+00 Lhat=0.0000000000e+00
KNUTH_SUBTREE root=4628 depth=28 w=2.4082057168e+36 Shat=1.0000000000e+00 Lhat=0.0000000000e+00
KNUTH_SUBTREE root=4629 depth=28 w=2.1758915834e+34 Shat=1.0000000000e+00 Lhat=0.0000000000e+00
KNUTH_SUBTREE root=4630 depth=28 w=5.5170228254e+38 Shat=1.2228000000e+02 Lhat=0.0000000000e+00
KNUTH_SUBTREE root=4631 depth=28 w=1.8750290025e+38 Shat=4.0265000000e+01 Lhat=0.0000000000e+00
KNUTH_SUBTREE root=4632 depth=28 w=9.5127851421e+37 Shat=1.0000000000e+00 Lhat=0.0000000000e+00
KNUTH_SUBTREE root=4633 depth=28 w=4.2691051671e+38 Shat=5.0000000000e+00 Lhat=0.0000000000e+00
KNUTH_SUBTREE root=4634 depth=28 w=1.1357699141e+39 Shat=1.0444600000e+02 Lhat=0.0000000000e+00
KNUTH_SUBTREE root=4635 depth=28 w=2.3884747388e+37 Shat=1.0000000000e+00 Lhat=0.0000000000e+00
KNUTH_SUBTREE root=4636 depth=28 w=2.6773524903e+38 Shat=3.0000000000e+00 Lhat=0.0000000000e+00
KNUTH_SUBTREE root=4637 depth=28 w=1.8310702106e+37 Shat=3.0000000000e+00 Lhat=0.0000000000e+00
KNUTH_SUBTREE root=4638 depth=28 w=6.0712715585e+38 Shat=2.4252000000e+02 Lhat=0.0000000000e+00
KNUTH_SUBTREE root=4639 depth=28 w=3.9329422467e+38 Shat=1.0000000000e+01 Lhat=0.0000000000e+00
KNUTH_SUBTREE root=4640 depth=28 w=8.2302335138e+38 Shat=1.9995000000e+01 Lhat=0.0000000000e+00
KNUTH_SUBTREE root=4641 depth=28 w=2.4542579998e+37 Shat=3.0000000000e+00 Lhat=0.0000000000e+00
KNUTH_SUBTREE root=4642 depth=28 w=2.8202283370e+39 Shat=6.0224000000e+01 Lhat=0.0000000000e+00
KNUTH_SUBTREE root=4643 depth=28 w=4.5039399205e+38 Shat=5.0332000000e+01 Lhat=0.0000000000e+00
KNUTH_SUBTREE root=4644 depth=28 w=3.8290351059e+38 Shat=1.8100000000e+01 Lhat=0.0000000000e+00
KNUTH_SUBTREE root=4645 depth=28 w=2.5835488941e+37 Shat=7.0000000000e+00 Lhat=0.0000000000e+00
KNUTH_SUBTREE root=4646 depth=28 w=8.8568454645e+38 Shat=1.1000000000e+01 Lhat=0.0000000000e+00
KNUTH_SUBTREE root=4647 depth=28 w=9.5119409662e+37 Shat=2.0000000000e+00 Lhat=0.0000000000e+00
KNUTH_SUBTREE root=4648 depth=28 w=4.6501782280e+38 Shat=7.6712000000e+01 Lhat=0.0000000000e+00
KNUTH_SUBTREE root=4649 depth=28 w=7.7823328794e+38 Shat=7.9904000000e+01 Lhat=0.0000000000e+00
KNUTH_SUBTREE root=4650 depth=28 w=2.3196725818e+36 Shat=3.0000000000e+00 Lhat=0.0000000000e+00
KNUTH_SUBTREE root=4651 depth=28 w=1.3136358070e+39 Shat=4.8556000000e+01 Lhat=0.0000000000e+00
KNUTH_SUBTREE root=4652 depth=28 w=4.7313472685e+38 Shat=9.0000000000e+00 Lhat=0.0000000000e+00
KNUTH_SUBTREE root=4653 depth=28 w=1.4618008549e+37 Shat=1.0000000000e+00 Lhat=0.0000000000e+00
KNUTH_SUBTREE root=4654 depth=28 w=2.1400909683e+38 Shat=8.9760000000e+00 Lhat=0.0000000000e+00
KNUTH_SUBTREE root=4655 depth=28 w=2.5507793518e+39 Shat=5.0536000000e+01 Lhat=0.0000000000e+00
KNUTH_SUBTREE root=4656 depth=28 w=1.1657346462e+39 Shat=3.0000000000e+00 Lhat=0.0000000000e+00
KNUTH_SUBTREE root=4657 depth=28 w=1.9831984810e+39 Shat=5.0000000000e+00 Lhat=0.0000000000e+00
KNUTH_SUBTREE root=4658 depth=28 w=3.0889298271e+38 Shat=5.3800000000e+01 Lhat=0.0000000000e+00
KNUTH_SUBTREE root=4659 depth=28 w=9.6089319403e+36 Shat=4.0000000000e+00 Lhat=0.0000000000e+00
KNUTH_SUBTREE root=4660 depth=28 w=4.4598278580e+38 Shat=6.9184000000e+01 Lhat=0.0000000000e+00
KNUTH_SUBTREE root=4661 depth=28 w=5.8497393093e+38 Shat=3.0000000000e+00 Lhat=0.0000000000e+00
KNUTH_SUBTREE root=4662 depth=28 w=8.1682913782e+36 Shat=1.0000000000e+00 Lhat=0.0000000000e+00
KNUTH_SUBTREE root=4663 depth=28 w=8.1789946297e+38 Shat=4.0975000000e+01 Lhat=0.0000000000e+00
KNUTH_SUBTREE root=4664 depth=28 w=0 Shat=0 Lhat=0 dead=1
KNUTH_SUBTREE root=4665 depth=28 w=1.2315485585e+38 Shat=9.0000000000e+00 Lhat=0.0000000000e+00
KNUTH_SUBTREE root=4666 depth=28 w=2.1661904112e+38 Shat=4.1824000000e+01 Lhat=0.0000000000e+00
KNUTH_SUBTREE root=4667 depth=28 w=7.7461629990e+38 Shat=7.5214000000e+01 Lhat=0.0000000000e+00
KNUTH_SUBTREE root=4668 depth=28 w=1.1992454975e+37 Shat=1.0000000000e+00 Lhat=0.0000000000e+00
KNUTH_SUBTREE root=4669 depth=28 w=2.8367896141e+39 Shat=6.0661000000e+01 Lhat=0.0000000000e+00
KNUTH_SUBTREE root=4670 depth=28 w=2.5589640226e+39 Shat=7.5792000000e+01 Lhat=0.0000000000e+00
KNUTH_SUBTREE root=4671 depth=28 w=2.5980493365e+38 Shat=5.7632000000e+01 Lhat=0.0000000000e+00
KNUTH_SUBTREE root=4672 depth=28 w=1.2426706469e+37 Shat=1.0000000000e+00 Lhat=0.0000000000e+00
KNUTH_SUBTREE root=4673 depth=28 w=7.3581242086e+38 Shat=1.3000000000e+01 Lhat=0.0000000000e+00
KNUTH_SUBTREE root=4674 depth=28 w=1.2116678732e+39 Shat=6.7619000000e+01 Lhat=0.0000000000e+00
KNUTH_SUBTREE root=4675 depth=28 w=2.9312843540e+38 Shat=3.0000000000e+00 Lhat=0.0000000000e+00
KNUTH_SUBTREE root=4676 depth=28 w=1.1879546592e+38 Shat=5.0280000000e+00 Lhat=0.0000000000e+00
KNUTH_SUBTREE root=4677 depth=28 w=9.4996884081e+38 Shat=6.6632000000e+01 Lhat=1.0864000000e+01
KNUTH_SUBTREE root=4678 depth=28 w=2.2225086600e+39 Shat=1.5145600000e+02 Lhat=0.0000000000e+00
KNUTH_SUBTREE root=4679 depth=28 w=5.8901856748e+37 Shat=9.9960000000e+00 Lhat=0.0000000000e+00
KNUTH_SUBTREE root=4680 depth=28 w=1.1275235631e+39 Shat=5.9560000000e+00 Lhat=0.0000000000e+00
KNUTH_SUBTREE root=4681 depth=28 w=2.5173318683e+36 Shat=1.0000000000e+00 Lhat=0.0000000000e+00
KNUTH_SUBTREE root=4682 depth=28 w=7.6527083224e+38 Shat=3.5490000000e+01 Lhat=0.0000000000e+00
KNUTH_SUBTREE root=4683 depth=28 w=1.0053737665e+39 Shat=3.4205000000e+01 Lhat=0.0000000000e+00
KNUTH_SUBTREE root=4684 depth=28 w=2.9326542305e+38 Shat=6.9663000000e+01 Lhat=0.0000000000e+00
KNUTH_SUBTREE root=4685 depth=28 w=2.3163229424e+38 Shat=4.0000000000e+00 Lhat=0.0000000000e+00
KNUTH_SUBTREE root=4686 depth=28 w=1.5693728507e+39 Shat=1.0000000000e+01 Lhat=0.0000000000e+00
KNUTH_SUBTREE root=4687 depth=28 w=5.1064717832e+37 Shat=3.0000000000e+00 Lhat=0.0000000000e+00
KNUTH_SUBTREE root=4688 depth=28 w=1.4659525176e+38 Shat=1.0000000000e+00 Lhat=0.0000000000e+00
KNUTH_SUBTREE root=4689 depth=28 w=5.9711799017e+38 Shat=7.0000000000e+00 Lhat=0.0000000000e+00
KNUTH_SUBTREE root=4690 depth=28 w=1.0563833574e+39 Shat=4.5272000000e+01 Lhat=0.0000000000e+00
KNUTH_SUBTREE root=4691 depth=28 w=5.2337137985e+37 Shat=1.0000000000e+00 Lhat=0.0000000000e+00
KNUTH_SUBTREE root=4692 depth=28 w=1.7815088536e+39 Shat=6.1795000000e+01 Lhat=0.0000000000e+00
KNUTH_SUBTREE root=4693 depth=28 w=1.9274253160e+37 Shat=1.0000000000e+00 Lhat=0.0000000000e+00
KNUTH_SUBTREE root=4694 depth=28 w=1.0053700890e+38 Shat=1.0000000000e+00 Lhat=0.0000000000e+00
KNUTH_SUBTREE root=4695 depth=28 w=1.1253477148e+39 Shat=2.0000000000e+00 Lhat=0.0000000000e+00
KNUTH_SUBTREE root=4696 depth=28 w=8.2758520850e+38 Shat=4.1000000000e+01 Lhat=0.0000000000e+00
KNUTH_SUBTREE root=4697 depth=28 w=4.1124632592e+38 Shat=1.3000000000e+01 Lhat=0.0000000000e+00
KNUTH_SUBTREE root=4698 depth=28 w=7.8509067514e+38 Shat=4.1944000000e+01 Lhat=0.0000000000e+00
KNUTH_SUBTREE root=4699 depth=28 w=2.3205717802e+39 Shat=7.0000000000e+00 Lhat=0.0000000000e+00
KNUTH_SUBTREE root=4700 depth=28 w=1.9979315805e+39 Shat=5.2896000000e+01 Lhat=0.0000000000e+00
KNUTH_SUBTREE root=4701 depth=28 w=3.0002823396e+38 Shat=2.8005000000e+01 Lhat=0.0000000000e+00
KNUTH_SUBTREE root=4702 depth=28 w=2.5297752064e+39 Shat=8.4056000000e+01 Lhat=0.0000000000e+00
KNUTH_SUBTREE root=4703 depth=28 w=3.1141574557e+38 Shat=7.9960000000e+00 Lhat=0.0000000000e+00
KNUTH_SUBTREE root=4704 depth=28 w=2.2526299340e+36 Shat=1.0000000000e+00 Lhat=0.0000000000e+00
KNUTH_SUBTREE root=4705 depth=28 w=2.6847823217e+38 Shat=1.0000000000e+01 Lhat=0.0000000000e+00
KNUTH_SUBTREE root=4706 depth=28 w=1.1025269597e+39 Shat=4.0000000000e+00 Lhat=0.0000000000e+00
KNUTH_SUBTREE root=4707 depth=28 w=1.8041867024e+39 Shat=2.2780000000e+01 Lhat=0.0000000000e+00
KNUTH_SUBTREE root=4708 depth=28 w=7.6796181110e+37 Shat=5.0000000000e+00 Lhat=0.0000000000e+00
KNUTH_SUBTREE root=4709 depth=28 w=5.7337413936e+38 Shat=1.7056000000e+01 Lhat=0.0000000000e+00
KNUTH_SUBTREE root=4710 depth=28 w=7.8930078886e+37 Shat=9.0000000000e+00 Lhat=0.0000000000e+00
KNUTH_SUBTREE root=4711 depth=28 w=9.5464723781e+37 Shat=1.0000000000e+00 Lhat=0.0000000000e+00
KNUTH_SUBTREE root=4712 depth=28 w=2.4889583968e+39 Shat=5.9985000000e+01 Lhat=0.0000000000e+00
KNUTH_SUBTREE root=4713 depth=28 w=0 Shat=0 Lhat=0 dead=1
KNUTH_SUBTREE root=4714 depth=28 w=6.8876206472e+36 Shat=2.0000000000e+00 Lhat=0.0000000000e+00
KNUTH_SUBTREE root=4715 depth=28 w=2.4003635152e+37 Shat=1.0000000000e+00 Lhat=0.0000000000e+00
KNUTH_SUBTREE root=4716 depth=28 w=1.8236131275e+39 Shat=7.0804000000e+01 Lhat=0.0000000000e+00
KNUTH_SUBTREE root=4717 depth=28 w=1.2435154498e+38 Shat=6.0460000000e+00 Lhat=0.0000000000e+00
KNUTH_SUBTREE root=4718 depth=28 w=1.6253262349e+38 Shat=7.0000000000e+00 Lhat=0.0000000000e+00
KNUTH_SUBTREE root=4719 depth=28 w=8.4982265661e+36 Shat=1.0000000000e+00 Lhat=0.0000000000e+00
KNUTH_SUBTREE root=4720 depth=28 w=3.7200143759e+38 Shat=8.9860000000e+00 Lhat=0.0000000000e+00
KNUTH_SUBTREE root=4721 depth=28 w=4.8323914377e+38 Shat=1.1059000000e+01 Lhat=0.0000000000e+00
KNUTH_SUBTREE root=4722 depth=28 w=2.3559988881e+38 Shat=4.8747000000e+01 Lhat=0.0000000000e+00
KNUTH_SUBTREE root=4723 depth=28 w=0 Shat=0 Lhat=0 dead=1
KNUTH_SUBTREE root=4724 depth=28 w=5.0299308610e+38 Shat=2.5990000000e+01 Lhat=0.0000000000e+00
KNUTH_SUBTREE root=4725 depth=28 w=2.1515196932e+38 Shat=3.0000000000e+00 Lhat=0.0000000000e+00
KNUTH_SUBTREE root=4726 depth=28 w=2.5303734086e+37 Shat=1.0000000000e+00 Lhat=0.0000000000e+00
KNUTH_SUBTREE root=4727 depth=28 w=3.0032582878e+38 Shat=2.1000000000e+01 Lhat=0.0000000000e+00
KNUTH_SUBTREE root=4728 depth=28 w=1.5870615045e+39 Shat=5.4956000000e+01 Lhat=0.0000000000e+00
KNUTH_SUBTREE root=4729 depth=28 w=1.0833397385e+38 Shat=1.0000000000e+01 Lhat=0.0000000000e+00
KNUTH_SUBTREE root=4730 depth=28 w=5.4285287553e+38 Shat=3.0000000000e+00 Lhat=0.0000000000e+00
KNUTH_SUBTREE root=4731 depth=28 w=1.1854080383e+38 Shat=9.0000000000e+00 Lhat=0.0000000000e+00
KNUTH_SUBTREE root=4732 depth=28 w=4.5726188136e+38 Shat=2.3200000000e+01 Lhat=0.0000000000e+00
KNUTH_SUBTREE root=4733 depth=28 w=9.6988008634e+38 Shat=3.3232000000e+01 Lhat=0.0000000000e+00
KNUTH_SUBTREE root=4734 depth=28 w=1.9215613948e+39 Shat=2.5936000000e+01 Lhat=0.0000000000e+00
KNUTH_SUBTREE root=4735 depth=28 w=3.6996074567e+38 Shat=3.0000000000e+00 Lhat=0.0000000000e+00
KNUTH_SUBTREE root=4736 depth=28 w=2.7868761346e+38 Shat=4.0000000000e+00 Lhat=0.0000000000e+00
KNUTH_SUBTREE root=4737 depth=28 w=1.9063401635e+38 Shat=2.0000000000e+00 Lhat=0.0000000000e+00
KNUTH_SUBTREE root=4738 depth=28 w=4.4666492760e+38 Shat=3.0000000000e+00 Lhat=0.0000000000e+00
KNUTH_SUBTREE root=4739 depth=28 w=1.1272437112e+37 Shat=6.0000000000e+00 Lhat=0.0000000000e+00
KNUTH_SUBTREE root=4740 depth=28 w=1.4662712972e+38 Shat=9.1280000000e+00 Lhat=0.0000000000e+00
KNUTH_SUBTREE root=4741 depth=28 w=1.1784312803e+38 Shat=1.4948000000e+01 Lhat=0.0000000000e+00
KNUTH_SUBTREE root=4742 depth=28 w=5.7892733304e+38 Shat=2.0000000000e+00 Lhat=0.0000000000e+00
KNUTH_SUBTREE root=4743 depth=28 w=6.7545034665e+38 Shat=1.0000000000e+01 Lhat=0.0000000000e+00
KNUTH_SUBTREE root=4744 depth=28 w=2.1201077693e+39 Shat=1.2464000000e+01 Lhat=0.0000000000e+00
KNUTH_SUBTREE root=4745 depth=28 w=3.0381313068e+38 Shat=1.9900000000e+01 Lhat=0.0000000000e+00
KNUTH_SUBTREE root=4746 depth=28 w=0 Shat=0 Lhat=0 dead=1
KNUTH_SUBTREE root=4747 depth=28 w=4.5307996656e+38 Shat=4.1584000000e+01 Lhat=0.0000000000e+00
KNUTH_SUBTREE root=4748 depth=28 w=6.4131007757e+36 Shat=1.0000000000e+00 Lhat=0.0000000000e+00
KNUTH_SUBTREE root=4749 depth=28 w=1.0669011685e+39 Shat=2.9624000000e+01 Lhat=0.0000000000e+00
KNUTH_SUBTREE root=4750 depth=28 w=1.1837059536e+38 Shat=7.0000000000e+00 Lhat=0.0000000000e+00
KNUTH_SUBTREE root=4751 depth=28 w=9.6870777768e+37 Shat=1.0000000000e+00 Lhat=0.0000000000e+00
KNUTH_SUBTREE root=4752 depth=28 w=2.2868995073e+38 Shat=1.0373200000e+02 Lhat=0.0000000000e+00
KNUTH_SUBTREE root=4753 depth=28 w=7.0352121310e+37 Shat=3.0000000000e+00 Lhat=0.0000000000e+00
KNUTH_SUBTREE root=4754 depth=28 w=2.1765075616e+39 Shat=4.5037000000e+01 Lhat=0.0000000000e+00
KNUTH_SUBTREE root=4755 depth=28 w=2.6741473982e+39 Shat=1.6000000000e+01 Lhat=0.0000000000e+00
KNUTH_SUBTREE root=4756 depth=28 w=3.5789457961e+38 Shat=3.0000000000e+00 Lhat=0.0000000000e+00
KNUTH_SUBTREE root=4757 depth=28 w=9.7760671928e+38 Shat=1.7126800000e+02 Lhat=0.0000000000e+00
KNUTH_SUBTREE root=4758 depth=28 w=1.0719699141e+37 Shat=2.0000000000e+00 Lhat=0.0000000000e+00
KNUTH_SUBTREE root=4759 depth=28 w=1.0023819172e+38 Shat=1.4068000000e+01 Lhat=0.0000000000e+00
KNUTH_SUBTREE root=4760 depth=28 w=1.5181203287e+39 Shat=5.0000000000e+00 Lhat=0.0000000000e+00
KNUTH_SUBTREE root=4761 depth=28 w=8.1279559615e+38 Shat=3.0000000000e+00 Lhat=0.0000000000e+00
KNUTH_SUBTREE root=4762 depth=28 w=3.4497677770e+38 Shat=7.2120000000e+01 Lhat=0.0000000000e+00
KNUTH_SUBTREE root=4763 depth=28 w=1.0290886643e+39 Shat=3.0000000000e+00 Lhat=0.0000000000e+00
KNUTH_SUBTREE root=4764 depth=28 w=7.6614776660e+38 Shat=4.2586000000e+01 Lhat=0.0000000000e+00
KNUTH_SUBTREE root=4765 depth=28 w=3.4745051129e+38 Shat=2.1000000000e+01 Lhat=0.0000000000e+00
KNUTH_SUBTREE root=4766 depth=28 w=0 Shat=0 Lhat=0 dead=1
KNUTH_SUBTREE root=4767 depth=28 w=5.8572508468e+38 Shat=1.0000000000e+00 Lhat=0.0000000000e+00
KNUTH_SUBTREE root=4768 depth=28 w=1.0814185688e+38 Shat=9.0000000000e+00 Lhat=0.0000000000e+00
KNUTH_SUBTREE root=4769 depth=28 w=4.1924101806e+38 Shat=2.3062000000e+01 Lhat=0.0000000000e+00
KNUTH_SUBTREE root=4770 depth=28 w=1.0023063799e+39 Shat=4.8994000000e+01 Lhat=0.0000000000e+00
KNUTH_SUBTREE root=4771 depth=28 w=1.4375471416e+39 Shat=7.0460000000e+00 Lhat=0.0000000000e+00
KNUTH_SUBTREE root=4772 depth=28 w=2.9130973249e+39 Shat=2.3992000000e+01 Lhat=0.0000000000e+00
KNUTH_SUBTREE root=4773 depth=28 w=4.4442858203e+38 Shat=7.0000000000e+00 Lhat=0.0000000000e+00
KNUTH_SUBTREE root=4774 depth=28 w=2.0103133904e+38 Shat=5.9680000000e+00 Lhat=0.0000000000e+00
KNUTH_SUBTREE root=4775 depth=28 w=0 Shat=0 Lhat=0 dead=1
KNUTH_SUBTREE root=4776 depth=28 w=1.5327559385e+38 Shat=3.0000000000e+00 Lhat=0.0000000000e+00
KNUTH_SUBTREE root=4777 depth=28 w=6.0687990786e+37 Shat=1.6000000000e+01 Lhat=0.0000000000e+00
KNUTH_SUBTREE root=4778 depth=28 w=3.3118096779e+36 Shat=3.0000000000e+00 Lhat=0.0000000000e+00
KNUTH_SUBTREE root=4779 depth=28 w=1.1558090334e+38 Shat=2.7100000000e+01 Lhat=0.0000000000e+00
KNUTH_SUBTREE root=4780 depth=28 w=1.5807493556e+38 Shat=3.6000000000e+01 Lhat=0.0000000000e+00
KNUTH_SUBTREE root=4781 depth=28 w=2.2272068021e+39 Shat=1.3000000000e+01 Lhat=0.0000000000e+00
KNUTH_SUBTREE root=4782 depth=28 w=9.7485864202e+38 Shat=6.6616000000e+01 Lhat=0.0000000000e+00
KNUTH_SUBTREE root=4783 depth=28 w=3.1697564106e+38 Shat=1.3000000000e+01 Lhat=0.0000000000e+00
KNUTH_SUBTREE root=4784 depth=28 w=7.7207823771e+36 Shat=1.0000000000e+00 Lhat=0.0000000000e+00
KNUTH_SUBTREE root=4785 depth=28 w=4.7433190155e+38 Shat=1.6848000000e+01 Lhat=0.0000000000e+00
KNUTH_SUBTREE root=4786 depth=28 w=3.8186804970e+37 Shat=3.0000000000e+00 Lhat=0.0000000000e+00
KNUTH_SUBTREE root=4787 depth=28 w=1.2453218777e+39 Shat=1.0000000000e+01 Lhat=0.0000000000e+00
KNUTH_SUBTREE root=4788 depth=28 w=5.5311086244e+38 Shat=1.3000000000e+01 Lhat=0.0000000000e+00
KNUTH_SUBTREE root=4789 depth=28 w=3.7722627601e+38 Shat=3.0000000000e+00 Lhat=0.0000000000e+00
KNUTH_SUBTREE root=4790 depth=28 w=5.1962130762e+38 Shat=1.2256600000e+02 Lhat=0.0000000000e+00
KNUTH_SUBTREE root=4791 depth=28 w=4.8306888427e+38 Shat=9.6984000000e+01 Lhat=0.0000000000e+00
KNUTH_SUBTREE root=4792 depth=28 w=3.1665154245e+38 Shat=4.0000000000e+00 Lhat=0.0000000000e+00
KNUTH_SUBTREE root=4793 depth=28 w=7.0345456061e+37 Shat=3.0000000000e+00 Lhat=0.0000000000e+00
KNUTH_SUBTREE root=4794 depth=28 w=1.9207047411e+38 Shat=3.0000000000e+00 Lhat=0.0000000000e+00
KNUTH_SUBTREE root=4795 depth=28 w=1.4627192614e+38 Shat=7.1928000000e+01 Lhat=0.0000000000e+00
KNUTH_SUBTREE root=4796 depth=28 w=4.9073162017e+38 Shat=1.3000000000e+01 Lhat=0.0000000000e+00
KNUTH_SUBTREE root=4797 depth=28 w=3.2014297279e+38 Shat=6.6592000000e+01 Lhat=0.0000000000e+00
KNUTH_SUBTREE root=4798 depth=28 w=3.1580251784e+38 Shat=1.3000000000e+01 Lhat=0.0000000000e+00
KNUTH_SUBTREE root=4799 depth=28 w=1.9582834149e+38 Shat=6.9360000000e+00 Lhat=0.0000000000e+00
KNUTH_SUBTREE root=4800 depth=28 w=7.1091893206e+37 Shat=1.0000000000e+00 Lhat=0.0000000000e+00
KNUTH_SUBTREE root=4801 depth=28 w=6.3679894717e+38 Shat=7.9600000000e+00 Lhat=0.0000000000e+00
KNUTH_SUBTREE root=4802 depth=28 w=9.7119810235e+38 Shat=3.0000000000e+00 Lhat=0.0000000000e+00
KNUTH_SUBTREE root=4803 depth=28 w=6.8425841969e+38 Shat=3.0000000000e+00 Lhat=0.0000000000e+00
KNUTH_SUBTREE root=4804 depth=28 w=2.3252537416e+39 Shat=4.1488000000e+01 Lhat=0.0000000000e+00
KNUTH_SUBTREE root=4805 depth=28 w=3.3916978095e+39 Shat=1.0000000000e+00 Lhat=0.0000000000e+00
KNUTH_SUBTREE root=4806 depth=28 w=1.6345147016e+37 Shat=1.9660000000e+01 Lhat=0.0000000000e+00
KNUTH_SUBTREE root=4807 depth=28 w=0 Shat=0 Lhat=0 dead=1
KNUTH_SUBTREE root=4808 depth=28 w=1.2272383582e+38 Shat=8.6659000000e+01 Lhat=0.0000000000e+00
KNUTH_SUBTREE root=4809 depth=28 w=9.3122321298e+38 Shat=1.0000000000e+00 Lhat=0.0000000000e+00
KNUTH_SUBTREE root=4810 depth=28 w=1.0768371808e+39 Shat=1.3790000000e+01 Lhat=0.0000000000e+00
KNUTH_SUBTREE root=4811 depth=28 w=1.3688828259e+38 Shat=3.0000000000e+00 Lhat=0.0000000000e+00
KNUTH_SUBTREE root=4812 depth=28 w=8.5913997790e+37 Shat=5.0000000000e+00 Lhat=0.0000000000e+00
KNUTH_SUBTREE root=4813 depth=28 w=1.3478021514e+39 Shat=2.0000000000e+00 Lhat=0.0000000000e+00
KNUTH_SUBTREE root=4814 depth=28 w=1.3941961157e+39 Shat=2.0000000000e+00 Lhat=0.0000000000e+00
KNUTH_SUBTREE root=4815 depth=28 w=2.7258121813e+38 Shat=9.0394000000e+01 Lhat=0.0000000000e+00
KNUTH_SUBTREE root=4816 depth=28 w=3.6265802790e+38 Shat=6.2684000000e+01 Lhat=0.0000000000e+00
KNUTH_SUBTREE root=4817 depth=28 w=1.5985410364e+39 Shat=4.0942000000e+01 Lhat=0.0000000000e+00
KNUTH_SUBTREE root=4818 depth=28 w=0 Shat=0 Lhat=0 dead=1
KNUTH_SUBTREE root=4819 depth=28 w=8.2054696378e+37 Shat=2.0940000000e+01 Lhat=0.0000000000e+00
KNUTH_SUBTREE root=4820 depth=28 w=2.5284850664e+38 Shat=1.8980000000e+01 Lhat=0.0000000000e+00
KNUTH_SUBTREE root=4821 depth=28 w=3.3412182200e+38 Shat=1.0000000000e+00 Lhat=0.0000000000e+00
KNUTH_SUBTREE root=4822 depth=28 w=6.4319353392e+36 Shat=1.0000000000e+00 Lhat=0.0000000000e+00
KNUTH_SUBTREE root=4823 depth=28 w=1.3576550914e+39 Shat=2.5549000000e+01 Lhat=0.0000000000e+00
KNUTH_SUBTREE root=4824 depth=28 w=1.2665567999e+38 Shat=1.0000000000e+00 Lhat=0.0000000000e+00
KNUTH_SUBTREE root=4825 depth=28 w=5.6211383162e+38 Shat=4.9096000000e+01 Lhat=0.0000000000e+00
KNUTH_SUBTREE root=4826 depth=28 w=1.2611467144e+37 Shat=1.0000000000e+00 Lhat=0.0000000000e+00
KNUTH_SUBTREE root=4827 depth=28 w=0 Shat=0 Lhat=0 dead=1
KNUTH_SUBTREE root=4828 depth=28 w=4.9829175119e+38 Shat=5.0000000000e+00 Lhat=0.0000000000e+00
KNUTH_SUBTREE root=4829 depth=28 w=2.8405789569e+39 Shat=6.9640000000e+00 Lhat=0.0000000000e+00
KNUTH_SUBTREE root=4830 depth=28 w=1.7021472532e+38 Shat=1.8199200000e+02 Lhat=0.0000000000e+00
KNUTH_SUBTREE root=4831 depth=28 w=1.5301106984e+38 Shat=1.0000000000e+00 Lhat=0.0000000000e+00
KNUTH_SUBTREE root=4832 depth=28 w=4.2060940636e+36 Shat=1.0000000000e+00 Lhat=0.0000000000e+00
KNUTH_SUBTREE root=4833 depth=28 w=1.1138674597e+39 Shat=1.4615200000e+02 Lhat=0.0000000000e+00
KNUTH_SUBTREE root=4834 depth=28 w=1.2324642554e+38 Shat=2.2000000000e+01 Lhat=0.0000000000e+00
KNUTH_SUBTREE root=4835 depth=28 w=2.5657836386e+39 Shat=9.8720000000e+00 Lhat=0.0000000000e+00
KNUTH_SUBTREE root=4836 depth=28 w=6.7517714913e+38 Shat=2.0000000000e+00 Lhat=0.0000000000e+00
KNUTH_SUBTREE root=4837 depth=28 w=1.2031424096e+39 Shat=1.8824000000e+01 Lhat=0.0000000000e+00
KNUTH_SUBTREE root=4838 depth=28 w=6.7454603182e+37 Shat=4.0000000000e+00 Lhat=0.0000000000e+00
KNUTH_SUBTREE root=4839 depth=28 w=4.4103501220e+38 Shat=2.3220000000e+01 Lhat=0.0000000000e+00
KNUTH_SUBTREE root=4840 depth=28 w=3.5021002490e+38 Shat=1.4002000000e+01 Lhat=0.0000000000e+00
KNUTH_SUBTREE root=4841 depth=28 w=5.6173817263e+37 Shat=4.0340000000e+00 Lhat=0.0000000000e+00
KNUTH_SUBTREE root=4842 depth=28 w=3.6607862559e+38 Shat=5.0000000000e+00 Lhat=0.0000000000e+00
KNUTH_SUBTREE root=4843 depth=28 w=2.4886041493e+39 Shat=7.0180000000e+00 Lhat=0.0000000000e+00
KNUTH_SUBTREE root=4844 depth=28 w=2.0202463725e+37 Shat=1.4048800000e+02 Lhat=0.0000000000e+00
KNUTH_SUBTREE root=4845 depth=28 w=4.2744128033e+36 Shat=1.0000000000e+00 Lhat=0.0000000000e+00
KNUTH_SUBTREE root=4846 depth=28 w=0 Shat=0 Lhat=0 dead=1
KNUTH_SUBTREE root=4847 depth=28 w=2.6213091041e+39 Shat=1.6000000000e+01 Lhat=0.0000000000e+00
KNUTH_SUBTREE root=4848 depth=28 w=2.9002417760e+39 Shat=5.7392000000e+01 Lhat=0.0000000000e+00
KNUTH_SUBTREE root=4849 depth=28 w=6.6447114597e+37 Shat=1.0000000000e+00 Lhat=0.0000000000e+00
KNUTH_SUBTREE root=4850 depth=28 w=1.6798105523e+39 Shat=7.8556000000e+01 Lhat=0.0000000000e+00
KNUTH_SUBTREE root=4851 depth=28 w=7.1303725563e+38 Shat=2.6368000000e+01 Lhat=0.0000000000e+00
KNUTH_SUBTREE root=4852 depth=28 w=7.8156521213e+38 Shat=1.9030000000e+01 Lhat=0.0000000000e+00
KNUTH_SUBTREE root=4853 depth=28 w=6.3448993893e+38 Shat=9.0000000000e+00 Lhat=0.0000000000e+00
KNUTH_SUBTREE root=4854 depth=28 w=0 Shat=0 Lhat=0 dead=1
KNUTH_SUBTREE root=4855 depth=28 w=1.4665030603e+36 Shat=1.0000000000e+00 Lhat=0.0000000000e+00
KNUTH_SUBTREE root=4856 depth=28 w=1.9336770567e+38 Shat=1.0000000000e+00 Lhat=0.0000000000e+00
KNUTH_SUBTREE root=4857 depth=28 w=2.2773042590e+38 Shat=6.5710000000e+01 Lhat=0.0000000000e+00
KNUTH_SUBTREE root=4858 depth=28 w=1.3820226706e+38 Shat=1.0000000000e+00 Lhat=0.0000000000e+00
KNUTH_SUBTREE root=4859 depth=28 w=3.1609078716e+39 Shat=8.6148000000e+01 Lhat=0.0000000000e+00
KNUTH_SUBTREE root=4860 depth=28 w=6.5974877246e+38 Shat=6.9360000000e+00 Lhat=0.0000000000e+00
KNUTH_SUBTREE root=4861 depth=28 w=8.9309349336e+36 Shat=4.0000000000e+00 Lhat=0.0000000000e+00
KNUTH_SUBTREE root=4862 depth=28 w=6.6769466684e+38 Shat=5.8323000000e+01 Lhat=0.0000000000e+00
KNUTH_SUBTREE root=4863 depth=28 w=2.9680703911e+38 Shat=2.0000000000e+00 Lhat=0.0000000000e+00
KNUTH_SUBTREE root=4864 depth=28 w=6.5077567196e+38 Shat=1.1048000000e+02 Lhat=0.0000000000e+00
KNUTH_SUBTREE root=4865 depth=28 w=2.2492265713e+38 Shat=5.9848000000e+01 Lhat=0.0000000000e+00
KNUTH_SUBTREE root=4866 depth=28 w=1.5645058305e+39 Shat=3.8824000000e+01 Lhat=0.0000000000e+00
KNUTH_SUBTREE root=4867 depth=28 w=2.2756445884e+38 Shat=5.0000000000e+00 Lhat=0.0000000000e+00
KNUTH_SUBTREE root=4868 depth=28 w=2.4598886437e+39 Shat=5.0000000000e+00 Lhat=0.0000000000e+00
KNUTH_SUBTREE root=4869 depth=28 w=2.0890457600e+38 Shat=5.0000000000e+00 Lhat=0.0000000000e+00
KNUTH_SUBTREE root=4870 depth=28 w=7.1999364233e+37 Shat=3.0000000000e+00 Lhat=0.0000000000e+00
KNUTH_SUBTREE root=4871 depth=28 w=8.6520392900e+38 Shat=4.3625000000e+01 Lhat=0.0000000000e+00
KNUTH_SUBTREE root=4872 depth=28 w=7.1896727968e+36 Shat=1.0000000000e+00 Lhat=0.0000000000e+00
KNUTH_SUBTREE root=4873 depth=28 w=0 Shat=0 Lhat=0 dead=1
KNUTH_SUBTREE root=4874 depth=28 w=1.6553575353e+39 Shat=1.0000000000e+01 Lhat=0.0000000000e+00
KNUTH_SUBTREE root=4875 depth=28 w=0 Shat=0 Lhat=0 dead=1
KNUTH_SUBTREE root=4876 depth=28 w=5.8301748291e+37 Shat=3.0000000000e+00 Lhat=0.0000000000e+00
KNUTH_SUBTREE root=4877 depth=28 w=1.4141845515e+38 Shat=1.0996000000e+01 Lhat=0.0000000000e+00
KNUTH_SUBTREE root=4878 depth=28 w=2.2692428172e+37 Shat=4.0000000000e+00 Lhat=0.0000000000e+00
KNUTH_SUBTREE root=4879 depth=28 w=1.1595039196e+38 Shat=1.3000000000e+01 Lhat=0.0000000000e+00
KNUTH_SUBTREE root=4880 depth=28 w=1.1642268902e+38 Shat=1.9970000000e+01 Lhat=0.0000000000e+00
KNUTH_SUBTREE root=4881 depth=28 w=8.0581085461e+38 Shat=7.0020000000e+01 Lhat=0.0000000000e+00
KNUTH_SUBTREE root=4882 depth=28 w=4.3740609333e+37 Shat=2.0000000000e+00 Lhat=0.0000000000e+00
KNUTH_SUBTREE root=4883 depth=28 w=4.0027752058e+38 Shat=2.0000000000e+00 Lhat=0.0000000000e+00
KNUTH_SUBTREE root=4884 depth=28 w=1.8209617248e+36 Shat=1.0000000000e+00 Lhat=0.0000000000e+00
KNUTH_SUBTREE root=4885 depth=28 w=6.1688568706e+38 Shat=6.1780000000e+00 Lhat=0.0000000000e+00
KNUTH_SUBTREE root=4886 depth=28 w=5.2891925268e+37 Shat=3.0000000000e+00 Lhat=0.0000000000e+00
KNUTH_SUBTREE root=4887 depth=28 w=1.2795359689e+39 Shat=5.7640000000e+01 Lhat=0.0000000000e+00
KNUTH_SUBTREE root=4888 depth=28 w=6.8319620090e+38 Shat=1.8044000000e+01 Lhat=0.0000000000e+00
KNUTH_SUBTREE root=4889 depth=28 w=2.2120974955e+38 Shat=2.0000000000e+00 Lhat=0.0000000000e+00
KNUTH_SUBTREE root=4890 depth=28 w=1.3148220528e+39 Shat=1.5000000000e+01 Lhat=0.0000000000e+00
KNUTH_SUBTREE root=4891 depth=28 w=5.3048481123e+37 Shat=3.0000000000e+00 Lhat=0.0000000000e+00
KNUTH_SUBTREE root=4892 depth=28 w=4.2405700318e+38 Shat=5.4431000000e+01 Lhat=0.0000000000e+00
KNUTH_SUBTREE root=4893 depth=28 w=1.8167856929e+38 Shat=1.4036000000e+01 Lhat=0.0000000000e+00
KNUTH_SUBTREE root=4894 depth=28 w=2.3084630408e+38 Shat=4.0000000000e+00 Lhat=0.0000000000e+00
KNUTH_SUBTREE root=4895 depth=28 w=2.2824152334e+38 Shat=4.0000000000e+00 Lhat=0.0000000000e+00
KNUTH_SUBTREE root=4896 depth=28 w=3.0308603203e+38 Shat=5.1976000000e+01 Lhat=0.0000000000e+00
KNUTH_SUBTREE root=4897 depth=28 w=3.1625647097e+38 Shat=5.5240000000e+01 Lhat=0.0000000000e+00
KNUTH_SUBTREE root=4898 depth=28 w=5.8041667958e+38 Shat=4.7552000000e+01 Lhat=0.0000000000e+00
KNUTH_SUBTREE root=4899 depth=28 w=1.6856760543e+38 Shat=1.0000000000e+00 Lhat=0.0000000000e+00
KNUTH_SUBTREE root=4900 depth=28 w=1.0681765248e+39 Shat=7.0456000000e+01 Lhat=0.0000000000e+00
KNUTH_SUBTREE root=4901 depth=28 w=1.9361491754e+38 Shat=2.0000000000e+00 Lhat=0.0000000000e+00
KNUTH_SUBTREE root=4902 depth=28 w=7.7047219704e+38 Shat=1.9000000000e+01 Lhat=0.0000000000e+00
KNUTH_SUBTREE root=4903 depth=28 w=2.5476748704e+38 Shat=3.8368000000e+01 Lhat=0.0000000000e+00
KNUTH_SUBTREE root=4904 depth=28 w=2.7660380049e+38 Shat=1.0000000000e+00 Lhat=0.0000000000e+00
KNUTH_SUBTREE root=4905 depth=28 w=4.9799630275e+38 Shat=2.3896000000e+01 Lhat=0.0000000000e+00
KNUTH_SUBTREE root=4906 depth=28 w=0 Shat=0 Lhat=0 dead=1
KNUTH_SUBTREE root=4907 depth=28 w=2.8539306312e+39 Shat=5.6580000000e+01 Lhat=0.0000000000e+00
KNUTH_SUBTREE root=4908 depth=28 w=5.1673356777e+37 Shat=2.0000000000e+00 Lhat=0.0000000000e+00
KNUTH_SUBTREE root=4909 depth=28 w=2.4893744207e+38 Shat=1.1052000000e+01 Lhat=0.0000000000e+00
KNUTH_SUBTREE root=4910 depth=28 w=2.6790495869e+38 Shat=1.8070000000e+01 Lhat=0.0000000000e+00
KNUTH_SUBTREE root=4911 depth=28 w=2.6863855750e+39 Shat=1.7500000000e+01 Lhat=0.0000000000e+00
KNUTH_SUBTREE root=4912 depth=28 w=1.3614651485e+36 Shat=5.0000000000e+00 Lhat=0.0000000000e+00
KNUTH_SUBTREE root=4913 depth=28 w=1.7210783130e+39 Shat=3.0008000000e+01 Lhat=0.0000000000e+00
KNUTH_SUBTREE root=4914 depth=28 w=2.2899618881e+38 Shat=3.0000000000e+00 Lhat=0.0000000000e+00
KNUTH_SUBTREE root=4915 depth=28 w=4.8564427401e+37 Shat=2.0000000000e+00 Lhat=0.0000000000e+00
KNUTH_SUBTREE root=4916 depth=28 w=0 Shat=0 Lhat=0 dead=1
KNUTH_SUBTREE root=4917 depth=28 w=2.4964237466e+39 Shat=2.9925000000e+01 Lhat=0.0000000000e+00
KNUTH_SUBTREE root=4918 depth=28 w=2.5359882074e+39 Shat=1.0000000000e+00 Lhat=0.0000000000e+00
KNUTH_SUBTREE root=4919 depth=28 w=3.5272327018e+38 Shat=2.1000000000e+01 Lhat=0.0000000000e+00
KNUTH_SUBTREE root=4920 depth=28 w=1.0768126141e+39 Shat=6.1540000000e+00 Lhat=0.0000000000e+00
KNUTH_SUBTREE root=4921 depth=28 w=1.2176458248e+39 Shat=2.0000000000e+00 Lhat=0.0000000000e+00
KNUTH_SUBTREE root=4922 depth=28 w=6.6605925790e+38 Shat=2.6158000000e+01 Lhat=0.0000000000e+00
KNUTH_SUBTREE root=4923 depth=28 w=1.6289727518e+38 Shat=7.9944000000e+01 Lhat=0.0000000000e+00
KNUTH_SUBTREE root=4924 depth=28 w=2.7439159021e+39 Shat=1.1990000000e+01 Lhat=0.0000000000e+00
KNUTH_SUBTREE root=4925 depth=28 w=7.1543437873e+38 Shat=5.4058000000e+01 Lhat=0.0000000000e+00
KNUTH_SUBTREE root=4926 depth=28 w=1.6100581192e+38 Shat=2.5648000000e+01 Lhat=0.0000000000e+00
KNUTH_SUBTREE root=4927 depth=28 w=5.5013934027e+38 Shat=1.7995000000e+01 Lhat=0.0000000000e+00
KNUTH_SUBTREE root=4928 depth=28 w=1.3848862329e+38 Shat=3.0000000000e+00 Lhat=0.0000000000e+00
KNUTH_SUBTREE root=4929 depth=28 w=4.8678874290e+38 Shat=1.5008000000e+01 Lhat=0.0000000000e+00
KNUTH_SUBTREE root=4930 depth=28 w=5.2518866004e+38 Shat=3.0000000000e+00 Lhat=0.0000000000e+00
KNUTH_SUBTREE root=4931 depth=28 w=3.4948512078e+38 Shat=4.0000000000e+00 Lhat=0.0000000000e+00
KNUTH_SUBTREE root=4932 depth=28 w=4.1393398501e+38 Shat=3.0000000000e+00 Lhat=0.0000000000e+00
KNUTH_SUBTREE root=4933 depth=28 w=3.9631068727e+38 Shat=1.0000000000e+00 Lhat=0.0000000000e+00
KNUTH_SUBTREE root=4934 depth=28 w=1.3663983715e+39 Shat=1.0960000000e+01 Lhat=0.0000000000e+00
KNUTH_SUBTREE root=4935 depth=28 w=0 Shat=0 Lhat=0 dead=1
KNUTH_SUBTREE root=4936 depth=28 w=4.5970591095e+38 Shat=7.2862000000e+01 Lhat=0.0000000000e+00
KNUTH_SUBTREE root=4937 depth=28 w=1.9282824055e+38 Shat=1.0000000000e+00 Lhat=0.0000000000e+00
KNUTH_SUBTREE root=4938 depth=28 w=4.8705108047e+36 Shat=4.0000000000e+00 Lhat=0.0000000000e+00
KNUTH_SUBTREE root=4939 depth=28 w=5.9939624631e+36 Shat=1.1990000000e+01 Lhat=0.0000000000e+00
KNUTH_SUBTREE root=4940 depth=28 w=2.1240488794e+38 Shat=4.8496000000e+01 Lhat=0.0000000000e+00
KNUTH_SUBTREE root=4941 depth=28 w=4.3139791086e+38 Shat=8.6952000000e+01 Lhat=0.0000000000e+00
KNUTH_SUBTREE root=4942 depth=28 w=1.4430731537e+38 Shat=1.4960000000e+01 Lhat=0.0000000000e+00
KNUTH_SUBTREE root=4943 depth=28 w=2.0073017613e+38 Shat=3.0000000000e+00 Lhat=0.0000000000e+00
KNUTH_SUBTREE root=4944 depth=28 w=3.3585373690e+38 Shat=8.6812000000e+01 Lhat=0.0000000000e+00
KNUTH_SUBTREE root=4945 depth=28 w=2.9094263712e+38 Shat=1.0000000000e+00 Lhat=0.0000000000e+00
KNUTH_SUBTREE root=4946 depth=28 w=4.6240635217e+38 Shat=2.3212000000e+01 Lhat=0.0000000000e+00
KNUTH_SUBTREE root=4947 depth=28 w=6.6970963309e+35 Shat=1.0000000000e+00 Lhat=0.0000000000e+00
KNUTH_SUBTREE root=4948 depth=28 w=2.9482032709e+38 Shat=9.0280000000e+00 Lhat=0.0000000000e+00
KNUTH_SUBTREE root=4949 depth=28 w=1.7715602126e+37 Shat=1.0000000000e+00 Lhat=0.0000000000e+00
KNUTH_SUBTREE root=4950 depth=28 w=1.6256428978e+37 Shat=9.5760000000e+01 Lhat=0.0000000000e+00
KNUTH_SUBTREE root=4951 depth=28 w=3.6292027810e+38 Shat=1.1056000000e+01 Lhat=0.0000000000e+00
KNUTH_SUBTREE root=4952 depth=28 w=1.8799667883e+38 Shat=1.9860000000e+01 Lhat=0.0000000000e+00
KNUTH_SUBTREE root=4953 depth=28 w=5.8855850950e+38 Shat=8.8875000000e+01 Lhat=0.0000000000e+00
KNUTH_SUBTREE root=4954 depth=28 w=2.1232341112e+39 Shat=3.0000000000e+00 Lhat=0.0000000000e+00
KNUTH_SUBTREE root=4955 depth=28 w=2.5853339240e+39 Shat=3.2416000000e+01 Lhat=0.0000000000e+00
KNUTH_SUBTREE root=4956 depth=28 w=4.2278163642e+38 Shat=4.0000000000e+00 Lhat=0.0000000000e+00
KNUTH_SUBTREE root=4957 depth=28 w=2.2985273333e+39 Shat=1.0000000000e+00 Lhat=0.0000000000e+00
KNUTH_SUBTREE root=4958 depth=28 w=3.6206643649e+38 Shat=1.4960000000e+01 Lhat=0.0000000000e+00
KNUTH_SUBTREE root=4959 depth=28 w=4.8104355845e+36 Shat=3.0000000000e+00 Lhat=0.0000000000e+00
KNUTH_SUBTREE root=4960 depth=28 w=8.5427043906e+37 Shat=1.7000000000e+01 Lhat=0.0000000000e+00
KNUTH_SUBTREE root=4961 depth=28 w=3.9340538419e+38 Shat=1.8980000000e+01 Lhat=0.0000000000e+00
KNUTH_SUBTREE root=4962 depth=28 w=1.3313973729e+39 Shat=5.0000000000e+00 Lhat=0.0000000000e+00
KNUTH_SUBTREE root=4963 depth=28 w=6.0986375162e+37 Shat=1.3000000000e+01 Lhat=0.0000000000e+00
KNUTH_SUBTREE root=4964 depth=28 w=2.8947327962e+39 Shat=1.1994400000e+02 Lhat=0.0000000000e+00
KNUTH_SUBTREE root=4965 depth=28 w=2.8793718095e+39 Shat=2.8080000000e+01 Lhat=0.0000000000e+00
KNUTH_SUBTREE root=4966 depth=28 w=2.3664952438e+38 Shat=5.3128000000e+01 Lhat=0.0000000000e+00
KNUTH_SUBTREE root=4967 depth=28 w=2.7450920940e+38 Shat=3.0000000000e+00 Lhat=0.0000000000e+00
KNUTH_SUBTREE root=4968 depth=28 w=2.0118440747e+38 Shat=1.0000000000e+01 Lhat=0.0000000000e+00
KNUTH_SUBTREE root=4969 depth=28 w=4.2602387265e+38 Shat=5.0000000000e+00 Lhat=0.0000000000e+00
KNUTH_SUBTREE root=4970 depth=28 w=7.6753709092e+37 Shat=2.0000000000e+00 Lhat=0.0000000000e+00
KNUTH_SUBTREE root=4971 depth=28 w=5.5713335186e+38 Shat=7.0000000000e+00 Lhat=0.0000000000e+00
KNUTH_SUBTREE root=4972 depth=28 w=4.3660150606e+35 Shat=1.0000000000e+00 Lhat=0.0000000000e+00
KNUTH_SUBTREE root=4973 depth=28 w=1.6894777683e+39 Shat=3.4740000000e+01 Lhat=0.0000000000e+00
KNUTH_SUBTREE root=4974 depth=28 w=2.0069828182e+39 Shat=1.3541200000e+02 Lhat=0.0000000000e+00
KNUTH_SUBTREE root=4975 depth=28 w=2.5454748777e+39 Shat=4.5418000000e+01 Lhat=0.0000000000e+00
KNUTH_SUBTREE root=4976 depth=28 w=6.4188541371e+37 Shat=9.0000000000e+00 Lhat=0.0000000000e+00
KNUTH_SUBTREE root=4977 depth=28 w=4.9486899764e+38 Shat=3.6860000000e+01 Lhat=0.0000000000e+00
KNUTH_SUBTREE root=4978 depth=28 w=1.8775047922e+38 Shat=1.0000000000e+00 Lhat=0.0000000000e+00
KNUTH_SUBTREE root=4979 depth=28 w=5.3701555632e+37 Shat=1.6000000000e+01 Lhat=0.0000000000e+00
KNUTH_SUBTREE root=4980 depth=28 w=1.2516461593e+39 Shat=3.0000000000e+00 Lhat=0.0000000000e+00
KNUTH_SUBTREE root=4981 depth=28 w=2.2359145143e+39 Shat=8.9632000000e+01 Lhat=0.0000000000e+00
KNUTH_SUBTREE root=4982 depth=28 w=1.3263656129e+38 Shat=3.6092000000e+01 Lhat=0.0000000000e+00
KNUTH_SUBTREE root=4983 depth=28 w=2.2945216778e+37 Shat=3.0000000000e+00 Lhat=0.0000000000e+00
KNUTH_SUBTREE root=4984 depth=28 w=2.2236772315e+39 Shat=2.8978000000e+01 Lhat=0.0000000000e+00
KNUTH_SUBTREE root=4985 depth=28 w=0 Shat=0 Lhat=0 dead=1
KNUTH_SUBTREE root=4986 depth=28 w=1.2363776519e+37 Shat=7.0000000000e+00 Lhat=0.0000000000e+00
KNUTH_SUBTREE root=4987 depth=28 w=6.9254194480e+38 Shat=3.0000000000e+00 Lhat=0.0000000000e+00
KNUTH_SUBTREE root=4988 depth=28 w=8.2463270206e+38 Shat=2.1000000000e+01 Lhat=0.0000000000e+00
KNUTH_SUBTREE root=4989 depth=28 w=7.7098610399e+38 Shat=4.7360000000e+01 Lhat=0.0000000000e+00
KNUTH_SUBTREE root=4990 depth=28 w=3.1364027414e+38 Shat=1.0000000000e+01 Lhat=0.0000000000e+00
KNUTH_SUBTREE root=4991 depth=28 w=0 Shat=0 Lhat=0 dead=1
KNUTH_SUBTREE root=4992 depth=28 w=5.3960068447e+38 Shat=4.0000000000e+00 Lhat=0.0000000000e+00
KNUTH_SUBTREE root=4993 depth=28 w=4.2519540709e+37 Shat=1.4044000000e+01 Lhat=0.0000000000e+00
KNUTH_SUBTREE root=4994 depth=28 w=1.1911871032e+38 Shat=2.0000000000e+00 Lhat=0.0000000000e+00
KNUTH_SUBTREE root=4995 depth=28 w=3.1195941388e+38 Shat=2.0000000000e+00 Lhat=0.0000000000e+00
KNUTH_SUBTREE root=4996 depth=28 w=3.3510368702e+37 Shat=5.0000000000e+00 Lhat=0.0000000000e+00
KNUTH_SUBTREE root=4997 depth=28 w=1.7240107420e+38 Shat=3.0000000000e+00 Lhat=0.0000000000e+00
KNUTH_SUBTREE root=4998 depth=28 w=2.0431830882e+37 Shat=3.1000000000e+01 Lhat=0.0000000000e+00
KNUTH_SUBTREE root=4999 depth=28 w=2.1056462460e+37 Shat=1.0000000000e+00 Lhat=0.0000000000e+00
KNUTH_SUBTREE root=5000 depth=28 w=4.4163113843e+37 Shat=1.0000000000e+00 Lhat=0.0000000000e+00
KNUTH_SUBTREE root=5001 depth=28 w=4.5657569040e+38 Shat=8.0500000000e+01 Lhat=0.0000000000e+00
KNUTH_SUBTREE root=5002 depth=28 w=2.3355492877e+38 Shat=3.3452000000e+01 Lhat=0.0000000000e+00
KNUTH_SUBTREE root=5003 depth=28 w=1.9581463131e+38 Shat=1.3000000000e+01 Lhat=0.0000000000e+00
KNUTH_SUBTREE root=5004 depth=28 w=2.0431607900e+35 Shat=1.0000000000e+00 Lhat=0.0000000000e+00
KNUTH_SUBTREE root=5005 depth=28 w=3.2291317938e+38 Shat=1.0000000000e+00 Lhat=0.0000000000e+00
KNUTH_SUBTREE root=5006 depth=28 w=4.4190135665e+38 Shat=1.0000000000e+01 Lhat=0.0000000000e+00
KNUTH_SUBTREE root=5007 depth=28 w=8.0309870813e+38 Shat=1.2166000000e+01 Lhat=0.0000000000e+00
KNUTH_SUBTREE root=5008 depth=28 w=0 Shat=0 Lhat=0 dead=1
KNUTH_SUBTREE root=5009 depth=28 w=1.1958297969e+37 Shat=9.0000000000e+00 Lhat=0.0000000000e+00
KNUTH_SUBTREE root=5010 depth=28 w=1.0092604038e+39 Shat=1.2382000000e+01 Lhat=0.0000000000e+00
KNUTH_SUBTREE root=5011 depth=28 w=2.3560369780e+38 Shat=3.0000000000e+00 Lhat=0.0000000000e+00
KNUTH_SUBTREE root=5012 depth=28 w=5.2366897031e+38 Shat=7.0480000000e+00 Lhat=0.0000000000e+00
KNUTH_SUBTREE root=5013 depth=28 w=4.1749042628e+37 Shat=3.0000000000e+00 Lhat=0.0000000000e+00
KNUTH_SUBTREE root=5014 depth=28 w=7.6304494771e+37 Shat=3.0000000000e+00 Lhat=0.0000000000e+00
KNUTH_SUBTREE root=5015 depth=28 w=2.6460633510e+39 Shat=9.9656000000e+01 Lhat=0.0000000000e+00
KNUTH_SUBTREE root=5016 depth=28 w=4.2844576412e+37 Shat=1.0000000000e+00 Lhat=0.0000000000e+00
KNUTH_SUBTREE root=5017 depth=28 w=0 Shat=0 Lhat=0 dead=1
KNUTH_SUBTREE root=5018 depth=28 w=1.0841623008e+38 Shat=3.7050000000e+01 Lhat=0.0000000000e+00
KNUTH_SUBTREE root=5019 depth=28 w=8.3194579876e+38 Shat=1.2850400000e+02 Lhat=0.0000000000e+00
KNUTH_SUBTREE root=5020 depth=28 w=1.4704293842e+38 Shat=3.0000000000e+00 Lhat=0.0000000000e+00
KNUTH_SUBTREE root=5021 depth=28 w=1.2098889853e+38 Shat=2.4016000000e+01 Lhat=0.0000000000e+00
KNUTH_SUBTREE root=5022 depth=28 w=3.5313382196e+38 Shat=1.6072000000e+01 Lhat=0.0000000000e+00
KNUTH_SUBTREE root=5023 depth=28 w=7.2247144050e+37 Shat=1.5960000000e+01 Lhat=0.0000000000e+00
KNUTH_SUBTREE root=5024 depth=28 w=3.8520264870e+37 Shat=2.0000000000e+00 Lhat=0.0000000000e+00
KNUTH_SUBTREE root=5025 depth=28 w=0 Shat=0 Lhat=0 dead=1
KNUTH_SUBTREE root=5026 depth=28 w=1.8957494168e+39 Shat=3.8520000000e+01 Lhat=0.0000000000e+00
KNUTH_SUBTREE root=5027 depth=28 w=4.9131958881e+38 Shat=1.1803000000e+02 Lhat=0.0000000000e+00
KNUTH_SUBTREE root=5028 depth=28 w=3.0736052341e+38 Shat=1.9020000000e+01 Lhat=0.0000000000e+00
KNUTH_SUBTREE root=5029 depth=28 w=2.6508413743e+38 Shat=8.1535000000e+01 Lhat=0.0000000000e+00
KNUTH_SUBTREE root=5030 depth=28 w=1.3023557504e+38 Shat=2.0000000000e+00 Lhat=0.0000000000e+00
KNUTH_SUBTREE root=5031 depth=28 w=0 Shat=0 Lhat=0 dead=1
KNUTH_SUBTREE root=5032 depth=28 w=2.4605946776e+38 Shat=5.0469000000e+01 Lhat=0.0000000000e+00
KNUTH_SUBTREE root=5033 depth=28 w=7.7539302815e+37 Shat=3.0000000000e+00 Lhat=0.0000000000e+00
KNUTH_SUBTREE root=5034 depth=28 w=4.4977517714e+38 Shat=1.5000000000e+01 Lhat=0.0000000000e+00
KNUTH_SUBTREE root=5035 depth=28 w=1.1246596666e+38 Shat=5.0000000000e+00 Lhat=0.0000000000e+00
KNUTH_SUBTREE root=5036 depth=28 w=8.1160430300e+37 Shat=1.0000000000e+01 Lhat=0.0000000000e+00
KNUTH_SUBTREE root=5037 depth=28 w=1.0350343736e+39 Shat=3.1608000000e+01 Lhat=0.0000000000e+00
KNUTH_SUBTREE root=5038 depth=28 w=0 Shat=0 Lhat=0 dead=1
KNUTH_SUBTREE root=5039 depth=28 w=5.0798456841e+38 Shat=2.0000000000e+00 Lhat=0.0000000000e+00
KNUTH_SUBTREE root=5040 depth=28 w=2.0156976125e+38 Shat=2.7562000000e+01 Lhat=0.0000000000e+00
KNUTH_SUBTREE root=5041 depth=28 w=8.2845502883e+38 Shat=4.6980000000e+01 Lhat=0.0000000000e+00
KNUTH_SUBTREE root=5042 depth=28 w=3.4789376543e+39 Shat=1.0976000000e+01 Lhat=0.0000000000e+00
KNUTH_SUBTREE root=5043 depth=28 w=2.0788046351e+39 Shat=1.3000000000e+01 Lhat=0.0000000000e+00
KNUTH_SUBTREE root=5044 depth=28 w=1.8483055492e+39 Shat=4.1850000000e+01 Lhat=0.0000000000e+00
KNUTH_SUBTREE root=5045 depth=28 w=8.3280872038e+38 Shat=2.0000000000e+00 Lhat=0.0000000000e+00
KNUTH_SUBTREE root=5046 depth=28 w=3.3930256383e+38 Shat=7.0000000000e+00 Lhat=0.0000000000e+00
KNUTH_SUBTREE root=5047 depth=28 w=5.1781573458e+38 Shat=3.0000000000e+00 Lhat=0.0000000000e+00
KNUTH_SUBTREE root=5048 depth=28 w=0 Shat=0 Lhat=0 dead=1
KNUTH_SUBTREE root=5049 depth=28 w=3.0056211533e+39 Shat=1.5300500000e+02 Lhat=0.0000000000e+00
KNUTH_SUBTREE root=5050 depth=28 w=1.2245036769e+38 Shat=1.3000000000e+01 Lhat=0.0000000000e+00
KNUTH_SUBTREE root=5051 depth=28 w=1.9998482291e+39 Shat=1.1035000000e+02 Lhat=0.0000000000e+00
KNUTH_SUBTREE root=5052 depth=28 w=7.0997308764e+37 Shat=5.0000000000e+00 Lhat=0.0000000000e+00
KNUTH_SUBTREE root=5053 depth=28 w=5.5353087229e+38 Shat=1.3000000000e+01 Lhat=0.0000000000e+00
KNUTH_SUBTREE root=5054 depth=28 w=1.3372073497e+37 Shat=1.0000000000e+00 Lhat=0.0000000000e+00
KNUTH_SUBTREE root=5055 depth=28 w=1.0648452391e+39 Shat=8.0440000000e+00 Lhat=0.0000000000e+00
KNUTH_SUBTREE root=5056 depth=28 w=8.4472982490e+37 Shat=2.0000000000e+00 Lhat=0.0000000000e+00
KNUTH_SUBTREE root=5057 depth=28 w=3.2280545647e+39 Shat=1.5055000000e+01 Lhat=0.0000000000e+00
KNUTH_SUBTREE root=5058 depth=28 w=1.0142080880e+39 Shat=1.4767200000e+02 Lhat=0.0000000000e+00
KNUTH_SUBTREE root=5059 depth=28 w=2.4621499238e+39 Shat=1.1960000000e+01 Lhat=0.0000000000e+00
KNUTH_SUBTREE root=5060 depth=28 w=1.2858302732e+38 Shat=5.0000000000e+00 Lhat=0.0000000000e+00
KNUTH_SUBTREE root=5061 depth=28 w=2.3945785702e+39 Shat=7.0000000000e+00 Lhat=0.0000000000e+00
KNUTH_SUBTREE root=5062 depth=28 w=3.8347232276e+38 Shat=3.0000000000e+00 Lhat=0.0000000000e+00
KNUTH_SUBTREE root=5063 depth=28 w=1.8912869616e+38 Shat=3.2090000000e+01 Lhat=0.0000000000e+00
KNUTH_SUBTREE root=5064 depth=28 w=2.7622691974e+39 Shat=7.9664000000e+01 Lhat=0.0000000000e+00
KNUTH_SUBTREE root=5065 depth=28 w=2.5151111126e+39 Shat=1.5678500000e+02 Lhat=0.0000000000e+00
KNUTH_SUBTREE root=5066 depth=28 w=4.5443899654e+38 Shat=1.5000000000e+01 Lhat=0.0000000000e+00
KNUTH_SUBTREE root=5067 depth=28 w=0 Shat=0 Lhat=0 dead=1
KNUTH_SUBTREE root=5068 depth=28 w=5.0866204920e+38 Shat=3.0000000000e+00 Lhat=0.0000000000e+00
KNUTH_SUBTREE root=5069 depth=28 w=7.4907503104e+38 Shat=1.0162000000e+01 Lhat=0.0000000000e+00
KNUTH_SUBTREE root=5070 depth=28 w=2.5854724790e+39 Shat=1.9945000000e+01 Lhat=0.0000000000e+00
KNUTH_SUBTREE root=5071 depth=28 w=5.5113390318e+38 Shat=2.7640000000e+01 Lhat=0.0000000000e+00
KNUTH_SUBTREE root=5072 depth=28 w=2.4442122211e+39 Shat=5.0206000000e+01 Lhat=0.0000000000e+00
KNUTH_SUBTREE root=5073 depth=28 w=5.8134558503e+37 Shat=2.0000000000e+00 Lhat=0.0000000000e+00
KNUTH_SUBTREE root=5074 depth=28 w=2.5400070215e+39 Shat=3.8688000000e+01 Lhat=0.0000000000e+00
KNUTH_SUBTREE root=5075 depth=28 w=1.5338542797e+38 Shat=7.2760000000e+01 Lhat=0.0000000000e+00
KNUTH_SUBTREE root=5076 depth=28 w=5.4086496155e+37 Shat=3.0000000000e+00 Lhat=0.0000000000e+00
KNUTH_SUBTREE root=5077 depth=28 w=6.6397425841e+38 Shat=1.0000000000e+00 Lhat=0.0000000000e+00
KNUTH_SUBTREE root=5078 depth=28 w=5.6024195831e+38 Shat=1.1204000000e+01 Lhat=0.0000000000e+00
KNUTH_SUBTREE root=5079 depth=28 w=1.9740713141e+38 Shat=8.2360000000e+00 Lhat=0.0000000000e+00
KNUTH_SUBTREE root=5080 depth=28 w=1.5052944098e+37 Shat=1.0000000000e+00 Lhat=0.0000000000e+00
KNUTH_SUBTREE root=5081 depth=28 w=3.7803318227e+37 Shat=3.0000000000e+00 Lhat=0.0000000000e+00
KNUTH_SUBTREE root=5082 depth=28 w=2.6978449677e+39 Shat=2.0765000000e+01 Lhat=0.0000000000e+00
KNUTH_SUBTREE root=5083 depth=28 w=9.5078920369e+37 Shat=7.0000000000e+00 Lhat=0.0000000000e+00
KNUTH_SUBTREE root=5084 depth=28 w=4.8582566692e+38 Shat=2.7112000000e+01 Lhat=0.0000000000e+00
KNUTH_SUBTREE root=5085 depth=28 w=9.4944112856e+38 Shat=5.5628000000e+01 Lhat=2.2680000000e+00
KNUTH_SUBTREE root=5086 depth=28 w=6.0931629847e+38 Shat=1.0719000000e+02 Lhat=0.0000000000e+00
KNUTH_SUBTREE root=5087 depth=28 w=0 Shat=0 Lhat=0 dead=1
KNUTH_SUBTREE root=5088 depth=28 w=4.9051806416e+38 Shat=9.9840000000e+00 Lhat=0.0000000000e+00
KNUTH_SUBTREE root=5089 depth=28 w=1.2633278903e+37 Shat=1.1160000000e+01 Lhat=0.0000000000e+00
KNUTH_SUBTREE root=5090 depth=28 w=5.3976400135e+37 Shat=2.0000000000e+00 Lhat=0.0000000000e+00
KNUTH_SUBTREE root=5091 depth=28 w=2.7627058009e+37 Shat=3.0000000000e+00 Lhat=0.0000000000e+00
KNUTH_SUBTREE root=5092 depth=28 w=2.4556570397e+39 Shat=3.0000000000e+00 Lhat=0.0000000000e+00
KNUTH_SUBTREE root=5093 depth=28 w=4.3177332729e+38 Shat=1.1457600000e+02 Lhat=0.0000000000e+00
KNUTH_SUBTREE root=5094 depth=28 w=9.9111282622e+38 Shat=1.0000000000e+00 Lhat=0.0000000000e+00
KNUTH_SUBTREE root=5095 depth=28 w=1.6905611403e+38 Shat=2.9028000000e+01 Lhat=1.2000000000e+01
KNUTH_SUBTREE root=5096 depth=28 w=1.2704196112e+39 Shat=5.0000000000e+00 Lhat=0.0000000000e+00
KNUTH_SUBTREE root=5097 depth=28 w=1.9506657099e+38 Shat=5.1603000000e+01 Lhat=0.0000000000e+00
KNUTH_SUBTREE root=5098 depth=28 w=1.6321982755e+37 Shat=3.0000000000e+00 Lhat=0.0000000000e+00
KNUTH_SUBTREE root=5099 depth=28 w=5.5337865090e+37 Shat=1.0000000000e+00 Lhat=0.0000000000e+00
KNUTH_SUBTREE root=5100 depth=28 w=2.5527811133e+39 Shat=7.9990000000e+00 Lhat=0.0000000000e+00
KNUTH_SUBTREE root=5101 depth=28 w=3.9169279278e+38 Shat=9.7400000000e+00 Lhat=0.0000000000e+00
KNUTH_SUBTREE root=5102 depth=28 w=2.1594627352e+38 Shat=7.5288000000e+01 Lhat=0.0000000000e+00
KNUTH_SUBTREE root=5103 depth=28 w=0 Shat=0 Lhat=0 dead=1
KNUTH_SUBTREE root=5104 depth=28 w=2.5630984358e+39 Shat=3.9505000000e+01 Lhat=0.0000000000e+00
KNUTH_SUBTREE root=5105 depth=28 w=3.1889135539e+37 Shat=2.0000000000e+00 Lhat=0.0000000000e+00
KNUTH_SUBTREE root=5106 depth=28 w=6.2718584887e+38 Shat=6.2092000000e+01 Lhat=0.0000000000e+00
KNUTH_SUBTREE root=5107 depth=28 w=2.4664405049e+39 Shat=2.4226000000e+01 Lhat=0.0000000000e+00
KNUTH_SUBTREE root=5108 depth=28 w=2.0154496225e+36 Shat=1.0000000000e+00 Lhat=0.0000000000e+00
KNUTH_SUBTREE root=5109 depth=28 w=1.1313575335e+39 Shat=5.0000000000e+00 Lhat=0.0000000000e+00
KNUTH_SUBTREE root=5110 depth=28 w=3.7174539735e+39 Shat=1.2683200000e+02 Lhat=0.0000000000e+00
KNUTH_SUBTREE root=5111 depth=28 w=2.0289816965e+38 Shat=5.0000000000e+00 Lhat=0.0000000000e+00
KNUTH_SUBTREE root=5112 depth=28 w=7.1348083826e+38 Shat=8.4736000000e+01 Lhat=0.0000000000e+00
KNUTH_SUBTREE root=5113 depth=28 w=1.4730392926e+39 Shat=1.1032000000e+01 Lhat=0.0000000000e+00
KNUTH_SUBTREE root=5114 depth=28 w=3.4093605872e+38 Shat=6.1304000000e+01 Lhat=0.0000000000e+00
KNUTH_SUBTREE root=5115 depth=28 w=1.3804461149e+36 Shat=3.0000000000e+00 Lhat=0.0000000000e+00
KNUTH_SUBTREE root=5116 depth=28 w=2.3706484945e+38 Shat=1.0000000000e+00 Lhat=0.0000000000e+00
KNUTH_SUBTREE root=5117 depth=28 w=9.3983286246e+38 Shat=4.5202000000e+01 Lhat=0.0000000000e+00
KNUTH_SUBTREE root=5118 depth=28 w=0 Shat=0 Lhat=0 dead=1
KNUTH_SUBTREE root=5119 depth=28 w=1.5586135365e+38 Shat=7.0000000000e+00 Lhat=0.0000000000e+00
KNUTH_SUBTREE root=5120 depth=28 w=3.1160834199e+38 Shat=3.0000000000e+00 Lhat=0.0000000000e+00
KNUTH_SUBTREE root=5121 depth=28 w=1.0573263545e+38 Shat=3.0000000000e+00 Lhat=0.0000000000e+00
KNUTH_SUBTREE root=5122 depth=28 w=7.3356773412e+37 Shat=1.0000000000e+00 Lhat=0.0000000000e+00
KNUTH_SUBTREE root=5123 depth=28 w=1.7043505508e+36 Shat=1.0000000000e+00 Lhat=0.0000000000e+00
KNUTH_SUBTREE root=5124 depth=28 w=5.1818562526e+38 Shat=1.5000000000e+01 Lhat=0.0000000000e+00
KNUTH_SUBTREE root=5125 depth=28 w=5.3070741713e+38 Shat=1.1064000000e+01 Lhat=0.0000000000e+00
KNUTH_SUBTREE root=5126 depth=28 w=5.5454489797e+38 Shat=7.5396000000e+01 Lhat=1.0444000000e+01
KNUTH_SUBTREE root=5127 depth=28 w=4.1524842915e+38 Shat=7.0000000000e+00 Lhat=0.0000000000e+00
KNUTH_SUBTREE root=5128 depth=28 w=3.2064012876e+38 Shat=2.7024000000e+01 Lhat=0.0000000000e+00
KNUTH_SUBTREE root=5129 depth=28 w=0 Shat=0 Lhat=0 dead=1
KNUTH_SUBTREE root=5130 depth=28 w=1.0805067402e+38 Shat=1.1200000000e+01 Lhat=0.0000000000e+00
KNUTH_SUBTREE root=5131 depth=28 w=0 Shat=0 Lhat=0 dead=1
KNUTH_SUBTREE root=5132 depth=28 w=6.5288789299e+38 Shat=5.1176000000e+01 Lhat=0.0000000000e+00
KNUTH_SUBTREE root=5133 depth=28 w=9.5531081389e+38 Shat=3.0000000000e+00 Lhat=0.0000000000e+00
KNUTH_SUBTREE root=5134 depth=28 w=2.0155951487e+38 Shat=1.0000000000e+00 Lhat=0.0000000000e+00
KNUTH_SUBTREE root=5135 depth=28 w=4.3407728548e+38 Shat=8.0050000000e+00 Lhat=0.0000000000e+00
KNUTH_SUBTREE root=5136 depth=28 w=2.6955451203e+39 Shat=7.1640000000e+01 Lhat=0.0000000000e+00
KNUTH_SUBTREE root=5137 depth=28 w=1.6294549582e+36 Shat=1.0000000000e+00 Lhat=0.0000000000e+00
KNUTH_SUBTREE root=5138 depth=28 w=1.4456912688e+38 Shat=5.0000000000e+00 Lhat=0.0000000000e+00
KNUTH_SUBTREE root=5139 depth=28 w=3.2482700794e+39 Shat=2.0000000000e+01 Lhat=0.0000000000e+00
KNUTH_SUBTREE root=5140 depth=28 w=3.8058239166e+38 Shat=1.0000000000e+00 Lhat=0.0000000000e+00
KNUTH_SUBTREE root=5141 depth=28 w=2.9673917963e+38 Shat=7.0000000000e+00 Lhat=0.0000000000e+00
KNUTH_SUBTREE root=5142 depth=28 w=8.4318349090e+37 Shat=9.0000000000e+00 Lhat=0.0000000000e+00
KNUTH_SUBTREE root=5143 depth=28 w=1.4597137702e+39 Shat=1.3000000000e+01 Lhat=0.0000000000e+00
KNUTH_SUBTREE root=5144 depth=28 w=3.6401328964e+38 Shat=6.0608000000e+01 Lhat=0.0000000000e+00
KNUTH_SUBTREE root=5145 depth=28 w=9.0002530404e+36 Shat=1.0000000000e+00 Lhat=0.0000000000e+00
KNUTH_SUBTREE root=5146 depth=28 w=6.0328519288e+36 Shat=3.0000000000e+00 Lhat=0.0000000000e+00
KNUTH_SUBTREE root=5147 depth=28 w=2.1627236325e+35 Shat=3.0000000000e+00 Lhat=0.0000000000e+00
KNUTH_SUBTREE root=5148 depth=28 w=5.0136478254e+36 Shat=1.0000000000e+00 Lhat=0.0000000000e+00
KNUTH_SUBTREE root=5149 depth=28 w=9.9446513949e+38 Shat=8.0740000000e+00 Lhat=0.0000000000e+00
KNUTH_SUBTREE root=5150 depth=28 w=5.9102607450e+38 Shat=6.0040000000e+00 Lhat=0.0000000000e+00
KNUTH_SUBTREE root=5151 depth=28 w=2.3981601131e+38 Shat=3.0000000000e+00 Lhat=0.0000000000e+00
KNUTH_SUBTREE root=5152 depth=28 w=2.4631349062e+38 Shat=6.3160000000e+01 Lhat=0.0000000000e+00
KNUTH_SUBTREE root=5153 depth=28 w=0 Shat=0 Lhat=0 dead=1
KNUTH_SUBTREE root=5154 depth=28 w=3.3161125845e+37 Shat=2.0000000000e+00 Lhat=0.0000000000e+00
KNUTH_SUBTREE root=5155 depth=28 w=1.2549272200e+39 Shat=2.5000000000e+01 Lhat=0.0000000000e+00
KNUTH_SUBTREE root=5156 depth=28 w=2.6722480983e+39 Shat=4.0300000000e+01 Lhat=0.0000000000e+00
KNUTH_SUBTREE root=5157 depth=28 w=9.5443956280e+38 Shat=2.0000000000e+00 Lhat=0.0000000000e+00
KNUTH_SUBTREE root=5158 depth=28 w=3.2082101441e+39 Shat=7.0000000000e+00 Lhat=0.0000000000e+00
KNUTH_SUBTREE root=5159 depth=28 w=2.8322405026e+39 Shat=3.2094000000e+01 Lhat=0.0000000000e+00
KNUTH_SUBTREE root=5160 depth=28 w=1.4545548244e+39 Shat=1.0000000000e+00 Lhat=0.0000000000e+00
KNUTH_SUBTREE root=5161 depth=28 w=7.1164980797e+38 Shat=2.0000000000e+00 Lhat=0.0000000000e+00
KNUTH_SUBTREE root=5162 depth=28 w=7.5753537437e+37 Shat=1.0000000000e+00 Lhat=0.0000000000e+00
KNUTH_SUBTREE root=5163 depth=28 w=8.7229497361e+36 Shat=1.0000000000e+00 Lhat=0.0000000000e+00
KNUTH_SUBTREE root=5164 depth=28 w=8.3322407641e+38 Shat=7.8567000000e+01 Lhat=0.0000000000e+00
KNUTH_SUBTREE root=5165 depth=28 w=2.2888414430e+38 Shat=1.4000000000e+01 Lhat=0.0000000000e+00
KNUTH_SUBTREE root=5166 depth=28 w=1.5128493591e+37 Shat=1.0000000000e+00 Lhat=0.0000000000e+00
KNUTH_SUBTREE root=5167 depth=28 w=2.9763939738e+38 Shat=3.0000000000e+00 Lhat=0.0000000000e+00
KNUTH_SUBTREE root=5168 depth=28 w=2.3999674094e+38 Shat=7.0000000000e+00 Lhat=0.0000000000e+00
KNUTH_SUBTREE root=5169 depth=28 w=2.4024986685e+39 Shat=2.0000000000e+00 Lhat=0.0000000000e+00
KNUTH_SUBTREE root=5170 depth=28 w=1.2330995816e+38 Shat=5.0000000000e+00 Lhat=0.0000000000e+00
KNUTH_SUBTREE root=5171 depth=28 w=7.9971569030e+36 Shat=1.0000000000e+00 Lhat=0.0000000000e+00
KNUTH_SUBTREE root=5172 depth=28 w=1.4006955920e+38 Shat=1.3000000000e+01 Lhat=0.0000000000e+00
KNUTH_SUBTREE root=5173 depth=28 w=3.0592124127e+39 Shat=6.6128000000e+01 Lhat=0.0000000000e+00
KNUTH_SUBTREE root=5174 depth=28 w=3.7275459402e+38 Shat=5.0000000000e+00 Lhat=0.0000000000e+00
KNUTH_SUBTREE root=5175 depth=28 w=5.3249948193e+38 Shat=1.4892000000e+01 Lhat=0.0000000000e+00
KNUTH_SUBTREE root=5176 depth=28 w=7.0235025283e+38 Shat=5.3576000000e+01 Lhat=0.0000000000e+00
KNUTH_SUBTREE root=5177 depth=28 w=1.2733308941e+38 Shat=5.0000000000e+00 Lhat=0.0000000000e+00
KNUTH_SUBTREE root=5178 depth=28 w=1.0732570890e+39 Shat=6.9640000000e+00 Lhat=0.0000000000e+00
KNUTH_SUBTREE root=5179 depth=28 w=8.5184364675e+38 Shat=3.0000000000e+00 Lhat=0.0000000000e+00
KNUTH_SUBTREE root=5180 depth=28 w=8.6675557483e+37 Shat=2.2892000000e+01 Lhat=0.0000000000e+00
KNUTH_SUBTREE root=5181 depth=28 w=2.5488579582e+39 Shat=3.1368000000e+01 Lhat=0.0000000000e+00
KNUTH_SUBTREE root=5182 depth=28 w=4.5145195019e+37 Shat=1.0000000000e+01 Lhat=0.0000000000e+00
KNUTH_SUBTREE root=5183 depth=28 w=4.0937268909e+38 Shat=1.3000000000e+01 Lhat=0.0000000000e+00
KNUTH_SUBTREE root=5184 depth=28 w=0 Shat=0 Lhat=0 dead=1
KNUTH_SUBTREE root=5185 depth=28 w=1.3297735195e+38 Shat=3.0000000000e+00 Lhat=0.0000000000e+00
KNUTH_SUBTREE root=5186 depth=28 w=1.0975234772e+37 Shat=3.0000000000e+00 Lhat=0.0000000000e+00
KNUTH_SUBTREE root=5187 depth=28 w=2.9838574799e+38 Shat=2.4475000000e+01 Lhat=0.0000000000e+00
KNUTH_SUBTREE root=5188 depth=28 w=5.9860706398e+38 Shat=7.0180000000e+00 Lhat=0.0000000000e+00
KNUTH_SUBTREE root=5189 depth=28 w=1.2777236856e+39 Shat=1.0000000000e+00 Lhat=0.0000000000e+00
KNUTH_SUBTREE root=5190 depth=28 w=7.6273695843e+38 Shat=2.1916000000e+01 Lhat=0.0000000000e+00
KNUTH_SUBTREE root=5191 depth=28 w=1.7504540576e+39 Shat=7.0000000000e+00 Lhat=0.0000000000e+00
KNUTH_SUBTREE root=5192 depth=28 w=2.5319402553e+37 Shat=1.0000000000e+00 Lhat=0.0000000000e+00
KNUTH_SUBTREE root=5193 depth=28 w=1.6644546122e+38 Shat=3.0000000000e+00 Lhat=0.0000000000e+00
KNUTH_SUBTREE root=5194 depth=28 w=0 Shat=0 Lhat=0 dead=1
KNUTH_SUBTREE root=5195 depth=28 w=1.1291503040e+39 Shat=6.0000000000e+00 Lhat=0.0000000000e+00
KNUTH_SUBTREE root=5196 depth=28 w=3.0478837547e+38 Shat=1.0801600000e+02 Lhat=2.1343000000e+01
KNUTH_SUBTREE root=5197 depth=28 w=3.2498449175e+38 Shat=3.0000000000e+00 Lhat=0.0000000000e+00
KNUTH_SUBTREE root=5198 depth=28 w=2.2386819710e+39 Shat=2.2696000000e+01 Lhat=0.0000000000e+00
KNUTH_SUBTREE root=5199 depth=28 w=3.3037522234e+38 Shat=1.9044000000e+01 Lhat=0.0000000000e+00
KNUTH_SUBTREE root=5200 depth=28 w=2.3045893617e+37 Shat=2.0000000000e+00 Lhat=0.0000000000e+00
KNUTH_SUBTREE root=5201 depth=28 w=9.2018182985e+37 Shat=2.9035000000e+01 Lhat=0.0000000000e+00
KNUTH_SUBTREE root=5202 depth=28 w=2.0859177200e+38 Shat=2.3464800000e+02 Lhat=0.0000000000e+00
KNUTH_SUBTREE root=5203 depth=28 w=2.6207927584e+38 Shat=4.0000000000e+00 Lhat=0.0000000000e+00
KNUTH_SUBTREE root=5204 depth=28 w=1.0574668817e+37 Shat=2.6210000000e+01 Lhat=0.0000000000e+00
KNUTH_SUBTREE root=5205 depth=28 w=0 Shat=0 Lhat=0 dead=1
KNUTH_SUBTREE root=5206 depth=28 w=1.3075670356e+38 Shat=3.0000000000e+00 Lhat=0.0000000000e+00
KNUTH_SUBTREE root=5207 depth=28 w=1.9710509586e+39 Shat=1.1072000000e+01 Lhat=0.0000000000e+00
KNUTH_SUBTREE root=5208 depth=28 w=3.9638534542e+37 Shat=1.0000000000e+01 Lhat=0.0000000000e+00
KNUTH_SUBTREE root=5209 depth=28 w=9.1382414925e+37 Shat=6.0000000000e+00 Lhat=0.0000000000e+00
KNUTH_SUBTREE root=5210 depth=28 w=1.5541940056e+39 Shat=7.0000000000e+00 Lhat=0.0000000000e+00
KNUTH_SUBTREE root=5211 depth=28 w=2.6339962641e+38 Shat=1.9012000000e+01 Lhat=0.0000000000e+00
KNUTH_SUBTREE root=5212 depth=28 w=9.5936397398e+38 Shat=3.0000000000e+00 Lhat=0.0000000000e+00
KNUTH_SUBTREE root=5213 depth=28 w=6.7604618431e+38 Shat=2.1342000000e+01 Lhat=0.0000000000e+00
KNUTH_SUBTREE root=5214 depth=28 w=2.6228320579e+39 Shat=2.4575000000e+01 Lhat=0.0000000000e+00
KNUTH_SUBTREE root=5215 depth=28 w=4.3390578046e+38 Shat=8.2088000000e+01 Lhat=1.8496000000e+01
KNUTH_SUBTREE root=5216 depth=28 w=4.7503314961e+37 Shat=3.0000000000e+00 Lhat=0.0000000000e+00
KNUTH_SUBTREE root=5217 depth=28 w=2.7041735164e+38 Shat=1.0000000000e+00 Lhat=0.0000000000e+00
KNUTH_SUBTREE root=5218 depth=28 w=2.2156790757e+39 Shat=6.6040000000e+01 Lhat=0.0000000000e+00
KNUTH_SUBTREE root=5219 depth=28 w=2.6487682756e+38 Shat=2.0000000000e+00 Lhat=0.0000000000e+00
KNUTH_SUBTREE root=5220 depth=28 w=1.9414218180e+38 Shat=7.2672000000e+01 Lhat=0.0000000000e+00
KNUTH_SUBTREE root=5221 depth=28 w=3.5204239036e+39 Shat=4.0000000000e+00 Lhat=0.0000000000e+00
KNUTH_SUBTREE root=5222 depth=28 w=2.5245152342e+37 Shat=1.1104000000e+01 Lhat=0.0000000000e+00
KNUTH_SUBTREE root=5223 depth=28 w=1.2700899423e+39 Shat=1.5070000000e+01 Lhat=0.0000000000e+00
KNUTH_SUBTREE root=5224 depth=28 w=2.0677157991e+37 Shat=3.0000000000e+00 Lhat=0.0000000000e+00
KNUTH_SUBTREE root=5225 depth=28 w=2.1125928433e+38 Shat=1.0170400000e+02 Lhat=0.0000000000e+00
KNUTH_SUBTREE root=5226 depth=28 w=7.3692743159e+38 Shat=1.3000000000e+01 Lhat=0.0000000000e+00
KNUTH_SUBTREE root=5227 depth=28 w=3.1478349772e+39 Shat=5.4242000000e+01 Lhat=0.0000000000e+00
KNUTH_SUBTREE root=5228 depth=28 w=1.9694855549e+37 Shat=2.0000000000e+00 Lhat=0.0000000000e+00
KNUTH_SUBTREE root=5229 depth=28 w=8.5516770773e+37 Shat=1.0000000000e+00 Lhat=0.0000000000e+00
KNUTH_SUBTREE root=5230 depth=28 w=2.7982017377e+38 Shat=3.8891000000e+01 Lhat=0.0000000000e+00
KNUTH_SUBTREE root=5231 depth=28 w=1.7365600326e+38 Shat=4.0000000000e+00 Lhat=0.0000000000e+00
KNUTH_SUBTREE root=5232 depth=28 w=5.0819729084e+38 Shat=1.0000000000e+00 Lhat=0.0000000000e+00
KNUTH_SUBTREE root=5233 depth=28 w=6.4490569505e+38 Shat=3.0000000000e+00 Lhat=0.0000000000e+00
KNUTH_SUBTREE root=5234 depth=28 w=4.8921379386e+37 Shat=1.0000000000e+00 Lhat=0.0000000000e+00
KNUTH_SUBTREE root=5235 depth=28 w=4.5860305514e+38 Shat=1.3000000000e+01 Lhat=0.0000000000e+00
KNUTH_SUBTREE root=5236 depth=28 w=9.0967481168e+36 Shat=1.0000000000e+00 Lhat=0.0000000000e+00
KNUTH_SUBTREE root=5237 depth=28 w=5.8806689364e+36 Shat=3.0000000000e+00 Lhat=0.0000000000e+00
KNUTH_SUBTREE root=5238 depth=28 w=1.6232884558e+37 Shat=1.0000000000e+00 Lhat=0.0000000000e+00
KNUTH_SUBTREE root=5239 depth=28 w=4.1571986880e+38 Shat=4.2692000000e+01 Lhat=0.0000000000e+00
KNUTH_SUBTREE root=5240 depth=28 w=4.1892741705e+38 Shat=6.9733000000e+01 Lhat=0.0000000000e+00
KNUTH_SUBTREE root=5241 depth=28 w=1.1748016131e+39 Shat=2.0000000000e+00 Lhat=0.0000000000e+00
KNUTH_SUBTREE root=5242 depth=28 w=2.8617269334e+38 Shat=1.4972000000e+01 Lhat=0.0000000000e+00
KNUTH_SUBTREE root=5243 depth=28 w=3.0447655939e+39 Shat=6.4322000000e+01 Lhat=0.0000000000e+00
KNUTH_SUBTREE root=5244 depth=28 w=2.5031376278e+38 Shat=8.0240000000e+00 Lhat=0.0000000000e+00
KNUTH_SUBTREE root=5245 depth=28 w=1.4385693154e+39 Shat=2.5672000000e+01 Lhat=0.0000000000e+00
KNUTH_SUBTREE root=5246 depth=28 w=5.7177657672e+37 Shat=3.0000000000e+00 Lhat=0.0000000000e+00
KNUTH_SUBTREE root=5247 depth=28 w=4.1181603164e+38 Shat=1.8481000000e+01 Lhat=0.0000000000e+00
KNUTH_SUBTREE root=5248 depth=28 w=1.9425291142e+39 Shat=4.0000000000e+00 Lhat=0.0000000000e+00
KNUTH_SUBTREE root=5249 depth=28 w=7.8797141671e+38 Shat=5.0000000000e+00 Lhat=0.0000000000e+00
KNUTH_SUBTREE root=5250 depth=28 w=1.6139779719e+39 Shat=7.0000000000e+00 Lhat=0.0000000000e+00
KNUTH_SUBTREE root=5251 depth=28 w=6.2296096673e+36 Shat=2.0000000000e+00 Lhat=0.0000000000e+00
KNUTH_SUBTREE root=5252 depth=28 w=0 Shat=0 Lhat=0 dead=1
KNUTH_SUBTREE root=5253 depth=28 w=2.3288015379e+38 Shat=1.1324800000e+02 Lhat=0.0000000000e+00
KNUTH_SUBTREE root=5254 depth=28 w=0 Shat=0 Lhat=0 dead=1
KNUTH_SUBTREE root=5255 depth=28 w=8.6295699417e+37 Shat=3.6000000000e+01 Lhat=0.0000000000e+00
KNUTH_SUBTREE root=5256 depth=28 w=7.3541403962e+38 Shat=1.3000000000e+01 Lhat=0.0000000000e+00
KNUTH_SUBTREE root=5257 depth=28 w=4.5018344963e+38 Shat=5.0000000000e+00 Lhat=0.0000000000e+00
KNUTH_SUBTREE root=5258 depth=28 w=1.2039802889e+39 Shat=1.8944000000e+01 Lhat=0.0000000000e+00
KNUTH_SUBTREE root=5259 depth=28 w=3.2063659511e+38 Shat=4.0000000000e+00 Lhat=0.0000000000e+00
KNUTH_SUBTREE root=5260 depth=28 w=2.0668034015e+36 Shat=1.0000000000e+00 Lhat=0.0000000000e+00
KNUTH_SUBTREE root=5261 depth=28 w=3.4435068553e+38 Shat=2.2000000000e+01 Lhat=0.0000000000e+00
KNUTH_SUBTREE root=5262 depth=28 w=6.0597033839e+38 Shat=8.0140000000e+00 Lhat=0.0000000000e+00
KNUTH_SUBTREE root=5263 depth=28 w=2.6192357813e+38 Shat=4.1700000000e+01 Lhat=0.0000000000e+00
KNUTH_SUBTREE root=5264 depth=28 w=1.1329153491e+39 Shat=4.9412000000e+01 Lhat=0.0000000000e+00
KNUTH_SUBTREE root=5265 depth=28 w=3.3040525336e+38 Shat=3.1762000000e+01 Lhat=0.0000000000e+00
KNUTH_SUBTREE root=5266 depth=28 w=3.3577642840e+37 Shat=1.0000000000e+00 Lhat=0.0000000000e+00
KNUTH_SUBTREE root=5267 depth=28 w=3.0258712398e+39 Shat=5.3816000000e+01 Lhat=0.0000000000e+00
KNUTH_SUBTREE root=5268 depth=28 w=7.4777109355e+37 Shat=7.0000000000e+00 Lhat=0.0000000000e+00
KNUTH_SUBTREE root=5269 depth=28 w=2.4733154618e+38 Shat=1.0000000000e+00 Lhat=0.0000000000e+00
KNUTH_SUBTREE root=5270 depth=28 w=2.9690721809e+37 Shat=1.0000000000e+00 Lhat=0.0000000000e+00
KNUTH_SUBTREE root=5271 depth=28 w=3.0442014951e+38 Shat=2.5072000000e+01 Lhat=0.0000000000e+00
KNUTH_SUBTREE root=5272 depth=28 w=2.6273020910e+36 Shat=3.0000000000e+00 Lhat=0.0000000000e+00
KNUTH_SUBTREE root=5273 depth=28 w=3.3532026056e+39 Shat=5.3938000000e+01 Lhat=0.0000000000e+00
KNUTH_SUBTREE root=5274 depth=28 w=1.0161467838e+39 Shat=1.0835000000e+02 Lhat=3.3550000000e+01
KNUTH_SUBTREE root=5275 depth=28 w=1.0862424427e+39 Shat=1.0000000000e+00 Lhat=0.0000000000e+00
KNUTH_SUBTREE root=5276 depth=28 w=2.8423024194e+39 Shat=4.7088000000e+01 Lhat=0.0000000000e+00
KNUTH_SUBTREE root=5277 depth=28 w=8.6179473411e+38 Shat=6.2824000000e+01 Lhat=0.0000000000e+00
KNUTH_SUBTREE root=5278 depth=28 w=2.2481785075e+37 Shat=3.2160000000e+01 Lhat=0.0000000000e+00
KNUTH_SUBTREE root=5279 depth=28 w=9.6957633713e+36 Shat=1.0000000000e+00 Lhat=0.0000000000e+00
KNUTH_SUBTREE root=5280 depth=28 w=3.6783093081e+38 Shat=5.0133000000e+01 Lhat=0.0000000000e+00
KNUTH_SUBTREE root=5281 depth=28 w=4.4587599192e+38 Shat=2.1860000000e+01 Lhat=0.0000000000e+00
KNUTH_SUBTREE root=5282 depth=28 w=1.8757919183e+39 Shat=1.3930000000e+01 Lhat=0.0000000000e+00
KNUTH_SUBTREE root=5283 depth=28 w=1.4649685848e+39 Shat=6.0680000000e+01 Lhat=0.0000000000e+00
KNUTH_SUBTREE root=5284 depth=28 w=4.5683068478e+38 Shat=2.2890000000e+01 Lhat=0.0000000000e+00
KNUTH_SUBTREE root=5285 depth=28 w=2.4982495206e+38 Shat=2.3392000000e+01 Lhat=0.0000000000e+00
KNUTH_SUBTREE root=5286 depth=28 w=2.1516830472e+38 Shat=1.5065000000e+01 Lhat=0.0000000000e+00
KNUTH_SUBTREE root=5287 depth=28 w=8.2374617465e+38 Shat=2.0000000000e+00 Lhat=0.0000000000e+00
KNUTH_SUBTREE root=5288 depth=28 w=4.5478994871e+38 Shat=1.3000000000e+01 Lhat=0.0000000000e+00
KNUTH_SUBTREE root=5289 depth=28 w=1.7214672211e+37 Shat=1.5000000000e+01 Lhat=0.0000000000e+00
KNUTH_SUBTREE root=5290 depth=28 w=1.1861660832e+38 Shat=5.9280000000e+00 Lhat=0.0000000000e+00
KNUTH_SUBTREE root=5291 depth=28 w=3.5422558118e+37 Shat=1.0000000000e+00 Lhat=0.0000000000e+00
KNUTH_SUBTREE root=5292 depth=28 w=9.5176150370e+38 Shat=6.0190000000e+00 Lhat=0.0000000000e+00
KNUTH_SUBTREE root=5293 depth=28 w=6.5990998425e+38 Shat=1.5070000000e+01 Lhat=0.0000000000e+00
KNUTH_SUBTREE root=5294 depth=28 w=9.1576178769e+38 Shat=1.6900700000e+02 Lhat=0.0000000000e+00
KNUTH_SUBTREE root=5295 depth=28 w=3.3049614366e+39 Shat=6.0968000000e+01 Lhat=0.0000000000e+00
KNUTH_SUBTREE root=5296 depth=28 w=1.0267328078e+39 Shat=1.3000000000e+01 Lhat=0.0000000000e+00
KNUTH_SUBTREE root=5297 depth=28 w=3.4623934194e+38 Shat=1.9056000000e+01 Lhat=0.0000000000e+00
KNUTH_SUBTREE root=5298 depth=28 w=3.9988246254e+38 Shat=2.0000000000e+00 Lhat=0.0000000000e+00
KNUTH_SUBTREE root=5299 depth=28 w=4.4457115525e+38 Shat=1.4916900000e+02 Lhat=0.0000000000e+00
KNUTH_SUBTREE root=5300 depth=28 w=1.5846367304e+39 Shat=2.1838000000e+01 Lhat=0.0000000000e+00
KNUTH_SUBTREE root=5301 depth=28 w=1.1427677784e+39 Shat=1.9121100000e+02 Lhat=0.0000000000e+00
KNUTH_SUBTREE root=5302 depth=28 w=7.9190164982e+38 Shat=7.0000000000e+00 Lhat=0.0000000000e+00
KNUTH_SUBTREE root=5303 depth=28 w=7.0439060631e+37 Shat=5.0000000000e+00 Lhat=0.0000000000e+00
KNUTH_SUBTREE root=5304 depth=28 w=4.4751077431e+38 Shat=1.1076000000e+01 Lhat=0.0000000000e+00
KNUTH_SUBTREE root=5305 depth=28 w=2.3788524712e+38 Shat=3.0000000000e+00 Lhat=0.0000000000e+00
KNUTH_SUBTREE root=5306 depth=28 w=4.9420666124e+38 Shat=1.0676200000e+02 Lhat=0.0000000000e+00
KNUTH_SUBTREE root=5307 depth=28 w=1.8878732758e+36 Shat=3.0000000000e+00 Lhat=0.0000000000e+00
KNUTH_SUBTREE root=5308 depth=28 w=0 Shat=0 Lhat=0 dead=1
KNUTH_SUBTREE root=5309 depth=28 w=4.8428657755e+38 Shat=5.3640000000e+01 Lhat=0.0000000000e+00
KNUTH_SUBTREE root=5310 depth=28 w=2.5730446348e+38 Shat=4.2948000000e+01 Lhat=0.0000000000e+00
KNUTH_SUBTREE root=5311 depth=28 w=4.4372283815e+38 Shat=5.5075000000e+01 Lhat=0.0000000000e+00
KNUTH_SUBTREE root=5312 depth=28 w=1.1337384487e+38 Shat=3.0000000000e+00 Lhat=0.0000000000e+00
KNUTH_SUBTREE root=5313 depth=28 w=2.1814935315e+38 Shat=1.3000000000e+01 Lhat=0.0000000000e+00
KNUTH_SUBTREE root=5314 depth=28 w=6.0953667751e+36 Shat=1.0000000000e+00 Lhat=0.0000000000e+00
KNUTH_SUBTREE root=5315 depth=28 w=2.9782047169e+38 Shat=3.0000000000e+00 Lhat=0.0000000000e+00
KNUTH_SUBTREE root=5316 depth=28 w=2.6205431806e+38 Shat=1.7048000000e+01 Lhat=0.0000000000e+00
KNUTH_SUBTREE root=5317 depth=28 w=8.6159211749e+38 Shat=6.7245000000e+01 Lhat=0.0000000000e+00
KNUTH_SUBTREE root=5318 depth=28 w=7.0701958951e+38 Shat=5.0000000000e+00 Lhat=0.0000000000e+00
KNUTH_SUBTREE root=5319 depth=28 w=1.3515327036e+37 Shat=1.0000000000e+00 Lhat=0.0000000000e+00
KNUTH_SUBTREE root=5320 depth=28 w=3.3040812451e+38 Shat=8.3000000000e+01 Lhat=0.0000000000e+00
KNUTH_SUBTREE root=5321 depth=28 w=6.7036626539e+38 Shat=2.0000000000e+00 Lhat=0.0000000000e+00
KNUTH_SUBTREE root=5322 depth=28 w=7.5932090737e+38 Shat=2.1904000000e+01 Lhat=0.0000000000e+00
KNUTH_SUBTREE root=5323 depth=28 w=4.0376695355e+35 Shat=1.0000000000e+01 Lhat=0.0000000000e+00
KNUTH_SUBTREE root=5324 depth=28 w=5.5524128191e+37 Shat=1.0000000000e+00 Lhat=0.0000000000e+00
KNUTH_SUBTREE root=5325 depth=28 w=6.9775392557e+37 Shat=1.0000000000e+00 Lhat=0.0000000000e+00
KNUTH_SUBTREE root=5326 depth=28 w=2.9983632131e+38 Shat=4.3328000000e+01 Lhat=0.0000000000e+00
KNUTH_SUBTREE root=5327 depth=28 w=6.0224304358e+38 Shat=7.3690000000e+01 Lhat=0.0000000000e+00
KNUTH_SUBTREE root=5328 depth=28 w=3.4471083568e+38 Shat=5.0000000000e+00 Lhat=0.0000000000e+00
KNUTH_SUBTREE root=5329 depth=28 w=2.3929107525e+38 Shat=1.0000000000e+00 Lhat=0.0000000000e+00
KNUTH_SUBTREE root=5330 depth=28 w=1.1722810584e+38 Shat=1.0000000000e+01 Lhat=0.0000000000e+00
KNUTH_SUBTREE root=5331 depth=28 w=0 Shat=0 Lhat=0 dead=1
KNUTH_SUBTREE root=5332 depth=28 w=1.2859247947e+38 Shat=2.1588000000e+02 Lhat=0.0000000000e+00
KNUTH_SUBTREE root=5333 depth=28 w=9.4473469170e+36 Shat=1.0000000000e+01 Lhat=0.0000000000e+00
KNUTH_SUBTREE root=5334 depth=28 w=5.0618265359e+38 Shat=2.6960000000e+01 Lhat=0.0000000000e+00
KNUTH_SUBTREE root=5335 depth=28 w=1.9018738307e+38 Shat=4.5072000000e+01 Lhat=0.0000000000e+00
KNUTH_SUBTREE root=5336 depth=28 w=1.6793905030e+39 Shat=5.0000000000e+00 Lhat=0.0000000000e+00
KNUTH_SUBTREE root=5337 depth=28 w=8.6583859418e+38 Shat=6.3544000000e+01 Lhat=0.0000000000e+00
KNUTH_SUBTREE root=5338 depth=28 w=1.4331112852e+38 Shat=1.1522200000e+02 Lhat=0.0000000000e+00
KNUTH_SUBTREE root=5339 depth=28 w=1.6405651580e+38 Shat=1.3864000000e+01 Lhat=0.0000000000e+00
KNUTH_SUBTREE root=5340 depth=28 w=1.4488253145e+39 Shat=7.0000000000e+00 Lhat=0.0000000000e+00
KNUTH_SUBTREE root=5341 depth=28 w=1.1931327545e+38 Shat=5.0000000000e+00 Lhat=0.0000000000e+00
KNUTH_SUBTREE root=5342 depth=28 w=1.4990368968e+38 Shat=1.0000000000e+00 Lhat=0.0000000000e+00
KNUTH_SUBTREE root=5343 depth=28 w=5.4064346607e+36 Shat=4.0000000000e+00 Lhat=0.0000000000e+00
KNUTH_SUBTREE root=5344 depth=28 w=7.4064213065e+37 Shat=4.0000000000e+00 Lhat=0.0000000000e+00
KNUTH_SUBTREE root=5345 depth=28 w=1.8971359444e+37 Shat=1.0000000000e+00 Lhat=0.0000000000e+00
KNUTH_SUBTREE root=5346 depth=28 w=1.2544916436e+39 Shat=7.0000000000e+00 Lhat=0.0000000000e+00
KNUTH_SUBTREE root=5347 depth=28 w=2.2153608366e+38 Shat=3.0000000000e+00 Lhat=0.0000000000e+00
KNUTH_SUBTREE root=5348 depth=28 w=4.1775765539e+38 Shat=1.0000000000e+00 Lhat=0.0000000000e+00
KNUTH_SUBTREE root=5349 depth=28 w=3.2537614438e+38 Shat=7.2712000000e+01 Lhat=0.0000000000e+00
KNUTH_SUBTREE root=5350 depth=28 w=2.1820853770e+38 Shat=6.6820000000e+00 Lhat=0.0000000000e+00
KNUTH_SUBTREE root=5351 depth=28 w=0 Shat=0 Lhat=0 dead=1
KNUTH_SUBTREE root=5352 depth=28 w=3.1571505299e+38 Shat=3.6952000000e+01 Lhat=0.0000000000e+00
KNUTH_SUBTREE root=5353 depth=28 w=3.0344909068e+38 Shat=7.0000000000e+00 Lhat=0.0000000000e+00
KNUTH_SUBTREE root=5354 depth=28 w=1.4466742426e+39 Shat=2.0000000000e+00 Lhat=0.0000000000e+00
KNUTH_SUBTREE root=5355 depth=28 w=7.4417317053e+38 Shat=6.0460000000e+01 Lhat=0.0000000000e+00
KNUTH_SUBTREE root=5356 depth=28 w=1.4983403506e+36 Shat=2.0000000000e+00 Lhat=0.0000000000e+00
KNUTH_SUBTREE root=5357 depth=28 w=2.9884739745e+39 Shat=4.6800000000e+01 Lhat=0.0000000000e+00
KNUTH_SUBTREE root=5358 depth=28 w=8.0430069875e+36 Shat=1.0000000000e+00 Lhat=0.0000000000e+00
KNUTH_SUBTREE root=5359 depth=28 w=1.5452781424e+38 Shat=5.0000000000e+00 Lhat=0.0000000000e+00
KNUTH_SUBTREE root=5360 depth=28 w=1.9565627757e+38 Shat=2.0000000000e+00 Lhat=0.0000000000e+00
KNUTH_SUBTREE root=5361 depth=28 w=3.1696601708e+38 Shat=1.0808800000e+02 Lhat=0.0000000000e+00
KNUTH_SUBTREE root=5362 depth=28 w=4.5817783182e+38 Shat=1.3080000000e+01 Lhat=0.0000000000e+00
KNUTH_SUBTREE root=5363 depth=28 w=1.3409270552e+39 Shat=1.1654800000e+02 Lhat=0.0000000000e+00
KNUTH_SUBTREE root=5364 depth=28 w=1.3341880770e+37 Shat=5.0000000000e+00 Lhat=0.0000000000e+00
KNUTH_SUBTREE root=5365 depth=28 w=1.4601949759e+38 Shat=3.0000000000e+00 Lhat=0.0000000000e+00
KNUTH_SUBTREE root=5366 depth=28 w=5.5265466270e+37 Shat=1.0000000000e+00 Lhat=0.0000000000e+00
KNUTH_SUBTREE root=5367 depth=28 w=1.4154047253e+38 Shat=5.0000000000e+00 Lhat=0.0000000000e+00
KNUTH_SUBTREE root=5368 depth=28 w=6.4883406207e+36 Shat=3.0000000000e+00 Lhat=0.0000000000e+00
KNUTH_SUBTREE root=5369 depth=28 w=8.2366991993e+35 Shat=1.0000000000e+00 Lhat=0.0000000000e+00
KNUTH_SUBTREE root=5370 depth=28 w=5.9159481517e+38 Shat=9.0000000000e+00 Lhat=0.0000000000e+00
KNUTH_SUBTREE root=5371 depth=28 w=3.0619673077e+38 Shat=7.0000000000e+00 Lhat=0.0000000000e+00
KNUTH_SUBTREE root=5372 depth=28 w=2.7255906575e+39 Shat=5.8904000000e+01 Lhat=0.0000000000e+00
KNUTH_SUBTREE root=5373 depth=28 w=7.3852921593e+38 Shat=1.0000000000e+01 Lhat=0.0000000000e+00
KNUTH_SUBTREE root=5374 depth=28 w=1.1028019100e+39 Shat=7.8460000000e+00 Lhat=0.0000000000e+00
KNUTH_SUBTREE root=5375 depth=28 w=4.2691106118e+38 Shat=6.2544000000e+01 Lhat=0.0000000000e+00
KNUTH_SUBTREE root=5376 depth=28 w=2.1533016094e+38 Shat=4.0000000000e+00 Lhat=0.0000000000e+00
KNUTH_SUBTREE root=5377 depth=28 w=5.9364312306e+38 Shat=1.3000000000e+01 Lhat=0.0000000000e+00
KNUTH_SUBTREE root=5378 depth=28 w=8.8457527669e+38 Shat=3.0000000000e+00 Lhat=0.0000000000e+00
KNUTH_SUBTREE root=5379 depth=28 w=2.9776003996e+38 Shat=3.0000000000e+00 Lhat=0.0000000000e+00
KNUTH_SUBTREE root=5380 depth=28 w=9.7257228365e+38 Shat=3.0000000000e+00 Lhat=0.0000000000e+00
KNUTH_SUBTREE root=5381 depth=28 w=5.7901579343e+38 Shat=4.0000000000e+00 Lhat=0.0000000000e+00
KNUTH_SUBTREE root=5382 depth=28 w=0 Shat=0 Lhat=0 dead=1
KNUTH_SUBTREE root=5383 depth=28 w=2.9407595178e+39 Shat=5.9356000000e+01 Lhat=0.0000000000e+00
KNUTH_SUBTREE root=5384 depth=28 w=2.8696975683e+38 Shat=7.0000000000e+00 Lhat=0.0000000000e+00
KNUTH_SUBTREE root=5385 depth=28 w=2.6066177166e+36 Shat=1.0000000000e+00 Lhat=0.0000000000e+00
KNUTH_SUBTREE root=5386 depth=28 w=7.3119124601e+38 Shat=1.0000000000e+00 Lhat=0.0000000000e+00
KNUTH_SUBTREE root=5387 depth=28 w=1.2314824195e+38 Shat=1.1992000000e+01 Lhat=0.0000000000e+00
KNUTH_SUBTREE root=5388 depth=28 w=8.3514076578e+38 Shat=8.1394000000e+01 Lhat=0.0000000000e+00
KNUTH_SUBTREE root=5389 depth=28 w=2.9992912272e+37 Shat=3.0000000000e+00 Lhat=0.0000000000e+00
KNUTH_SUBTREE root=5390 depth=28 w=1.7041056850e+38 Shat=6.9640000000e+00 Lhat=0.0000000000e+00
KNUTH_SUBTREE root=5391 depth=28 w=3.1919999607e+38 Shat=5.3136000000e+01 Lhat=0.0000000000e+00
KNUTH_SUBTREE root=5392 depth=28 w=1.2500331929e+39 Shat=1.4110000000e+01 Lhat=0.0000000000e+00
KNUTH_SUBTREE root=5393 depth=28 w=3.7569993180e+38 Shat=2.9020000000e+01 Lhat=0.0000000000e+00
KNUTH_SUBTREE root=5394 depth=28 w=5.7103793267e+37 Shat=1.0000000000e+00 Lhat=0.0000000000e+00
KNUTH_SUBTREE root=5395 depth=28 w=8.5425839325e+38 Shat=2.9896000000e+01 Lhat=0.0000000000e+00
KNUTH_SUBTREE root=5396 depth=28 w=1.9857397702e+37 Shat=1.7000000000e+01 Lhat=0.0000000000e+00
KNUTH_SUBTREE root=5397 depth=28 w=6.0432822251e+37 Shat=1.0952000000e+01 Lhat=0.0000000000e+00
KNUTH_SUBTREE root=5398 depth=28 w=9.5371334509e+38 Shat=9.0000000000e+00 Lhat=0.0000000000e+00
KNUTH_SUBTREE root=5399 depth=28 w=2.5387984566e+37 Shat=1.0000000000e+00 Lhat=0.0000000000e+00
KNUTH_SUBTREE root=5400 depth=28 w=6.8514839112e+38 Shat=5.0000000000e+00 Lhat=0.0000000000e+00
KNUTH_SUBTREE root=5401 depth=28 w=1.4775674966e+38 Shat=5.0000000000e+00 Lhat=0.0000000000e+00
KNUTH_SUBTREE root=5402 depth=28 w=8.7973761131e+38 Shat=7.0000000000e+00 Lhat=0.0000000000e+00
KNUTH_SUBTREE root=5403 depth=28 w=3.7051521512e+37 Shat=4.5750000000e+01 Lhat=0.0000000000e+00
KNUTH_SUBTREE root=5404 depth=28 w=7.5693860067e+37 Shat=3.0000000000e+00 Lhat=0.0000000000e+00
KNUTH_SUBTREE root=5405 depth=28 w=2.0382382587e+39 Shat=2.8780000000e+01 Lhat=0.0000000000e+00
KNUTH_SUBTREE root=5406 depth=28 w=5.0935020971e+37 Shat=1.0000000000e+00 Lhat=0.0000000000e+00
KNUTH_SUBTREE root=5407 depth=28 w=6.3705533759e+38 Shat=1.0000000000e+00 Lhat=0.0000000000e+00
KNUTH_SUBTREE root=5408 depth=28 w=8.0478286917e+36 Shat=1.0000000000e+00 Lhat=0.0000000000e+00
KNUTH_SUBTREE root=5409 depth=28 w=3.1952753876e+39 Shat=8.0768000000e+01 Lhat=0.0000000000e+00
KNUTH_SUBTREE root=5410 depth=28 w=1.7350444420e+39 Shat=9.2080000000e+01 Lhat=0.0000000000e+00
KNUTH_SUBTREE root=5411 depth=28 w=1.2295104573e+39 Shat=4.8496000000e+01 Lhat=0.0000000000e+00
KNUTH_SUBTREE root=5412 depth=28 w=6.3933791017e+38 Shat=9.0000000000e+00 Lhat=0.0000000000e+00
KNUTH_SUBTREE root=5413 depth=28 w=2.2873090582e+38 Shat=3.0000000000e+00 Lhat=0.0000000000e+00
KNUTH_SUBTREE root=5414 depth=28 w=1.9330884800e+39 Shat=1.6128000000e+01 Lhat=0.0000000000e+00
KNUTH_SUBTREE root=5415 depth=28 w=5.4861234360e+38 Shat=2.1188000000e+01 Lhat=0.0000000000e+00
KNUTH_SUBTREE root=5416 depth=28 w=2.5211585345e+38 Shat=1.1024000000e+01 Lhat=0.0000000000e+00
KNUTH_SUBTREE root=5417 depth=28 w=2.2783290946e+37 Shat=3.0000000000e+00 Lhat=0.0000000000e+00
KNUTH_SUBTREE root=5418 depth=28 w=3.4385436887e+38 Shat=3.0000000000e+00 Lhat=0.0000000000e+00
KNUTH_SUBTREE root=5419 depth=28 w=4.7857464173e+38 Shat=2.0000000000e+00 Lhat=0.0000000000e+00
KNUTH_SUBTREE root=5420 depth=28 w=9.8373681387e+38 Shat=2.3944000000e+01 Lhat=0.0000000000e+00
KNUTH_SUBTREE root=5421 depth=28 w=9.1918772331e+38 Shat=2.7944000000e+01 Lhat=0.0000000000e+00
KNUTH_SUBTREE root=5422 depth=28 w=4.2339345508e+37 Shat=1.0000000000e+00 Lhat=0.0000000000e+00
KNUTH_SUBTREE root=5423 depth=28 w=1.1596613932e+37 Shat=1.0000000000e+00 Lhat=0.0000000000e+00
KNUTH_SUBTREE root=5424 depth=28 w=1.9224500720e+39 Shat=4.0000000000e+00 Lhat=0.0000000000e+00
KNUTH_SUBTREE root=5425 depth=28 w=0 Shat=0 Lhat=0 dead=1
KNUTH_SUBTREE root=5426 depth=28 w=1.1586161948e+37 Shat=1.6024800000e+02 Lhat=0.0000000000e+00
KNUTH_SUBTREE root=5427 depth=28 w=2.4795560923e+37 Shat=1.0000000000e+00 Lhat=0.0000000000e+00
KNUTH_SUBTREE root=5428 depth=28 w=8.2428095387e+38 Shat=3.2180000000e+01 Lhat=0.0000000000e+00
KNUTH_SUBTREE root=5429 depth=28 w=0 Shat=0 Lhat=0 dead=1
KNUTH_SUBTREE root=5430 depth=28 w=7.1223247808e+38 Shat=7.0000000000e+00 Lhat=0.0000000000e+00
KNUTH_SUBTREE root=5431 depth=28 w=1.6500736286e+38 Shat=5.0000000000e+00 Lhat=0.0000000000e+00
KNUTH_SUBTREE root=5432 depth=28 w=1.3798472178e+39 Shat=7.7096000000e+01 Lhat=0.0000000000e+00
KNUTH_SUBTREE root=5433 depth=28 w=8.1202999674e+38 Shat=1.1112400000e+02 Lhat=4.9280000000e+00
KNUTH_SUBTREE root=5434 depth=28 w=1.4361100625e+38 Shat=2.0000000000e+00 Lhat=0.0000000000e+00
KNUTH_SUBTREE root=5435 depth=28 w=4.1527641942e+38 Shat=1.0692800000e+02 Lhat=0.0000000000e+00
KNUTH_SUBTREE root=5436 depth=28 w=1.1142502278e+39 Shat=5.9440000000e+00 Lhat=0.0000000000e+00
KNUTH_SUBTREE root=5437 depth=28 w=3.5025619052e+38 Shat=3.3748000000e+01 Lhat=0.0000000000e+00
KNUTH_SUBTREE root=5438 depth=28 w=5.1684452291e+38 Shat=5.0000000000e+00 Lhat=0.0000000000e+00
KNUTH_SUBTREE root=5439 depth=28 w=6.5057609410e+37 Shat=5.0000000000e+00 Lhat=0.0000000000e+00
KNUTH_SUBTREE root=5440 depth=28 w=1.7342926350e+39 Shat=1.4080000000e+01 Lhat=0.0000000000e+00
KNUTH_SUBTREE root=5441 depth=28 w=4.6553530570e+37 Shat=3.0000000000e+00 Lhat=0.0000000000e+00
KNUTH_SUBTREE root=5442 depth=28 w=9.2349986502e+37 Shat=1.0000000000e+00 Lhat=0.0000000000e+00
KNUTH_SUBTREE root=5443 depth=28 w=3.4626441180e+39 Shat=7.0872000000e+01 Lhat=0.0000000000e+00
KNUTH_SUBTREE root=5444 depth=28 w=1.0252173529e+39 Shat=3.0000000000e+00 Lhat=0.0000000000e+00
KNUTH_SUBTREE root=5445 depth=28 w=2.9778551098e+38 Shat=6.9360000000e+00 Lhat=0.0000000000e+00
KNUTH_SUBTREE root=5446 depth=28 w=9.6302969934e+37 Shat=1.0876000000e+01 Lhat=0.0000000000e+00
KNUTH_SUBTREE root=5447 depth=28 w=0 Shat=0 Lhat=0 dead=1
KNUTH_SUBTREE root=5448 depth=28 w=0 Shat=0 Lhat=0 dead=1
KNUTH_SUBTREE root=5449 depth=28 w=1.8460023300e+38 Shat=1.0000000000e+00 Lhat=0.0000000000e+00
KNUTH_SUBTREE root=5450 depth=28 w=7.3311711786e+38 Shat=3.2124000000e+01 Lhat=0.0000000000e+00
KNUTH_SUBTREE root=5451 depth=28 w=6.8186125117e+38 Shat=3.0000000000e+00 Lhat=0.0000000000e+00
KNUTH_SUBTREE root=5452 depth=28 w=1.5771843113e+39 Shat=1.3676000000e+01 Lhat=0.0000000000e+00
KNUTH_SUBTREE root=5453 depth=28 w=3.0055980214e+39 Shat=7.0000000000e+00 Lhat=0.0000000000e+00
KNUTH_SUBTREE root=5454 depth=28 w=2.9092609100e+37 Shat=3.0000000000e+00 Lhat=0.0000000000e+00
KNUTH_SUBTREE root=5455 depth=28 w=3.6222185296e+38 Shat=2.2852000000e+01 Lhat=0.0000000000e+00
KNUTH_SUBTREE root=5456 depth=28 w=3.1358835929e+38 Shat=1.0000000000e+00 Lhat=0.0000000000e+00
KNUTH_SUBTREE root=5457 depth=28 w=2.4398608469e+39 Shat=8.8220000000e+01 Lhat=0.0000000000e+00
KNUTH_SUBTREE root=5458 depth=28 w=1.3254206622e+37 Shat=4.2016000000e+01 Lhat=0.0000000000e+00
KNUTH_SUBTREE root=5459 depth=28 w=6.0403869516e+35 Shat=3.0000000000e+00 Lhat=0.0000000000e+00
KNUTH_SUBTREE root=5460 depth=28 w=1.6348322884e+39 Shat=5.0000000000e+00 Lhat=0.0000000000e+00
KNUTH_SUBTREE root=5461 depth=28 w=2.7430157304e+39 Shat=2.2616000000e+01 Lhat=0.0000000000e+00
KNUTH_SUBTREE root=5462 depth=28 w=5.2049752673e+38 Shat=3.0000000000e+00 Lhat=0.0000000000e+00
KNUTH_SUBTREE root=5463 depth=28 w=3.7971148809e+38 Shat=6.9292000000e+01 Lhat=0.0000000000e+00
KNUTH_SUBTREE root=5464 depth=28 w=3.2669201056e+39 Shat=1.1264300000e+02 Lhat=0.0000000000e+00
KNUTH_SUBTREE root=5465 depth=28 w=9.8176457973e+38 Shat=5.0000000000e+00 Lhat=0.0000000000e+00
KNUTH_SUBTREE root=5466 depth=28 w=3.3162894689e+37 Shat=3.0000000000e+00 Lhat=0.0000000000e+00
KNUTH_SUBTREE root=5467 depth=28 w=2.0141497242e+38 Shat=1.3000000000e+01 Lhat=0.0000000000e+00
KNUTH_SUBTREE root=5468 depth=28 w=8.7793470591e+36 Shat=1.0000000000e+01 Lhat=0.0000000000e+00
KNUTH_SUBTREE root=5469 depth=28 w=1.7111007273e+39 Shat=3.9388000000e+01 Lhat=0.0000000000e+00
KNUTH_SUBTREE root=5470 depth=28 w=2.8602816721e+38 Shat=1.0000000000e+01 Lhat=0.0000000000e+00
KNUTH_SUBTREE root=5471 depth=28 w=2.7367049058e+38 Shat=5.0000000000e+00 Lhat=0.0000000000e+00
KNUTH_SUBTREE root=5472 depth=28 w=4.2943270232e+38 Shat=3.0000000000e+00 Lhat=0.0000000000e+00
KNUTH_SUBTREE root=5473 depth=28 w=9.2325954059e+37 Shat=9.0000000000e+00 Lhat=0.0000000000e+00
KNUTH_SUBTREE root=5474 depth=28 w=7.1364775335e+38 Shat=1.5000000000e+01 Lhat=0.0000000000e+00
KNUTH_SUBTREE root=5475 depth=28 w=1.7933658997e+38 Shat=1.1868000000e+01 Lhat=0.0000000000e+00
KNUTH_SUBTREE root=5476 depth=28 w=1.6279470938e+38 Shat=7.6424000000e+01 Lhat=0.0000000000e+00
KNUTH_SUBTREE root=5477 depth=28 w=3.1024689939e+38 Shat=7.0000000000e+00 Lhat=0.0000000000e+00
KNUTH_SUBTREE root=5478 depth=28 w=1.8592304099e+39 Shat=2.0030000000e+01 Lhat=0.0000000000e+00
KNUTH_SUBTREE root=5479 depth=28 w=3.8135006511e+38 Shat=2.9992000000e+01 Lhat=0.0000000000e+00
KNUTH_SUBTREE root=5480 depth=28 w=2.2094594204e+38 Shat=1.1990000000e+01 Lhat=0.0000000000e+00
KNUTH_SUBTREE root=5481 depth=28 w=1.0082585363e+38 Shat=1.0177000000e+01 Lhat=0.0000000000e+00
KNUTH_SUBTREE root=5482 depth=28 w=1.3076865506e+38 Shat=3.2872000000e+01 Lhat=0.0000000000e+00
KNUTH_SUBTREE root=5483 depth=28 w=3.5699951664e+38 Shat=4.2094000000e+01 Lhat=0.0000000000e+00
KNUTH_SUBTREE root=5484 depth=28 w=1.9950798414e+38 Shat=4.0000000000e+00 Lhat=0.0000000000e+00
KNUTH_SUBTREE root=5485 depth=28 w=2.5885684796e+39 Shat=2.2161000000e+01 Lhat=0.0000000000e+00
KNUTH_SUBTREE root=5486 depth=28 w=2.1407493834e+39 Shat=5.1352000000e+01 Lhat=0.0000000000e+00
KNUTH_SUBTREE root=5487 depth=28 w=7.5580923774e+37 Shat=1.0000000000e+01 Lhat=0.0000000000e+00
KNUTH_SUBTREE root=5488 depth=28 w=1.8865387354e+39 Shat=1.6048000000e+01 Lhat=0.0000000000e+00
KNUTH_SUBTREE root=5489 depth=28 w=0 Shat=0 Lhat=0 dead=1
KNUTH_SUBTREE root=5490 depth=28 w=3.9312366484e+38 Shat=2.0000000000e+00 Lhat=0.0000000000e+00
KNUTH_SUBTREE root=5491 depth=28 w=2.2485905951e+39 Shat=4.0516000000e+01 Lhat=0.0000000000e+00
KNUTH_SUBTREE root=5492 depth=28 w=2.1411810426e+38 Shat=6.0070000000e+00 Lhat=0.0000000000e+00
KNUTH_SUBTREE root=5493 depth=28 w=2.6062984261e+39 Shat=1.4023200000e+02 Lhat=0.0000000000e+00
KNUTH_SUBTREE root=5494 depth=28 w=0 Shat=0 Lhat=0 dead=1
KNUTH_SUBTREE root=5495 depth=28 w=0 Shat=0 Lhat=0 dead=1
KNUTH_SUBTREE root=5496 depth=28 w=1.3080131185e+38 Shat=3.0000000000e+00 Lhat=0.0000000000e+00
KNUTH_SUBTREE root=5497 depth=28 w=1.7434208214e+39 Shat=3.0000000000e+00 Lhat=0.0000000000e+00
KNUTH_SUBTREE root=5498 depth=28 w=1.8379662952e+39 Shat=5.6830000000e+01 Lhat=0.0000000000e+00
KNUTH_SUBTREE root=5499 depth=28 w=3.8436716594e+38 Shat=2.1000000000e+01 Lhat=0.0000000000e+00
KNUTH_SUBTREE root=5500 depth=28 w=1.2323710279e+37 Shat=3.0000000000e+00 Lhat=0.0000000000e+00
KNUTH_SUBTREE root=5501 depth=28 w=9.5601664403e+37 Shat=3.0000000000e+00 Lhat=0.0000000000e+00
KNUTH_SUBTREE root=5502 depth=28 w=4.1667269351e+38 Shat=4.0000000000e+00 Lhat=0.0000000000e+00
KNUTH_SUBTREE root=5503 depth=28 w=3.0439224508e+38 Shat=1.0992000000e+01 Lhat=0.0000000000e+00
KNUTH_SUBTREE root=5504 depth=28 w=5.3122853298e+36 Shat=3.0000000000e+00 Lhat=0.0000000000e+00
KNUTH_SUBTREE root=5505 depth=28 w=3.7004515115e+36 Shat=1.0000000000e+00 Lhat=0.0000000000e+00
KNUTH_SUBTREE root=5506 depth=28 w=5.8851379173e+38 Shat=9.9500000000e+00 Lhat=0.0000000000e+00
KNUTH_SUBTREE root=5507 depth=28 w=6.9171063805e+38 Shat=1.0000000000e+00 Lhat=0.0000000000e+00
KNUTH_SUBTREE root=5508 depth=28 w=3.7994281939e+38 Shat=8.9440000000e+00 Lhat=0.0000000000e+00
KNUTH_SUBTREE root=5509 depth=28 w=1.3519380353e+39 Shat=5.0000000000e+00 Lhat=0.0000000000e+00
KNUTH_SUBTREE root=5510 depth=28 w=3.0025738933e+38 Shat=3.2736000000e+01 Lhat=0.0000000000e+00
KNUTH_SUBTREE root=5511 depth=28 w=1.3764217610e+39 Shat=9.0000000000e+00 Lhat=0.0000000000e+00
KNUTH_SUBTREE root=5512 depth=28 w=6.3777243001e+38 Shat=1.2043000000e+01 Lhat=0.0000000000e+00
KNUTH_SUBTREE root=5513 depth=28 w=5.8673539099e+38 Shat=1.4083000000e+01 Lhat=0.0000000000e+00
KNUTH_SUBTREE root=5514 depth=28 w=1.6225997958e+38 Shat=1.0000000000e+00 Lhat=0.0000000000e+00
KNUTH_SUBTREE root=5515 depth=28 w=1.6545061478e+38 Shat=3.0000000000e+00 Lhat=0.0000000000e+00
KNUTH_SUBTREE root=5516 depth=28 w=1.5127029772e+39 Shat=1.1235600000e+02 Lhat=0.0000000000e+00
KNUTH_SUBTREE root=5517 depth=28 w=1.3609365454e+38 Shat=6.9760000000e+00 Lhat=0.0000000000e+00
KNUTH_SUBTREE root=5518 depth=28 w=4.1153310085e+37 Shat=2.1036000000e+01 Lhat=0.0000000000e+00
KNUTH_SUBTREE root=5519 depth=28 w=0 Shat=0 Lhat=0 dead=1
KNUTH_SUBTREE root=5520 depth=28 w=0 Shat=0 Lhat=0 dead=1
KNUTH_SUBTREE root=5521 depth=28 w=1.5881257868e+38 Shat=3.0000000000e+00 Lhat=0.0000000000e+00
KNUTH_SUBTREE root=5522 depth=28 w=4.1756068355e+37 Shat=1.1000000000e+01 Lhat=0.0000000000e+00
KNUTH_SUBTREE root=5523 depth=28 w=4.3102225957e+37 Shat=1.0000000000e+00 Lhat=0.0000000000e+00
KNUTH_SUBTREE root=5524 depth=28 w=7.4796430983e+35 Shat=1.0000000000e+00 Lhat=0.0000000000e+00
KNUTH_SUBTREE root=5525 depth=28 w=3.1948984521e+38 Shat=2.1000000000e+01 Lhat=0.0000000000e+00
KNUTH_SUBTREE root=5526 depth=28 w=4.4571990080e+38 Shat=4.0000000000e+00 Lhat=0.0000000000e+00
KNUTH_SUBTREE root=5527 depth=28 w=4.6634626096e+38 Shat=1.3000000000e+01 Lhat=0.0000000000e+00
KNUTH_SUBTREE root=5528 depth=28 w=1.2916173139e+37 Shat=3.0000000000e+00 Lhat=0.0000000000e+00
KNUTH_SUBTREE root=5529 depth=28 w=1.1708296459e+39 Shat=2.0000000000e+00 Lhat=0.0000000000e+00
KNUTH_SUBTREE root=5530 depth=28 w=1.0001256757e+38 Shat=2.1000000000e+01 Lhat=0.0000000000e+00
KNUTH_SUBTREE root=5531 depth=28 w=1.7439942336e+39 Shat=1.2880000000e+01 Lhat=0.0000000000e+00
KNUTH_SUBTREE root=5532 depth=28 w=2.8033853682e+38 Shat=4.3714000000e+01 Lhat=0.0000000000e+00
KNUTH_SUBTREE root=5533 depth=28 w=1.2768784810e+39 Shat=1.0000000000e+00 Lhat=0.0000000000e+00
KNUTH_SUBTREE root=5534 depth=28 w=6.9924909926e+37 Shat=1.0000000000e+00 Lhat=0.0000000000e+00
KNUTH_SUBTREE root=5535 depth=28 w=1.0746504641e+38 Shat=3.0000000000e+00 Lhat=0.0000000000e+00
KNUTH_SUBTREE root=5536 depth=28 w=2.3750680252e+38 Shat=1.3115000000e+01 Lhat=0.0000000000e+00
KNUTH_SUBTREE root=5537 depth=28 w=0 Shat=0 Lhat=0 dead=1
KNUTH_SUBTREE root=5538 depth=28 w=2.5543251965e+39 Shat=1.0636600000e+02 Lhat=0.0000000000e+00
KNUTH_SUBTREE root=5539 depth=28 w=1.3469013037e+37 Shat=1.0000000000e+00 Lhat=0.0000000000e+00
KNUTH_SUBTREE root=5540 depth=28 w=3.0084205007e+39 Shat=4.7438000000e+01 Lhat=0.0000000000e+00
KNUTH_SUBTREE root=5541 depth=28 w=2.1424061986e+38 Shat=1.6000000000e+01 Lhat=0.0000000000e+00
KNUTH_SUBTREE root=5542 depth=28 w=1.0689488825e+38 Shat=9.9760000000e+00 Lhat=0.0000000000e+00
KNUTH_SUBTREE root=5543 depth=28 w=1.3394674877e+38 Shat=1.0000000000e+01 Lhat=0.0000000000e+00
KNUTH_SUBTREE root=5544 depth=28 w=5.7362857249e+38 Shat=8.4328000000e+01 Lhat=0.0000000000e+00
KNUTH_SUBTREE root=5545 depth=28 w=4.4872618715e+38 Shat=1.4269600000e+02 Lhat=0.0000000000e+00
KNUTH_SUBTREE root=5546 depth=28 w=0 Shat=0 Lhat=0 dead=1
KNUTH_SUBTREE root=5547 depth=28 w=1.1051418797e+39 Shat=1.0000000000e+01 Lhat=0.0000000000e+00
KNUTH_SUBTREE root=5548 depth=28 w=5.0378622522e+38 Shat=1.8093600000e+02 Lhat=0.0000000000e+00
KNUTH_SUBTREE root=5549 depth=28 w=2.2354077880e+39 Shat=2.1952000000e+01 Lhat=0.0000000000e+00
KNUTH_SUBTREE root=5550 depth=28 w=0 Shat=0 Lhat=0 dead=1
KNUTH_SUBTREE root=5551 depth=28 w=1.4943462837e+39 Shat=2.0000000000e+00 Lhat=0.0000000000e+00
KNUTH_SUBTREE root=5552 depth=28 w=4.8178648538e+38 Shat=3.0000000000e+00 Lhat=0.0000000000e+00
KNUTH_SUBTREE root=5553 depth=28 w=1.9842517220e+38 Shat=1.0000000000e+00 Lhat=0.0000000000e+00
KNUTH_SUBTREE root=5554 depth=28 w=2.0208406527e+39 Shat=1.1680000000e+01 Lhat=0.0000000000e+00
KNUTH_SUBTREE root=5555 depth=28 w=3.8313560658e+38 Shat=5.3218000000e+01 Lhat=0.0000000000e+00
KNUTH_SUBTREE root=5556 depth=28 w=1.9184241596e+37 Shat=1.0000000000e+00 Lhat=0.0000000000e+00
KNUTH_SUBTREE root=5557 depth=28 w=8.0898608796e+37 Shat=1.0000000000e+00 Lhat=0.0000000000e+00
KNUTH_SUBTREE root=5558 depth=28 w=1.9433960222e+39 Shat=1.3050000000e+01 Lhat=0.0000000000e+00
KNUTH_SUBTREE root=5559 depth=28 w=6.8257435312e+38 Shat=1.7128000000e+01 Lhat=0.0000000000e+00
KNUTH_SUBTREE root=5560 depth=28 w=4.8503643518e+38 Shat=7.5976000000e+01 Lhat=0.0000000000e+00
KNUTH_SUBTREE root=5561 depth=28 w=3.7163332984e+38 Shat=3.0000000000e+00 Lhat=0.0000000000e+00
KNUTH_SUBTREE root=5562 depth=28 w=4.4316022394e+38 Shat=1.3000000000e+01 Lhat=0.0000000000e+00
KNUTH_SUBTREE root=5563 depth=28 w=5.2213206104e+38 Shat=2.7024000000e+01 Lhat=0.0000000000e+00
KNUTH_SUBTREE root=5564 depth=28 w=9.3614758516e+35 Shat=1.0000000000e+00 Lhat=0.0000000000e+00
KNUTH_SUBTREE root=5565 depth=28 w=1.7343193834e+39 Shat=1.3250000000e+01 Lhat=0.0000000000e+00
KNUTH_SUBTREE root=5566 depth=28 w=1.2982531922e+38 Shat=1.0000000000e+00 Lhat=0.0000000000e+00
KNUTH_SUBTREE root=5567 depth=28 w=3.5445720553e+38 Shat=2.0000000000e+00 Lhat=0.0000000000e+00
KNUTH_SUBTREE root=5568 depth=28 w=1.0705877522e+38 Shat=1.0000000000e+00 Lhat=0.0000000000e+00
KNUTH_SUBTREE root=5569 depth=28 w=7.4585866882e+37 Shat=6.0000000000e+00 Lhat=0.0000000000e+00
KNUTH_SUBTREE root=5570 depth=28 w=6.8472071157e+38 Shat=1.0960800000e+02 Lhat=0.0000000000e+00
KNUTH_SUBTREE root=5571 depth=28 w=6.7892070728e+36 Shat=1.0000000000e+00 Lhat=0.0000000000e+00
KNUTH_SUBTREE root=5572 depth=28 w=2.0713655669e+38 Shat=4.5793000000e+01 Lhat=0.0000000000e+00
KNUTH_SUBTREE root=5573 depth=28 w=2.2806699338e+38 Shat=4.0000000000e+00 Lhat=0.0000000000e+00
KNUTH_SUBTREE root=5574 depth=28 w=1.5515581646e+37 Shat=2.0000000000e+00 Lhat=0.0000000000e+00
KNUTH_SUBTREE root=5575 depth=28 w=3.5756100940e+37 Shat=5.0000000000e+00 Lhat=0.0000000000e+00
KNUTH_SUBTREE root=5576 depth=28 w=2.2812753226e+38 Shat=6.8536000000e+01 Lhat=0.0000000000e+00
KNUTH_SUBTREE root=5577 depth=28 w=3.7281154637e+38 Shat=3.0000000000e+00 Lhat=0.0000000000e+00
KNUTH_SUBTREE root=5578 depth=28 w=1.0635363624e+38 Shat=1.0000000000e+00 Lhat=0.0000000000e+00
KNUTH_SUBTREE root=5579 depth=28 w=1.5550885479e+39 Shat=7.0000000000e+00 Lhat=0.0000000000e+00
KNUTH_SUBTREE root=5580 depth=28 w=2.3604669437e+39 Shat=2.8671000000e+01 Lhat=0.0000000000e+00
KNUTH_SUBTREE root=5581 depth=28 w=5.6816769605e+38 Shat=3.4540000000e+01 Lhat=0.0000000000e+00
KNUTH_SUBTREE root=5582 depth=28 w=6.3618251950e+38 Shat=6.0808000000e+01 Lhat=0.0000000000e+00
KNUTH_SUBTREE root=5583 depth=28 w=1.1722750472e+37 Shat=3.0000000000e+00 Lhat=0.0000000000e+00
KNUTH_SUBTREE root=5584 depth=28 w=1.3705847643e+38 Shat=1.3000000000e+01 Lhat=0.0000000000e+00
KNUTH_SUBTREE root=5585 depth=28 w=3.2242423845e+38 Shat=1.0000000000e+00 Lhat=0.0000000000e+00
KNUTH_SUBTREE root=5586 depth=28 w=2.8053826616e+39 Shat=6.9474000000e+01 Lhat=0.0000000000e+00
KNUTH_SUBTREE root=5587 depth=28 w=1.8661102702e+36 Shat=2.0000000000e+00 Lhat=0.0000000000e+00
KNUTH_SUBTREE root=5588 depth=28 w=1.5301525697e+39 Shat=4.8640000000e+01 Lhat=0.0000000000e+00
KNUTH_SUBTREE root=5589 depth=28 w=2.0711519658e+36 Shat=1.0000000000e+00 Lhat=0.0000000000e+00
KNUTH_SUBTREE root=5590 depth=28 w=1.0617838921e+38 Shat=1.0000000000e+00 Lhat=0.0000000000e+00
KNUTH_SUBTREE root=5591 depth=28 w=0 Shat=0 Lhat=0 dead=1
KNUTH_SUBTREE root=5592 depth=28 w=5.2476457243e+37 Shat=1.3000000000e+01 Lhat=0.0000000000e+00
KNUTH_SUBTREE root=5593 depth=28 w=9.1818737752e+37 Shat=5.0632000000e+01 Lhat=0.0000000000e+00
KNUTH_SUBTREE root=5594 depth=28 w=8.7155867627e+38 Shat=1.4492000000e+02 Lhat=0.0000000000e+00
KNUTH_SUBTREE root=5595 depth=28 w=4.4357277734e+37 Shat=1.6976000000e+01 Lhat=0.0000000000e+00
KNUTH_SUBTREE root=5596 depth=28 w=3.8815366524e+38 Shat=1.6000000000e+01 Lhat=0.0000000000e+00
KNUTH_SUBTREE root=5597 depth=28 w=1.2443506885e+39 Shat=2.0788000000e+01 Lhat=0.0000000000e+00
KNUTH_SUBTREE root=5598 depth=28 w=2.2349904536e+38 Shat=5.0000000000e+00 Lhat=0.0000000000e+00
KNUTH_SUBTREE root=5599 depth=28 w=2.8702396165e+39 Shat=1.1006700000e+02 Lhat=0.0000000000e+00
KNUTH_SUBTREE root=5600 depth=28 w=3.1522823381e+37 Shat=4.0000000000e+00 Lhat=0.0000000000e+00
KNUTH_SUBTREE root=5601 depth=28 w=5.5570059266e+38 Shat=6.6730000000e+01 Lhat=0.0000000000e+00
KNUTH_SUBTREE root=5602 depth=28 w=3.9580598489e+38 Shat=5.1178000000e+01 Lhat=0.0000000000e+00
KNUTH_SUBTREE root=5603 depth=28 w=4.6322144059e+38 Shat=1.3000000000e+01 Lhat=0.0000000000e+00
KNUTH_SUBTREE root=5604 depth=28 w=1.3980849018e+38 Shat=5.0000000000e+00 Lhat=0.0000000000e+00
KNUTH_SUBTREE root=5605 depth=28 w=0 Shat=0 Lhat=0 dead=1
KNUTH_SUBTREE root=5606 depth=28 w=8.2816453996e+38 Shat=2.0887000000e+01 Lhat=0.0000000000e+00
KNUTH_SUBTREE root=5607 depth=28 w=7.7750683549e+37 Shat=1.9000000000e+01 Lhat=0.0000000000e+00
KNUTH_SUBTREE root=5608 depth=28 w=4.4733792522e+38 Shat=7.0000000000e+00 Lhat=0.0000000000e+00
KNUTH_SUBTREE root=5609 depth=28 w=5.1971838888e+38 Shat=6.0940000000e+00 Lhat=0.0000000000e+00
KNUTH_SUBTREE root=5610 depth=28 w=1.1960663057e+38 Shat=3.0000000000e+00 Lhat=0.0000000000e+00
KNUTH_SUBTREE root=5611 depth=28 w=3.8026446187e+38 Shat=4.0000000000e+00 Lhat=0.0000000000e+00
KNUTH_SUBTREE root=5612 depth=28 w=3.3699795136e+38 Shat=5.4805000000e+01 Lhat=0.0000000000e+00
KNUTH_SUBTREE root=5613 depth=28 w=2.3399332731e+39 Shat=1.1644600000e+02 Lhat=0.0000000000e+00
KNUTH_SUBTREE root=5614 depth=28 w=1.7142891165e+39 Shat=1.3040000000e+01 Lhat=0.0000000000e+00
KNUTH_SUBTREE root=5615 depth=28 w=4.6624567462e+38 Shat=5.0000000000e+00 Lhat=0.0000000000e+00
KNUTH_SUBTREE root=5616 depth=28 w=1.5574203711e+38 Shat=1.0000000000e+00 Lhat=0.0000000000e+00
KNUTH_SUBTREE root=5617 depth=28 w=3.4292652001e+38 Shat=9.7544000000e+01 Lhat=0.0000000000e+00
KNUTH_SUBTREE root=5618 depth=28 w=3.3093539675e+38 Shat=8.9520000000e+00 Lhat=0.0000000000e+00
KNUTH_SUBTREE root=5619 depth=28 w=0 Shat=0 Lhat=0 dead=1
KNUTH_SUBTREE root=5620 depth=28 w=1.7601637175e+38 Shat=1.1120000000e+01 Lhat=0.0000000000e+00
KNUTH_SUBTREE root=5621 depth=28 w=3.2816276114e+37 Shat=3.0000000000e+00 Lhat=0.0000000000e+00
KNUTH_SUBTREE root=5622 depth=28 w=1.7243538094e+38 Shat=5.0000000000e+00 Lhat=0.0000000000e+00
KNUTH_SUBTREE root=5623 depth=28 w=5.4721100949e+38 Shat=4.3791000000e+01 Lhat=0.0000000000e+00
KNUTH_SUBTREE root=5624 depth=28 w=3.1882424066e+38 Shat=1.0000000000e+01 Lhat=0.0000000000e+00
KNUTH_SUBTREE root=5625 depth=28 w=6.1149702727e+38 Shat=7.1836000000e+01 Lhat=0.0000000000e+00
KNUTH_SUBTREE root=5626 depth=28 w=1.2004542661e+39 Shat=3.0000000000e+00 Lhat=0.0000000000e+00
KNUTH_SUBTREE root=5627 depth=28 w=1.0094134815e+39 Shat=6.9328000000e+01 Lhat=0.0000000000e+00
KNUTH_SUBTREE root=5628 depth=28 w=2.2548354511e+38 Shat=1.0000000000e+00 Lhat=0.0000000000e+00
KNUTH_SUBTREE root=5629 depth=28 w=6.7297006713e+38 Shat=2.0000000000e+00 Lhat=0.0000000000e+00
KNUTH_SUBTREE root=5630 depth=28 w=3.3726281562e+38 Shat=5.0000000000e+00 Lhat=0.0000000000e+00
KNUTH_SUBTREE root=5631 depth=28 w=1.6934179542e+36 Shat=7.0000000000e+00 Lhat=0.0000000000e+00
KNUTH_SUBTREE root=5632 depth=28 w=1.0088351577e+39 Shat=1.0000000000e+01 Lhat=0.0000000000e+00
KNUTH_SUBTREE root=5633 depth=28 w=3.8232743105e+38 Shat=4.9524000000e+01 Lhat=0.0000000000e+00
KNUTH_SUBTREE root=5634 depth=28 w=6.0378992153e+38 Shat=4.0000000000e+00 Lhat=0.0000000000e+00
KNUTH_SUBTREE root=5635 depth=28 w=1.7253631326e+39 Shat=9.1307000000e+01 Lhat=0.0000000000e+00
KNUTH_SUBTREE root=5636 depth=28 w=1.2586731789e+38 Shat=2.0000000000e+00 Lhat=0.0000000000e+00
KNUTH_SUBTREE root=5637 depth=28 w=1.6880337576e+38 Shat=9.0000000000e+00 Lhat=0.0000000000e+00
KNUTH_SUBTREE root=5638 depth=28 w=1.6419828421e+39 Shat=5.1495000000e+01 Lhat=0.0000000000e+00
KNUTH_SUBTREE root=5639 depth=28 w=2.9587761874e+38 Shat=3.0000000000e+00 Lhat=0.0000000000e+00
KNUTH_SUBTREE root=5640 depth=28 w=3.7516561868e+38 Shat=1.4092000000e+01 Lhat=0.0000000000e+00
KNUTH_SUBTREE root=5641 depth=28 w=3.5347004859e+38 Shat=2.9000000000e+01 Lhat=0.0000000000e+00
KNUTH_SUBTREE root=5642 depth=28 w=7.0898940541e+37 Shat=1.1968000000e+01 Lhat=0.0000000000e+00
KNUTH_SUBTREE root=5643 depth=28 w=5.0121384480e+36 Shat=3.0000000000e+00 Lhat=0.0000000000e+00
KNUTH_SUBTREE root=5644 depth=28 w=6.2673613517e+38 Shat=2.8532000000e+01 Lhat=0.0000000000e+00
KNUTH_SUBTREE root=5645 depth=28 w=3.1469731915e+38 Shat=5.1115000000e+01 Lhat=0.0000000000e+00
KNUTH_SUBTREE root=5646 depth=28 w=2.1720653426e+39 Shat=7.5850000000e+01 Lhat=0.0000000000e+00
KNUTH_SUBTREE root=5647 depth=28 w=3.6161542995e+38 Shat=1.5000000000e+01 Lhat=0.0000000000e+00
KNUTH_SUBTREE root=5648 depth=28 w=1.6419056558e+38 Shat=1.0000000000e+01 Lhat=0.0000000000e+00
KNUTH_SUBTREE root=5649 depth=28 w=1.6418528816e+39 Shat=3.0735000000e+01 Lhat=0.0000000000e+00
KNUTH_SUBTREE root=5650 depth=28 w=0 Shat=0 Lhat=0 dead=1
KNUTH_SUBTREE root=5651 depth=28 w=2.0754127949e+38 Shat=3.6120000000e+01 Lhat=0.0000000000e+00
KNUTH_SUBTREE root=5652 depth=28 w=7.6055764799e+36 Shat=1.0000000000e+00 Lhat=0.0000000000e+00
KNUTH_SUBTREE root=5653 depth=28 w=1.5877951360e+38 Shat=3.7960000000e+01 Lhat=0.0000000000e+00
KNUTH_SUBTREE root=5654 depth=28 w=1.8764463162e+39 Shat=1.1830000000e+01 Lhat=0.0000000000e+00
KNUTH_SUBTREE root=5655 depth=28 w=3.4098555941e+38 Shat=1.2254100000e+02 Lhat=0.0000000000e+00
KNUTH_SUBTREE root=5656 depth=28 w=2.2798663332e+39 Shat=1.5675000000e+01 Lhat=0.0000000000e+00
KNUTH_SUBTREE root=5657 depth=28 w=1.3906949689e+39 Shat=1.5000000000e+01 Lhat=0.0000000000e+00
KNUTH_SUBTREE root=5658 depth=28 w=2.6442586404e+38 Shat=3.6420000000e+01 Lhat=0.0000000000e+00
KNUTH_SUBTREE root=5659 depth=28 w=9.5914921673e+38 Shat=5.0000000000e+00 Lhat=0.0000000000e+00
KNUTH_SUBTREE root=5660 depth=28 w=3.3651523193e+37 Shat=1.0000000000e+00 Lhat=0.0000000000e+00
KNUTH_SUBTREE root=5661 depth=28 w=1.5131508657e+39 Shat=4.0000000000e+00 Lhat=0.0000000000e+00
KNUTH_SUBTREE root=5662 depth=28 w=0 Shat=0 Lhat=0 dead=1
KNUTH_SUBTREE root=5663 depth=28 w=1.1222674096e+38 Shat=8.0000000000e+00 Lhat=0.0000000000e+00
KNUTH_SUBTREE root=5664 depth=28 w=1.7165936230e+38 Shat=1.3000000000e+01 Lhat=0.0000000000e+00
KNUTH_SUBTREE root=5665 depth=28 w=1.4834587041e+39 Shat=2.4225000000e+01 Lhat=0.0000000000e+00
KNUTH_SUBTREE root=5666 depth=28 w=1.0513086912e+39 Shat=4.9552000000e+01 Lhat=0.0000000000e+00
KNUTH_SUBTREE root=5667 depth=28 w=4.8699971343e+38 Shat=9.2200000000e+00 Lhat=0.0000000000e+00
KNUTH_SUBTREE root=5668 depth=28 w=2.0800841004e+39 Shat=5.0000000000e+00 Lhat=0.0000000000e+00
KNUTH_SUBTREE root=5669 depth=28 w=2.4753840306e+39 Shat=1.5148000000e+01 Lhat=0.0000000000e+00
KNUTH_SUBTREE root=5670 depth=28 w=2.6719986849e+38 Shat=3.7872000000e+01 Lhat=0.0000000000e+00
KNUTH_SUBTREE root=5671 depth=28 w=2.1866508653e+39 Shat=1.0000000000e+00 Lhat=0.0000000000e+00
KNUTH_SUBTREE root=5672 depth=28 w=1.5089893034e+37 Shat=1.0000000000e+00 Lhat=0.0000000000e+00
KNUTH_SUBTREE root=5673 depth=28 w=6.0409364538e+38 Shat=2.7192000000e+01 Lhat=0.0000000000e+00
KNUTH_SUBTREE root=5674 depth=28 w=1.2695343930e+39 Shat=8.5014000000e+01 Lhat=0.0000000000e+00
KNUTH_SUBTREE root=5675 depth=28 w=0 Shat=0 Lhat=0 dead=1
KNUTH_SUBTREE root=5676 depth=28 w=3.8642353513e+38 Shat=4.4552000000e+01 Lhat=0.0000000000e+00
KNUTH_SUBTREE root=5677 depth=28 w=0 Shat=0 Lhat=0 dead=1
KNUTH_SUBTREE root=5678 depth=28 w=1.6791247144e+39 Shat=4.0415000000e+01 Lhat=0.0000000000e+00
KNUTH_SUBTREE root=5679 depth=28 w=5.9753933315e+38 Shat=5.3500000000e+01 Lhat=0.0000000000e+00
KNUTH_SUBTREE root=5680 depth=28 w=3.0510020160e+38 Shat=1.0000000000e+00 Lhat=0.0000000000e+00
KNUTH_SUBTREE root=5681 depth=28 w=1.5143071489e+38 Shat=1.0000000000e+01 Lhat=0.0000000000e+00
KNUTH_SUBTREE root=5682 depth=28 w=5.3580736619e+37 Shat=3.0000000000e+00 Lhat=0.0000000000e+00
KNUTH_SUBTREE root=5683 depth=28 w=2.3260598325e+38 Shat=5.0000000000e+00 Lhat=0.0000000000e+00
KNUTH_SUBTREE root=5684 depth=28 w=4.8226331746e+38 Shat=9.0000000000e+00 Lhat=0.0000000000e+00
KNUTH_SUBTREE root=5685 depth=28 w=3.3889071337e+38 Shat=9.0000000000e+00 Lhat=0.0000000000e+00
KNUTH_SUBTREE root=5686 depth=28 w=5.2651286686e+37 Shat=3.0000000000e+00 Lhat=0.0000000000e+00
KNUTH_SUBTREE root=5687 depth=28 w=7.9701212963e+37 Shat=7.0000000000e+00 Lhat=0.0000000000e+00
KNUTH_SUBTREE root=5688 depth=28 w=2.7472289385e+38 Shat=4.0000000000e+00 Lhat=0.0000000000e+00
KNUTH_SUBTREE root=5689 depth=28 w=8.9905871642e+38 Shat=5.1000000000e+00 Lhat=0.0000000000e+00
KNUTH_SUBTREE root=5690 depth=28 w=7.7802364924e+38 Shat=1.5999800000e+02 Lhat=0.0000000000e+00
KNUTH_SUBTREE root=5691 depth=28 w=4.8857787582e+36 Shat=5.0000000000e+00 Lhat=0.0000000000e+00
KNUTH_SUBTREE root=5692 depth=28 w=1.6781905248e+38 Shat=4.0000000000e+00 Lhat=0.0000000000e+00
KNUTH_SUBTREE root=5693 depth=28 w=5.4133989776e+37 Shat=1.6000000000e+01 Lhat=0.0000000000e+00
KNUTH_SUBTREE root=5694 depth=28 w=4.6605034568e+37 Shat=7.0000000000e+00 Lhat=0.0000000000e+00
KNUTH_SUBTREE root=5695 depth=28 w=1.0822601771e+38 Shat=3.0000000000e+00 Lhat=0.0000000000e+00
KNUTH_SUBTREE root=5696 depth=28 w=2.9110056194e+38 Shat=1.9060000000e+01 Lhat=0.0000000000e+00
KNUTH_SUBTREE root=5697 depth=28 w=1.8380464552e+38 Shat=1.6992000000e+01 Lhat=0.0000000000e+00
KNUTH_SUBTREE root=5698 depth=28 w=1.8233438304e+38 Shat=4.8026000000e+01 Lhat=0.0000000000e+00
KNUTH_SUBTREE root=5699 depth=28 w=0 Shat=0 Lhat=0 dead=1
KNUTH_SUBTREE root=5700 depth=28 w=9.3505133112e+38 Shat=5.2168000000e+01 Lhat=0.0000000000e+00
KNUTH_SUBTREE root=5701 depth=28 w=1.3536438040e+39 Shat=2.9770000000e+01 Lhat=0.0000000000e+00
KNUTH_SUBTREE root=5702 depth=28 w=2.9728805850e+38 Shat=4.8568000000e+01 Lhat=0.0000000000e+00
KNUTH_SUBTREE root=5703 depth=28 w=2.3759215437e+39 Shat=5.0000000000e+00 Lhat=0.0000000000e+00
KNUTH_SUBTREE root=5704 depth=28 w=1.3412488344e+37 Shat=1.0000000000e+00 Lhat=0.0000000000e+00
KNUTH_SUBTREE root=5705 depth=28 w=2.1259965850e+39 Shat=6.0970000000e+01 Lhat=0.0000000000e+00
KNUTH_SUBTREE root=5706 depth=28 w=1.2201935331e+38 Shat=4.0420000000e+00 Lhat=0.0000000000e+00
KNUTH_SUBTREE root=5707 depth=28 w=2.1908402041e+38 Shat=3.2095000000e+01 Lhat=0.0000000000e+00
KNUTH_SUBTREE root=5708 depth=28 w=7.8509073671e+36 Shat=1.0000000000e+00 Lhat=0.0000000000e+00
KNUTH_SUBTREE root=5709 depth=28 w=0 Shat=0 Lhat=0 dead=1
KNUTH_SUBTREE root=5710 depth=28 w=1.3146458580e+39 Shat=1.0000000000e+01 Lhat=0.0000000000e+00
KNUTH_SUBTREE root=5711 depth=28 w=2.8941287061e+38 Shat=1.3000000000e+01 Lhat=0.0000000000e+00
KNUTH_SUBTREE root=5712 depth=28 w=3.0460484293e+37 Shat=5.0000000000e+00 Lhat=0.0000000000e+00
KNUTH_SUBTREE root=5713 depth=28 w=2.4090163085e+39 Shat=2.7144000000e+01 Lhat=0.0000000000e+00
KNUTH_SUBTREE root=5714 depth=28 w=3.7980105569e+39 Shat=6.5328000000e+01 Lhat=0.0000000000e+00
KNUTH_SUBTREE root=5715 depth=28 w=0 Shat=0 Lhat=0 dead=1
KNUTH_SUBTREE root=5716 depth=28 w=8.9848667108e+38 Shat=2.2904000000e+01 Lhat=0.0000000000e+00
KNUTH_SUBTREE root=5717 depth=28 w=3.8871791268e+38 Shat=4.7784000000e+01 Lhat=0.0000000000e+00
KNUTH_SUBTREE root=5718 depth=28 w=1.1923015939e+38 Shat=6.0460000000e+00 Lhat=0.0000000000e+00
KNUTH_SUBTREE root=5719 depth=28 w=1.9847919233e+38 Shat=4.0000000000e+00 Lhat=0.0000000000e+00
KNUTH_SUBTREE root=5720 depth=28 w=2.2373282182e+38 Shat=1.0904000000e+01 Lhat=0.0000000000e+00
KNUTH_SUBTREE root=5721 depth=28 w=1.4613782946e+39 Shat=3.0000000000e+00 Lhat=0.0000000000e+00
KNUTH_SUBTREE root=5722 depth=28 w=1.8380161349e+39 Shat=2.4968000000e+01 Lhat=0.0000000000e+00
KNUTH_SUBTREE root=5723 depth=28 w=6.4168884443e+37 Shat=7.0000000000e+00 Lhat=0.0000000000e+00
KNUTH_SUBTREE root=5724 depth=28 w=3.8176800623e+37 Shat=5.0000000000e+00 Lhat=0.0000000000e+00
KNUTH_SUBTREE root=5725 depth=28 w=9.3416415387e+37 Shat=1.0000000000e+01 Lhat=0.0000000000e+00
KNUTH_SUBTREE root=5726 depth=28 w=8.2759611220e+38 Shat=3.9790000000e+01 Lhat=0.0000000000e+00
KNUTH_SUBTREE root=5727 depth=28 w=5.5156784049e+38 Shat=5.4599000000e+01 Lhat=0.0000000000e+00
KNUTH_SUBTREE root=5728 depth=28 w=1.6071855113e+37 Shat=1.0000000000e+00 Lhat=0.0000000000e+00
KNUTH_SUBTREE root=5729 depth=28 w=1.3020135242e+38 Shat=1.7796000000e+01 Lhat=0.0000000000e+00
KNUTH_SUBTREE root=5730 depth=28 w=5.7132327858e+38 Shat=2.0215000000e+01 Lhat=0.0000000000e+00
KNUTH_SUBTREE root=5731 depth=28 w=2.2721249807e+38 Shat=1.9240000000e+01 Lhat=0.0000000000e+00
KNUTH_SUBTREE root=5732 depth=28 w=3.7948094548e+38 Shat=2.2912000000e+01 Lhat=0.0000000000e+00
KNUTH_SUBTREE root=5733 depth=28 w=1.4328751684e+39 Shat=2.4466000000e+01 Lhat=0.0000000000e+00
KNUTH_SUBTREE root=5734 depth=28 w=3.9764578059e+38 Shat=3.0000000000e+00 Lhat=0.0000000000e+00
KNUTH_SUBTREE root=5735 depth=28 w=4.5892277591e+38 Shat=7.6804000000e+01 Lhat=0.0000000000e+00
KNUTH_SUBTREE root=5736 depth=28 w=3.1329546552e+39 Shat=4.2664000000e+01 Lhat=0.0000000000e+00
KNUTH_SUBTREE root=5737 depth=28 w=6.0582682582e+38 Shat=1.0070800000e+02 Lhat=0.0000000000e+00
KNUTH_SUBTREE root=5738 depth=28 w=1.9648443430e+38 Shat=1.0000000000e+00 Lhat=0.0000000000e+00
KNUTH_SUBTREE root=5739 depth=28 w=4.0074030635e+38 Shat=1.0115600000e+02 Lhat=0.0000000000e+00
KNUTH_SUBTREE root=5740 depth=28 w=1.8867891158e+39 Shat=6.7256000000e+01 Lhat=0.0000000000e+00
KNUTH_SUBTREE root=5741 depth=28 w=5.4011957273e+37 Shat=5.0000000000e+00 Lhat=0.0000000000e+00
KNUTH_SUBTREE root=5742 depth=28 w=9.6419174227e+36 Shat=2.0000000000e+00 Lhat=0.0000000000e+00
KNUTH_SUBTREE root=5743 depth=28 w=4.6919500724e+36 Shat=1.0000000000e+00 Lhat=0.0000000000e+00
KNUTH_SUBTREE root=5744 depth=28 w=0 Shat=0 Lhat=0 dead=1
KNUTH_SUBTREE root=5745 depth=28 w=0 Shat=0 Lhat=0 dead=1
KNUTH_SUBTREE root=5746 depth=28 w=1.2535813427e+39 Shat=7.0000000000e+00 Lhat=0.0000000000e+00
KNUTH_SUBTREE root=5747 depth=28 w=9.6541672832e+38 Shat=2.4812000000e+01 Lhat=0.0000000000e+00
KNUTH_SUBTREE root=5748 depth=28 w=1.8881770293e+38 Shat=1.0000000000e+00 Lhat=0.0000000000e+00
KNUTH_SUBTREE root=5749 depth=28 w=0 Shat=0 Lhat=0 dead=1
KNUTH_SUBTREE root=5750 depth=28 w=1.7999253744e+38 Shat=8.0800000000e+00 Lhat=0.0000000000e+00
KNUTH_SUBTREE root=5751 depth=28 w=1.2481312931e+39 Shat=4.5628000000e+01 Lhat=0.0000000000e+00
KNUTH_SUBTREE root=5752 depth=28 w=1.3079763721e+38 Shat=1.0090000000e+01 Lhat=0.0000000000e+00
KNUTH_SUBTREE root=5753 depth=28 w=1.4032790172e+39 Shat=3.9470000000e+01 Lhat=0.0000000000e+00
KNUTH_SUBTREE root=5754 depth=28 w=1.0739675588e+37 Shat=2.1471200000e+02 Lhat=0.0000000000e+00
KNUTH_SUBTREE root=5755 depth=28 w=1.0950264516e+38 Shat=1.0000000000e+01 Lhat=0.0000000000e+00
KNUTH_SUBTREE root=5756 depth=28 w=2.7773004511e+38 Shat=7.0000000000e+00 Lhat=0.0000000000e+00
KNUTH_SUBTREE root=5757 depth=28 w=4.0191243081e+38 Shat=1.0000000000e+00 Lhat=0.0000000000e+00
KNUTH_SUBTREE root=5758 depth=28 w=1.7452692203e+38 Shat=1.1116000000e+01 Lhat=0.0000000000e+00
KNUTH_SUBTREE root=5759 depth=28 w=7.3656960119e+37 Shat=7.0000000000e+00 Lhat=0.0000000000e+00
KNUTH_SUBTREE root=5760 depth=28 w=0 Shat=0 Lhat=0 dead=1
KNUTH_SUBTREE root=5761 depth=28 w=9.0216225267e+38 Shat=3.0000000000e+00 Lhat=0.0000000000e+00
KNUTH_SUBTREE root=5762 depth=28 w=1.0722666125e+39 Shat=7.3456000000e+01 Lhat=0.0000000000e+00
KNUTH_SUBTREE root=5763 depth=28 w=3.7174707973e+38 Shat=5.0000000000e+00 Lhat=0.0000000000e+00
KNUTH_SUBTREE root=5764 depth=28 w=1.9201852720e+37 Shat=1.0000000000e+00 Lhat=0.0000000000e+00
KNUTH_SUBTREE root=5765 depth=28 w=8.5393450024e+38 Shat=1.3184800000e+02 Lhat=0.0000000000e+00
KNUTH_SUBTREE root=5766 depth=28 w=3.8797131091e+38 Shat=5.3975000000e+01 Lhat=0.0000000000e+00
KNUTH_SUBTREE root=5767 depth=28 w=6.4592407397e+38 Shat=3.2276000000e+01 Lhat=0.0000000000e+00
KNUTH_SUBTREE root=5768 depth=28 w=0 Shat=0 Lhat=0 dead=1
KNUTH_SUBTREE root=5769 depth=28 w=4.6580393156e+38 Shat=5.9552000000e+01 Lhat=0.0000000000e+00
KNUTH_SUBTREE root=5770 depth=28 w=7.3890423938e+37 Shat=4.5925000000e+01 Lhat=0.0000000000e+00
KNUTH_SUBTREE root=5771 depth=28 w=7.4504041728e+38 Shat=1.0000000000e+00 Lhat=0.0000000000e+00
KNUTH_SUBTREE root=5772 depth=28 w=3.1400580850e+38 Shat=2.0000000000e+00 Lhat=0.0000000000e+00
KNUTH_SUBTREE root=5773 depth=28 w=1.6926870311e+38 Shat=2.1064000000e+01 Lhat=0.0000000000e+00
KNUTH_SUBTREE root=5774 depth=28 w=1.4437117140e+38 Shat=1.0000000000e+00 Lhat=0.0000000000e+00
KNUTH_SUBTREE root=5775 depth=28 w=3.1091601009e+37 Shat=5.0000000000e+00 Lhat=0.0000000000e+00
KNUTH_SUBTREE root=5776 depth=28 w=3.1250150108e+39 Shat=1.2100000000e+01 Lhat=0.0000000000e+00
KNUTH_SUBTREE root=5777 depth=28 w=2.5311737169e+39 Shat=2.8875000000e+01 Lhat=0.0000000000e+00
KNUTH_SUBTREE root=5778 depth=28 w=2.6190716040e+38 Shat=1.6972000000e+01 Lhat=0.0000000000e+00
KNUTH_SUBTREE root=5779 depth=28 w=3.1640450345e+39 Shat=5.8840000000e+00 Lhat=0.0000000000e+00
KNUTH_SUBTREE root=5780 depth=28 w=2.6790192148e+38 Shat=1.0000000000e+00 Lhat=0.0000000000e+00
KNUTH_SUBTREE root=5781 depth=28 w=5.2568985754e+38 Shat=3.0000000000e+00 Lhat=0.0000000000e+00
KNUTH_SUBTREE root=5782 depth=28 w=8.8391001208e+38 Shat=8.8440000000e+00 Lhat=0.0000000000e+00
KNUTH_SUBTREE root=5783 depth=28 w=1.7133033812e+38 Shat=3.1485200000e+02 Lhat=0.0000000000e+00
KNUTH_SUBTREE root=5784 depth=28 w=1.8791572588e+37 Shat=1.0000000000e+00 Lhat=0.0000000000e+00
KNUTH_SUBTREE root=5785 depth=28 w=1.4861296467e+38 Shat=1.4885000000e+01 Lhat=0.0000000000e+00
KNUTH_SUBTREE root=5786 depth=28 w=1.9495559505e+38 Shat=1.0000000000e+00 Lhat=0.0000000000e+00
KNUTH_SUBTREE root=5787 depth=28 w=7.0310504486e+38 Shat=1.0000000000e+00 Lhat=0.0000000000e+00
KNUTH_SUBTREE root=5788 depth=28 w=1.7713002109e+38 Shat=9.0000000000e+00 Lhat=0.0000000000e+00
KNUTH_SUBTREE root=5789 depth=28 w=5.0857522595e+38 Shat=1.3000000000e+01 Lhat=0.0000000000e+00
KNUTH_SUBTREE root=5790 depth=28 w=1.7498101774e+39 Shat=2.2280000000e+01 Lhat=0.0000000000e+00
KNUTH_SUBTREE root=5791 depth=28 w=1.3755173565e+39 Shat=7.8700000000e+00 Lhat=0.0000000000e+00
KNUTH_SUBTREE root=5792 depth=28 w=3.0952878031e+39 Shat=3.0000000000e+00 Lhat=0.0000000000e+00
KNUTH_SUBTREE root=5793 depth=28 w=0 Shat=0 Lhat=0 dead=1
KNUTH_SUBTREE root=5794 depth=28 w=4.3544937599e+38 Shat=8.4688000000e+01 Lhat=0.0000000000e+00
KNUTH_SUBTREE root=5795 depth=28 w=3.0130693546e+38 Shat=4.3012000000e+01 Lhat=0.0000000000e+00
KNUTH_SUBTREE root=5796 depth=28 w=3.1399720138e+38 Shat=1.0000000000e+00 Lhat=0.0000000000e+00
KNUTH_SUBTREE root=5797 depth=28 w=4.2420980194e+37 Shat=3.0000000000e+00 Lhat=0.0000000000e+00
KNUTH_SUBTREE root=5798 depth=28 w=0 Shat=0 Lhat=0 dead=1
KNUTH_SUBTREE root=5799 depth=28 w=1.2221807577e+39 Shat=8.0144000000e+01 Lhat=0.0000000000e+00
KNUTH_SUBTREE root=5800 depth=28 w=8.8470011833e+37 Shat=6.0340000000e+00 Lhat=0.0000000000e+00
KNUTH_SUBTREE root=5801 depth=28 w=1.6312084001e+38 Shat=4.0000000000e+00 Lhat=0.0000000000e+00
KNUTH_SUBTREE root=5802 depth=28 w=3.2348405505e+38 Shat=5.0000000000e+00 Lhat=0.0000000000e+00
KNUTH_SUBTREE root=5803 depth=28 w=7.1452115112e+38 Shat=7.0000000000e+00 Lhat=0.0000000000e+00
KNUTH_SUBTREE root=5804 depth=28 w=3.9542625890e+38 Shat=3.3952000000e+01 Lhat=0.0000000000e+00
KNUTH_SUBTREE root=5805 depth=28 w=5.0848057438e+36 Shat=2.0000000000e+00 Lhat=0.0000000000e+00
KNUTH_SUBTREE root=5806 depth=28 w=3.7179198527e+37 Shat=7.0240000000e+00 Lhat=0.0000000000e+00
KNUTH_SUBTREE root=5807 depth=28 w=2.0918556167e+39 Shat=6.0000000000e+00 Lhat=0.0000000000e+00
KNUTH_SUBTREE root=5808 depth=28 w=0 Shat=0 Lhat=0 dead=1
KNUTH_SUBTREE root=5809 depth=28 w=8.1284056277e+37 Shat=7.9300000000e+00 Lhat=0.0000000000e+00
KNUTH_SUBTREE root=5810 depth=28 w=6.1627847370e+37 Shat=4.0000000000e+00 Lhat=0.0000000000e+00
KNUTH_SUBTREE root=5811 depth=28 w=3.6181877798e+38 Shat=1.5022000000e+01 Lhat=0.0000000000e+00
KNUTH_SUBTREE root=5812 depth=28 w=4.9934824208e+37 Shat=1.0000000000e+00 Lhat=0.0000000000e+00
KNUTH_SUBTREE root=5813 depth=28 w=1.7969188595e+39 Shat=9.0400000000e+00 Lhat=0.0000000000e+00
KNUTH_SUBTREE root=5814 depth=28 w=3.4673561147e+38 Shat=3.0000000000e+00 Lhat=0.0000000000e+00
KNUTH_SUBTREE root=5815 depth=28 w=9.8364091875e+36 Shat=1.0000000000e+00 Lhat=0.0000000000e+00
KNUTH_SUBTREE root=5816 depth=28 w=5.7603843655e+38 Shat=9.4708000000e+01 Lhat=0.0000000000e+00
KNUTH_SUBTREE root=5817 depth=28 w=5.9238479757e+36 Shat=8.9360000000e+00 Lhat=0.0000000000e+00
KNUTH_SUBTREE root=5818 depth=28 w=3.9657841021e+38 Shat=7.0280000000e+00 Lhat=0.0000000000e+00
KNUTH_SUBTREE root=5819 depth=28 w=4.2310269637e+38 Shat=2.2840000000e+01 Lhat=0.0000000000e+00
KNUTH_SUBTREE root=5820 depth=28 w=2.1950990749e+39 Shat=9.1390000000e+00 Lhat=0.0000000000e+00
KNUTH_SUBTREE root=5821 depth=28 w=1.5535178545e+38 Shat=9.0000000000e+00 Lhat=0.0000000000e+00
KNUTH_SUBTREE root=5822 depth=28 w=2.4796179137e+38 Shat=2.2040000000e+01 Lhat=0.0000000000e+00
KNUTH_SUBTREE root=5823 depth=28 w=2.5203369368e+38 Shat=5.5144000000e+01 Lhat=0.0000000000e+00
KNUTH_SUBTREE root=5824 depth=28 w=0 Shat=0 Lhat=0 dead=1
KNUTH_SUBTREE root=5825 depth=28 w=5.0422216571e+38 Shat=7.0000000000e+00 Lhat=0.0000000000e+00
KNUTH_SUBTREE root=5826 depth=28 w=2.7609063608e+38 Shat=5.0000000000e+00 Lhat=0.0000000000e+00
KNUTH_SUBTREE root=5827 depth=28 w=0 Shat=0 Lhat=0 dead=1
KNUTH_SUBTREE root=5828 depth=28 w=3.4408682813e+38 Shat=1.2060000000e+01 Lhat=0.0000000000e+00
KNUTH_SUBTREE root=5829 depth=28 w=6.2081910143e+38 Shat=1.1249200000e+02 Lhat=0.0000000000e+00
KNUTH_SUBTREE root=5830 depth=28 w=3.8296916350e+37 Shat=1.0000000000e+00 Lhat=0.0000000000e+00
KNUTH_SUBTREE root=5831 depth=28 w=4.7627561521e+38 Shat=3.0000000000e+00 Lhat=0.0000000000e+00
KNUTH_SUBTREE root=5832 depth=28 w=2.5066750563e+39 Shat=5.9320000000e+00 Lhat=0.0000000000e+00
KNUTH_SUBTREE root=5833 depth=28 w=5.6261152149e+38 Shat=1.0896000000e+01 Lhat=0.0000000000e+00
KNUTH_SUBTREE root=5834 depth=28 w=1.7429754254e+39 Shat=1.6488000000e+01 Lhat=0.0000000000e+00
KNUTH_SUBTREE root=5835 depth=28 w=2.7848461169e+38 Shat=7.2010000000e+01 Lhat=0.0000000000e+00
KNUTH_SUBTREE root=5836 depth=28 w=5.6259860944e+38 Shat=3.8280000000e+01 Lhat=0.0000000000e+00
KNUTH_SUBTREE root=5837 depth=28 w=2.1192768380e+38 Shat=1.0000000000e+00 Lhat=0.0000000000e+00
KNUTH_SUBTREE root=5838 depth=28 w=2.0410998421e+38 Shat=7.0000000000e+00 Lhat=0.0000000000e+00
KNUTH_SUBTREE root=5839 depth=28 w=1.1378691223e+38 Shat=2.0000000000e+00 Lhat=0.0000000000e+00
KNUTH_SUBTREE root=5840 depth=28 w=1.1534347354e+39 Shat=9.6936000000e+01 Lhat=0.0000000000e+00
KNUTH_SUBTREE root=5841 depth=28 w=5.5702438270e+38 Shat=1.5250000000e+01 Lhat=0.0000000000e+00
KNUTH_SUBTREE root=5842 depth=28 w=2.6251306568e+38 Shat=1.3000000000e+01 Lhat=0.0000000000e+00
KNUTH_SUBTREE root=5843 depth=28 w=3.6947270839e+36 Shat=2.0000000000e+00 Lhat=0.0000000000e+00
KNUTH_SUBTREE root=5844 depth=28 w=2.3640385261e+38 Shat=2.3035000000e+01 Lhat=0.0000000000e+00
KNUTH_SUBTREE root=5845 depth=28 w=2.3470117454e+38 Shat=4.8232000000e+01 Lhat=0.0000000000e+00
KNUTH_SUBTREE root=5846 depth=28 w=9.3681809612e+38 Shat=5.7872000000e+01 Lhat=0.0000000000e+00
KNUTH_SUBTREE root=5847 depth=28 w=8.4354499339e+37 Shat=1.0000000000e+01 Lhat=0.0000000000e+00
KNUTH_SUBTREE root=5848 depth=28 w=3.0604629339e+38 Shat=7.9180000000e+00 Lhat=0.0000000000e+00
KNUTH_SUBTREE root=5849 depth=28 w=2.7029361717e+38 Shat=5.2084000000e+01 Lhat=0.0000000000e+00
KNUTH_SUBTREE root=5850 depth=28 w=4.0048869248e+37 Shat=4.0000000000e+00 Lhat=0.0000000000e+00
KNUTH_SUBTREE root=5851 depth=28 w=1.9915966517e+38 Shat=1.3000000000e+01 Lhat=0.0000000000e+00
KNUTH_SUBTREE root=5852 depth=28 w=4.5251624715e+38 Shat=3.0000000000e+00 Lhat=0.0000000000e+00
KNUTH_SUBTREE root=5853 depth=28 w=2.9319558295e+39 Shat=9.9399000000e+01 Lhat=0.0000000000e+00
KNUTH_SUBTREE root=5854 depth=28 w=2.9334901567e+39 Shat=3.0000000000e+00 Lhat=0.0000000000e+00
KNUTH_SUBTREE root=5855 depth=28 w=1.4663559198e+38 Shat=4.0000000000e+00 Lhat=0.0000000000e+00
KNUTH_SUBTREE root=5856 depth=28 w=1.4284324172e+39 Shat=3.8954000000e+01 Lhat=0.0000000000e+00
KNUTH_SUBTREE root=5857 depth=28 w=1.9836014935e+39 Shat=5.3092000000e+01 Lhat=0.0000000000e+00
KNUTH_SUBTREE root=5858 depth=28 w=7.4784847235e+37 Shat=5.0000000000e+00 Lhat=0.0000000000e+00
KNUTH_SUBTREE root=5859 depth=28 w=2.2243470935e+37 Shat=2.0000000000e+00 Lhat=0.0000000000e+00
KNUTH_SUBTREE root=5860 depth=28 w=1.6817348443e+38 Shat=4.8306000000e+01 Lhat=0.0000000000e+00
KNUTH_SUBTREE root=5861 depth=28 w=7.7664203116e+38 Shat=2.0000000000e+00 Lhat=0.0000000000e+00
KNUTH_SUBTREE root=5862 depth=28 w=3.9918160554e+38 Shat=7.0000000000e+00 Lhat=0.0000000000e+00
KNUTH_SUBTREE root=5863 depth=28 w=2.1591330023e+38 Shat=1.1080000000e+01 Lhat=0.0000000000e+00
KNUTH_SUBTREE root=5864 depth=28 w=6.5139819531e+38 Shat=2.0000000000e+00 Lhat=0.0000000000e+00
KNUTH_SUBTREE root=5865 depth=28 w=7.7849816323e+38 Shat=7.9936000000e+01 Lhat=0.0000000000e+00
KNUTH_SUBTREE root=5866 depth=28 w=2.4145884780e+38 Shat=1.3000000000e+01 Lhat=0.0000000000e+00
KNUTH_SUBTREE root=5867 depth=28 w=3.7039365378e+38 Shat=1.3000000000e+01 Lhat=0.0000000000e+00
KNUTH_SUBTREE root=5868 depth=28 w=1.5750742785e+37 Shat=3.0000000000e+00 Lhat=0.0000000000e+00
KNUTH_SUBTREE root=5869 depth=28 w=1.9044415823e+38 Shat=3.6952000000e+01 Lhat=0.0000000000e+00
KNUTH_SUBTREE root=5870 depth=28 w=5.3041810035e+37 Shat=1.0000000000e+00 Lhat=0.0000000000e+00
KNUTH_SUBTREE root=5871 depth=28 w=3.1096211673e+39 Shat=2.5000000000e+01 Lhat=0.0000000000e+00
KNUTH_SUBTREE root=5872 depth=28 w=7.5694962655e+38 Shat=6.9490000000e+00 Lhat=0.0000000000e+00
KNUTH_SUBTREE root=5873 depth=28 w=1.0335304150e+38 Shat=4.0000000000e+00 Lhat=0.0000000000e+00
KNUTH_SUBTREE root=5874 depth=28 w=1.3874936873e+38 Shat=2.0000000000e+00 Lhat=0.0000000000e+00
KNUTH_SUBTREE root=5875 depth=28 w=3.8982740964e+35 Shat=1.0000000000e+00 Lhat=0.0000000000e+00
KNUTH_SUBTREE root=5876 depth=28 w=1.2184421396e+37 Shat=3.0000000000e+00 Lhat=0.0000000000e+00
KNUTH_SUBTREE root=5877 depth=28 w=5.5917268238e+38 Shat=1.3000000000e+01 Lhat=0.0000000000e+00
KNUTH_SUBTREE root=5878 depth=28 w=6.9341658298e+38 Shat=1.0000000000e+00 Lhat=0.0000000000e+00
KNUTH_SUBTREE root=5879 depth=28 w=8.4038373341e+37 Shat=1.0000000000e+01 Lhat=0.0000000000e+00
KNUTH_SUBTREE root=5880 depth=28 w=5.0308771982e+36 Shat=1.0000000000e+00 Lhat=0.0000000000e+00
KNUTH_SUBTREE root=5881 depth=28 w=1.5063670726e+38 Shat=1.7074000000e+01 Lhat=0.0000000000e+00
KNUTH_SUBTREE root=5882 depth=28 w=4.7922157013e+38 Shat=6.6436000000e+01 Lhat=0.0000000000e+00
KNUTH_SUBTREE root=5883 depth=28 w=5.2626842919e+37 Shat=1.0000000000e+00 Lhat=0.0000000000e+00
KNUTH_SUBTREE root=5884 depth=28 w=1.3443064739e+39 Shat=3.0000000000e+00 Lhat=0.0000000000e+00
KNUTH_SUBTREE root=5885 depth=28 w=3.4116641307e+37 Shat=3.0000000000e+00 Lhat=0.0000000000e+00
KNUTH_SUBTREE root=5886 depth=28 w=0 Shat=0 Lhat=0 dead=1
KNUTH_SUBTREE root=5887 depth=28 w=2.4634050416e+38 Shat=1.0000000000e+00 Lhat=0.0000000000e+00
KNUTH_SUBTREE root=5888 depth=28 w=3.7330542252e+38 Shat=1.8007200000e+02 Lhat=0.0000000000e+00
KNUTH_SUBTREE root=5889 depth=28 w=6.3172626061e+35 Shat=2.0000000000e+00 Lhat=0.0000000000e+00
KNUTH_SUBTREE root=5890 depth=28 w=1.3882568468e+37 Shat=1.0000000000e+00 Lhat=0.0000000000e+00
KNUTH_SUBTREE root=5891 depth=28 w=2.8899781401e+38 Shat=1.0000000000e+00 Lhat=0.0000000000e+00
KNUTH_SUBTREE root=5892 depth=28 w=8.7066437106e+38 Shat=6.2914000000e+01 Lhat=0.0000000000e+00
KNUTH_SUBTREE root=5893 depth=28 w=1.1085952767e+37 Shat=1.0000000000e+00 Lhat=0.0000000000e+00
KNUTH_SUBTREE root=5894 depth=28 w=9.5850900734e+38 Shat=1.0746400000e+02 Lhat=0.0000000000e+00
KNUTH_SUBTREE root=5895 depth=28 w=2.0159290658e+39 Shat=3.0270000000e+01 Lhat=0.0000000000e+00
KNUTH_SUBTREE root=5896 depth=28 w=8.7400980460e+37 Shat=1.0000000000e+00 Lhat=0.0000000000e+00
KNUTH_SUBTREE root=5897 depth=28 w=2.3512567689e+39 Shat=5.6020000000e+01 Lhat=0.0000000000e+00
KNUTH_SUBTREE root=5898 depth=28 w=4.3134846485e+37 Shat=3.0000000000e+00 Lhat=0.0000000000e+00
KNUTH_SUBTREE root=5899 depth=28 w=0 Shat=0 Lhat=0 dead=1
KNUTH_SUBTREE root=5900 depth=28 w=6.5632517953e+38 Shat=3.0000000000e+00 Lhat=0.0000000000e+00
KNUTH_SUBTREE root=5901 depth=28 w=5.1143703681e+38 Shat=6.7104000000e+01 Lhat=0.0000000000e+00
KNUTH_SUBTREE root=5902 depth=28 w=9.7931103341e+36 Shat=2.0000000000e+00 Lhat=0.0000000000e+00
KNUTH_SUBTREE root=5903 depth=28 w=1.4500042445e+39 Shat=2.9880000000e+01 Lhat=0.0000000000e+00
KNUTH_SUBTREE root=5904 depth=28 w=1.5529437055e+39 Shat=3.0000000000e+00 Lhat=0.0000000000e+00
KNUTH_SUBTREE root=5905 depth=28 w=6.5370329524e+38 Shat=3.0000000000e+00 Lhat=0.0000000000e+00
KNUTH_SUBTREE root=5906 depth=28 w=2.0961425899e+38 Shat=1.0000000000e+00 Lhat=0.0000000000e+00
KNUTH_SUBTREE root=5907 depth=28 w=2.0308658895e+38 Shat=7.0000000000e+00 Lhat=0.0000000000e+00
KNUTH_SUBTREE root=5908 depth=28 w=1.5744020820e+38 Shat=3.2944000000e+01 Lhat=0.0000000000e+00
KNUTH_SUBTREE root=5909 depth=28 w=1.2721809838e+38 Shat=8.1871000000e+01 Lhat=0.0000000000e+00
KNUTH_SUBTREE root=5910 depth=28 w=3.2734174585e+38 Shat=3.8176000000e+01 Lhat=0.0000000000e+00
KNUTH_SUBTREE root=5911 depth=28 w=1.2169978515e+38 Shat=1.9164000000e+01 Lhat=0.0000000000e+00
KNUTH_SUBTREE root=5912 depth=28 w=3.5487559792e+38 Shat=1.3271900000e+02 Lhat=0.0000000000e+00
KNUTH_SUBTREE root=5913 depth=28 w=4.3356082082e+37 Shat=1.0000000000e+00 Lhat=0.0000000000e+00
KNUTH_SUBTREE root=5914 depth=28 w=7.1818695266e+36 Shat=2.0000000000e+00 Lhat=0.0000000000e+00
KNUTH_SUBTREE root=5915 depth=28 w=2.7920604908e+38 Shat=9.0430000000e+00 Lhat=0.0000000000e+00
KNUTH_SUBTREE root=5916 depth=28 w=1.1460663638e+36 Shat=1.0000000000e+00 Lhat=0.0000000000e+00
KNUTH_SUBTREE root=5917 depth=28 w=8.6933166395e+37 Shat=1.0000000000e+00 Lhat=0.0000000000e+00
KNUTH_SUBTREE root=5918 depth=28 w=3.0150260893e+38 Shat=4.9904000000e+01 Lhat=0.0000000000e+00
KNUTH_SUBTREE root=5919 depth=28 w=1.1571447265e+38 Shat=1.0000000000e+00 Lhat=0.0000000000e+00
KNUTH_SUBTREE root=5920 depth=28 w=2.4416841605e+38 Shat=6.8416000000e+01 Lhat=0.0000000000e+00
KNUTH_SUBTREE root=5921 depth=28 w=0 Shat=0 Lhat=0 dead=1
KNUTH_SUBTREE root=5922 depth=28 w=4.6246967216e+38 Shat=3.9160000000e+01 Lhat=0.0000000000e+00
KNUTH_SUBTREE root=5923 depth=28 w=8.4673490609e+38 Shat=2.0000000000e+00 Lhat=0.0000000000e+00
KNUTH_SUBTREE root=5924 depth=28 w=1.8702428608e+38 Shat=5.7352000000e+01 Lhat=0.0000000000e+00
KNUTH_SUBTREE root=5925 depth=28 w=6.4240136029e+38 Shat=6.8008000000e+01 Lhat=0.0000000000e+00
KNUTH_SUBTREE root=5926 depth=28 w=6.7648440420e+38 Shat=4.6012000000e+01 Lhat=0.0000000000e+00
KNUTH_SUBTREE root=5927 depth=28 w=0 Shat=0 Lhat=0 dead=1
KNUTH_SUBTREE root=5928 depth=28 w=2.4027541688e+36 Shat=3.0000000000e+00 Lhat=0.0000000000e+00
KNUTH_SUBTREE root=5929 depth=28 w=1.8321424297e+38 Shat=3.0000000000e+00 Lhat=0.0000000000e+00
KNUTH_SUBTREE root=5930 depth=28 w=1.7094750084e+37 Shat=7.8880000000e+00 Lhat=0.0000000000e+00
KNUTH_SUBTREE root=5931 depth=28 w=2.9617794597e+38 Shat=7.0000000000e+00 Lhat=0.0000000000e+00
KNUTH_SUBTREE root=5932 depth=28 w=2.7544515473e+39 Shat=8.5651000000e+01 Lhat=1.2075000000e+01
KNUTH_SUBTREE root=5933 depth=28 w=4.2721156480e+38 Shat=7.8840000000e+01 Lhat=0.0000000000e+00
KNUTH_SUBTREE root=5934 depth=28 w=3.5069037859e+37 Shat=1.0000000000e+00 Lhat=0.0000000000e+00
KNUTH_SUBTREE root=5935 depth=28 w=7.3096843751e+38 Shat=3.8965000000e+01 Lhat=0.0000000000e+00
KNUTH_SUBTREE root=5936 depth=28 w=3.8433232030e+38 Shat=1.0019200000e+02 Lhat=0.0000000000e+00
KNUTH_SUBTREE root=5937 depth=28 w=1.6520610229e+39 Shat=3.3016000000e+01 Lhat=0.0000000000e+00
KNUTH_SUBTREE root=5938 depth=28 w=1.3472482056e+38 Shat=1.0000000000e+00 Lhat=0.0000000000e+00
KNUTH_SUBTREE root=5939 depth=28 w=1.1297991387e+38 Shat=8.1040000000e+00 Lhat=0.0000000000e+00
KNUTH_SUBTREE root=5940 depth=28 w=2.0235309395e+38 Shat=1.0000000000e+00 Lhat=0.0000000000e+00
KNUTH_SUBTREE root=5941 depth=28 w=1.8343709345e+38 Shat=9.2749000000e+01 Lhat=5.4600000000e+00
KNUTH_SUBTREE root=5942 depth=28 w=8.5716854598e+37 Shat=3.0000000000e+00 Lhat=0.0000000000e+00
KNUTH_SUBTREE root=5943 depth=28 w=8.2281982114e+38 Shat=6.0070000000e+00 Lhat=0.0000000000e+00
KNUTH_SUBTREE root=5944 depth=28 w=3.4091258263e+39 Shat=6.0430000000e+00 Lhat=0.0000000000e+00
KNUTH_SUBTREE root=5945 depth=28 w=2.0417133513e+37 Shat=2.0000000000e+00 Lhat=0.0000000000e+00
KNUTH_SUBTREE root=5946 depth=28 w=8.7200915426e+38 Shat=3.7438000000e+01 Lhat=0.0000000000e+00
KNUTH_SUBTREE root=5947 depth=28 w=1.0478088230e+39 Shat=2.2385000000e+01 Lhat=0.0000000000e+00
KNUTH_SUBTREE root=5948 depth=28 w=3.0369180175e+38 Shat=3.0000000000e+00 Lhat=0.0000000000e+00
KNUTH_SUBTREE root=5949 depth=28 w=2.2280714415e+38 Shat=1.7000000000e+01 Lhat=0.0000000000e+00
KNUTH_SUBTREE root=5950 depth=28 w=1.8250997769e+38 Shat=1.0000000000e+01 Lhat=0.0000000000e+00
KNUTH_SUBTREE root=5951 depth=28 w=2.8285235555e+38 Shat=4.0000000000e+00 Lhat=0.0000000000e+00
KNUTH_SUBTREE root=5952 depth=28 w=3.2478378182e+36 Shat=2.0000000000e+00 Lhat=0.0000000000e+00
KNUTH_SUBTREE root=5953 depth=28 w=1.3082319051e+38 Shat=3.0000000000e+00 Lhat=0.0000000000e+00
KNUTH_SUBTREE root=5954 depth=28 w=2.2896699962e+39 Shat=3.6305000000e+01 Lhat=0.0000000000e+00
KNUTH_SUBTREE root=5955 depth=28 w=0 Shat=0 Lhat=0 dead=1
KNUTH_SUBTREE root=5956 depth=28 w=1.8706108126e+38 Shat=3.0000000000e+00 Lhat=0.0000000000e+00
KNUTH_SUBTREE root=5957 depth=28 w=2.0187506147e+39 Shat=5.5551000000e+01 Lhat=0.0000000000e+00
KNUTH_SUBTREE root=5958 depth=28 w=3.3389354603e+37 Shat=7.0000000000e+00 Lhat=0.0000000000e+00
KNUTH_SUBTREE root=5959 depth=28 w=4.0338538386e+37 Shat=3.0000000000e+00 Lhat=0.0000000000e+00
KNUTH_SUBTREE root=5960 depth=28 w=6.7402676461e+37 Shat=5.0000000000e+00 Lhat=0.0000000000e+00
KNUTH_SUBTREE root=5961 depth=28 w=1.0579432563e+39 Shat=5.0000000000e+00 Lhat=0.0000000000e+00
KNUTH_SUBTREE root=5962 depth=28 w=1.7758067689e+37 Shat=4.0000000000e+00 Lhat=0.0000000000e+00
KNUTH_SUBTREE root=5963 depth=28 w=2.0225957177e+38 Shat=2.0812000000e+01 Lhat=0.0000000000e+00
KNUTH_SUBTREE root=5964 depth=28 w=2.9223312409e+38 Shat=8.0000000000e+00 Lhat=0.0000000000e+00
KNUTH_SUBTREE root=5965 depth=28 w=2.3053435893e+37 Shat=4.0000000000e+00 Lhat=0.0000000000e+00
KNUTH_SUBTREE root=5966 depth=28 w=2.2528749229e+38 Shat=2.0000000000e+00 Lhat=0.0000000000e+00
KNUTH_SUBTREE root=5967 depth=28 w=1.8291467000e+38 Shat=5.7832000000e+01 Lhat=0.0000000000e+00
KNUTH_SUBTREE root=5968 depth=28 w=1.1637136676e+38 Shat=3.0000000000e+00 Lhat=0.0000000000e+00
KNUTH_SUBTREE root=5969 depth=28 w=2.4787481621e+37 Shat=1.0000000000e+00 Lhat=0.0000000000e+00
KNUTH_SUBTREE root=5970 depth=28 w=1.8642084235e+39 Shat=3.0092000000e+01 Lhat=0.0000000000e+00
KNUTH_SUBTREE root=5971 depth=28 w=2.3689346935e+39 Shat=4.8026000000e+01 Lhat=0.0000000000e+00
KNUTH_SUBTREE root=5972 depth=28 w=2.5023263620e+39 Shat=1.0000000000e+01 Lhat=0.0000000000e+00
KNUTH_SUBTREE root=5973 depth=28 w=2.5496110199e+38 Shat=3.0000000000e+00 Lhat=0.0000000000e+00
KNUTH_SUBTREE root=5974 depth=28 w=9.3586246335e+38 Shat=1.7016000000e+01 Lhat=0.0000000000e+00
KNUTH_SUBTREE root=5975 depth=28 w=2.4579585929e+39 Shat=4.2426000000e+01 Lhat=0.0000000000e+00
KNUTH_SUBTREE root=5976 depth=28 w=2.9826805965e+38 Shat=1.0000000000e+00 Lhat=0.0000000000e+00
KNUTH_SUBTREE root=5977 depth=28 w=9.8906843011e+38 Shat=2.1930000000e+01 Lhat=0.0000000000e+00
KNUTH_SUBTREE root=5978 depth=28 w=3.0494230682e+38 Shat=1.0000000000e+00 Lhat=0.0000000000e+00
KNUTH_SUBTREE root=5979 depth=28 w=0 Shat=0 Lhat=0 dead=1
KNUTH_SUBTREE root=5980 depth=28 w=3.0385019957e+38 Shat=6.7384000000e+01 Lhat=0.0000000000e+00
KNUTH_SUBTREE root=5981 depth=28 w=8.9289551669e+38 Shat=3.0000000000e+00 Lhat=0.0000000000e+00
KNUTH_SUBTREE root=5982 depth=28 w=5.5166711994e+38 Shat=1.3994400000e+02 Lhat=0.0000000000e+00
KNUTH_SUBTREE root=5983 depth=28 w=1.8665721623e+38 Shat=1.6864000000e+01 Lhat=0.0000000000e+00
KNUTH_SUBTREE root=5984 depth=28 w=1.7430802843e+39 Shat=1.0000000000e+00 Lhat=0.0000000000e+00
KNUTH_SUBTREE root=5985 depth=28 w=8.7454532678e+38 Shat=1.0000000000e+00 Lhat=0.0000000000e+00
KNUTH_SUBTREE root=5986 depth=28 w=2.7534209655e+37 Shat=3.1144800000e+02 Lhat=0.0000000000e+00
KNUTH_SUBTREE root=5987 depth=28 w=1.9430899249e+39 Shat=3.3790000000e+01 Lhat=0.0000000000e+00
KNUTH_SUBTREE root=5988 depth=28 w=3.4066444274e+39 Shat=7.0000000000e+00 Lhat=0.0000000000e+00
KNUTH_SUBTREE root=5989 depth=28 w=8.5960572582e+37 Shat=2.0000000000e+00 Lhat=0.0000000000e+00
KNUTH_SUBTREE root=5990 depth=28 w=1.3939116899e+37 Shat=1.0000000000e+00 Lhat=0.0000000000e+00
KNUTH_SUBTREE root=5991 depth=28 w=7.9705463248e+38 Shat=4.3364000000e+01 Lhat=0.0000000000e+00
KNUTH_SUBTREE root=5992 depth=28 w=3.5187942589e+38 Shat=3.0000000000e+00 Lhat=0.0000000000e+00
KNUTH_SUBTREE root=5993 depth=28 w=2.3711955001e+38 Shat=1.3000000000e+01 Lhat=0.0000000000e+00
KNUTH_SUBTREE root=5994 depth=28 w=1.4719901097e+39 Shat=1.8010000000e+01 Lhat=0.0000000000e+00
KNUTH_SUBTREE root=5995 depth=28 w=1.1660282851e+39 Shat=7.7848000000e+01 Lhat=0.0000000000e+00
KNUTH_SUBTREE root=5996 depth=28 w=9.3020300993e+38 Shat=1.8412000000e+01 Lhat=0.0000000000e+00
KNUTH_SUBTREE root=5997 depth=28 w=1.0043419180e+38 Shat=3.0000000000e+00 Lhat=0.0000000000e+00
KNUTH_SUBTREE root=5998 depth=28 w=2.8247688121e+38 Shat=3.0000000000e+00 Lhat=0.0000000000e+00
KNUTH_SUBTREE root=5999 depth=28 w=1.0395261996e+39 Shat=9.0480000000e+01 Lhat=0.0000000000e+00
KNUTH_SUBTREE root=6000 depth=28 w=2.6739269402e+39 Shat=2.2942000000e+01 Lhat=0.0000000000e+00
KNUTH_SUBTREE root=6001 depth=28 w=2.5110278365e+39 Shat=1.1688800000e+02 Lhat=0.0000000000e+00
KNUTH_SUBTREE root=6002 depth=28 w=1.7005507896e+38 Shat=5.0472000000e+01 Lhat=0.0000000000e+00
KNUTH_SUBTREE root=6003 depth=28 w=5.8591281571e+38 Shat=4.2160000000e+01 Lhat=0.0000000000e+00
KNUTH_SUBTREE root=6004 depth=28 w=2.8902627447e+39 Shat=2.4786000000e+01 Lhat=0.0000000000e+00
KNUTH_SUBTREE root=6005 depth=28 w=3.2883894918e+38 Shat=2.1800000000e+01 Lhat=0.0000000000e+00
KNUTH_SUBTREE root=6006 depth=28 w=3.7098845908e+38 Shat=1.3000000000e+01 Lhat=0.0000000000e+00
KNUTH_SUBTREE root=6007 depth=28 w=7.3072955894e+38 Shat=5.0000000000e+00 Lhat=0.0000000000e+00
KNUTH_SUBTREE root=6008 depth=28 w=3.5420022344e+39 Shat=3.9940000000e+01 Lhat=0.0000000000e+00
KNUTH_SUBTREE root=6009 depth=28 w=1.7741918455e+39 Shat=9.1440000000e+01 Lhat=0.0000000000e+00
KNUTH_SUBTREE root=6010 depth=28 w=5.0896750646e+38 Shat=4.2334000000e+01 Lhat=0.0000000000e+00
KNUTH_SUBTREE root=6011 depth=28 w=0 Shat=0 Lhat=0 dead=1
KNUTH_SUBTREE root=6012 depth=28 w=1.6668765211e+39 Shat=2.9050000000e+01 Lhat=0.0000000000e+00
KNUTH_SUBTREE root=6013 depth=28 w=4.1646348654e+38 Shat=2.9000000000e+01 Lhat=0.0000000000e+00
KNUTH_SUBTREE root=6014 depth=28 w=1.0125299417e+38 Shat=1.0000000000e+00 Lhat=0.0000000000e+00
KNUTH_SUBTREE root=6015 depth=28 w=8.3277563666e+38 Shat=7.7928000000e+01 Lhat=8.7680000000e+00
KNUTH_SUBTREE root=6016 depth=28 w=6.7596264502e+36 Shat=4.0000000000e+00 Lhat=0.0000000000e+00
KNUTH_SUBTREE root=6017 depth=28 w=7.2606086493e+38 Shat=4.0000000000e+00 Lhat=0.0000000000e+00
KNUTH_SUBTREE root=6018 depth=28 w=9.7252552256e+38 Shat=4.2898000000e+01 Lhat=0.0000000000e+00
KNUTH_SUBTREE root=6019 depth=28 w=8.2788099296e+38 Shat=2.9995000000e+01 Lhat=0.0000000000e+00
KNUTH_SUBTREE root=6020 depth=28 w=6.2879761197e+38 Shat=1.2965000000e+01 Lhat=0.0000000000e+00
KNUTH_SUBTREE root=6021 depth=28 w=2.3433159919e+36 Shat=1.0000000000e+00 Lhat=0.0000000000e+00
KNUTH_SUBTREE root=6022 depth=28 w=1.7398960407e+38 Shat=1.8940000000e+01 Lhat=0.0000000000e+00
KNUTH_SUBTREE root=6023 depth=28 w=3.5279569562e+38 Shat=3.1820000000e+01 Lhat=0.0000000000e+00
KNUTH_SUBTREE root=6024 depth=28 w=4.8565970681e+38 Shat=2.4872000000e+01 Lhat=0.0000000000e+00
KNUTH_SUBTREE root=6025 depth=28 w=2.0722927302e+38 Shat=2.7008000000e+01 Lhat=0.0000000000e+00
KNUTH_SUBTREE root=6026 depth=28 w=1.3110470125e+38 Shat=1.0000000000e+00 Lhat=0.0000000000e+00
KNUTH_SUBTREE root=6027 depth=28 w=8.9749599506e+37 Shat=2.0000000000e+00 Lhat=0.0000000000e+00
KNUTH_SUBTREE root=6028 depth=28 w=2.9219442646e+37 Shat=3.0000000000e+00 Lhat=0.0000000000e+00
KNUTH_SUBTREE root=6029 depth=28 w=3.2768398007e+39 Shat=5.5432000000e+01 Lhat=0.0000000000e+00
KNUTH_SUBTREE root=6030 depth=28 w=3.1887894662e+38 Shat=1.4914000000e+01 Lhat=0.0000000000e+00
KNUTH_SUBTREE root=6031 depth=28 w=2.5038447029e+39 Shat=4.0000000000e+00 Lhat=0.0000000000e+00
KNUTH_SUBTREE root=6032 depth=28 w=2.5504201439e+39 Shat=1.8900000000e+01 Lhat=0.0000000000e+00
KNUTH_SUBTREE root=6033 depth=28 w=1.1611827524e+39 Shat=4.0000000000e+00 Lhat=0.0000000000e+00
KNUTH_SUBTREE root=6034 depth=28 w=2.2285473057e+39 Shat=3.2696000000e+01 Lhat=0.0000000000e+00
KNUTH_SUBTREE root=6035 depth=28 w=4.3437001009e+37 Shat=1.3000000000e+01 Lhat=0.0000000000e+00
KNUTH_SUBTREE root=6036 depth=28 w=6.1609067807e+37 Shat=3.0000000000e+00 Lhat=0.0000000000e+00
KNUTH_SUBTREE root=6037 depth=28 w=1.9521045894e+39 Shat=1.1753600000e+02 Lhat=0.0000000000e+00
KNUTH_SUBTREE root=6038 depth=28 w=1.1355767646e+39 Shat=8.9400000000e+01 Lhat=0.0000000000e+00
KNUTH_SUBTREE root=6039 depth=28 w=9.1401505016e+38 Shat=4.0000000000e+00 Lhat=0.0000000000e+00
KNUTH_SUBTREE root=6040 depth=28 w=3.9316483928e+38 Shat=4.6143000000e+01 Lhat=0.0000000000e+00
KNUTH_SUBTREE root=6041 depth=28 w=5.5968227768e+37 Shat=1.0000000000e+01 Lhat=0.0000000000e+00
KNUTH_SUBTREE root=6042 depth=28 w=9.1515891620e+36 Shat=3.0000000000e+00 Lhat=0.0000000000e+00
KNUTH_SUBTREE root=6043 depth=28 w=3.8082601625e+38 Shat=6.5560000000e+01 Lhat=0.0000000000e+00
KNUTH_SUBTREE root=6044 depth=28 w=7.5186081567e+37 Shat=1.0000000000e+00 Lhat=0.0000000000e+00
KNUTH_SUBTREE root=6045 depth=28 w=9.7006299385e+38 Shat=3.7208000000e+01 Lhat=0.0000000000e+00
KNUTH_SUBTREE root=6046 depth=28 w=4.1039748567e+38 Shat=5.0080000000e+00 Lhat=0.0000000000e+00
KNUTH_SUBTREE root=6047 depth=28 w=1.4373781935e+38 Shat=4.0000000000e+00 Lhat=0.0000000000e+00
KNUTH_SUBTREE root=6048 depth=28 w=3.0940082651e+38 Shat=5.0760000000e+00 Lhat=0.0000000000e+00
KNUTH_SUBTREE root=6049 depth=28 w=2.8219116522e+39 Shat=3.0000000000e+00 Lhat=0.0000000000e+00
KNUTH_SUBTREE root=6050 depth=28 w=5.0313449718e+38 Shat=2.1400000000e+01 Lhat=0.0000000000e+00
KNUTH_SUBTREE root=6051 depth=28 w=4.1513721090e+38 Shat=2.0000000000e+00 Lhat=0.0000000000e+00
KNUTH_SUBTREE root=6052 depth=28 w=3.2546989553e+39 Shat=4.1330000000e+01 Lhat=0.0000000000e+00
KNUTH_SUBTREE root=6053 depth=28 w=8.5837076209e+37 Shat=3.0000000000e+00 Lhat=0.0000000000e+00
KNUTH_SUBTREE root=6054 depth=28 w=0 Shat=0 Lhat=0 dead=1
KNUTH_SUBTREE root=6055 depth=28 w=6.5986150482e+37 Shat=3.0000000000e+00 Lhat=0.0000000000e+00
KNUTH_SUBTREE root=6056 depth=28 w=1.1680808769e+38 Shat=2.0000000000e+00 Lhat=0.0000000000e+00
KNUTH_SUBTREE root=6057 depth=28 w=5.7878126079e+38 Shat=3.0000000000e+00 Lhat=0.0000000000e+00
KNUTH_SUBTREE root=6058 depth=28 w=2.0709998038e+37 Shat=1.0000000000e+00 Lhat=0.0000000000e+00
KNUTH_SUBTREE root=6059 depth=28 w=2.3322692624e+38 Shat=4.0936000000e+01 Lhat=0.0000000000e+00
KNUTH_SUBTREE root=6060 depth=28 w=5.8971050527e+37 Shat=1.0000000000e+00 Lhat=0.0000000000e+00
KNUTH_SUBTREE root=6061 depth=28 w=1.2701909977e+39 Shat=1.0920500000e+02 Lhat=0.0000000000e+00
KNUTH_SUBTREE root=6062 depth=28 w=7.9475816957e+38 Shat=2.1292000000e+01 Lhat=0.0000000000e+00
KNUTH_SUBTREE root=6063 depth=28 w=1.0751870407e+39 Shat=9.5128000000e+01 Lhat=0.0000000000e+00
KNUTH_SUBTREE root=6064 depth=28 w=6.7317287927e+37 Shat=4.6450000000e+01 Lhat=0.0000000000e+00
KNUTH_SUBTREE root=6065 depth=28 w=1.9250793171e+39 Shat=1.0000000000e+01 Lhat=0.0000000000e+00
KNUTH_SUBTREE root=6066 depth=28 w=3.5424776062e+37 Shat=1.0000000000e+00 Lhat=0.0000000000e+00
KNUTH_SUBTREE root=6067 depth=28 w=9.1422448910e+37 Shat=8.9680000000e+00 Lhat=0.0000000000e+00
KNUTH_SUBTREE root=6068 depth=28 w=1.7831063010e+39 Shat=3.4264000000e+01 Lhat=0.0000000000e+00
KNUTH_SUBTREE root=6069 depth=28 w=1.3160837792e+39 Shat=4.0776000000e+01 Lhat=0.0000000000e+00
KNUTH_SUBTREE root=6070 depth=28 w=2.0150706464e+39 Shat=2.5894000000e+01 Lhat=0.0000000000e+00
KNUTH_SUBTREE root=6071 depth=28 w=5.3703251721e+38 Shat=3.0000000000e+00 Lhat=0.0000000000e+00
KNUTH_SUBTREE root=6072 depth=28 w=0 Shat=0 Lhat=0 dead=1
KNUTH_SUBTREE root=6073 depth=28 w=3.8877138300e+37 Shat=3.0000000000e+00 Lhat=0.0000000000e+00
KNUTH_SUBTREE root=6074 depth=28 w=2.8528897800e+39 Shat=7.0656000000e+01 Lhat=0.0000000000e+00
KNUTH_SUBTREE root=6075 depth=28 w=4.8726918370e+38 Shat=5.0000000000e+00 Lhat=0.0000000000e+00
KNUTH_SUBTREE root=6076 depth=28 w=1.8622321987e+38 Shat=3.0000000000e+00 Lhat=0.0000000000e+00
KNUTH_SUBTREE root=6077 depth=28 w=3.1452552444e+38 Shat=1.2866600000e+02 Lhat=0.0000000000e+00
KNUTH_SUBTREE root=6078 depth=28 w=9.3346957754e+38 Shat=5.0000000000e+00 Lhat=0.0000000000e+00
KNUTH_SUBTREE root=6079 depth=28 w=4.4727846714e+38 Shat=3.0000000000e+00 Lhat=0.0000000000e+00
KNUTH_SUBTREE root=6080 depth=28 w=1.7436041258e+37 Shat=1.0000000000e+00 Lhat=0.0000000000e+00
KNUTH_SUBTREE root=6081 depth=28 w=2.3028428857e+37 Shat=5.0000000000e+00 Lhat=0.0000000000e+00
KNUTH_SUBTREE root=6082 depth=28 w=4.0734532101e+38 Shat=3.0000000000e+00 Lhat=0.0000000000e+00
KNUTH_SUBTREE root=6083 depth=28 w=4.2897258624e+36 Shat=1.0000000000e+00 Lhat=0.0000000000e+00
KNUTH_SUBTREE root=6084 depth=28 w=2.2947617185e+39 Shat=1.0000000000e+00 Lhat=0.0000000000e+00
KNUTH_SUBTREE root=6085 depth=28 w=3.0267278319e+38 Shat=3.6860000000e+01 Lhat=0.0000000000e+00
KNUTH_SUBTREE root=6086 depth=28 w=4.8195158258e+38 Shat=6.6140000000e+01 Lhat=0.0000000000e+00
KNUTH_SUBTREE root=6087 depth=28 w=6.1948885401e+38 Shat=5.0000000000e+00 Lhat=0.0000000000e+00
KNUTH_SUBTREE root=6088 depth=28 w=2.0965745346e+38 Shat=1.0080000000e+01 Lhat=0.0000000000e+00
KNUTH_SUBTREE root=6089 depth=28 w=6.6164564821e+37 Shat=4.0000000000e+00 Lhat=0.0000000000e+00
KNUTH_SUBTREE root=6090 depth=28 w=1.6248539627e+39 Shat=6.5288000000e+01 Lhat=0.0000000000e+00
KNUTH_SUBTREE root=6091 depth=28 w=1.0186833387e+39 Shat=1.1396600000e+02 Lhat=0.0000000000e+00
KNUTH_SUBTREE root=6092 depth=28 w=5.0409970905e+38 Shat=4.0000000000e+00 Lhat=0.0000000000e+00
KNUTH_SUBTREE root=6093 depth=28 w=1.4805881378e+38 Shat=3.0000000000e+00 Lhat=0.0000000000e+00
KNUTH_SUBTREE root=6094 depth=28 w=2.9359609931e+38 Shat=7.5274000000e+01 Lhat=0.0000000000e+00
KNUTH_SUBTREE root=6095 depth=28 w=7.7742905589e+38 Shat=4.9906000000e+01 Lhat=3.9840000000e+00
KNUTH_SUBTREE root=6096 depth=28 w=4.7846121204e+38 Shat=2.0180000000e+01 Lhat=0.0000000000e+00
KNUTH_SUBTREE root=6097 depth=28 w=0 Shat=0 Lhat=0 dead=1
KNUTH_SUBTREE root=6098 depth=28 w=2.3816533043e+38 Shat=2.0000000000e+00 Lhat=0.0000000000e+00
KNUTH_SUBTREE root=6099 depth=28 w=2.6900711314e+39 Shat=1.6856000000e+01 Lhat=0.0000000000e+00
KNUTH_SUBTREE root=6100 depth=28 w=5.7349959998e+38 Shat=2.0000000000e+00 Lhat=0.0000000000e+00
KNUTH_SUBTREE root=6101 depth=28 w=1.7731749742e+37 Shat=1.0000000000e+00 Lhat=0.0000000000e+00
KNUTH_SUBTREE root=6102 depth=28 w=2.0434316272e+38 Shat=5.0000000000e+00 Lhat=0.0000000000e+00
KNUTH_SUBTREE root=6103 depth=28 w=6.1509382483e+37 Shat=6.0460000000e+00 Lhat=0.0000000000e+00
KNUTH_SUBTREE root=6104 depth=28 w=2.3197818950e+39 Shat=6.1123000000e+01 Lhat=0.0000000000e+00
KNUTH_SUBTREE root=6105 depth=28 w=5.2420073044e+37 Shat=9.0040000000e+00 Lhat=0.0000000000e+00
KNUTH_SUBTREE root=6106 depth=28 w=6.4581707903e+37 Shat=1.0000000000e+00 Lhat=0.0000000000e+00
KNUTH_SUBTREE root=6107 depth=28 w=4.0359369786e+37 Shat=1.0000000000e+00 Lhat=0.0000000000e+00
KNUTH_SUBTREE root=6108 depth=28 w=2.5340655818e+38 Shat=1.0000000000e+00 Lhat=0.0000000000e+00
KNUTH_SUBTREE root=6109 depth=28 w=7.4181627877e+38 Shat=9.0000000000e+00 Lhat=0.0000000000e+00
KNUTH_SUBTREE root=6110 depth=28 w=2.9638664618e+38 Shat=3.0169000000e+01 Lhat=0.0000000000e+00
KNUTH_SUBTREE root=6111 depth=28 w=4.5714946945e+37 Shat=3.0000000000e+00 Lhat=0.0000000000e+00
KNUTH_SUBTREE root=6112 depth=28 w=3.9783153514e+37 Shat=3.0000000000e+00 Lhat=0.0000000000e+00
KNUTH_SUBTREE root=6113 depth=28 w=1.1301353368e+39 Shat=2.1020000000e+01 Lhat=0.0000000000e+00
KNUTH_SUBTREE root=6114 depth=28 w=4.8931636578e+38 Shat=1.1120000000e+01 Lhat=0.0000000000e+00
KNUTH_SUBTREE root=6115 depth=28 w=4.8880076466e+38 Shat=4.4708000000e+01 Lhat=0.0000000000e+00
KNUTH_SUBTREE root=6116 depth=28 w=2.0506607563e+38 Shat=5.2093000000e+01 Lhat=0.0000000000e+00
KNUTH_SUBTREE root=6117 depth=28 w=3.4021734042e+38 Shat=3.0000000000e+00 Lhat=0.0000000000e+00
KNUTH_SUBTREE root=6118 depth=28 w=1.8531971133e+38 Shat=5.8148000000e+01 Lhat=0.0000000000e+00
KNUTH_SUBTREE root=6119 depth=28 w=2.6116119995e+39 Shat=1.5238000000e+01 Lhat=0.0000000000e+00
KNUTH_SUBTREE root=6120 depth=28 w=4.1276454617e+38 Shat=6.4112000000e+01 Lhat=0.0000000000e+00
KNUTH_SUBTREE root=6121 depth=28 w=1.3552060390e+37 Shat=1.3000000000e+01 Lhat=0.0000000000e+00
KNUTH_SUBTREE root=6122 depth=28 w=0 Shat=0 Lhat=0 dead=1
KNUTH_SUBTREE root=6123 depth=28 w=2.4626963123e+35 Shat=1.0000000000e+00 Lhat=0.0000000000e+00
KNUTH_SUBTREE root=6124 depth=28 w=1.3177463441e+38 Shat=7.0000000000e+00 Lhat=0.0000000000e+00
KNUTH_SUBTREE root=6125 depth=28 w=0 Shat=0 Lhat=0 dead=1
KNUTH_SUBTREE root=6126 depth=28 w=0 Shat=0 Lhat=0 dead=1
KNUTH_SUBTREE root=6127 depth=28 w=2.7187852125e+38 Shat=2.1212000000e+01 Lhat=0.0000000000e+00
KNUTH_SUBTREE root=6128 depth=28 w=2.0492450063e+39 Shat=2.0000000000e+00 Lhat=0.0000000000e+00
KNUTH_SUBTREE root=6129 depth=28 w=8.9959715625e+38 Shat=9.0240000000e+00 Lhat=0.0000000000e+00
KNUTH_SUBTREE root=6130 depth=28 w=4.1642921320e+36 Shat=1.0000000000e+00 Lhat=0.0000000000e+00
KNUTH_SUBTREE root=6131 depth=28 w=6.5196980338e+38 Shat=1.5973000000e+01 Lhat=0.0000000000e+00
KNUTH_SUBTREE root=6132 depth=28 w=2.2088341439e+38 Shat=3.0000000000e+00 Lhat=0.0000000000e+00
KNUTH_SUBTREE root=6133 depth=28 w=5.8559490394e+38 Shat=2.1104000000e+01 Lhat=0.0000000000e+00
KNUTH_SUBTREE root=6134 depth=28 w=7.3868995023e+38 Shat=4.4192000000e+01 Lhat=0.0000000000e+00
KNUTH_SUBTREE root=6135 depth=28 w=5.8694718895e+38 Shat=1.0928000000e+01 Lhat=0.0000000000e+00
KNUTH_SUBTREE root=6136 depth=28 w=2.1450331158e+38 Shat=1.4016000000e+01 Lhat=0.0000000000e+00
KNUTH_SUBTREE root=6137 depth=28 w=3.1878045687e+39 Shat=6.6670000000e+01 Lhat=0.0000000000e+00
KNUTH_SUBTREE root=6138 depth=28 w=4.8961678166e+38 Shat=1.0000000000e+01 Lhat=0.0000000000e+00
KNUTH_SUBTREE root=6139 depth=28 w=3.5619993315e+38 Shat=1.0000000000e+01 Lhat=0.0000000000e+00
KNUTH_SUBTREE root=6140 depth=28 w=6.2185350960e+38 Shat=1.0000000000e+00 Lhat=0.0000000000e+00
KNUTH_SUBTREE root=6141 depth=28 w=4.7192580930e+36 Shat=1.3000000000e+01 Lhat=0.0000000000e+00
KNUTH_SUBTREE root=6142 depth=28 w=6.8762613812e+37 Shat=5.0000000000e+00 Lhat=0.0000000000e+00
KNUTH_SUBTREE root=6143 depth=28 w=2.2982155444e+38 Shat=1.0000000000e+00 Lhat=0.0000000000e+00
KNUTH_SUBTREE root=6144 depth=28 w=1.2464264340e+39 Shat=7.0000000000e+00 Lhat=0.0000000000e+00
KNUTH_SUBTREE root=6145 depth=28 w=1.5577951098e+37 Shat=3.0000000000e+00 Lhat=0.0000000000e+00
KNUTH_SUBTREE root=6146 depth=28 w=2.8217719472e+39 Shat=1.1237600000e+02 Lhat=0.0000000000e+00
KNUTH_SUBTREE root=6147 depth=28 w=1.1517297663e+39 Shat=1.4008000000e+01 Lhat=0.0000000000e+00
KNUTH_SUBTREE root=6148 depth=28 w=1.2253171753e+39 Shat=2.0000000000e+00 Lhat=0.0000000000e+00
KNUTH_SUBTREE root=6149 depth=28 w=4.6768884472e+38 Shat=4.0000000000e+00 Lhat=0.0000000000e+00
KNUTH_SUBTREE root=6150 depth=28 w=1.1963577385e+39 Shat=2.6848000000e+01 Lhat=0.0000000000e+00
KNUTH_SUBTREE root=6151 depth=28 w=0 Shat=0 Lhat=0 dead=1
KNUTH_SUBTREE root=6152 depth=28 w=3.6044683044e+38 Shat=5.0000000000e+00 Lhat=0.0000000000e+00
KNUTH_SUBTREE root=6153 depth=28 w=2.4415059963e+38 Shat=5.6296000000e+01 Lhat=0.0000000000e+00
KNUTH_SUBTREE root=6154 depth=28 w=4.2665529388e+38 Shat=1.0000000000e+00 Lhat=0.0000000000e+00
KNUTH_SUBTREE root=6155 depth=28 w=7.8643159499e+37 Shat=9.8350000000e+00 Lhat=0.0000000000e+00
KNUTH_SUBTREE root=6156 depth=28 w=2.2222957219e+39 Shat=9.0000000000e+00 Lhat=0.0000000000e+00
KNUTH_SUBTREE root=6157 depth=28 w=1.6489128304e+38 Shat=1.0229200000e+02 Lhat=0.0000000000e+00
KNUTH_SUBTREE root=6158 depth=28 w=2.8394479410e+38 Shat=1.0000000000e+00 Lhat=0.0000000000e+00
KNUTH_SUBTREE root=6159 depth=28 w=2.2533964894e+38 Shat=5.4920000000e+01 Lhat=0.0000000000e+00
KNUTH_SUBTREE root=6160 depth=28 w=4.1909751622e+37 Shat=3.0000000000e+00 Lhat=0.0000000000e+00
KNUTH_SUBTREE root=6161 depth=28 w=1.8711856601e+39 Shat=1.0000000000e+00 Lhat=0.0000000000e+00
KNUTH_SUBTREE root=6162 depth=28 w=0 Shat=0 Lhat=0 dead=1
KNUTH_SUBTREE root=6163 depth=28 w=2.7230143153e+39 Shat=3.9120000000e+01 Lhat=0.0000000000e+00
KNUTH_SUBTREE root=6164 depth=28 w=2.1541196178e+38 Shat=1.8880000000e+01 Lhat=0.0000000000e+00
KNUTH_SUBTREE root=6165 depth=28 w=8.3315848839e+38 Shat=1.9092000000e+01 Lhat=0.0000000000e+00
KNUTH_SUBTREE root=6166 depth=28 w=2.3601765147e+38 Shat=3.0000000000e+00 Lhat=0.0000000000e+00
KNUTH_SUBTREE root=6167 depth=28 w=1.5693341248e+36 Shat=1.0000000000e+00 Lhat=0.0000000000e+00
KNUTH_SUBTREE root=6168 depth=28 w=4.8950664712e+37 Shat=1.0000000000e+00 Lhat=0.0000000000e+00
KNUTH_SUBTREE root=6169 depth=28 w=6.4331313489e+38 Shat=1.3000000000e+01 Lhat=0.0000000000e+00
KNUTH_SUBTREE root=6170 depth=28 w=2.2288811259e+39 Shat=4.0000000000e+00 Lhat=0.0000000000e+00
KNUTH_SUBTREE root=6171 depth=28 w=2.6733273089e+37 Shat=1.0000000000e+00 Lhat=0.0000000000e+00
KNUTH_SUBTREE root=6172 depth=28 w=1.6221206559e+38 Shat=9.6193000000e+01 Lhat=0.0000000000e+00
KNUTH_SUBTREE root=6173 depth=28 w=2.0208526524e+37 Shat=3.0000000000e+00 Lhat=0.0000000000e+00
KNUTH_SUBTREE root=6174 depth=28 w=1.0344907895e+38 Shat=3.0000000000e+00 Lhat=0.0000000000e+00
KNUTH_SUBTREE root=6175 depth=28 w=0 Shat=0 Lhat=0 dead=1
KNUTH_SUBTREE root=6176 depth=28 w=2.8438977325e+38 Shat=5.2018000000e+01 Lhat=0.0000000000e+00
KNUTH_SUBTREE root=6177 depth=28 w=2.3745942650e+39 Shat=5.8096000000e+01 Lhat=0.0000000000e+00
KNUTH_SUBTREE root=6178 depth=28 w=8.1077098498e+38 Shat=8.0611000000e+01 Lhat=0.0000000000e+00
KNUTH_SUBTREE root=6179 depth=28 w=9.7213118320e+37 Shat=1.3000000000e+01 Lhat=0.0000000000e+00
KNUTH_SUBTREE root=6180 depth=28 w=3.4308249194e+38 Shat=5.0000000000e+00 Lhat=0.0000000000e+00
KNUTH_SUBTREE root=6181 depth=28 w=5.4075176238e+38 Shat=1.2868000000e+01 Lhat=0.0000000000e+00
KNUTH_SUBTREE root=6182 depth=28 w=1.5968601106e+39 Shat=7.7758000000e+01 Lhat=0.0000000000e+00
KNUTH_SUBTREE root=6183 depth=28 w=1.8029211123e+38 Shat=1.0000000000e+00 Lhat=0.0000000000e+00
KNUTH_SUBTREE root=6184 depth=28 w=1.8704791033e+38 Shat=7.9816000000e+01 Lhat=0.0000000000e+00
KNUTH_SUBTREE root=6185 depth=28 w=2.6907130501e+38 Shat=2.7859000000e+01 Lhat=0.0000000000e+00
KNUTH_SUBTREE root=6186 depth=28 w=2.3248632832e+39 Shat=8.0650000000e+00 Lhat=0.0000000000e+00
KNUTH_SUBTREE root=6187 depth=28 w=0 Shat=0 Lhat=0 dead=1
KNUTH_SUBTREE root=6188 depth=28 w=1.9264031646e+38 Shat=1.5088000000e+01 Lhat=0.0000000000e+00
KNUTH_SUBTREE root=6189 depth=28 w=1.3843018207e+38 Shat=1.1080000000e+01 Lhat=0.0000000000e+00
KNUTH_SUBTREE root=6190 depth=28 w=0 Shat=0 Lhat=0 dead=1
KNUTH_SUBTREE root=6191 depth=28 w=5.2784434084e+37 Shat=1.0000000000e+00 Lhat=0.0000000000e+00
KNUTH_SUBTREE root=6192 depth=28 w=5.6031934796e+38 Shat=1.8976000000e+01 Lhat=0.0000000000e+00
KNUTH_SUBTREE root=6193 depth=28 w=1.8506841463e+38 Shat=3.4970000000e+01 Lhat=0.0000000000e+00
KNUTH_SUBTREE root=6194 depth=28 w=5.2367975013e+38 Shat=1.0000000000e+00 Lhat=0.0000000000e+00
KNUTH_SUBTREE root=6195 depth=28 w=9.6879343737e+38 Shat=1.0028000000e+01 Lhat=0.0000000000e+00
KNUTH_SUBTREE root=6196 depth=28 w=1.1515438685e+39 Shat=8.9880000000e+00 Lhat=0.0000000000e+00
KNUTH_SUBTREE root=6197 depth=28 w=4.8720520668e+37 Shat=1.0000000000e+00 Lhat=0.0000000000e+00
KNUTH_SUBTREE root=6198 depth=28 w=5.3481987431e+38 Shat=1.0078000000e+01 Lhat=0.0000000000e+00
KNUTH_SUBTREE root=6199 depth=28 w=5.2004367451e+36 Shat=1.0000000000e+00 Lhat=0.0000000000e+00
KNUTH_SUBTREE root=6200 depth=28 w=1.2418795129e+38 Shat=7.0000000000e+00 Lhat=0.0000000000e+00
KNUTH_SUBTREE root=6201 depth=28 w=9.7136871277e+38 Shat=7.1392000000e+01 Lhat=0.0000000000e+00
KNUTH_SUBTREE root=6202 depth=28 w=3.2894199630e+39 Shat=3.0000000000e+00 Lhat=0.0000000000e+00
KNUTH_SUBTREE root=6203 depth=28 w=2.6421018288e+39 Shat=1.3000000000e+01 Lhat=0.0000000000e+00
KNUTH_SUBTREE root=6204 depth=28 w=3.3723226099e+38 Shat=2.0760000000e+01 Lhat=0.0000000000e+00
KNUTH_SUBTREE root=6205 depth=28 w=3.0635344678e+39 Shat=4.1710000000e+01 Lhat=0.0000000000e+00
KNUTH_SUBTREE root=6206 depth=28 w=4.8647883364e+36 Shat=1.0000000000e+00 Lhat=0.0000000000e+00
KNUTH_SUBTREE root=6207 depth=28 w=1.7497161595e+38 Shat=2.1000000000e+01 Lhat=0.0000000000e+00
KNUTH_SUBTREE root=6208 depth=28 w=1.3051651113e+39 Shat=6.9280000000e+00 Lhat=0.0000000000e+00
KNUTH_SUBTREE root=6209 depth=28 w=3.8275158953e+38 Shat=3.0000000000e+00 Lhat=0.0000000000e+00
KNUTH_SUBTREE root=6210 depth=28 w=1.2461391312e+39 Shat=1.2206000000e+02 Lhat=0.0000000000e+00
KNUTH_SUBTREE root=6211 depth=28 w=3.2541875529e+38 Shat=2.0000000000e+00 Lhat=0.0000000000e+00
KNUTH_SUBTREE root=6212 depth=28 w=2.2337151459e+38 Shat=1.5136000000e+01 Lhat=0.0000000000e+00
KNUTH_SUBTREE root=6213 depth=28 w=1.9064459661e+38 Shat=1.0000000000e+00 Lhat=0.0000000000e+00
KNUTH_SUBTREE root=6214 depth=28 w=4.3526916774e+38 Shat=1.7192000000e+01 Lhat=0.0000000000e+00
KNUTH_SUBTREE root=6215 depth=28 w=5.9345031233e+38 Shat=3.7448000000e+01 Lhat=0.0000000000e+00
KNUTH_SUBTREE root=6216 depth=28 w=9.5296847234e+38 Shat=5.1562000000e+01 Lhat=0.0000000000e+00
KNUTH_SUBTREE root=6217 depth=28 w=5.3226155350e+38 Shat=8.5680000000e+00 Lhat=0.0000000000e+00
KNUTH_SUBTREE root=6218 depth=28 w=4.3052765490e+36 Shat=2.0000000000e+00 Lhat=0.0000000000e+00
KNUTH_SUBTREE root=6219 depth=28 w=4.7316758415e+38 Shat=1.2930000000e+01 Lhat=0.0000000000e+00
KNUTH_SUBTREE root=6220 depth=28 w=3.8190632460e+39 Shat=5.0000000000e+00 Lhat=0.0000000000e+00
KNUTH_SUBTREE root=6221 depth=28 w=1.5165779221e+39 Shat=6.1848000000e+01 Lhat=0.0000000000e+00
KNUTH_SUBTREE root=6222 depth=28 w=1.7227440363e+38 Shat=3.0000000000e+00 Lhat=0.0000000000e+00
KNUTH_SUBTREE root=6223 depth=28 w=2.2948352466e+39 Shat=2.1540000000e+01 Lhat=0.0000000000e+00
KNUTH_SUBTREE root=6224 depth=28 w=3.3179293646e+38 Shat=7.0000000000e+00 Lhat=0.0000000000e+00
KNUTH_SUBTREE root=6225 depth=28 w=5.6641250155e+38 Shat=1.0000000000e+00 Lhat=0.0000000000e+00
KNUTH_SUBTREE root=6226 depth=28 w=2.4255687057e+39 Shat=1.1589800000e+02 Lhat=0.0000000000e+00
KNUTH_SUBTREE root=6227 depth=28 w=2.1205013894e+38 Shat=6.2824000000e+01 Lhat=0.0000000000e+00
KNUTH_SUBTREE root=6228 depth=28 w=1.1893735403e+39 Shat=4.9660000000e+01 Lhat=0.0000000000e+00
KNUTH_SUBTREE root=6229 depth=28 w=2.5455632332e+38 Shat=1.9000000000e+01 Lhat=0.0000000000e+00
KNUTH_SUBTREE root=6230 depth=28 w=1.1647615934e+39 Shat=6.0000000000e+00 Lhat=0.0000000000e+00
KNUTH_SUBTREE root=6231 depth=28 w=7.8942625426e+37 Shat=5.0000000000e+00 Lhat=0.0000000000e+00
KNUTH_SUBTREE root=6232 depth=28 w=5.1894056934e+38 Shat=9.5944000000e+01 Lhat=0.0000000000e+00
KNUTH_SUBTREE root=6233 depth=28 w=1.6916365863e+38 Shat=2.2000000000e+01 Lhat=0.0000000000e+00
KNUTH_SUBTREE root=6234 depth=28 w=1.2449138004e+38 Shat=1.0980000000e+01 Lhat=0.0000000000e+00
KNUTH_SUBTREE root=6235 depth=28 w=3.6921576970e+39 Shat=7.9760000000e+00 Lhat=0.0000000000e+00
KNUTH_SUBTREE root=6236 depth=28 w=1.1085507580e+39 Shat=6.9800000000e+00 Lhat=0.0000000000e+00
KNUTH_SUBTREE root=6237 depth=28 w=3.2597122767e+39 Shat=3.9214000000e+01 Lhat=0.0000000000e+00
KNUTH_SUBTREE root=6238 depth=28 w=5.2568908844e+37 Shat=4.0000000000e+00 Lhat=0.0000000000e+00
KNUTH_SUBTREE root=6239 depth=28 w=2.2087521453e+39 Shat=3.6000000000e+01 Lhat=0.0000000000e+00
KNUTH_SUBTREE root=6240 depth=28 w=8.9048952583e+38 Shat=1.3000000000e+01 Lhat=0.0000000000e+00
KNUTH_SUBTREE root=6241 depth=28 w=3.5156078063e+35 Shat=2.0000000000e+00 Lhat=0.0000000000e+00
KNUTH_SUBTREE root=6242 depth=28 w=3.0851760067e+37 Shat=4.0000000000e+00 Lhat=0.0000000000e+00
KNUTH_SUBTREE root=6243 depth=28 w=5.3876998387e+38 Shat=5.4074000000e+01 Lhat=0.0000000000e+00
KNUTH_SUBTREE root=6244 depth=28 w=9.0280512114e+38 Shat=1.8717000000e+01 Lhat=0.0000000000e+00
KNUTH_SUBTREE root=6245 depth=28 w=2.4395985499e+39 Shat=2.0000000000e+00 Lhat=0.0000000000e+00
KNUTH_SUBTREE root=6246 depth=28 w=1.3630657865e+38 Shat=5.3000000000e+01 Lhat=0.0000000000e+00
KNUTH_SUBTREE root=6247 depth=28 w=1.4802928702e+38 Shat=6.5164000000e+01 Lhat=0.0000000000e+00
KNUTH_SUBTREE root=6248 depth=28 w=9.8119575968e+36 Shat=1.0000000000e+00 Lhat=0.0000000000e+00
KNUTH_SUBTREE root=6249 depth=28 w=2.5234192328e+38 Shat=3.0000000000e+00 Lhat=0.0000000000e+00
KNUTH_SUBTREE root=6250 depth=28 w=2.1867443837e+39 Shat=3.1780000000e+01 Lhat=0.0000000000e+00
KNUTH_SUBTREE root=6251 depth=28 w=1.8089079576e+39 Shat=1.4860000000e+01 Lhat=0.0000000000e+00
KNUTH_SUBTREE root=6252 depth=28 w=2.2897777806e+38 Shat=2.0000000000e+00 Lhat=0.0000000000e+00
KNUTH_SUBTREE root=6253 depth=28 w=1.9118148069e+39 Shat=2.7070000000e+01 Lhat=0.0000000000e+00
KNUTH_SUBTREE root=6254 depth=28 w=8.2174091351e+36 Shat=1.0000000000e+00 Lhat=0.0000000000e+00
KNUTH_SUBTREE root=6255 depth=28 w=3.4891586114e+38 Shat=1.5008000000e+01 Lhat=0.0000000000e+00
KNUTH_SUBTREE root=6256 depth=28 w=3.4471552390e+38 Shat=3.0000000000e+00 Lhat=0.0000000000e+00
KNUTH_SUBTREE root=6257 depth=28 w=1.2408665884e+38 Shat=3.0000000000e+00 Lhat=0.0000000000e+00
KNUTH_SUBTREE root=6258 depth=28 w=1.2776022588e+37 Shat=1.0000000000e+00 Lhat=0.0000000000e+00
KNUTH_SUBTREE root=6259 depth=28 w=0 Shat=0 Lhat=0 dead=1
KNUTH_SUBTREE root=6260 depth=28 w=6.4495347667e+38 Shat=4.0000000000e+00 Lhat=0.0000000000e+00
KNUTH_SUBTREE root=6261 depth=28 w=2.2169023151e+37 Shat=3.0000000000e+00 Lhat=0.0000000000e+00
KNUTH_SUBTREE root=6262 depth=28 w=6.7717618101e+38 Shat=2.3800000000e+01 Lhat=0.0000000000e+00
KNUTH_SUBTREE root=6263 depth=28 w=5.3411437396e+37 Shat=1.0000000000e+00 Lhat=0.0000000000e+00
KNUTH_SUBTREE root=6264 depth=28 w=5.4055430877e+38 Shat=5.6674000000e+01 Lhat=0.0000000000e+00
KNUTH_SUBTREE root=6265 depth=28 w=3.7406513870e+38 Shat=5.8966000000e+01 Lhat=0.0000000000e+00
KNUTH_SUBTREE root=6266 depth=28 w=1.1241449424e+39 Shat=1.4056000000e+01 Lhat=0.0000000000e+00
KNUTH_SUBTREE root=6267 depth=28 w=1.4551411894e+39 Shat=3.1192000000e+01 Lhat=0.0000000000e+00
KNUTH_SUBTREE root=6268 depth=28 w=5.4762272377e+38 Shat=5.0000000000e+00 Lhat=0.0000000000e+00
KNUTH_SUBTREE root=6269 depth=28 w=1.0620183262e+37 Shat=3.0000000000e+00 Lhat=0.0000000000e+00
KNUTH_SUBTREE root=6270 depth=28 w=2.3726798071e+39 Shat=4.5086000000e+01 Lhat=0.0000000000e+00
KNUTH_SUBTREE root=6271 depth=28 w=4.6816836186e+38 Shat=1.6648000000e+01 Lhat=0.0000000000e+00
KNUTH_SUBTREE root=6272 depth=28 w=1.0485070630e+36 Shat=2.0000000000e+00 Lhat=0.0000000000e+00
KNUTH_SUBTREE root=6273 depth=28 w=0 Shat=0 Lhat=0 dead=1
KNUTH_SUBTREE root=6274 depth=28 w=7.6976646519e+38 Shat=4.0000000000e+00 Lhat=0.0000000000e+00
KNUTH_SUBTREE root=6275 depth=28 w=1.5337816109e+38 Shat=3.1000000000e+01 Lhat=0.0000000000e+00
KNUTH_SUBTREE root=6276 depth=28 w=3.5995152199e+38 Shat=1.5064000000e+01 Lhat=0.0000000000e+00
KNUTH_SUBTREE root=6277 depth=28 w=1.3672372852e+38 Shat=3.0000000000e+00 Lhat=0.0000000000e+00
KNUTH_SUBTREE root=6278 depth=28 w=6.3146652638e+38 Shat=4.5950000000e+01 Lhat=0.0000000000e+00
KNUTH_SUBTREE root=6279 depth=28 w=9.1693024299e+38 Shat=7.0000000000e+00 Lhat=0.0000000000e+00
KNUTH_SUBTREE root=6280 depth=28 w=8.9666277526e+37 Shat=3.0000000000e+00 Lhat=0.0000000000e+00
KNUTH_SUBTREE root=6281 depth=28 w=3.4103432311e+37 Shat=9.0000000000e+00 Lhat=0.0000000000e+00
KNUTH_SUBTREE root=6282 depth=28 w=4.8460036022e+38 Shat=2.0000000000e+00 Lhat=0.0000000000e+00
KNUTH_SUBTREE root=6283 depth=28 w=9.1960478556e+36 Shat=1.0000000000e+00 Lhat=0.0000000000e+00
KNUTH_SUBTREE root=6284 depth=28 w=3.3345330198e+39 Shat=9.8400000000e+01 Lhat=0.0000000000e+00
KNUTH_SUBTREE root=6285 depth=28 w=3.6700725200e+38 Shat=1.7024000000e+01 Lhat=0.0000000000e+00
KNUTH_SUBTREE root=6286 depth=28 w=8.1990822097e+38 Shat=2.3608000000e+01 Lhat=0.0000000000e+00
KNUTH_SUBTREE root=6287 depth=28 w=3.5609050672e+38 Shat=5.0000000000e+00 Lhat=0.0000000000e+00
KNUTH_SUBTREE root=6288 depth=28 w=1.1774923551e+38 Shat=4.2904000000e+01 Lhat=0.0000000000e+00
KNUTH_SUBTREE root=6289 depth=28 w=4.1067812810e+37 Shat=2.0000000000e+00 Lhat=0.0000000000e+00
KNUTH_SUBTREE root=6290 depth=28 w=1.5498128956e+38 Shat=1.0000000000e+00 Lhat=0.0000000000e+00
KNUTH_SUBTREE root=6291 depth=28 w=1.0159616907e+39 Shat=6.0340000000e+00 Lhat=0.0000000000e+00
KNUTH_SUBTREE root=6292 depth=28 w=0 Shat=0 Lhat=0 dead=1
KNUTH_SUBTREE root=6293 depth=28 w=1.4159117189e+39 Shat=3.4471000000e+01 Lhat=0.0000000000e+00
KNUTH_SUBTREE root=6294 depth=28 w=4.2155070206e+38 Shat=5.8984000000e+01 Lhat=0.0000000000e+00
KNUTH_SUBTREE root=6295 depth=28 w=3.5302063555e+39 Shat=5.0000000000e+00 Lhat=0.0000000000e+00
KNUTH_SUBTREE root=6296 depth=28 w=1.1665707951e+38 Shat=7.0000000000e+00 Lhat=0.0000000000e+00
KNUTH_SUBTREE root=6297 depth=28 w=3.5176531979e+39 Shat=6.9118000000e+01 Lhat=0.0000000000e+00
KNUTH_SUBTREE root=6298 depth=28 w=0 Shat=0 Lhat=0 dead=1
KNUTH_SUBTREE root=6299 depth=28 w=3.5647326058e+38 Shat=8.7800000000e+01 Lhat=0.0000000000e+00
KNUTH_SUBTREE root=6300 depth=28 w=3.1895762094e+38 Shat=2.0000000000e+00 Lhat=0.0000000000e+00
KNUTH_SUBTREE root=6301 depth=28 w=2.0271817810e+38 Shat=7.9700000000e+00 Lhat=0.0000000000e+00
KNUTH_SUBTREE root=6302 depth=28 w=5.4669558685e+38 Shat=5.0686000000e+01 Lhat=0.0000000000e+00
KNUTH_SUBTREE root=6303 depth=28 w=2.5443132689e+39 Shat=9.1832000000e+01 Lhat=0.0000000000e+00
KNUTH_SUBTREE root=6304 depth=28 w=3.7725647082e+37 Shat=1.0000000000e+00 Lhat=0.0000000000e+00
KNUTH_SUBTREE root=6305 depth=28 w=1.4782171063e+38 Shat=5.0000000000e+00 Lhat=0.0000000000e+00
KNUTH_SUBTREE root=6306 depth=28 w=2.5890482888e+38 Shat=4.0000000000e+00 Lhat=0.0000000000e+00
KNUTH_SUBTREE root=6307 depth=28 w=2.6705436779e+38 Shat=7.6888000000e+01 Lhat=0.0000000000e+00
KNUTH_SUBTREE root=6308 depth=28 w=1.3130545765e+39 Shat=2.0886000000e+01 Lhat=0.0000000000e+00
KNUTH_SUBTREE root=6309 depth=28 w=3.3474162115e+38 Shat=8.0000000000e+00 Lhat=0.0000000000e+00
KNUTH_SUBTREE root=6310 depth=28 w=5.0283377239e+38 Shat=1.5660000000e+01 Lhat=0.0000000000e+00
KNUTH_SUBTREE root=6311 depth=28 w=0 Shat=0 Lhat=0 dead=1
KNUTH_SUBTREE root=6312 depth=28 w=2.0564411091e+38 Shat=4.0390000000e+01 Lhat=0.0000000000e+00
KNUTH_SUBTREE root=6313 depth=28 w=2.2874460294e+38 Shat=9.2024000000e+01 Lhat=0.0000000000e+00
KNUTH_SUBTREE root=6314 depth=28 w=2.7301448723e+38 Shat=1.1085000000e+01 Lhat=0.0000000000e+00
KNUTH_SUBTREE root=6315 depth=28 w=2.1144514772e+38 Shat=1.3508000000e+02 Lhat=2.8192000000e+01
KNUTH_SUBTREE root=6316 depth=28 w=3.0650500579e+39 Shat=5.5576000000e+01 Lhat=0.0000000000e+00
KNUTH_SUBTREE root=6317 depth=28 w=5.3520261105e+37 Shat=1.0000000000e+00 Lhat=0.0000000000e+00
KNUTH_SUBTREE root=6318 depth=28 w=0 Shat=0 Lhat=0 dead=1
KNUTH_SUBTREE root=6319 depth=28 w=3.4749910857e+38 Shat=9.0000000000e+00 Lhat=0.0000000000e+00
KNUTH_SUBTREE root=6320 depth=28 w=1.4296750331e+39 Shat=4.2946000000e+01 Lhat=2.1600000000e+00
KNUTH_SUBTREE root=6321 depth=28 w=1.0362085621e+38 Shat=1.0000000000e+00 Lhat=0.0000000000e+00
KNUTH_SUBTREE root=6322 depth=28 w=3.1539344659e+39 Shat=4.0224000000e+01 Lhat=0.0000000000e+00
KNUTH_SUBTREE root=6323 depth=28 w=0 Shat=0 Lhat=0 dead=1
KNUTH_SUBTREE root=6324 depth=28 w=1.7728537502e+38 Shat=1.0000000000e+00 Lhat=0.0000000000e+00
KNUTH_SUBTREE root=6325 depth=28 w=5.2233720002e+38 Shat=3.9616000000e+01 Lhat=0.0000000000e+00
KNUTH_SUBTREE root=6326 depth=28 w=8.7487290028e+37 Shat=1.4972000000e+01 Lhat=0.0000000000e+00
KNUTH_SUBTREE root=6327 depth=28 w=3.6230868615e+38 Shat=4.0000000000e+00 Lhat=0.0000000000e+00
KNUTH_SUBTREE root=6328 depth=28 w=1.7845143120e+39 Shat=4.4776000000e+01 Lhat=0.0000000000e+00
KNUTH_SUBTREE root=6329 depth=28 w=1.9798022238e+38 Shat=1.1084000000e+01 Lhat=0.0000000000e+00
KNUTH_SUBTREE root=6330 depth=28 w=4.9125769622e+38 Shat=2.2755000000e+01 Lhat=0.0000000000e+00
KNUTH_SUBTREE root=6331 depth=28 w=2.6918963454e+38 Shat=3.3000000000e+01 Lhat=0.0000000000e+00
KNUTH_SUBTREE root=6332 depth=28 w=1.6287993254e+38 Shat=4.0000000000e+00 Lhat=0.0000000000e+00
KNUTH_SUBTREE root=6333 depth=28 w=3.4978650291e+39 Shat=2.9770000000e+01 Lhat=0.0000000000e+00
KNUTH_SUBTREE root=6334 depth=28 w=4.1791484874e+38 Shat=2.0000000000e+00 Lhat=0.0000000000e+00
KNUTH_SUBTREE root=6335 depth=28 w=5.6096371271e+36 Shat=1.0000000000e+00 Lhat=0.0000000000e+00
KNUTH_SUBTREE root=6336 depth=28 w=2.9874570465e+38 Shat=2.0000000000e+00 Lhat=0.0000000000e+00
KNUTH_SUBTREE root=6337 depth=28 w=1.8121578087e+38 Shat=7.0000000000e+00 Lhat=0.0000000000e+00
KNUTH_SUBTREE root=6338 depth=28 w=0 Shat=0 Lhat=0 dead=1
KNUTH_SUBTREE root=6339 depth=28 w=6.6606745373e+38 Shat=8.9170000000e+00 Lhat=0.0000000000e+00
KNUTH_SUBTREE root=6340 depth=28 w=2.5066743168e+38 Shat=4.0000000000e+00 Lhat=0.0000000000e+00
KNUTH_SUBTREE root=6341 depth=28 w=3.8692302579e+37 Shat=2.0000000000e+00 Lhat=0.0000000000e+00
KNUTH_SUBTREE root=6342 depth=28 w=9.6266332026e+38 Shat=1.0000000000e+01 Lhat=0.0000000000e+00
KNUTH_SUBTREE root=6343 depth=28 w=2.0555976731e+39 Shat=5.4785000000e+01 Lhat=0.0000000000e+00
KNUTH_SUBTREE root=6344 depth=28 w=2.5787623562e+39 Shat=3.2242000000e+01 Lhat=0.0000000000e+00
KNUTH_SUBTREE root=6345 depth=28 w=6.1325599957e+37 Shat=1.0000000000e+00 Lhat=0.0000000000e+00
KNUTH_SUBTREE root=6346 depth=28 w=1.8390323584e+38 Shat=2.1904000000e+01 Lhat=0.0000000000e+00
KNUTH_SUBTREE root=6347 depth=28 w=9.0380181729e+38 Shat=6.0000000000e+00 Lhat=0.0000000000e+00
KNUTH_SUBTREE root=6348 depth=28 w=2.0633224971e+39 Shat=3.9646000000e+01 Lhat=0.0000000000e+00
KNUTH_SUBTREE root=6349 depth=28 w=1.0577483670e+39 Shat=1.3000000000e+01 Lhat=0.0000000000e+00
KNUTH_SUBTREE root=6350 depth=28 w=1.7116605720e+38 Shat=7.3366000000e+01 Lhat=0.0000000000e+00
KNUTH_SUBTREE root=6351 depth=28 w=2.8315687499e+38 Shat=5.0000000000e+00 Lhat=0.0000000000e+00
KNUTH_SUBTREE root=6352 depth=28 w=9.1136585019e+37 Shat=1.0000000000e+00 Lhat=0.0000000000e+00
KNUTH_SUBTREE root=6353 depth=28 w=1.8474837641e+39 Shat=2.3284000000e+01 Lhat=0.0000000000e+00
KNUTH_SUBTREE root=6354 depth=28 w=2.2793752580e+38 Shat=3.0000000000e+00 Lhat=0.0000000000e+00
KNUTH_SUBTREE root=6355 depth=28 w=2.8959531476e+39 Shat=3.0000000000e+00 Lhat=0.0000000000e+00
KNUTH_SUBTREE root=6356 depth=28 w=4.4773923236e+38 Shat=1.1008000000e+01 Lhat=0.0000000000e+00
KNUTH_SUBTREE root=6357 depth=28 w=4.9971382867e+37 Shat=4.0000000000e+00 Lhat=0.0000000000e+00
KNUTH_SUBTREE root=6358 depth=28 w=4.0617006285e+38 Shat=1.3000000000e+01 Lhat=0.0000000000e+00
KNUTH_SUBTREE root=6359 depth=28 w=1.5491116405e+39 Shat=2.3152000000e+01 Lhat=0.0000000000e+00
KNUTH_SUBTREE root=6360 depth=28 w=1.6454706311e+38 Shat=3.0472000000e+01 Lhat=0.0000000000e+00
KNUTH_SUBTREE root=6361 depth=28 w=4.3189213277e+36 Shat=1.0000000000e+00 Lhat=0.0000000000e+00
KNUTH_SUBTREE root=6362 depth=28 w=5.7592252097e+37 Shat=1.1956000000e+01 Lhat=0.0000000000e+00
KNUTH_SUBTREE root=6363 depth=28 w=0 Shat=0 Lhat=0 dead=1
KNUTH_SUBTREE root=6364 depth=28 w=5.8993673702e+37 Shat=1.0000000000e+00 Lhat=0.0000000000e+00
KNUTH_SUBTREE root=6365 depth=28 w=3.8999561946e+37 Shat=1.0000000000e+00 Lhat=0.0000000000e+00
KNUTH_SUBTREE root=6366 depth=28 w=6.5904967638e+38 Shat=1.6057600000e+02 Lhat=0.0000000000e+00
KNUTH_SUBTREE root=6367 depth=28 w=6.4856622791e+37 Shat=1.3000000000e+01 Lhat=0.0000000000e+00
KNUTH_SUBTREE root=6368 depth=28 w=7.6464163685e+38 Shat=6.3310000000e+01 Lhat=0.0000000000e+00
KNUTH_SUBTREE root=6369 depth=28 w=7.6486138859e+38 Shat=1.4017000000e+01 Lhat=0.0000000000e+00
KNUTH_SUBTREE root=6370 depth=28 w=3.3982157231e+38 Shat=3.0000000000e+00 Lhat=0.0000000000e+00
KNUTH_SUBTREE root=6371 depth=28 w=3.7723835740e+37 Shat=1.0000000000e+00 Lhat=0.0000000000e+00
KNUTH_SUBTREE root=6372 depth=28 w=8.6335471949e+38 Shat=2.0000000000e+00 Lhat=0.0000000000e+00
KNUTH_SUBTREE root=6373 depth=28 w=1.3629312954e+39 Shat=5.0000000000e+00 Lhat=0.0000000000e+00
KNUTH_SUBTREE root=6374 depth=28 w=2.3871231342e+38 Shat=6.9840000000e+00 Lhat=0.0000000000e+00
KNUTH_SUBTREE root=6375 depth=28 w=3.6500126874e+36 Shat=1.0000000000e+00 Lhat=0.0000000000e+00
KNUTH_SUBTREE root=6376 depth=28 w=9.7566154903e+36 Shat=2.0000000000e+00 Lhat=0.0000000000e+00
KNUTH_SUBTREE root=6377 depth=28 w=0 Shat=0 Lhat=0 dead=1
KNUTH_SUBTREE root=6378 depth=28 w=2.8994221464e+38 Shat=2.4940000000e+01 Lhat=0.0000000000e+00
KNUTH_SUBTREE root=6379 depth=28 w=2.3868027234e+37 Shat=1.0000000000e+00 Lhat=0.0000000000e+00
KNUTH_SUBTREE root=6380 depth=28 w=2.9569391386e+38 Shat=6.6010000000e+01 Lhat=0.0000000000e+00
KNUTH_SUBTREE root=6381 depth=28 w=3.4095900255e+37 Shat=4.0000000000e+00 Lhat=0.0000000000e+00
KNUTH_SUBTREE root=6382 depth=28 w=9.8311451712e+38 Shat=1.3000000000e+01 Lhat=0.0000000000e+00
KNUTH_SUBTREE root=6383 depth=28 w=2.7960497750e+38 Shat=7.8434000000e+01 Lhat=0.0000000000e+00
KNUTH_SUBTREE root=6384 depth=28 w=3.3938266668e+38 Shat=1.0000000000e+01 Lhat=0.0000000000e+00
KNUTH_SUBTREE root=6385 depth=28 w=2.9923494466e+39 Shat=2.0000000000e+00 Lhat=0.0000000000e+00
KNUTH_SUBTREE root=6386 depth=28 w=1.2107111132e+39 Shat=5.7434000000e+01 Lhat=0.0000000000e+00
KNUTH_SUBTREE root=6387 depth=28 w=2.9507422045e+38 Shat=3.9568000000e+01 Lhat=0.0000000000e+00
KNUTH_SUBTREE root=6388 depth=28 w=2.5376934665e+39 Shat=2.3356000000e+01 Lhat=0.0000000000e+00
KNUTH_SUBTREE root=6389 depth=28 w=2.2533699945e+39 Shat=3.6832000000e+01 Lhat=0.0000000000e+00
KNUTH_SUBTREE root=6390 depth=28 w=0 Shat=0 Lhat=0 dead=1
KNUTH_SUBTREE root=6391 depth=28 w=1.1891957009e+38 Shat=3.0000000000e+00 Lhat=0.0000000000e+00
KNUTH_SUBTREE root=6392 depth=28 w=4.2545962295e+38 Shat=1.2298000000e+01 Lhat=0.0000000000e+00
KNUTH_SUBTREE root=6393 depth=28 w=1.6272312945e+37 Shat=1.0000000000e+00 Lhat=0.0000000000e+00
KNUTH_SUBTREE root=6394 depth=28 w=1.2421241691e+37 Shat=1.0000000000e+00 Lhat=0.0000000000e+00
KNUTH_SUBTREE root=6395 depth=28 w=1.9806750576e+38 Shat=2.3008000000e+01 Lhat=0.0000000000e+00
KNUTH_SUBTREE root=6396 depth=28 w=1.9661929343e+39 Shat=3.6550000000e+01 Lhat=0.0000000000e+00
KNUTH_SUBTREE root=6397 depth=28 w=0 Shat=0 Lhat=0 dead=1
KNUTH_SUBTREE root=6398 depth=28 w=1.0115546125e+38 Shat=3.0000000000e+00 Lhat=0.0000000000e+00
KNUTH_SUBTREE root=6399 depth=28 w=1.9393952187e+38 Shat=2.0092000000e+01 Lhat=0.0000000000e+00
KNUTH_SUBTREE root=6400 depth=28 w=4.6038266430e+38 Shat=5.0000000000e+00 Lhat=0.0000000000e+00
KNUTH_SUBTREE root=6401 depth=28 w=9.4145017829e+37 Shat=1.0000000000e+00 Lhat=0.0000000000e+00
KNUTH_SUBTREE root=6402 depth=28 w=6.9477554157e+38 Shat=1.0000000000e+00 Lhat=0.0000000000e+00
KNUTH_SUBTREE root=6403 depth=28 w=9.9284585929e+38 Shat=6.7290000000e+01 Lhat=0.0000000000e+00
KNUTH_SUBTREE root=6404 depth=28 w=4.0466178040e+38 Shat=3.0000000000e+00 Lhat=0.0000000000e+00
KNUTH_SUBTREE root=6405 depth=28 w=1.7017949437e+39 Shat=1.1998000000e+01 Lhat=0.0000000000e+00
KNUTH_SUBTREE root=6406 depth=28 w=6.3801451932e+38 Shat=4.2584000000e+01 Lhat=0.0000000000e+00
KNUTH_SUBTREE root=6407 depth=28 w=2.7722929885e+39 Shat=7.9744000000e+01 Lhat=0.0000000000e+00
KNUTH_SUBTREE root=6408 depth=28 w=6.3007538128e+38 Shat=5.4895000000e+01 Lhat=0.0000000000e+00
KNUTH_SUBTREE root=6409 depth=28 w=1.2080351139e+38 Shat=7.8940000000e+00 Lhat=0.0000000000e+00
KNUTH_SUBTREE root=6410 depth=28 w=2.4304397325e+38 Shat=5.0000000000e+00 Lhat=0.0000000000e+00
KNUTH_SUBTREE root=6411 depth=28 w=1.2992502646e+38 Shat=9.0000000000e+00 Lhat=0.0000000000e+00
KNUTH_SUBTREE root=6412 depth=28 w=5.7758262877e+36 Shat=1.0000000000e+00 Lhat=0.0000000000e+00
KNUTH_SUBTREE root=6413 depth=28 w=4.0070044607e+37 Shat=2.0020000000e+01 Lhat=0.0000000000e+00
KNUTH_SUBTREE root=6414 depth=28 w=9.6279774372e+38 Shat=2.3176000000e+01 Lhat=0.0000000000e+00
KNUTH_SUBTREE root=6415 depth=28 w=1.8807842189e+39 Shat=1.4990000000e+01 Lhat=0.0000000000e+00
KNUTH_SUBTREE root=6416 depth=28 w=0 Shat=0 Lhat=0 dead=1
KNUTH_SUBTREE root=6417 depth=28 w=2.0932577880e+38 Shat=1.6000000000e+01 Lhat=0.0000000000e+00
KNUTH_SUBTREE root=6418 depth=28 w=8.2157164997e+38 Shat=4.0000000000e+00 Lhat=0.0000000000e+00
KNUTH_SUBTREE root=6419 depth=28 w=1.9292038839e+38 Shat=5.9429000000e+01 Lhat=0.0000000000e+00
KNUTH_SUBTREE root=6420 depth=28 w=5.4412400110e+38 Shat=3.4585000000e+01 Lhat=0.0000000000e+00
KNUTH_SUBTREE root=6421 depth=28 w=5.6991231533e+37 Shat=7.0000000000e+00 Lhat=0.0000000000e+00
KNUTH_SUBTREE root=6422 depth=28 w=2.6789355103e+37 Shat=7.0000000000e+00 Lhat=0.0000000000e+00
KNUTH_SUBTREE root=6423 depth=28 w=1.3198099022e+38 Shat=2.5006000000e+01 Lhat=0.0000000000e+00
KNUTH_SUBTREE root=6424 depth=28 w=9.6705806240e+38 Shat=7.0000000000e+00 Lhat=0.0000000000e+00
KNUTH_SUBTREE root=6425 depth=28 w=8.6453570946e+38 Shat=1.1314000000e+02 Lhat=0.0000000000e+00
KNUTH_SUBTREE root=6426 depth=28 w=1.0763019943e+38 Shat=3.0000000000e+00 Lhat=0.0000000000e+00
KNUTH_SUBTREE root=6427 depth=28 w=8.0102981946e+37 Shat=9.0000000000e+00 Lhat=0.0000000000e+00
KNUTH_SUBTREE root=6428 depth=28 w=1.5811968670e+39 Shat=4.0000000000e+00 Lhat=0.0000000000e+00
KNUTH_SUBTREE root=6429 depth=28 w=1.3949576936e+38 Shat=2.0000000000e+00 Lhat=0.0000000000e+00
KNUTH_SUBTREE root=6430 depth=28 w=3.8139281118e+37 Shat=7.0000000000e+00 Lhat=0.0000000000e+00
KNUTH_SUBTREE root=6431 depth=28 w=1.2904438118e+39 Shat=5.0000000000e+00 Lhat=0.0000000000e+00
KNUTH_SUBTREE root=6432 depth=28 w=1.6284875742e+39 Shat=7.8640000000e+00 Lhat=0.0000000000e+00
KNUTH_SUBTREE root=6433 depth=28 w=5.6460337045e+38 Shat=2.5224000000e+01 Lhat=0.0000000000e+00
KNUTH_SUBTREE root=6434 depth=28 w=1.4022461091e+39 Shat=9.9880000000e+00 Lhat=0.0000000000e+00
KNUTH_SUBTREE root=6435 depth=28 w=3.5440176228e+38 Shat=1.0000000000e+01 Lhat=0.0000000000e+00
KNUTH_SUBTREE root=6436 depth=28 w=5.3533891976e+36 Shat=1.0000000000e+00 Lhat=0.0000000000e+00
KNUTH_SUBTREE root=6437 depth=28 w=2.2973668653e+39 Shat=1.1000000000e+01 Lhat=0.0000000000e+00
KNUTH_SUBTREE root=6438 depth=28 w=2.9825237787e+38 Shat=2.8732000000e+01 Lhat=0.0000000000e+00
KNUTH_SUBTREE root=6439 depth=28 w=5.9643493824e+38 Shat=2.4280000000e+01 Lhat=0.0000000000e+00
KNUTH_SUBTREE root=6440 depth=28 w=8.9277355593e+34 Shat=1.0000000000e+00 Lhat=0.0000000000e+00
KNUTH_SUBTREE root=6441 depth=28 w=0 Shat=0 Lhat=0 dead=1
KNUTH_SUBTREE root=6442 depth=28 w=7.9587008966e+38 Shat=3.0000000000e+00 Lhat=0.0000000000e+00
KNUTH_SUBTREE root=6443 depth=28 w=8.7934120498e+38 Shat=6.9280000000e+01 Lhat=0.0000000000e+00
KNUTH_SUBTREE root=6444 depth=28 w=3.8151187261e+38 Shat=7.4262000000e+01 Lhat=0.0000000000e+00
KNUTH_SUBTREE root=6445 depth=28 w=2.0311823398e+38 Shat=3.0000000000e+00 Lhat=0.0000000000e+00
KNUTH_SUBTREE root=6446 depth=28 w=3.2934574370e+38 Shat=6.7912000000e+01 Lhat=0.0000000000e+00
KNUTH_SUBTREE root=6447 depth=28 w=2.6143506235e+38 Shat=3.6420000000e+01 Lhat=0.0000000000e+00
KNUTH_SUBTREE root=6448 depth=28 w=3.5662384633e+38 Shat=1.6084000000e+01 Lhat=0.0000000000e+00
KNUTH_SUBTREE root=6449 depth=28 w=2.9332303401e+39 Shat=1.7096000000e+01 Lhat=0.0000000000e+00
KNUTH_SUBTREE root=6450 depth=28 w=4.3440289714e+36 Shat=2.0000000000e+00 Lhat=0.0000000000e+00
KNUTH_SUBTREE root=6451 depth=28 w=1.9921254102e+38 Shat=3.0000000000e+00 Lhat=0.0000000000e+00
KNUTH_SUBTREE root=6452 depth=28 w=2.6817662036e+36 Shat=2.0000000000e+00 Lhat=0.0000000000e+00
KNUTH_SUBTREE root=6453 depth=28 w=5.4463468676e+36 Shat=2.0000000000e+00 Lhat=0.0000000000e+00
KNUTH_SUBTREE root=6454 depth=28 w=0 Shat=0 Lhat=0 dead=1
KNUTH_SUBTREE root=6455 depth=28 w=5.9069760892e+37 Shat=5.0000000000e+00 Lhat=0.0000000000e+00
KNUTH_SUBTREE root=6456 depth=28 w=1.2986065607e+39 Shat=5.0000000000e+00 Lhat=0.0000000000e+00
KNUTH_SUBTREE root=6457 depth=28 w=3.3983949598e+38 Shat=6.0000000000e+00 Lhat=0.0000000000e+00
KNUTH_SUBTREE root=6458 depth=28 w=1.0692735364e+38 Shat=1.0000000000e+01 Lhat=0.0000000000e+00
KNUTH_SUBTREE root=6459 depth=28 w=1.9186063035e+38 Shat=3.0000000000e+00 Lhat=0.0000000000e+00
KNUTH_SUBTREE root=6460 depth=28 w=4.7641548187e+38 Shat=5.3129000000e+01 Lhat=0.0000000000e+00
KNUTH_SUBTREE root=6461 depth=28 w=1.9989739604e+37 Shat=2.0000000000e+00 Lhat=0.0000000000e+00
KNUTH_SUBTREE root=6462 depth=28 w=2.4730795631e+39 Shat=3.3856000000e+01 Lhat=0.0000000000e+00
KNUTH_SUBTREE root=6463 depth=28 w=1.4523969753e+39 Shat=2.0000000000e+00 Lhat=0.0000000000e+00
KNUTH_SUBTREE root=6464 depth=28 w=1.5994788160e+39 Shat=1.7735000000e+01 Lhat=0.0000000000e+00
KNUTH_SUBTREE root=6465 depth=28 w=2.3142090399e+37 Shat=1.6603000000e+01 Lhat=0.0000000000e+00
KNUTH_SUBTREE root=6466 depth=28 w=1.6222902908e+38 Shat=5.4048000000e+01 Lhat=0.0000000000e+00
KNUTH_SUBTREE root=6467 depth=28 w=4.6347049183e+38 Shat=3.8964000000e+01 Lhat=0.0000000000e+00
KNUTH_SUBTREE root=6468 depth=28 w=2.6436535197e+39 Shat=5.1582000000e+01 Lhat=0.0000000000e+00
KNUTH_SUBTREE root=6469 depth=28 w=5.5808182227e+38 Shat=5.4688000000e+01 Lhat=0.0000000000e+00
KNUTH_SUBTREE root=6470 depth=28 w=2.1454018186e+36 Shat=4.0000000000e+00 Lhat=0.0000000000e+00
KNUTH_SUBTREE root=6471 depth=28 w=4.7409130801e+38 Shat=6.0000000000e+00 Lhat=0.0000000000e+00
KNUTH_SUBTREE root=6472 depth=28 w=5.5311524868e+38 Shat=4.9390000000e+01 Lhat=0.0000000000e+00
KNUTH_SUBTREE root=6473 depth=28 w=9.0264185876e+37 Shat=3.9020000000e+01 Lhat=0.0000000000e+00
KNUTH_SUBTREE root=6474 depth=28 w=9.0281340505e+37 Shat=1.1000000000e+01 Lhat=0.0000000000e+00
KNUTH_SUBTREE root=6475 depth=28 w=6.5318764771e+37 Shat=5.0000000000e+00 Lhat=0.0000000000e+00
KNUTH_SUBTREE root=6476 depth=28 w=6.2294001874e+38 Shat=9.0000000000e+00 Lhat=0.0000000000e+00
KNUTH_SUBTREE root=6477 depth=28 w=1.7642784267e+39 Shat=4.4532000000e+01 Lhat=0.0000000000e+00
KNUTH_SUBTREE root=6478 depth=28 w=2.3911116012e+39 Shat=5.6496000000e+01 Lhat=0.0000000000e+00
KNUTH_SUBTREE root=6479 depth=28 w=5.5654728195e+38 Shat=1.1272000000e+01 Lhat=0.0000000000e+00
KNUTH_SUBTREE root=6480 depth=28 w=2.1628552770e+39 Shat=9.0000000000e+00 Lhat=0.0000000000e+00
KNUTH_SUBTREE root=6481 depth=28 w=1.0429671524e+36 Shat=1.0000000000e+00 Lhat=0.0000000000e+00
KNUTH_SUBTREE root=6482 depth=28 w=1.2261374491e+39 Shat=9.5544000000e+01 Lhat=0.0000000000e+00
KNUTH_SUBTREE root=6483 depth=28 w=1.0200508209e+39 Shat=1.0000000000e+00 Lhat=0.0000000000e+00
KNUTH_SUBTREE root=6484 depth=28 w=3.6242631158e+36 Shat=1.0000000000e+00 Lhat=0.0000000000e+00
KNUTH_SUBTREE root=6485 depth=28 w=4.3539601520e+37 Shat=1.0000000000e+00 Lhat=0.0000000000e+00
KNUTH_SUBTREE root=6486 depth=28 w=3.5598066396e+38 Shat=1.3208200000e+02 Lhat=0.0000000000e+00
KNUTH_SUBTREE root=6487 depth=28 w=5.7724785822e+38 Shat=5.0000000000e+00 Lhat=0.0000000000e+00
KNUTH_SUBTREE root=6488 depth=28 w=1.3847008566e+38 Shat=9.0000000000e+00 Lhat=0.0000000000e+00
KNUTH_SUBTREE root=6489 depth=28 w=4.1507086605e+38 Shat=1.0000000000e+01 Lhat=0.0000000000e+00
KNUTH_SUBTREE root=6490 depth=28 w=3.5048714360e+38 Shat=1.6850000000e+01 Lhat=0.0000000000e+00
KNUTH_SUBTREE root=6491 depth=28 w=4.9748200133e+37 Shat=4.0000000000e+00 Lhat=0.0000000000e+00
KNUTH_SUBTREE root=6492 depth=28 w=5.4494037915e+36 Shat=3.0000000000e+00 Lhat=0.0000000000e+00
KNUTH_SUBTREE root=6493 depth=28 w=2.1425715237e+38 Shat=3.9388000000e+01 Lhat=0.0000000000e+00
KNUTH_SUBTREE root=6494 depth=28 w=1.8154742453e+38 Shat=9.0000000000e+00 Lhat=0.0000000000e+00
KNUTH_SUBTREE root=6495 depth=28 w=2.3037578446e+39 Shat=3.8872000000e+01 Lhat=0.0000000000e+00
KNUTH_SUBTREE root=6496 depth=28 w=9.8416034846e+38 Shat=1.0000000000e+00 Lhat=0.0000000000e+00
KNUTH_SUBTREE root=6497 depth=28 w=2.5945032738e+39 Shat=6.7528000000e+01 Lhat=0.0000000000e+00
KNUTH_SUBTREE root=6498 depth=28 w=5.2522032216e+37 Shat=1.0000000000e+01 Lhat=0.0000000000e+00
KNUTH_SUBTREE root=6499 depth=28 w=1.4732523649e+37 Shat=2.0000000000e+00 Lhat=0.0000000000e+00
KNUTH_SUBTREE root=6500 depth=28 w=0 Shat=0 Lhat=0 dead=1
KNUTH_SUBTREE root=6501 depth=28 w=4.1925227781e+38 Shat=7.0000000000e+00 Lhat=0.0000000000e+00
KNUTH_SUBTREE root=6502 depth=28 w=1.3704516486e+39 Shat=5.5904000000e+01 Lhat=0.0000000000e+00
KNUTH_SUBTREE root=6503 depth=28 w=2.6702572112e+38 Shat=3.0000000000e+00 Lhat=0.0000000000e+00
KNUTH_SUBTREE root=6504 depth=28 w=0 Shat=0 Lhat=0 dead=1
KNUTH_SUBTREE root=6505 depth=28 w=3.5012787642e+37 Shat=2.1000000000e+01 Lhat=0.0000000000e+00
KNUTH_SUBTREE root=6506 depth=28 w=1.3309452170e+38 Shat=1.6960000000e+01 Lhat=0.0000000000e+00
KNUTH_SUBTREE root=6507 depth=28 w=4.6187610443e+38 Shat=6.4488000000e+01 Lhat=0.0000000000e+00
KNUTH_SUBTREE root=6508 depth=28 w=1.3204980079e+38 Shat=2.1062000000e+01 Lhat=0.0000000000e+00
KNUTH_SUBTREE root=6509 depth=28 w=7.3155923579e+37 Shat=3.0000000000e+00 Lhat=0.0000000000e+00
KNUTH_SUBTREE root=6510 depth=28 w=3.1054537169e+38 Shat=1.3000000000e+01 Lhat=0.0000000000e+00
KNUTH_SUBTREE root=6511 depth=28 w=4.3510147611e+37 Shat=2.0000000000e+00 Lhat=0.0000000000e+00
KNUTH_SUBTREE root=6512 depth=28 w=2.6851353413e+39 Shat=4.2106000000e+01 Lhat=0.0000000000e+00
KNUTH_SUBTREE root=6513 depth=28 w=9.8444279765e+38 Shat=3.6792000000e+01 Lhat=0.0000000000e+00
KNUTH_SUBTREE root=6514 depth=28 w=2.6927923483e+39 Shat=5.0000000000e+00 Lhat=0.0000000000e+00
KNUTH_SUBTREE root=6515 depth=28 w=5.1926571117e+36 Shat=1.0000000000e+00 Lhat=0.0000000000e+00
KNUTH_SUBTREE root=6516 depth=28 w=3.7149328835e+37 Shat=1.0000000000e+00 Lhat=0.0000000000e+00
KNUTH_SUBTREE root=6517 depth=28 w=2.5793169545e+39 Shat=2.8360000000e+01 Lhat=0.0000000000e+00
KNUTH_SUBTREE root=6518 depth=28 w=1.1731491710e+39 Shat=3.0000000000e+00 Lhat=0.0000000000e+00
KNUTH_SUBTREE root=6519 depth=28 w=6.9962293814e+37 Shat=3.6997000000e+01 Lhat=0.0000000000e+00
KNUTH_SUBTREE root=6520 depth=28 w=2.7416455605e+39 Shat=1.3000000000e+01 Lhat=0.0000000000e+00
KNUTH_SUBTREE root=6521 depth=28 w=2.2366530481e+38 Shat=1.1008000000e+01 Lhat=0.0000000000e+00
KNUTH_SUBTREE root=6522 depth=28 w=3.2456822393e+39 Shat=1.5956000000e+01 Lhat=0.0000000000e+00
KNUTH_SUBTREE root=6523 depth=28 w=1.9069851438e+39 Shat=9.0560000000e+00 Lhat=0.0000000000e+00
KNUTH_SUBTREE root=6524 depth=28 w=1.4156651290e+38 Shat=1.0000000000e+00 Lhat=0.0000000000e+00
KNUTH_SUBTREE root=6525 depth=28 w=9.2012346459e+37 Shat=2.0000000000e+00 Lhat=0.0000000000e+00
KNUTH_SUBTREE root=6526 depth=28 w=2.4733767094e+37 Shat=2.0000000000e+00 Lhat=0.0000000000e+00
KNUTH_SUBTREE root=6527 depth=28 w=1.5771751941e+38 Shat=5.0000000000e+00 Lhat=0.0000000000e+00
KNUTH_SUBTREE root=6528 depth=28 w=2.6132853011e+38 Shat=2.1664000000e+01 Lhat=0.0000000000e+00
KNUTH_SUBTREE root=6529 depth=28 w=6.2597460494e+37 Shat=6.0040000000e+00 Lhat=0.0000000000e+00
KNUTH_SUBTREE root=6530 depth=28 w=2.8292487835e+38 Shat=4.1910000000e+01 Lhat=0.0000000000e+00
KNUTH_SUBTREE root=6531 depth=28 w=1.5928065057e+39 Shat=1.1828000000e+02 Lhat=0.0000000000e+00
KNUTH_SUBTREE root=6532 depth=28 w=3.6746304843e+38 Shat=7.0000000000e+00 Lhat=0.0000000000e+00
KNUTH_SUBTREE root=6533 depth=28 w=7.3612297037e+38 Shat=1.0000000000e+00 Lhat=0.0000000000e+00
KNUTH_SUBTREE root=6534 depth=28 w=8.4166306228e+37 Shat=7.0000000000e+00 Lhat=0.0000000000e+00
KNUTH_SUBTREE root=6535 depth=28 w=6.4069653694e+38 Shat=8.9872000000e+01 Lhat=0.0000000000e+00
KNUTH_SUBTREE root=6536 depth=28 w=1.6200928238e+38 Shat=5.4316000000e+01 Lhat=0.0000000000e+00
KNUTH_SUBTREE root=6537 depth=28 w=1.1491157380e+36 Shat=1.0000000000e+00 Lhat=0.0000000000e+00
KNUTH_SUBTREE root=6538 depth=28 w=1.0231607380e+39 Shat=7.8856000000e+01 Lhat=0.0000000000e+00
KNUTH_SUBTREE root=6539 depth=28 w=1.4434959665e+38 Shat=3.0000000000e+00 Lhat=0.0000000000e+00
KNUTH_SUBTREE root=6540 depth=28 w=1.3064602020e+37 Shat=3.0000000000e+00 Lhat=0.0000000000e+00
KNUTH_SUBTREE root=6541 depth=28 w=9.4251981039e+37 Shat=2.0000000000e+00 Lhat=0.0000000000e+00
KNUTH_SUBTREE root=6542 depth=28 w=3.2351866489e+38 Shat=4.0000000000e+00 Lhat=0.0000000000e+00
KNUTH_SUBTREE root=6543 depth=28 w=0 Shat=0 Lhat=0 dead=1
KNUTH_SUBTREE root=6544 depth=28 w=7.9176747859e+38 Shat=3.7504000000e+01 Lhat=0.0000000000e+00
KNUTH_SUBTREE root=6545 depth=28 w=2.1052570591e+37 Shat=1.0000000000e+00 Lhat=0.0000000000e+00
KNUTH_SUBTREE root=6546 depth=28 w=0 Shat=0 Lhat=0 dead=1
KNUTH_SUBTREE root=6547 depth=28 w=1.0077157315e+39 Shat=1.0000000000e+00 Lhat=0.0000000000e+00
KNUTH_SUBTREE root=6548 depth=28 w=2.3050823658e+37 Shat=1.0000000000e+00 Lhat=0.0000000000e+00
KNUTH_SUBTREE root=6549 depth=28 w=6.9665230885e+38 Shat=4.9510000000e+00 Lhat=0.0000000000e+00
KNUTH_SUBTREE root=6550 depth=28 w=2.0191658267e+38 Shat=6.0310000000e+00 Lhat=0.0000000000e+00
KNUTH_SUBTREE root=6551 depth=28 w=1.2556681075e+38 Shat=3.0000000000e+00 Lhat=0.0000000000e+00
KNUTH_SUBTREE root=6552 depth=28 w=1.6897752117e+39 Shat=2.4536000000e+01 Lhat=0.0000000000e+00
KNUTH_SUBTREE root=6553 depth=28 w=5.4583990348e+38 Shat=1.4866000000e+01 Lhat=0.0000000000e+00
KNUTH_SUBTREE root=6554 depth=28 w=3.0479688990e+38 Shat=1.1332800000e+02 Lhat=0.0000000000e+00
KNUTH_SUBTREE root=6555 depth=28 w=3.6662523154e+38 Shat=3.2976000000e+01 Lhat=0.0000000000e+00
KNUTH_SUBTREE root=6556 depth=28 w=1.5208108583e+37 Shat=5.0000000000e+00 Lhat=0.0000000000e+00
KNUTH_SUBTREE root=6557 depth=28 w=2.9391727853e+39 Shat=2.0308000000e+01 Lhat=0.0000000000e+00
KNUTH_SUBTREE root=6558 depth=28 w=2.2490606674e+38 Shat=3.0850000000e+01 Lhat=0.0000000000e+00
KNUTH_SUBTREE root=6559 depth=28 w=1.1391012194e+38 Shat=3.0000000000e+00 Lhat=0.0000000000e+00
KNUTH_SUBTREE root=6560 depth=28 w=0 Shat=0 Lhat=0 dead=1
KNUTH_SUBTREE root=6561 depth=28 w=1.1007167223e+39 Shat=8.9160000000e+00 Lhat=0.0000000000e+00
KNUTH_SUBTREE root=6562 depth=28 w=8.4461655292e+38 Shat=7.0000000000e+00 Lhat=0.0000000000e+00
KNUTH_SUBTREE root=6563 depth=28 w=2.9781452977e+38 Shat=1.9855400000e+02 Lhat=0.0000000000e+00
KNUTH_SUBTREE root=6564 depth=28 w=7.6387692155e+38 Shat=6.0688000000e+01 Lhat=0.0000000000e+00
KNUTH_SUBTREE root=6565 depth=28 w=5.9691875836e+38 Shat=1.0689000000e+02 Lhat=0.0000000000e+00
KNUTH_SUBTREE root=6566 depth=28 w=1.2026873447e+39 Shat=3.0000000000e+00 Lhat=0.0000000000e+00
KNUTH_SUBTREE root=6567 depth=28 w=4.3929790121e+38 Shat=1.0000000000e+00 Lhat=0.0000000000e+00
KNUTH_SUBTREE root=6568 depth=28 w=3.2453870506e+39 Shat=6.0280000000e+00 Lhat=0.0000000000e+00
KNUTH_SUBTREE root=6569 depth=28 w=9.2643271078e+38 Shat=6.0000000000e+00 Lhat=0.0000000000e+00
KNUTH_SUBTREE root=6570 depth=28 w=4.0622908760e+39 Shat=9.9216000000e+01 Lhat=0.0000000000e+00
KNUTH_SUBTREE root=6571 depth=28 w=9.4171930527e+37 Shat=5.0000000000e+00 Lhat=0.0000000000e+00
KNUTH_SUBTREE root=6572 depth=28 w=8.4189727430e+37 Shat=3.0000000000e+00 Lhat=0.0000000000e+00
KNUTH_SUBTREE root=6573 depth=28 w=7.5986801955e+38 Shat=1.0000000000e+00 Lhat=0.0000000000e+00
KNUTH_SUBTREE root=6574 depth=28 w=1.5710283748e+38 Shat=1.4062000000e+01 Lhat=0.0000000000e+00
KNUTH_SUBTREE root=6575 depth=28 w=5.1840394521e+38 Shat=1.0000000000e+00 Lhat=0.0000000000e+00
KNUTH_SUBTREE root=6576 depth=28 w=2.0559815784e+35 Shat=1.0000000000e+00 Lhat=0.0000000000e+00
KNUTH_SUBTREE root=6577 depth=28 w=9.9233411165e+38 Shat=3.0000000000e+00 Lhat=0.0000000000e+00
KNUTH_SUBTREE root=6578 depth=28 w=4.0038530231e+36 Shat=1.0000000000e+00 Lhat=0.0000000000e+00
KNUTH_SUBTREE root=6579 depth=28 w=5.6522344688e+36 Shat=1.0000000000e+00 Lhat=0.0000000000e+00
KNUTH_SUBTREE root=6580 depth=28 w=1.5208422244e+39 Shat=7.5920000000e+01 Lhat=0.0000000000e+00
KNUTH_SUBTREE root=6581 depth=28 w=2.7470912778e+35 Shat=1.0000000000e+00 Lhat=0.0000000000e+00
KNUTH_SUBTREE root=6582 depth=28 w=2.2976311253e+37 Shat=1.0000000000e+00 Lhat=0.0000000000e+00
KNUTH_SUBTREE root=6583 depth=28 w=1.5750812486e+38 Shat=3.0000000000e+00 Lhat=0.0000000000e+00
KNUTH_SUBTREE root=6584 depth=28 w=1.1694221718e+38 Shat=1.0000000000e+00 Lhat=0.0000000000e+00
KNUTH_SUBTREE root=6585 depth=28 w=1.3140929821e+39 Shat=9.0000000000e+00 Lhat=0.0000000000e+00
KNUTH_SUBTREE root=6586 depth=28 w=1.0101694811e+39 Shat=4.0000000000e+00 Lhat=0.0000000000e+00
KNUTH_SUBTREE root=6587 depth=28 w=2.9620382199e+39 Shat=7.9720000000e+00 Lhat=0.0000000000e+00
KNUTH_SUBTREE root=6588 depth=28 w=7.7809528230e+37 Shat=3.0000000000e+00 Lhat=0.0000000000e+00
KNUTH_SUBTREE root=6589 depth=28 w=5.5360101663e+38 Shat=1.4000000000e+01 Lhat=0.0000000000e+00
KNUTH_SUBTREE root=6590 depth=28 w=3.1636629792e+38 Shat=7.0000000000e+00 Lhat=0.0000000000e+00
KNUTH_SUBTREE root=6591 depth=28 w=1.7736539763e+38 Shat=1.0000000000e+00 Lhat=0.0000000000e+00
KNUTH_SUBTREE root=6592 depth=28 w=2.0825123302e+38 Shat=3.0000000000e+00 Lhat=0.0000000000e+00
KNUTH_SUBTREE root=6593 depth=28 w=1.3379375395e+38 Shat=3.0000000000e+00 Lhat=0.0000000000e+00
KNUTH_SUBTREE root=6594 depth=28 w=0 Shat=0 Lhat=0 dead=1
KNUTH_SUBTREE root=6595 depth=28 w=1.8641563936e+38 Shat=2.9820000000e+01 Lhat=0.0000000000e+00
KNUTH_SUBTREE root=6596 depth=28 w=1.8276756836e+39 Shat=3.0000000000e+00 Lhat=0.0000000000e+00
KNUTH_SUBTREE root=6597 depth=28 w=2.6346194041e+38 Shat=6.0820000000e+01 Lhat=0.0000000000e+00
KNUTH_SUBTREE root=6598 depth=28 w=8.3553040119e+37 Shat=3.0000000000e+00 Lhat=0.0000000000e+00
KNUTH_SUBTREE root=6599 depth=28 w=3.5102464641e+38 Shat=1.1997200000e+02 Lhat=0.0000000000e+00
KNUTH_SUBTREE root=6600 depth=28 w=1.8454174164e+38 Shat=1.0000000000e+00 Lhat=0.0000000000e+00
KNUTH_SUBTREE root=6601 depth=28 w=6.8962138163e+38 Shat=2.0935000000e+01 Lhat=0.0000000000e+00
KNUTH_SUBTREE root=6602 depth=28 w=1.4037781062e+39 Shat=1.0832000000e+01 Lhat=0.0000000000e+00
KNUTH_SUBTREE root=6603 depth=28 w=1.2784936424e+39 Shat=1.0027000000e+01 Lhat=0.0000000000e+00
KNUTH_SUBTREE root=6604 depth=28 w=9.6959311389e+36 Shat=1.0000000000e+00 Lhat=0.0000000000e+00
KNUTH_SUBTREE root=6605 depth=28 w=4.3171453624e+37 Shat=2.0000000000e+00 Lhat=0.0000000000e+00
KNUTH_SUBTREE root=6606 depth=28 w=1.4604315914e+39 Shat=1.0000000000e+01 Lhat=0.0000000000e+00
KNUTH_SUBTREE root=6607 depth=28 w=2.8179633256e+39 Shat=3.7340000000e+01 Lhat=0.0000000000e+00
KNUTH_SUBTREE root=6608 depth=28 w=1.3229740565e+38 Shat=3.0000000000e+00 Lhat=0.0000000000e+00
KNUTH_SUBTREE root=6609 depth=28 w=1.0217228930e+39 Shat=1.1546400000e+02 Lhat=0.0000000000e+00
KNUTH_SUBTREE root=6610 depth=28 w=2.1470217611e+38 Shat=1.8983000000e+01 Lhat=0.0000000000e+00
KNUTH_SUBTREE root=6611 depth=28 w=5.0553262264e+38 Shat=3.0000000000e+00 Lhat=0.0000000000e+00
KNUTH_SUBTREE root=6612 depth=28 w=6.7048062473e+37 Shat=3.0000000000e+00 Lhat=0.0000000000e+00
KNUTH_SUBTREE root=6613 depth=28 w=3.1651773885e+38 Shat=1.0000000000e+00 Lhat=0.0000000000e+00
KNUTH_SUBTREE root=6614 depth=28 w=5.3602143762e+37 Shat=2.0000000000e+00 Lhat=0.0000000000e+00
KNUTH_SUBTREE root=6615 depth=28 w=1.6552712469e+38 Shat=3.0000000000e+00 Lhat=0.0000000000e+00
KNUTH_SUBTREE root=6616 depth=28 w=9.4262967532e+38 Shat=4.4800000000e+01 Lhat=0.0000000000e+00
KNUTH_SUBTREE root=6617 depth=28 w=3.6943569505e+39 Shat=2.5951000000e+01 Lhat=0.0000000000e+00
KNUTH_SUBTREE root=6618 depth=28 w=1.4965319308e+38 Shat=4.0000000000e+00 Lhat=0.0000000000e+00
KNUTH_SUBTREE root=6619 depth=28 w=2.2004932981e+39 Shat=5.2168000000e+01 Lhat=0.0000000000e+00
KNUTH_SUBTREE root=6620 depth=28 w=1.1497492729e+37 Shat=1.0000000000e+00 Lhat=0.0000000000e+00
KNUTH_SUBTREE root=6621 depth=28 w=1.2830377392e+39 Shat=2.0000000000e+00 Lhat=0.0000000000e+00
KNUTH_SUBTREE root=6622 depth=28 w=7.0004025087e+38 Shat=1.7975000000e+01 Lhat=0.0000000000e+00
KNUTH_SUBTREE root=6623 depth=28 w=5.6822120857e+38 Shat=6.3690000000e+01 Lhat=0.0000000000e+00
KNUTH_SUBTREE root=6624 depth=28 w=2.2615502568e+38 Shat=5.0000000000e+00 Lhat=0.0000000000e+00
KNUTH_SUBTREE root=6625 depth=28 w=1.9818313711e+39 Shat=3.9430000000e+01 Lhat=0.0000000000e+00
KNUTH_SUBTREE root=6626 depth=28 w=3.0606916939e+38 Shat=1.3360000000e+01 Lhat=0.0000000000e+00
KNUTH_SUBTREE root=6627 depth=28 w=2.7655695670e+38 Shat=7.0000000000e+00 Lhat=0.0000000000e+00
KNUTH_SUBTREE root=6628 depth=28 w=1.4248924393e+39 Shat=7.1008000000e+01 Lhat=0.0000000000e+00
KNUTH_SUBTREE root=6629 depth=28 w=2.9115206973e+38 Shat=2.2312000000e+01 Lhat=0.0000000000e+00
KNUTH_SUBTREE root=6630 depth=28 w=2.3598515233e+39 Shat=4.2968000000e+01 Lhat=0.0000000000e+00
KNUTH_SUBTREE root=6631 depth=28 w=1.7335220221e+37 Shat=5.0000000000e+00 Lhat=0.0000000000e+00
KNUTH_SUBTREE root=6632 depth=28 w=1.7176832246e+38 Shat=1.5754000000e+01 Lhat=0.0000000000e+00
KNUTH_SUBTREE root=6633 depth=28 w=1.6140161047e+38 Shat=8.2400000000e+00 Lhat=0.0000000000e+00
KNUTH_SUBTREE root=6634 depth=28 w=2.7619199450e+38 Shat=5.0000000000e+00 Lhat=0.0000000000e+00
KNUTH_SUBTREE root=6635 depth=28 w=9.9937209977e+37 Shat=3.0000000000e+00 Lhat=0.0000000000e+00
KNUTH_SUBTREE root=6636 depth=28 w=1.6611075439e+37 Shat=1.0000000000e+00 Lhat=0.0000000000e+00
KNUTH_SUBTREE root=6637 depth=28 w=2.9505875421e+38 Shat=1.0445600000e+02 Lhat=0.0000000000e+00
KNUTH_SUBTREE root=6638 depth=28 w=4.2925460476e+37 Shat=3.0000000000e+00 Lhat=0.0000000000e+00
KNUTH_SUBTREE root=6639 depth=28 w=1.9904918468e+38 Shat=1.3000000000e+01 Lhat=0.0000000000e+00
KNUTH_SUBTREE root=6640 depth=28 w=3.3779711420e+38 Shat=2.0000000000e+00 Lhat=0.0000000000e+00
KNUTH_SUBTREE root=6641 depth=28 w=1.4910296101e+39 Shat=3.0000000000e+00 Lhat=0.0000000000e+00
KNUTH_SUBTREE root=6642 depth=28 w=1.1011647988e+39 Shat=3.0000000000e+00 Lhat=0.0000000000e+00
KNUTH_SUBTREE root=6643 depth=28 w=2.2615227166e+39 Shat=1.9796000000e+02 Lhat=0.0000000000e+00
KNUTH_SUBTREE root=6644 depth=28 w=3.2477306325e+38 Shat=9.9224000000e+01 Lhat=0.0000000000e+00
KNUTH_SUBTREE root=6645 depth=28 w=1.2917618457e+39 Shat=7.9080000000e+00 Lhat=0.0000000000e+00
KNUTH_SUBTREE root=6646 depth=28 w=1.9529223535e+38 Shat=5.5558000000e+01 Lhat=0.0000000000e+00
KNUTH_SUBTREE root=6647 depth=28 w=1.4966132505e+39 Shat=4.0000000000e+00 Lhat=0.0000000000e+00
KNUTH_SUBTREE root=6648 depth=28 w=8.0019919669e+38 Shat=5.0000000000e+00 Lhat=0.0000000000e+00
KNUTH_SUBTREE root=6649 depth=28 w=2.1849615176e+37 Shat=1.0000000000e+00 Lhat=0.0000000000e+00
KNUTH_SUBTREE root=6650 depth=28 w=1.8778673699e+37 Shat=1.0000000000e+00 Lhat=0.0000000000e+00
KNUTH_SUBTREE root=6651 depth=28 w=1.7025712807e+38 Shat=4.0000000000e+00 Lhat=0.0000000000e+00
KNUTH_SUBTREE root=6652 depth=28 w=2.7607837818e+38 Shat=1.5420200000e+02 Lhat=0.0000000000e+00
KNUTH_SUBTREE root=6653 depth=28 w=1.6373759511e+39 Shat=3.1000000000e+01 Lhat=0.0000000000e+00
KNUTH_SUBTREE root=6654 depth=28 w=3.3921208988e+38 Shat=1.0000000000e+00 Lhat=0.0000000000e+00
KNUTH_SUBTREE root=6655 depth=28 w=2.5878908797e+38 Shat=3.0000000000e+00 Lhat=0.0000000000e+00
KNUTH_SUBTREE root=6656 depth=28 w=4.8070120910e+38 Shat=4.0200000000e+00 Lhat=0.0000000000e+00
KNUTH_SUBTREE root=6657 depth=28 w=3.3310423040e+38 Shat=3.0000000000e+00 Lhat=0.0000000000e+00
KNUTH_SUBTREE root=6658 depth=28 w=1.1918664979e+38 Shat=3.8542000000e+01 Lhat=0.0000000000e+00
KNUTH_SUBTREE root=6659 depth=28 w=9.0326248414e+38 Shat=5.6432000000e+01 Lhat=0.0000000000e+00
KNUTH_SUBTREE root=6660 depth=28 w=1.9667051199e+38 Shat=1.0000000000e+00 Lhat=0.0000000000e+00
KNUTH_SUBTREE root=6661 depth=28 w=7.3736515973e+38 Shat=2.3175000000e+01 Lhat=0.0000000000e+00
KNUTH_SUBTREE root=6662 depth=28 w=1.8958692211e+38 Shat=3.0000000000e+00 Lhat=0.0000000000e+00
KNUTH_SUBTREE root=6663 depth=28 w=3.0551722690e+37 Shat=5.0000000000e+00 Lhat=0.0000000000e+00
KNUTH_SUBTREE root=6664 depth=28 w=0 Shat=0 Lhat=0 dead=1
KNUTH_SUBTREE root=6665 depth=28 w=4.4242353636e+38 Shat=1.7184000000e+01 Lhat=0.0000000000e+00
KNUTH_SUBTREE root=6666 depth=28 w=1.6972393630e+38 Shat=1.0000000000e+00 Lhat=0.0000000000e+00
KNUTH_SUBTREE root=6667 depth=28 w=2.5136752554e+39 Shat=1.0000000000e+00 Lhat=0.0000000000e+00
KNUTH_SUBTREE root=6668 depth=28 w=7.2112393380e+38 Shat=4.2328000000e+01 Lhat=0.0000000000e+00
KNUTH_SUBTREE root=6669 depth=28 w=1.2194859091e+38 Shat=1.0000000000e+00 Lhat=0.0000000000e+00
KNUTH_SUBTREE root=6670 depth=28 w=1.3598601572e+38 Shat=1.0000000000e+00 Lhat=0.0000000000e+00
KNUTH_SUBTREE root=6671 depth=28 w=1.7302101343e+38 Shat=3.0000000000e+00 Lhat=0.0000000000e+00
KNUTH_SUBTREE root=6672 depth=28 w=2.6250945694e+39 Shat=6.2755000000e+01 Lhat=0.0000000000e+00
KNUTH_SUBTREE root=6673 depth=28 w=2.1866813604e+37 Shat=5.0000000000e+00 Lhat=0.0000000000e+00
KNUTH_SUBTREE root=6674 depth=28 w=1.1661943522e+38 Shat=4.0000000000e+00 Lhat=0.0000000000e+00
KNUTH_SUBTREE root=6675 depth=28 w=1.8872102363e+38 Shat=6.3976000000e+01 Lhat=0.0000000000e+00
KNUTH_SUBTREE root=6676 depth=28 w=2.9974448753e+38 Shat=5.9440000000e+00 Lhat=0.0000000000e+00
KNUTH_SUBTREE root=6677 depth=28 w=8.7681965335e+35 Shat=2.0000000000e+00 Lhat=0.0000000000e+00
KNUTH_SUBTREE root=6678 depth=28 w=1.2177609471e+39 Shat=5.0000000000e+00 Lhat=0.0000000000e+00
KNUTH_SUBTREE root=6679 depth=28 w=2.1779956271e+39 Shat=3.1288000000e+01 Lhat=0.0000000000e+00
KNUTH_SUBTREE root=6680 depth=28 w=2.0972742439e+39 Shat=5.0000000000e+00 Lhat=0.0000000000e+00
KNUTH_SUBTREE root=6681 depth=28 w=7.6129540970e+38 Shat=3.0000000000e+00 Lhat=0.0000000000e+00
KNUTH_SUBTREE root=6682 depth=28 w=1.0485984942e+39 Shat=3.0000000000e+00 Lhat=0.0000000000e+00
KNUTH_SUBTREE root=6683 depth=28 w=2.4911597332e+39 Shat=2.3656000000e+01 Lhat=0.0000000000e+00
KNUTH_SUBTREE root=6684 depth=28 w=3.8154817479e+38 Shat=4.7984000000e+01 Lhat=0.0000000000e+00
KNUTH_SUBTREE root=6685 depth=28 w=1.2079800757e+38 Shat=1.2235000000e+02 Lhat=0.0000000000e+00
KNUTH_SUBTREE root=6686 depth=28 w=4.5848731296e+38 Shat=1.0488000000e+02 Lhat=0.0000000000e+00
KNUTH_SUBTREE root=6687 depth=28 w=3.5783447602e+38 Shat=1.0000000000e+00 Lhat=0.0000000000e+00
KNUTH_SUBTREE root=6688 depth=28 w=9.4753203585e+38 Shat=8.7694000000e+01 Lhat=0.0000000000e+00
KNUTH_SUBTREE root=6689 depth=28 w=1.0724906594e+39 Shat=5.7760000000e+01 Lhat=7.2000000000e+00
KNUTH_SUBTREE root=6690 depth=28 w=3.7990927371e+38 Shat=5.0000000000e+00 Lhat=0.0000000000e+00
KNUTH_SUBTREE root=6691 depth=28 w=8.2372160777e+38 Shat=9.0000000000e+00 Lhat=0.0000000000e+00
KNUTH_SUBTREE root=6692 depth=28 w=2.0205535101e+38 Shat=1.8862600000e+02 Lhat=0.0000000000e+00
KNUTH_SUBTREE root=6693 depth=28 w=3.6074790119e+37 Shat=2.0000000000e+00 Lhat=0.0000000000e+00
KNUTH_SUBTREE root=6694 depth=28 w=9.8510931813e+37 Shat=5.0000000000e+00 Lhat=0.0000000000e+00
KNUTH_SUBTREE root=6695 depth=28 w=2.5254808046e+38 Shat=1.3000000000e+01 Lhat=0.0000000000e+00
KNUTH_SUBTREE root=6696 depth=28 w=5.8690115902e+38 Shat=1.1962000000e+01 Lhat=0.0000000000e+00
KNUTH_SUBTREE root=6697 depth=28 w=6.6454916534e+38 Shat=3.2404000000e+01 Lhat=0.0000000000e+00
KNUTH_SUBTREE root=6698 depth=28 w=9.3902344001e+38 Shat=1.6006000000e+01 Lhat=0.0000000000e+00
KNUTH_SUBTREE root=6699 depth=28 w=3.8027063028e+38 Shat=4.0000000000e+00 Lhat=0.0000000000e+00
KNUTH_SUBTREE root=6700 depth=28 w=1.8388810451e+38 Shat=3.9240000000e+01 Lhat=0.0000000000e+00
KNUTH_SUBTREE root=6701 depth=28 w=1.6298452647e+39 Shat=4.0000000000e+00 Lhat=0.0000000000e+00
KNUTH_SUBTREE root=6702 depth=28 w=3.6842385395e+38 Shat=1.2007000000e+01 Lhat=0.0000000000e+00
KNUTH_SUBTREE root=6703 depth=28 w=2.3262540376e+39 Shat=2.0784000000e+01 Lhat=0.0000000000e+00
KNUTH_SUBTREE root=6704 depth=28 w=1.6083808287e+38 Shat=8.7360000000e+00 Lhat=0.0000000000e+00
KNUTH_SUBTREE root=6705 depth=28 w=4.1214758950e+37 Shat=1.0000000000e+00 Lhat=0.0000000000e+00
KNUTH_SUBTREE root=6706 depth=28 w=1.2453455063e+39 Shat=1.2076000000e+01 Lhat=0.0000000000e+00
KNUTH_SUBTREE root=6707 depth=28 w=6.0933566144e+38 Shat=1.3000000000e+01 Lhat=0.0000000000e+00
KNUTH_SUBTREE root=6708 depth=28 w=1.0133752513e+38 Shat=2.0000000000e+00 Lhat=0.0000000000e+00
KNUTH_SUBTREE root=6709 depth=28 w=3.0427025778e+39 Shat=6.1128000000e+01 Lhat=0.0000000000e+00
KNUTH_SUBTREE root=6710 depth=28 w=8.2647406989e+37 Shat=1.0000000000e+00 Lhat=0.0000000000e+00
KNUTH_SUBTREE root=6711 depth=28 w=1.4353020386e+39 Shat=2.1577000000e+01 Lhat=0.0000000000e+00
KNUTH_SUBTREE root=6712 depth=28 w=1.1479807921e+39 Shat=1.0000000000e+01 Lhat=0.0000000000e+00
KNUTH_SUBTREE root=6713 depth=28 w=2.1180217274e+38 Shat=1.7506000000e+01 Lhat=0.0000000000e+00
KNUTH_SUBTREE root=6714 depth=28 w=1.7066079527e+38 Shat=1.2036000000e+01 Lhat=0.0000000000e+00
KNUTH_SUBTREE root=6715 depth=28 w=3.0349514967e+36 Shat=1.0000000000e+00 Lhat=0.0000000000e+00
KNUTH_SUBTREE root=6716 depth=28 w=2.8241591322e+38 Shat=9.0000000000e+00 Lhat=0.0000000000e+00
KNUTH_SUBTREE root=6717 depth=28 w=3.3524237577e+38 Shat=2.1304000000e+01 Lhat=0.0000000000e+00
KNUTH_SUBTREE root=6718 depth=28 w=1.6469441837e+37 Shat=6.0280000000e+00 Lhat=0.0000000000e+00
KNUTH_SUBTREE root=6719 depth=28 w=2.5585005572e+39 Shat=8.1040000000e+00 Lhat=0.0000000000e+00
KNUTH_SUBTREE root=6720 depth=28 w=1.6032987188e+36 Shat=3.0000000000e+00 Lhat=0.0000000000e+00
KNUTH_SUBTREE root=6721 depth=28 w=4.2354073467e+37 Shat=4.0000000000e+00 Lhat=0.0000000000e+00
KNUTH_SUBTREE root=6722 depth=28 w=2.0530841427e+39 Shat=9.3603000000e+01 Lhat=0.0000000000e+00
KNUTH_SUBTREE root=6723 depth=28 w=6.2490865802e+37 Shat=5.0000000000e+00 Lhat=0.0000000000e+00
KNUTH_SUBTREE root=6724 depth=28 w=8.6983187359e+37 Shat=9.0000000000e+00 Lhat=0.0000000000e+00
KNUTH_SUBTREE root=6725 depth=28 w=2.4063037533e+38 Shat=2.0000000000e+00 Lhat=0.0000000000e+00
KNUTH_SUBTREE root=6726 depth=28 w=3.9624555725e+39 Shat=1.2888000000e+01 Lhat=0.0000000000e+00
KNUTH_SUBTREE root=6727 depth=28 w=1.6141914408e+38 Shat=1.1008000000e+01 Lhat=0.0000000000e+00
KNUTH_SUBTREE root=6728 depth=28 w=7.3760361717e+37 Shat=1.1040000000e+01 Lhat=0.0000000000e+00
KNUTH_SUBTREE root=6729 depth=28 w=2.1232002386e+37 Shat=3.0000000000e+00 Lhat=0.0000000000e+00
KNUTH_SUBTREE root=6730 depth=28 w=4.1765946482e+37 Shat=1.0000000000e+00 Lhat=0.0000000000e+00
KNUTH_SUBTREE root=6731 depth=28 w=1.6511137234e+38 Shat=2.0000000000e+00 Lhat=0.0000000000e+00
KNUTH_SUBTREE root=6732 depth=28 w=5.2660647176e+38 Shat=2.2830000000e+01 Lhat=0.0000000000e+00
KNUTH_SUBTREE root=6733 depth=28 w=2.4466229855e+38 Shat=2.2850000000e+01 Lhat=0.0000000000e+00
KNUTH_SUBTREE root=6734 depth=28 w=1.0699880109e+39 Shat=4.3006000000e+01 Lhat=0.0000000000e+00
KNUTH_SUBTREE root=6735 depth=28 w=1.7470777817e+38 Shat=2.0000000000e+00 Lhat=0.0000000000e+00
KNUTH_SUBTREE root=6736 depth=28 w=5.3905498538e+38 Shat=3.0000000000e+00 Lhat=0.0000000000e+00
KNUTH_SUBTREE root=6737 depth=28 w=8.8173637268e+38 Shat=1.0772000000e+01 Lhat=0.0000000000e+00
KNUTH_SUBTREE root=6738 depth=28 w=1.8130862719e+37 Shat=3.0000000000e+00 Lhat=0.0000000000e+00
KNUTH_SUBTREE root=6739 depth=28 w=2.6486608787e+38 Shat=3.4444000000e+01 Lhat=0.0000000000e+00
KNUTH_SUBTREE root=6740 depth=28 w=2.0479870193e+39 Shat=8.0500000000e+01 Lhat=0.0000000000e+00
KNUTH_SUBTREE root=6741 depth=28 w=5.6483677689e+38 Shat=1.3016000000e+01 Lhat=0.0000000000e+00
KNUTH_SUBTREE root=6742 depth=28 w=1.2022736235e+39 Shat=1.3000000000e+01 Lhat=0.0000000000e+00
KNUTH_SUBTREE root=6743 depth=28 w=0 Shat=0 Lhat=0 dead=1
KNUTH_SUBTREE root=6744 depth=28 w=1.5882468092e+38 Shat=1.0000000000e+01 Lhat=0.0000000000e+00
KNUTH_SUBTREE root=6745 depth=28 w=1.2365324195e+38 Shat=3.0000000000e+00 Lhat=0.0000000000e+00
KNUTH_SUBTREE root=6746 depth=28 w=1.9690771399e+37 Shat=2.6620000000e+01 Lhat=0.0000000000e+00
KNUTH_SUBTREE root=6747 depth=28 w=2.4379342510e+39 Shat=1.2004000000e+01 Lhat=0.0000000000e+00
KNUTH_SUBTREE root=6748 depth=28 w=3.0153807792e+38 Shat=7.0000000000e+00 Lhat=0.0000000000e+00
KNUTH_SUBTREE root=6749 depth=28 w=3.8893037732e+38 Shat=1.0000000000e+00 Lhat=0.0000000000e+00
KNUTH_SUBTREE root=6750 depth=28 w=3.0060712053e+37 Shat=7.0000000000e+00 Lhat=0.0000000000e+00
KNUTH_SUBTREE root=6751 depth=28 w=3.3971981278e+37 Shat=5.0000000000e+00 Lhat=0.0000000000e+00
KNUTH_SUBTREE root=6752 depth=28 w=2.3279155811e+38 Shat=3.0000000000e+00 Lhat=0.0000000000e+00
KNUTH_SUBTREE root=6753 depth=28 w=1.8959197209e+39 Shat=2.5516000000e+01 Lhat=0.0000000000e+00
KNUTH_SUBTREE root=6754 depth=28 w=4.0403702396e+38 Shat=1.4244000000e+01 Lhat=0.0000000000e+00
KNUTH_SUBTREE root=6755 depth=28 w=5.1344616666e+37 Shat=1.2904000000e+01 Lhat=0.0000000000e+00
KNUTH_SUBTREE root=6756 depth=28 w=6.9584980363e+38 Shat=1.0000000000e+01 Lhat=0.0000000000e+00
KNUTH_SUBTREE root=6757 depth=28 w=2.6970644796e+39 Shat=4.5152000000e+01 Lhat=0.0000000000e+00
KNUTH_SUBTREE root=6758 depth=28 w=3.5825188465e+38 Shat=3.3295000000e+01 Lhat=0.0000000000e+00
KNUTH_SUBTREE root=6759 depth=28 w=3.2169299038e+38 Shat=9.9150000000e+00 Lhat=0.0000000000e+00
KNUTH_SUBTREE root=6760 depth=28 w=1.0538574287e+37 Shat=3.0000000000e+00 Lhat=0.0000000000e+00
KNUTH_SUBTREE root=6761 depth=28 w=2.0897301746e+39 Shat=3.0970000000e+01 Lhat=0.0000000000e+00
KNUTH_SUBTREE root=6762 depth=28 w=9.8070244699e+38 Shat=9.5488000000e+01 Lhat=0.0000000000e+00
KNUTH_SUBTREE root=6763 depth=28 w=6.1373501870e+38 Shat=1.1962000000e+01 Lhat=0.0000000000e+00
KNUTH_SUBTREE root=6764 depth=28 w=0 Shat=0 Lhat=0 dead=1
KNUTH_SUBTREE root=6765 depth=28 w=4.6893440964e+38 Shat=9.4156000000e+01 Lhat=0.0000000000e+00
KNUTH_SUBTREE root=6766 depth=28 w=2.4533268418e+39 Shat=7.9976000000e+01 Lhat=0.0000000000e+00
KNUTH_SUBTREE root=6767 depth=28 w=1.2400800074e+39 Shat=2.6725000000e+01 Lhat=2.0400000000e+00
KNUTH_SUBTREE root=6768 depth=28 w=8.2413958892e+35 Shat=3.0000000000e+00 Lhat=0.0000000000e+00
KNUTH_SUBTREE root=6769 depth=28 w=3.1016811212e+38 Shat=1.0000000000e+01 Lhat=0.0000000000e+00
KNUTH_SUBTREE root=6770 depth=28 w=6.2803286307e+37 Shat=3.0000000000e+00 Lhat=0.0000000000e+00
KNUTH_SUBTREE root=6771 depth=28 w=0 Shat=0 Lhat=0 dead=1
KNUTH_SUBTREE root=6772 depth=28 w=1.2796097235e+38 Shat=1.7130000000e+01 Lhat=0.0000000000e+00
KNUTH_SUBTREE root=6773 depth=28 w=2.1011330689e+38 Shat=3.0625000000e+01 Lhat=0.0000000000e+00
KNUTH_SUBTREE root=6774 depth=28 w=1.6551067904e+38 Shat=4.2340000000e+01 Lhat=0.0000000000e+00
KNUTH_SUBTREE root=6775 depth=28 w=2.8424550288e+37 Shat=2.0000000000e+00 Lhat=0.0000000000e+00
KNUTH_SUBTREE root=6776 depth=28 w=2.2448263475e+37 Shat=3.0000000000e+00 Lhat=0.0000000000e+00
KNUTH_SUBTREE root=6777 depth=28 w=4.9667407681e+36 Shat=9.0000000000e+00 Lhat=0.0000000000e+00
KNUTH_SUBTREE root=6778 depth=28 w=2.1663869231e+38 Shat=7.2768000000e+01 Lhat=0.0000000000e+00
KNUTH_SUBTREE root=6779 depth=28 w=1.6564477255e+38 Shat=1.0000000000e+00 Lhat=0.0000000000e+00
KNUTH_SUBTREE root=6780 depth=28 w=8.4994006912e+38 Shat=5.0000000000e+00 Lhat=0.0000000000e+00
KNUTH_SUBTREE root=6781 depth=28 w=1.1612794865e+37 Shat=2.0000000000e+00 Lhat=0.0000000000e+00
KNUTH_SUBTREE root=6782 depth=28 w=1.3881582408e+37 Shat=1.0000000000e+00 Lhat=0.0000000000e+00
KNUTH_SUBTREE root=6783 depth=28 w=7.4445852440e+36 Shat=9.0000000000e+00 Lhat=0.0000000000e+00
KNUTH_SUBTREE root=6784 depth=28 w=8.1553422387e+37 Shat=2.0000000000e+00 Lhat=0.0000000000e+00
KNUTH_SUBTREE root=6785 depth=28 w=1.0271834010e+38 Shat=1.6000000000e+01 Lhat=0.0000000000e+00
KNUTH_SUBTREE root=6786 depth=28 w=0 Shat=0 Lhat=0 dead=1
KNUTH_SUBTREE root=6787 depth=28 w=9.4221005104e+36 Shat=1.0000000000e+00 Lhat=0.0000000000e+00
KNUTH_SUBTREE root=6788 depth=28 w=1.7100235152e+38 Shat=2.0000000000e+00 Lhat=0.0000000000e+00
KNUTH_SUBTREE root=6789 depth=28 w=2.7540177008e+37 Shat=3.0000000000e+00 Lhat=0.0000000000e+00
KNUTH_SUBTREE root=6790 depth=28 w=2.1185946323e+39 Shat=1.0688000000e+01 Lhat=0.0000000000e+00
KNUTH_SUBTREE root=6791 depth=28 w=2.3322006687e+38 Shat=3.3322000000e+01 Lhat=0.0000000000e+00
KNUTH_SUBTREE root=6792 depth=28 w=3.4538383730e+38 Shat=1.5155600000e+02 Lhat=0.0000000000e+00
KNUTH_SUBTREE root=6793 depth=28 w=1.9071731840e+39 Shat=6.2740000000e+01 Lhat=0.0000000000e+00
KNUTH_SUBTREE root=6794 depth=28 w=2.7930023889e+38 Shat=1.1040000000e+01 Lhat=0.0000000000e+00
KNUTH_SUBTREE root=6795 depth=28 w=1.0434975484e+39 Shat=8.9800000000e+00 Lhat=0.0000000000e+00
KNUTH_SUBTREE root=6796 depth=28 w=1.0821310506e+38 Shat=3.0000000000e+00 Lhat=0.0000000000e+00
KNUTH_SUBTREE root=6797 depth=28 w=3.5765821631e+38 Shat=5.0000000000e+00 Lhat=0.0000000000e+00
KNUTH_SUBTREE root=6798 depth=28 w=5.9858949709e+38 Shat=1.0000000000e+00 Lhat=0.0000000000e+00
KNUTH_SUBTREE root=6799 depth=28 w=9.8279144064e+37 Shat=1.0000000000e+00 Lhat=0.0000000000e+00
KNUTH_SUBTREE root=6800 depth=28 w=1.8973699971e+39 Shat=1.0000000000e+01 Lhat=0.0000000000e+00
KNUTH_SUBTREE root=6801 depth=28 w=7.1217199280e+38 Shat=4.9216000000e+01 Lhat=0.0000000000e+00
KNUTH_SUBTREE root=6802 depth=28 w=4.0606222293e+38 Shat=1.3760000000e+01 Lhat=0.0000000000e+00
KNUTH_SUBTREE root=6803 depth=28 w=6.0673910072e+38 Shat=6.4936000000e+01 Lhat=0.0000000000e+00
KNUTH_SUBTREE root=6804 depth=28 w=3.2604456236e+38 Shat=1.3000000000e+01 Lhat=0.0000000000e+00
KNUTH_SUBTREE root=6805 depth=28 w=1.6271689101e+38 Shat=3.0000000000e+00 Lhat=0.0000000000e+00
KNUTH_SUBTREE root=6806 depth=28 w=8.4154934274e+38 Shat=1.0000000000e+00 Lhat=0.0000000000e+00
KNUTH_SUBTREE root=6807 depth=28 w=1.6469104065e+39 Shat=1.3660000000e+01 Lhat=0.0000000000e+00
KNUTH_SUBTREE root=6808 depth=28 w=8.3849752032e+37 Shat=3.0000000000e+00 Lhat=0.0000000000e+00
KNUTH_SUBTREE root=6809 depth=28 w=4.2386812236e+38 Shat=3.3172000000e+01 Lhat=0.0000000000e+00
KNUTH_SUBTREE root=6810 depth=28 w=0 Shat=0 Lhat=0 dead=1
KNUTH_SUBTREE root=6811 depth=28 w=1.7764440547e+38 Shat=3.3228000000e+01 Lhat=0.0000000000e+00
KNUTH_SUBTREE root=6812 depth=28 w=3.1683957282e+39 Shat=7.7629000000e+01 Lhat=0.0000000000e+00
KNUTH_SUBTREE root=6813 depth=28 w=3.5252518116e+38 Shat=2.0000000000e+00 Lhat=0.0000000000e+00
KNUTH_SUBTREE root=6814 depth=28 w=2.6433617606e+39 Shat=1.6905000000e+01 Lhat=0.0000000000e+00
KNUTH_SUBTREE root=6815 depth=28 w=1.4699371971e+39 Shat=6.2920000000e+01 Lhat=0.0000000000e+00
KNUTH_SUBTREE root=6816 depth=28 w=2.3490785970e+38 Shat=1.0000000000e+00 Lhat=0.0000000000e+00
KNUTH_SUBTREE root=6817 depth=28 w=2.3370114144e+39 Shat=7.6544000000e+01 Lhat=0.0000000000e+00
KNUTH_SUBTREE root=6818 depth=28 w=0 Shat=0 Lhat=0 dead=1
KNUTH_SUBTREE root=6819 depth=28 w=5.7126548054e+37 Shat=1.0000000000e+01 Lhat=0.0000000000e+00
KNUTH_SUBTREE root=6820 depth=28 w=0 Shat=0 Lhat=0 dead=1
KNUTH_SUBTREE root=6821 depth=28 w=2.0803921647e+38 Shat=5.0000000000e+00 Lhat=0.0000000000e+00
KNUTH_SUBTREE root=6822 depth=28 w=5.3708528538e+38 Shat=1.0318600000e+02 Lhat=0.0000000000e+00
KNUTH_SUBTREE root=6823 depth=28 w=5.7128332202e+38 Shat=3.7700000000e+01 Lhat=0.0000000000e+00
KNUTH_SUBTREE root=6824 depth=28 w=2.3097000527e+39 Shat=1.0760000000e+02 Lhat=0.0000000000e+00
KNUTH_SUBTREE root=6825 depth=28 w=1.0902834097e+39 Shat=2.5170000000e+01 Lhat=0.0000000000e+00
KNUTH_SUBTREE root=6826 depth=28 w=1.4095990895e+39 Shat=4.0000000000e+00 Lhat=0.0000000000e+00
KNUTH_SUBTREE root=6827 depth=28 w=4.6000479469e+38 Shat=5.7436000000e+01 Lhat=0.0000000000e+00
KNUTH_SUBTREE root=6828 depth=28 w=3.5476788396e+38 Shat=1.7786000000e+01 Lhat=0.0000000000e+00
KNUTH_SUBTREE root=6829 depth=28 w=3.7218733420e+38 Shat=1.3000000000e+01 Lhat=0.0000000000e+00
KNUTH_SUBTREE root=6830 depth=28 w=1.4048048994e+39 Shat=2.0000000000e+00 Lhat=0.0000000000e+00
KNUTH_SUBTREE root=6831 depth=28 w=3.3076191574e+39 Shat=1.1535400000e+02 Lhat=1.7838000000e+01
KNUTH_SUBTREE root=6832 depth=28 w=4.1813924393e+38 Shat=6.7708000000e+01 Lhat=0.0000000000e+00
KNUTH_SUBTREE root=6833 depth=28 w=8.3554469918e+36 Shat=1.0000000000e+00 Lhat=0.0000000000e+00
KNUTH_SUBTREE root=6834 depth=28 w=2.7213513948e+38 Shat=5.8060000000e+00 Lhat=0.0000000000e+00
KNUTH_SUBTREE root=6835 depth=28 w=8.0076922210e+36 Shat=3.0000000000e+00 Lhat=0.0000000000e+00
KNUTH_SUBTREE root=6836 depth=28 w=7.8100341833e+37 Shat=7.0000000000e+00 Lhat=0.0000000000e+00
KNUTH_SUBTREE root=6837 depth=28 w=4.1814369507e+38 Shat=1.2375000000e+01 Lhat=0.0000000000e+00
KNUTH_SUBTREE root=6838 depth=28 w=3.1096236551e+39 Shat=3.0000000000e+00 Lhat=0.0000000000e+00
KNUTH_SUBTREE root=6839 depth=28 w=2.6819381376e+39 Shat=6.1000000000e+01 Lhat=0.0000000000e+00
KNUTH_SUBTREE root=6840 depth=28 w=4.8072334871e+37 Shat=5.0000000000e+00 Lhat=0.0000000000e+00
KNUTH_SUBTREE root=6841 depth=28 w=1.7757721615e+38 Shat=3.0000000000e+00 Lhat=0.0000000000e+00
KNUTH_SUBTREE root=6842 depth=28 w=1.9601735572e+39 Shat=7.9780000000e+00 Lhat=0.0000000000e+00
KNUTH_SUBTREE root=6843 depth=28 w=6.0428369854e+37 Shat=3.0000000000e+00 Lhat=0.0000000000e+00
KNUTH_SUBTREE root=6844 depth=28 w=1.7022753627e+37 Shat=3.0000000000e+00 Lhat=0.0000000000e+00
KNUTH_SUBTREE root=6845 depth=28 w=2.8010849299e+38 Shat=2.0000000000e+00 Lhat=0.0000000000e+00
KNUTH_SUBTREE root=6846 depth=28 w=6.6880487887e+38 Shat=3.0000000000e+00 Lhat=0.0000000000e+00
KNUTH_SUBTREE root=6847 depth=28 w=0 Shat=0 Lhat=0 dead=1
KNUTH_SUBTREE root=6848 depth=28 w=1.9849592518e+37 Shat=6.1480000000e+00 Lhat=0.0000000000e+00
KNUTH_SUBTREE root=6849 depth=28 w=9.4412456923e+38 Shat=3.0000000000e+00 Lhat=0.0000000000e+00
KNUTH_SUBTREE root=6850 depth=28 w=3.0018620492e+39 Shat=4.8754000000e+01 Lhat=0.0000000000e+00
KNUTH_SUBTREE root=6851 depth=28 w=8.1438701908e+36 Shat=1.0000000000e+00 Lhat=0.0000000000e+00
KNUTH_SUBTREE root=6852 depth=28 w=8.9467234561e+38 Shat=3.1270000000e+01 Lhat=0.0000000000e+00
KNUTH_SUBTREE root=6853 depth=28 w=1.9702430219e+38 Shat=1.9046000000e+01 Lhat=0.0000000000e+00
KNUTH_SUBTREE root=6854 depth=28 w=2.1621106674e+39 Shat=8.0380000000e+00 Lhat=0.0000000000e+00
KNUTH_SUBTREE root=6855 depth=28 w=0 Shat=0 Lhat=0 dead=1
KNUTH_SUBTREE root=6856 depth=28 w=4.3530347539e+38 Shat=1.2030000000e+01 Lhat=0.0000000000e+00
KNUTH_SUBTREE root=6857 depth=28 w=9.7690109413e+38 Shat=3.0000000000e+00 Lhat=0.0000000000e+00
KNUTH_SUBTREE root=6858 depth=28 w=7.2184338984e+38 Shat=1.4403200000e+02 Lhat=0.0000000000e+00
KNUTH_SUBTREE root=6859 depth=28 w=1.3668242782e+37 Shat=7.0000000000e+00 Lhat=0.0000000000e+00
KNUTH_SUBTREE root=6860 depth=28 w=2.6325043447e+38 Shat=7.3744000000e+01 Lhat=0.0000000000e+00
KNUTH_SUBTREE root=6861 depth=28 w=1.3381942933e+37 Shat=1.0000000000e+00 Lhat=0.0000000000e+00
KNUTH_SUBTREE root=6862 depth=28 w=3.4800938514e+38 Shat=1.0000000000e+01 Lhat=0.0000000000e+00
KNUTH_SUBTREE root=6863 depth=28 w=1.4599233581e+36 Shat=1.0000000000e+00 Lhat=0.0000000000e+00
KNUTH_SUBTREE root=6864 depth=28 w=1.8980861267e+38 Shat=6.0280000000e+00 Lhat=0.0000000000e+00
KNUTH_SUBTREE root=6865 depth=28 w=2.5398446396e+38 Shat=4.8824000000e+01 Lhat=0.0000000000e+00
KNUTH_SUBTREE root=6866 depth=28 w=2.0061325074e+38 Shat=1.9732000000e+01 Lhat=0.0000000000e+00
KNUTH_SUBTREE root=6867 depth=28 w=3.7167070688e+38 Shat=2.0000000000e+00 Lhat=0.0000000000e+00
KNUTH_SUBTREE root=6868 depth=28 w=6.4080159117e+37 Shat=3.0000000000e+00 Lhat=0.0000000000e+00
KNUTH_SUBTREE root=6869 depth=28 w=2.6301791949e+39 Shat=3.8310000000e+01 Lhat=0.0000000000e+00
KNUTH_SUBTREE root=6870 depth=28 w=1.8283696665e+38 Shat=1.8015000000e+01 Lhat=0.0000000000e+00
KNUTH_SUBTREE root=6871 depth=28 w=1.1946033117e+39 Shat=7.0000000000e+00 Lhat=0.0000000000e+00
KNUTH_SUBTREE root=6872 depth=28 w=3.2432136608e+38 Shat=6.2480000000e+01 Lhat=0.0000000000e+00
KNUTH_SUBTREE root=6873 depth=28 w=3.2671131149e+37 Shat=3.0000000000e+00 Lhat=0.0000000000e+00
KNUTH_SUBTREE root=6874 depth=28 w=1.7144898260e+38 Shat=8.1676000000e+01 Lhat=0.0000000000e+00
KNUTH_SUBTREE root=6875 depth=28 w=6.7131826323e+36 Shat=2.0000000000e+00 Lhat=0.0000000000e+00
KNUTH_SUBTREE root=6876 depth=28 w=0 Shat=0 Lhat=0 dead=1
KNUTH_SUBTREE root=6877 depth=28 w=4.9756539029e+38 Shat=1.0000000000e+01 Lhat=0.0000000000e+00
KNUTH_SUBTREE root=6878 depth=28 w=4.9830373409e+36 Shat=1.0000000000e+00 Lhat=0.0000000000e+00
KNUTH_SUBTREE root=6879 depth=28 w=5.1570597672e+37 Shat=7.0000000000e+00 Lhat=0.0000000000e+00
KNUTH_SUBTREE root=6880 depth=28 w=1.6602198516e+37 Shat=1.0000000000e+00 Lhat=0.0000000000e+00
KNUTH_SUBTREE root=6881 depth=28 w=2.4828458649e+38 Shat=7.0000000000e+00 Lhat=0.0000000000e+00
KNUTH_SUBTREE root=6882 depth=28 w=9.7780834260e+37 Shat=3.0000000000e+00 Lhat=0.0000000000e+00
KNUTH_SUBTREE root=6883 depth=28 w=1.7021227236e+39 Shat=2.4150000000e+01 Lhat=0.0000000000e+00
KNUTH_SUBTREE root=6884 depth=28 w=9.1336682704e+37 Shat=2.0000000000e+00 Lhat=0.0000000000e+00
KNUTH_SUBTREE root=6885 depth=28 w=2.5668657781e+39 Shat=3.8270000000e+01 Lhat=0.0000000000e+00
KNUTH_SUBTREE root=6886 depth=28 w=1.9382402998e+39 Shat=1.4026000000e+01 Lhat=0.0000000000e+00
KNUTH_SUBTREE root=6887 depth=28 w=2.7763547436e+38 Shat=2.5588000000e+01 Lhat=0.0000000000e+00
KNUTH_SUBTREE root=6888 depth=28 w=6.9823086607e+37 Shat=2.0000000000e+00 Lhat=0.0000000000e+00
KNUTH_SUBTREE root=6889 depth=28 w=1.0152266751e+38 Shat=2.0000000000e+00 Lhat=0.0000000000e+00
KNUTH_SUBTREE root=6890 depth=28 w=5.3739545392e+38 Shat=4.0000000000e+00 Lhat=0.0000000000e+00
KNUTH_SUBTREE root=6891 depth=28 w=2.1716275991e+36 Shat=1.0000000000e+00 Lhat=0.0000000000e+00
KNUTH_SUBTREE root=6892 depth=28 w=3.8948348189e+38 Shat=1.0000000000e+00 Lhat=0.0000000000e+00
KNUTH_SUBTREE root=6893 depth=28 w=1.2636554935e+38 Shat=4.0000000000e+00 Lhat=0.0000000000e+00
KNUTH_SUBTREE root=6894 depth=28 w=3.4965650915e+38 Shat=4.8814000000e+01 Lhat=0.0000000000e+00
KNUTH_SUBTREE root=6895 depth=28 w=8.7618980542e+38 Shat=8.0205000000e+01 Lhat=0.0000000000e+00
KNUTH_SUBTREE root=6896 depth=28 w=1.8416103251e+38 Shat=3.0000000000e+00 Lhat=0.0000000000e+00
KNUTH_SUBTREE root=6897 depth=28 w=1.7519624377e+39 Shat=4.9900000000e+00 Lhat=0.0000000000e+00
KNUTH_SUBTREE root=6898 depth=28 w=1.5929469221e+38 Shat=1.3906000000e+01 Lhat=0.0000000000e+00
KNUTH_SUBTREE root=6899 depth=28 w=1.6790705184e+36 Shat=3.0000000000e+00 Lhat=0.0000000000e+00
KNUTH_SUBTREE root=6900 depth=28 w=2.1909574701e+38 Shat=1.3000000000e+01 Lhat=0.0000000000e+00
KNUTH_SUBTREE root=6901 depth=28 w=9.7108913171e+38 Shat=7.0000000000e+00 Lhat=0.0000000000e+00
KNUTH_SUBTREE root=6902 depth=28 w=7.1473545196e+37 Shat=5.0000000000e+00 Lhat=0.0000000000e+00
KNUTH_SUBTREE root=6903 depth=28 w=1.7574518398e+38 Shat=5.8175000000e+01 Lhat=0.0000000000e+00
KNUTH_SUBTREE root=6904 depth=28 w=2.4098421502e+38 Shat=1.4983000000e+02 Lhat=0.0000000000e+00
KNUTH_SUBTREE root=6905 depth=28 w=4.8715383488e+37 Shat=5.0000000000e+00 Lhat=0.0000000000e+00
KNUTH_SUBTREE root=6906 depth=28 w=1.7422822574e+38 Shat=2.0000000000e+00 Lhat=0.0000000000e+00
KNUTH_SUBTREE root=6907 depth=28 w=1.1088842442e+39 Shat=7.0528000000e+01 Lhat=1.5984000000e+01
KNUTH_SUBTREE root=6908 depth=28 w=4.2696683073e+37 Shat=1.0000000000e+00 Lhat=0.0000000000e+00
KNUTH_SUBTREE root=6909 depth=28 w=9.7410637151e+38 Shat=7.6384000000e+01 Lhat=0.0000000000e+00
KNUTH_SUBTREE root=6910 depth=28 w=3.2685519477e+34 Shat=1.0000000000e+00 Lhat=0.0000000000e+00
KNUTH_SUBTREE root=6911 depth=28 w=3.0076085485e+37 Shat=1.0000000000e+00 Lhat=0.0000000000e+00
KNUTH_SUBTREE root=6912 depth=28 w=6.3976711833e+38 Shat=9.0000000000e+00 Lhat=0.0000000000e+00
KNUTH_SUBTREE root=6913 depth=28 w=1.8735263319e+38 Shat=1.9990000000e+01 Lhat=0.0000000000e+00
KNUTH_SUBTREE root=6914 depth=28 w=5.8299972358e+36 Shat=1.0000000000e+00 Lhat=0.0000000000e+00
KNUTH_SUBTREE root=6915 depth=28 w=1.8850634291e+39 Shat=5.9758000000e+01 Lhat=0.0000000000e+00
KNUTH_SUBTREE root=6916 depth=28 w=1.7343408615e+37 Shat=1.3954000000e+01 Lhat=0.0000000000e+00
KNUTH_SUBTREE root=6917 depth=28 w=0 Shat=0 Lhat=0 dead=1
KNUTH_SUBTREE root=6918 depth=28 w=1.3969190124e+38 Shat=1.5850000000e+01 Lhat=0.0000000000e+00
KNUTH_SUBTREE root=6919 depth=28 w=1.9722038643e+38 Shat=8.1880000000e+00 Lhat=0.0000000000e+00
KNUTH_SUBTREE root=6920 depth=28 w=3.8635448628e+38 Shat=7.9280000000e+00 Lhat=0.0000000000e+00
KNUTH_SUBTREE root=6921 depth=28 w=4.4302816082e+37 Shat=1.0000000000e+00 Lhat=0.0000000000e+00
KNUTH_SUBTREE root=6922 depth=28 w=2.7375601655e+38 Shat=3.8016000000e+01 Lhat=0.0000000000e+00
KNUTH_SUBTREE root=6923 depth=28 w=7.3127053243e+38 Shat=4.9400000000e+00 Lhat=0.0000000000e+00
KNUTH_SUBTREE root=6924 depth=28 w=5.8434251739e+36 Shat=1.0000000000e+00 Lhat=0.0000000000e+00
KNUTH_SUBTREE root=6925 depth=28 w=2.5110477516e+38 Shat=1.5000000000e+01 Lhat=0.0000000000e+00
KNUTH_SUBTREE root=6926 depth=28 w=2.2234710106e+39 Shat=9.4128000000e+01 Lhat=0.0000000000e+00
KNUTH_SUBTREE root=6927 depth=28 w=0 Shat=0 Lhat=0 dead=1
KNUTH_SUBTREE root=6928 depth=28 w=7.0543591995e+38 Shat=1.2053200000e+02 Lhat=0.0000000000e+00
KNUTH_SUBTREE root=6929 depth=28 w=5.2795442754e+38 Shat=1.4996000000e+01 Lhat=0.0000000000e+00
KNUTH_SUBTREE root=6930 depth=28 w=1.6357816055e+38 Shat=5.5000000000e+01 Lhat=0.0000000000e+00
KNUTH_SUBTREE root=6931 depth=28 w=8.8269936289e+38 Shat=3.0000000000e+00 Lhat=0.0000000000e+00
KNUTH_SUBTREE root=6932 depth=28 w=2.8205111929e+39 Shat=8.7604000000e+01 Lhat=0.0000000000e+00
KNUTH_SUBTREE root=6933 depth=28 w=1.1682168333e+38 Shat=2.0000000000e+00 Lhat=0.0000000000e+00
KNUTH_SUBTREE root=6934 depth=28 w=1.5712397179e+39 Shat=3.5128000000e+01 Lhat=0.0000000000e+00
KNUTH_SUBTREE root=6935 depth=28 w=9.7264590965e+37 Shat=1.0000000000e+00 Lhat=0.0000000000e+00
KNUTH_SUBTREE root=6936 depth=28 w=1.4749295998e+39 Shat=1.3000000000e+01 Lhat=0.0000000000e+00
KNUTH_SUBTREE root=6937 depth=28 w=1.5364024501e+38 Shat=4.8932000000e+01 Lhat=0.0000000000e+00
KNUTH_SUBTREE root=6938 depth=28 w=1.0778393288e+38 Shat=1.0000000000e+00 Lhat=0.0000000000e+00
KNUTH_SUBTREE root=6939 depth=28 w=1.9028702857e+39 Shat=1.6310000000e+01 Lhat=0.0000000000e+00
KNUTH_SUBTREE root=6940 depth=28 w=2.7024683883e+38 Shat=4.0000000000e+00 Lhat=0.0000000000e+00
KNUTH_SUBTREE root=6941 depth=28 w=0 Shat=0 Lhat=0 dead=1
KNUTH_SUBTREE root=6942 depth=28 w=0 Shat=0 Lhat=0 dead=1
KNUTH_SUBTREE root=6943 depth=28 w=6.7062738303e+36 Shat=1.0000000000e+00 Lhat=0.0000000000e+00
KNUTH_SUBTREE root=6944 depth=28 w=2.6732639216e+38 Shat=1.7176000000e+01 Lhat=0.0000000000e+00
KNUTH_SUBTREE root=6945 depth=28 w=2.9494428882e+39 Shat=1.5476000000e+01 Lhat=0.0000000000e+00
KNUTH_SUBTREE root=6946 depth=28 w=5.4207623317e+37 Shat=2.0000000000e+00 Lhat=0.0000000000e+00
KNUTH_SUBTREE root=6947 depth=28 w=4.0551046070e+38 Shat=7.8077000000e+01 Lhat=0.0000000000e+00
KNUTH_SUBTREE root=6948 depth=28 w=7.2377520907e+37 Shat=5.0000000000e+00 Lhat=0.0000000000e+00
KNUTH_SUBTREE root=6949 depth=28 w=0 Shat=0 Lhat=0 dead=1
KNUTH_SUBTREE root=6950 depth=28 w=0 Shat=0 Lhat=0 dead=1
KNUTH_SUBTREE root=6951 depth=28 w=4.7167539850e+37 Shat=3.0000000000e+00 Lhat=0.0000000000e+00
KNUTH_SUBTREE root=6952 depth=28 w=0 Shat=0 Lhat=0 dead=1
KNUTH_SUBTREE root=6953 depth=28 w=5.8524365108e+38 Shat=4.2037000000e+01 Lhat=0.0000000000e+00
KNUTH_SUBTREE root=6954 depth=28 w=0 Shat=0 Lhat=0 dead=1
KNUTH_SUBTREE root=6955 depth=28 w=1.0204733500e+39 Shat=4.0000000000e+00 Lhat=0.0000000000e+00
KNUTH_SUBTREE root=6956 depth=28 w=1.2126494226e+38 Shat=1.4641600000e+02 Lhat=0.0000000000e+00
KNUTH_SUBTREE root=6957 depth=28 w=2.2781267739e+38 Shat=9.5095000000e+01 Lhat=0.0000000000e+00
KNUTH_SUBTREE root=6958 depth=28 w=4.0664257152e+37 Shat=3.0000000000e+00 Lhat=0.0000000000e+00
KNUTH_SUBTREE root=6959 depth=28 w=0 Shat=0 Lhat=0 dead=1
KNUTH_SUBTREE root=6960 depth=28 w=8.1072737492e+38 Shat=3.2240000000e+01 Lhat=0.0000000000e+00
KNUTH_SUBTREE root=6961 depth=28 w=1.2291881323e+39 Shat=3.0000000000e+00 Lhat=0.0000000000e+00
KNUTH_SUBTREE root=6962 depth=28 w=2.5622748422e+37 Shat=6.7000000000e+01 Lhat=0.0000000000e+00
KNUTH_SUBTREE root=6963 depth=28 w=2.7624770237e+37 Shat=2.2000000000e+01 Lhat=0.0000000000e+00
KNUTH_SUBTREE root=6964 depth=28 w=3.1392230692e+39 Shat=3.0000000000e+00 Lhat=0.0000000000e+00
KNUTH_SUBTREE root=6965 depth=28 w=1.0905676596e+37 Shat=1.0000000000e+00 Lhat=0.0000000000e+00
KNUTH_SUBTREE root=6966 depth=28 w=2.1854675525e+39 Shat=1.4580000000e+01 Lhat=0.0000000000e+00
KNUTH_SUBTREE root=6967 depth=28 w=4.3950060372e+38 Shat=1.0000000000e+00 Lhat=0.0000000000e+00
KNUTH_SUBTREE root=6968 depth=28 w=3.9989037575e+38 Shat=1.5840000000e+01 Lhat=0.0000000000e+00
KNUTH_SUBTREE root=6969 depth=28 w=1.7155939501e+38 Shat=1.0000000000e+01 Lhat=0.0000000000e+00
KNUTH_SUBTREE root=6970 depth=28 w=3.7001494711e+37 Shat=1.0000000000e+00 Lhat=0.0000000000e+00
KNUTH_SUBTREE root=6971 depth=28 w=1.9927121664e+38 Shat=9.0000000000e+00 Lhat=0.0000000000e+00
KNUTH_SUBTREE root=6972 depth=28 w=2.3717307581e+39 Shat=7.3168000000e+01 Lhat=0.0000000000e+00
KNUTH_SUBTREE root=6973 depth=28 w=7.5563981312e+38 Shat=4.5160000000e+01 Lhat=0.0000000000e+00
KNUTH_SUBTREE root=6974 depth=28 w=3.6925476468e+38 Shat=3.0000000000e+00 Lhat=0.0000000000e+00
KNUTH_SUBTREE root=6975 depth=28 w=1.7282014102e+38 Shat=5.0000000000e+00 Lhat=0.0000000000e+00
KNUTH_SUBTREE root=6976 depth=28 w=7.9746069453e+37 Shat=3.0000000000e+00 Lhat=0.0000000000e+00
KNUTH_SUBTREE root=6977 depth=28 w=5.7228551762e+38 Shat=2.1688000000e+01 Lhat=0.0000000000e+00
KNUTH_SUBTREE root=6978 depth=28 w=1.3157699783e+39 Shat=1.3016000000e+01 Lhat=0.0000000000e+00
KNUTH_SUBTREE root=6979 depth=28 w=2.5619987491e+38 Shat=3.0000000000e+00 Lhat=0.0000000000e+00
KNUTH_SUBTREE root=6980 depth=28 w=1.4158275734e+39 Shat=2.0000000000e+00 Lhat=0.0000000000e+00
KNUTH_SUBTREE root=6981 depth=28 w=3.6109185350e+37 Shat=4.0000000000e+00 Lhat=0.0000000000e+00
KNUTH_SUBTREE root=6982 depth=28 w=4.7542443084e+38 Shat=9.7400000000e+01 Lhat=0.0000000000e+00
KNUTH_SUBTREE root=6983 depth=28 w=8.0822821000e+37 Shat=1.0000000000e+00 Lhat=0.0000000000e+00
KNUTH_SUBTREE root=6984 depth=28 w=1.1524616130e+38 Shat=1.2040000000e+01 Lhat=0.0000000000e+00
KNUTH_SUBTREE root=6985 depth=28 w=0 Shat=0 Lhat=0 dead=1
KNUTH_SUBTREE root=6986 depth=28 w=6.9979418387e+37 Shat=1.0000000000e+00 Lhat=0.0000000000e+00
KNUTH_SUBTREE root=6987 depth=28 w=1.2465785046e+38 Shat=1.0000000000e+00 Lhat=0.0000000000e+00
KNUTH_SUBTREE root=6988 depth=28 w=3.4789528517e+38 Shat=2.0000000000e+00 Lhat=0.0000000000e+00
KNUTH_SUBTREE root=6989 depth=28 w=7.6748135327e+38 Shat=3.0000000000e+00 Lhat=0.0000000000e+00
KNUTH_SUBTREE root=6990 depth=28 w=2.4272301028e+38 Shat=4.0000000000e+00 Lhat=0.0000000000e+00
KNUTH_SUBTREE root=6991 depth=28 w=2.5192828148e+38 Shat=5.0000000000e+00 Lhat=0.0000000000e+00
KNUTH_SUBTREE root=6992 depth=28 w=2.9543414805e+39 Shat=2.8264000000e+01 Lhat=0.0000000000e+00
KNUTH_SUBTREE root=6993 depth=28 w=6.7458929939e+38 Shat=2.9000000000e+01 Lhat=0.0000000000e+00
KNUTH_SUBTREE root=6994 depth=28 w=2.7303561706e+38 Shat=1.8124000000e+01 Lhat=0.0000000000e+00
KNUTH_SUBTREE root=6995 depth=28 w=1.0668786039e+38 Shat=1.0000000000e+00 Lhat=0.0000000000e+00
KNUTH_SUBTREE root=6996 depth=28 w=7.9213812831e+38 Shat=2.0913600000e+02 Lhat=0.0000000000e+00
KNUTH_SUBTREE root=6997 depth=28 w=7.0168095598e+38 Shat=2.9590000000e+01 Lhat=0.0000000000e+00
KNUTH_SUBTREE root=6998 depth=28 w=2.0352223506e+38 Shat=1.2690000000e+01 Lhat=0.0000000000e+00
KNUTH_SUBTREE root=6999 depth=28 w=0 Shat=0 Lhat=0 dead=1
KNUTH_SUBTREE root=7000 depth=28 w=1.1125404285e+39 Shat=1.0000000000e+00 Lhat=0.0000000000e+00
KNUTH_SUBTREE root=7001 depth=28 w=1.2126070433e+38 Shat=1.0000000000e+00 Lhat=0.0000000000e+00
KNUTH_SUBTREE root=7002 depth=28 w=4.8384893308e+38 Shat=6.6724000000e+01 Lhat=0.0000000000e+00
KNUTH_SUBTREE root=7003 depth=28 w=4.6587411717e+38 Shat=2.9998000000e+01 Lhat=0.0000000000e+00
KNUTH_SUBTREE root=7004 depth=28 w=2.3158891775e+37 Shat=1.0000000000e+00 Lhat=0.0000000000e+00
KNUTH_SUBTREE root=7005 depth=28 w=5.2849125009e+38 Shat=8.0000000000e+00 Lhat=0.0000000000e+00
KNUTH_SUBTREE root=7006 depth=28 w=4.7432057104e+38 Shat=2.2256000000e+01 Lhat=0.0000000000e+00
KNUTH_SUBTREE root=7007 depth=28 w=2.1412093979e+39 Shat=3.8840000000e+01 Lhat=0.0000000000e+00
KNUTH_SUBTREE root=7008 depth=28 w=1.8508769999e+38 Shat=2.0000000000e+00 Lhat=0.0000000000e+00
KNUTH_SUBTREE root=7009 depth=28 w=9.1514769401e+38 Shat=6.6712000000e+01 Lhat=0.0000000000e+00
KNUTH_SUBTREE root=7010 depth=28 w=2.9164774344e+38 Shat=9.0000000000e+00 Lhat=0.0000000000e+00
KNUTH_SUBTREE root=7011 depth=28 w=1.8366750934e+38 Shat=1.0000000000e+01 Lhat=0.0000000000e+00
KNUTH_SUBTREE root=7012 depth=28 w=2.8789895052e+38 Shat=3.0000000000e+00 Lhat=0.0000000000e+00
KNUTH_SUBTREE root=7013 depth=28 w=6.0359137744e+38 Shat=5.5784000000e+01 Lhat=0.0000000000e+00
KNUTH_SUBTREE root=7014 depth=28 w=4.1709150994e+37 Shat=1.0000000000e+00 Lhat=0.0000000000e+00
KNUTH_SUBTREE root=7015 depth=28 w=4.1900712688e+38 Shat=1.2043000000e+01 Lhat=0.0000000000e+00
KNUTH_SUBTREE root=7016 depth=28 w=4.4246167277e+38 Shat=1.0000000000e+00 Lhat=0.0000000000e+00
KNUTH_SUBTREE root=7017 depth=28 w=5.3776189680e+38 Shat=1.0736000000e+01 Lhat=0.0000000000e+00
KNUTH_SUBTREE root=7018 depth=28 w=2.8338158202e+38 Shat=6.4750000000e+01 Lhat=0.0000000000e+00
KNUTH_SUBTREE root=7019 depth=28 w=5.2157255998e+38 Shat=1.0000000000e+00 Lhat=0.0000000000e+00
KNUTH_SUBTREE root=7020 depth=28 w=2.5574106355e+38 Shat=5.0000000000e+00 Lhat=0.0000000000e+00
KNUTH_SUBTREE root=7021 depth=28 w=4.2695596918e+38 Shat=3.0000000000e+00 Lhat=0.0000000000e+00
KNUTH_SUBTREE root=7022 depth=28 w=2.8855937792e+37 Shat=1.0000000000e+00 Lhat=0.0000000000e+00
KNUTH_SUBTREE root=7023 depth=28 w=0 Shat=0 Lhat=0 dead=1
KNUTH_SUBTREE root=7024 depth=28 w=1.3961457482e+39 Shat=1.1073200000e+02 Lhat=0.0000000000e+00
KNUTH_SUBTREE root=7025 depth=28 w=4.2873314421e+38 Shat=3.8080000000e+01 Lhat=0.0000000000e+00
KNUTH_SUBTREE root=7026 depth=28 w=1.6599747679e+36 Shat=1.0000000000e+00 Lhat=0.0000000000e+00
KNUTH_SUBTREE root=7027 depth=28 w=3.6060571932e+38 Shat=4.0000000000e+00 Lhat=0.0000000000e+00
KNUTH_SUBTREE root=7028 depth=28 w=5.0423876686e+38 Shat=1.4940000000e+01 Lhat=0.0000000000e+00
KNUTH_SUBTREE root=7029 depth=28 w=7.0635981120e+38 Shat=1.3000000000e+01 Lhat=0.0000000000e+00
KNUTH_SUBTREE root=7030 depth=28 w=4.9773941108e+38 Shat=1.3860000000e+01 Lhat=0.0000000000e+00
KNUTH_SUBTREE root=7031 depth=28 w=6.6474499162e+38 Shat=1.5160000000e+01 Lhat=0.0000000000e+00
KNUTH_SUBTREE root=7032 depth=28 w=0 Shat=0 Lhat=0 dead=1
KNUTH_SUBTREE root=7033 depth=28 w=1.5904466354e+38 Shat=3.4020000000e+01 Lhat=0.0000000000e+00
KNUTH_SUBTREE root=7034 depth=28 w=2.8312142684e+38 Shat=1.1992000000e+01 Lhat=0.0000000000e+00
KNUTH_SUBTREE root=7035 depth=28 w=4.6846390880e+38 Shat=9.0100000000e+01 Lhat=0.0000000000e+00
KNUTH_SUBTREE root=7036 depth=28 w=2.1026226905e+38 Shat=2.0026000000e+01 Lhat=0.0000000000e+00
KNUTH_SUBTREE root=7037 depth=28 w=2.2315355991e+38 Shat=1.3000000000e+01 Lhat=0.0000000000e+00
KNUTH_SUBTREE root=7038 depth=28 w=1.3155468214e+38 Shat=1.0000000000e+00 Lhat=0.0000000000e+00
KNUTH_SUBTREE root=7039 depth=28 w=1.6025179668e+39 Shat=6.7192000000e+01 Lhat=0.0000000000e+00
KNUTH_SUBTREE root=7040 depth=28 w=4.9857779231e+38 Shat=1.0000000000e+00 Lhat=0.0000000000e+00
KNUTH_SUBTREE root=7041 depth=28 w=9.4022261024e+38 Shat=4.1264000000e+01 Lhat=0.0000000000e+00
KNUTH_SUBTREE root=7042 depth=28 w=2.0077967197e+38 Shat=1.6864000000e+01 Lhat=0.0000000000e+00
KNUTH_SUBTREE root=7043 depth=28 w=9.3101046668e+37 Shat=1.0000000000e+01 Lhat=0.0000000000e+00
KNUTH_SUBTREE root=7044 depth=28 w=1.4589727921e+38 Shat=4.0000000000e+00 Lhat=0.0000000000e+00
KNUTH_SUBTREE root=7045 depth=28 w=0 Shat=0 Lhat=0 dead=1
KNUTH_SUBTREE root=7046 depth=28 w=2.1337614621e+38 Shat=1.0000000000e+00 Lhat=0.0000000000e+00
KNUTH_SUBTREE root=7047 depth=28 w=2.0080050500e+39 Shat=1.7332000000e+01 Lhat=0.0000000000e+00
KNUTH_SUBTREE root=7048 depth=28 w=2.8923566985e+38 Shat=3.4996000000e+01 Lhat=0.0000000000e+00
KNUTH_SUBTREE root=7049 depth=28 w=7.5288051333e+37 Shat=7.0000000000e+00 Lhat=0.0000000000e+00
KNUTH_SUBTREE root=7050 depth=28 w=1.6721350905e+38 Shat=1.1930000000e+01 Lhat=0.0000000000e+00
KNUTH_SUBTREE root=7051 depth=28 w=1.7549370039e+38 Shat=4.0000000000e+00 Lhat=0.0000000000e+00
KNUTH_SUBTREE root=7052 depth=28 w=1.2221123745e+39 Shat=6.9772000000e+01 Lhat=0.0000000000e+00
KNUTH_SUBTREE root=7053 depth=28 w=1.3429313919e+38 Shat=1.0000000000e+00 Lhat=0.0000000000e+00
KNUTH_SUBTREE root=7054 depth=28 w=5.9208299783e+38 Shat=1.0000000000e+01 Lhat=0.0000000000e+00
KNUTH_SUBTREE root=7055 depth=28 w=2.0222775505e+38 Shat=3.0000000000e+00 Lhat=0.0000000000e+00
KNUTH_SUBTREE root=7056 depth=28 w=0 Shat=0 Lhat=0 dead=1
KNUTH_SUBTREE root=7057 depth=28 w=6.0001208796e+37 Shat=4.0000000000e+00 Lhat=0.0000000000e+00
KNUTH_SUBTREE root=7058 depth=28 w=3.1248269520e+39 Shat=4.0000000000e+00 Lhat=0.0000000000e+00
KNUTH_SUBTREE root=7059 depth=28 w=3.1667877114e+37 Shat=3.0000000000e+00 Lhat=0.0000000000e+00
KNUTH_SUBTREE root=7060 depth=28 w=9.6047497957e+37 Shat=2.0000000000e+00 Lhat=0.0000000000e+00
KNUTH_SUBTREE root=7061 depth=28 w=4.3557591441e+38 Shat=1.0000000000e+01 Lhat=0.0000000000e+00
KNUTH_SUBTREE root=7062 depth=28 w=2.3953667631e+37 Shat=5.0000000000e+00 Lhat=0.0000000000e+00
KNUTH_SUBTREE root=7063 depth=28 w=2.2155188080e+38 Shat=3.0000000000e+00 Lhat=0.0000000000e+00
KNUTH_SUBTREE root=7064 depth=28 w=2.4195738507e+37 Shat=1.0000000000e+00 Lhat=0.0000000000e+00
KNUTH_SUBTREE root=7065 depth=28 w=1.3976415004e+38 Shat=1.0000000000e+01 Lhat=0.0000000000e+00
KNUTH_SUBTREE root=7066 depth=28 w=3.9334509307e+38 Shat=1.1196000000e+02 Lhat=0.0000000000e+00
KNUTH_SUBTREE root=7067 depth=28 w=1.8652791503e+38 Shat=2.0000000000e+00 Lhat=0.0000000000e+00
KNUTH_SUBTREE root=7068 depth=28 w=7.8007192803e+38 Shat=1.7546400000e+02 Lhat=0.0000000000e+00
KNUTH_SUBTREE root=7069 depth=28 w=2.7332997820e+39 Shat=8.0000000000e+00 Lhat=0.0000000000e+00
KNUTH_SUBTREE root=7070 depth=28 w=2.1476780577e+38 Shat=2.0000000000e+00 Lhat=0.0000000000e+00
KNUTH_SUBTREE root=7071 depth=28 w=2.4103657000e+38 Shat=1.3000000000e+01 Lhat=0.0000000000e+00
KNUTH_SUBTREE root=7072 depth=28 w=4.2572723257e+38 Shat=3.0000000000e+00 Lhat=0.0000000000e+00
KNUTH_SUBTREE root=7073 depth=28 w=2.0031924348e+39 Shat=5.0000000000e+00 Lhat=0.0000000000e+00
KNUTH_SUBTREE root=7074 depth=28 w=1.1347187762e+39 Shat=3.0000000000e+00 Lhat=0.0000000000e+00
KNUTH_SUBTREE root=7075 depth=28 w=4.5712552367e+38 Shat=3.0000000000e+00 Lhat=0.0000000000e+00
KNUTH_SUBTREE root=7076 depth=28 w=2.3992615089e+39 Shat=5.0000000000e+00 Lhat=0.0000000000e+00
KNUTH_SUBTREE root=7077 depth=28 w=1.9369919373e+39 Shat=1.0000000000e+00 Lhat=0.0000000000e+00
KNUTH_SUBTREE root=7078 depth=28 w=4.2535307555e+38 Shat=8.0160000000e+00 Lhat=0.0000000000e+00
KNUTH_SUBTREE root=7079 depth=28 w=5.7403568449e+38 Shat=3.0000000000e+00 Lhat=0.0000000000e+00
KNUTH_SUBTREE root=7080 depth=28 w=1.4388408005e+38 Shat=3.0000000000e+00 Lhat=0.0000000000e+00
KNUTH_SUBTREE root=7081 depth=28 w=4.8947229649e+38 Shat=1.8150000000e+01 Lhat=0.0000000000e+00
KNUTH_SUBTREE root=7082 depth=28 w=2.3642998359e+39 Shat=2.8735000000e+01 Lhat=0.0000000000e+00
KNUTH_SUBTREE root=7083 depth=28 w=4.5554728074e+38 Shat=8.0656000000e+01 Lhat=0.0000000000e+00
KNUTH_SUBTREE root=7084 depth=28 w=1.8384507645e+39 Shat=7.0600000000e+01 Lhat=0.0000000000e+00
KNUTH_SUBTREE root=7085 depth=28 w=2.7188986238e+39 Shat=1.8988000000e+01 Lhat=0.0000000000e+00
KNUTH_SUBTREE root=7086 depth=28 w=2.5997923523e+38 Shat=1.0000000000e+00 Lhat=0.0000000000e+00
KNUTH_SUBTREE root=7087 depth=28 w=1.1047929977e+37 Shat=1.0000000000e+00 Lhat=0.0000000000e+00
KNUTH_SUBTREE root=7088 depth=28 w=6.4698920995e+38 Shat=5.8134000000e+01 Lhat=0.0000000000e+00
KNUTH_SUBTREE root=7089 depth=28 w=2.8060192108e+39 Shat=1.4215200000e+02 Lhat=0.0000000000e+00
KNUTH_SUBTREE root=7090 depth=28 w=4.5435099599e+37 Shat=4.0000000000e+00 Lhat=0.0000000000e+00
KNUTH_SUBTREE root=7091 depth=28 w=0 Shat=0 Lhat=0 dead=1
KNUTH_SUBTREE root=7092 depth=28 w=2.8955495369e+39 Shat=6.9264000000e+01 Lhat=0.0000000000e+00
KNUTH_SUBTREE root=7093 depth=28 w=7.9653241130e+36 Shat=2.0000000000e+00 Lhat=0.0000000000e+00
KNUTH_SUBTREE root=7094 depth=28 w=5.8804742941e+37 Shat=5.0000000000e+00 Lhat=0.0000000000e+00
KNUTH_SUBTREE root=7095 depth=28 w=2.8500057601e+38 Shat=3.0000000000e+00 Lhat=0.0000000000e+00
KNUTH_SUBTREE root=7096 depth=28 w=5.1362104161e+38 Shat=3.0666000000e+01 Lhat=0.0000000000e+00
KNUTH_SUBTREE root=7097 depth=28 w=3.1946688570e+38 Shat=1.1024000000e+01 Lhat=0.0000000000e+00
KNUTH_SUBTREE root=7098 depth=28 w=5.9162476437e+38 Shat=6.4581000000e+01 Lhat=0.0000000000e+00
KNUTH_SUBTREE root=7099 depth=28 w=3.3612110996e+39 Shat=2.1880000000e+01 Lhat=0.0000000000e+00
KNUTH_SUBTREE root=7100 depth=28 w=3.2535417333e+38 Shat=1.0000000000e+00 Lhat=0.0000000000e+00
KNUTH_SUBTREE root=7101 depth=28 w=1.5829352584e+38 Shat=3.0000000000e+00 Lhat=0.0000000000e+00
KNUTH_SUBTREE root=7102 depth=28 w=4.4021267768e+38 Shat=1.6918000000e+01 Lhat=0.0000000000e+00
KNUTH_SUBTREE root=7103 depth=28 w=1.5442569550e+38 Shat=8.0260000000e+00 Lhat=0.0000000000e+00
KNUTH_SUBTREE root=7104 depth=28 w=1.3135503170e+38 Shat=1.9000000000e+01 Lhat=0.0000000000e+00
KNUTH_SUBTREE root=7105 depth=28 w=1.2073858457e+39 Shat=1.0434400000e+02 Lhat=0.0000000000e+00
KNUTH_SUBTREE root=7106 depth=28 w=3.3307441817e+37 Shat=5.0000000000e+00 Lhat=0.0000000000e+00
KNUTH_SUBTREE root=7107 depth=28 w=5.6287768808e+38 Shat=1.0192000000e+02 Lhat=0.0000000000e+00
KNUTH_SUBTREE root=7108 depth=28 w=9.9382005873e+37 Shat=3.0000000000e+00 Lhat=0.0000000000e+00
KNUTH_SUBTREE root=7109 depth=28 w=3.5855653290e+38 Shat=7.0330000000e+00 Lhat=0.0000000000e+00
KNUTH_SUBTREE root=7110 depth=28 w=1.0986462567e+39 Shat=3.7960000000e+01 Lhat=0.0000000000e+00
KNUTH_SUBTREE root=7111 depth=28 w=8.5665029816e+36 Shat=4.2664000000e+01 Lhat=0.0000000000e+00
KNUTH_SUBTREE root=7112 depth=28 w=1.6397624669e+39 Shat=4.0739000000e+01 Lhat=0.0000000000e+00
KNUTH_SUBTREE root=7113 depth=28 w=4.1041857172e+36 Shat=1.0000000000e+00 Lhat=0.0000000000e+00
KNUTH_SUBTREE root=7114 depth=28 w=1.2671196719e+39 Shat=6.5104000000e+01 Lhat=0.0000000000e+00
KNUTH_SUBTREE root=7115 depth=28 w=3.3575858016e+38 Shat=6.9504000000e+01 Lhat=0.0000000000e+00
KNUTH_SUBTREE root=7116 depth=28 w=7.6903938447e+37 Shat=1.0000000000e+00 Lhat=0.0000000000e+00
KNUTH_SUBTREE root=7117 depth=28 w=1.4050330521e+39 Shat=5.1424000000e+01 Lhat=0.0000000000e+00
KNUTH_SUBTREE root=7118 depth=28 w=4.6134051074e+38 Shat=3.0824000000e+01 Lhat=0.0000000000e+00
KNUTH_SUBTREE root=7119 depth=28 w=2.9281780162e+38 Shat=3.0000000000e+00 Lhat=0.0000000000e+00
KNUTH_SUBTREE root=7120 depth=28 w=1.0175333539e+39 Shat=1.0087000000e+01 Lhat=0.0000000000e+00
KNUTH_SUBTREE root=7121 depth=28 w=7.0459811164e+38 Shat=3.9480000000e+01 Lhat=0.0000000000e+00
KNUTH_SUBTREE root=7122 depth=28 w=2.0695422664e+37 Shat=1.0000000000e+00 Lhat=0.0000000000e+00
KNUTH_SUBTREE root=7123 depth=28 w=1.3112797832e+38 Shat=1.1000000000e+01 Lhat=0.0000000000e+00
KNUTH_SUBTREE root=7124 depth=28 w=0 Shat=0 Lhat=0 dead=1
KNUTH_SUBTREE root=7125 depth=28 w=5.9591486040e+36 Shat=3.0000000000e+00 Lhat=0.0000000000e+00
KNUTH_SUBTREE root=7126 depth=28 w=2.7932750958e+39 Shat=5.6830000000e+01 Lhat=0.0000000000e+00
KNUTH_SUBTREE root=7127 depth=28 w=2.8863612004e+38 Shat=3.0000000000e+00 Lhat=0.0000000000e+00
KNUTH_SUBTREE root=7128 depth=28 w=3.3332363579e+38 Shat=1.0000000000e+01 Lhat=0.0000000000e+00
KNUTH_SUBTREE root=7129 depth=28 w=1.8176606761e+39 Shat=1.0000000000e+00 Lhat=0.0000000000e+00
KNUTH_SUBTREE root=7130 depth=28 w=2.0442791613e+39 Shat=5.5790000000e+01 Lhat=0.0000000000e+00
KNUTH_SUBTREE root=7131 depth=28 w=1.1001705754e+38 Shat=1.0000000000e+00 Lhat=0.0000000000e+00
KNUTH_SUBTREE root=7132 depth=28 w=4.4233353314e+35 Shat=1.0000000000e+00 Lhat=0.0000000000e+00
KNUTH_SUBTREE root=7133 depth=28 w=3.3430140575e+38 Shat=4.9512000000e+01 Lhat=0.0000000000e+00
KNUTH_SUBTREE root=7134 depth=28 w=1.6706162026e+39 Shat=2.8895000000e+01 Lhat=0.0000000000e+00
KNUTH_SUBTREE root=7135 depth=28 w=2.2544557119e+38 Shat=5.0931000000e+01 Lhat=0.0000000000e+00
KNUTH_SUBTREE root=7136 depth=28 w=2.7031865405e+39 Shat=1.9264000000e+01 Lhat=0.0000000000e+00
KNUTH_SUBTREE root=7137 depth=28 w=2.9355396941e+38 Shat=5.0000000000e+00 Lhat=0.0000000000e+00
KNUTH_SUBTREE root=7138 depth=28 w=3.4436397948e+37 Shat=1.0000000000e+00 Lhat=0.0000000000e+00
KNUTH_SUBTREE root=7139 depth=28 w=4.5637161264e+38 Shat=3.9920000000e+00 Lhat=0.0000000000e+00
KNUTH_SUBTREE root=7140 depth=28 w=2.3997440150e+39 Shat=1.7502400000e+02 Lhat=0.0000000000e+00
KNUTH_SUBTREE root=7141 depth=28 w=5.8116368600e+38 Shat=4.2510000000e+01 Lhat=0.0000000000e+00
KNUTH_SUBTREE root=7142 depth=28 w=1.8765332764e+38 Shat=1.0000000000e+00 Lhat=0.0000000000e+00
KNUTH_SUBTREE root=7143 depth=28 w=6.9193823649e+38 Shat=1.0016000000e+01 Lhat=0.0000000000e+00
KNUTH_SUBTREE root=7144 depth=28 w=2.2631814304e+39 Shat=5.0000000000e+00 Lhat=0.0000000000e+00
KNUTH_SUBTREE root=7145 depth=28 w=9.9551347879e+37 Shat=2.0000000000e+00 Lhat=0.0000000000e+00
KNUTH_SUBTREE root=7146 depth=28 w=0 Shat=0 Lhat=0 dead=1
KNUTH_SUBTREE root=7147 depth=28 w=2.5641454484e+37 Shat=2.0000000000e+00 Lhat=0.0000000000e+00
KNUTH_SUBTREE root=7148 depth=28 w=2.8802623972e+39 Shat=9.0720000000e+00 Lhat=0.0000000000e+00
KNUTH_SUBTREE root=7149 depth=28 w=4.8352266480e+38 Shat=3.0000000000e+00 Lhat=0.0000000000e+00
KNUTH_SUBTREE root=7150 depth=28 w=2.0719544579e+38 Shat=5.0000000000e+00 Lhat=0.0000000000e+00
KNUTH_SUBTREE root=7151 depth=28 w=1.6270472082e+38 Shat=4.0000000000e+00 Lhat=0.0000000000e+00
KNUTH_SUBTREE root=7152 depth=28 w=5.1493058131e+38 Shat=6.0394000000e+01 Lhat=0.0000000000e+00
KNUTH_SUBTREE root=7153 depth=28 w=7.4716244233e+37 Shat=1.0000000000e+00 Lhat=0.0000000000e+00
KNUTH_SUBTREE root=7154 depth=28 w=5.1941366047e+38 Shat=3.2620000000e+01 Lhat=0.0000000000e+00
KNUTH_SUBTREE root=7155 depth=28 w=5.4039241132e+36 Shat=1.0000000000e+00 Lhat=0.0000000000e+00
KNUTH_SUBTREE root=7156 depth=28 w=4.4434367059e+38 Shat=1.0000000000e+00 Lhat=0.0000000000e+00
KNUTH_SUBTREE root=7157 depth=28 w=1.4690437124e+37 Shat=1.0000000000e+00 Lhat=0.0000000000e+00
KNUTH_SUBTREE root=7158 depth=28 w=2.3868517376e+38 Shat=1.6000000000e+01 Lhat=0.0000000000e+00
KNUTH_SUBTREE root=7159 depth=28 w=2.3444975569e+38 Shat=4.0000000000e+00 Lhat=0.0000000000e+00
KNUTH_SUBTREE root=7160 depth=28 w=2.6370190343e+38 Shat=1.2064000000e+01 Lhat=0.0000000000e+00
KNUTH_SUBTREE root=7161 depth=28 w=2.3848778856e+35 Shat=1.0000000000e+00 Lhat=0.0000000000e+00
KNUTH_SUBTREE root=7162 depth=28 w=1.2209116843e+39 Shat=5.0000000000e+00 Lhat=0.0000000000e+00
KNUTH_SUBTREE root=7163 depth=28 w=8.0848935096e+36 Shat=5.9536000000e+01 Lhat=0.0000000000e+00
KNUTH_SUBTREE root=7164 depth=28 w=0 Shat=0 Lhat=0 dead=1
KNUTH_SUBTREE root=7165 depth=28 w=6.2963598844e+38 Shat=1.0000000000e+00 Lhat=0.0000000000e+00
KNUTH_SUBTREE root=7166 depth=28 w=1.9615512474e+38 Shat=4.0000000000e+00 Lhat=0.0000000000e+00
KNUTH_SUBTREE root=7167 depth=28 w=2.1197405810e+38 Shat=3.4664000000e+01 Lhat=0.0000000000e+00
KNUTH_SUBTREE root=7168 depth=28 w=1.1563158330e+38 Shat=4.3516000000e+01 Lhat=0.0000000000e+00
KNUTH_SUBTREE root=7169 depth=28 w=4.8523964241e+38 Shat=5.3515000000e+01 Lhat=0.0000000000e+00
KNUTH_SUBTREE root=7170 depth=28 w=1.9224903476e+38 Shat=3.0000000000e+00 Lhat=0.0000000000e+00
KNUTH_SUBTREE root=7171 depth=28 w=2.2153150684e+38 Shat=2.0000000000e+00 Lhat=0.0000000000e+00
KNUTH_SUBTREE root=7172 depth=28 w=1.6644666125e+38 Shat=1.3000000000e+01 Lhat=0.0000000000e+00
KNUTH_SUBTREE root=7173 depth=28 w=2.8805323289e+37 Shat=5.0000000000e+00 Lhat=0.0000000000e+00
KNUTH_SUBTREE root=7174 depth=28 w=4.4554700356e+38 Shat=9.7900000000e+00 Lhat=0.0000000000e+00
KNUTH_SUBTREE root=7175 depth=28 w=1.8213793951e+38 Shat=3.0000000000e+00 Lhat=0.0000000000e+00
KNUTH_SUBTREE root=7176 depth=28 w=4.8188095450e+37 Shat=1.0000000000e+00 Lhat=0.0000000000e+00
KNUTH_SUBTREE root=7177 depth=28 w=3.4101665839e+37 Shat=3.0000000000e+00 Lhat=0.0000000000e+00
KNUTH_SUBTREE root=7178 depth=28 w=9.1872681093e+38 Shat=9.6400000000e+01 Lhat=0.0000000000e+00
KNUTH_SUBTREE root=7179 depth=28 w=3.0005634928e+38 Shat=1.3180000000e+01 Lhat=0.0000000000e+00
KNUTH_SUBTREE root=7180 depth=28 w=2.8984322687e+39 Shat=6.7580000000e+01 Lhat=0.0000000000e+00
KNUTH_SUBTREE root=7181 depth=28 w=1.7520981703e+36 Shat=1.0000000000e+00 Lhat=0.0000000000e+00
KNUTH_SUBTREE root=7182 depth=28 w=1.4911793305e+38 Shat=9.0000000000e+00 Lhat=0.0000000000e+00
KNUTH_SUBTREE root=7183 depth=28 w=2.2791893686e+38 Shat=5.9500000000e+00 Lhat=0.0000000000e+00
KNUTH_SUBTREE root=7184 depth=28 w=5.9061931232e+37 Shat=2.0000000000e+00 Lhat=0.0000000000e+00
KNUTH_SUBTREE root=7185 depth=28 w=2.5482983343e+39 Shat=9.7640000000e+00 Lhat=0.0000000000e+00
KNUTH_SUBTREE root=7186 depth=28 w=0 Shat=0 Lhat=0 dead=1
KNUTH_SUBTREE root=7187 depth=28 w=8.3882552636e+38 Shat=1.2241000000e+01 Lhat=0.0000000000e+00
KNUTH_SUBTREE root=7188 depth=28 w=8.2527193335e+38 Shat=6.2752000000e+01 Lhat=0.0000000000e+00
KNUTH_SUBTREE root=7189 depth=28 w=1.3609193965e+36 Shat=1.0000000000e+00 Lhat=0.0000000000e+00
KNUTH_SUBTREE root=7190 depth=28 w=0 Shat=0 Lhat=0 dead=1
KNUTH_SUBTREE root=7191 depth=28 w=7.3531560291e+37 Shat=3.0000000000e+00 Lhat=0.0000000000e+00
KNUTH_SUBTREE root=7192 depth=28 w=2.4394294883e+38 Shat=1.3000000000e+01 Lhat=0.0000000000e+00
KNUTH_SUBTREE root=7193 depth=28 w=2.2739545785e+39 Shat=2.1950000000e+01 Lhat=0.0000000000e+00
KNUTH_SUBTREE root=7194 depth=28 w=5.0559953505e+38 Shat=5.0000000000e+00 Lhat=0.0000000000e+00
KNUTH_SUBTREE root=7195 depth=28 w=5.4628553584e+38 Shat=3.2654000000e+01 Lhat=0.0000000000e+00
KNUTH_SUBTREE root=7196 depth=28 w=1.8560731402e+38 Shat=1.0000000000e+00 Lhat=0.0000000000e+00
KNUTH_SUBTREE root=7197 depth=28 w=6.2591935478e+37 Shat=1.1056000000e+01 Lhat=0.0000000000e+00
KNUTH_SUBTREE root=7198 depth=28 w=7.2638630098e+38 Shat=9.0000000000e+00 Lhat=0.0000000000e+00
KNUTH_SUBTREE root=7199 depth=28 w=2.7411684525e+39 Shat=7.3816000000e+01 Lhat=0.0000000000e+00
KNUTH_SUBTREE root=7200 depth=28 w=5.6269480624e+37 Shat=1.0000000000e+00 Lhat=0.0000000000e+00
KNUTH_SUBTREE root=7201 depth=28 w=1.4316857200e+39 Shat=1.3000000000e+01 Lhat=0.0000000000e+00
KNUTH_SUBTREE root=7202 depth=28 w=1.1604383844e+39 Shat=7.9000000000e+01 Lhat=0.0000000000e+00
KNUTH_SUBTREE root=7203 depth=28 w=3.6071678333e+37 Shat=1.0000000000e+00 Lhat=0.0000000000e+00
KNUTH_SUBTREE root=7204 depth=28 w=6.4284626804e+37 Shat=3.0000000000e+00 Lhat=0.0000000000e+00
KNUTH_SUBTREE root=7205 depth=28 w=4.0147233032e+37 Shat=3.0000000000e+00 Lhat=0.0000000000e+00
KNUTH_SUBTREE root=7206 depth=28 w=9.6840870408e+38 Shat=8.0880000000e+00 Lhat=0.0000000000e+00
KNUTH_SUBTREE root=7207 depth=28 w=4.4864801153e+38 Shat=1.0710400000e+02 Lhat=0.0000000000e+00
KNUTH_SUBTREE root=7208 depth=28 w=1.1800706910e+39 Shat=2.8826000000e+01 Lhat=0.0000000000e+00
KNUTH_SUBTREE root=7209 depth=28 w=1.2331211082e+39 Shat=7.5305000000e+01 Lhat=0.0000000000e+00
KNUTH_SUBTREE root=7210 depth=28 w=7.0365531813e+38 Shat=4.1290000000e+01 Lhat=3.9600000000e+00
KNUTH_SUBTREE root=7211 depth=28 w=7.0699828497e+38 Shat=1.1000000000e+01 Lhat=0.0000000000e+00
KNUTH_SUBTREE root=7212 depth=28 w=2.0168148221e+37 Shat=2.0000000000e+00 Lhat=0.0000000000e+00
KNUTH_SUBTREE root=7213 depth=28 w=7.9640520009e+38 Shat=1.3000000000e+01 Lhat=0.0000000000e+00
KNUTH_SUBTREE root=7214 depth=28 w=1.1205136002e+39 Shat=1.3900000000e+01 Lhat=0.0000000000e+00
KNUTH_SUBTREE root=7215 depth=28 w=2.2850150093e+38 Shat=3.0000000000e+00 Lhat=0.0000000000e+00
KNUTH_SUBTREE root=7216 depth=28 w=1.2436404105e+38 Shat=3.0000000000e+00 Lhat=0.0000000000e+00
KNUTH_SUBTREE root=7217 depth=28 w=3.3499693549e+38 Shat=6.3570000000e+01 Lhat=0.0000000000e+00
KNUTH_SUBTREE root=7218 depth=28 w=4.8772640324e+38 Shat=1.3000000000e+01 Lhat=0.0000000000e+00
KNUTH_SUBTREE root=7219 depth=28 w=5.7877052858e+38 Shat=4.8928000000e+01 Lhat=0.0000000000e+00
KNUTH_SUBTREE root=7220 depth=28 w=1.9461800342e+39 Shat=3.8674000000e+01 Lhat=0.0000000000e+00
KNUTH_SUBTREE root=7221 depth=28 w=4.6973181240e+37 Shat=1.0000000000e+01 Lhat=0.0000000000e+00
KNUTH_SUBTREE root=7222 depth=28 w=8.2065419399e+38 Shat=1.9074400000e+02 Lhat=0.0000000000e+00
KNUTH_SUBTREE root=7223 depth=28 w=3.3625341055e+39 Shat=5.8248000000e+01 Lhat=0.0000000000e+00
KNUTH_SUBTREE root=7224 depth=28 w=3.3433560113e+39 Shat=2.6242000000e+01 Lhat=0.0000000000e+00
KNUTH_SUBTREE root=7225 depth=28 w=3.9683676954e+38 Shat=3.0000000000e+00 Lhat=0.0000000000e+00
KNUTH_SUBTREE root=7226 depth=28 w=4.5936835386e+38 Shat=1.3000000000e+01 Lhat=0.0000000000e+00
KNUTH_SUBTREE root=7227 depth=28 w=2.8531938334e+38 Shat=3.0000000000e+00 Lhat=0.0000000000e+00
KNUTH_SUBTREE root=7228 depth=28 w=3.0533670484e+37 Shat=1.0000000000e+00 Lhat=0.0000000000e+00
KNUTH_SUBTREE root=7229 depth=28 w=2.6219345911e+39 Shat=5.2912000000e+01 Lhat=0.0000000000e+00
KNUTH_SUBTREE root=7230 depth=28 w=1.2592780093e+37 Shat=4.0000000000e+00 Lhat=0.0000000000e+00
KNUTH_SUBTREE root=7231 depth=28 w=1.9187169040e+37 Shat=1.0000000000e+00 Lhat=0.0000000000e+00
KNUTH_SUBTREE root=7232 depth=28 w=1.7137819996e+38 Shat=9.0000000000e+00 Lhat=0.0000000000e+00
KNUTH_SUBTREE root=7233 depth=28 w=8.2969795406e+38 Shat=1.3000000000e+01 Lhat=0.0000000000e+00
KNUTH_SUBTREE root=7234 depth=28 w=6.0868589243e+38 Shat=3.0000000000e+00 Lhat=0.0000000000e+00
KNUTH_SUBTREE root=7235 depth=28 w=2.5184630610e+38 Shat=3.7940000000e+01 Lhat=0.0000000000e+00
KNUTH_SUBTREE root=7236 depth=28 w=2.9768617854e+39 Shat=6.6152000000e+01 Lhat=0.0000000000e+00
KNUTH_SUBTREE root=7237 depth=28 w=2.9916806478e+39 Shat=2.6616000000e+01 Lhat=0.0000000000e+00
KNUTH_SUBTREE root=7238 depth=28 w=5.8459446169e+37 Shat=3.3552000000e+01 Lhat=0.0000000000e+00
KNUTH_SUBTREE root=7239 depth=28 w=2.0151136243e+38 Shat=3.0000000000e+00 Lhat=0.0000000000e+00
KNUTH_SUBTREE root=7240 depth=28 w=0 Shat=0 Lhat=0 dead=1
KNUTH_SUBTREE root=7241 depth=28 w=2.4083452152e+38 Shat=1.1974000000e+01 Lhat=0.0000000000e+00
KNUTH_SUBTREE root=7242 depth=28 w=0 Shat=0 Lhat=0 dead=1
KNUTH_SUBTREE root=7243 depth=28 w=1.0041902887e+38 Shat=7.0000000000e+00 Lhat=0.0000000000e+00
KNUTH_SUBTREE root=7244 depth=28 w=2.8448254136e+39 Shat=4.1578000000e+01 Lhat=0.0000000000e+00
KNUTH_SUBTREE root=7245 depth=28 w=3.2906562584e+38 Shat=5.8288000000e+01 Lhat=0.0000000000e+00
KNUTH_SUBTREE root=7246 depth=28 w=8.8433506102e+38 Shat=5.0000000000e+00 Lhat=0.0000000000e+00
KNUTH_SUBTREE root=7247 depth=28 w=2.2953838959e+36 Shat=1.0000000000e+00 Lhat=0.0000000000e+00
KNUTH_SUBTREE root=7248 depth=28 w=2.5783488677e+39 Shat=3.0016000000e+01 Lhat=0.0000000000e+00
KNUTH_SUBTREE root=7249 depth=28 w=2.0075322933e+35 Shat=3.0000000000e+00 Lhat=0.0000000000e+00
KNUTH_SUBTREE root=7250 depth=28 w=9.1584840768e+37 Shat=1.0000000000e+00 Lhat=0.0000000000e+00
KNUTH_SUBTREE root=7251 depth=28 w=0 Shat=0 Lhat=0 dead=1
KNUTH_SUBTREE root=7252 depth=28 w=5.2164211963e+36 Shat=1.0000000000e+00 Lhat=0.0000000000e+00
KNUTH_SUBTREE root=7253 depth=28 w=2.9707960670e+37 Shat=2.5840000000e+01 Lhat=0.0000000000e+00
KNUTH_SUBTREE root=7254 depth=28 w=0 Shat=0 Lhat=0 dead=1
KNUTH_SUBTREE root=7255 depth=28 w=1.1712218357e+39 Shat=9.9540000000e+00 Lhat=0.0000000000e+00
KNUTH_SUBTREE root=7256 depth=28 w=2.0137971256e+37 Shat=1.0000000000e+00 Lhat=0.0000000000e+00
KNUTH_SUBTREE root=7257 depth=28 w=5.3010601436e+38 Shat=5.9620000000e+00 Lhat=0.0000000000e+00
KNUTH_SUBTREE root=7258 depth=28 w=0 Shat=0 Lhat=0 dead=1
KNUTH_SUBTREE root=7259 depth=28 w=3.9973125056e+38 Shat=7.8988000000e+01 Lhat=0.0000000000e+00
KNUTH_SUBTREE root=7260 depth=28 w=2.1442630051e+39 Shat=3.3620000000e+01 Lhat=0.0000000000e+00
KNUTH_SUBTREE root=7261 depth=28 w=1.2503036524e+38 Shat=7.9750000000e+00 Lhat=0.0000000000e+00
KNUTH_SUBTREE root=7262 depth=28 w=3.9726357737e+38 Shat=2.0000000000e+00 Lhat=0.0000000000e+00
KNUTH_SUBTREE root=7263 depth=28 w=7.1580765366e+37 Shat=1.0000000000e+00 Lhat=0.0000000000e+00
KNUTH_SUBTREE root=7264 depth=28 w=1.4911319742e+38 Shat=1.0000000000e+00 Lhat=0.0000000000e+00
KNUTH_SUBTREE root=7265 depth=28 w=4.5402858163e+38 Shat=2.9864000000e+01 Lhat=0.0000000000e+00
KNUTH_SUBTREE root=7266 depth=28 w=4.3784542928e+38 Shat=5.0000000000e+00 Lhat=0.0000000000e+00
KNUTH_SUBTREE root=7267 depth=28 w=5.0463792635e+38 Shat=2.7448000000e+01 Lhat=0.0000000000e+00
KNUTH_SUBTREE root=7268 depth=28 w=2.8916071821e+39 Shat=5.1608000000e+01 Lhat=0.0000000000e+00
KNUTH_SUBTREE root=7269 depth=28 w=0 Shat=0 Lhat=0 dead=1
KNUTH_SUBTREE root=7270 depth=28 w=3.4268168330e+36 Shat=2.0000000000e+00 Lhat=0.0000000000e+00
KNUTH_SUBTREE root=7271 depth=28 w=4.5685778299e+38 Shat=3.9820000000e+00 Lhat=0.0000000000e+00
KNUTH_SUBTREE root=7272 depth=28 w=5.9460776034e+38 Shat=2.7490000000e+01 Lhat=0.0000000000e+00
KNUTH_SUBTREE root=7273 depth=28 w=7.7895686846e+37 Shat=1.0000000000e+00 Lhat=0.0000000000e+00
KNUTH_SUBTREE root=7274 depth=28 w=2.9169403217e+38 Shat=5.0000000000e+00 Lhat=0.0000000000e+00
KNUTH_SUBTREE root=7275 depth=28 w=1.8713745507e+38 Shat=2.2896000000e+01 Lhat=0.0000000000e+00
KNUTH_SUBTREE root=7276 depth=28 w=2.4739392894e+39 Shat=1.0000000000e+00 Lhat=0.0000000000e+00
KNUTH_SUBTREE root=7277 depth=28 w=9.6804055292e+38 Shat=5.0000000000e+00 Lhat=0.0000000000e+00
KNUTH_SUBTREE root=7278 depth=28 w=8.6083078015e+38 Shat=3.0000000000e+00 Lhat=0.0000000000e+00
KNUTH_SUBTREE root=7279 depth=28 w=1.2977156559e+38 Shat=3.0000000000e+00 Lhat=0.0000000000e+00
KNUTH_SUBTREE root=7280 depth=28 w=2.4148666335e+38 Shat=3.8255000000e+01 Lhat=0.0000000000e+00
KNUTH_SUBTREE root=7281 depth=28 w=2.5984911144e+38 Shat=1.1276000000e+01 Lhat=0.0000000000e+00
KNUTH_SUBTREE root=7282 depth=28 w=4.8369951102e+38 Shat=6.0000000000e+00 Lhat=0.0000000000e+00
KNUTH_SUBTREE root=7283 depth=28 w=0 Shat=0 Lhat=0 dead=1
KNUTH_SUBTREE root=7284 depth=28 w=1.0390919374e+38 Shat=1.3000000000e+01 Lhat=0.0000000000e+00
KNUTH_SUBTREE root=7285 depth=28 w=2.7530376823e+38 Shat=1.0000000000e+00 Lhat=0.0000000000e+00
KNUTH_SUBTREE root=7286 depth=28 w=3.8253523258e+38 Shat=9.0000000000e+00 Lhat=0.0000000000e+00
KNUTH_SUBTREE root=7287 depth=28 w=5.3210983678e+37 Shat=1.0000000000e+00 Lhat=0.0000000000e+00
KNUTH_SUBTREE root=7288 depth=28 w=6.7889781339e+38 Shat=2.0000000000e+00 Lhat=0.0000000000e+00
KNUTH_SUBTREE root=7289 depth=28 w=5.4458344922e+38 Shat=6.7456000000e+01 Lhat=0.0000000000e+00
KNUTH_SUBTREE root=7290 depth=28 w=7.2458355803e+37 Shat=5.0000000000e+00 Lhat=0.0000000000e+00
KNUTH_SUBTREE root=7291 depth=28 w=4.0806445651e+38 Shat=2.5204000000e+01 Lhat=0.0000000000e+00
KNUTH_SUBTREE root=7292 depth=28 w=1.2089280537e+39 Shat=4.0000000000e+00 Lhat=0.0000000000e+00
KNUTH_SUBTREE root=7293 depth=28 w=6.7971233817e+38 Shat=2.0000000000e+00 Lhat=0.0000000000e+00
KNUTH_SUBTREE root=7294 depth=28 w=5.2622766845e+38 Shat=1.6700000000e+01 Lhat=0.0000000000e+00
KNUTH_SUBTREE root=7295 depth=28 w=1.1544068838e+39 Shat=6.2560000000e+01 Lhat=0.0000000000e+00
KNUTH_SUBTREE root=7296 depth=28 w=7.1768072079e+38 Shat=1.9210000000e+01 Lhat=0.0000000000e+00
KNUTH_SUBTREE root=7297 depth=28 w=1.8116234288e+38 Shat=4.1134000000e+01 Lhat=0.0000000000e+00
KNUTH_SUBTREE root=7298 depth=28 w=7.9365574834e+37 Shat=5.1396000000e+01 Lhat=0.0000000000e+00
KNUTH_SUBTREE root=7299 depth=28 w=2.4769392964e+38 Shat=3.0883200000e+02 Lhat=0.0000000000e+00
KNUTH_SUBTREE root=7300 depth=28 w=4.3283089145e+38 Shat=3.0000000000e+00 Lhat=0.0000000000e+00
KNUTH_SUBTREE root=7301 depth=28 w=1.1902291546e+39 Shat=1.0000000000e+00 Lhat=0.0000000000e+00
KNUTH_SUBTREE root=7302 depth=28 w=7.6143566028e+38 Shat=2.5136000000e+01 Lhat=0.0000000000e+00
KNUTH_SUBTREE root=7303 depth=28 w=2.4034386283e+38 Shat=8.3584000000e+01 Lhat=0.0000000000e+00
KNUTH_SUBTREE root=7304 depth=28 w=2.0122034849e+39 Shat=9.2640000000e+00 Lhat=0.0000000000e+00
KNUTH_SUBTREE root=7305 depth=28 w=1.7811665783e+39 Shat=2.1902000000e+01 Lhat=0.0000000000e+00
KNUTH_SUBTREE root=7306 depth=28 w=2.8033614498e+38 Shat=2.2792000000e+01 Lhat=0.0000000000e+00
KNUTH_SUBTREE root=7307 depth=28 w=2.4159170096e+38 Shat=3.0000000000e+00 Lhat=0.0000000000e+00
KNUTH_SUBTREE root=7308 depth=28 w=2.3521040663e+39 Shat=1.0000000000e+01 Lhat=0.0000000000e+00
KNUTH_SUBTREE root=7309 depth=28 w=5.1149552645e+38 Shat=1.0000000000e+00 Lhat=0.0000000000e+00
KNUTH_SUBTREE root=7310 depth=28 w=2.0972979557e+38 Shat=7.9810000000e+00 Lhat=0.0000000000e+00
KNUTH_SUBTREE root=7311 depth=28 w=5.0696801927e+37 Shat=3.0000000000e+00 Lhat=0.0000000000e+00
KNUTH_SUBTREE root=7312 depth=28 w=2.6819131506e+38 Shat=2.1155000000e+01 Lhat=0.0000000000e+00
KNUTH_SUBTREE root=7313 depth=28 w=1.0755142106e+39 Shat=3.9240000000e+00 Lhat=0.0000000000e+00
KNUTH_SUBTREE root=7314 depth=28 w=3.6937257596e+36 Shat=2.0000000000e+00 Lhat=0.0000000000e+00
KNUTH_SUBTREE root=7315 depth=28 w=3.0267935171e+38 Shat=1.5296000000e+01 Lhat=0.0000000000e+00
KNUTH_SUBTREE root=7316 depth=28 w=1.8803515082e+38 Shat=2.5864000000e+01 Lhat=0.0000000000e+00
KNUTH_SUBTREE root=7317 depth=28 w=1.9637167817e+38 Shat=1.0000000000e+00 Lhat=0.0000000000e+00
KNUTH_SUBTREE root=7318 depth=28 w=2.6902229320e+39 Shat=2.4848000000e+01 Lhat=0.0000000000e+00
KNUTH_SUBTREE root=7319 depth=28 w=3.0680755603e+39 Shat=5.0000000000e+00 Lhat=0.0000000000e+00
KNUTH_SUBTREE root=7320 depth=28 w=0 Shat=0 Lhat=0 dead=1
KNUTH_SUBTREE root=7321 depth=28 w=3.4812420025e+37 Shat=4.0000000000e+00 Lhat=0.0000000000e+00
KNUTH_SUBTREE root=7322 depth=28 w=6.5904301265e+38 Shat=5.2814000000e+01 Lhat=0.0000000000e+00
KNUTH_SUBTREE root=7323 depth=28 w=9.2965612603e+36 Shat=3.0000000000e+00 Lhat=0.0000000000e+00
KNUTH_SUBTREE root=7324 depth=28 w=0 Shat=0 Lhat=0 dead=1
KNUTH_SUBTREE root=7325 depth=28 w=0 Shat=0 Lhat=0 dead=1
KNUTH_SUBTREE root=7326 depth=28 w=9.4512396846e+38 Shat=2.0000000000e+00 Lhat=0.0000000000e+00
KNUTH_SUBTREE root=7327 depth=28 w=1.5872287854e+38 Shat=4.0000000000e+00 Lhat=0.0000000000e+00
KNUTH_SUBTREE root=7328 depth=28 w=3.5344492890e+38 Shat=1.0000000000e+01 Lhat=0.0000000000e+00
KNUTH_SUBTREE root=7329 depth=28 w=1.3718086673e+38 Shat=3.0000000000e+00 Lhat=0.0000000000e+00
KNUTH_SUBTREE root=7330 depth=28 w=7.4056136906e+38 Shat=3.7624000000e+01 Lhat=0.0000000000e+00
KNUTH_SUBTREE root=7331 depth=28 w=1.2054612454e+37 Shat=2.0000000000e+00 Lhat=0.0000000000e+00
KNUTH_SUBTREE root=7332 depth=28 w=1.5129581778e+38 Shat=3.9880000000e+00 Lhat=0.0000000000e+00
KNUTH_SUBTREE root=7333 depth=28 w=4.2468575947e+38 Shat=1.6000000000e+01 Lhat=0.0000000000e+00
KNUTH_SUBTREE root=7334 depth=28 w=2.2559522426e+38 Shat=1.8904000000e+01 Lhat=0.0000000000e+00
KNUTH_SUBTREE root=7335 depth=28 w=2.6720855151e+37 Shat=1.0000000000e+00 Lhat=0.0000000000e+00
KNUTH_SUBTREE root=7336 depth=28 w=1.8607702291e+37 Shat=1.0000000000e+00 Lhat=0.0000000000e+00
KNUTH_SUBTREE root=7337 depth=28 w=3.1236054663e+38 Shat=1.0868000000e+01 Lhat=0.0000000000e+00
KNUTH_SUBTREE root=7338 depth=28 w=4.9480457493e+37 Shat=5.0000000000e+00 Lhat=0.0000000000e+00
KNUTH_SUBTREE root=7339 depth=28 w=1.6355064478e+38 Shat=1.6932000000e+01 Lhat=0.0000000000e+00
KNUTH_SUBTREE root=7340 depth=28 w=0 Shat=0 Lhat=0 dead=1
KNUTH_SUBTREE root=7341 depth=28 w=1.8940667137e+37 Shat=7.8800000000e+00 Lhat=0.0000000000e+00
KNUTH_SUBTREE root=7342 depth=28 w=1.3734197493e+39 Shat=3.0000000000e+00 Lhat=0.0000000000e+00
KNUTH_SUBTREE root=7343 depth=28 w=2.5387533179e+38 Shat=3.0000000000e+00 Lhat=0.0000000000e+00
KNUTH_SUBTREE root=7344 depth=28 w=1.1632357443e+38 Shat=1.0000000000e+00 Lhat=0.0000000000e+00
KNUTH_SUBTREE root=7345 depth=28 w=4.9432999375e+36 Shat=3.0000000000e+00 Lhat=0.0000000000e+00
KNUTH_SUBTREE root=7346 depth=28 w=4.3229171033e+38 Shat=5.0000000000e+00 Lhat=0.0000000000e+00
KNUTH_SUBTREE root=7347 depth=28 w=3.1098493524e+38 Shat=5.5210000000e+01 Lhat=0.0000000000e+00
KNUTH_SUBTREE root=7348 depth=28 w=4.5641825599e+38 Shat=1.0000000000e+00 Lhat=0.0000000000e+00
KNUTH_SUBTREE root=7349 depth=28 w=1.0884149785e+38 Shat=7.0000000000e+00 Lhat=0.0000000000e+00
KNUTH_SUBTREE root=7350 depth=28 w=1.7218299376e+38 Shat=1.8476000000e+02 Lhat=0.0000000000e+00
KNUTH_SUBTREE root=7351 depth=28 w=2.1139420561e+39 Shat=1.6976000000e+01 Lhat=0.0000000000e+00
KNUTH_SUBTREE root=7352 depth=28 w=1.1176287825e+38 Shat=3.0000000000e+00 Lhat=0.0000000000e+00
KNUTH_SUBTREE root=7353 depth=28 w=7.6224672016e+38 Shat=5.2280000000e+01 Lhat=0.0000000000e+00
KNUTH_SUBTREE root=7354 depth=28 w=4.8118413283e+38 Shat=5.0000000000e+00 Lhat=0.0000000000e+00
KNUTH_SUBTREE root=7355 depth=28 w=4.5524697849e+38 Shat=1.3000000000e+01 Lhat=0.0000000000e+00
KNUTH_SUBTREE root=7356 depth=28 w=6.5857904743e+37 Shat=3.0000000000e+00 Lhat=0.0000000000e+00
KNUTH_SUBTREE root=7357 depth=28 w=0 Shat=0 Lhat=0 dead=1
KNUTH_SUBTREE root=7358 depth=28 w=3.8375659703e+38 Shat=3.0000000000e+00 Lhat=0.0000000000e+00
KNUTH_SUBTREE root=7359 depth=28 w=5.8797714091e+37 Shat=1.0000000000e+00 Lhat=0.0000000000e+00
KNUTH_SUBTREE root=7360 depth=28 w=4.8579553893e+38 Shat=4.0000000000e+00 Lhat=0.0000000000e+00
KNUTH_SUBTREE root=7361 depth=28 w=3.5161639933e+38 Shat=1.0000000000e+00 Lhat=0.0000000000e+00
KNUTH_SUBTREE root=7362 depth=28 w=2.8838447112e+39 Shat=4.0000000000e+00 Lhat=0.0000000000e+00
KNUTH_SUBTREE root=7363 depth=28 w=2.5290802774e+38 Shat=5.5068000000e+01 Lhat=0.0000000000e+00
KNUTH_SUBTREE root=7364 depth=28 w=1.8310988651e+37 Shat=5.0000000000e+00 Lhat=0.0000000000e+00
KNUTH_SUBTREE root=7365 depth=28 w=5.9816858927e+38 Shat=5.0000000000e+00 Lhat=0.0000000000e+00
KNUTH_SUBTREE root=7366 depth=28 w=4.2214959399e+37 Shat=9.0000000000e+00 Lhat=0.0000000000e+00
KNUTH_SUBTREE root=7367 depth=28 w=4.5513496727e+37 Shat=1.0000000000e+00 Lhat=0.0000000000e+00
KNUTH_SUBTREE root=7368 depth=28 w=1.2289926461e+35 Shat=1.0000000000e+00 Lhat=0.0000000000e+00
KNUTH_SUBTREE root=7369 depth=28 w=2.5820341788e+37 Shat=4.0000000000e+00 Lhat=0.0000000000e+00
KNUTH_SUBTREE root=7370 depth=28 w=1.6055739998e+38 Shat=3.0000000000e+00 Lhat=0.0000000000e+00
KNUTH_SUBTREE root=7371 depth=28 w=7.0871202974e+38 Shat=7.9350000000e+00 Lhat=0.0000000000e+00
KNUTH_SUBTREE root=7372 depth=28 w=4.6236282091e+37 Shat=3.0000000000e+00 Lhat=0.0000000000e+00
KNUTH_SUBTREE root=7373 depth=28 w=1.1057334322e+37 Shat=2.0000000000e+00 Lhat=0.0000000000e+00
KNUTH_SUBTREE root=7374 depth=28 w=4.2255419065e+38 Shat=9.0000000000e+00 Lhat=0.0000000000e+00
KNUTH_SUBTREE root=7375 depth=28 w=1.9644136768e+38 Shat=1.3000000000e+01 Lhat=0.0000000000e+00
KNUTH_SUBTREE root=7376 depth=28 w=0 Shat=0 Lhat=0 dead=1
KNUTH_SUBTREE root=7377 depth=28 w=0 Shat=0 Lhat=0 dead=1
KNUTH_SUBTREE root=7378 depth=28 w=4.0713936740e+38 Shat=3.9755000000e+01 Lhat=0.0000000000e+00
KNUTH_SUBTREE root=7379 depth=28 w=1.5751504041e+39 Shat=9.1180000000e+01 Lhat=0.0000000000e+00
KNUTH_SUBTREE root=7380 depth=28 w=5.5265731867e+38 Shat=2.8216000000e+01 Lhat=0.0000000000e+00
KNUTH_SUBTREE root=7381 depth=28 w=1.7642228347e+39 Shat=2.1699000000e+01 Lhat=0.0000000000e+00
KNUTH_SUBTREE root=7382 depth=28 w=2.4532318937e+38 Shat=4.0000000000e+00 Lhat=0.0000000000e+00
KNUTH_SUBTREE root=7383 depth=28 w=0 Shat=0 Lhat=0 dead=1
KNUTH_SUBTREE root=7384 depth=28 w=4.7088728915e+38 Shat=2.4035000000e+01 Lhat=0.0000000000e+00
KNUTH_SUBTREE root=7385 depth=28 w=1.5213806996e+38 Shat=1.0000000000e+00 Lhat=0.0000000000e+00
KNUTH_SUBTREE root=7386 depth=28 w=1.9012378014e+39 Shat=8.3590000000e+01 Lhat=0.0000000000e+00
KNUTH_SUBTREE root=7387 depth=28 w=0 Shat=0 Lhat=0 dead=1
KNUTH_SUBTREE root=7388 depth=28 w=4.5770762159e+38 Shat=1.0000000000e+00 Lhat=0.0000000000e+00
KNUTH_SUBTREE root=7389 depth=28 w=3.3937791230e+38 Shat=6.2625000000e+01 Lhat=0.0000000000e+00
KNUTH_SUBTREE root=7390 depth=28 w=2.2212595666e+37 Shat=3.0000000000e+00 Lhat=0.0000000000e+00
KNUTH_SUBTREE root=7391 depth=28 w=3.0225412940e+38 Shat=3.0000000000e+00 Lhat=0.0000000000e+00
KNUTH_SUBTREE root=7392 depth=28 w=1.0517887661e+39 Shat=2.0000000000e+00 Lhat=0.0000000000e+00
KNUTH_SUBTREE root=7393 depth=28 w=3.8417500188e+37 Shat=1.0000000000e+00 Lhat=0.0000000000e+00
KNUTH_SUBTREE root=7394 depth=28 w=5.2727099800e+36 Shat=1.0000000000e+00 Lhat=0.0000000000e+00
KNUTH_SUBTREE root=7395 depth=28 w=5.8709006611e+38 Shat=3.0000000000e+00 Lhat=0.0000000000e+00
KNUTH_SUBTREE root=7396 depth=28 w=3.0131708886e+38 Shat=1.1144000000e+01 Lhat=0.0000000000e+00
KNUTH_SUBTREE root=7397 depth=28 w=1.5218212995e+38 Shat=1.0000000000e+00 Lhat=0.0000000000e+00
KNUTH_SUBTREE root=7398 depth=28 w=0 Shat=0 Lhat=0 dead=1
KNUTH_SUBTREE root=7399 depth=28 w=2.3808962658e+39 Shat=2.7336000000e+01 Lhat=0.0000000000e+00
KNUTH_SUBTREE root=7400 depth=28 w=7.6727649278e+38 Shat=1.0000000000e+01 Lhat=0.0000000000e+00
KNUTH_SUBTREE root=7401 depth=28 w=1.1053370799e+39 Shat=1.6013800000e+02 Lhat=0.0000000000e+00
KNUTH_SUBTREE root=7402 depth=28 w=2.0156604237e+39 Shat=2.9000000000e+01 Lhat=0.0000000000e+00
KNUTH_SUBTREE root=7403 depth=28 w=4.6676288677e+38 Shat=1.3000000000e+01 Lhat=0.0000000000e+00
KNUTH_SUBTREE root=7404 depth=28 w=0 Shat=0 Lhat=0 dead=1
KNUTH_SUBTREE root=7405 depth=28 w=1.2263777390e+39 Shat=1.5972000000e+01 Lhat=0.0000000000e+00
KNUTH_SUBTREE root=7406 depth=28 w=4.5984911774e+38 Shat=1.3000000000e+01 Lhat=0.0000000000e+00
KNUTH_SUBTREE root=7407 depth=28 w=4.6994115417e+38 Shat=5.4998000000e+01 Lhat=0.0000000000e+00
KNUTH_SUBTREE root=7408 depth=28 w=3.7194020821e+36 Shat=1.0000000000e+00 Lhat=0.0000000000e+00
KNUTH_SUBTREE root=7409 depth=28 w=1.6297904526e+39 Shat=4.0000000000e+00 Lhat=0.0000000000e+00
KNUTH_SUBTREE root=7410 depth=28 w=2.3923183796e+39 Shat=1.6000000000e+01 Lhat=0.0000000000e+00
KNUTH_SUBTREE root=7411 depth=28 w=5.0279632873e+38 Shat=7.0000000000e+00 Lhat=0.0000000000e+00
KNUTH_SUBTREE root=7412 depth=28 w=2.2371704340e+39 Shat=4.0000000000e+00 Lhat=0.0000000000e+00
KNUTH_SUBTREE root=7413 depth=28 w=1.8679264245e+38 Shat=3.0000000000e+00 Lhat=0.0000000000e+00
KNUTH_SUBTREE root=7414 depth=28 w=1.7317168404e+38 Shat=1.1000000000e+01 Lhat=0.0000000000e+00
KNUTH_SUBTREE root=7415 depth=28 w=1.0166272425e+38 Shat=3.0000000000e+00 Lhat=0.0000000000e+00
KNUTH_SUBTREE root=7416 depth=28 w=2.3897251990e+39 Shat=4.2680000000e+01 Lhat=0.0000000000e+00
KNUTH_SUBTREE root=7417 depth=28 w=8.2188843480e+36 Shat=1.0000000000e+00 Lhat=0.0000000000e+00
KNUTH_SUBTREE root=7418 depth=28 w=1.6180321869e+37 Shat=4.0000000000e+00 Lhat=0.0000000000e+00
KNUTH_SUBTREE root=7419 depth=28 w=1.3337622064e+38 Shat=3.0000000000e+00 Lhat=0.0000000000e+00
KNUTH_SUBTREE root=7420 depth=28 w=2.1275535519e+38 Shat=4.3680000000e+01 Lhat=0.0000000000e+00
KNUTH_SUBTREE root=7421 depth=28 w=4.1220683344e+38 Shat=3.0000000000e+00 Lhat=0.0000000000e+00
KNUTH_SUBTREE root=7422 depth=28 w=0 Shat=0 Lhat=0 dead=1
KNUTH_SUBTREE root=7423 depth=28 w=2.2079643412e+38 Shat=1.0000000000e+00 Lhat=0.0000000000e+00
KNUTH_SUBTREE root=7424 depth=28 w=1.8808947952e+37 Shat=3.0000000000e+00 Lhat=0.0000000000e+00
KNUTH_SUBTREE root=7425 depth=28 w=1.9629589405e+39 Shat=1.1224000000e+01 Lhat=0.0000000000e+00
KNUTH_SUBTREE root=7426 depth=28 w=1.6633414199e+36 Shat=2.0000000000e+00 Lhat=0.0000000000e+00
KNUTH_SUBTREE root=7427 depth=28 w=8.9380534116e+38 Shat=1.3000000000e+01 Lhat=0.0000000000e+00
KNUTH_SUBTREE root=7428 depth=28 w=0 Shat=0 Lhat=0 dead=1
KNUTH_SUBTREE root=7429 depth=28 w=1.9572623810e+39 Shat=2.1130000000e+01 Lhat=0.0000000000e+00
KNUTH_SUBTREE root=7430 depth=28 w=0 Shat=0 Lhat=0 dead=1
KNUTH_SUBTREE root=7431 depth=28 w=1.0576963948e+38 Shat=2.4002000000e+01 Lhat=0.0000000000e+00
KNUTH_SUBTREE root=7432 depth=28 w=2.2578855850e+37 Shat=4.0000000000e+00 Lhat=0.0000000000e+00
KNUTH_SUBTREE root=7433 depth=28 w=3.0722330942e+39 Shat=3.5027000000e+01 Lhat=0.0000000000e+00
KNUTH_SUBTREE root=7434 depth=28 w=1.6941454966e+38 Shat=6.9537000000e+01 Lhat=0.0000000000e+00
KNUTH_SUBTREE root=7435 depth=28 w=3.0893138647e+37 Shat=1.0123000000e+01 Lhat=0.0000000000e+00
KNUTH_SUBTREE root=7436 depth=28 w=1.2458028358e+39 Shat=6.8952000000e+01 Lhat=0.0000000000e+00
KNUTH_SUBTREE root=7437 depth=28 w=2.4023439068e+38 Shat=7.0000000000e+00 Lhat=0.0000000000e+00
KNUTH_SUBTREE root=7438 depth=28 w=2.9769763626e+39 Shat=6.1396000000e+01 Lhat=0.0000000000e+00
KNUTH_SUBTREE root=7439 depth=28 w=3.6242507326e+37 Shat=1.0000000000e+00 Lhat=0.0000000000e+00
KNUTH_SUBTREE root=7440 depth=28 w=0 Shat=0 Lhat=0 dead=1
KNUTH_SUBTREE root=7441 depth=28 w=1.0514840883e+37 Shat=3.0000000000e+00 Lhat=0.0000000000e+00
KNUTH_SUBTREE root=7442 depth=28 w=7.2349085892e+38 Shat=8.0200000000e+00 Lhat=0.0000000000e+00
KNUTH_SUBTREE root=7443 depth=28 w=1.6800959677e+38 Shat=1.1956000000e+01 Lhat=0.0000000000e+00
KNUTH_SUBTREE root=7444 depth=28 w=6.6811775696e+38 Shat=2.0000000000e+00 Lhat=0.0000000000e+00
KNUTH_SUBTREE root=7445 depth=28 w=7.5194357879e+38 Shat=3.5116000000e+01 Lhat=0.0000000000e+00
KNUTH_SUBTREE root=7446 depth=28 w=1.1110607216e+39 Shat=1.0000000000e+00 Lhat=0.0000000000e+00
KNUTH_SUBTREE root=7447 depth=28 w=2.9665884679e+38 Shat=3.0000000000e+00 Lhat=0.0000000000e+00
KNUTH_SUBTREE root=7448 depth=28 w=1.6281575546e+39 Shat=1.0000000000e+00 Lhat=0.0000000000e+00
KNUTH_SUBTREE root=7449 depth=28 w=1.9624336678e+38 Shat=1.3000000000e+01 Lhat=0.0000000000e+00
KNUTH_SUBTREE root=7450 depth=28 w=1.8187793418e+39 Shat=3.3192000000e+01 Lhat=0.0000000000e+00
KNUTH_SUBTREE root=7451 depth=28 w=0 Shat=0 Lhat=0 dead=1
KNUTH_SUBTREE root=7452 depth=28 w=4.0207920710e+38 Shat=3.0000000000e+00 Lhat=0.0000000000e+00
KNUTH_SUBTREE root=7453 depth=28 w=4.0109154023e+36 Shat=3.0000000000e+00 Lhat=0.0000000000e+00
KNUTH_SUBTREE root=7454 depth=28 w=3.4789250088e+39 Shat=1.0000000000e+01 Lhat=0.0000000000e+00
KNUTH_SUBTREE root=7455 depth=28 w=5.0529235168e+38 Shat=1.0912000000e+01 Lhat=0.0000000000e+00
KNUTH_SUBTREE root=7456 depth=28 w=4.3946226064e+37 Shat=3.9820000000e+00 Lhat=0.0000000000e+00
KNUTH_SUBTREE root=7457 depth=28 w=2.6034700546e+38 Shat=3.0000000000e+00 Lhat=0.0000000000e+00
KNUTH_SUBTREE root=7458 depth=28 w=1.6423095847e+39 Shat=7.0000000000e+00 Lhat=0.0000000000e+00
KNUTH_SUBTREE root=7459 depth=28 w=1.1621052235e+38 Shat=1.0000000000e+00 Lhat=0.0000000000e+00
KNUTH_SUBTREE root=7460 depth=28 w=2.8788274618e+38 Shat=5.1376000000e+01 Lhat=0.0000000000e+00
KNUTH_SUBTREE root=7461 depth=28 w=8.3752087803e+38 Shat=2.2165000000e+01 Lhat=0.0000000000e+00
KNUTH_SUBTREE root=7462 depth=28 w=3.1007267578e+36 Shat=1.0000000000e+00 Lhat=0.0000000000e+00
KNUTH_SUBTREE root=7463 depth=28 w=8.6229509372e+38 Shat=4.6450000000e+01 Lhat=0.0000000000e+00
KNUTH_SUBTREE root=7464 depth=28 w=1.4318514451e+39 Shat=5.4382000000e+01 Lhat=0.0000000000e+00
KNUTH_SUBTREE root=7465 depth=28 w=4.2489422425e+38 Shat=1.0888000000e+01 Lhat=0.0000000000e+00
KNUTH_SUBTREE root=7466 depth=28 w=2.7624191680e+39 Shat=1.7900000000e+01 Lhat=0.0000000000e+00
KNUTH_SUBTREE root=7467 depth=28 w=5.1563036044e+38 Shat=1.1004800000e+02 Lhat=0.0000000000e+00
KNUTH_SUBTREE root=7468 depth=28 w=3.9230553046e+38 Shat=3.0000000000e+00 Lhat=0.0000000000e+00
KNUTH_SUBTREE root=7469 depth=28 w=0 Shat=0 Lhat=0 dead=1
KNUTH_SUBTREE root=7470 depth=28 w=1.9965015197e+38 Shat=1.2710400000e+02 Lhat=0.0000000000e+00
KNUTH_SUBTREE root=7471 depth=28 w=1.6955539215e+38 Shat=3.3104000000e+01 Lhat=0.0000000000e+00
KNUTH_SUBTREE root=7472 depth=28 w=3.2300156121e+39 Shat=1.1806000000e+01 Lhat=0.0000000000e+00
KNUTH_SUBTREE root=7473 depth=28 w=1.5247957031e+38 Shat=1.0000000000e+00 Lhat=0.0000000000e+00
KNUTH_SUBTREE root=7474 depth=28 w=5.1120684135e+38 Shat=1.0109600000e+02 Lhat=0.0000000000e+00
KNUTH_SUBTREE root=7475 depth=28 w=3.4953554243e+38 Shat=1.9000000000e+01 Lhat=0.0000000000e+00
KNUTH_SUBTREE root=7476 depth=28 w=8.3330498826e+37 Shat=5.0000000000e+00 Lhat=0.0000000000e+00
KNUTH_SUBTREE root=7477 depth=28 w=5.1200927796e+38 Shat=3.0000000000e+00 Lhat=0.0000000000e+00
KNUTH_SUBTREE root=7478 depth=28 w=1.1910309894e+39 Shat=2.8570000000e+01 Lhat=0.0000000000e+00
KNUTH_SUBTREE root=7479 depth=28 w=2.0504716609e+38 Shat=3.8638000000e+01 Lhat=0.0000000000e+00
KNUTH_SUBTREE root=7480 depth=28 w=4.4426454330e+38 Shat=3.0000000000e+00 Lhat=0.0000000000e+00
KNUTH_SUBTREE root=7481 depth=28 w=3.1031016927e+37 Shat=2.0000000000e+00 Lhat=0.0000000000e+00
KNUTH_SUBTREE root=7482 depth=28 w=2.7780097171e+37 Shat=1.6776000000e+01 Lhat=0.0000000000e+00
KNUTH_SUBTREE root=7483 depth=28 w=7.9470453409e+37 Shat=7.0000000000e+00 Lhat=0.0000000000e+00
KNUTH_SUBTREE root=7484 depth=28 w=2.7215192794e+39 Shat=6.3475000000e+01 Lhat=0.0000000000e+00
KNUTH_SUBTREE root=7485 depth=28 w=2.2521541875e+38 Shat=3.0000000000e+00 Lhat=0.0000000000e+00
KNUTH_SUBTREE root=7486 depth=28 w=5.3185462108e+38 Shat=1.8124000000e+02 Lhat=0.0000000000e+00
KNUTH_SUBTREE root=7487 depth=28 w=3.7203569598e+38 Shat=1.1573700000e+02 Lhat=0.0000000000e+00
KNUTH_SUBTREE root=7488 depth=28 w=1.4619415165e+39 Shat=1.6840000000e+01 Lhat=0.0000000000e+00
KNUTH_SUBTREE root=7489 depth=28 w=3.5468980792e+38 Shat=2.2040000000e+01 Lhat=0.0000000000e+00
KNUTH_SUBTREE root=7490 depth=28 w=7.3728871442e+37 Shat=3.0000000000e+00 Lhat=0.0000000000e+00
KNUTH_SUBTREE root=7491 depth=28 w=7.1311196168e+38 Shat=1.7688000000e+01 Lhat=0.0000000000e+00
KNUTH_SUBTREE root=7492 depth=28 w=2.9965761015e+37 Shat=2.0000000000e+00 Lhat=0.0000000000e+00
KNUTH_SUBTREE root=7493 depth=28 w=1.4874849643e+39 Shat=3.4187000000e+01 Lhat=0.0000000000e+00
KNUTH_SUBTREE root=7494 depth=28 w=4.8466535188e+37 Shat=4.8995000000e+01 Lhat=0.0000000000e+00
KNUTH_SUBTREE root=7495 depth=28 w=7.2092753492e+36 Shat=1.0000000000e+00 Lhat=0.0000000000e+00
KNUTH_SUBTREE root=7496 depth=28 w=0 Shat=0 Lhat=0 dead=1
KNUTH_SUBTREE root=7497 depth=28 w=1.2667374550e+39 Shat=4.0000000000e+00 Lhat=0.0000000000e+00
KNUTH_SUBTREE root=7498 depth=28 w=1.6093115560e+39 Shat=5.9110000000e+00 Lhat=0.0000000000e+00
KNUTH_SUBTREE root=7499 depth=28 w=4.6438892085e+38 Shat=3.8681000000e+01 Lhat=0.0000000000e+00
KNUTH_SUBTREE root=7500 depth=28 w=1.3182472164e+39 Shat=7.0000000000e+00 Lhat=0.0000000000e+00
KNUTH_SUBTREE root=7501 depth=28 w=1.8456825988e+38 Shat=1.0000000000e+00 Lhat=0.0000000000e+00
KNUTH_SUBTREE root=7502 depth=28 w=7.9045683224e+38 Shat=3.3176000000e+01 Lhat=0.0000000000e+00
KNUTH_SUBTREE root=7503 depth=28 w=4.3401967110e+37 Shat=3.0000000000e+00 Lhat=0.0000000000e+00
KNUTH_SUBTREE root=7504 depth=28 w=1.2389071830e+39 Shat=3.3396000000e+01 Lhat=0.0000000000e+00
KNUTH_SUBTREE root=7505 depth=28 w=1.7957508336e+38 Shat=1.2544000000e+01 Lhat=0.0000000000e+00
KNUTH_SUBTREE root=7506 depth=28 w=2.4328096780e+39 Shat=1.1821000000e+02 Lhat=0.0000000000e+00
KNUTH_SUBTREE root=7507 depth=28 w=8.9132556601e+38 Shat=9.0400000000e+00 Lhat=0.0000000000e+00
KNUTH_SUBTREE root=7508 depth=28 w=1.3814015237e+38 Shat=2.9525000000e+01 Lhat=0.0000000000e+00
KNUTH_SUBTREE root=7509 depth=28 w=8.4716623755e+37 Shat=1.0000000000e+00 Lhat=0.0000000000e+00
KNUTH_SUBTREE root=7510 depth=28 w=5.7517513593e+38 Shat=1.0884000000e+01 Lhat=0.0000000000e+00
KNUTH_SUBTREE root=7511 depth=28 w=3.9104149338e+38 Shat=2.0000000000e+00 Lhat=0.0000000000e+00
KNUTH_SUBTREE root=7512 depth=28 w=1.5080924904e+39 Shat=2.0000000000e+00 Lhat=0.0000000000e+00
KNUTH_SUBTREE root=7513 depth=28 w=2.6571056192e+38 Shat=1.1072000000e+01 Lhat=0.0000000000e+00
KNUTH_SUBTREE root=7514 depth=28 w=1.1765625847e+39 Shat=1.8632000000e+01 Lhat=0.0000000000e+00
KNUTH_SUBTREE root=7515 depth=28 w=1.6207251634e+39 Shat=1.0554000000e+02 Lhat=0.0000000000e+00
KNUTH_SUBTREE root=7516 depth=28 w=1.2383663239e+39 Shat=2.0520000000e+01 Lhat=0.0000000000e+00
KNUTH_SUBTREE root=7517 depth=28 w=7.8143706617e+36 Shat=3.0000000000e+00 Lhat=0.0000000000e+00
KNUTH_SUBTREE root=7518 depth=28 w=8.5422830455e+38 Shat=4.1064000000e+01 Lhat=0.0000000000e+00
KNUTH_SUBTREE root=7519 depth=28 w=1.5289444350e+39 Shat=2.8228000000e+01 Lhat=0.0000000000e+00
KNUTH_SUBTREE root=7520 depth=28 w=1.2330255100e+39 Shat=9.0000000000e+00 Lhat=0.0000000000e+00
KNUTH_SUBTREE root=7521 depth=28 w=4.7812519465e+38 Shat=1.3000000000e+01 Lhat=0.0000000000e+00
KNUTH_SUBTREE root=7522 depth=28 w=2.3138572166e+39 Shat=1.6900000000e+01 Lhat=0.0000000000e+00
KNUTH_SUBTREE root=7523 depth=28 w=6.4249341254e+37 Shat=3.0000000000e+00 Lhat=0.0000000000e+00
KNUTH_SUBTREE root=7524 depth=28 w=2.4565293645e+39 Shat=4.9890000000e+01 Lhat=0.0000000000e+00
KNUTH_SUBTREE root=7525 depth=28 w=3.4334829271e+37 Shat=4.0480000000e+00 Lhat=0.0000000000e+00
KNUTH_SUBTREE root=7526 depth=28 w=0 Shat=0 Lhat=0 dead=1
KNUTH_SUBTREE root=7527 depth=28 w=1.5378641605e+37 Shat=1.0000000000e+00 Lhat=0.0000000000e+00
KNUTH_SUBTREE root=7528 depth=28 w=2.1520374299e+38 Shat=3.0000000000e+00 Lhat=0.0000000000e+00
KNUTH_SUBTREE root=7529 depth=28 w=5.2178481018e+38 Shat=1.6000000000e+01 Lhat=0.0000000000e+00
KNUTH_SUBTREE root=7530 depth=28 w=2.9500414315e+37 Shat=1.0000000000e+00 Lhat=0.0000000000e+00
KNUTH_SUBTREE root=7531 depth=28 w=6.8153319026e+38 Shat=1.7730000000e+01 Lhat=0.0000000000e+00
KNUTH_SUBTREE root=7532 depth=28 w=2.0073689753e+39 Shat=2.5486000000e+01 Lhat=0.0000000000e+00
KNUTH_SUBTREE root=7533 depth=28 w=1.5182486596e+39 Shat=2.5472000000e+01 Lhat=0.0000000000e+00
KNUTH_SUBTREE root=7534 depth=28 w=1.3650812889e+38 Shat=1.0000000000e+02 Lhat=0.0000000000e+00
KNUTH_SUBTREE root=7535 depth=28 w=5.3605989330e+37 Shat=7.0000000000e+00 Lhat=0.0000000000e+00
KNUTH_SUBTREE root=7536 depth=28 w=1.9884718293e+38 Shat=1.0000000000e+00 Lhat=0.0000000000e+00
KNUTH_SUBTREE root=7537 depth=28 w=8.1582174847e+37 Shat=1.0000000000e+00 Lhat=0.0000000000e+00
KNUTH_SUBTREE root=7538 depth=28 w=8.7969303284e+38 Shat=2.1070000000e+01 Lhat=0.0000000000e+00
KNUTH_SUBTREE root=7539 depth=28 w=9.8434447227e+38 Shat=8.0620000000e+00 Lhat=0.0000000000e+00
KNUTH_SUBTREE root=7540 depth=28 w=2.8712488407e+38 Shat=1.6046800000e+02 Lhat=0.0000000000e+00
KNUTH_SUBTREE root=7541 depth=28 w=3.7567884751e+38 Shat=1.6775000000e+01 Lhat=0.0000000000e+00
KNUTH_SUBTREE root=7542 depth=28 w=1.1237222714e+37 Shat=3.0000000000e+00 Lhat=0.0000000000e+00
KNUTH_SUBTREE root=7543 depth=28 w=9.7228721601e+38 Shat=5.9548000000e+01 Lhat=0.0000000000e+00
KNUTH_SUBTREE root=7544 depth=28 w=1.5401339322e+38 Shat=1.0000000000e+00 Lhat=0.0000000000e+00
KNUTH_SUBTREE root=7545 depth=28 w=2.3790563377e+39 Shat=1.0000000000e+01 Lhat=0.0000000000e+00
KNUTH_SUBTREE root=7546 depth=28 w=4.6037303435e+38 Shat=3.4716000000e+01 Lhat=0.0000000000e+00
KNUTH_SUBTREE root=7547 depth=28 w=3.4758697786e+39 Shat=8.4508000000e+01 Lhat=0.0000000000e+00
KNUTH_SUBTREE root=7548 depth=28 w=1.6302981129e+38 Shat=1.0000000000e+00 Lhat=0.0000000000e+00
KNUTH_SUBTREE root=7549 depth=28 w=5.4774971232e+38 Shat=1.0000000000e+00 Lhat=0.0000000000e+00
KNUTH_SUBTREE root=7550 depth=28 w=7.8998198363e+38 Shat=5.9720000000e+00 Lhat=0.0000000000e+00
KNUTH_SUBTREE root=7551 depth=28 w=0 Shat=0 Lhat=0 dead=1
KNUTH_SUBTREE root=7552 depth=28 w=1.0141587162e+38 Shat=7.0000000000e+00 Lhat=0.0000000000e+00
KNUTH_SUBTREE root=7553 depth=28 w=8.2066898534e+38 Shat=1.0956000000e+01 Lhat=0.0000000000e+00
KNUTH_SUBTREE root=7554 depth=28 w=3.4524595499e+38 Shat=3.0000000000e+00 Lhat=0.0000000000e+00
KNUTH_SUBTREE root=7555 depth=28 w=1.9259591557e+39 Shat=7.0328000000e+01 Lhat=0.0000000000e+00
KNUTH_SUBTREE root=7556 depth=28 w=4.9250956484e+38 Shat=5.7130000000e+01 Lhat=0.0000000000e+00
KNUTH_SUBTREE root=7557 depth=28 w=2.3872539740e+38 Shat=1.3000000000e+01 Lhat=0.0000000000e+00
KNUTH_SUBTREE root=7558 depth=28 w=8.2419441611e+36 Shat=1.0000000000e+00 Lhat=0.0000000000e+00
KNUTH_SUBTREE root=7559 depth=28 w=6.3098108397e+37 Shat=1.8840000000e+01 Lhat=0.0000000000e+00
KNUTH_SUBTREE root=7560 depth=28 w=2.2781405793e+37 Shat=3.0000000000e+00 Lhat=0.0000000000e+00
KNUTH_SUBTREE root=7561 depth=28 w=9.7538673478e+38 Shat=1.7044000000e+01 Lhat=0.0000000000e+00
KNUTH_SUBTREE root=7562 depth=28 w=1.5789693089e+39 Shat=1.0000000000e+01 Lhat=0.0000000000e+00
KNUTH_SUBTREE root=7563 depth=28 w=8.4955584002e+38 Shat=3.0000000000e+00 Lhat=0.0000000000e+00
KNUTH_SUBTREE root=7564 depth=28 w=7.0502980318e+38 Shat=2.8648000000e+01 Lhat=0.0000000000e+00
KNUTH_SUBTREE root=7565 depth=28 w=1.1974499140e+38 Shat=7.9690000000e+00 Lhat=0.0000000000e+00
KNUTH_SUBTREE root=7566 depth=28 w=1.3061282117e+39 Shat=3.0000000000e+00 Lhat=0.0000000000e+00
KNUTH_SUBTREE root=7567 depth=28 w=2.7741349510e+38 Shat=1.0000000000e+00 Lhat=0.0000000000e+00
KNUTH_SUBTREE root=7568 depth=28 w=2.3500274079e+38 Shat=1.0000000000e+01 Lhat=0.0000000000e+00
KNUTH_SUBTREE root=7569 depth=28 w=7.1853631346e+38 Shat=6.6976000000e+01 Lhat=0.0000000000e+00
KNUTH_SUBTREE root=7570 depth=28 w=1.8124777744e+39 Shat=1.1072000000e+01 Lhat=0.0000000000e+00
KNUTH_SUBTREE root=7571 depth=28 w=7.2179244489e+38 Shat=8.0740000000e+00 Lhat=0.0000000000e+00
KNUTH_SUBTREE root=7572 depth=28 w=2.6424630766e+38 Shat=2.1076000000e+01 Lhat=0.0000000000e+00
KNUTH_SUBTREE root=7573 depth=28 w=2.5897330836e+38 Shat=4.7260000000e+01 Lhat=0.0000000000e+00
KNUTH_SUBTREE root=7574 depth=28 w=1.5232994445e+39 Shat=1.2920000000e+01 Lhat=0.0000000000e+00
KNUTH_SUBTREE root=7575 depth=28 w=2.3786524781e+39 Shat=1.1000000000e+01 Lhat=0.0000000000e+00
KNUTH_SUBTREE root=7576 depth=28 w=3.4337061579e+37 Shat=1.0000000000e+00 Lhat=0.0000000000e+00
KNUTH_SUBTREE root=7577 depth=28 w=5.9928031336e+37 Shat=1.0000000000e+00 Lhat=0.0000000000e+00
KNUTH_SUBTREE root=7578 depth=28 w=3.9424691176e+36 Shat=1.0000000000e+00 Lhat=0.0000000000e+00
KNUTH_SUBTREE root=7579 depth=28 w=6.2442236929e+36 Shat=5.0000000000e+00 Lhat=0.0000000000e+00
KNUTH_SUBTREE root=7580 depth=28 w=5.4676780798e+38 Shat=4.8712000000e+01 Lhat=0.0000000000e+00
KNUTH_SUBTREE root=7581 depth=28 w=2.4693622149e+39 Shat=3.4170000000e+01 Lhat=0.0000000000e+00
KNUTH_SUBTREE root=7582 depth=28 w=2.5419736304e+38 Shat=3.2003000000e+01 Lhat=0.0000000000e+00
KNUTH_SUBTREE root=7583 depth=28 w=3.1032842260e+38 Shat=2.0000000000e+00 Lhat=0.0000000000e+00
KNUTH_SUBTREE root=7584 depth=28 w=1.7066656707e+39 Shat=2.0000000000e+00 Lhat=0.0000000000e+00
KNUTH_SUBTREE root=7585 depth=28 w=2.7502259993e+38 Shat=2.9902000000e+01 Lhat=0.0000000000e+00
KNUTH_SUBTREE root=7586 depth=28 w=2.9598802190e+37 Shat=3.0000000000e+00 Lhat=0.0000000000e+00
KNUTH_SUBTREE root=7587 depth=28 w=6.4275893729e+37 Shat=3.0000000000e+00 Lhat=0.0000000000e+00
KNUTH_SUBTREE root=7588 depth=28 w=6.3052497690e+38 Shat=5.9044000000e+01 Lhat=0.0000000000e+00
KNUTH_SUBTREE root=7589 depth=28 w=1.6422233530e+36 Shat=3.0000000000e+00 Lhat=0.0000000000e+00
KNUTH_SUBTREE root=7590 depth=28 w=3.8844056705e+37 Shat=1.0000000000e+00 Lhat=0.0000000000e+00
KNUTH_SUBTREE root=7591 depth=28 w=6.8053508159e+38 Shat=4.0000000000e+00 Lhat=0.0000000000e+00
KNUTH_SUBTREE root=7592 depth=28 w=2.2669452666e+39 Shat=6.0000000000e+00 Lhat=0.0000000000e+00
KNUTH_SUBTREE root=7593 depth=28 w=2.3288938190e+39 Shat=3.5152000000e+01 Lhat=0.0000000000e+00
KNUTH_SUBTREE root=7594 depth=28 w=2.8620897087e+39 Shat=1.5040000000e+01 Lhat=0.0000000000e+00
KNUTH_SUBTREE root=7595 depth=28 w=1.8418982442e+39 Shat=7.0805000000e+01 Lhat=0.0000000000e+00
KNUTH_SUBTREE root=7596 depth=28 w=3.7209248326e+37 Shat=2.0000000000e+00 Lhat=0.0000000000e+00
KNUTH_SUBTREE root=7597 depth=28 w=3.1074367895e+39 Shat=3.2956000000e+01 Lhat=0.0000000000e+00
KNUTH_SUBTREE root=7598 depth=28 w=4.0727715744e+39 Shat=1.1040000000e+01 Lhat=0.0000000000e+00
KNUTH_SUBTREE root=7599 depth=28 w=7.7009889196e+37 Shat=1.0000000000e+00 Lhat=0.0000000000e+00
KNUTH_SUBTREE root=7600 depth=28 w=4.9893490043e+38 Shat=2.1048000000e+01 Lhat=0.0000000000e+00
KNUTH_SUBTREE root=7601 depth=28 w=1.6872129892e+39 Shat=2.3040000000e+01 Lhat=0.0000000000e+00
KNUTH_SUBTREE root=7602 depth=28 w=1.1852454704e+39 Shat=4.0000000000e+00 Lhat=0.0000000000e+00
KNUTH_SUBTREE root=7603 depth=28 w=1.5966240590e+39 Shat=5.9920000000e+00 Lhat=0.0000000000e+00
KNUTH_SUBTREE root=7604 depth=28 w=4.8847530768e+38 Shat=3.0000000000e+00 Lhat=0.0000000000e+00
KNUTH_SUBTREE root=7605 depth=28 w=8.0310602073e+37 Shat=3.0000000000e+00 Lhat=0.0000000000e+00
KNUTH_SUBTREE root=7606 depth=28 w=2.0391024695e+38 Shat=2.3872000000e+01 Lhat=0.0000000000e+00
KNUTH_SUBTREE root=7607 depth=28 w=4.2269685683e+38 Shat=7.2292000000e+01 Lhat=0.0000000000e+00
KNUTH_SUBTREE root=7608 depth=28 w=6.5271341622e+38 Shat=4.0000000000e+00 Lhat=0.0000000000e+00
KNUTH_SUBTREE root=7609 depth=28 w=3.3530212093e+38 Shat=9.0000000000e+00 Lhat=0.0000000000e+00
KNUTH_SUBTREE root=7610 depth=28 w=7.9293529344e+37 Shat=3.0000000000e+00 Lhat=0.0000000000e+00
KNUTH_SUBTREE root=7611 depth=28 w=0 Shat=0 Lhat=0 dead=1
KNUTH_SUBTREE root=7612 depth=28 w=1.3178704980e+38 Shat=2.0000000000e+00 Lhat=0.0000000000e+00
KNUTH_SUBTREE root=7613 depth=28 w=1.2041860487e+37 Shat=3.0000000000e+00 Lhat=0.0000000000e+00
KNUTH_SUBTREE root=7614 depth=28 w=8.4802579567e+38 Shat=2.0000000000e+00 Lhat=0.0000000000e+00
KNUTH_SUBTREE root=7615 depth=28 w=2.6024822456e+38 Shat=4.0000000000e+00 Lhat=0.0000000000e+00
KNUTH_SUBTREE root=7616 depth=28 w=1.9765210407e+38 Shat=3.0000000000e+00 Lhat=0.0000000000e+00
KNUTH_SUBTREE root=7617 depth=28 w=4.6444850448e+38 Shat=2.0000000000e+00 Lhat=0.0000000000e+00
KNUTH_SUBTREE root=7618 depth=28 w=0 Shat=0 Lhat=0 dead=1
KNUTH_SUBTREE root=7619 depth=28 w=4.9433780489e+38 Shat=1.9055000000e+01 Lhat=0.0000000000e+00
KNUTH_SUBTREE root=7620 depth=28 w=1.8956748093e+37 Shat=1.0024000000e+01 Lhat=0.0000000000e+00
KNUTH_SUBTREE root=7621 depth=28 w=2.9760872602e+38 Shat=1.0000000000e+00 Lhat=0.0000000000e+00
KNUTH_SUBTREE root=7622 depth=28 w=5.9196995808e+38 Shat=4.0000000000e+00 Lhat=0.0000000000e+00
KNUTH_SUBTREE root=7623 depth=28 w=1.2111695865e+38 Shat=2.9000000000e+01 Lhat=0.0000000000e+00
KNUTH_SUBTREE root=7624 depth=28 w=1.2992975753e+38 Shat=3.3712000000e+01 Lhat=0.0000000000e+00
KNUTH_SUBTREE root=7625 depth=28 w=1.6611567263e+39 Shat=1.9066000000e+01 Lhat=0.0000000000e+00
KNUTH_SUBTREE root=7626 depth=28 w=5.8794489975e+37 Shat=3.0000000000e+00 Lhat=0.0000000000e+00
KNUTH_SUBTREE root=7627 depth=28 w=3.1857926058e+38 Shat=3.0000000000e+00 Lhat=0.0000000000e+00
KNUTH_SUBTREE root=7628 depth=28 w=5.9417185047e+38 Shat=4.0000000000e+00 Lhat=0.0000000000e+00
KNUTH_SUBTREE root=7629 depth=28 w=7.0517271644e+38 Shat=5.0000000000e+00 Lhat=0.0000000000e+00
KNUTH_SUBTREE root=7630 depth=28 w=8.0009106316e+37 Shat=3.0000000000e+00 Lhat=0.0000000000e+00
KNUTH_SUBTREE root=7631 depth=28 w=1.1060099402e+39 Shat=2.2890000000e+01 Lhat=0.0000000000e+00
KNUTH_SUBTREE root=7632 depth=28 w=1.3182265660e+38 Shat=2.0000000000e+00 Lhat=0.0000000000e+00
KNUTH_SUBTREE root=7633 depth=28 w=3.1711807381e+38 Shat=1.1000000000e+01 Lhat=0.0000000000e+00
KNUTH_SUBTREE root=7634 depth=28 w=1.6320401500e+38 Shat=3.0000000000e+00 Lhat=0.0000000000e+00
KNUTH_SUBTREE root=7635 depth=28 w=5.2741713365e+38 Shat=2.8736000000e+01 Lhat=0.0000000000e+00
KNUTH_SUBTREE root=7636 depth=28 w=8.5347305407e+38 Shat=1.0000000000e+01 Lhat=0.0000000000e+00
KNUTH_SUBTREE root=7637 depth=28 w=2.9165460841e+38 Shat=8.4872000000e+01 Lhat=6.3360000000e+00
KNUTH_SUBTREE root=7638 depth=28 w=1.2645278854e+39 Shat=3.0934000000e+01 Lhat=0.0000000000e+00
KNUTH_SUBTREE root=7639 depth=28 w=0 Shat=0 Lhat=0 dead=1
KNUTH_SUBTREE root=7640 depth=28 w=3.9196581089e+38 Shat=1.5000000000e+01 Lhat=0.0000000000e+00
KNUTH_SUBTREE root=7641 depth=28 w=1.7146764179e+39 Shat=2.5785000000e+01 Lhat=0.0000000000e+00
KNUTH_SUBTREE root=7642 depth=28 w=1.8058695787e+38 Shat=4.0000000000e+00 Lhat=0.0000000000e+00
KNUTH_SUBTREE root=7643 depth=28 w=7.3724242404e+38 Shat=2.0000000000e+00 Lhat=0.0000000000e+00
KNUTH_SUBTREE root=7644 depth=28 w=1.1136452026e+39 Shat=5.9260000000e+00 Lhat=0.0000000000e+00
KNUTH_SUBTREE root=7645 depth=28 w=2.5014379321e+37 Shat=1.0000000000e+00 Lhat=0.0000000000e+00
KNUTH_SUBTREE root=7646 depth=28 w=2.8791611513e+37 Shat=3.0000000000e+00 Lhat=0.0000000000e+00
KNUTH_SUBTREE root=7647 depth=28 w=3.4399107715e+38 Shat=1.7356000000e+01 Lhat=0.0000000000e+00
KNUTH_SUBTREE root=7648 depth=28 w=0 Shat=0 Lhat=0 dead=1
KNUTH_SUBTREE root=7649 depth=28 w=3.8399665244e+36 Shat=3.0000000000e+00 Lhat=0.0000000000e+00
KNUTH_SUBTREE root=7650 depth=28 w=1.9482262813e+38 Shat=5.0000000000e+00 Lhat=0.0000000000e+00
KNUTH_SUBTREE root=7651 depth=28 w=1.0068773795e+38 Shat=1.0000000000e+00 Lhat=0.0000000000e+00
KNUTH_SUBTREE root=7652 depth=28 w=8.1983941468e+36 Shat=3.0000000000e+00 Lhat=0.0000000000e+00
KNUTH_SUBTREE root=7653 depth=28 w=1.7059358183e+39 Shat=3.7932000000e+01 Lhat=0.0000000000e+00
KNUTH_SUBTREE root=7654 depth=28 w=1.1487738682e+39 Shat=3.8544000000e+01 Lhat=0.0000000000e+00
KNUTH_SUBTREE root=7655 depth=28 w=9.4705177991e+38 Shat=3.0940000000e+01 Lhat=0.0000000000e+00
KNUTH_SUBTREE root=7656 depth=28 w=3.1932883824e+38 Shat=5.0000000000e+00 Lhat=0.0000000000e+00
KNUTH_SUBTREE root=7657 depth=28 w=1.2077076883e+39 Shat=5.0000000000e+00 Lhat=0.0000000000e+00
KNUTH_SUBTREE root=7658 depth=28 w=2.4154160766e+38 Shat=1.8560000000e+01 Lhat=0.0000000000e+00
KNUTH_SUBTREE root=7659 depth=28 w=9.0100934719e+38 Shat=8.9680000000e+00 Lhat=0.0000000000e+00
KNUTH_SUBTREE root=7660 depth=28 w=2.8901767317e+38 Shat=4.3648000000e+01 Lhat=0.0000000000e+00
KNUTH_SUBTREE root=7661 depth=28 w=0 Shat=0 Lhat=0 dead=1
KNUTH_SUBTREE root=7662 depth=28 w=0 Shat=0 Lhat=0 dead=1
KNUTH_SUBTREE root=7663 depth=28 w=8.6640042477e+38 Shat=8.9200000000e+00 Lhat=0.0000000000e+00
KNUTH_SUBTREE root=7664 depth=28 w=9.8909045603e+37 Shat=4.0000000000e+00 Lhat=0.0000000000e+00
KNUTH_SUBTREE root=7665 depth=28 w=1.6361534930e+38 Shat=2.2920000000e+01 Lhat=0.0000000000e+00
KNUTH_SUBTREE root=7666 depth=28 w=9.3849909426e+37 Shat=4.0000000000e+00 Lhat=0.0000000000e+00
KNUTH_SUBTREE root=7667 depth=28 w=6.4250114777e+37 Shat=3.0000000000e+00 Lhat=0.0000000000e+00
KNUTH_SUBTREE root=7668 depth=28 w=1.1796225733e+36 Shat=2.0000000000e+00 Lhat=0.0000000000e+00
KNUTH_SUBTREE root=7669 depth=28 w=2.7009644687e+39 Shat=1.4134000000e+01 Lhat=0.0000000000e+00
KNUTH_SUBTREE root=7670 depth=28 w=3.2078459427e+39 Shat=1.7096000000e+01 Lhat=0.0000000000e+00
KNUTH_SUBTREE root=7671 depth=28 w=2.2333963897e+38 Shat=2.9368000000e+01 Lhat=0.0000000000e+00
KNUTH_SUBTREE root=7672 depth=28 w=0 Shat=0 Lhat=0 dead=1
KNUTH_SUBTREE root=7673 depth=28 w=2.9812678700e+37 Shat=7.0000000000e+00 Lhat=0.0000000000e+00
KNUTH_SUBTREE root=7674 depth=28 w=1.0273612283e+39 Shat=1.1418400000e+02 Lhat=0.0000000000e+00
KNUTH_SUBTREE root=7675 depth=28 w=2.2056090523e+39 Shat=2.3688000000e+01 Lhat=0.0000000000e+00
KNUTH_SUBTREE root=7676 depth=28 w=1.6342142769e+38 Shat=5.9540000000e+00 Lhat=0.0000000000e+00
KNUTH_SUBTREE root=7677 depth=28 w=8.9323886708e+37 Shat=1.3864000000e+01 Lhat=0.0000000000e+00
KNUTH_SUBTREE root=7678 depth=28 w=1.1465033595e+39 Shat=2.4168000000e+01 Lhat=0.0000000000e+00
KNUTH_SUBTREE root=7679 depth=28 w=1.7263234549e+39 Shat=5.4850000000e+01 Lhat=0.0000000000e+00
KNUTH_SUBTREE root=7680 depth=28 w=3.2576691797e+37 Shat=3.0000000000e+00 Lhat=0.0000000000e+00
KNUTH_SUBTREE root=7681 depth=28 w=4.4518855000e+38 Shat=4.3480000000e+01 Lhat=0.0000000000e+00
KNUTH_SUBTREE root=7682 depth=28 w=1.1221472066e+39 Shat=8.8240000000e+00 Lhat=0.0000000000e+00
KNUTH_SUBTREE root=7683 depth=28 w=1.6542700519e+38 Shat=2.8048000000e+01 Lhat=0.0000000000e+00
KNUTH_SUBTREE root=7684 depth=28 w=4.0144559834e+38 Shat=6.9328000000e+01 Lhat=0.0000000000e+00
KNUTH_SUBTREE root=7685 depth=28 w=5.5280250134e+38 Shat=4.0000000000e+00 Lhat=0.0000000000e+00
KNUTH_SUBTREE root=7686 depth=28 w=3.9178166675e+38 Shat=5.0000000000e+00 Lhat=0.0000000000e+00
KNUTH_SUBTREE root=7687 depth=28 w=4.7725905950e+37 Shat=7.0000000000e+00 Lhat=0.0000000000e+00
KNUTH_SUBTREE root=7688 depth=28 w=2.0267323375e+39 Shat=3.2250000000e+01 Lhat=0.0000000000e+00
KNUTH_SUBTREE root=7689 depth=28 w=2.5866684917e+38 Shat=8.0312000000e+01 Lhat=0.0000000000e+00
KNUTH_SUBTREE root=7690 depth=28 w=1.8056355283e+38 Shat=1.9942000000e+01 Lhat=0.0000000000e+00
KNUTH_SUBTREE root=7691 depth=28 w=3.4787764745e+38 Shat=4.0000000000e+00 Lhat=0.0000000000e+00
KNUTH_SUBTREE root=7692 depth=28 w=1.0261885361e+39 Shat=2.0000000000e+00 Lhat=0.0000000000e+00
KNUTH_SUBTREE root=7693 depth=28 w=4.2016572891e+37 Shat=3.0000000000e+00 Lhat=0.0000000000e+00
KNUTH_SUBTREE root=7694 depth=28 w=1.2619329849e+39 Shat=1.1996000000e+01 Lhat=0.0000000000e+00
KNUTH_SUBTREE root=7695 depth=28 w=2.8034936274e+39 Shat=5.1465000000e+01 Lhat=0.0000000000e+00
KNUTH_SUBTREE root=7696 depth=28 w=8.5091211406e+38 Shat=7.5628000000e+01 Lhat=0.0000000000e+00
KNUTH_SUBTREE root=7697 depth=28 w=2.8079952051e+39 Shat=1.1153600000e+02 Lhat=0.0000000000e+00
KNUTH_SUBTREE root=7698 depth=28 w=5.2707983474e+38 Shat=5.5216000000e+01 Lhat=0.0000000000e+00
KNUTH_SUBTREE root=7699 depth=28 w=7.4614379135e+38 Shat=4.3920000000e+01 Lhat=0.0000000000e+00
KNUTH_SUBTREE root=7700 depth=28 w=1.2851598213e+39 Shat=3.0000000000e+00 Lhat=0.0000000000e+00
KNUTH_SUBTREE root=7701 depth=28 w=1.3679071219e+38 Shat=1.0000000000e+00 Lhat=0.0000000000e+00
KNUTH_SUBTREE root=7702 depth=28 w=1.5271993664e+38 Shat=1.0000000000e+00 Lhat=0.0000000000e+00
KNUTH_SUBTREE root=7703 depth=28 w=8.0833808301e+38 Shat=5.1260000000e+01 Lhat=0.0000000000e+00
KNUTH_SUBTREE root=7704 depth=28 w=2.7278758125e+39 Shat=1.4980000000e+01 Lhat=0.0000000000e+00
KNUTH_SUBTREE root=7705 depth=28 w=7.3525284964e+37 Shat=1.0000000000e+00 Lhat=0.0000000000e+00
KNUTH_SUBTREE root=7706 depth=28 w=1.3917069632e+39 Shat=4.1516000000e+01 Lhat=0.0000000000e+00
KNUTH_SUBTREE root=7707 depth=28 w=1.5061363434e+38 Shat=2.0000000000e+00 Lhat=0.0000000000e+00
KNUTH_SUBTREE root=7708 depth=28 w=2.9592237850e+38 Shat=5.1600000000e+01 Lhat=0.0000000000e+00
KNUTH_SUBTREE root=7709 depth=28 w=4.8006109471e+38 Shat=4.3120000000e+01 Lhat=0.0000000000e+00
KNUTH_SUBTREE root=7710 depth=28 w=9.1832319883e+37 Shat=4.0000000000e+00 Lhat=0.0000000000e+00
KNUTH_SUBTREE root=7711 depth=28 w=2.0924799754e+38 Shat=6.9136000000e+01 Lhat=0.0000000000e+00
KNUTH_SUBTREE root=7712 depth=28 w=2.8125960171e+37 Shat=3.0000000000e+00 Lhat=0.0000000000e+00
KNUTH_SUBTREE root=7713 depth=28 w=0 Shat=0 Lhat=0 dead=1
KNUTH_SUBTREE root=7714 depth=28 w=3.4453642407e+38 Shat=2.2410000000e+01 Lhat=0.0000000000e+00
KNUTH_SUBTREE root=7715 depth=28 w=1.4601261819e+37 Shat=5.9740000000e+00 Lhat=0.0000000000e+00
KNUTH_SUBTREE root=7716 depth=28 w=7.3163169678e+35 Shat=1.0000000000e+00 Lhat=0.0000000000e+00
KNUTH_SUBTREE root=7717 depth=28 w=1.3659753344e+39 Shat=3.3620000000e+01 Lhat=0.0000000000e+00
KNUTH_SUBTREE root=7718 depth=28 w=1.3398662865e+38 Shat=3.0000000000e+00 Lhat=0.0000000000e+00
KNUTH_SUBTREE root=7719 depth=28 w=2.9191066064e+38 Shat=1.3006000000e+01 Lhat=0.0000000000e+00
KNUTH_SUBTREE root=7720 depth=28 w=7.6278840858e+38 Shat=4.8516000000e+01 Lhat=0.0000000000e+00
KNUTH_SUBTREE root=7721 depth=28 w=2.5127527213e+38 Shat=2.0000000000e+00 Lhat=0.0000000000e+00
KNUTH_SUBTREE root=7722 depth=28 w=4.1956140567e+38 Shat=1.0985000000e+01 Lhat=0.0000000000e+00
KNUTH_SUBTREE root=7723 depth=28 w=1.2489177680e+39 Shat=1.3000000000e+01 Lhat=0.0000000000e+00
KNUTH_SUBTREE root=7724 depth=28 w=9.2017379855e+37 Shat=8.0800000000e+00 Lhat=0.0000000000e+00
KNUTH_SUBTREE root=7725 depth=28 w=2.0959235328e+38 Shat=5.0000000000e+00 Lhat=0.0000000000e+00
KNUTH_SUBTREE root=7726 depth=28 w=1.2888274367e+37 Shat=1.0000000000e+00 Lhat=0.0000000000e+00
KNUTH_SUBTREE root=7727 depth=28 w=3.0366864924e+39 Shat=1.9165000000e+01 Lhat=0.0000000000e+00
KNUTH_SUBTREE root=7728 depth=28 w=1.3985576850e+38 Shat=2.0000000000e+00 Lhat=0.0000000000e+00
KNUTH_SUBTREE root=7729 depth=28 w=1.0557692879e+37 Shat=1.0000000000e+00 Lhat=0.0000000000e+00
KNUTH_SUBTREE root=7730 depth=28 w=0 Shat=0 Lhat=0 dead=1
KNUTH_SUBTREE root=7731 depth=28 w=2.2908475282e+38 Shat=1.0065000000e+01 Lhat=0.0000000000e+00
KNUTH_SUBTREE root=7732 depth=28 w=0 Shat=0 Lhat=0 dead=1
KNUTH_SUBTREE root=7733 depth=28 w=2.8687904134e+39 Shat=4.0375000000e+01 Lhat=0.0000000000e+00
KNUTH_SUBTREE root=7734 depth=28 w=7.1068312963e+38 Shat=9.7432000000e+01 Lhat=0.0000000000e+00
KNUTH_SUBTREE root=7735 depth=28 w=4.3348966405e+38 Shat=5.0000000000e+00 Lhat=0.0000000000e+00
KNUTH_SUBTREE root=7736 depth=28 w=2.1165462648e+38 Shat=1.0000000000e+00 Lhat=0.0000000000e+00
KNUTH_SUBTREE root=7737 depth=28 w=2.6930643800e+38 Shat=7.0024000000e+01 Lhat=0.0000000000e+00
KNUTH_SUBTREE root=7738 depth=28 w=3.0679599133e+39 Shat=4.3534000000e+01 Lhat=0.0000000000e+00
KNUTH_SUBTREE root=7739 depth=28 w=5.0510915199e+38 Shat=1.2224000000e+01 Lhat=0.0000000000e+00
KNUTH_SUBTREE root=7740 depth=28 w=1.2038371892e+39 Shat=7.0000000000e+00 Lhat=0.0000000000e+00
KNUTH_SUBTREE root=7741 depth=28 w=1.5790348160e+38 Shat=7.2760000000e+01 Lhat=0.0000000000e+00
KNUTH_SUBTREE root=7742 depth=28 w=1.2889319793e+39 Shat=5.7322000000e+01 Lhat=0.0000000000e+00
KNUTH_SUBTREE root=7743 depth=28 w=4.7657779266e+38 Shat=1.1945000000e+01 Lhat=0.0000000000e+00
KNUTH_SUBTREE root=7744 depth=28 w=2.7555436651e+38 Shat=7.2008000000e+01 Lhat=0.0000000000e+00
KNUTH_SUBTREE root=7745 depth=28 w=3.7275536359e+38 Shat=3.0000000000e+00 Lhat=0.0000000000e+00
KNUTH_SUBTREE root=7746 depth=28 w=1.5241643538e+38 Shat=3.0000000000e+00 Lhat=0.0000000000e+00
KNUTH_SUBTREE root=7747 depth=28 w=0 Shat=0 Lhat=0 dead=1
KNUTH_SUBTREE root=7748 depth=28 w=1.5936407605e+38 Shat=1.3000000000e+01 Lhat=0.0000000000e+00
KNUTH_SUBTREE root=7749 depth=28 w=4.1935150886e+38 Shat=1.0000000000e+00 Lhat=0.0000000000e+00
KNUTH_SUBTREE root=7750 depth=28 w=8.1117267844e+37 Shat=1.0000000000e+00 Lhat=0.0000000000e+00
KNUTH_SUBTREE root=7751 depth=28 w=2.0488329183e+38 Shat=2.0000000000e+00 Lhat=0.0000000000e+00
KNUTH_SUBTREE root=7752 depth=28 w=2.0353016677e+39 Shat=4.0000000000e+00 Lhat=0.0000000000e+00
KNUTH_SUBTREE root=7753 depth=28 w=6.5560047679e+36 Shat=1.0000000000e+00 Lhat=0.0000000000e+00
KNUTH_SUBTREE root=7754 depth=28 w=2.0599217670e+38 Shat=2.7410000000e+01 Lhat=0.0000000000e+00
KNUTH_SUBTREE root=7755 depth=28 w=1.2714588909e+39 Shat=2.0000000000e+00 Lhat=0.0000000000e+00
KNUTH_SUBTREE root=7756 depth=28 w=2.7404992540e+37 Shat=3.0000000000e+00 Lhat=0.0000000000e+00
KNUTH_SUBTREE root=7757 depth=28 w=2.3234401730e+38 Shat=4.0000000000e+00 Lhat=0.0000000000e+00
KNUTH_SUBTREE root=7758 depth=28 w=2.8718826109e+38 Shat=1.0000000000e+01 Lhat=0.0000000000e+00
KNUTH_SUBTREE root=7759 depth=28 w=2.1265566907e+38 Shat=1.1790000000e+01 Lhat=0.0000000000e+00
KNUTH_SUBTREE root=7760 depth=28 w=7.7348541648e+37 Shat=1.0000000000e+00 Lhat=0.0000000000e+00
KNUTH_SUBTREE root=7761 depth=28 w=3.0058312281e+39 Shat=7.1488000000e+01 Lhat=0.0000000000e+00
KNUTH_SUBTREE root=7762 depth=28 w=1.7978265015e+38 Shat=7.0000000000e+00 Lhat=0.0000000000e+00
KNUTH_SUBTREE root=7763 depth=28 w=2.5014600137e+38 Shat=1.3662000000e+02 Lhat=0.0000000000e+00
KNUTH_SUBTREE root=7764 depth=28 w=2.2551700161e+38 Shat=8.2300000000e+01 Lhat=0.0000000000e+00
KNUTH_SUBTREE root=7765 depth=28 w=0 Shat=0 Lhat=0 dead=1
KNUTH_SUBTREE root=7766 depth=28 w=2.5870617306e+38 Shat=5.0000000000e+00 Lhat=0.0000000000e+00
KNUTH_SUBTREE root=7767 depth=28 w=6.2753576710e+38 Shat=1.0606400000e+02 Lhat=0.0000000000e+00
KNUTH_SUBTREE root=7768 depth=28 w=1.7688425806e+38 Shat=3.8416000000e+01 Lhat=0.0000000000e+00
KNUTH_SUBTREE root=7769 depth=28 w=1.3051757227e+37 Shat=2.0000000000e+00 Lhat=0.0000000000e+00
KNUTH_SUBTREE root=7770 depth=28 w=2.9601294921e+38 Shat=1.2888000000e+01 Lhat=0.0000000000e+00
KNUTH_SUBTREE root=7771 depth=28 w=1.3142026692e+37 Shat=3.0000000000e+00 Lhat=0.0000000000e+00
KNUTH_SUBTREE root=7772 depth=28 w=2.3066568566e+37 Shat=3.0000000000e+00 Lhat=0.0000000000e+00
KNUTH_SUBTREE root=7773 depth=28 w=1.1732070348e+39 Shat=3.2772000000e+01 Lhat=0.0000000000e+00
KNUTH_SUBTREE root=7774 depth=28 w=1.5104076711e+39 Shat=9.0080000000e+00 Lhat=0.0000000000e+00
KNUTH_SUBTREE root=7775 depth=28 w=1.7221054125e+39 Shat=1.2306400000e+02 Lhat=0.0000000000e+00
KNUTH_SUBTREE root=7776 depth=28 w=4.8570569936e+38 Shat=5.7784000000e+01 Lhat=0.0000000000e+00
KNUTH_SUBTREE root=7777 depth=28 w=1.0431246937e+39 Shat=1.1232000000e+01 Lhat=0.0000000000e+00
KNUTH_SUBTREE root=7778 depth=28 w=1.9628102781e+38 Shat=5.0248000000e+01 Lhat=0.0000000000e+00
KNUTH_SUBTREE root=7779 depth=28 w=3.1445526224e+38 Shat=1.0133100000e+02 Lhat=0.0000000000e+00
KNUTH_SUBTREE root=7780 depth=28 w=1.1546402339e+39 Shat=9.9700000000e+00 Lhat=0.0000000000e+00
KNUTH_SUBTREE root=7781 depth=28 w=3.7379561396e+38 Shat=5.0000000000e+00 Lhat=0.0000000000e+00
KNUTH_SUBTREE root=7782 depth=28 w=1.1700885231e+37 Shat=3.0000000000e+00 Lhat=0.0000000000e+00
KNUTH_SUBTREE root=7783 depth=28 w=5.5625258829e+38 Shat=1.4645000000e+01 Lhat=0.0000000000e+00
KNUTH_SUBTREE root=7784 depth=28 w=1.3551271955e+37 Shat=3.0000000000e+00 Lhat=0.0000000000e+00
KNUTH_SUBTREE root=7785 depth=28 w=1.0339231420e+39 Shat=1.9408000000e+01 Lhat=0.0000000000e+00
KNUTH_SUBTREE root=7786 depth=28 w=1.4697033651e+39 Shat=4.2136000000e+01 Lhat=2.5380000000e+00
KNUTH_SUBTREE root=7787 depth=28 w=5.6659365915e+38 Shat=3.0000000000e+00 Lhat=0.0000000000e+00
KNUTH_SUBTREE root=7788 depth=28 w=1.4614273992e+39 Shat=1.6948000000e+01 Lhat=0.0000000000e+00
KNUTH_SUBTREE root=7789 depth=28 w=7.7561618660e+37 Shat=1.0000000000e+01 Lhat=0.0000000000e+00
KNUTH_SUBTREE root=7790 depth=28 w=2.1298951331e+37 Shat=1.0000000000e+00 Lhat=0.0000000000e+00
KNUTH_SUBTREE root=7791 depth=28 w=2.9892379483e+38 Shat=3.0000000000e+00 Lhat=0.0000000000e+00
KNUTH_SUBTREE root=7792 depth=28 w=3.9410415187e+37 Shat=7.0000000000e+00 Lhat=0.0000000000e+00
KNUTH_SUBTREE root=7793 depth=28 w=4.1734703989e+38 Shat=1.0000000000e+00 Lhat=0.0000000000e+00
KNUTH_SUBTREE root=7794 depth=28 w=5.6643432212e+38 Shat=7.0000000000e+00 Lhat=0.0000000000e+00
KNUTH_SUBTREE root=7795 depth=28 w=7.5722249529e+38 Shat=4.4848000000e+01 Lhat=0.0000000000e+00
KNUTH_SUBTREE root=7796 depth=28 w=5.1632382837e+38 Shat=3.4924000000e+01 Lhat=0.0000000000e+00
KNUTH_SUBTREE root=7797 depth=28 w=8.4749460123e+37 Shat=1.0000000000e+00 Lhat=0.0000000000e+00
KNUTH_SUBTREE root=7798 depth=28 w=2.3436471020e+38 Shat=1.0299500000e+02 Lhat=0.0000000000e+00
KNUTH_SUBTREE root=7799 depth=28 w=1.4877887144e+38 Shat=3.0000000000e+00 Lhat=0.0000000000e+00
KNUTH_SUBTREE root=7800 depth=28 w=1.5828382537e+38 Shat=1.0000000000e+00 Lhat=0.0000000000e+00
KNUTH_SUBTREE root=7801 depth=28 w=1.2046205258e+38 Shat=5.0000000000e+00 Lhat=0.0000000000e+00
KNUTH_SUBTREE root=7802 depth=28 w=1.6663680138e+37 Shat=1.0000000000e+00 Lhat=0.0000000000e+00
KNUTH_SUBTREE root=7803 depth=28 w=0 Shat=0 Lhat=0 dead=1
KNUTH_SUBTREE root=7804 depth=28 w=1.2231887489e+38 Shat=1.0000000000e+00 Lhat=0.0000000000e+00
KNUTH_SUBTREE root=7805 depth=28 w=1.3257323821e+38 Shat=7.9600000000e+00 Lhat=0.0000000000e+00
KNUTH_SUBTREE root=7806 depth=28 w=1.9922863677e+37 Shat=1.0000000000e+00 Lhat=0.0000000000e+00
KNUTH_SUBTREE root=7807 depth=28 w=1.5329735012e+38 Shat=3.8164000000e+01 Lhat=0.0000000000e+00
KNUTH_SUBTREE root=7808 depth=28 w=6.4169533269e+37 Shat=2.0000000000e+00 Lhat=0.0000000000e+00
KNUTH_SUBTREE root=7809 depth=28 w=1.5602199362e+39 Shat=1.0000000000e+00 Lhat=0.0000000000e+00
KNUTH_SUBTREE root=7810 depth=28 w=2.8530018057e+36 Shat=2.0000000000e+00 Lhat=0.0000000000e+00
KNUTH_SUBTREE root=7811 depth=28 w=8.0391762055e+37 Shat=3.0000000000e+00 Lhat=0.0000000000e+00
KNUTH_SUBTREE root=7812 depth=28 w=0 Shat=0 Lhat=0 dead=1
KNUTH_SUBTREE root=7813 depth=28 w=2.2436134554e+38 Shat=6.9935000000e+01 Lhat=5.7000000000e+00
KNUTH_SUBTREE root=7814 depth=28 w=9.4872543707e+38 Shat=1.5754000000e+01 Lhat=0.0000000000e+00
KNUTH_SUBTREE root=7815 depth=28 w=4.1355202140e+38 Shat=3.0000000000e+00 Lhat=0.0000000000e+00
KNUTH_SUBTREE root=7816 depth=28 w=0 Shat=0 Lhat=0 dead=1
KNUTH_SUBTREE root=7817 depth=28 w=1.2242638186e+38 Shat=3.0000000000e+00 Lhat=0.0000000000e+00
KNUTH_SUBTREE root=7818 depth=28 w=7.8921854166e+38 Shat=3.0000000000e+00 Lhat=0.0000000000e+00
KNUTH_SUBTREE root=7819 depth=28 w=4.1793921640e+38 Shat=1.7756200000e+02 Lhat=0.0000000000e+00
KNUTH_SUBTREE root=7820 depth=28 w=2.9334059434e+38 Shat=3.0716000000e+01 Lhat=1.7600000000e+00
KNUTH_SUBTREE root=7821 depth=28 w=4.0105633964e+38 Shat=2.3116000000e+01 Lhat=0.0000000000e+00
KNUTH_SUBTREE root=7822 depth=28 w=6.1554402287e+38 Shat=3.0000000000e+00 Lhat=0.0000000000e+00
KNUTH_SUBTREE root=7823 depth=28 w=0 Shat=0 Lhat=0 dead=1
KNUTH_SUBTREE root=7824 depth=28 w=0 Shat=0 Lhat=0 dead=1
KNUTH_SUBTREE root=7825 depth=28 w=2.8708906487e+37 Shat=1.0000000000e+00 Lhat=0.0000000000e+00
KNUTH_SUBTREE root=7826 depth=28 w=5.9074194403e+36 Shat=1.0000000000e+00 Lhat=0.0000000000e+00
KNUTH_SUBTREE root=7827 depth=28 w=6.6649016912e+38 Shat=2.1000000000e+01 Lhat=0.0000000000e+00
KNUTH_SUBTREE root=7828 depth=28 w=5.7704512910e+38 Shat=1.9960000000e+01 Lhat=0.0000000000e+00
KNUTH_SUBTREE root=7829 depth=28 w=2.6966734387e+38 Shat=3.3570000000e+01 Lhat=0.0000000000e+00
KNUTH_SUBTREE root=7830 depth=28 w=7.0985608462e+38 Shat=3.0000000000e+00 Lhat=0.0000000000e+00
KNUTH_SUBTREE root=7831 depth=28 w=3.0164642949e+38 Shat=1.7748000000e+02 Lhat=0.0000000000e+00
KNUTH_SUBTREE root=7832 depth=28 w=5.2007168892e+38 Shat=8.4064000000e+01 Lhat=0.0000000000e+00
KNUTH_SUBTREE root=7833 depth=28 w=1.0722701530e+38 Shat=7.8760000000e+00 Lhat=0.0000000000e+00
KNUTH_SUBTREE root=7834 depth=28 w=1.0007954990e+39 Shat=2.0000000000e+00 Lhat=0.0000000000e+00
KNUTH_SUBTREE root=7835 depth=28 w=5.0947435194e+38 Shat=2.5456000000e+01 Lhat=0.0000000000e+00
KNUTH_SUBTREE root=7836 depth=28 w=5.6929325037e+38 Shat=1.0381600000e+02 Lhat=0.0000000000e+00
KNUTH_SUBTREE root=7837 depth=28 w=4.3075588385e+38 Shat=1.8825000000e+01 Lhat=0.0000000000e+00
KNUTH_SUBTREE root=7838 depth=28 w=1.9093818668e+39 Shat=4.7396000000e+01 Lhat=0.0000000000e+00
KNUTH_SUBTREE root=7839 depth=28 w=2.2018163636e+38 Shat=4.0000000000e+00 Lhat=0.0000000000e+00
KNUTH_SUBTREE root=7840 depth=28 w=8.9423545539e+37 Shat=1.0000000000e+00 Lhat=0.0000000000e+00
KNUTH_SUBTREE root=7841 depth=28 w=4.2477957422e+37 Shat=2.0000000000e+00 Lhat=0.0000000000e+00
KNUTH_SUBTREE root=7842 depth=28 w=8.5610346195e+38 Shat=5.7305000000e+01 Lhat=0.0000000000e+00
KNUTH_SUBTREE root=7843 depth=28 w=2.0832127124e+39 Shat=2.0000000000e+00 Lhat=0.0000000000e+00
KNUTH_SUBTREE root=7844 depth=28 w=1.9584985407e+38 Shat=2.0000000000e+00 Lhat=0.0000000000e+00
KNUTH_SUBTREE root=7845 depth=28 w=4.2969674493e+38 Shat=1.1800000000e+01 Lhat=0.0000000000e+00
KNUTH_SUBTREE root=7846 depth=28 w=5.0774214130e+38 Shat=4.3816000000e+01 Lhat=0.0000000000e+00
KNUTH_SUBTREE root=7847 depth=28 w=4.0109783460e+38 Shat=1.5000000000e+01 Lhat=0.0000000000e+00
KNUTH_SUBTREE root=7848 depth=28 w=2.4834790826e+36 Shat=3.0000000000e+00 Lhat=0.0000000000e+00
KNUTH_SUBTREE root=7849 depth=28 w=1.9061291380e+39 Shat=3.2000000000e+01 Lhat=0.0000000000e+00
KNUTH_SUBTREE root=7850 depth=28 w=4.0058572295e+37 Shat=2.0000000000e+00 Lhat=0.0000000000e+00
KNUTH_SUBTREE root=7851 depth=28 w=3.1298963819e+38 Shat=1.7166000000e+01 Lhat=0.0000000000e+00
KNUTH_SUBTREE root=7852 depth=28 w=3.4114360855e+37 Shat=1.0000000000e+00 Lhat=0.0000000000e+00
KNUTH_SUBTREE root=7853 depth=28 w=4.0854244198e+38 Shat=7.0320000000e+00 Lhat=0.0000000000e+00
KNUTH_SUBTREE root=7854 depth=28 w=7.7635906549e+38 Shat=3.3788000000e+01 Lhat=0.0000000000e+00
KNUTH_SUBTREE root=7855 depth=28 w=1.0583091773e+38 Shat=3.0000000000e+00 Lhat=0.0000000000e+00
KNUTH_SUBTREE root=7856 depth=28 w=9.6993035527e+37 Shat=1.1771800000e+02 Lhat=0.0000000000e+00
KNUTH_SUBTREE root=7857 depth=28 w=2.5081106542e+39 Shat=5.0536000000e+01 Lhat=0.0000000000e+00
KNUTH_SUBTREE root=7858 depth=28 w=6.0369662070e+38 Shat=4.7102000000e+01 Lhat=0.0000000000e+00
KNUTH_SUBTREE root=7859 depth=28 w=1.5141124925e+39 Shat=9.0000000000e+00 Lhat=0.0000000000e+00
KNUTH_SUBTREE root=7860 depth=28 w=5.0775249889e+38 Shat=2.0147300000e+02 Lhat=0.0000000000e+00
KNUTH_SUBTREE root=7861 depth=28 w=0 Shat=0 Lhat=0 dead=1
KNUTH_SUBTREE root=7862 depth=28 w=0 Shat=0 Lhat=0 dead=1
KNUTH_SUBTREE root=7863 depth=28 w=2.9387224282e+39 Shat=1.6325300000e+02 Lhat=0.0000000000e+00
KNUTH_SUBTREE root=7864 depth=28 w=1.5771042764e+39 Shat=4.0000000000e+00 Lhat=0.0000000000e+00
KNUTH_SUBTREE root=7865 depth=28 w=3.0677756689e+38 Shat=8.0700000000e+00 Lhat=0.0000000000e+00
KNUTH_SUBTREE root=7866 depth=28 w=3.9111711834e+38 Shat=4.0000000000e+00 Lhat=0.0000000000e+00
KNUTH_SUBTREE root=7867 depth=28 w=2.1535242123e+38 Shat=1.4944000000e+01 Lhat=0.0000000000e+00
KNUTH_SUBTREE root=7868 depth=28 w=3.2904033255e+37 Shat=1.0000000000e+00 Lhat=0.0000000000e+00
KNUTH_SUBTREE root=7869 depth=28 w=1.4261164431e+38 Shat=1.8790000000e+01 Lhat=0.0000000000e+00
KNUTH_SUBTREE root=7870 depth=28 w=2.7157488100e+38 Shat=4.0000000000e+00 Lhat=0.0000000000e+00
KNUTH_SUBTREE root=7871 depth=28 w=2.1110126700e+38 Shat=2.6305000000e+01 Lhat=0.0000000000e+00
KNUTH_SUBTREE root=7872 depth=28 w=1.9667056127e+39 Shat=7.0000000000e+00 Lhat=0.0000000000e+00
KNUTH_SUBTREE root=7873 depth=28 w=2.1829119368e+37 Shat=1.0000000000e+00 Lhat=0.0000000000e+00
KNUTH_SUBTREE root=7874 depth=28 w=2.7320345007e+38 Shat=1.0070000000e+01 Lhat=0.0000000000e+00
KNUTH_SUBTREE root=7875 depth=28 w=2.3524101890e+39 Shat=1.7330400000e+02 Lhat=0.0000000000e+00
KNUTH_SUBTREE root=7876 depth=28 w=2.6432984553e+38 Shat=7.0800000000e+00 Lhat=0.0000000000e+00
KNUTH_SUBTREE root=7877 depth=28 w=8.8428870451e+38 Shat=6.7409000000e+01 Lhat=0.0000000000e+00
KNUTH_SUBTREE root=7878 depth=28 w=1.7870263040e+38 Shat=2.0000000000e+00 Lhat=0.0000000000e+00
KNUTH_SUBTREE root=7879 depth=28 w=2.3994157604e+39 Shat=9.2100000000e+00 Lhat=0.0000000000e+00
KNUTH_SUBTREE root=7880 depth=28 w=4.3317958726e+37 Shat=3.0000000000e+00 Lhat=0.0000000000e+00
KNUTH_SUBTREE root=7881 depth=28 w=2.4962087692e+38 Shat=8.0080000000e+00 Lhat=0.0000000000e+00
KNUTH_SUBTREE root=7882 depth=28 w=4.6624529381e+37 Shat=2.0000000000e+00 Lhat=0.0000000000e+00
KNUTH_SUBTREE root=7883 depth=28 w=9.0576882708e+37 Shat=2.0000000000e+00 Lhat=0.0000000000e+00
KNUTH_SUBTREE root=7884 depth=28 w=1.4605881711e+36 Shat=2.0000000000e+00 Lhat=0.0000000000e+00
KNUTH_SUBTREE root=7885 depth=28 w=5.8790849977e+38 Shat=1.1116000000e+01 Lhat=0.0000000000e+00
KNUTH_SUBTREE root=7886 depth=28 w=6.2820776069e+37 Shat=3.0000000000e+00 Lhat=0.0000000000e+00
KNUTH_SUBTREE root=7887 depth=28 w=1.9027640752e+38 Shat=1.3000000000e+01 Lhat=0.0000000000e+00
KNUTH_SUBTREE root=7888 depth=28 w=2.7406112407e+38 Shat=4.2370000000e+01 Lhat=0.0000000000e+00
KNUTH_SUBTREE root=7889 depth=28 w=1.8805431661e+38 Shat=5.0000000000e+00 Lhat=0.0000000000e+00
KNUTH_SUBTREE root=7890 depth=28 w=3.0782618090e+38 Shat=9.3052000000e+01 Lhat=0.0000000000e+00
KNUTH_SUBTREE root=7891 depth=28 w=1.0648191627e+39 Shat=3.0000000000e+00 Lhat=0.0000000000e+00
KNUTH_SUBTREE root=7892 depth=28 w=1.3449630266e+38 Shat=1.7788800000e+02 Lhat=3.7024000000e+01
KNUTH_SUBTREE root=7893 depth=28 w=1.3837573856e+38 Shat=1.8996000000e+01 Lhat=0.0000000000e+00
KNUTH_SUBTREE root=7894 depth=28 w=1.4913403073e+38 Shat=1.1000000000e+01 Lhat=0.0000000000e+00
KNUTH_SUBTREE root=7895 depth=28 w=0 Shat=0 Lhat=0 dead=1
KNUTH_SUBTREE root=7896 depth=28 w=2.2639738341e+39 Shat=1.3126000000e+01 Lhat=0.0000000000e+00
KNUTH_SUBTREE root=7897 depth=28 w=1.9393682727e+38 Shat=1.0000000000e+00 Lhat=0.0000000000e+00
KNUTH_SUBTREE root=7898 depth=28 w=5.1866174398e+37 Shat=1.0000000000e+00 Lhat=0.0000000000e+00
KNUTH_SUBTREE root=7899 depth=28 w=6.9692725105e+37 Shat=1.0000000000e+00 Lhat=0.0000000000e+00
KNUTH_SUBTREE root=7900 depth=28 w=3.5090687789e+39 Shat=3.0444000000e+01 Lhat=0.0000000000e+00
KNUTH_SUBTREE root=7901 depth=28 w=5.5063829317e+38 Shat=5.4616000000e+01 Lhat=0.0000000000e+00
KNUTH_SUBTREE root=7902 depth=28 w=0 Shat=0 Lhat=0 dead=1
KNUTH_SUBTREE root=7903 depth=28 w=5.4896817095e+38 Shat=1.7884000000e+01 Lhat=0.0000000000e+00
KNUTH_SUBTREE root=7904 depth=28 w=1.8224740803e+37 Shat=1.0000000000e+00 Lhat=0.0000000000e+00
KNUTH_SUBTREE root=7905 depth=28 w=1.8196550939e+37 Shat=1.0000000000e+00 Lhat=0.0000000000e+00
KNUTH_SUBTREE root=7906 depth=28 w=5.3334010105e+38 Shat=7.0000000000e+00 Lhat=0.0000000000e+00
KNUTH_SUBTREE root=7907 depth=28 w=2.9089487657e+39 Shat=8.4412000000e+01 Lhat=0.0000000000e+00
KNUTH_SUBTREE root=7908 depth=28 w=2.3080459431e+38 Shat=3.0000000000e+00 Lhat=0.0000000000e+00
KNUTH_SUBTREE root=7909 depth=28 w=4.6393459360e+38 Shat=2.9584000000e+01 Lhat=0.0000000000e+00
KNUTH_SUBTREE root=7910 depth=28 w=2.5861563293e+39 Shat=2.1205000000e+01 Lhat=0.0000000000e+00
KNUTH_SUBTREE root=7911 depth=28 w=9.2336803333e+38 Shat=3.9550000000e+01 Lhat=0.0000000000e+00
KNUTH_SUBTREE root=7912 depth=28 w=2.1813787767e+38 Shat=1.1611600000e+02 Lhat=0.0000000000e+00
KNUTH_SUBTREE root=7913 depth=28 w=5.7650228995e+38 Shat=1.5590200000e+02 Lhat=0.0000000000e+00
KNUTH_SUBTREE root=7914 depth=28 w=1.5187762318e+38 Shat=3.0000000000e+00 Lhat=0.0000000000e+00
KNUTH_SUBTREE root=7915 depth=28 w=1.4293033797e+38 Shat=2.6936000000e+01 Lhat=0.0000000000e+00
KNUTH_SUBTREE root=7916 depth=28 w=0 Shat=0 Lhat=0 dead=1
KNUTH_SUBTREE root=7917 depth=28 w=0 Shat=0 Lhat=0 dead=1
KNUTH_SUBTREE root=7918 depth=28 w=2.0526377004e+39 Shat=7.0000000000e+00 Lhat=0.0000000000e+00
KNUTH_SUBTREE root=7919 depth=28 w=1.5876476087e+38 Shat=2.9000000000e+01 Lhat=0.0000000000e+00
KNUTH_SUBTREE root=7920 depth=28 w=1.5911564609e+39 Shat=1.3278000000e+01 Lhat=0.0000000000e+00
KNUTH_SUBTREE root=7921 depth=28 w=0 Shat=0 Lhat=0 dead=1
KNUTH_SUBTREE root=7922 depth=28 w=2.2048284822e+38 Shat=6.0808000000e+01 Lhat=0.0000000000e+00
KNUTH_SUBTREE root=7923 depth=28 w=2.1383380224e+39 Shat=4.0790000000e+01 Lhat=0.0000000000e+00
KNUTH_SUBTREE root=7924 depth=28 w=1.0778017894e+39 Shat=1.7692000000e+01 Lhat=0.0000000000e+00
KNUTH_SUBTREE root=7925 depth=28 w=4.4182732529e+37 Shat=1.0000000000e+00 Lhat=0.0000000000e+00
KNUTH_SUBTREE root=7926 depth=28 w=6.4611887857e+38 Shat=3.0000000000e+00 Lhat=0.0000000000e+00
KNUTH_SUBTREE root=7927 depth=28 w=3.0507063769e+38 Shat=1.0000000000e+01 Lhat=0.0000000000e+00
KNUTH_SUBTREE root=7928 depth=28 w=1.0851948029e+38 Shat=5.2751000000e+01 Lhat=1.7640000000e+00
KNUTH_SUBTREE root=7929 depth=28 w=1.4642890400e+39 Shat=1.1129000000e+01 Lhat=0.0000000000e+00
KNUTH_SUBTREE root=7930 depth=28 w=3.9382135370e+38 Shat=8.7440000000e+00 Lhat=0.0000000000e+00
KNUTH_SUBTREE root=7931 depth=28 w=9.0277923198e+38 Shat=3.0000000000e+00 Lhat=0.0000000000e+00
KNUTH_SUBTREE root=7932 depth=28 w=8.6322014472e+37 Shat=2.0000000000e+00 Lhat=0.0000000000e+00
KNUTH_SUBTREE root=7933 depth=28 w=2.3170379613e+38 Shat=3.0000000000e+00 Lhat=0.0000000000e+00
KNUTH_SUBTREE root=7934 depth=28 w=3.6154762970e+38 Shat=1.0000000000e+00 Lhat=0.0000000000e+00
KNUTH_SUBTREE root=7935 depth=28 w=3.1788597904e+36 Shat=1.0000000000e+00 Lhat=0.0000000000e+00
KNUTH_SUBTREE root=7936 depth=28 w=3.1837053370e+39 Shat=2.6248000000e+01 Lhat=0.0000000000e+00
KNUTH_SUBTREE root=7937 depth=28 w=2.0223052325e+38 Shat=8.9280000000e+00 Lhat=0.0000000000e+00
KNUTH_SUBTREE root=7938 depth=28 w=5.2039204507e+37 Shat=1.7119200000e+02 Lhat=8.7360000000e+00
KNUTH_SUBTREE root=7939 depth=28 w=6.6434829875e+37 Shat=2.0000000000e+00 Lhat=0.0000000000e+00
KNUTH_SUBTREE root=7940 depth=28 w=3.4416761033e+38 Shat=2.4058000000e+01 Lhat=0.0000000000e+00
KNUTH_SUBTREE root=7941 depth=28 w=2.6287942961e+39 Shat=1.8230000000e+01 Lhat=0.0000000000e+00
KNUTH_SUBTREE root=7942 depth=28 w=1.8319514468e+38 Shat=1.0000000000e+00 Lhat=0.0000000000e+00
KNUTH_SUBTREE root=7943 depth=28 w=0 Shat=0 Lhat=0 dead=1
KNUTH_SUBTREE root=7944 depth=28 w=3.8528054299e+38 Shat=3.0000000000e+00 Lhat=0.0000000000e+00
KNUTH_SUBTREE root=7945 depth=28 w=8.6379922537e+37 Shat=1.0000000000e+00 Lhat=0.0000000000e+00
KNUTH_SUBTREE root=7946 depth=28 w=1.0641610613e+38 Shat=7.0000000000e+00 Lhat=0.0000000000e+00
KNUTH_SUBTREE root=7947 depth=28 w=1.7812034190e+39 Shat=1.9890000000e+01 Lhat=0.0000000000e+00
KNUTH_SUBTREE root=7948 depth=28 w=2.3177020169e+39 Shat=7.8814000000e+01 Lhat=0.0000000000e+00
KNUTH_SUBTREE root=7949 depth=28 w=1.8571165152e+39 Shat=8.7840000000e+01 Lhat=0.0000000000e+00
KNUTH_SUBTREE root=7950 depth=28 w=2.3551676030e+39 Shat=1.4144100000e+02 Lhat=0.0000000000e+00
KNUTH_SUBTREE root=7951 depth=28 w=3.2667523157e+39 Shat=7.0748000000e+01 Lhat=0.0000000000e+00
KNUTH_SUBTREE root=7952 depth=28 w=7.6117522534e+36 Shat=1.0000000000e+01 Lhat=0.0000000000e+00
KNUTH_SUBTREE root=7953 depth=28 w=2.9450106122e+38 Shat=7.4395000000e+01 Lhat=0.0000000000e+00
KNUTH_SUBTREE root=7954 depth=28 w=1.1915311374e+39 Shat=5.0000000000e+00 Lhat=0.0000000000e+00
KNUTH_SUBTREE root=7955 depth=28 w=3.9246488338e+38 Shat=2.6900000000e+01 Lhat=0.0000000000e+00
KNUTH_SUBTREE root=7956 depth=28 w=4.5199833800e+38 Shat=6.8942000000e+01 Lhat=0.0000000000e+00
KNUTH_SUBTREE root=7957 depth=28 w=1.1259153459e+39 Shat=8.0380000000e+00 Lhat=0.0000000000e+00
KNUTH_SUBTREE root=7958 depth=28 w=0 Shat=0 Lhat=0 dead=1
KNUTH_SUBTREE root=7959 depth=28 w=4.4046157655e+38 Shat=1.0000000000e+00 Lhat=0.0000000000e+00
KNUTH_SUBTREE root=7960 depth=28 w=1.4620341615e+37 Shat=1.0000000000e+00 Lhat=0.0000000000e+00
KNUTH_SUBTREE root=7961 depth=28 w=9.6262855370e+38 Shat=8.5826000000e+01 Lhat=1.4126000000e+01
KNUTH_SUBTREE root=7962 depth=28 w=2.4527596270e+39 Shat=2.3832000000e+01 Lhat=0.0000000000e+00
KNUTH_SUBTREE root=7963 depth=28 w=9.8484300516e+38 Shat=3.9670000000e+01 Lhat=0.0000000000e+00
KNUTH_SUBTREE root=7964 depth=28 w=6.2092560962e+38 Shat=1.8466400000e+02 Lhat=0.0000000000e+00
KNUTH_SUBTREE root=7965 depth=28 w=6.4689517059e+38 Shat=7.0000000000e+00 Lhat=0.0000000000e+00
KNUTH_SUBTREE root=7966 depth=28 w=1.5955199923e+38 Shat=1.9056000000e+01 Lhat=0.0000000000e+00
KNUTH_SUBTREE root=7967 depth=28 w=1.8282141240e+38 Shat=2.2574000000e+01 Lhat=0.0000000000e+00
KNUTH_SUBTREE root=7968 depth=28 w=4.8207486741e+38 Shat=3.4125000000e+01 Lhat=0.0000000000e+00
KNUTH_SUBTREE root=7969 depth=28 w=6.0669001671e+38 Shat=4.3905000000e+01 Lhat=0.0000000000e+00
KNUTH_SUBTREE root=7970 depth=28 w=9.0526096208e+37 Shat=5.0000000000e+00 Lhat=0.0000000000e+00
KNUTH_SUBTREE root=7971 depth=28 w=6.2871868310e+38 Shat=4.7320000000e+01 Lhat=0.0000000000e+00
KNUTH_SUBTREE root=7972 depth=28 w=1.0910734792e+39 Shat=3.0000000000e+00 Lhat=0.0000000000e+00
KNUTH_SUBTREE root=7973 depth=28 w=1.6789821125e+38 Shat=2.2072000000e+01 Lhat=0.0000000000e+00
KNUTH_SUBTREE root=7974 depth=28 w=2.0666542777e+38 Shat=1.3000000000e+01 Lhat=0.0000000000e+00
KNUTH_SUBTREE root=7975 depth=28 w=6.8624119469e+38 Shat=7.9337000000e+01 Lhat=0.0000000000e+00
KNUTH_SUBTREE root=7976 depth=28 w=9.6159463184e+38 Shat=9.2021000000e+01 Lhat=0.0000000000e+00
KNUTH_SUBTREE root=7977 depth=28 w=0 Shat=0 Lhat=0 dead=1
KNUTH_SUBTREE root=7978 depth=28 w=3.0164092423e+37 Shat=2.0000000000e+00 Lhat=0.0000000000e+00
KNUTH_SUBTREE root=7979 depth=28 w=4.8783406174e+38 Shat=2.0000000000e+00 Lhat=0.0000000000e+00
KNUTH_SUBTREE root=7980 depth=28 w=0 Shat=0 Lhat=0 dead=1
KNUTH_SUBTREE root=7981 depth=28 w=2.4027059269e+38 Shat=3.1294000000e+01 Lhat=0.0000000000e+00
KNUTH_SUBTREE root=7982 depth=28 w=1.2828598508e+38 Shat=2.0000000000e+00 Lhat=0.0000000000e+00
KNUTH_SUBTREE root=7983 depth=28 w=5.0564300090e+38 Shat=6.0070000000e+00 Lhat=0.0000000000e+00
KNUTH_SUBTREE root=7984 depth=28 w=2.6878599460e+39 Shat=2.3960000000e+01 Lhat=0.0000000000e+00
KNUTH_SUBTREE root=7985 depth=28 w=8.6367666073e+38 Shat=1.1980000000e+01 Lhat=0.0000000000e+00
KNUTH_SUBTREE root=7986 depth=28 w=2.6434520997e+39 Shat=9.3776000000e+01 Lhat=0.0000000000e+00
KNUTH_SUBTREE root=7987 depth=28 w=0 Shat=0 Lhat=0 dead=1
KNUTH_SUBTREE root=7988 depth=28 w=3.0300028880e+39 Shat=4.8544000000e+01 Lhat=0.0000000000e+00
KNUTH_SUBTREE root=7989 depth=28 w=3.5919864772e+38 Shat=1.0000000000e+01 Lhat=0.0000000000e+00
KNUTH_SUBTREE root=7990 depth=28 w=0 Shat=0 Lhat=0 dead=1
KNUTH_SUBTREE root=7991 depth=28 w=3.3350363678e+38 Shat=3.0000000000e+00 Lhat=0.0000000000e+00
KNUTH_SUBTREE root=7992 depth=28 w=0 Shat=0 Lhat=0 dead=1
KNUTH_SUBTREE root=7993 depth=28 w=0 Shat=0 Lhat=0 dead=1
KNUTH_SUBTREE root=7994 depth=28 w=2.1168300757e+38 Shat=1.1490400000e+02 Lhat=0.0000000000e+00
KNUTH_SUBTREE root=7995 depth=28 w=9.2404736862e+36 Shat=3.0000000000e+00 Lhat=0.0000000000e+00
KNUTH_SUBTREE root=7996 depth=28 w=9.5177554575e+38 Shat=2.0000000000e+00 Lhat=0.0000000000e+00
KNUTH_SUBTREE root=7997 depth=28 w=7.4137008981e+38 Shat=1.9680000000e+01 Lhat=0.0000000000e+00
KNUTH_SUBTREE root=7998 depth=28 w=1.5952222183e+39 Shat=4.2152000000e+01 Lhat=0.0000000000e+00
KNUTH_SUBTREE root=7999 depth=28 w=2.7585718129e+37 Shat=1.0000000000e+00 Lhat=0.0000000000e+00
KNUTH_SUBTREE root=8000 depth=28 w=1.4506560969e+38 Shat=6.4028000000e+01 Lhat=0.0000000000e+00
KNUTH_SUBTREE root=8001 depth=28 w=7.9776252820e+38 Shat=2.7960000000e+01 Lhat=0.0000000000e+00
KNUTH_SUBTREE root=8002 depth=28 w=3.1172013696e+39 Shat=1.0996900000e+02 Lhat=0.0000000000e+00
KNUTH_SUBTREE root=8003 depth=28 w=1.9889263711e+36 Shat=1.0000000000e+00 Lhat=0.0000000000e+00
KNUTH_SUBTREE root=8004 depth=28 w=1.3419953462e+39 Shat=1.1930000000e+01 Lhat=0.0000000000e+00
KNUTH_SUBTREE root=8005 depth=28 w=1.7559104118e+38 Shat=3.2560000000e+01 Lhat=0.0000000000e+00
KNUTH_SUBTREE root=8006 depth=28 w=0 Shat=0 Lhat=0 dead=1
KNUTH_SUBTREE root=8007 depth=28 w=2.5572292863e+38 Shat=6.1342000000e+01 Lhat=0.0000000000e+00
KNUTH_SUBTREE root=8008 depth=28 w=9.6444259715e+38 Shat=8.1280000000e+00 Lhat=0.0000000000e+00
KNUTH_SUBTREE root=8009 depth=28 w=4.0934903167e+37 Shat=1.0000000000e+00 Lhat=0.0000000000e+00
KNUTH_SUBTREE root=8010 depth=28 w=3.0512666283e+39 Shat=3.6820000000e+01 Lhat=0.0000000000e+00
KNUTH_SUBTREE root=8011 depth=28 w=1.0408268848e+38 Shat=1.0000000000e+00 Lhat=0.0000000000e+00
KNUTH_SUBTREE root=8012 depth=28 w=3.8969652137e+37 Shat=5.0000000000e+00 Lhat=0.0000000000e+00
KNUTH_SUBTREE root=8013 depth=28 w=9.3561369730e+38 Shat=3.0000000000e+00 Lhat=0.0000000000e+00
KNUTH_SUBTREE root=8014 depth=28 w=3.0584825159e+37 Shat=4.0000000000e+00 Lhat=0.0000000000e+00
KNUTH_SUBTREE root=8015 depth=28 w=0 Shat=0 Lhat=0 dead=1
KNUTH_SUBTREE root=8016 depth=28 w=4.0344872618e+38 Shat=1.1914000000e+01 Lhat=0.0000000000e+00
KNUTH_SUBTREE root=8017 depth=28 w=1.4843599798e+39 Shat=5.0000000000e+00 Lhat=0.0000000000e+00
KNUTH_SUBTREE root=8018 depth=28 w=5.2105642250e+38 Shat=1.0000000000e+01 Lhat=0.0000000000e+00
KNUTH_SUBTREE root=8019 depth=28 w=2.2688712999e+38 Shat=3.1024000000e+01 Lhat=0.0000000000e+00
KNUTH_SUBTREE root=8020 depth=28 w=2.0618976826e+38 Shat=1.3000000000e+01 Lhat=0.0000000000e+00
KNUTH_SUBTREE root=8021 depth=28 w=0 Shat=0 Lhat=0 dead=1
KNUTH_SUBTREE root=8022 depth=28 w=3.7540014913e+38 Shat=1.0000000000e+00 Lhat=0.0000000000e+00
KNUTH_SUBTREE root=8023 depth=28 w=2.7304757587e+38 Shat=3.0000000000e+00 Lhat=0.0000000000e+00
KNUTH_SUBTREE root=8024 depth=28 w=3.3600272109e+39 Shat=1.1000000000e+01 Lhat=0.0000000000e+00
KNUTH_SUBTREE root=8025 depth=28 w=7.5849534494e+38 Shat=2.7537000000e+01 Lhat=0.0000000000e+00
KNUTH_SUBTREE root=8026 depth=28 w=2.8059761645e+38 Shat=7.9180000000e+00 Lhat=0.0000000000e+00
KNUTH_SUBTREE root=8027 depth=28 w=2.7077695469e+39 Shat=2.0985000000e+01 Lhat=0.0000000000e+00
KNUTH_SUBTREE root=8028 depth=28 w=2.7965086961e+39 Shat=1.7000000000e+01 Lhat=0.0000000000e+00
KNUTH_SUBTREE root=8029 depth=28 w=3.6531448978e+36 Shat=1.0000000000e+00 Lhat=0.0000000000e+00
KNUTH_SUBTREE root=8030 depth=28 w=1.8010619158e+38 Shat=8.0170000000e+00 Lhat=0.0000000000e+00
KNUTH_SUBTREE root=8031 depth=28 w=2.4089132894e+39 Shat=1.9179000000e+01 Lhat=0.0000000000e+00
KNUTH_SUBTREE root=8032 depth=28 w=8.4131498956e+38 Shat=2.0932000000e+01 Lhat=0.0000000000e+00
KNUTH_SUBTREE root=8033 depth=28 w=2.8776279123e+38 Shat=3.2808000000e+01 Lhat=0.0000000000e+00
KNUTH_SUBTREE root=8034 depth=28 w=1.6184052011e+37 Shat=1.0000000000e+00 Lhat=0.0000000000e+00
KNUTH_SUBTREE root=8035 depth=28 w=6.6171807396e+38 Shat=2.7144000000e+01 Lhat=0.0000000000e+00
KNUTH_SUBTREE root=8036 depth=28 w=7.9562386869e+38 Shat=7.0000000000e+00 Lhat=0.0000000000e+00
KNUTH_SUBTREE root=8037 depth=28 w=3.2011600501e+38 Shat=1.0000000000e+01 Lhat=0.0000000000e+00
KNUTH_SUBTREE root=8038 depth=28 w=2.0570201458e+38 Shat=1.0000000000e+00 Lhat=0.0000000000e+00
KNUTH_SUBTREE root=8039 depth=28 w=1.2895976880e+38 Shat=1.6000000000e+01 Lhat=0.0000000000e+00
KNUTH_SUBTREE root=8040 depth=28 w=2.7554544854e+38 Shat=2.6856000000e+01 Lhat=0.0000000000e+00
KNUTH_SUBTREE root=8041 depth=28 w=0 Shat=0 Lhat=0 dead=1
KNUTH_SUBTREE root=8042 depth=28 w=1.0294914570e+39 Shat=1.2004000000e+01 Lhat=0.0000000000e+00
KNUTH_SUBTREE root=8043 depth=28 w=2.1113000460e+37 Shat=1.5000000000e+01 Lhat=0.0000000000e+00
KNUTH_SUBTREE root=8044 depth=28 w=8.9037902202e+38 Shat=1.2825600000e+02 Lhat=0.0000000000e+00
KNUTH_SUBTREE root=8045 depth=28 w=6.4097575072e+38 Shat=5.8498000000e+01 Lhat=0.0000000000e+00
KNUTH_SUBTREE root=8046 depth=28 w=2.5272605565e+38 Shat=5.6224000000e+01 Lhat=0.0000000000e+00
KNUTH_SUBTREE root=8047 depth=28 w=2.2312291934e+38 Shat=1.1096000000e+01 Lhat=0.0000000000e+00
KNUTH_SUBTREE root=8048 depth=28 w=7.2577428455e+37 Shat=1.0000000000e+00 Lhat=0.0000000000e+00
KNUTH_SUBTREE root=8049 depth=28 w=9.6105946865e+38 Shat=4.3084000000e+01 Lhat=0.0000000000e+00
KNUTH_SUBTREE root=8050 depth=28 w=2.8913579454e+39 Shat=6.0100000000e+00 Lhat=0.0000000000e+00
KNUTH_SUBTREE root=8051 depth=28 w=1.2081462068e+39 Shat=2.1064000000e+01 Lhat=0.0000000000e+00
KNUTH_SUBTREE root=8052 depth=28 w=8.6793898399e+38 Shat=2.2030000000e+01 Lhat=0.0000000000e+00
KNUTH_SUBTREE root=8053 depth=28 w=1.2695266587e+39 Shat=3.0000000000e+00 Lhat=0.0000000000e+00
KNUTH_SUBTREE root=8054 depth=28 w=4.8993914577e+38 Shat=4.0774000000e+01 Lhat=0.0000000000e+00
KNUTH_SUBTREE root=8055 depth=28 w=1.3099484239e+38 Shat=7.0000000000e+00 Lhat=0.0000000000e+00
KNUTH_SUBTREE root=8056 depth=28 w=3.0912765019e+38 Shat=2.6968000000e+01 Lhat=0.0000000000e+00
KNUTH_SUBTREE root=8057 depth=28 w=2.6672939482e+39 Shat=3.2136000000e+01 Lhat=0.0000000000e+00
KNUTH_SUBTREE root=8058 depth=28 w=1.9902242703e+38 Shat=1.3000000000e+01 Lhat=0.0000000000e+00
KNUTH_SUBTREE root=8059 depth=28 w=5.0430983450e+38 Shat=4.7830000000e+01 Lhat=0.0000000000e+00
KNUTH_SUBTREE root=8060 depth=28 w=4.2803738685e+37 Shat=2.0000000000e+00 Lhat=0.0000000000e+00
KNUTH_SUBTREE root=8061 depth=28 w=1.4799615218e+37 Shat=3.0000000000e+00 Lhat=0.0000000000e+00
KNUTH_SUBTREE root=8062 depth=28 w=5.6853314866e+38 Shat=1.4508000000e+02 Lhat=0.0000000000e+00
KNUTH_SUBTREE root=8063 depth=28 w=2.3698440600e+37 Shat=1.0000000000e+00 Lhat=0.0000000000e+00
KNUTH_SUBTREE root=8064 depth=28 w=4.8143176423e+37 Shat=3.0000000000e+00 Lhat=0.0000000000e+00
KNUTH_SUBTREE root=8065 depth=28 w=1.1053859956e+39 Shat=2.6145000000e+01 Lhat=0.0000000000e+00
KNUTH_SUBTREE root=8066 depth=28 w=1.5660771741e+39 Shat=4.3616000000e+01 Lhat=0.0000000000e+00
KNUTH_SUBTREE root=8067 depth=28 w=1.2773613097e+38 Shat=3.0000000000e+00 Lhat=0.0000000000e+00
KNUTH_SUBTREE root=8068 depth=28 w=2.3187310488e+38 Shat=1.3000000000e+01 Lhat=0.0000000000e+00
KNUTH_SUBTREE root=8069 depth=28 w=5.9185889130e+38 Shat=3.0000000000e+00 Lhat=0.0000000000e+00
KNUTH_SUBTREE root=8070 depth=28 w=6.0217372636e+38 Shat=3.3340000000e+01 Lhat=0.0000000000e+00
KNUTH_SUBTREE root=8071 depth=28 w=2.6032296538e+39 Shat=2.1587000000e+01 Lhat=0.0000000000e+00
KNUTH_SUBTREE root=8072 depth=28 w=2.5878925514e+36 Shat=2.0000000000e+00 Lhat=0.0000000000e+00
KNUTH_SUBTREE root=8073 depth=28 w=2.5264964484e+37 Shat=9.0000000000e+00 Lhat=0.0000000000e+00
KNUTH_SUBTREE root=8074 depth=28 w=2.7778786851e+39 Shat=3.4642000000e+01 Lhat=0.0000000000e+00
KNUTH_SUBTREE root=8075 depth=28 w=6.5041930904e+38 Shat=1.1000000000e+01 Lhat=0.0000000000e+00
KNUTH_SUBTREE root=8076 depth=28 w=1.7857828952e+39 Shat=2.4940000000e+01 Lhat=0.0000000000e+00
KNUTH_SUBTREE root=8077 depth=28 w=6.2982672999e+38 Shat=2.9128000000e+01 Lhat=0.0000000000e+00
KNUTH_SUBTREE root=8078 depth=28 w=8.3026121870e+35 Shat=1.0000000000e+00 Lhat=0.0000000000e+00
KNUTH_SUBTREE root=8079 depth=28 w=1.1041398946e+37 Shat=1.0000000000e+00 Lhat=0.0000000000e+00
KNUTH_SUBTREE root=8080 depth=28 w=1.8852646651e+38 Shat=9.5020000000e+01 Lhat=0.0000000000e+00
KNUTH_SUBTREE root=8081 depth=28 w=2.5821863076e+39 Shat=1.2053000000e+01 Lhat=0.0000000000e+00
KNUTH_SUBTREE root=8082 depth=28 w=1.3274751008e+37 Shat=1.0000000000e+00 Lhat=0.0000000000e+00
KNUTH_SUBTREE root=8083 depth=28 w=2.3372336221e+39 Shat=2.5773000000e+01 Lhat=0.0000000000e+00
KNUTH_SUBTREE root=8084 depth=28 w=2.3992496211e+38 Shat=3.0000000000e+00 Lhat=0.0000000000e+00
KNUTH_SUBTREE root=8085 depth=28 w=3.1471435402e+39 Shat=4.3000000000e+01 Lhat=0.0000000000e+00
KNUTH_SUBTREE root=8086 depth=28 w=1.0835452518e+37 Shat=2.0000000000e+00 Lhat=0.0000000000e+00
KNUTH_SUBTREE root=8087 depth=28 w=1.5656617482e+39 Shat=1.9160000000e+01 Lhat=0.0000000000e+00
KNUTH_SUBTREE root=8088 depth=28 w=1.6016032370e+39 Shat=1.1008000000e+01 Lhat=0.0000000000e+00
KNUTH_SUBTREE root=8089 depth=28 w=3.5871046863e+37 Shat=2.0000000000e+00 Lhat=0.0000000000e+00
KNUTH_SUBTREE root=8090 depth=28 w=2.0584384338e+38 Shat=2.4691000000e+01 Lhat=0.0000000000e+00
KNUTH_SUBTREE root=8091 depth=28 w=5.8612442209e+38 Shat=5.0000000000e+00 Lhat=0.0000000000e+00
KNUTH_SUBTREE root=8092 depth=28 w=2.8048091885e+37 Shat=7.0000000000e+00 Lhat=0.0000000000e+00
KNUTH_SUBTREE root=8093 depth=28 w=0 Shat=0 Lhat=0 dead=1
KNUTH_SUBTREE root=8094 depth=28 w=1.9370874003e+39 Shat=2.8948000000e+01 Lhat=0.0000000000e+00
KNUTH_SUBTREE root=8095 depth=28 w=1.3378690617e+38 Shat=5.0000000000e+00 Lhat=0.0000000000e+00
KNUTH_SUBTREE root=8096 depth=28 w=0 Shat=0 Lhat=0 dead=1
KNUTH_SUBTREE root=8097 depth=28 w=1.1659668186e+38 Shat=4.0000000000e+00 Lhat=0.0000000000e+00
KNUTH_SUBTREE root=8098 depth=28 w=0 Shat=0 Lhat=0 dead=1
KNUTH_SUBTREE root=8099 depth=28 w=3.0162379292e+38 Shat=2.8240000000e+01 Lhat=0.0000000000e+00
KNUTH_SUBTREE root=8100 depth=28 w=1.4510149483e+39 Shat=6.2062000000e+01 Lhat=0.0000000000e+00
KNUTH_SUBTREE root=8101 depth=28 w=2.0102575168e+39 Shat=1.6756000000e+02 Lhat=0.0000000000e+00
KNUTH_SUBTREE root=8102 depth=28 w=2.7998094091e+38 Shat=1.2013000000e+01 Lhat=0.0000000000e+00
KNUTH_SUBTREE root=8103 depth=28 w=0 Shat=0 Lhat=0 dead=1
KNUTH_SUBTREE root=8104 depth=28 w=8.6420364018e+38 Shat=1.0000000000e+01 Lhat=0.0000000000e+00
KNUTH_SUBTREE root=8105 depth=28 w=2.1532754871e+37 Shat=3.0000000000e+00 Lhat=0.0000000000e+00
KNUTH_SUBTREE root=8106 depth=28 w=0 Shat=0 Lhat=0 dead=1
KNUTH_SUBTREE root=8107 depth=28 w=3.0581606062e+39 Shat=4.0000000000e+00 Lhat=0.0000000000e+00
KNUTH_SUBTREE root=8108 depth=28 w=7.2171215403e+37 Shat=1.0000000000e+00 Lhat=0.0000000000e+00
KNUTH_SUBTREE root=8109 depth=28 w=1.6592850210e+37 Shat=1.0000000000e+00 Lhat=0.0000000000e+00
KNUTH_SUBTREE root=8110 depth=28 w=2.7754670773e+36 Shat=4.0060000000e+00 Lhat=0.0000000000e+00
KNUTH_SUBTREE root=8111 depth=28 w=7.6092656280e+38 Shat=5.0000000000e+00 Lhat=0.0000000000e+00
KNUTH_SUBTREE root=8112 depth=28 w=6.4306009945e+38 Shat=1.3000000000e+01 Lhat=0.0000000000e+00
KNUTH_SUBTREE root=8113 depth=28 w=8.3676460019e+37 Shat=3.0000000000e+00 Lhat=0.0000000000e+00
KNUTH_SUBTREE root=8114 depth=28 w=1.5690690958e+38 Shat=3.0000000000e+00 Lhat=0.0000000000e+00
KNUTH_SUBTREE root=8115 depth=28 w=2.2432097628e+39 Shat=1.0000000000e+01 Lhat=0.0000000000e+00
KNUTH_SUBTREE root=8116 depth=28 w=4.3371780029e+37 Shat=6.0000000000e+00 Lhat=0.0000000000e+00
KNUTH_SUBTREE root=8117 depth=28 w=3.7487148263e+37 Shat=7.0000000000e+00 Lhat=0.0000000000e+00
KNUTH_SUBTREE root=8118 depth=28 w=2.3706771199e+38 Shat=7.0000000000e+00 Lhat=0.0000000000e+00
KNUTH_SUBTREE root=8119 depth=28 w=1.9376940786e+38 Shat=1.2013000000e+01 Lhat=0.0000000000e+00
KNUTH_SUBTREE root=8120 depth=28 w=2.1828225417e+39 Shat=1.5796000000e+01 Lhat=0.0000000000e+00
KNUTH_SUBTREE root=8121 depth=28 w=1.2213174883e+39 Shat=1.0000000000e+00 Lhat=0.0000000000e+00
KNUTH_SUBTREE root=8122 depth=28 w=6.3624811632e+38 Shat=6.4609000000e+01 Lhat=0.0000000000e+00
KNUTH_SUBTREE root=8123 depth=28 w=3.2789016425e+38 Shat=3.4090000000e+01 Lhat=0.0000000000e+00
KNUTH_SUBTREE root=8124 depth=28 w=5.9304246559e+38 Shat=1.4290000000e+02 Lhat=0.0000000000e+00
KNUTH_SUBTREE root=8125 depth=28 w=5.2989544729e+37 Shat=2.0000000000e+00 Lhat=0.0000000000e+00
KNUTH_SUBTREE root=8126 depth=28 w=3.9830468499e+38 Shat=4.0000000000e+00 Lhat=0.0000000000e+00
KNUTH_SUBTREE root=8127 depth=28 w=3.5223801277e+38 Shat=9.0880000000e+00 Lhat=0.0000000000e+00
KNUTH_SUBTREE root=8128 depth=28 w=3.0539938234e+38 Shat=5.0000000000e+00 Lhat=0.0000000000e+00
KNUTH_SUBTREE root=8129 depth=28 w=3.6218991928e+38 Shat=8.5133000000e+01 Lhat=0.0000000000e+00
KNUTH_SUBTREE root=8130 depth=28 w=8.2899347303e+38 Shat=4.0000000000e+00 Lhat=0.0000000000e+00
KNUTH_SUBTREE root=8131 depth=28 w=2.8730439308e+38 Shat=2.0000000000e+00 Lhat=0.0000000000e+00
KNUTH_SUBTREE root=8132 depth=28 w=2.9824446137e+39 Shat=2.9672000000e+01 Lhat=0.0000000000e+00
KNUTH_SUBTREE root=8133 depth=28 w=4.8880340210e+38 Shat=1.0000000000e+00 Lhat=0.0000000000e+00
KNUTH_SUBTREE root=8134 depth=28 w=7.4497279668e+38 Shat=9.4660000000e+01 Lhat=0.0000000000e+00
KNUTH_SUBTREE root=8135 depth=28 w=7.0919285796e+36 Shat=1.0000000000e+00 Lhat=0.0000000000e+00
KNUTH_SUBTREE root=8136 depth=28 w=2.8346469856e+38 Shat=3.0000000000e+00 Lhat=0.0000000000e+00
KNUTH_SUBTREE root=8137 depth=28 w=3.8328357176e+37 Shat=2.0000000000e+00 Lhat=0.0000000000e+00
KNUTH_SUBTREE root=8138 depth=28 w=2.9003556780e+39 Shat=2.4240000000e+01 Lhat=0.0000000000e+00
KNUTH_SUBTREE root=8139 depth=28 w=5.3007077878e+36 Shat=1.0000000000e+00 Lhat=0.0000000000e+00
KNUTH_SUBTREE root=8140 depth=28 w=5.9619052978e+35 Shat=1.0000000000e+00 Lhat=0.0000000000e+00
KNUTH_SUBTREE root=8141 depth=28 w=3.1469866615e+38 Shat=2.0000000000e+00 Lhat=0.0000000000e+00
KNUTH_SUBTREE root=8142 depth=28 w=2.1141687469e+38 Shat=1.1000000000e+01 Lhat=0.0000000000e+00
KNUTH_SUBTREE root=8143 depth=28 w=2.4591990612e+38 Shat=7.0000000000e+00 Lhat=0.0000000000e+00
KNUTH_SUBTREE root=8144 depth=28 w=3.4351461953e+38 Shat=1.1995000000e+01 Lhat=0.0000000000e+00
KNUTH_SUBTREE root=8145 depth=28 w=2.2026761250e+36 Shat=1.0000000000e+00 Lhat=0.0000000000e+00
KNUTH_SUBTREE root=8146 depth=28 w=6.5222966043e+37 Shat=3.0000000000e+00 Lhat=0.0000000000e+00
KNUTH_SUBTREE root=8147 depth=28 w=0 Shat=0 Lhat=0 dead=1
KNUTH_SUBTREE root=8148 depth=28 w=7.6933104592e+38 Shat=7.0000000000e+00 Lhat=0.0000000000e+00
KNUTH_SUBTREE root=8149 depth=28 w=1.3542114784e+39 Shat=3.5308000000e+01 Lhat=0.0000000000e+00
KNUTH_SUBTREE root=8150 depth=28 w=3.7138726011e+38 Shat=6.3216000000e+01 Lhat=0.0000000000e+00
KNUTH_SUBTREE root=8151 depth=28 w=4.0682723414e+37 Shat=1.0000000000e+00 Lhat=0.0000000000e+00
KNUTH_SUBTREE root=8152 depth=28 w=9.9834557583e+38 Shat=6.8808000000e+01 Lhat=0.0000000000e+00
KNUTH_SUBTREE root=8153 depth=28 w=1.3234418962e+39 Shat=2.2000000000e+01 Lhat=0.0000000000e+00
KNUTH_SUBTREE root=8154 depth=28 w=1.5255060326e+38 Shat=1.0000000000e+00 Lhat=0.0000000000e+00
KNUTH_SUBTREE root=8155 depth=28 w=4.1543785086e+38 Shat=9.0800000000e+00 Lhat=0.0000000000e+00
KNUTH_SUBTREE root=8156 depth=28 w=9.7124780081e+37 Shat=4.0016000000e+01 Lhat=0.0000000000e+00
KNUTH_SUBTREE root=8157 depth=28 w=1.2600603142e+39 Shat=3.7444000000e+01 Lhat=0.0000000000e+00
KNUTH_SUBTREE root=8158 depth=28 w=1.0777658821e+39 Shat=5.0000000000e+00 Lhat=0.0000000000e+00
KNUTH_SUBTREE root=8159 depth=28 w=1.7389053817e+39 Shat=1.1000000000e+01 Lhat=0.0000000000e+00
KNUTH_SUBTREE root=8160 depth=28 w=9.8204403963e+37 Shat=8.0080000000e+00 Lhat=0.0000000000e+00
KNUTH_SUBTREE root=8161 depth=28 w=1.5442661071e+38 Shat=2.5298600000e+02 Lhat=0.0000000000e+00
KNUTH_SUBTREE root=8162 depth=28 w=8.2678557795e+38 Shat=1.9996000000e+01 Lhat=0.0000000000e+00
KNUTH_SUBTREE root=8163 depth=28 w=1.6029556226e+39 Shat=1.1000000000e+01 Lhat=0.0000000000e+00
KNUTH_SUBTREE root=8164 depth=28 w=1.1282193256e+39 Shat=9.0000000000e+00 Lhat=0.0000000000e+00
KNUTH_SUBTREE root=8165 depth=28 w=2.2336508697e+39 Shat=1.0000000000e+00 Lhat=0.0000000000e+00
KNUTH_SUBTREE root=8166 depth=28 w=1.3290616012e+38 Shat=4.5118000000e+01 Lhat=0.0000000000e+00
KNUTH_SUBTREE root=8167 depth=28 w=1.8490062621e+38 Shat=5.3776000000e+01 Lhat=0.0000000000e+00
KNUTH_SUBTREE root=8168 depth=28 w=8.0907355724e+38 Shat=4.9936000000e+01 Lhat=0.0000000000e+00
KNUTH_SUBTREE root=8169 depth=28 w=0 Shat=0 Lhat=0 dead=1
KNUTH_SUBTREE root=8170 depth=28 w=4.9407509207e+38 Shat=1.6008000000e+01 Lhat=0.0000000000e+00
KNUTH_SUBTREE root=8171 depth=28 w=2.4968725279e+38 Shat=4.0000000000e+00 Lhat=0.0000000000e+00
KNUTH_SUBTREE root=8172 depth=28 w=5.6588254832e+38 Shat=4.0000000000e+00 Lhat=0.0000000000e+00
KNUTH_SUBTREE root=8173 depth=28 w=1.0268914971e+39 Shat=6.1896000000e+01 Lhat=0.0000000000e+00
KNUTH_SUBTREE root=8174 depth=28 w=4.8756152232e+38 Shat=5.4400000000e+01 Lhat=0.0000000000e+00
KNUTH_SUBTREE root=8175 depth=28 w=3.1020278274e+38 Shat=9.5200000000e+01 Lhat=0.0000000000e+00
KNUTH_SUBTREE root=8176 depth=28 w=1.6084402455e+39 Shat=3.7920000000e+01 Lhat=0.0000000000e+00
KNUTH_SUBTREE root=8177 depth=28 w=0 Shat=0 Lhat=0 dead=1
KNUTH_SUBTREE root=8178 depth=28 w=7.0268377808e+38 Shat=3.0000000000e+00 Lhat=0.0000000000e+00
KNUTH_SUBTREE root=8179 depth=28 w=3.0271605688e+38 Shat=8.2732000000e+01 Lhat=0.0000000000e+00
KNUTH_SUBTREE root=8180 depth=28 w=7.1913411036e+37 Shat=3.0000000000e+00 Lhat=0.0000000000e+00
KNUTH_SUBTREE root=8181 depth=28 w=1.9062457226e+39 Shat=2.0768000000e+01 Lhat=0.0000000000e+00
KNUTH_SUBTREE root=8182 depth=28 w=8.0361218691e+38 Shat=1.1890000000e+01 Lhat=0.0000000000e+00
KNUTH_SUBTREE root=8183 depth=28 w=4.5086484218e+38 Shat=5.0000000000e+00 Lhat=0.0000000000e+00
KNUTH_SUBTREE root=8184 depth=28 w=5.5504944736e+37 Shat=3.2880000000e+01 Lhat=0.0000000000e+00
KNUTH_SUBTREE root=8185 depth=28 w=3.5033851710e+38 Shat=6.0000000000e+00 Lhat=0.0000000000e+00
KNUTH_SUBTREE root=8186 depth=28 w=1.3749516310e+39 Shat=4.1530000000e+01 Lhat=0.0000000000e+00
KNUTH_SUBTREE root=8187 depth=28 w=3.8994496051e+38 Shat=5.5420000000e+01 Lhat=0.0000000000e+00
KNUTH_SUBTREE root=8188 depth=28 w=2.1168556814e+38 Shat=7.1693000000e+01 Lhat=0.0000000000e+00
KNUTH_SUBTREE root=8189 depth=28 w=7.0964985696e+38 Shat=2.8236000000e+01 Lhat=0.0000000000e+00
KNUTH_SUBTREE root=8190 depth=28 w=1.9450836401e+37 Shat=3.0000000000e+00 Lhat=0.0000000000e+00
KNUTH_SUBTREE root=8191 depth=28 w=2.0828823273e+39 Shat=2.7988000000e+01 Lhat=0.0000000000e+00
KNUTH_SUBTREE root=8192 depth=28 w=1.7081738929e+38 Shat=1.8752000000e+01 Lhat=0.0000000000e+00
KNUTH_SUBTREE root=8193 depth=28 w=2.7483191324e+37 Shat=1.1953000000e+01 Lhat=0.0000000000e+00
KNUTH_SUBTREE root=8194 depth=28 w=1.0503540137e+39 Shat=2.0000000000e+00 Lhat=0.0000000000e+00
KNUTH_SUBTREE root=8195 depth=28 w=1.4350188328e+39 Shat=1.3981000000e+01 Lhat=0.0000000000e+00
KNUTH_SUBTREE root=8196 depth=28 w=2.4073753579e+39 Shat=1.5672000000e+01 Lhat=0.0000000000e+00
KNUTH_SUBTREE root=8197 depth=28 w=2.7365969700e+38 Shat=2.9860000000e+01 Lhat=0.0000000000e+00
KNUTH_SUBTREE root=8198 depth=28 w=1.7544890990e+38 Shat=2.2000000000e+01 Lhat=0.0000000000e+00
KNUTH_SUBTREE root=8199 depth=28 w=1.1843278028e+38 Shat=2.0000000000e+00 Lhat=0.0000000000e+00
KNUTH_SUBTREE root=8200 depth=28 w=5.2177945957e+37 Shat=3.0000000000e+00 Lhat=0.0000000000e+00
KNUTH_SUBTREE root=8201 depth=28 w=6.6329905312e+38 Shat=1.1016000000e+01 Lhat=0.0000000000e+00
KNUTH_SUBTREE root=8202 depth=28 w=0 Shat=0 Lhat=0 dead=1
KNUTH_SUBTREE root=8203 depth=28 w=2.2108737501e+39 Shat=2.0000000000e+00 Lhat=0.0000000000e+00
KNUTH_SUBTREE root=8204 depth=28 w=9.1664385322e+37 Shat=7.0000000000e+00 Lhat=0.0000000000e+00
KNUTH_SUBTREE root=8205 depth=28 w=8.8431724411e+38 Shat=1.8176000000e+01 Lhat=0.0000000000e+00
KNUTH_SUBTREE root=8206 depth=28 w=1.3240794397e+38 Shat=1.3120000000e+01 Lhat=0.0000000000e+00
KNUTH_SUBTREE root=8207 depth=28 w=1.0579642465e+36 Shat=1.0000000000e+00 Lhat=0.0000000000e+00
KNUTH_SUBTREE root=8208 depth=28 w=2.9929577203e+36 Shat=1.0000000000e+00 Lhat=0.0000000000e+00
KNUTH_SUBTREE root=8209 depth=28 w=8.8771194536e+37 Shat=1.8016000000e+01 Lhat=0.0000000000e+00
KNUTH_SUBTREE root=8210 depth=28 w=9.4078338984e+37 Shat=7.0000000000e+00 Lhat=0.0000000000e+00
KNUTH_SUBTREE root=8211 depth=28 w=3.9813656054e+37 Shat=1.0000000000e+00 Lhat=0.0000000000e+00
KNUTH_SUBTREE root=8212 depth=28 w=7.0106831744e+38 Shat=1.0128000000e+01 Lhat=0.0000000000e+00
KNUTH_SUBTREE root=8213 depth=28 w=9.1941904930e+38 Shat=3.4565000000e+01 Lhat=0.0000000000e+00
KNUTH_SUBTREE root=8214 depth=28 w=6.2935260814e+37 Shat=1.0000000000e+00 Lhat=0.0000000000e+00
KNUTH_SUBTREE root=8215 depth=28 w=0 Shat=0 Lhat=0 dead=1
KNUTH_SUBTREE root=8216 depth=28 w=5.3163541974e+38 Shat=5.0000000000e+00 Lhat=0.0000000000e+00
KNUTH_SUBTREE root=8217 depth=28 w=3.7399958298e+38 Shat=6.9467000000e+01 Lhat=0.0000000000e+00
KNUTH_SUBTREE root=8218 depth=28 w=1.4373998029e+39 Shat=4.8088000000e+01 Lhat=0.0000000000e+00
KNUTH_SUBTREE root=8219 depth=28 w=0 Shat=0 Lhat=0 dead=1
KNUTH_SUBTREE root=8220 depth=28 w=7.9493934023e+38 Shat=4.7980000000e+01 Lhat=0.0000000000e+00
KNUTH_SUBTREE root=8221 depth=28 w=1.5347460700e+39 Shat=1.3954000000e+01 Lhat=0.0000000000e+00
KNUTH_SUBTREE root=8222 depth=28 w=1.2656499420e+39 Shat=1.1900000000e+01 Lhat=0.0000000000e+00
KNUTH_SUBTREE root=8223 depth=28 w=2.0769591802e+39 Shat=1.0988000000e+01 Lhat=0.0000000000e+00
KNUTH_SUBTREE root=8224 depth=28 w=3.5956201398e+38 Shat=5.0000000000e+00 Lhat=0.0000000000e+00
KNUTH_SUBTREE root=8225 depth=28 w=5.3448557800e+38 Shat=1.0000000000e+00 Lhat=0.0000000000e+00
KNUTH_SUBTREE root=8226 depth=28 w=3.6617121716e+38 Shat=9.0000000000e+00 Lhat=0.0000000000e+00
KNUTH_SUBTREE root=8227 depth=28 w=3.2985516238e+39 Shat=3.0000000000e+00 Lhat=0.0000000000e+00
KNUTH_SUBTREE root=8228 depth=28 w=1.9140861548e+38 Shat=3.0000000000e+00 Lhat=0.0000000000e+00
KNUTH_SUBTREE root=8229 depth=28 w=1.4554995485e+38 Shat=2.0000000000e+00 Lhat=0.0000000000e+00
KNUTH_SUBTREE root=8230 depth=28 w=2.6475592932e+38 Shat=1.2102000000e+01 Lhat=0.0000000000e+00
KNUTH_SUBTREE root=8231 depth=28 w=2.2081409993e+38 Shat=1.0000000000e+00 Lhat=0.0000000000e+00
KNUTH_SUBTREE root=8232 depth=28 w=1.1962808407e+39 Shat=3.3690000000e+01 Lhat=0.0000000000e+00
KNUTH_SUBTREE root=8233 depth=28 w=3.5902125735e+37 Shat=8.0170000000e+00 Lhat=0.0000000000e+00
KNUTH_SUBTREE root=8234 depth=28 w=3.5860476330e+38 Shat=1.9704000000e+01 Lhat=0.0000000000e+00
KNUTH_SUBTREE root=8235 depth=28 w=1.4027026613e+38 Shat=2.9272000000e+01 Lhat=0.0000000000e+00
KNUTH_SUBTREE root=8236 depth=28 w=1.3303805125e+37 Shat=6.9960000000e+00 Lhat=0.0000000000e+00
KNUTH_SUBTREE root=8237 depth=28 w=3.4183181401e+38 Shat=1.0000000000e+00 Lhat=0.0000000000e+00
KNUTH_SUBTREE root=8238 depth=28 w=2.6315739140e+39 Shat=4.8622000000e+01 Lhat=0.0000000000e+00
KNUTH_SUBTREE root=8239 depth=28 w=4.7439384185e+37 Shat=1.0000000000e+00 Lhat=0.0000000000e+00
KNUTH_SUBTREE root=8240 depth=28 w=8.8576083165e+37 Shat=1.0000000000e+00 Lhat=0.0000000000e+00
KNUTH_SUBTREE root=8241 depth=28 w=7.8724528213e+37 Shat=4.0000000000e+00 Lhat=0.0000000000e+00
KNUTH_SUBTREE root=8242 depth=28 w=3.5568489532e+38 Shat=4.0000000000e+00 Lhat=0.0000000000e+00
KNUTH_SUBTREE root=8243 depth=28 w=1.1750333389e+38 Shat=5.0000000000e+00 Lhat=0.0000000000e+00
KNUTH_SUBTREE root=8244 depth=28 w=0 Shat=0 Lhat=0 dead=1
KNUTH_SUBTREE root=8245 depth=28 w=2.5724727339e+38 Shat=1.6888000000e+01 Lhat=0.0000000000e+00
KNUTH_SUBTREE root=8246 depth=28 w=2.6438990148e+37 Shat=7.0000000000e+00 Lhat=0.0000000000e+00
KNUTH_SUBTREE root=8247 depth=28 w=2.0885588719e+38 Shat=5.0000000000e+00 Lhat=0.0000000000e+00
KNUTH_SUBTREE root=8248 depth=28 w=2.6631438501e+38 Shat=1.0000000000e+00 Lhat=0.0000000000e+00
KNUTH_SUBTREE root=8249 depth=28 w=8.0313893107e+38 Shat=6.1592000000e+01 Lhat=0.0000000000e+00
KNUTH_SUBTREE root=8250 depth=28 w=1.2351626921e+38 Shat=2.0000000000e+00 Lhat=0.0000000000e+00
KNUTH_SUBTREE root=8251 depth=28 w=1.4961660592e+38 Shat=1.0968000000e+01 Lhat=0.0000000000e+00
KNUTH_SUBTREE root=8252 depth=28 w=2.5692702265e+38 Shat=1.3128000000e+01 Lhat=0.0000000000e+00
KNUTH_SUBTREE root=8253 depth=28 w=1.3868122699e+38 Shat=9.0000000000e+00 Lhat=0.0000000000e+00
KNUTH_SUBTREE root=8254 depth=28 w=4.1415500563e+38 Shat=2.2870000000e+01 Lhat=0.0000000000e+00
KNUTH_SUBTREE root=8255 depth=28 w=3.2248268465e+37 Shat=2.0000000000e+00 Lhat=0.0000000000e+00
KNUTH_SUBTREE root=8256 depth=28 w=3.3190072352e+37 Shat=1.0000000000e+00 Lhat=0.0000000000e+00
KNUTH_SUBTREE root=8257 depth=28 w=1.3939136995e+38 Shat=9.2720000000e+00 Lhat=0.0000000000e+00
KNUTH_SUBTREE root=8258 depth=28 w=4.8976802057e+38 Shat=2.0696000000e+01 Lhat=0.0000000000e+00
KNUTH_SUBTREE root=8259 depth=28 w=8.0365569202e+38 Shat=5.1680000000e+01 Lhat=0.0000000000e+00
KNUTH_SUBTREE root=8260 depth=28 w=0 Shat=0 Lhat=0 dead=1
KNUTH_SUBTREE root=8261 depth=28 w=5.3672282109e+36 Shat=3.0000000000e+00 Lhat=0.0000000000e+00
KNUTH_SUBTREE root=8262 depth=28 w=4.4238467507e+37 Shat=1.0000000000e+00 Lhat=0.0000000000e+00
KNUTH_SUBTREE root=8263 depth=28 w=2.1477201916e+38 Shat=1.8904000000e+01 Lhat=0.0000000000e+00
KNUTH_SUBTREE root=8264 depth=28 w=1.4418971341e+39 Shat=7.0000000000e+00 Lhat=0.0000000000e+00
KNUTH_SUBTREE root=8265 depth=28 w=6.5904552358e+37 Shat=1.0000000000e+00 Lhat=0.0000000000e+00
KNUTH_SUBTREE root=8266 depth=28 w=6.0982057237e+38 Shat=2.4776000000e+01 Lhat=0.0000000000e+00
KNUTH_SUBTREE root=8267 depth=28 w=2.1619745687e+38 Shat=3.9930000000e+01 Lhat=0.0000000000e+00
KNUTH_SUBTREE root=8268 depth=28 w=1.6958116897e+38 Shat=4.0080000000e+00 Lhat=0.0000000000e+00
KNUTH_SUBTREE root=8269 depth=28 w=4.9463473080e+38 Shat=8.4260000000e+01 Lhat=0.0000000000e+00
KNUTH_SUBTREE root=8270 depth=28 w=9.5367039606e+37 Shat=3.0000000000e+00 Lhat=0.0000000000e+00
KNUTH_SUBTREE root=8271 depth=28 w=5.5117816406e+36 Shat=1.0000000000e+00 Lhat=0.0000000000e+00
KNUTH_SUBTREE root=8272 depth=28 w=0 Shat=0 Lhat=0 dead=1
KNUTH_SUBTREE root=8273 depth=28 w=1.8202696162e+39 Shat=1.8880000000e+01 Lhat=0.0000000000e+00
KNUTH_SUBTREE root=8274 depth=28 w=3.1298189825e+37 Shat=3.0000000000e+00 Lhat=0.0000000000e+00
KNUTH_SUBTREE root=8275 depth=28 w=1.3359485197e+39 Shat=6.0280000000e+00 Lhat=0.0000000000e+00
KNUTH_SUBTREE root=8276 depth=28 w=7.3020672353e+38 Shat=7.9840000000e+00 Lhat=0.0000000000e+00
KNUTH_SUBTREE root=8277 depth=28 w=1.1410190660e+39 Shat=1.1875600000e+02 Lhat=0.0000000000e+00
KNUTH_SUBTREE root=8278 depth=28 w=3.8958628969e+38 Shat=4.6864000000e+01 Lhat=0.0000000000e+00
KNUTH_SUBTREE root=8279 depth=28 w=2.0742968031e+39 Shat=2.0352000000e+01 Lhat=0.0000000000e+00
KNUTH_SUBTREE root=8280 depth=28 w=0 Shat=0 Lhat=0 dead=1
KNUTH_SUBTREE root=8281 depth=28 w=1.6611704006e+37 Shat=1.0000000000e+00 Lhat=0.0000000000e+00
KNUTH_SUBTREE root=8282 depth=28 w=4.0656023041e+38 Shat=9.8440000000e+00 Lhat=0.0000000000e+00
KNUTH_SUBTREE root=8283 depth=28 w=3.8544081217e+36 Shat=2.0000000000e+00 Lhat=0.0000000000e+00
KNUTH_SUBTREE root=8284 depth=28 w=3.3742548849e+38 Shat=7.8176000000e+01 Lhat=1.1568000000e+01
KNUTH_SUBTREE root=8285 depth=28 w=6.5379049609e+38 Shat=3.0000000000e+00 Lhat=0.0000000000e+00
KNUTH_SUBTREE root=8286 depth=28 w=3.0721370788e+38 Shat=6.7680000000e+01 Lhat=0.0000000000e+00
KNUTH_SUBTREE root=8287 depth=28 w=8.5906673356e+36 Shat=1.0000000000e+00 Lhat=0.0000000000e+00
KNUTH_SUBTREE root=8288 depth=28 w=9.1768068411e+37 Shat=5.0658000000e+01 Lhat=0.0000000000e+00
KNUTH_SUBTREE root=8289 depth=28 w=7.7053289488e+38 Shat=6.0000000000e+00 Lhat=0.0000000000e+00
KNUTH_SUBTREE root=8290 depth=28 w=2.9924633782e+37 Shat=3.0000000000e+00 Lhat=0.0000000000e+00
KNUTH_SUBTREE root=8291 depth=28 w=2.0345931023e+38 Shat=4.0000000000e+00 Lhat=0.0000000000e+00
KNUTH_SUBTREE root=8292 depth=28 w=7.5233812170e+36 Shat=7.6555000000e+01 Lhat=0.0000000000e+00
KNUTH_SUBTREE root=8293 depth=28 w=6.4156880994e+38 Shat=1.0000000000e+00 Lhat=0.0000000000e+00
KNUTH_SUBTREE root=8294 depth=28 w=4.4718175813e+38 Shat=1.1988000000e+01 Lhat=0.0000000000e+00
KNUTH_SUBTREE root=8295 depth=28 w=0 Shat=0 Lhat=0 dead=1
KNUTH_SUBTREE root=8296 depth=28 w=5.8661317454e+38 Shat=4.2664000000e+01 Lhat=0.0000000000e+00
KNUTH_SUBTREE root=8297 depth=28 w=3.7443633836e+37 Shat=4.0000000000e+00 Lhat=0.0000000000e+00
KNUTH_SUBTREE root=8298 depth=28 w=1.3311788062e+38 Shat=3.0000000000e+00 Lhat=0.0000000000e+00
KNUTH_SUBTREE root=8299 depth=28 w=1.2369675988e+39 Shat=5.2552000000e+01 Lhat=0.0000000000e+00
KNUTH_SUBTREE root=8300 depth=28 w=4.6183725178e+37 Shat=3.0000000000e+00 Lhat=0.0000000000e+00
KNUTH_SUBTREE root=8301 depth=28 w=2.3953138096e+38 Shat=1.1000000000e+01 Lhat=0.0000000000e+00
KNUTH_SUBTREE root=8302 depth=28 w=1.3898309267e+39 Shat=2.7328000000e+01 Lhat=0.0000000000e+00
KNUTH_SUBTREE root=8303 depth=28 w=3.7499194656e+38 Shat=9.0000000000e+00 Lhat=0.0000000000e+00
KNUTH_SUBTREE root=8304 depth=28 w=0 Shat=0 Lhat=0 dead=1
KNUTH_SUBTREE root=8305 depth=28 w=1.2364987308e+39 Shat=1.0000000000e+00 Lhat=0.0000000000e+00
KNUTH_SUBTREE root=8306 depth=28 w=6.7281548538e+36 Shat=2.0000000000e+00 Lhat=0.0000000000e+00
KNUTH_SUBTREE root=8307 depth=28 w=1.7745910581e+38 Shat=1.8976000000e+01 Lhat=0.0000000000e+00
KNUTH_SUBTREE root=8308 depth=28 w=2.2510769987e+39 Shat=1.2776000000e+01 Lhat=0.0000000000e+00
KNUTH_SUBTREE root=8309 depth=28 w=2.8966352154e+38 Shat=4.0000000000e+00 Lhat=0.0000000000e+00
KNUTH_SUBTREE root=8310 depth=28 w=2.9800864489e+38 Shat=3.0000000000e+00 Lhat=0.0000000000e+00
KNUTH_SUBTREE root=8311 depth=28 w=7.8210641110e+38 Shat=1.9104000000e+01 Lhat=0.0000000000e+00
KNUTH_SUBTREE root=8312 depth=28 w=1.1234035899e+38 Shat=3.0000000000e+00 Lhat=0.0000000000e+00
KNUTH_SUBTREE root=8313 depth=28 w=2.8562031481e+38 Shat=7.0000000000e+00 Lhat=0.0000000000e+00
KNUTH_SUBTREE root=8314 depth=28 w=2.3177343223e+38 Shat=7.0000000000e+00 Lhat=0.0000000000e+00
KNUTH_SUBTREE root=8315 depth=28 w=5.2140614405e+38 Shat=3.0000000000e+00 Lhat=0.0000000000e+00
KNUTH_SUBTREE root=8316 depth=28 w=6.7943470866e+38 Shat=6.4392000000e+01 Lhat=0.0000000000e+00
KNUTH_SUBTREE root=8317 depth=28 w=1.9776532527e+38 Shat=5.0000000000e+00 Lhat=0.0000000000e+00
KNUTH_SUBTREE root=8318 depth=28 w=2.2307372495e+37 Shat=1.1444000000e+02 Lhat=0.0000000000e+00
KNUTH_SUBTREE root=8319 depth=28 w=9.0233511137e+36 Shat=1.8552000000e+01 Lhat=0.0000000000e+00
KNUTH_SUBTREE root=8320 depth=28 w=1.7123715120e+39 Shat=7.0560000000e+00 Lhat=0.0000000000e+00
KNUTH_SUBTREE root=8321 depth=28 w=3.4457874036e+37 Shat=1.0000000000e+00 Lhat=0.0000000000e+00
KNUTH_SUBTREE root=8322 depth=28 w=7.8450368448e+37 Shat=3.0000000000e+00 Lhat=0.0000000000e+00
KNUTH_SUBTREE root=8323 depth=28 w=4.8433741063e+38 Shat=3.0000000000e+00 Lhat=0.0000000000e+00
KNUTH_SUBTREE root=8324 depth=28 w=1.7258174365e+39 Shat=9.0000000000e+00 Lhat=0.0000000000e+00
KNUTH_SUBTREE root=8325 depth=28 w=2.6935571388e+38 Shat=4.3651000000e+01 Lhat=0.0000000000e+00
KNUTH_SUBTREE root=8326 depth=28 w=2.9594291697e+38 Shat=7.9420000000e+00 Lhat=0.0000000000e+00
KNUTH_SUBTREE root=8327 depth=28 w=9.6938301525e+37 Shat=3.0000000000e+00 Lhat=0.0000000000e+00
KNUTH_SUBTREE root=8328 depth=28 w=3.9581994979e+38 Shat=1.0000000000e+00 Lhat=0.0000000000e+00
KNUTH_SUBTREE root=8329 depth=28 w=2.5596336999e+36 Shat=1.0000000000e+00 Lhat=0.0000000000e+00
KNUTH_SUBTREE root=8330 depth=28 w=3.4839647181e+38 Shat=5.5866000000e+01 Lhat=0.0000000000e+00
KNUTH_SUBTREE root=8331 depth=28 w=2.6273963200e+39 Shat=6.6250000000e+01 Lhat=0.0000000000e+00
KNUTH_SUBTREE root=8332 depth=28 w=3.0805297011e+38 Shat=3.6344000000e+01 Lhat=0.0000000000e+00
KNUTH_SUBTREE root=8333 depth=28 w=7.7089411649e+37 Shat=1.0000000000e+00 Lhat=0.0000000000e+00
KNUTH_SUBTREE root=8334 depth=28 w=1.0549681374e+38 Shat=1.0000000000e+00 Lhat=0.0000000000e+00
KNUTH_SUBTREE root=8335 depth=28 w=1.8991422375e+38 Shat=1.1970000000e+01 Lhat=0.0000000000e+00
KNUTH_SUBTREE root=8336 depth=28 w=9.2857958381e+38 Shat=3.2100000000e+01 Lhat=0.0000000000e+00
KNUTH_SUBTREE root=8337 depth=28 w=7.0319314304e+38 Shat=9.0160000000e+00 Lhat=0.0000000000e+00
KNUTH_SUBTREE root=8338 depth=28 w=6.5598312957e+38 Shat=7.2994000000e+01 Lhat=0.0000000000e+00
KNUTH_SUBTREE root=8339 depth=28 w=7.4678771814e+37 Shat=3.0000000000e+00 Lhat=0.0000000000e+00
KNUTH_SUBTREE root=8340 depth=28 w=1.9320818003e+38 Shat=1.2016000000e+01 Lhat=0.0000000000e+00
KNUTH_SUBTREE root=8341 depth=28 w=6.1171556786e+37 Shat=1.0000000000e+00 Lhat=0.0000000000e+00
KNUTH_SUBTREE root=8342 depth=28 w=2.9414980734e+38 Shat=3.0000000000e+00 Lhat=0.0000000000e+00
KNUTH_SUBTREE root=8343 depth=28 w=6.1031584428e+37 Shat=1.0000000000e+00 Lhat=0.0000000000e+00
KNUTH_SUBTREE root=8344 depth=28 w=8.7980698743e+36 Shat=1.0000000000e+00 Lhat=0.0000000000e+00
KNUTH_SUBTREE root=8345 depth=28 w=1.2713390758e+38 Shat=3.0000000000e+00 Lhat=0.0000000000e+00
KNUTH_SUBTREE root=8346 depth=28 w=3.6240361711e+38 Shat=5.9800000000e+00 Lhat=0.0000000000e+00
KNUTH_SUBTREE root=8347 depth=28 w=5.2992017602e+37 Shat=6.8480000000e+01 Lhat=0.0000000000e+00
KNUTH_SUBTREE root=8348 depth=28 w=3.8527827908e+37 Shat=1.9000000000e+01 Lhat=0.0000000000e+00
KNUTH_SUBTREE root=8349 depth=28 w=8.2717368351e+36 Shat=1.0000000000e+00 Lhat=0.0000000000e+00
KNUTH_SUBTREE root=8350 depth=28 w=4.1077894944e+38 Shat=1.0000000000e+00 Lhat=0.0000000000e+00
KNUTH_SUBTREE root=8351 depth=28 w=1.2369961480e+38 Shat=1.0000000000e+00 Lhat=0.0000000000e+00
KNUTH_SUBTREE root=8352 depth=28 w=4.4325734912e+38 Shat=5.0000000000e+00 Lhat=0.0000000000e+00
KNUTH_SUBTREE root=8353 depth=28 w=2.9152811441e+38 Shat=6.9700000000e+00 Lhat=0.0000000000e+00
KNUTH_SUBTREE root=8354 depth=28 w=1.2441696831e+37 Shat=1.0000000000e+00 Lhat=0.0000000000e+00
KNUTH_SUBTREE root=8355 depth=28 w=2.3217995349e+37 Shat=2.0000000000e+00 Lhat=0.0000000000e+00
KNUTH_SUBTREE root=8356 depth=28 w=3.1580938363e+38 Shat=1.0000000000e+01 Lhat=0.0000000000e+00
KNUTH_SUBTREE root=8357 depth=28 w=3.3396685925e+38 Shat=4.1668000000e+01 Lhat=0.0000000000e+00
KNUTH_SUBTREE root=8358 depth=28 w=6.2184302302e+36 Shat=5.0000000000e+00 Lhat=0.0000000000e+00
KNUTH_SUBTREE root=8359 depth=28 w=0 Shat=0 Lhat=0 dead=1
KNUTH_SUBTREE root=8360 depth=28 w=2.1932957360e+38 Shat=5.0000000000e+00 Lhat=0.0000000000e+00
KNUTH_SUBTREE root=8361 depth=28 w=1.1642906884e+39 Shat=3.9940000000e+00 Lhat=0.0000000000e+00
KNUTH_SUBTREE root=8362 depth=28 w=2.7161308312e+37 Shat=9.0480000000e+00 Lhat=0.0000000000e+00
KNUTH_SUBTREE root=8363 depth=28 w=3.0944246096e+38 Shat=1.0000000000e+00 Lhat=0.0000000000e+00
KNUTH_SUBTREE root=8364 depth=28 w=1.0470261585e+38 Shat=3.8872000000e+01 Lhat=0.0000000000e+00
KNUTH_SUBTREE root=8365 depth=28 w=1.4465073675e+39 Shat=1.0000000000e+01 Lhat=0.0000000000e+00
KNUTH_SUBTREE root=8366 depth=28 w=8.4445299377e+38 Shat=3.0000000000e+00 Lhat=0.0000000000e+00
KNUTH_SUBTREE root=8367 depth=28 w=2.6451393853e+38 Shat=7.0000000000e+00 Lhat=0.0000000000e+00
KNUTH_SUBTREE root=8368 depth=28 w=3.4092867120e+38 Shat=3.0000000000e+00 Lhat=0.0000000000e+00
KNUTH_SUBTREE root=8369 depth=28 w=5.9597609576e+37 Shat=1.0000000000e+00 Lhat=0.0000000000e+00
KNUTH_SUBTREE root=8370 depth=28 w=4.2655173108e+38 Shat=3.6250000000e+01 Lhat=0.0000000000e+00
KNUTH_SUBTREE root=8371 depth=28 w=1.9489414882e+37 Shat=2.9000000000e+01 Lhat=0.0000000000e+00
KNUTH_SUBTREE root=8372 depth=28 w=1.8921366310e+38 Shat=4.0000000000e+00 Lhat=0.0000000000e+00
KNUTH_SUBTREE root=8373 depth=28 w=1.0558706540e+38 Shat=1.0000000000e+00 Lhat=0.0000000000e+00
KNUTH_SUBTREE root=8374 depth=28 w=0 Shat=0 Lhat=0 dead=1
KNUTH_SUBTREE root=8375 depth=28 w=9.5873286620e+37 Shat=2.0000000000e+00 Lhat=0.0000000000e+00
KNUTH_SUBTREE root=8376 depth=28 w=5.3233440278e+38 Shat=1.3000000000e+01 Lhat=0.0000000000e+00
KNUTH_SUBTREE root=8377 depth=28 w=1.1925757862e+37 Shat=1.0000000000e+00 Lhat=0.0000000000e+00
KNUTH_SUBTREE root=8378 depth=28 w=3.6747663453e+38 Shat=5.0000000000e+00 Lhat=0.0000000000e+00
KNUTH_SUBTREE root=8379 depth=28 w=0 Shat=0 Lhat=0 dead=1
KNUTH_SUBTREE root=8380 depth=28 w=4.6633438914e+38 Shat=9.6496000000e+01 Lhat=0.0000000000e+00
KNUTH_SUBTREE root=8381 depth=28 w=2.4632739120e+39 Shat=2.6344000000e+01 Lhat=0.0000000000e+00
KNUTH_SUBTREE root=8382 depth=28 w=3.9907383716e+38 Shat=3.1220000000e+01 Lhat=0.0000000000e+00
KNUTH_SUBTREE root=8383 depth=28 w=3.7298275397e+38 Shat=4.0180000000e+00 Lhat=0.0000000000e+00
KNUTH_SUBTREE root=8384 depth=28 w=2.1535402722e+38 Shat=3.1000000000e+01 Lhat=0.0000000000e+00
KNUTH_SUBTREE root=8385 depth=28 w=2.9054383066e+39 Shat=3.1065000000e+01 Lhat=0.0000000000e+00
KNUTH_SUBTREE root=8386 depth=28 w=6.7410006046e+38 Shat=6.5374000000e+01 Lhat=0.0000000000e+00
KNUTH_SUBTREE root=8387 depth=28 w=8.6294914109e+38 Shat=1.6672000000e+01 Lhat=0.0000000000e+00
KNUTH_SUBTREE root=8388 depth=28 w=0 Shat=0 Lhat=0 dead=1
KNUTH_SUBTREE root=8389 depth=28 w=2.5995983919e+39 Shat=3.9364000000e+01 Lhat=0.0000000000e+00
KNUTH_SUBTREE root=8390 depth=28 w=1.6357954386e+37 Shat=1.0000000000e+00 Lhat=0.0000000000e+00
KNUTH_SUBTREE root=8391 depth=28 w=4.7464124445e+37 Shat=5.0000000000e+00 Lhat=0.0000000000e+00
KNUTH_SUBTREE root=8392 depth=28 w=2.4487647600e+38 Shat=1.7341000000e+02 Lhat=0.0000000000e+00
KNUTH_SUBTREE root=8393 depth=28 w=1.7264391799e+39 Shat=3.0000000000e+00 Lhat=0.0000000000e+00
KNUTH_SUBTREE root=8394 depth=28 w=3.9482544760e+38 Shat=1.0095400000e+02 Lhat=0.0000000000e+00
KNUTH_SUBTREE root=8395 depth=28 w=4.6768367736e+37 Shat=1.0000000000e+00 Lhat=0.0000000000e+00
KNUTH_SUBTREE root=8396 depth=28 w=2.1134158506e+38 Shat=1.5670000000e+01 Lhat=0.0000000000e+00
KNUTH_SUBTREE root=8397 depth=28 w=1.6456988603e+38 Shat=1.5000000000e+01 Lhat=0.0000000000e+00
KNUTH_SUBTREE root=8398 depth=28 w=3.1581474905e+38 Shat=2.0000000000e+00 Lhat=0.0000000000e+00
KNUTH_SUBTREE root=8399 depth=28 w=2.2400822046e+39 Shat=2.7035000000e+01 Lhat=0.0000000000e+00
KNUTH_SUBTREE root=8400 depth=28 w=0 Shat=0 Lhat=0 dead=1
KNUTH_SUBTREE root=8401 depth=28 w=1.5864158555e+39 Shat=1.3000000000e+01 Lhat=0.0000000000e+00
KNUTH_SUBTREE root=8402 depth=28 w=8.9095044111e+38 Shat=4.1200000000e+01 Lhat=0.0000000000e+00
KNUTH_SUBTREE root=8403 depth=28 w=8.8079402078e+37 Shat=4.0000000000e+00 Lhat=0.0000000000e+00
KNUTH_SUBTREE root=8404 depth=28 w=2.2008784512e+38 Shat=2.3410000000e+01 Lhat=0.0000000000e+00
KNUTH_SUBTREE root=8405 depth=28 w=3.3817790168e+38 Shat=2.3608000000e+01 Lhat=0.0000000000e+00
KNUTH_SUBTREE root=8406 depth=28 w=1.2268899495e+38 Shat=7.9420000000e+00 Lhat=0.0000000000e+00
KNUTH_SUBTREE root=8407 depth=28 w=1.1172830186e+38 Shat=4.0000000000e+00 Lhat=0.0000000000e+00
KNUTH_SUBTREE root=8408 depth=28 w=1.9372073554e+38 Shat=1.3000000000e+01 Lhat=0.0000000000e+00
KNUTH_SUBTREE root=8409 depth=28 w=5.0494478616e+37 Shat=3.0000000000e+00 Lhat=0.0000000000e+00
KNUTH_SUBTREE root=8410 depth=28 w=2.8170393723e+38 Shat=7.0000000000e+00 Lhat=0.0000000000e+00
KNUTH_SUBTREE root=8411 depth=28 w=7.2251281742e+37 Shat=5.0000000000e+00 Lhat=0.0000000000e+00
KNUTH_SUBTREE root=8412 depth=28 w=1.6473927366e+37 Shat=6.0000000000e+00 Lhat=0.0000000000e+00
KNUTH_SUBTREE root=8413 depth=28 w=3.0524077173e+39 Shat=4.9168000000e+01 Lhat=0.0000000000e+00
KNUTH_SUBTREE root=8414 depth=28 w=6.1603838665e+38 Shat=2.7406000000e+02 Lhat=0.0000000000e+00
KNUTH_SUBTREE root=8415 depth=28 w=1.7179189210e+39 Shat=8.1280000000e+00 Lhat=0.0000000000e+00
KNUTH_SUBTREE root=8416 depth=28 w=2.0558822638e+38 Shat=1.0000000000e+00 Lhat=0.0000000000e+00
KNUTH_SUBTREE root=8417 depth=28 w=0 Shat=0 Lhat=0 dead=1
KNUTH_SUBTREE root=8418 depth=28 w=7.4269284187e+38 Shat=1.5236800000e+02 Lhat=0.0000000000e+00
KNUTH_SUBTREE root=8419 depth=28 w=1.7877648255e+39 Shat=1.8035000000e+01 Lhat=0.0000000000e+00
KNUTH_SUBTREE root=8420 depth=28 w=1.5571359681e+39 Shat=1.3171200000e+02 Lhat=0.0000000000e+00
KNUTH_SUBTREE root=8421 depth=28 w=9.7659416302e+36 Shat=1.0000000000e+00 Lhat=0.0000000000e+00
KNUTH_SUBTREE root=8422 depth=28 w=1.1541225579e+38 Shat=2.6489600000e+02 Lhat=0.0000000000e+00
KNUTH_SUBTREE root=8423 depth=28 w=1.0170933645e+37 Shat=3.0000000000e+00 Lhat=0.0000000000e+00
KNUTH_SUBTREE root=8424 depth=28 w=5.9620794757e+38 Shat=1.7788000000e+01 Lhat=0.0000000000e+00
KNUTH_SUBTREE root=8425 depth=28 w=0 Shat=0 Lhat=0 dead=1
KNUTH_SUBTREE root=8426 depth=28 w=9.4080105009e+38 Shat=3.0000000000e+00 Lhat=0.0000000000e+00
KNUTH_SUBTREE root=8427 depth=28 w=2.3774471790e+39 Shat=1.5780000000e+01 Lhat=0.0000000000e+00
KNUTH_SUBTREE root=8428 depth=28 w=2.1791491507e+38 Shat=3.0000000000e+00 Lhat=0.0000000000e+00
KNUTH_SUBTREE root=8429 depth=28 w=5.6293750436e+38 Shat=1.0984000000e+01 Lhat=0.0000000000e+00
KNUTH_SUBTREE root=8430 depth=28 w=4.9399390309e+38 Shat=2.8140000000e+01 Lhat=0.0000000000e+00
KNUTH_SUBTREE root=8431 depth=28 w=8.1230824568e+38 Shat=5.0000000000e+00 Lhat=0.0000000000e+00
KNUTH_SUBTREE root=8432 depth=28 w=1.1019750204e+39 Shat=1.0000000000e+01 Lhat=0.0000000000e+00
KNUTH_SUBTREE root=8433 depth=28 w=7.6616820144e+38 Shat=3.0000000000e+00 Lhat=0.0000000000e+00
KNUTH_SUBTREE root=8434 depth=28 w=2.2126018894e+37 Shat=1.0000000000e+00 Lhat=0.0000000000e+00
KNUTH_SUBTREE root=8435 depth=28 w=2.0239627183e+38 Shat=2.4675000000e+01 Lhat=0.0000000000e+00
KNUTH_SUBTREE root=8436 depth=28 w=1.4155674669e+38 Shat=3.0000000000e+00 Lhat=0.0000000000e+00
KNUTH_SUBTREE root=8437 depth=28 w=3.8292199149e+38 Shat=3.9628000000e+01 Lhat=0.0000000000e+00
KNUTH_SUBTREE root=8438 depth=28 w=2.9934034188e+37 Shat=3.0000000000e+00 Lhat=0.0000000000e+00
KNUTH_SUBTREE root=8439 depth=28 w=2.0642542590e+37 Shat=7.0000000000e+00 Lhat=0.0000000000e+00
KNUTH_SUBTREE root=8440 depth=28 w=1.5416881038e+38 Shat=2.0705000000e+01 Lhat=0.0000000000e+00
KNUTH_SUBTREE root=8441 depth=28 w=1.0024274882e+39 Shat=2.0000000000e+00 Lhat=0.0000000000e+00
KNUTH_SUBTREE root=8442 depth=28 w=0 Shat=0 Lhat=0 dead=1
KNUTH_SUBTREE root=8443 depth=28 w=3.8998898205e+39 Shat=3.8660000000e+01 Lhat=0.0000000000e+00
KNUTH_SUBTREE root=8444 depth=28 w=1.4050264687e+38 Shat=5.8995000000e+01 Lhat=0.0000000000e+00
KNUTH_SUBTREE root=8445 depth=28 w=2.3188173638e+39 Shat=9.1040000000e+00 Lhat=0.0000000000e+00
KNUTH_SUBTREE root=8446 depth=28 w=2.4980506026e+39 Shat=3.3008000000e+01 Lhat=0.0000000000e+00
KNUTH_SUBTREE root=8447 depth=28 w=1.4085627851e+38 Shat=4.0000000000e+00 Lhat=0.0000000000e+00
KNUTH_SUBTREE root=8448 depth=28 w=1.7788235365e+38 Shat=6.2608000000e+01 Lhat=0.0000000000e+00
KNUTH_SUBTREE root=8449 depth=28 w=1.7240299821e+38 Shat=5.5000000000e+01 Lhat=0.0000000000e+00
KNUTH_SUBTREE root=8450 depth=28 w=7.2998407084e+38 Shat=5.7910000000e+01 Lhat=5.2500000000e+00
KNUTH_SUBTREE root=8451 depth=28 w=3.8790116072e+36 Shat=3.0000000000e+00 Lhat=0.0000000000e+00
KNUTH_SUBTREE root=8452 depth=28 w=3.4283240993e+38 Shat=4.8358000000e+01 Lhat=0.0000000000e+00
KNUTH_SUBTREE root=8453 depth=28 w=8.2714854011e+38 Shat=3.5496000000e+01 Lhat=0.0000000000e+00
KNUTH_SUBTREE root=8454 depth=28 w=1.9513314545e+38 Shat=5.0000000000e+00 Lhat=0.0000000000e+00
KNUTH_SUBTREE root=8455 depth=28 w=2.1619634696e+38 Shat=3.0000000000e+00 Lhat=0.0000000000e+00
KNUTH_SUBTREE root=8456 depth=28 w=2.4809307367e+38 Shat=1.0000000000e+01 Lhat=0.0000000000e+00
KNUTH_SUBTREE root=8457 depth=28 w=6.6590680576e+38 Shat=1.0000000000e+00 Lhat=0.0000000000e+00
KNUTH_SUBTREE root=8458 depth=28 w=1.6454556807e+38 Shat=2.0000000000e+00 Lhat=0.0000000000e+00
KNUTH_SUBTREE root=8459 depth=28 w=1.2154702792e+39 Shat=8.5805000000e+01 Lhat=3.5000000000e+00
KNUTH_SUBTREE root=8460 depth=28 w=5.4040460540e+38 Shat=1.0258800000e+02 Lhat=0.0000000000e+00
KNUTH_SUBTREE root=8461 depth=28 w=3.8372257681e+37 Shat=1.0000000000e+00 Lhat=0.0000000000e+00
KNUTH_SUBTREE root=8462 depth=28 w=4.0483716040e+38 Shat=3.0000000000e+00 Lhat=0.0000000000e+00
KNUTH_SUBTREE root=8463 depth=28 w=1.5237810557e+39 Shat=3.0000000000e+00 Lhat=0.0000000000e+00
KNUTH_SUBTREE root=8464 depth=28 w=0 Shat=0 Lhat=0 dead=1
KNUTH_SUBTREE root=8465 depth=28 w=7.7637965912e+38 Shat=1.1926000000e+01 Lhat=0.0000000000e+00
KNUTH_SUBTREE root=8466 depth=28 w=1.3681093036e+39 Shat=3.0000000000e+00 Lhat=0.0000000000e+00
KNUTH_SUBTREE root=8467 depth=28 w=5.5861608287e+38 Shat=5.5056000000e+01 Lhat=0.0000000000e+00
KNUTH_SUBTREE root=8468 depth=28 w=2.0329768906e+37 Shat=1.0000000000e+00 Lhat=0.0000000000e+00
KNUTH_SUBTREE root=8469 depth=28 w=9.5228110002e+38 Shat=2.0000000000e+00 Lhat=0.0000000000e+00
KNUTH_SUBTREE root=8470 depth=28 w=1.5951525852e+37 Shat=7.0000000000e+00 Lhat=0.0000000000e+00
KNUTH_SUBTREE root=8471 depth=28 w=1.3368595593e+39 Shat=3.0000000000e+00 Lhat=0.0000000000e+00
KNUTH_SUBTREE root=8472 depth=28 w=1.6929643388e+38 Shat=1.0000000000e+00 Lhat=0.0000000000e+00
KNUTH_SUBTREE root=8473 depth=28 w=0 Shat=0 Lhat=0 dead=1
KNUTH_SUBTREE root=8474 depth=28 w=1.6059817745e+38 Shat=3.0000000000e+00 Lhat=0.0000000000e+00
KNUTH_SUBTREE root=8475 depth=28 w=8.3059606393e+37 Shat=3.0000000000e+00 Lhat=0.0000000000e+00
KNUTH_SUBTREE root=8476 depth=28 w=1.2054797802e+39 Shat=1.5072000000e+01 Lhat=0.0000000000e+00
KNUTH_SUBTREE root=8477 depth=28 w=8.5918624172e+37 Shat=3.0000000000e+00 Lhat=0.0000000000e+00
KNUTH_SUBTREE root=8478 depth=28 w=8.8465153594e+38 Shat=7.0000000000e+00 Lhat=0.0000000000e+00
KNUTH_SUBTREE root=8479 depth=28 w=6.0842280786e+37 Shat=3.0000000000e+00 Lhat=0.0000000000e+00
KNUTH_SUBTREE root=8480 depth=28 w=1.5706564604e+39 Shat=2.0000000000e+00 Lhat=0.0000000000e+00
KNUTH_SUBTREE root=8481 depth=28 w=3.1771203742e+39 Shat=7.9966000000e+01 Lhat=0.0000000000e+00
KNUTH_SUBTREE root=8482 depth=28 w=2.4496465565e+38 Shat=2.6981600000e+02 Lhat=0.0000000000e+00
KNUTH_SUBTREE root=8483 depth=28 w=6.5212784266e+37 Shat=2.9000000000e+01 Lhat=0.0000000000e+00
KNUTH_SUBTREE root=8484 depth=28 w=1.0259151734e+38 Shat=1.0000000000e+00 Lhat=0.0000000000e+00
KNUTH_SUBTREE root=8485 depth=28 w=1.8768567300e+38 Shat=3.0000000000e+00 Lhat=0.0000000000e+00
KNUTH_SUBTREE root=8486 depth=28 w=1.8341146069e+38 Shat=8.1704000000e+01 Lhat=0.0000000000e+00
KNUTH_SUBTREE root=8487 depth=28 w=5.8972579173e+37 Shat=1.3000000000e+01 Lhat=0.0000000000e+00
KNUTH_SUBTREE root=8488 depth=28 w=2.1114937507e+38 Shat=2.3200000000e+01 Lhat=0.0000000000e+00
KNUTH_SUBTREE root=8489 depth=28 w=3.5857434416e+38 Shat=1.3000000000e+01 Lhat=0.0000000000e+00
KNUTH_SUBTREE root=8490 depth=28 w=1.8808553756e+38 Shat=4.6858000000e+01 Lhat=0.0000000000e+00
KNUTH_SUBTREE root=8491 depth=28 w=0 Shat=0 Lhat=0 dead=1
KNUTH_SUBTREE root=8492 depth=28 w=0 Shat=0 Lhat=0 dead=1
KNUTH_SUBTREE root=8493 depth=28 w=3.2821368550e+38 Shat=5.0910000000e+01 Lhat=0.0000000000e+00
KNUTH_SUBTREE root=8494 depth=28 w=4.8813625393e+37 Shat=4.0000000000e+00 Lhat=0.0000000000e+00
KNUTH_SUBTREE root=8495 depth=28 w=2.7067919188e+37 Shat=1.0000000000e+00 Lhat=0.0000000000e+00
KNUTH_SUBTREE root=8496 depth=28 w=2.9849091321e+36 Shat=3.0000000000e+00 Lhat=0.0000000000e+00
KNUTH_SUBTREE root=8497 depth=28 w=1.7747613945e+39 Shat=5.4128000000e+01 Lhat=0.0000000000e+00
KNUTH_SUBTREE root=8498 depth=28 w=4.6527457942e+38 Shat=7.0000000000e+00 Lhat=0.0000000000e+00
KNUTH_SUBTREE root=8499 depth=28 w=0 Shat=0 Lhat=0 dead=1
KNUTH_SUBTREE root=8500 depth=28 w=1.5540492578e+39 Shat=1.4050000000e+01 Lhat=0.0000000000e+00
KNUTH_SUBTREE root=8501 depth=28 w=1.8626280593e+38 Shat=4.0000000000e+00 Lhat=0.0000000000e+00
KNUTH_SUBTREE root=8502 depth=28 w=1.9071813208e+38 Shat=3.0000000000e+00 Lhat=0.0000000000e+00
KNUTH_SUBTREE root=8503 depth=28 w=7.0245095235e+37 Shat=2.0000000000e+00 Lhat=0.0000000000e+00
KNUTH_SUBTREE root=8504 depth=28 w=1.6020447361e+38 Shat=1.8936000000e+01 Lhat=0.0000000000e+00
KNUTH_SUBTREE root=8505 depth=28 w=0 Shat=0 Lhat=0 dead=1
KNUTH_SUBTREE root=8506 depth=28 w=3.9063878084e+38 Shat=1.9996000000e+01 Lhat=0.0000000000e+00
KNUTH_SUBTREE root=8507 depth=28 w=2.4469223714e+38 Shat=3.0000000000e+00 Lhat=0.0000000000e+00
KNUTH_SUBTREE root=8508 depth=28 w=1.2855562348e+39 Shat=2.2970000000e+01 Lhat=0.0000000000e+00
KNUTH_SUBTREE root=8509 depth=28 w=3.5660876985e+38 Shat=2.9965000000e+01 Lhat=0.0000000000e+00
KNUTH_SUBTREE root=8510 depth=28 w=0 Shat=0 Lhat=0 dead=1
KNUTH_SUBTREE root=8511 depth=28 w=6.5238084305e+38 Shat=1.3000000000e+01 Lhat=0.0000000000e+00
KNUTH_SUBTREE root=8512 depth=28 w=4.3356978265e+38 Shat=6.0000000000e+00 Lhat=0.0000000000e+00
KNUTH_SUBTREE root=8513 depth=28 w=1.0030563593e+39 Shat=1.8916000000e+01 Lhat=0.0000000000e+00
KNUTH_SUBTREE root=8514 depth=28 w=1.9423525730e+39 Shat=5.0000000000e+00 Lhat=0.0000000000e+00
KNUTH_SUBTREE root=8515 depth=28 w=1.8851675128e+39 Shat=4.2076000000e+01 Lhat=0.0000000000e+00
KNUTH_SUBTREE root=8516 depth=28 w=2.5695515107e+37 Shat=1.0000000000e+00 Lhat=0.0000000000e+00
KNUTH_SUBTREE root=8517 depth=28 w=1.9970257096e+38 Shat=4.8418000000e+01 Lhat=0.0000000000e+00
KNUTH_SUBTREE root=8518 depth=28 w=3.1203479664e+38 Shat=3.5504000000e+01 Lhat=0.0000000000e+00
KNUTH_SUBTREE root=8519 depth=28 w=2.5347091245e+39 Shat=2.4544000000e+01 Lhat=0.0000000000e+00
KNUTH_SUBTREE root=8520 depth=28 w=3.8092248686e+38 Shat=6.6000000000e+01 Lhat=0.0000000000e+00
KNUTH_SUBTREE root=8521 depth=28 w=5.4769377645e+37 Shat=1.0000000000e+01 Lhat=0.0000000000e+00
KNUTH_SUBTREE root=8522 depth=28 w=2.4782540615e+38 Shat=3.5224000000e+01 Lhat=0.0000000000e+00
KNUTH_SUBTREE root=8523 depth=28 w=8.9073197246e+37 Shat=1.8832000000e+01 Lhat=0.0000000000e+00
KNUTH_SUBTREE root=8524 depth=28 w=4.0975032735e+38 Shat=3.0000000000e+00 Lhat=0.0000000000e+00
KNUTH_SUBTREE root=8525 depth=28 w=1.0441491629e+39 Shat=9.7008000000e+01 Lhat=0.0000000000e+00
KNUTH_SUBTREE root=8526 depth=28 w=5.0278894062e+38 Shat=5.9920000000e+00 Lhat=0.0000000000e+00
KNUTH_SUBTREE root=8527 depth=28 w=1.2364044542e+39 Shat=5.0000000000e+00 Lhat=0.0000000000e+00
KNUTH_SUBTREE root=8528 depth=28 w=0 Shat=0 Lhat=0 dead=1
KNUTH_SUBTREE root=8529 depth=28 w=5.9318779556e+38 Shat=4.0000000000e+00 Lhat=0.0000000000e+00
KNUTH_SUBTREE root=8530 depth=28 w=1.8643526607e+38 Shat=6.1420000000e+00 Lhat=0.0000000000e+00
KNUTH_SUBTREE root=8531 depth=28 w=6.7362725985e+38 Shat=1.0000000000e+00 Lhat=0.0000000000e+00
KNUTH_SUBTREE root=8532 depth=28 w=1.2549397016e+36 Shat=1.0000000000e+00 Lhat=0.0000000000e+00
KNUTH_SUBTREE root=8533 depth=28 w=2.7237861971e+39 Shat=2.5935000000e+01 Lhat=0.0000000000e+00
KNUTH_SUBTREE root=8534 depth=28 w=0 Shat=0 Lhat=0 dead=1
KNUTH_SUBTREE root=8535 depth=28 w=4.3551592629e+37 Shat=3.0000000000e+00 Lhat=0.0000000000e+00
KNUTH_SUBTREE root=8536 depth=28 w=1.9655765851e+38 Shat=2.1403600000e+02 Lhat=0.0000000000e+00
KNUTH_SUBTREE root=8537 depth=28 w=8.4155569138e+36 Shat=3.0000000000e+00 Lhat=0.0000000000e+00
KNUTH_SUBTREE root=8538 depth=28 w=3.4538923788e+39 Shat=4.0000000000e+00 Lhat=0.0000000000e+00
KNUTH_SUBTREE root=8539 depth=28 w=2.3950981592e+38 Shat=3.9154000000e+01 Lhat=8.1540000000e+00
KNUTH_SUBTREE root=8540 depth=28 w=1.0351220104e+38 Shat=1.0000000000e+00 Lhat=0.0000000000e+00
KNUTH_SUBTREE root=8541 depth=28 w=4.4804979816e+38 Shat=3.1304000000e+01 Lhat=0.0000000000e+00
KNUTH_SUBTREE root=8542 depth=28 w=1.2638874677e+39 Shat=1.3000000000e+01 Lhat=0.0000000000e+00
KNUTH_SUBTREE root=8543 depth=28 w=3.2340373436e+38 Shat=3.6256000000e+01 Lhat=0.0000000000e+00
KNUTH_SUBTREE root=8544 depth=28 w=1.8575304606e+38 Shat=4.0000000000e+00 Lhat=0.0000000000e+00
KNUTH_SUBTREE root=8545 depth=28 w=2.9985134579e+38 Shat=3.3118000000e+01 Lhat=0.0000000000e+00
KNUTH_SUBTREE root=8546 depth=28 w=7.2440167571e+36 Shat=1.0000000000e+00 Lhat=0.0000000000e+00
KNUTH_SUBTREE root=8547 depth=28 w=1.1231798512e+39 Shat=4.6000000000e+01 Lhat=0.0000000000e+00
KNUTH_SUBTREE root=8548 depth=28 w=1.6578587897e+38 Shat=3.7776000000e+01 Lhat=0.0000000000e+00
KNUTH_SUBTREE root=8549 depth=28 w=2.8629840632e+37 Shat=1.0000000000e+00 Lhat=0.0000000000e+00
KNUTH_SUBTREE root=8550 depth=28 w=9.5975205281e+38 Shat=1.0664000000e+01 Lhat=0.0000000000e+00
KNUTH_SUBTREE root=8551 depth=28 w=2.1224049008e+39 Shat=6.0000000000e+00 Lhat=0.0000000000e+00
KNUTH_SUBTREE root=8552 depth=28 w=1.5203552313e+37 Shat=7.0000000000e+00 Lhat=0.0000000000e+00
KNUTH_SUBTREE root=8553 depth=28 w=3.5536148244e+38 Shat=7.0000000000e+00 Lhat=0.0000000000e+00
KNUTH_SUBTREE root=8554 depth=28 w=1.9501239158e+39 Shat=5.8660000000e+01 Lhat=0.0000000000e+00
KNUTH_SUBTREE root=8555 depth=28 w=2.0880233321e+39 Shat=8.0460000000e+00 Lhat=0.0000000000e+00
KNUTH_SUBTREE root=8556 depth=28 w=0 Shat=0 Lhat=0 dead=1
KNUTH_SUBTREE root=8557 depth=28 w=8.9390857918e+37 Shat=5.0000000000e+00 Lhat=0.0000000000e+00
KNUTH_SUBTREE root=8558 depth=28 w=3.1995590629e+38 Shat=3.0000000000e+00 Lhat=0.0000000000e+00
KNUTH_SUBTREE root=8559 depth=28 w=4.8556077233e+37 Shat=1.0000000000e+00 Lhat=0.0000000000e+00
KNUTH_SUBTREE root=8560 depth=28 w=2.7142932557e+38 Shat=5.0000000000e+00 Lhat=0.0000000000e+00
KNUTH_SUBTREE root=8561 depth=28 w=0 Shat=0 Lhat=0 dead=1
KNUTH_SUBTREE root=8562 depth=28 w=3.3842022837e+38 Shat=1.0000000000e+00 Lhat=0.0000000000e+00
KNUTH_SUBTREE root=8563 depth=28 w=1.6021143414e+38 Shat=2.9815000000e+01 Lhat=0.0000000000e+00
KNUTH_SUBTREE root=8564 depth=28 w=1.0303702562e+39 Shat=4.4758000000e+01 Lhat=0.0000000000e+00
KNUTH_SUBTREE root=8565 depth=28 w=1.5029055030e+38 Shat=1.5000000000e+01 Lhat=0.0000000000e+00
KNUTH_SUBTREE root=8566 depth=28 w=6.5411738356e+38 Shat=4.0000000000e+00 Lhat=0.0000000000e+00
KNUTH_SUBTREE root=8567 depth=28 w=2.4494998300e+38 Shat=1.0000000000e+01 Lhat=0.0000000000e+00
KNUTH_SUBTREE root=8568 depth=28 w=2.9922029591e+39 Shat=3.5506000000e+01 Lhat=0.0000000000e+00
KNUTH_SUBTREE root=8569 depth=28 w=4.6728777012e+37 Shat=1.0000000000e+00 Lhat=0.0000000000e+00
KNUTH_SUBTREE root=8570 depth=28 w=9.5703755908e+38 Shat=8.0020000000e+00 Lhat=0.0000000000e+00
KNUTH_SUBTREE root=8571 depth=28 w=4.6296184442e+38 Shat=3.3324000000e+01 Lhat=0.0000000000e+00
KNUTH_SUBTREE root=8572 depth=28 w=1.9807533471e+36 Shat=1.0000000000e+00 Lhat=0.0000000000e+00
KNUTH_SUBTREE root=8573 depth=28 w=2.3942884813e+39 Shat=3.1156000000e+01 Lhat=0.0000000000e+00
KNUTH_SUBTREE root=8574 depth=28 w=0 Shat=0 Lhat=0 dead=1
KNUTH_SUBTREE root=8575 depth=28 w=2.0894161862e+38 Shat=2.0000000000e+00 Lhat=0.0000000000e+00
KNUTH_SUBTREE root=8576 depth=28 w=5.1540249641e+38 Shat=1.1115000000e+02 Lhat=0.0000000000e+00
KNUTH_SUBTREE root=8577 depth=28 w=6.0018737695e+37 Shat=1.0000000000e+00 Lhat=0.0000000000e+00
KNUTH_SUBTREE root=8578 depth=28 w=0 Shat=0 Lhat=0 dead=1
KNUTH_SUBTREE root=8579 depth=28 w=4.8109500642e+38 Shat=2.0000000000e+00 Lhat=0.0000000000e+00
KNUTH_SUBTREE root=8580 depth=28 w=5.0188245069e+37 Shat=1.0000000000e+00 Lhat=0.0000000000e+00
KNUTH_SUBTREE root=8581 depth=28 w=7.3773470564e+38 Shat=5.4448000000e+01 Lhat=0.0000000000e+00
KNUTH_SUBTREE root=8582 depth=28 w=1.3883122480e+38 Shat=9.0640000000e+00 Lhat=0.0000000000e+00
KNUTH_SUBTREE root=8583 depth=28 w=5.4044364348e+38 Shat=1.9705000000e+01 Lhat=0.0000000000e+00
KNUTH_SUBTREE root=8584 depth=28 w=8.1131787821e+38 Shat=6.9230000000e+01 Lhat=0.0000000000e+00
KNUTH_SUBTREE root=8585 depth=28 w=1.3574057780e+38 Shat=1.4370000000e+01 Lhat=0.0000000000e+00
KNUTH_SUBTREE root=8586 depth=28 w=2.0769915728e+38 Shat=5.0000000000e+00 Lhat=0.0000000000e+00
KNUTH_SUBTREE root=8587 depth=28 w=3.4273987730e+39 Shat=3.8722000000e+01 Lhat=0.0000000000e+00
KNUTH_SUBTREE root=8588 depth=28 w=0 Shat=0 Lhat=0 dead=1
KNUTH_SUBTREE root=8589 depth=28 w=2.7243620776e+38 Shat=7.0000000000e+00 Lhat=0.0000000000e+00
KNUTH_SUBTREE root=8590 depth=28 w=7.1660371460e+38 Shat=5.8930000000e+01 Lhat=0.0000000000e+00
KNUTH_SUBTREE root=8591 depth=28 w=1.8546662015e+38 Shat=1.7590000000e+01 Lhat=0.0000000000e+00
KNUTH_SUBTREE root=8592 depth=28 w=2.7353209184e+39 Shat=9.0000000000e+00 Lhat=0.0000000000e+00
KNUTH_SUBTREE root=8593 depth=28 w=7.6022498500e+36 Shat=5.0000000000e+00 Lhat=0.0000000000e+00
KNUTH_SUBTREE root=8594 depth=28 w=7.3093721717e+37 Shat=4.9915000000e+01 Lhat=0.0000000000e+00
KNUTH_SUBTREE root=8595 depth=28 w=9.7001309687e+38 Shat=7.1080000000e+01 Lhat=0.0000000000e+00
KNUTH_SUBTREE root=8596 depth=28 w=6.7640042738e+38 Shat=3.0000000000e+00 Lhat=0.0000000000e+00
KNUTH_SUBTREE root=8597 depth=28 w=1.4179189632e+39 Shat=2.7094000000e+01 Lhat=0.0000000000e+00
KNUTH_SUBTREE root=8598 depth=28 w=1.9682443331e+38 Shat=2.6320000000e+01 Lhat=0.0000000000e+00
KNUTH_SUBTREE root=8599 depth=28 w=5.4483106946e+37 Shat=1.0000000000e+00 Lhat=0.0000000000e+00
KNUTH_SUBTREE root=8600 depth=28 w=2.2741280830e+38 Shat=3.0000000000e+00 Lhat=0.0000000000e+00
KNUTH_SUBTREE root=8601 depth=28 w=2.1632385977e+38 Shat=3.3580000000e+01 Lhat=0.0000000000e+00
KNUTH_SUBTREE root=8602 depth=28 w=1.5378752332e+38 Shat=3.0000000000e+00 Lhat=0.0000000000e+00
KNUTH_SUBTREE root=8603 depth=28 w=1.4303958685e+38 Shat=5.0000000000e+00 Lhat=0.0000000000e+00
KNUTH_SUBTREE root=8604 depth=28 w=1.6205998270e+39 Shat=1.4599600000e+02 Lhat=0.0000000000e+00
KNUTH_SUBTREE root=8605 depth=28 w=3.8752621671e+38 Shat=2.6974000000e+01 Lhat=0.0000000000e+00
KNUTH_SUBTREE root=8606 depth=28 w=9.8459959743e+38 Shat=1.9930000000e+01 Lhat=0.0000000000e+00
KNUTH_SUBTREE root=8607 depth=28 w=6.9019460696e+37 Shat=3.0000000000e+00 Lhat=0.0000000000e+00
KNUTH_SUBTREE root=8608 depth=28 w=1.3674571378e+39 Shat=1.3361000000e+02 Lhat=0.0000000000e+00
KNUTH_SUBTREE root=8609 depth=28 w=1.0046883563e+39 Shat=8.7680000000e+00 Lhat=0.0000000000e+00
KNUTH_SUBTREE root=8610 depth=28 w=0 Shat=0 Lhat=0 dead=1
KNUTH_SUBTREE root=8611 depth=28 w=2.7904610840e+36 Shat=2.0000000000e+00 Lhat=0.0000000000e+00
KNUTH_SUBTREE root=8612 depth=28 w=4.3430976146e+38 Shat=1.3981000000e+01 Lhat=0.0000000000e+00
KNUTH_SUBTREE root=8613 depth=28 w=3.5383105183e+38 Shat=5.1720000000e+01 Lhat=0.0000000000e+00
KNUTH_SUBTREE root=8614 depth=28 w=1.6452219847e+38 Shat=1.0000000000e+00 Lhat=0.0000000000e+00
KNUTH_SUBTREE root=8615 depth=28 w=1.4572921198e+38 Shat=2.3560800000e+02 Lhat=0.0000000000e+00
KNUTH_SUBTREE root=8616 depth=28 w=1.2604111691e+39 Shat=4.0000000000e+00 Lhat=0.0000000000e+00
KNUTH_SUBTREE root=8617 depth=28 w=9.3821397455e+37 Shat=5.0000000000e+00 Lhat=0.0000000000e+00
KNUTH_SUBTREE root=8618 depth=28 w=6.6592902260e+38 Shat=1.3270500000e+02 Lhat=0.0000000000e+00
KNUTH_SUBTREE root=8619 depth=28 w=2.9420151520e+35 Shat=3.0000000000e+00 Lhat=0.0000000000e+00
KNUTH_SUBTREE root=8620 depth=28 w=1.4760862542e+39 Shat=7.0000000000e+00 Lhat=0.0000000000e+00
KNUTH_SUBTREE root=8621 depth=28 w=1.4983568365e+39 Shat=1.8150000000e+01 Lhat=0.0000000000e+00
KNUTH_SUBTREE root=8622 depth=28 w=4.2907213414e+38 Shat=4.0000000000e+00 Lhat=0.0000000000e+00
KNUTH_SUBTREE root=8623 depth=28 w=3.0135126250e+38 Shat=5.0104000000e+01 Lhat=0.0000000000e+00
KNUTH_SUBTREE root=8624 depth=28 w=4.0895716641e+37 Shat=1.0000000000e+00 Lhat=0.0000000000e+00
KNUTH_SUBTREE root=8625 depth=28 w=5.2303698237e+38 Shat=6.7840000000e+00 Lhat=0.0000000000e+00
KNUTH_SUBTREE root=8626 depth=28 w=3.8047328221e+38 Shat=4.6152000000e+01 Lhat=0.0000000000e+00
KNUTH_SUBTREE root=8627 depth=28 w=7.5808107204e+38 Shat=8.9140000000e+01 Lhat=0.0000000000e+00
KNUTH_SUBTREE root=8628 depth=28 w=1.0189930125e+39 Shat=4.0000000000e+00 Lhat=0.0000000000e+00
KNUTH_SUBTREE root=8629 depth=28 w=1.7488638668e+39 Shat=6.0000000000e+00 Lhat=0.0000000000e+00
KNUTH_SUBTREE root=8630 depth=28 w=2.0366178656e+38 Shat=1.0920000000e+01 Lhat=0.0000000000e+00
KNUTH_SUBTREE root=8631 depth=28 w=7.8823179875e+38 Shat=3.4570000000e+01 Lhat=0.0000000000e+00
KNUTH_SUBTREE root=8632 depth=28 w=4.8489734103e+37 Shat=1.0000000000e+00 Lhat=0.0000000000e+00
KNUTH_SUBTREE root=8633 depth=28 w=2.7040225762e+38 Shat=7.9960000000e+00 Lhat=0.0000000000e+00
KNUTH_SUBTREE root=8634 depth=28 w=1.0304385881e+39 Shat=2.6200000000e+01 Lhat=0.0000000000e+00
KNUTH_SUBTREE root=8635 depth=28 w=2.3870725564e+38 Shat=1.0000000000e+00 Lhat=0.0000000000e+00
KNUTH_SUBTREE root=8636 depth=28 w=7.2953826925e+38 Shat=8.9600000000e+00 Lhat=0.0000000000e+00
KNUTH_SUBTREE root=8637 depth=28 w=5.1468363271e+38 Shat=8.5231000000e+01 Lhat=0.0000000000e+00
KNUTH_SUBTREE root=8638 depth=28 w=1.5514676864e+36 Shat=2.0000000000e+00 Lhat=0.0000000000e+00
KNUTH_SUBTREE root=8639 depth=28 w=2.2965324938e+38 Shat=1.7014800000e+02 Lhat=0.0000000000e+00
KNUTH_SUBTREE root=8640 depth=28 w=1.2639122953e+39 Shat=9.0000000000e+00 Lhat=0.0000000000e+00
KNUTH_SUBTREE root=8641 depth=28 w=2.6375918492e+39 Shat=5.6140000000e+01 Lhat=0.0000000000e+00
KNUTH_SUBTREE root=8642 depth=28 w=1.4678017927e+39 Shat=1.6036000000e+01 Lhat=0.0000000000e+00
KNUTH_SUBTREE root=8643 depth=28 w=6.5048003682e+37 Shat=3.0000000000e+00 Lhat=0.0000000000e+00
KNUTH_SUBTREE root=8644 depth=28 w=6.3196468847e+38 Shat=4.3855000000e+01 Lhat=0.0000000000e+00
KNUTH_SUBTREE root=8645 depth=28 w=1.6398838376e+38 Shat=1.3000000000e+01 Lhat=0.0000000000e+00
KNUTH_SUBTREE root=8646 depth=28 w=3.6917357834e+38 Shat=3.8240000000e+01 Lhat=0.0000000000e+00
KNUTH_SUBTREE root=8647 depth=28 w=1.5419487271e+38 Shat=9.4856000000e+01 Lhat=0.0000000000e+00
KNUTH_SUBTREE root=8648 depth=28 w=1.2904859799e+39 Shat=5.0000000000e+00 Lhat=0.0000000000e+00
KNUTH_SUBTREE root=8649 depth=28 w=3.5173793357e+37 Shat=1.0000000000e+00 Lhat=0.0000000000e+00
KNUTH_SUBTREE root=8650 depth=28 w=1.9302821995e+38 Shat=1.0000000000e+00 Lhat=0.0000000000e+00
KNUTH_SUBTREE root=8651 depth=28 w=1.8134882444e+38 Shat=1.0000000000e+01 Lhat=0.0000000000e+00
KNUTH_SUBTREE root=8652 depth=28 w=4.6964288556e+37 Shat=1.0000000000e+00 Lhat=0.0000000000e+00
KNUTH_SUBTREE root=8653 depth=28 w=5.1442613056e+38 Shat=2.0143200000e+02 Lhat=0.0000000000e+00
KNUTH_SUBTREE root=8654 depth=28 w=2.6694234776e+39 Shat=6.2644000000e+01 Lhat=0.0000000000e+00
KNUTH_SUBTREE root=8655 depth=28 w=0 Shat=0 Lhat=0 dead=1
KNUTH_SUBTREE root=8656 depth=28 w=1.0358226736e+38 Shat=1.0000000000e+00 Lhat=0.0000000000e+00
KNUTH_SUBTREE root=8657 depth=28 w=2.3471099472e+39 Shat=1.5694000000e+01 Lhat=0.0000000000e+00
KNUTH_SUBTREE root=8658 depth=28 w=1.2951324097e+39 Shat=5.8975000000e+01 Lhat=0.0000000000e+00
KNUTH_SUBTREE root=8659 depth=28 w=2.8840566108e+38 Shat=3.4164000000e+01 Lhat=0.0000000000e+00
KNUTH_SUBTREE root=8660 depth=28 w=1.6663068903e+38 Shat=1.3000000000e+01 Lhat=0.0000000000e+00
KNUTH_SUBTREE root=8661 depth=28 w=4.9188222747e+38 Shat=3.0000000000e+00 Lhat=0.0000000000e+00
KNUTH_SUBTREE root=8662 depth=28 w=3.2174728502e+38 Shat=4.0000000000e+00 Lhat=0.0000000000e+00
KNUTH_SUBTREE root=8663 depth=28 w=2.6575185841e+38 Shat=1.3000000000e+01 Lhat=0.0000000000e+00
KNUTH_SUBTREE root=8664 depth=28 w=4.5876804688e+38 Shat=1.3000000000e+01 Lhat=0.0000000000e+00
KNUTH_SUBTREE root=8665 depth=28 w=6.0364014928e+38 Shat=9.3456000000e+01 Lhat=0.0000000000e+00
KNUTH_SUBTREE root=8666 depth=28 w=4.4944980832e+38 Shat=3.9340000000e+00 Lhat=0.0000000000e+00
KNUTH_SUBTREE root=8667 depth=28 w=8.9729248718e+37 Shat=6.8554000000e+01 Lhat=0.0000000000e+00
KNUTH_SUBTREE root=8668 depth=28 w=1.2745373298e+39 Shat=5.3962000000e+01 Lhat=0.0000000000e+00
KNUTH_SUBTREE root=8669 depth=28 w=3.1959472394e+37 Shat=1.0000000000e+00 Lhat=0.0000000000e+00
KNUTH_SUBTREE root=8670 depth=28 w=2.8818542880e+39 Shat=3.0000000000e+00 Lhat=0.0000000000e+00
KNUTH_SUBTREE root=8671 depth=28 w=3.0625655584e+36 Shat=3.0000000000e+00 Lhat=0.0000000000e+00
KNUTH_SUBTREE root=8672 depth=28 w=7.2294480047e+38 Shat=2.3776000000e+01 Lhat=0.0000000000e+00
KNUTH_SUBTREE root=8673 depth=28 w=1.7797076387e+38 Shat=2.0000000000e+00 Lhat=0.0000000000e+00
KNUTH_SUBTREE root=8674 depth=28 w=4.0889953782e+38 Shat=5.0000000000e+00 Lhat=0.0000000000e+00
KNUTH_SUBTREE root=8675 depth=28 w=1.6735608485e+38 Shat=3.0000000000e+00 Lhat=0.0000000000e+00
KNUTH_SUBTREE root=8676 depth=28 w=5.1454327802e+37 Shat=4.1293000000e+01 Lhat=0.0000000000e+00
KNUTH_SUBTREE root=8677 depth=28 w=3.6404464639e+38 Shat=1.0000000000e+00 Lhat=0.0000000000e+00
KNUTH_SUBTREE root=8678 depth=28 w=3.6744022804e+38 Shat=1.8070000000e+01 Lhat=0.0000000000e+00
KNUTH_SUBTREE root=8679 depth=28 w=9.4464002642e+37 Shat=3.0000000000e+00 Lhat=0.0000000000e+00
KNUTH_SUBTREE root=8680 depth=28 w=0 Shat=0 Lhat=0 dead=1
KNUTH_SUBTREE root=8681 depth=28 w=9.8497771628e+38 Shat=3.0000000000e+00 Lhat=0.0000000000e+00
KNUTH_SUBTREE root=8682 depth=28 w=1.7481874648e+34 Shat=1.0000000000e+00 Lhat=0.0000000000e+00
KNUTH_SUBTREE root=8683 depth=28 w=2.1536657833e+38 Shat=4.0000000000e+00 Lhat=0.0000000000e+00
KNUTH_SUBTREE root=8684 depth=28 w=6.8824216410e+38 Shat=3.0000000000e+00 Lhat=0.0000000000e+00
KNUTH_SUBTREE root=8685 depth=28 w=3.2604939496e+37 Shat=4.0000000000e+00 Lhat=0.0000000000e+00
KNUTH_SUBTREE root=8686 depth=28 w=1.0326640420e+38 Shat=1.7000000000e+01 Lhat=0.0000000000e+00
KNUTH_SUBTREE root=8687 depth=28 w=1.3066244486e+38 Shat=1.0000000000e+00 Lhat=0.0000000000e+00
KNUTH_SUBTREE root=8688 depth=28 w=2.0056637656e+37 Shat=1.0000000000e+00 Lhat=0.0000000000e+00
KNUTH_SUBTREE root=8689 depth=28 w=2.7721344025e+38 Shat=1.7000000000e+01 Lhat=0.0000000000e+00
KNUTH_SUBTREE root=8690 depth=28 w=2.3720161885e+38 Shat=1.0000000000e+00 Lhat=0.0000000000e+00
KNUTH_SUBTREE root=8691 depth=28 w=8.2456795224e+38 Shat=6.1448000000e+01 Lhat=0.0000000000e+00
KNUTH_SUBTREE root=8692 depth=28 w=5.0932549539e+38 Shat=1.0000000000e+00 Lhat=0.0000000000e+00
KNUTH_SUBTREE root=8693 depth=28 w=6.3811026560e+38 Shat=1.5088000000e+01 Lhat=0.0000000000e+00
KNUTH_SUBTREE root=8694 depth=28 w=4.4684836326e+38 Shat=1.0000000000e+00 Lhat=0.0000000000e+00
KNUTH_SUBTREE root=8695 depth=28 w=7.7514186768e+36 Shat=1.0000000000e+00 Lhat=0.0000000000e+00
KNUTH_SUBTREE root=8696 depth=28 w=1.9672227769e+39 Shat=2.8796000000e+01 Lhat=0.0000000000e+00
KNUTH_SUBTREE root=8697 depth=28 w=1.3543077745e+38 Shat=2.0000000000e+00 Lhat=0.0000000000e+00
KNUTH_SUBTREE root=8698 depth=28 w=7.5768833319e+37 Shat=3.0000000000e+00 Lhat=0.0000000000e+00
KNUTH_SUBTREE root=8699 depth=28 w=4.1018844723e+38 Shat=1.3000000000e+01 Lhat=0.0000000000e+00
KNUTH_SUBTREE root=8700 depth=28 w=7.9115281226e+37 Shat=3.0000000000e+00 Lhat=0.0000000000e+00
KNUTH_SUBTREE root=8701 depth=28 w=0 Shat=0 Lhat=0 dead=1
KNUTH_SUBTREE root=8702 depth=28 w=1.0344160979e+39 Shat=3.0000000000e+00 Lhat=0.0000000000e+00
KNUTH_SUBTREE root=8703 depth=28 w=5.0779826793e+38 Shat=1.0000000000e+00 Lhat=0.0000000000e+00
KNUTH_SUBTREE root=8704 depth=28 w=3.1292584379e+37 Shat=9.0000000000e+00 Lhat=0.0000000000e+00
KNUTH_SUBTREE root=8705 depth=28 w=1.3825069106e+38 Shat=2.0000000000e+00 Lhat=0.0000000000e+00
KNUTH_SUBTREE root=8706 depth=28 w=2.4477211245e+39 Shat=3.7435000000e+01 Lhat=0.0000000000e+00
KNUTH_SUBTREE root=8707 depth=28 w=3.6802976620e+38 Shat=1.1084000000e+01 Lhat=0.0000000000e+00
KNUTH_SUBTREE root=8708 depth=28 w=4.4349838941e+36 Shat=1.0000000000e+00 Lhat=0.0000000000e+00
KNUTH_SUBTREE root=8709 depth=28 w=7.5131990532e+37 Shat=1.0000000000e+00 Lhat=0.0000000000e+00
KNUTH_SUBTREE root=8710 depth=28 w=4.7794167832e+38 Shat=4.8136000000e+01 Lhat=0.0000000000e+00
KNUTH_SUBTREE root=8711 depth=28 w=6.9214494046e+36 Shat=2.5050000000e+01 Lhat=0.0000000000e+00
KNUTH_SUBTREE root=8712 depth=28 w=4.6930779406e+36 Shat=1.0000000000e+00 Lhat=0.0000000000e+00
KNUTH_SUBTREE root=8713 depth=28 w=2.7989514145e+38 Shat=4.1208000000e+01 Lhat=0.0000000000e+00
KNUTH_SUBTREE root=8714 depth=28 w=9.6662613558e+37 Shat=3.0000000000e+00 Lhat=0.0000000000e+00
KNUTH_SUBTREE root=8715 depth=28 w=0 Shat=0 Lhat=0 dead=1
KNUTH_SUBTREE root=8716 depth=28 w=0 Shat=0 Lhat=0 dead=1
KNUTH_SUBTREE root=8717 depth=28 w=6.9845975376e+38 Shat=1.3000000000e+01 Lhat=0.0000000000e+00
KNUTH_SUBTREE root=8718 depth=28 w=3.4103565641e+38 Shat=8.8906000000e+01 Lhat=0.0000000000e+00
KNUTH_SUBTREE root=8719 depth=28 w=2.9522744090e+38 Shat=1.3010000000e+01 Lhat=0.0000000000e+00
KNUTH_SUBTREE root=8720 depth=28 w=3.2408463609e+39 Shat=1.3201600000e+02 Lhat=0.0000000000e+00
KNUTH_SUBTREE root=8721 depth=28 w=2.2099043209e+38 Shat=7.0000000000e+00 Lhat=0.0000000000e+00
KNUTH_SUBTREE root=8722 depth=28 w=3.8624531399e+38 Shat=3.0000000000e+00 Lhat=0.0000000000e+00
KNUTH_SUBTREE root=8723 depth=28 w=2.8188284251e+39 Shat=6.0000000000e+00 Lhat=0.0000000000e+00
KNUTH_SUBTREE root=8724 depth=28 w=8.0583694870e+38 Shat=3.0760000000e+01 Lhat=0.0000000000e+00
KNUTH_SUBTREE root=8725 depth=28 w=0 Shat=0 Lhat=0 dead=1
KNUTH_SUBTREE root=8726 depth=28 w=5.5844873193e+37 Shat=3.0000000000e+00 Lhat=0.0000000000e+00
KNUTH_SUBTREE root=8727 depth=28 w=1.7641274373e+37 Shat=4.0000000000e+00 Lhat=0.0000000000e+00
KNUTH_SUBTREE root=8728 depth=28 w=1.5319365754e+37 Shat=3.0000000000e+00 Lhat=0.0000000000e+00
KNUTH_SUBTREE root=8729 depth=28 w=4.9049710309e+38 Shat=2.3368000000e+01 Lhat=0.0000000000e+00
KNUTH_SUBTREE root=8730 depth=28 w=2.3704418569e+39 Shat=1.3815000000e+01 Lhat=0.0000000000e+00
KNUTH_SUBTREE root=8731 depth=28 w=6.2902347847e+38 Shat=4.1166000000e+01 Lhat=0.0000000000e+00
KNUTH_SUBTREE root=8732 depth=28 w=4.1559431745e+38 Shat=1.9984000000e+01 Lhat=0.0000000000e+00
KNUTH_SUBTREE root=8733 depth=28 w=1.8713606212e+39 Shat=3.0000000000e+00 Lhat=0.0000000000e+00
KNUTH_SUBTREE root=8734 depth=28 w=1.4296275508e+39 Shat=3.2896000000e+01 Lhat=0.0000000000e+00
KNUTH_SUBTREE root=8735 depth=28 w=1.8844133071e+38 Shat=3.0000000000e+00 Lhat=0.0000000000e+00
KNUTH_SUBTREE root=8736 depth=28 w=1.6271527682e+38 Shat=1.8015000000e+01 Lhat=0.0000000000e+00
KNUTH_SUBTREE root=8737 depth=28 w=1.7000357100e+38 Shat=3.6184000000e+01 Lhat=0.0000000000e+00
KNUTH_SUBTREE root=8738 depth=28 w=4.5665308389e+36 Shat=1.0000000000e+00 Lhat=0.0000000000e+00
KNUTH_SUBTREE root=8739 depth=28 w=7.7859738594e+37 Shat=3.0000000000e+00 Lhat=0.0000000000e+00
KNUTH_SUBTREE root=8740 depth=28 w=2.1102743895e+38 Shat=1.3000000000e+01 Lhat=0.0000000000e+00
KNUTH_SUBTREE root=8741 depth=28 w=1.8447893333e+38 Shat=3.1830000000e+01 Lhat=0.0000000000e+00
KNUTH_SUBTREE root=8742 depth=28 w=2.2829437859e+38 Shat=7.0000000000e+00 Lhat=0.0000000000e+00
KNUTH_SUBTREE root=8743 depth=28 w=9.3717896274e+36 Shat=1.0000000000e+00 Lhat=0.0000000000e+00
KNUTH_SUBTREE root=8744 depth=28 w=0 Shat=0 Lhat=0 dead=1
KNUTH_SUBTREE root=8745 depth=28 w=4.0415272400e+38 Shat=1.8376000000e+01 Lhat=0.0000000000e+00
KNUTH_SUBTREE root=8746 depth=28 w=4.4977696883e+38 Shat=7.8440000000e+01 Lhat=0.0000000000e+00
KNUTH_SUBTREE root=8747 depth=28 w=5.1578975656e+37 Shat=1.0000000000e+00 Lhat=0.0000000000e+00
KNUTH_SUBTREE root=8748 depth=28 w=3.2932135103e+37 Shat=5.0000000000e+00 Lhat=0.0000000000e+00
KNUTH_SUBTREE root=8749 depth=28 w=4.6746322584e+38 Shat=1.2343000000e+01 Lhat=0.0000000000e+00
KNUTH_SUBTREE root=8750 depth=28 w=2.0616148939e+38 Shat=4.0000000000e+00 Lhat=0.0000000000e+00
KNUTH_SUBTREE root=8751 depth=28 w=3.9956867927e+38 Shat=3.5104000000e+01 Lhat=0.0000000000e+00
KNUTH_SUBTREE root=8752 depth=28 w=0 Shat=0 Lhat=0 dead=1
KNUTH_SUBTREE root=8753 depth=28 w=3.0287312201e+36 Shat=1.0000000000e+00 Lhat=0.0000000000e+00
KNUTH_SUBTREE root=8754 depth=28 w=1.2809386895e+39 Shat=1.0042000000e+01 Lhat=0.0000000000e+00
KNUTH_SUBTREE root=8755 depth=28 w=8.5364334461e+38 Shat=2.6848000000e+01 Lhat=0.0000000000e+00
KNUTH_SUBTREE root=8756 depth=28 w=6.1555630996e+38 Shat=1.0980000000e+01 Lhat=0.0000000000e+00
KNUTH_SUBTREE root=8757 depth=28 w=0 Shat=0 Lhat=0 dead=1
KNUTH_SUBTREE root=8758 depth=28 w=2.3134418612e+38 Shat=1.0000000000e+00 Lhat=0.0000000000e+00
KNUTH_SUBTREE root=8759 depth=28 w=1.2670665865e+38 Shat=3.3240000000e+01 Lhat=0.0000000000e+00
KNUTH_SUBTREE root=8760 depth=28 w=1.6125752331e+38 Shat=1.0966000000e+01 Lhat=0.0000000000e+00
KNUTH_SUBTREE root=8761 depth=28 w=2.4307216111e+38 Shat=2.0276000000e+01 Lhat=0.0000000000e+00
KNUTH_SUBTREE root=8762 depth=28 w=0 Shat=0 Lhat=0 dead=1
KNUTH_SUBTREE root=8763 depth=28 w=8.6167925104e+37 Shat=1.0000000000e+00 Lhat=0.0000000000e+00
KNUTH_SUBTREE root=8764 depth=28 w=0 Shat=0 Lhat=0 dead=1
KNUTH_SUBTREE root=8765 depth=28 w=2.7705770677e+38 Shat=1.3000000000e+01 Lhat=0.0000000000e+00
KNUTH_SUBTREE root=8766 depth=28 w=2.4764264427e+38 Shat=8.0860000000e+00 Lhat=0.0000000000e+00
KNUTH_SUBTREE root=8767 depth=28 w=0 Shat=0 Lhat=0 dead=1
KNUTH_SUBTREE root=8768 depth=28 w=3.2269241104e+39 Shat=7.0000000000e+00 Lhat=0.0000000000e+00
KNUTH_SUBTREE root=8769 depth=28 w=5.7411410610e+37 Shat=3.0000000000e+00 Lhat=0.0000000000e+00
KNUTH_SUBTREE root=8770 depth=28 w=7.9973266541e+36 Shat=1.0000000000e+00 Lhat=0.0000000000e+00
KNUTH_SUBTREE root=8771 depth=28 w=6.7696403341e+38 Shat=8.8720000000e+00 Lhat=0.0000000000e+00
KNUTH_SUBTREE root=8772 depth=28 w=3.5974780153e+38 Shat=7.0000000000e+00 Lhat=0.0000000000e+00
KNUTH_SUBTREE root=8773 depth=28 w=2.2993629459e+38 Shat=1.5924000000e+01 Lhat=0.0000000000e+00
KNUTH_SUBTREE root=8774 depth=28 w=8.1092451641e+37 Shat=5.0000000000e+00 Lhat=0.0000000000e+00
KNUTH_SUBTREE root=8775 depth=28 w=1.8867752762e+38 Shat=2.0000000000e+00 Lhat=0.0000000000e+00
KNUTH_SUBTREE root=8776 depth=28 w=9.4769721227e+36 Shat=1.0000000000e+00 Lhat=0.0000000000e+00
KNUTH_SUBTREE root=8777 depth=28 w=1.5500134563e+36 Shat=1.0000000000e+00 Lhat=0.0000000000e+00
KNUTH_SUBTREE root=8778 depth=28 w=8.1476599994e+38 Shat=7.0000000000e+00 Lhat=0.0000000000e+00
KNUTH_SUBTREE root=8779 depth=28 w=1.1823300838e+39 Shat=7.5844000000e+01 Lhat=0.0000000000e+00
KNUTH_SUBTREE root=8780 depth=28 w=1.3240744537e+38 Shat=2.0000000000e+00 Lhat=0.0000000000e+00
KNUTH_SUBTREE root=8781 depth=28 w=8.5640538839e+38 Shat=1.0000000000e+01 Lhat=0.0000000000e+00
KNUTH_SUBTREE root=8782 depth=28 w=3.3748885260e+37 Shat=4.0000000000e+00 Lhat=0.0000000000e+00
KNUTH_SUBTREE root=8783 depth=28 w=2.3257519735e+38 Shat=1.7256000000e+01 Lhat=0.0000000000e+00
KNUTH_SUBTREE root=8784 depth=28 w=1.8073596635e+39 Shat=3.6000000000e+01 Lhat=0.0000000000e+00
KNUTH_SUBTREE root=8785 depth=28 w=3.8284350482e+38 Shat=6.7367000000e+01 Lhat=0.0000000000e+00
KNUTH_SUBTREE root=8786 depth=28 w=4.7966505717e+38 Shat=1.0000000000e+00 Lhat=0.0000000000e+00
KNUTH_SUBTREE root=8787 depth=28 w=4.9740416077e+38 Shat=2.0000000000e+00 Lhat=0.0000000000e+00
KNUTH_SUBTREE root=8788 depth=28 w=3.6517651411e+38 Shat=4.0000000000e+00 Lhat=0.0000000000e+00
KNUTH_SUBTREE root=8789 depth=28 w=2.2827582130e+38 Shat=1.9025000000e+01 Lhat=0.0000000000e+00
KNUTH_SUBTREE root=8790 depth=28 w=9.3664062804e+38 Shat=4.0000000000e+00 Lhat=0.0000000000e+00
KNUTH_SUBTREE root=8791 depth=28 w=5.5763737627e+38 Shat=9.1216000000e+01 Lhat=0.0000000000e+00
KNUTH_SUBTREE root=8792 depth=28 w=1.4181509618e+37 Shat=5.0000000000e+00 Lhat=0.0000000000e+00
KNUTH_SUBTREE root=8793 depth=28 w=2.6744166976e+38 Shat=3.0000000000e+00 Lhat=0.0000000000e+00
KNUTH_SUBTREE root=8794 depth=28 w=1.5429392850e+38 Shat=1.1000000000e+01 Lhat=0.0000000000e+00
KNUTH_SUBTREE root=8795 depth=28 w=2.9057579165e+38 Shat=2.0000000000e+00 Lhat=0.0000000000e+00
KNUTH_SUBTREE root=8796 depth=28 w=8.5602441124e+38 Shat=3.0000000000e+00 Lhat=0.0000000000e+00
KNUTH_SUBTREE root=8797 depth=28 w=1.7180546560e+38 Shat=5.3915000000e+01 Lhat=0.0000000000e+00
KNUTH_SUBTREE root=8798 depth=28 w=3.9727718318e+38 Shat=3.0000000000e+00 Lhat=0.0000000000e+00
KNUTH_SUBTREE root=8799 depth=28 w=2.2934222551e+39 Shat=2.0000000000e+00 Lhat=0.0000000000e+00
KNUTH_SUBTREE root=8800 depth=28 w=1.9208907286e+38 Shat=3.0000000000e+00 Lhat=0.0000000000e+00
KNUTH_SUBTREE root=8801 depth=28 w=2.1620957547e+38 Shat=3.0000000000e+00 Lhat=0.0000000000e+00
KNUTH_SUBTREE root=8802 depth=28 w=2.7640361002e+38 Shat=8.9208000000e+01 Lhat=0.0000000000e+00
KNUTH_SUBTREE root=8803 depth=28 w=4.5575984196e+38 Shat=2.3940000000e+01 Lhat=0.0000000000e+00
KNUTH_SUBTREE root=8804 depth=28 w=7.3032278104e+38 Shat=6.1980000000e+01 Lhat=0.0000000000e+00
KNUTH_SUBTREE root=8805 depth=28 w=3.9489672120e+38 Shat=3.0000000000e+00 Lhat=0.0000000000e+00
KNUTH_SUBTREE root=8806 depth=28 w=1.2016885726e+39 Shat=1.6904000000e+02 Lhat=0.0000000000e+00
KNUTH_SUBTREE root=8807 depth=28 w=1.9478868647e+39 Shat=4.7512000000e+01 Lhat=0.0000000000e+00
KNUTH_SUBTREE root=8808 depth=28 w=7.4592585430e+37 Shat=4.0000000000e+00 Lhat=0.0000000000e+00
KNUTH_SUBTREE root=8809 depth=28 w=6.2896787334e+37 Shat=7.0000000000e+00 Lhat=0.0000000000e+00
KNUTH_SUBTREE root=8810 depth=28 w=3.4424146507e+36 Shat=1.0000000000e+00 Lhat=0.0000000000e+00
KNUTH_SUBTREE root=8811 depth=28 w=9.0340553249e+38 Shat=2.0000000000e+00 Lhat=0.0000000000e+00
KNUTH_SUBTREE root=8812 depth=28 w=5.0053449068e+38 Shat=2.0000000000e+00 Lhat=0.0000000000e+00
KNUTH_SUBTREE root=8813 depth=28 w=0 Shat=0 Lhat=0 dead=1
KNUTH_SUBTREE root=8814 depth=28 w=4.6513356744e+38 Shat=9.0980000000e+01 Lhat=0.0000000000e+00
KNUTH_SUBTREE root=8815 depth=28 w=4.8344883435e+38 Shat=1.0000000000e+00 Lhat=0.0000000000e+00
KNUTH_SUBTREE root=8816 depth=28 w=6.4888743905e+38 Shat=3.1600000000e+01 Lhat=0.0000000000e+00
KNUTH_SUBTREE root=8817 depth=28 w=3.8079772003e+38 Shat=3.0000000000e+00 Lhat=0.0000000000e+00
KNUTH_SUBTREE root=8818 depth=28 w=9.4057317878e+38 Shat=3.0000000000e+00 Lhat=0.0000000000e+00
KNUTH_SUBTREE root=8819 depth=28 w=3.7236874325e+38 Shat=2.0000000000e+00 Lhat=0.0000000000e+00
KNUTH_SUBTREE root=8820 depth=28 w=1.1709098460e+39 Shat=8.3677000000e+01 Lhat=0.0000000000e+00
KNUTH_SUBTREE root=8821 depth=28 w=7.8990943026e+37 Shat=3.0000000000e+00 Lhat=0.0000000000e+00
KNUTH_SUBTREE root=8822 depth=28 w=4.4279203190e+38 Shat=1.1048000000e+01 Lhat=0.0000000000e+00
KNUTH_SUBTREE root=8823 depth=28 w=5.4973014737e+37 Shat=1.0000000000e+00 Lhat=0.0000000000e+00
KNUTH_SUBTREE root=8824 depth=28 w=1.0616010224e+38 Shat=2.0000000000e+00 Lhat=0.0000000000e+00
KNUTH_SUBTREE root=8825 depth=28 w=4.5865937946e+38 Shat=1.0000000000e+01 Lhat=0.0000000000e+00
KNUTH_SUBTREE root=8826 depth=28 w=6.6270954082e+38 Shat=4.0200000000e+00 Lhat=0.0000000000e+00
KNUTH_SUBTREE root=8827 depth=28 w=6.4406766832e+38 Shat=2.2840000000e+01 Lhat=0.0000000000e+00
KNUTH_SUBTREE root=8828 depth=28 w=1.0649438854e+39 Shat=1.2955000000e+01 Lhat=0.0000000000e+00
KNUTH_SUBTREE root=8829 depth=28 w=1.2504807875e+38 Shat=3.0000000000e+00 Lhat=0.0000000000e+00
KNUTH_SUBTREE root=8830 depth=28 w=5.4591584878e+38 Shat=4.0000000000e+00 Lhat=0.0000000000e+00
KNUTH_SUBTREE root=8831 depth=28 w=8.7851367145e+37 Shat=7.0000000000e+00 Lhat=0.0000000000e+00
KNUTH_SUBTREE root=8832 depth=28 w=5.3014587495e+38 Shat=9.9800000000e+00 Lhat=0.0000000000e+00
KNUTH_SUBTREE root=8833 depth=28 w=1.2503405710e+39 Shat=7.9990000000e+00 Lhat=0.0000000000e+00
KNUTH_SUBTREE root=8834 depth=28 w=7.3560085560e+38 Shat=5.0000000000e+00 Lhat=0.0000000000e+00
KNUTH_SUBTREE root=8835 depth=28 w=5.5155288780e+37 Shat=3.0000000000e+00 Lhat=0.0000000000e+00
KNUTH_SUBTREE root=8836 depth=28 w=9.2273781706e+38 Shat=5.3758000000e+01 Lhat=0.0000000000e+00
KNUTH_SUBTREE root=8837 depth=28 w=3.4146529279e+39 Shat=1.2672700000e+02 Lhat=0.0000000000e+00
KNUTH_SUBTREE root=8838 depth=28 w=5.8154147117e+38 Shat=2.7520000000e+01 Lhat=0.0000000000e+00
KNUTH_SUBTREE root=8839 depth=28 w=1.8213147728e+38 Shat=1.0000000000e+01 Lhat=0.0000000000e+00
KNUTH_SUBTREE root=8840 depth=28 w=2.4257964975e+38 Shat=2.5910000000e+01 Lhat=0.0000000000e+00
KNUTH_SUBTREE root=8841 depth=28 w=4.3144609656e+38 Shat=8.6422000000e+01 Lhat=0.0000000000e+00
KNUTH_SUBTREE root=8842 depth=28 w=2.1293814914e+39 Shat=1.0912000000e+01 Lhat=0.0000000000e+00
KNUTH_SUBTREE root=8843 depth=28 w=1.1190806068e+38 Shat=9.9880000000e+00 Lhat=0.0000000000e+00
KNUTH_SUBTREE root=8844 depth=28 w=5.9453237254e+37 Shat=3.0000000000e+00 Lhat=0.0000000000e+00
KNUTH_SUBTREE root=8845 depth=28 w=5.2734958222e+38 Shat=1.3000000000e+01 Lhat=0.0000000000e+00
KNUTH_SUBTREE root=8846 depth=28 w=0 Shat=0 Lhat=0 dead=1
KNUTH_SUBTREE root=8847 depth=28 w=2.1288276877e+38 Shat=4.0000000000e+00 Lhat=0.0000000000e+00
KNUTH_SUBTREE root=8848 depth=28 w=3.4712354848e+37 Shat=3.0000000000e+00 Lhat=0.0000000000e+00
KNUTH_SUBTREE root=8849 depth=28 w=1.1088973183e+37 Shat=1.0000000000e+00 Lhat=0.0000000000e+00
KNUTH_SUBTREE root=8850 depth=28 w=8.2802693957e+38 Shat=6.0760000000e+00 Lhat=0.0000000000e+00
KNUTH_SUBTREE root=8851 depth=28 w=1.3483967607e+38 Shat=3.0000000000e+00 Lhat=0.0000000000e+00
KNUTH_SUBTREE root=8852 depth=28 w=0 Shat=0 Lhat=0 dead=1
KNUTH_SUBTREE root=8853 depth=28 w=4.2454686183e+37 Shat=3.0000000000e+00 Lhat=0.0000000000e+00
KNUTH_SUBTREE root=8854 depth=28 w=1.2687627445e+38 Shat=1.0000000000e+00 Lhat=0.0000000000e+00
KNUTH_SUBTREE root=8855 depth=28 w=3.3670924447e+38 Shat=4.0000000000e+00 Lhat=0.0000000000e+00
KNUTH_SUBTREE root=8856 depth=28 w=2.3515447025e+38 Shat=4.1434000000e+01 Lhat=0.0000000000e+00
KNUTH_SUBTREE root=8857 depth=28 w=1.9317135250e+39 Shat=5.0360000000e+00 Lhat=0.0000000000e+00
KNUTH_SUBTREE root=8858 depth=28 w=1.6774212953e+37 Shat=1.0000000000e+00 Lhat=0.0000000000e+00
KNUTH_SUBTREE root=8859 depth=28 w=1.2426347223e+39 Shat=4.5560000000e+01 Lhat=0.0000000000e+00
KNUTH_SUBTREE root=8860 depth=28 w=8.6901808019e+38 Shat=1.3020000000e+01 Lhat=0.0000000000e+00
KNUTH_SUBTREE root=8861 depth=28 w=4.0860968427e+38 Shat=9.1280000000e+00 Lhat=0.0000000000e+00
KNUTH_SUBTREE root=8862 depth=28 w=1.5314150595e+38 Shat=1.3000000000e+01 Lhat=0.0000000000e+00
KNUTH_SUBTREE root=8863 depth=28 w=2.7652650766e+38 Shat=2.0000000000e+00 Lhat=0.0000000000e+00
KNUTH_SUBTREE root=8864 depth=28 w=7.7724662089e+38 Shat=3.1000000000e+01 Lhat=0.0000000000e+00
KNUTH_SUBTREE root=8865 depth=28 w=3.6889361796e+37 Shat=1.0000000000e+00 Lhat=0.0000000000e+00
KNUTH_SUBTREE root=8866 depth=28 w=1.4599322442e+38 Shat=9.0000000000e+00 Lhat=0.0000000000e+00
KNUTH_SUBTREE root=8867 depth=28 w=1.2559613889e+38 Shat=3.9004000000e+01 Lhat=0.0000000000e+00
KNUTH_SUBTREE root=8868 depth=28 w=4.9933981441e+38 Shat=8.8052000000e+01 Lhat=0.0000000000e+00
KNUTH_SUBTREE root=8869 depth=28 w=2.4424498350e+37 Shat=1.0000000000e+00 Lhat=0.0000000000e+00
KNUTH_SUBTREE root=8870 depth=28 w=2.2522680615e+38 Shat=5.8960000000e+00 Lhat=0.0000000000e+00
KNUTH_SUBTREE root=8871 depth=28 w=3.6977562484e+37 Shat=2.0000000000e+00 Lhat=0.0000000000e+00
KNUTH_SUBTREE root=8872 depth=28 w=2.6288630172e+37 Shat=1.0000000000e+00 Lhat=0.0000000000e+00
KNUTH_SUBTREE root=8873 depth=28 w=1.3045498012e+39 Shat=1.8920000000e+01 Lhat=0.0000000000e+00
KNUTH_SUBTREE root=8874 depth=28 w=2.9393077071e+38 Shat=1.1968000000e+01 Lhat=0.0000000000e+00
KNUTH_SUBTREE root=8875 depth=28 w=1.8250548743e+38 Shat=2.0000000000e+00 Lhat=0.0000000000e+00
KNUTH_SUBTREE root=8876 depth=28 w=5.6480164200e+38 Shat=2.6544000000e+01 Lhat=0.0000000000e+00
KNUTH_SUBTREE root=8877 depth=28 w=3.9173273433e+39 Shat=4.3505000000e+01 Lhat=0.0000000000e+00
KNUTH_SUBTREE root=8878 depth=28 w=0 Shat=0 Lhat=0 dead=1
KNUTH_SUBTREE root=8879 depth=28 w=1.6705532786e+39 Shat=5.0000000000e+00 Lhat=0.0000000000e+00
KNUTH_SUBTREE root=8880 depth=28 w=2.3738825798e+39 Shat=6.8392000000e+01 Lhat=0.0000000000e+00
KNUTH_SUBTREE root=8881 depth=28 w=1.8475987668e+39 Shat=2.4790000000e+01 Lhat=0.0000000000e+00
KNUTH_SUBTREE root=8882 depth=28 w=2.8830834979e+38 Shat=1.0000000000e+00 Lhat=0.0000000000e+00
KNUTH_SUBTREE root=8883 depth=28 w=5.1978831157e+38 Shat=3.8908000000e+01 Lhat=0.0000000000e+00
KNUTH_SUBTREE root=8884 depth=28 w=2.5049724228e+38 Shat=7.0000000000e+00 Lhat=0.0000000000e+00
KNUTH_SUBTREE root=8885 depth=28 w=9.4801068474e+35 Shat=1.0000000000e+00 Lhat=0.0000000000e+00
KNUTH_SUBTREE root=8886 depth=28 w=0 Shat=0 Lhat=0 dead=1
KNUTH_SUBTREE root=8887 depth=28 w=1.0040132045e+38 Shat=1.0000000000e+00 Lhat=0.0000000000e+00
KNUTH_SUBTREE root=8888 depth=28 w=2.2959963121e+39 Shat=1.1048000000e+01 Lhat=0.0000000000e+00
KNUTH_SUBTREE root=8889 depth=28 w=5.2326205366e+37 Shat=2.0000000000e+00 Lhat=0.0000000000e+00
KNUTH_SUBTREE root=8890 depth=28 w=1.1294107709e+39 Shat=1.0117600000e+02 Lhat=0.0000000000e+00
KNUTH_SUBTREE root=8891 depth=28 w=3.0015311294e+37 Shat=2.0000000000e+00 Lhat=0.0000000000e+00
KNUTH_SUBTREE root=8892 depth=28 w=1.4372992936e+38 Shat=1.0000000000e+01 Lhat=0.0000000000e+00
KNUTH_SUBTREE root=8893 depth=28 w=2.2703945695e+39 Shat=4.4416000000e+01 Lhat=0.0000000000e+00
KNUTH_SUBTREE root=8894 depth=28 w=9.6595631757e+38 Shat=2.0500000000e+01 Lhat=0.0000000000e+00
KNUTH_SUBTREE root=8895 depth=28 w=8.2342147673e+38 Shat=7.9000000000e+01 Lhat=0.0000000000e+00
KNUTH_SUBTREE root=8896 depth=28 w=1.3831900989e+38 Shat=1.7800000000e+01 Lhat=0.0000000000e+00
KNUTH_SUBTREE root=8897 depth=28 w=2.6281912279e+38 Shat=3.8824000000e+01 Lhat=0.0000000000e+00
KNUTH_SUBTREE root=8898 depth=28 w=5.8021287588e+38 Shat=1.0000000000e+00 Lhat=0.0000000000e+00
KNUTH_SUBTREE root=8899 depth=28 w=1.0354727659e+38 Shat=6.0580000000e+00 Lhat=0.0000000000e+00
KNUTH_SUBTREE root=8900 depth=28 w=1.8500885777e+39 Shat=2.0000000000e+00 Lhat=0.0000000000e+00
KNUTH_SUBTREE root=8901 depth=28 w=6.0142050951e+38 Shat=1.2935000000e+01 Lhat=0.0000000000e+00
KNUTH_SUBTREE root=8902 depth=28 w=5.6250915173e+37 Shat=1.0000000000e+00 Lhat=0.0000000000e+00
KNUTH_SUBTREE root=8903 depth=28 w=4.8879816283e+38 Shat=2.0272000000e+01 Lhat=0.0000000000e+00
KNUTH_SUBTREE root=8904 depth=28 w=1.8891544630e+39 Shat=7.0000000000e+00 Lhat=0.0000000000e+00
KNUTH_SUBTREE root=8905 depth=28 w=2.4816823352e+39 Shat=1.1970000000e+01 Lhat=0.0000000000e+00
KNUTH_SUBTREE root=8906 depth=28 w=1.6773222194e+39 Shat=7.0160000000e+00 Lhat=0.0000000000e+00
KNUTH_SUBTREE root=8907 depth=28 w=3.1826662555e+38 Shat=8.5504000000e+01 Lhat=0.0000000000e+00
KNUTH_SUBTREE root=8908 depth=28 w=2.1192764812e+38 Shat=1.0000000000e+00 Lhat=0.0000000000e+00
KNUTH_SUBTREE root=8909 depth=28 w=9.1557229522e+37 Shat=7.0000000000e+00 Lhat=0.0000000000e+00
KNUTH_SUBTREE root=8910 depth=28 w=4.7157770188e+38 Shat=3.7852000000e+01 Lhat=0.0000000000e+00
KNUTH_SUBTREE root=8911 depth=28 w=1.2121060299e+39 Shat=9.0000000000e+00 Lhat=0.0000000000e+00
KNUTH_SUBTREE root=8912 depth=28 w=2.7441299705e+39 Shat=1.3000000000e+01 Lhat=0.0000000000e+00
KNUTH_SUBTREE root=8913 depth=28 w=3.8451176109e+38 Shat=8.0000000000e+00 Lhat=0.0000000000e+00
KNUTH_SUBTREE root=8914 depth=28 w=4.2380321963e+38 Shat=7.0335000000e+01 Lhat=0.0000000000e+00
KNUTH_SUBTREE root=8915 depth=28 w=8.5509296393e+37 Shat=5.0000000000e+00 Lhat=0.0000000000e+00
KNUTH_SUBTREE root=8916 depth=28 w=2.4665424751e+36 Shat=1.0000000000e+00 Lhat=0.0000000000e+00
KNUTH_SUBTREE root=8917 depth=28 w=4.4227225214e+38 Shat=5.1646000000e+01 Lhat=0.0000000000e+00
KNUTH_SUBTREE root=8918 depth=28 w=4.4133308451e+38 Shat=6.2600000000e+01 Lhat=0.0000000000e+00
KNUTH_SUBTREE root=8919 depth=28 w=6.5729646107e+38 Shat=6.8168000000e+01 Lhat=0.0000000000e+00
KNUTH_SUBTREE root=8920 depth=28 w=1.5202029898e+38 Shat=4.0000000000e+00 Lhat=0.0000000000e+00
KNUTH_SUBTREE root=8921 depth=28 w=7.3494805347e+38 Shat=1.9044000000e+01 Lhat=0.0000000000e+00
KNUTH_SUBTREE root=8922 depth=28 w=2.1156890414e+38 Shat=6.3460000000e+01 Lhat=0.0000000000e+00
KNUTH_SUBTREE root=8923 depth=28 w=1.4387709726e+38 Shat=8.0200000000e+01 Lhat=0.0000000000e+00
KNUTH_SUBTREE root=8924 depth=28 w=4.1352960039e+38 Shat=3.0000000000e+00 Lhat=0.0000000000e+00
KNUTH_SUBTREE root=8925 depth=28 w=1.5123262017e+39 Shat=9.0000000000e+00 Lhat=0.0000000000e+00
KNUTH_SUBTREE root=8926 depth=28 w=4.9693121027e+38 Shat=7.9617000000e+01 Lhat=0.0000000000e+00
KNUTH_SUBTREE root=8927 depth=28 w=2.8614068361e+39 Shat=2.5836000000e+01 Lhat=0.0000000000e+00
KNUTH_SUBTREE root=8928 depth=28 w=5.8459736534e+38 Shat=4.5825000000e+01 Lhat=0.0000000000e+00
KNUTH_SUBTREE root=8929 depth=28 w=3.1627067313e+38 Shat=1.3000000000e+01 Lhat=0.0000000000e+00
KNUTH_SUBTREE root=8930 depth=28 w=1.4690091585e+38 Shat=9.0000000000e+00 Lhat=0.0000000000e+00
KNUTH_SUBTREE root=8931 depth=28 w=1.4464973716e+39 Shat=2.4877000000e+01 Lhat=0.0000000000e+00
KNUTH_SUBTREE root=8932 depth=28 w=8.5020713003e+37 Shat=1.0000000000e+00 Lhat=0.0000000000e+00
KNUTH_SUBTREE root=8933 depth=28 w=2.6014464684e+39 Shat=1.5118000000e+01 Lhat=0.0000000000e+00
KNUTH_SUBTREE root=8934 depth=28 w=2.0609829574e+38 Shat=2.4728000000e+01 Lhat=0.0000000000e+00
KNUTH_SUBTREE root=8935 depth=28 w=1.3041984571e+38 Shat=4.0000000000e+00 Lhat=0.0000000000e+00
KNUTH_SUBTREE root=8936 depth=28 w=1.2176155123e+37 Shat=1.0000000000e+00 Lhat=0.0000000000e+00
KNUTH_SUBTREE root=8937 depth=28 w=4.0234832798e+38 Shat=3.0000000000e+00 Lhat=0.0000000000e+00
KNUTH_SUBTREE root=8938 depth=28 w=6.5135736090e+38 Shat=5.0000000000e+00 Lhat=0.0000000000e+00
KNUTH_SUBTREE root=8939 depth=28 w=8.8088501255e+38 Shat=1.0000000000e+00 Lhat=0.0000000000e+00
KNUTH_SUBTREE root=8940 depth=28 w=3.9421802490e+38 Shat=5.0000000000e+00 Lhat=0.0000000000e+00
KNUTH_SUBTREE root=8941 depth=28 w=1.3795001825e+38 Shat=2.1000000000e+01 Lhat=0.0000000000e+00
KNUTH_SUBTREE root=8942 depth=28 w=3.0186740892e+39 Shat=5.9440000000e+00 Lhat=0.0000000000e+00
KNUTH_SUBTREE root=8943 depth=28 w=6.3224143990e+38 Shat=4.0000000000e+00 Lhat=0.0000000000e+00
KNUTH_SUBTREE root=8944 depth=28 w=1.7141651255e+38 Shat=3.0000000000e+00 Lhat=0.0000000000e+00
KNUTH_SUBTREE root=8945 depth=28 w=6.3807043887e+38 Shat=3.9608000000e+01 Lhat=0.0000000000e+00
KNUTH_SUBTREE root=8946 depth=28 w=2.6715813391e+38 Shat=1.0030000000e+01 Lhat=0.0000000000e+00
KNUTH_SUBTREE root=8947 depth=28 w=2.5194366367e+38 Shat=1.3345000000e+01 Lhat=0.0000000000e+00
KNUTH_SUBTREE root=8948 depth=28 w=4.7039297080e+38 Shat=1.7880000000e+01 Lhat=0.0000000000e+00
KNUTH_SUBTREE root=8949 depth=28 w=1.1356528812e+39 Shat=1.1964300000e+02 Lhat=0.0000000000e+00
KNUTH_SUBTREE root=8950 depth=28 w=1.8607786914e+39 Shat=3.0000000000e+00 Lhat=0.0000000000e+00
KNUTH_SUBTREE root=8951 depth=28 w=1.5414282644e+39 Shat=4.0000000000e+00 Lhat=0.0000000000e+00
KNUTH_SUBTREE root=8952 depth=28 w=7.9067036533e+36 Shat=1.0000000000e+00 Lhat=0.0000000000e+00
KNUTH_SUBTREE root=8953 depth=28 w=4.5405310372e+38 Shat=1.0860000000e+01 Lhat=0.0000000000e+00
KNUTH_SUBTREE root=8954 depth=28 w=3.7762711831e+38 Shat=3.2170000000e+01 Lhat=0.0000000000e+00
KNUTH_SUBTREE root=8955 depth=28 w=5.5745849830e+37 Shat=4.0000000000e+00 Lhat=0.0000000000e+00
KNUTH_SUBTREE root=8956 depth=28 w=1.3003227819e+39 Shat=3.1732000000e+01 Lhat=0.0000000000e+00
KNUTH_SUBTREE root=8957 depth=28 w=1.7396504332e+38 Shat=6.5365000000e+01 Lhat=0.0000000000e+00
KNUTH_SUBTREE root=8958 depth=28 w=6.9499052357e+38 Shat=1.0078400000e+02 Lhat=0.0000000000e+00
KNUTH_SUBTREE root=8959 depth=28 w=3.3200471669e+37 Shat=4.0000000000e+00 Lhat=0.0000000000e+00
KNUTH_SUBTREE root=8960 depth=28 w=2.6286871582e+38 Shat=8.5256000000e+01 Lhat=0.0000000000e+00
KNUTH_SUBTREE root=8961 depth=28 w=2.8453483029e+39 Shat=2.0000000000e+00 Lhat=0.0000000000e+00
KNUTH_SUBTREE root=8962 depth=28 w=1.4972395109e+38 Shat=5.2520000000e+01 Lhat=0.0000000000e+00
KNUTH_SUBTREE root=8963 depth=28 w=1.7524346152e+39 Shat=5.3100000000e+01 Lhat=0.0000000000e+00
KNUTH_SUBTREE root=8964 depth=28 w=9.9925957787e+38 Shat=9.2866000000e+01 Lhat=0.0000000000e+00
KNUTH_SUBTREE root=8965 depth=28 w=3.6836231341e+38 Shat=7.7864000000e+01 Lhat=0.0000000000e+00
KNUTH_SUBTREE root=8966 depth=28 w=3.3479428532e+38 Shat=5.0000000000e+00 Lhat=0.0000000000e+00
KNUTH_SUBTREE root=8967 depth=28 w=1.1388618368e+39 Shat=1.6216000000e+02 Lhat=0.0000000000e+00
KNUTH_SUBTREE root=8968 depth=28 w=4.0547680133e+38 Shat=6.8272000000e+01 Lhat=0.0000000000e+00
KNUTH_SUBTREE root=8969 depth=28 w=7.1326557408e+38 Shat=6.9520000000e+00 Lhat=0.0000000000e+00
KNUTH_SUBTREE root=8970 depth=28 w=6.0753129189e+37 Shat=1.0000000000e+00 Lhat=0.0000000000e+00
KNUTH_SUBTREE root=8971 depth=28 w=0 Shat=0 Lhat=0 dead=1
KNUTH_SUBTREE root=8972 depth=28 w=3.0393618237e+37 Shat=9.0000000000e+00 Lhat=0.0000000000e+00
KNUTH_SUBTREE root=8973 depth=28 w=1.1553974176e+37 Shat=3.0000000000e+00 Lhat=0.0000000000e+00
KNUTH_SUBTREE root=8974 depth=28 w=2.4991300017e+39 Shat=1.8330000000e+01 Lhat=0.0000000000e+00
KNUTH_SUBTREE root=8975 depth=28 w=0 Shat=0 Lhat=0 dead=1
KNUTH_SUBTREE root=8976 depth=28 w=2.0059479102e+38 Shat=3.0000000000e+00 Lhat=0.0000000000e+00
KNUTH_SUBTREE root=8977 depth=28 w=0 Shat=0 Lhat=0 dead=1
KNUTH_SUBTREE root=8978 depth=28 w=1.3520233645e+37 Shat=1.0000000000e+00 Lhat=0.0000000000e+00
KNUTH_SUBTREE root=8979 depth=28 w=1.6170334574e+36 Shat=1.0000000000e+00 Lhat=0.0000000000e+00
KNUTH_SUBTREE root=8980 depth=28 w=6.7241281727e+37 Shat=2.0000000000e+00 Lhat=0.0000000000e+00
KNUTH_SUBTREE root=8981 depth=28 w=4.0448295887e+38 Shat=9.0580000000e+01 Lhat=0.0000000000e+00
KNUTH_SUBTREE root=8982 depth=28 w=3.1762984017e+38 Shat=2.1320000000e+01 Lhat=0.0000000000e+00
KNUTH_SUBTREE root=8983 depth=28 w=3.0437738359e+39 Shat=1.0999000000e+01 Lhat=0.0000000000e+00
KNUTH_SUBTREE root=8984 depth=28 w=0 Shat=0 Lhat=0 dead=1
KNUTH_SUBTREE root=8985 depth=28 w=1.1309521787e+39 Shat=4.6934000000e+01 Lhat=0.0000000000e+00
KNUTH_SUBTREE root=8986 depth=28 w=5.0288366665e+37 Shat=2.0000000000e+00 Lhat=0.0000000000e+00
KNUTH_SUBTREE root=8987 depth=28 w=6.4178760970e+36 Shat=1.0000000000e+00 Lhat=0.0000000000e+00
KNUTH_SUBTREE root=8988 depth=28 w=1.3792700190e+37 Shat=1.0000000000e+00 Lhat=0.0000000000e+00
KNUTH_SUBTREE root=8989 depth=28 w=1.0983986979e+37 Shat=1.0000000000e+00 Lhat=0.0000000000e+00
KNUTH_SUBTREE root=8990 depth=28 w=2.8388845662e+38 Shat=7.0000000000e+00 Lhat=0.0000000000e+00
KNUTH_SUBTREE root=8991 depth=28 w=3.2961374842e+39 Shat=9.8342000000e+01 Lhat=0.0000000000e+00
KNUTH_SUBTREE root=8992 depth=28 w=1.8124914997e+39 Shat=5.9984000000e+01 Lhat=0.0000000000e+00
KNUTH_SUBTREE root=8993 depth=28 w=1.7442173925e+38 Shat=2.0000000000e+00 Lhat=0.0000000000e+00
KNUTH_SUBTREE root=8994 depth=28 w=4.4309728937e+37 Shat=1.0000000000e+00 Lhat=0.0000000000e+00
KNUTH_SUBTREE root=8995 depth=28 w=1.8329052348e+39 Shat=1.4132000000e+02 Lhat=0.0000000000e+00
KNUTH_SUBTREE root=8996 depth=28 w=8.3174364286e+38 Shat=6.3610000000e+01 Lhat=0.0000000000e+00
KNUTH_SUBTREE root=8997 depth=28 w=7.7250064506e+38 Shat=1.1911200000e+02 Lhat=0.0000000000e+00
KNUTH_SUBTREE root=8998 depth=28 w=2.0738407281e+39 Shat=6.0610000000e+00 Lhat=0.0000000000e+00
KNUTH_SUBTREE root=8999 depth=28 w=1.1628958015e+37 Shat=7.8850000000e+00 Lhat=0.0000000000e+00
KNUTH_SUBTREE root=9000 depth=28 w=1.7462119244e+39 Shat=3.0000000000e+00 Lhat=0.0000000000e+00
KNUTH_SUBTREE root=9001 depth=28 w=1.6937362925e+38 Shat=1.9820000000e+01 Lhat=0.0000000000e+00
KNUTH_SUBTREE root=9002 depth=28 w=8.3786722315e+38 Shat=5.0938000000e+01 Lhat=0.0000000000e+00
KNUTH_SUBTREE root=9003 depth=28 w=1.8113200751e+39 Shat=7.0000000000e+00 Lhat=0.0000000000e+00
KNUTH_SUBTREE root=9004 depth=28 w=6.3469625215e+38 Shat=9.0000000000e+00 Lhat=0.0000000000e+00
KNUTH_SUBTREE root=9005 depth=28 w=2.7961345840e+38 Shat=1.3000000000e+01 Lhat=0.0000000000e+00
KNUTH_SUBTREE root=9006 depth=28 w=4.9623046311e+38 Shat=5.0000000000e+00 Lhat=0.0000000000e+00
KNUTH_SUBTREE root=9007 depth=28 w=2.3991558226e+37 Shat=1.0240800000e+02 Lhat=0.0000000000e+00
KNUTH_SUBTREE root=9008 depth=28 w=5.9569659822e+38 Shat=3.0000000000e+00 Lhat=0.0000000000e+00
KNUTH_SUBTREE root=9009 depth=28 w=1.2298869896e+38 Shat=1.0908000000e+01 Lhat=0.0000000000e+00
KNUTH_SUBTREE root=9010 depth=28 w=2.5700188136e+38 Shat=3.9960000000e+00 Lhat=0.0000000000e+00
KNUTH_SUBTREE root=9011 depth=28 w=2.0356086882e+38 Shat=1.0000000000e+00 Lhat=0.0000000000e+00
KNUTH_SUBTREE root=9012 depth=28 w=1.6924793291e+39 Shat=3.0000000000e+00 Lhat=0.0000000000e+00
KNUTH_SUBTREE root=9013 depth=28 w=2.0646343143e+38 Shat=1.6792000000e+01 Lhat=0.0000000000e+00
KNUTH_SUBTREE root=9014 depth=28 w=1.8592012230e+37 Shat=3.0000000000e+00 Lhat=0.0000000000e+00
KNUTH_SUBTREE root=9015 depth=28 w=0 Shat=0 Lhat=0 dead=1
KNUTH_SUBTREE root=9016 depth=28 w=8.3395810355e+38 Shat=3.1810000000e+01 Lhat=0.0000000000e+00
KNUTH_SUBTREE root=9017 depth=28 w=2.8194399043e+38 Shat=1.9417000000e+01 Lhat=0.0000000000e+00
KNUTH_SUBTREE root=9018 depth=28 w=2.8582460657e+38 Shat=5.0872000000e+01 Lhat=0.0000000000e+00
KNUTH_SUBTREE root=9019 depth=28 w=2.3522256250e+39 Shat=1.4040000000e+01 Lhat=0.0000000000e+00
KNUTH_SUBTREE root=9020 depth=28 w=3.1548003806e+37 Shat=1.0000000000e+00 Lhat=0.0000000000e+00
KNUTH_SUBTREE root=9021 depth=28 w=1.3116948337e+39 Shat=1.0000000000e+00 Lhat=0.0000000000e+00
KNUTH_SUBTREE root=9022 depth=28 w=1.7021724899e+39 Shat=4.0000000000e+00 Lhat=0.0000000000e+00
KNUTH_SUBTREE root=9023 depth=28 w=1.6712863757e+38 Shat=3.0000000000e+00 Lhat=0.0000000000e+00
KNUTH_SUBTREE root=9024 depth=28 w=7.3282564830e+36 Shat=1.0000000000e+00 Lhat=0.0000000000e+00
KNUTH_SUBTREE root=9025 depth=28 w=4.3563035398e+38 Shat=7.0960000000e+01 Lhat=0.0000000000e+00
KNUTH_SUBTREE root=9026 depth=28 w=1.5804985401e+38 Shat=5.0000000000e+00 Lhat=0.0000000000e+00
KNUTH_SUBTREE root=9027 depth=28 w=5.9239618872e+38 Shat=4.0000000000e+00 Lhat=0.0000000000e+00
KNUTH_SUBTREE root=9028 depth=28 w=7.5163055069e+38 Shat=7.1864000000e+01 Lhat=0.0000000000e+00
KNUTH_SUBTREE root=9029 depth=28 w=1.4567264261e+39 Shat=8.6176000000e+01 Lhat=0.0000000000e+00
KNUTH_SUBTREE root=9030 depth=28 w=6.5204428526e+37 Shat=1.0000000000e+01 Lhat=0.0000000000e+00
KNUTH_SUBTREE root=9031 depth=28 w=7.6426099835e+38 Shat=2.7850000000e+01 Lhat=0.0000000000e+00
KNUTH_SUBTREE root=9032 depth=28 w=6.6828762637e+37 Shat=3.0000000000e+00 Lhat=0.0000000000e+00
KNUTH_SUBTREE root=9033 depth=28 w=2.6548268093e+38 Shat=6.7516000000e+01 Lhat=0.0000000000e+00
KNUTH_SUBTREE root=9034 depth=28 w=2.4296228620e+38 Shat=5.0000000000e+00 Lhat=0.0000000000e+00
KNUTH_SUBTREE root=9035 depth=28 w=8.0939927248e+38 Shat=4.8004000000e+01 Lhat=0.0000000000e+00
KNUTH_SUBTREE root=9036 depth=28 w=2.3109196856e+38 Shat=1.9000000000e+01 Lhat=0.0000000000e+00
KNUTH_SUBTREE root=9037 depth=28 w=7.2047103965e+38 Shat=2.0000000000e+00 Lhat=0.0000000000e+00
KNUTH_SUBTREE root=9038 depth=28 w=1.1413389720e+39 Shat=3.2728000000e+01 Lhat=0.0000000000e+00
KNUTH_SUBTREE root=9039 depth=28 w=2.2363043767e+37 Shat=3.0000000000e+00 Lhat=0.0000000000e+00
KNUTH_SUBTREE root=9040 depth=28 w=6.6718018839e+38 Shat=2.1215000000e+01 Lhat=0.0000000000e+00
KNUTH_SUBTREE root=9041 depth=28 w=1.4009742886e+39 Shat=2.4429000000e+01 Lhat=0.0000000000e+00
KNUTH_SUBTREE root=9042 depth=28 w=4.8618203478e+38 Shat=1.2946000000e+01 Lhat=0.0000000000e+00
KNUTH_SUBTREE root=9043 depth=28 w=6.8568401522e+36 Shat=1.0000000000e+00 Lhat=0.0000000000e+00
KNUTH_SUBTREE root=9044 depth=28 w=5.0350430680e+38 Shat=8.0050000000e+00 Lhat=0.0000000000e+00
KNUTH_SUBTREE root=9045 depth=28 w=7.7183555297e+38 Shat=7.0000000000e+00 Lhat=0.0000000000e+00
KNUTH_SUBTREE root=9046 depth=28 w=2.9799009785e+39 Shat=5.1408000000e+01 Lhat=0.0000000000e+00
KNUTH_SUBTREE root=9047 depth=28 w=4.8378889913e+38 Shat=1.7072000000e+01 Lhat=0.0000000000e+00
KNUTH_SUBTREE root=9048 depth=28 w=1.6915922117e+39 Shat=4.9426000000e+01 Lhat=0.0000000000e+00
KNUTH_SUBTREE root=9049 depth=28 w=8.9969660340e+36 Shat=2.0000000000e+00 Lhat=0.0000000000e+00
KNUTH_SUBTREE root=9050 depth=28 w=2.0350177101e+39 Shat=3.0000000000e+00 Lhat=0.0000000000e+00
KNUTH_SUBTREE root=9051 depth=28 w=1.4682654182e+38 Shat=1.0000000000e+00 Lhat=0.0000000000e+00
KNUTH_SUBTREE root=9052 depth=28 w=2.6635499572e+39 Shat=1.4632000000e+01 Lhat=0.0000000000e+00
KNUTH_SUBTREE root=9053 depth=28 w=1.5027726803e+39 Shat=1.5528000000e+02 Lhat=0.0000000000e+00
KNUTH_SUBTREE root=9054 depth=28 w=5.1894814021e+38 Shat=5.0000000000e+00 Lhat=0.0000000000e+00
KNUTH_SUBTREE root=9055 depth=28 w=0 Shat=0 Lhat=0 dead=1
KNUTH_SUBTREE root=9056 depth=28 w=1.5308554245e+38 Shat=8.1400000000e+00 Lhat=0.0000000000e+00
KNUTH_SUBTREE root=9057 depth=28 w=2.0711579376e+38 Shat=1.6000000000e+01 Lhat=0.0000000000e+00
KNUTH_SUBTREE root=9058 depth=28 w=2.1892062130e+38 Shat=2.4440000000e+01 Lhat=0.0000000000e+00
KNUTH_SUBTREE root=9059 depth=28 w=1.6815394645e+36 Shat=1.0000000000e+00 Lhat=0.0000000000e+00
KNUTH_SUBTREE root=9060 depth=28 w=9.1282264845e+36 Shat=3.0000000000e+00 Lhat=0.0000000000e+00
KNUTH_SUBTREE root=9061 depth=28 w=1.5656338321e+38 Shat=5.6164000000e+01 Lhat=1.6056000000e+01
KNUTH_SUBTREE root=9062 depth=28 w=2.5273745549e+39 Shat=7.7783000000e+01 Lhat=0.0000000000e+00
KNUTH_SUBTREE root=9063 depth=28 w=1.1875508320e+35 Shat=1.0000000000e+00 Lhat=0.0000000000e+00
KNUTH_SUBTREE root=9064 depth=28 w=1.4887095741e+39 Shat=1.1120000000e+01 Lhat=0.0000000000e+00
KNUTH_SUBTREE root=9065 depth=28 w=6.0993227634e+38 Shat=3.0000000000e+00 Lhat=0.0000000000e+00
KNUTH_SUBTREE root=9066 depth=28 w=5.1195831269e+38 Shat=7.0864000000e+01 Lhat=0.0000000000e+00
KNUTH_SUBTREE root=9067 depth=28 w=1.4161165935e+39 Shat=1.3000000000e+01 Lhat=0.0000000000e+00
KNUTH_SUBTREE root=9068 depth=28 w=4.6128838036e+38 Shat=5.5334000000e+01 Lhat=0.0000000000e+00
KNUTH_SUBTREE root=9069 depth=28 w=1.5458518951e+38 Shat=1.0000000000e+00 Lhat=0.0000000000e+00
KNUTH_SUBTREE root=9070 depth=28 w=1.0820158036e+39 Shat=7.3288000000e+01 Lhat=0.0000000000e+00
KNUTH_SUBTREE root=9071 depth=28 w=1.1584295606e+39 Shat=1.0267000000e+01 Lhat=0.0000000000e+00
KNUTH_SUBTREE root=9072 depth=28 w=4.5523826817e+36 Shat=1.0000000000e+00 Lhat=0.0000000000e+00
KNUTH_SUBTREE root=9073 depth=28 w=1.2836477526e+37 Shat=1.9012000000e+01 Lhat=0.0000000000e+00
KNUTH_SUBTREE root=9074 depth=28 w=4.4179456944e+38 Shat=1.2245000000e+02 Lhat=0.0000000000e+00
KNUTH_SUBTREE root=9075 depth=28 w=5.7860451461e+38 Shat=1.5598000000e+01 Lhat=0.0000000000e+00
KNUTH_SUBTREE root=9076 depth=28 w=2.8355065717e+39 Shat=8.8224000000e+01 Lhat=0.0000000000e+00
KNUTH_SUBTREE root=9077 depth=28 w=1.7594324047e+38 Shat=2.5480000000e+01 Lhat=0.0000000000e+00
KNUTH_SUBTREE root=9078 depth=28 w=2.9182220095e+39 Shat=1.6105000000e+01 Lhat=0.0000000000e+00
KNUTH_SUBTREE root=9079 depth=28 w=1.2628302228e+38 Shat=1.9040000000e+01 Lhat=0.0000000000e+00
KNUTH_SUBTREE root=9080 depth=28 w=4.1958455798e+38 Shat=1.7092000000e+01 Lhat=0.0000000000e+00
KNUTH_SUBTREE root=9081 depth=28 w=1.7182508945e+38 Shat=3.0000000000e+00 Lhat=0.0000000000e+00
KNUTH_SUBTREE root=9082 depth=28 w=7.9648436770e+37 Shat=2.9000000000e+01 Lhat=0.0000000000e+00
KNUTH_SUBTREE root=9083 depth=28 w=3.0059111462e+39 Shat=1.6012000000e+01 Lhat=0.0000000000e+00
KNUTH_SUBTREE root=9084 depth=28 w=1.5058971568e+39 Shat=5.7364000000e+01 Lhat=0.0000000000e+00
KNUTH_SUBTREE root=9085 depth=28 w=1.0435392395e+38 Shat=1.0000000000e+00 Lhat=0.0000000000e+00
KNUTH_SUBTREE root=9086 depth=28 w=1.5943570282e+38 Shat=1.0000000000e+00 Lhat=0.0000000000e+00
KNUTH_SUBTREE root=9087 depth=28 w=4.3135631674e+38 Shat=8.2270000000e+01 Lhat=0.0000000000e+00
KNUTH_SUBTREE root=9088 depth=28 w=8.3779974370e+38 Shat=2.2065000000e+01 Lhat=0.0000000000e+00
KNUTH_SUBTREE root=9089 depth=28 w=4.0834912237e+36 Shat=1.0000000000e+00 Lhat=0.0000000000e+00
KNUTH_SUBTREE root=9090 depth=28 w=6.4627296908e+37 Shat=3.0000000000e+00 Lhat=0.0000000000e+00
KNUTH_SUBTREE root=9091 depth=28 w=1.0617267328e+39 Shat=5.0000000000e+00 Lhat=0.0000000000e+00
KNUTH_SUBTREE root=9092 depth=28 w=7.6541979046e+38 Shat=3.4846000000e+01 Lhat=0.0000000000e+00
KNUTH_SUBTREE root=9093 depth=28 w=2.4853950918e+37 Shat=1.0000000000e+00 Lhat=0.0000000000e+00
KNUTH_SUBTREE root=9094 depth=28 w=7.7608997311e+38 Shat=8.7520000000e+00 Lhat=0.0000000000e+00
KNUTH_SUBTREE root=9095 depth=28 w=2.2270332013e+39 Shat=2.6956000000e+01 Lhat=0.0000000000e+00
KNUTH_SUBTREE root=9096 depth=28 w=2.5816023799e+39 Shat=3.4312000000e+01 Lhat=0.0000000000e+00
KNUTH_SUBTREE root=9097 depth=28 w=5.9187140016e+38 Shat=8.5448000000e+01 Lhat=0.0000000000e+00
KNUTH_SUBTREE root=9098 depth=28 w=1.0410330346e+37 Shat=1.0000000000e+00 Lhat=0.0000000000e+00
KNUTH_SUBTREE root=9099 depth=28 w=2.6931539144e+39 Shat=4.8268000000e+01 Lhat=0.0000000000e+00
KNUTH_SUBTREE root=9100 depth=28 w=5.0782127575e+38 Shat=2.0000000000e+00 Lhat=0.0000000000e+00
KNUTH_SUBTREE root=9101 depth=28 w=2.6881940014e+39 Shat=5.5288000000e+01 Lhat=0.0000000000e+00
KNUTH_SUBTREE root=9102 depth=28 w=1.0166810670e+39 Shat=3.0000000000e+00 Lhat=0.0000000000e+00
KNUTH_SUBTREE root=9103 depth=28 w=5.2230357195e+38 Shat=5.0000000000e+00 Lhat=0.0000000000e+00
KNUTH_SUBTREE root=9104 depth=28 w=3.6487462013e+39 Shat=5.1256000000e+01 Lhat=0.0000000000e+00
KNUTH_SUBTREE root=9105 depth=28 w=7.2842029400e+36 Shat=5.0000000000e+00 Lhat=0.0000000000e+00
KNUTH_SUBTREE root=9106 depth=28 w=4.0122224669e+37 Shat=6.0000000000e+00 Lhat=0.0000000000e+00
KNUTH_SUBTREE root=9107 depth=28 w=1.6316523024e+38 Shat=3.0000000000e+00 Lhat=0.0000000000e+00
KNUTH_SUBTREE root=9108 depth=28 w=1.6798481007e+38 Shat=5.3140000000e+01 Lhat=0.0000000000e+00
KNUTH_SUBTREE root=9109 depth=28 w=1.0091571501e+39 Shat=2.6005000000e+01 Lhat=0.0000000000e+00
KNUTH_SUBTREE root=9110 depth=28 w=4.0159199622e+38 Shat=1.0219000000e+01 Lhat=0.0000000000e+00
KNUTH_SUBTREE root=9111 depth=28 w=2.9759477534e+38 Shat=1.2253400000e+02 Lhat=0.0000000000e+00
KNUTH_SUBTREE root=9112 depth=28 w=1.5928647317e+37 Shat=1.3000000000e+01 Lhat=0.0000000000e+00
KNUTH_SUBTREE root=9113 depth=28 w=0 Shat=0 Lhat=0 dead=1
KNUTH_SUBTREE root=9114 depth=28 w=7.7041256913e+38 Shat=3.0000000000e+00 Lhat=0.0000000000e+00
KNUTH_SUBTREE root=9115 depth=28 w=2.3455899384e+38 Shat=3.1868000000e+01 Lhat=0.0000000000e+00
KNUTH_SUBTREE root=9116 depth=28 w=3.6132932105e+39 Shat=4.0150000000e+01 Lhat=6.1300000000e+00
KNUTH_SUBTREE root=9117 depth=28 w=2.7946570558e+38 Shat=3.0000000000e+00 Lhat=0.0000000000e+00
KNUTH_SUBTREE root=9118 depth=28 w=8.7180625326e+37 Shat=1.0944000000e+01 Lhat=0.0000000000e+00
KNUTH_SUBTREE root=9119 depth=28 w=1.6049580218e+39 Shat=2.0000000000e+00 Lhat=0.0000000000e+00
KNUTH_SUBTREE root=9120 depth=28 w=3.2177919092e+38 Shat=7.0000000000e+00 Lhat=0.0000000000e+00
KNUTH_SUBTREE root=9121 depth=28 w=6.8425090488e+38 Shat=1.1000000000e+01 Lhat=0.0000000000e+00
KNUTH_SUBTREE root=9122 depth=28 w=1.6718238279e+38 Shat=7.7854000000e+01 Lhat=0.0000000000e+00
KNUTH_SUBTREE root=9123 depth=28 w=1.0264910005e+39 Shat=9.9686000000e+01 Lhat=0.0000000000e+00
KNUTH_SUBTREE root=9124 depth=28 w=2.7654105582e+39 Shat=1.0668400000e+02 Lhat=1.2120000000e+01
KNUTH_SUBTREE root=9125 depth=28 w=3.4777295402e+38 Shat=6.4116000000e+01 Lhat=0.0000000000e+00
KNUTH_SUBTREE root=9126 depth=28 w=0 Shat=0 Lhat=0 dead=1
KNUTH_SUBTREE root=9127 depth=28 w=1.9026312198e+39 Shat=7.0000000000e+00 Lhat=0.0000000000e+00
KNUTH_SUBTREE root=9128 depth=28 w=5.0002485172e+38 Shat=6.6570000000e+01 Lhat=0.0000000000e+00
KNUTH_SUBTREE root=9129 depth=28 w=1.0157978883e+39 Shat=2.7201000000e+01 Lhat=0.0000000000e+00
KNUTH_SUBTREE root=9130 depth=28 w=2.7958882617e+39 Shat=1.0908000000e+02 Lhat=0.0000000000e+00
KNUTH_SUBTREE root=9131 depth=28 w=2.5029979282e+39 Shat=2.0692000000e+01 Lhat=0.0000000000e+00
KNUTH_SUBTREE root=9132 depth=28 w=1.9818678533e+38 Shat=2.0000000000e+00 Lhat=0.0000000000e+00
KNUTH_SUBTREE root=9133 depth=28 w=8.1610338438e+38 Shat=2.0000000000e+00 Lhat=0.0000000000e+00
KNUTH_SUBTREE root=9134 depth=28 w=2.7568238536e+37 Shat=1.0000000000e+00 Lhat=0.0000000000e+00
KNUTH_SUBTREE root=9135 depth=28 w=5.5555702585e+38 Shat=4.2544000000e+01 Lhat=0.0000000000e+00
KNUTH_SUBTREE root=9136 depth=28 w=3.4568781550e+38 Shat=1.0000000000e+00 Lhat=0.0000000000e+00
KNUTH_SUBTREE root=9137 depth=28 w=5.5483925583e+38 Shat=1.3224000000e+01 Lhat=0.0000000000e+00
KNUTH_SUBTREE root=9138 depth=28 w=2.8928564000e+39 Shat=7.5774000000e+01 Lhat=0.0000000000e+00
KNUTH_SUBTREE root=9139 depth=28 w=3.4590394651e+39 Shat=2.0035000000e+01 Lhat=0.0000000000e+00
KNUTH_SUBTREE root=9140 depth=28 w=8.4198396366e+38 Shat=1.3000000000e+01 Lhat=0.0000000000e+00
KNUTH_SUBTREE root=9141 depth=28 w=5.9145906229e+38 Shat=9.6473000000e+01 Lhat=0.0000000000e+00
KNUTH_SUBTREE root=9142 depth=28 w=2.1202212637e+38 Shat=1.1785000000e+01 Lhat=0.0000000000e+00
KNUTH_SUBTREE root=9143 depth=28 w=2.1817828434e+39 Shat=1.1926000000e+01 Lhat=0.0000000000e+00
KNUTH_SUBTREE root=9144 depth=28 w=1.4884803593e+38 Shat=1.0000000000e+01 Lhat=0.0000000000e+00
KNUTH_SUBTREE root=9145 depth=28 w=1.6303243859e+38 Shat=2.4904000000e+01 Lhat=0.0000000000e+00
KNUTH_SUBTREE root=9146 depth=28 w=1.6263523252e+38 Shat=1.0786000000e+01 Lhat=0.0000000000e+00
KNUTH_SUBTREE root=9147 depth=28 w=3.7371146062e+38 Shat=8.0040000000e+00 Lhat=0.0000000000e+00
KNUTH_SUBTREE root=9148 depth=28 w=5.3079100727e+36 Shat=1.0000000000e+00 Lhat=0.0000000000e+00
KNUTH_SUBTREE root=9149 depth=28 w=1.6730905618e+37 Shat=5.0000000000e+00 Lhat=0.0000000000e+00
KNUTH_SUBTREE root=9150 depth=28 w=3.1329686483e+37 Shat=3.0000000000e+00 Lhat=0.0000000000e+00
KNUTH_SUBTREE root=9151 depth=28 w=3.5287824409e+38 Shat=4.0000000000e+00 Lhat=0.0000000000e+00
KNUTH_SUBTREE root=9152 depth=28 w=2.4550578494e+39 Shat=4.3628000000e+01 Lhat=0.0000000000e+00
KNUTH_SUBTREE root=9153 depth=28 w=1.3114347987e+39 Shat=1.0000000000e+00 Lhat=0.0000000000e+00
KNUTH_SUBTREE root=9154 depth=28 w=1.4583151230e+37 Shat=1.0000000000e+00 Lhat=0.0000000000e+00
KNUTH_SUBTREE root=9155 depth=28 w=2.1999133713e+37 Shat=1.0000000000e+00 Lhat=0.0000000000e+00
KNUTH_SUBTREE root=9156 depth=28 w=4.1006719788e+36 Shat=1.0000000000e+00 Lhat=0.0000000000e+00
KNUTH_SUBTREE root=9157 depth=28 w=9.3452823621e+38 Shat=2.9320000000e+01 Lhat=0.0000000000e+00
KNUTH_SUBTREE root=9158 depth=28 w=5.9752420834e+38 Shat=8.7448000000e+01 Lhat=0.0000000000e+00
KNUTH_SUBTREE root=9159 depth=28 w=2.2880688109e+39 Shat=9.0684000000e+01 Lhat=0.0000000000e+00
KNUTH_SUBTREE root=9160 depth=28 w=1.9838773073e+37 Shat=7.8610000000e+00 Lhat=0.0000000000e+00
KNUTH_SUBTREE root=9161 depth=28 w=2.9660758417e+38 Shat=1.0477600000e+02 Lhat=0.0000000000e+00
KNUTH_SUBTREE root=9162 depth=28 w=1.1926032469e+39 Shat=4.8320000000e+01 Lhat=0.0000000000e+00
KNUTH_SUBTREE root=9163 depth=28 w=4.5400360196e+38 Shat=6.2352000000e+01 Lhat=0.0000000000e+00
KNUTH_SUBTREE root=9164 depth=28 w=1.2239108910e+39 Shat=8.0760000000e+01 Lhat=0.0000000000e+00
KNUTH_SUBTREE root=9165 depth=28 w=6.6263891813e+38 Shat=2.1000000000e+01 Lhat=0.0000000000e+00
KNUTH_SUBTREE root=9166 depth=28 w=3.1925165203e+37 Shat=2.0000000000e+00 Lhat=0.0000000000e+00
KNUTH_SUBTREE root=9167 depth=28 w=8.5348327186e+38 Shat=3.0000000000e+00 Lhat=0.0000000000e+00
KNUTH_SUBTREE root=9168 depth=28 w=1.1312440041e+37 Shat=3.0000000000e+00 Lhat=0.0000000000e+00
KNUTH_SUBTREE root=9169 depth=28 w=7.7630494226e+38 Shat=1.7000000000e+01 Lhat=0.0000000000e+00
KNUTH_SUBTREE root=9170 depth=28 w=4.0356141632e+38 Shat=2.3158000000e+01 Lhat=0.0000000000e+00
KNUTH_SUBTREE root=9171 depth=28 w=7.7806248085e+38 Shat=5.0000000000e+00 Lhat=0.0000000000e+00
KNUTH_SUBTREE root=9172 depth=28 w=1.7186647510e+38 Shat=1.0000000000e+01 Lhat=0.0000000000e+00
KNUTH_SUBTREE root=9173 depth=28 w=2.7828655764e+38 Shat=1.0000000000e+01 Lhat=0.0000000000e+00
KNUTH_SUBTREE root=9174 depth=28 w=1.8404532197e+38 Shat=4.0000000000e+00 Lhat=0.0000000000e+00
KNUTH_SUBTREE root=9175 depth=28 w=4.7813060190e+37 Shat=3.0000000000e+00 Lhat=0.0000000000e+00
KNUTH_SUBTREE root=9176 depth=28 w=5.7159516388e+38 Shat=3.4800000000e+01 Lhat=0.0000000000e+00
KNUTH_SUBTREE root=9177 depth=28 w=2.7453118983e+39 Shat=1.3190000000e+01 Lhat=0.0000000000e+00
KNUTH_SUBTREE root=9178 depth=28 w=5.4909142501e+38 Shat=3.0000000000e+00 Lhat=0.0000000000e+00
KNUTH_SUBTREE root=9179 depth=28 w=8.8981882701e+38 Shat=1.6992000000e+01 Lhat=0.0000000000e+00
KNUTH_SUBTREE root=9180 depth=28 w=3.1474283943e+38 Shat=7.0000000000e+00 Lhat=0.0000000000e+00
KNUTH_SUBTREE root=9181 depth=28 w=1.8775370871e+39 Shat=1.0044000000e+01 Lhat=0.0000000000e+00
KNUTH_SUBTREE root=9182 depth=28 w=7.8347319708e+37 Shat=1.0000000000e+00 Lhat=0.0000000000e+00
KNUTH_SUBTREE root=9183 depth=28 w=2.2689681342e+39 Shat=1.4986000000e+01 Lhat=0.0000000000e+00
KNUTH_SUBTREE root=9184 depth=28 w=2.0982190167e+39 Shat=3.0000000000e+00 Lhat=0.0000000000e+00
KNUTH_SUBTREE root=9185 depth=28 w=0 Shat=0 Lhat=0 dead=1
KNUTH_SUBTREE root=9186 depth=28 w=3.2366991073e+37 Shat=2.0000000000e+00 Lhat=0.0000000000e+00
KNUTH_SUBTREE root=9187 depth=28 w=1.4792736769e+38 Shat=1.0000000000e+00 Lhat=0.0000000000e+00
KNUTH_SUBTREE root=9188 depth=28 w=3.5995049234e+38 Shat=1.7000000000e+01 Lhat=0.0000000000e+00
KNUTH_SUBTREE root=9189 depth=28 w=4.6399897239e+38 Shat=3.0000000000e+00 Lhat=0.0000000000e+00
KNUTH_SUBTREE root=9190 depth=28 w=1.1486029603e+38 Shat=4.2152000000e+01 Lhat=0.0000000000e+00
KNUTH_SUBTREE root=9191 depth=28 w=1.8761246933e+39 Shat=1.8088000000e+01 Lhat=0.0000000000e+00
KNUTH_SUBTREE root=9192 depth=28 w=2.6017908131e+39 Shat=7.9190000000e+01 Lhat=0.0000000000e+00
KNUTH_SUBTREE root=9193 depth=28 w=6.9428997603e+36 Shat=3.0000000000e+00 Lhat=0.0000000000e+00
KNUTH_SUBTREE root=9194 depth=28 w=2.6738645984e+38 Shat=1.3000000000e+01 Lhat=0.0000000000e+00
KNUTH_SUBTREE root=9195 depth=28 w=1.2918918162e+37 Shat=3.0000000000e+00 Lhat=0.0000000000e+00
KNUTH_SUBTREE root=9196 depth=28 w=2.9575931647e+39 Shat=1.6792000000e+01 Lhat=0.0000000000e+00
KNUTH_SUBTREE root=9197 depth=28 w=2.5959435136e+39 Shat=2.1108000000e+01 Lhat=0.0000000000e+00
KNUTH_SUBTREE root=9198 depth=28 w=8.0939329825e+38 Shat=3.0000000000e+00 Lhat=0.0000000000e+00
KNUTH_SUBTREE root=9199 depth=28 w=5.2628568723e+38 Shat=4.3448000000e+01 Lhat=0.0000000000e+00
KNUTH_SUBTREE root=9200 depth=28 w=1.4349688858e+38 Shat=6.5936000000e+01 Lhat=0.0000000000e+00
KNUTH_SUBTREE root=9201 depth=28 w=1.0472157265e+38 Shat=7.0000000000e+00 Lhat=0.0000000000e+00
KNUTH_SUBTREE root=9202 depth=28 w=5.4381153751e+38 Shat=8.3242000000e+01 Lhat=0.0000000000e+00
KNUTH_SUBTREE root=9203 depth=28 w=2.6824856184e+37 Shat=1.0132000000e+01 Lhat=0.0000000000e+00
KNUTH_SUBTREE root=9204 depth=28 w=1.0474416107e+39 Shat=8.1700000000e+00 Lhat=0.0000000000e+00
KNUTH_SUBTREE root=9205 depth=28 w=2.1526077843e+39 Shat=8.3806000000e+01 Lhat=0.0000000000e+00
KNUTH_SUBTREE root=9206 depth=28 w=3.5072583074e+38 Shat=2.0000000000e+00 Lhat=0.0000000000e+00
KNUTH_SUBTREE root=9207 depth=28 w=1.9791903924e+39 Shat=8.0000000000e+00 Lhat=0.0000000000e+00
KNUTH_SUBTREE root=9208 depth=28 w=1.0187440536e+39 Shat=2.7043000000e+01 Lhat=0.0000000000e+00
KNUTH_SUBTREE root=9209 depth=28 w=2.4078489325e+38 Shat=1.1023000000e+01 Lhat=0.0000000000e+00
KNUTH_SUBTREE root=9210 depth=28 w=2.3883702192e+39 Shat=8.6800000000e+01 Lhat=1.7600000000e+01
KNUTH_SUBTREE root=9211 depth=28 w=2.9763080547e+38 Shat=1.0000000000e+01 Lhat=0.0000000000e+00
KNUTH_SUBTREE root=9212 depth=28 w=8.5967778579e+37 Shat=1.0000000000e+00 Lhat=0.0000000000e+00
KNUTH_SUBTREE root=9213 depth=28 w=2.6044950240e+38 Shat=6.2803000000e+01 Lhat=0.0000000000e+00
KNUTH_SUBTREE root=9214 depth=28 w=1.1158261594e+38 Shat=1.0000000000e+00 Lhat=0.0000000000e+00
KNUTH_SUBTREE root=9215 depth=28 w=5.0621504984e+38 Shat=1.3000000000e+01 Lhat=0.0000000000e+00
KNUTH_SUBTREE root=9216 depth=28 w=2.7605777597e+39 Shat=7.9100000000e+00 Lhat=0.0000000000e+00
KNUTH_SUBTREE root=9217 depth=28 w=8.1129760875e+37 Shat=1.0000000000e+00 Lhat=0.0000000000e+00
KNUTH_SUBTREE root=9218 depth=28 w=2.2203321804e+36 Shat=1.0000000000e+00 Lhat=0.0000000000e+00
KNUTH_SUBTREE root=9219 depth=28 w=1.7961483004e+35 Shat=1.0000000000e+00 Lhat=0.0000000000e+00
KNUTH_SUBTREE root=9220 depth=28 w=2.6716715696e+38 Shat=1.3996000000e+01 Lhat=0.0000000000e+00
KNUTH_SUBTREE root=9221 depth=28 w=1.2370005967e+38 Shat=1.8151200000e+02 Lhat=0.0000000000e+00
KNUTH_SUBTREE root=9222 depth=28 w=1.5396840635e+38 Shat=1.4000000000e+01 Lhat=0.0000000000e+00
KNUTH_SUBTREE root=9223 depth=28 w=2.2139594141e+38 Shat=3.0000000000e+00 Lhat=0.0000000000e+00
KNUTH_SUBTREE root=9224 depth=28 w=0 Shat=0 Lhat=0 dead=1
KNUTH_SUBTREE root=9225 depth=28 w=6.8565510055e+37 Shat=3.0000000000e+00 Lhat=0.0000000000e+00
KNUTH_SUBTREE root=9226 depth=28 w=5.6299171238e+38 Shat=4.3145000000e+01 Lhat=0.0000000000e+00
KNUTH_SUBTREE root=9227 depth=28 w=9.2041192149e+38 Shat=1.4050000000e+01 Lhat=0.0000000000e+00
KNUTH_SUBTREE root=9228 depth=28 w=1.3201891048e+38 Shat=1.7860000000e+01 Lhat=0.0000000000e+00
KNUTH_SUBTREE root=9229 depth=28 w=1.3310893112e+37 Shat=1.0000000000e+00 Lhat=0.0000000000e+00
KNUTH_SUBTREE root=9230 depth=28 w=2.3984544220e+38 Shat=1.7620000000e+01 Lhat=0.0000000000e+00
KNUTH_SUBTREE root=9231 depth=28 w=2.7165459729e+39 Shat=1.3323000000e+02 Lhat=0.0000000000e+00
KNUTH_SUBTREE root=9232 depth=28 w=2.8057863930e+38 Shat=3.0000000000e+00 Lhat=0.0000000000e+00
KNUTH_SUBTREE root=9233 depth=28 w=5.6661627214e+37 Shat=2.0000000000e+00 Lhat=0.0000000000e+00
KNUTH_SUBTREE root=9234 depth=28 w=3.7261590865e+38 Shat=3.7132000000e+01 Lhat=0.0000000000e+00
KNUTH_SUBTREE root=9235 depth=28 w=7.0285106941e+38 Shat=2.0000000000e+00 Lhat=0.0000000000e+00
KNUTH_SUBTREE root=9236 depth=28 w=7.6701506678e+38 Shat=1.0000000000e+00 Lhat=0.0000000000e+00
KNUTH_SUBTREE root=9237 depth=28 w=2.3641905620e+38 Shat=1.6960000000e+01 Lhat=0.0000000000e+00
KNUTH_SUBTREE root=9238 depth=28 w=2.1296755065e+39 Shat=5.4788000000e+01 Lhat=0.0000000000e+00
KNUTH_SUBTREE root=9239 depth=28 w=1.7824983327e+38 Shat=1.3000000000e+01 Lhat=0.0000000000e+00
KNUTH_SUBTREE root=9240 depth=28 w=5.2243918846e+36 Shat=3.0000000000e+00 Lhat=0.0000000000e+00
KNUTH_SUBTREE root=9241 depth=28 w=1.7452397236e+38 Shat=1.0000000000e+01 Lhat=0.0000000000e+00
KNUTH_SUBTREE root=9242 depth=28 w=0 Shat=0 Lhat=0 dead=1
KNUTH_SUBTREE root=9243 depth=28 w=3.0323550014e+38 Shat=5.9116000000e+01 Lhat=0.0000000000e+00
KNUTH_SUBTREE root=9244 depth=28 w=3.0806692238e+38 Shat=4.5088000000e+01 Lhat=0.0000000000e+00
KNUTH_SUBTREE root=9245 depth=28 w=1.4765045972e+37 Shat=1.0000000000e+00 Lhat=0.0000000000e+00
KNUTH_SUBTREE root=9246 depth=28 w=3.0162638547e+38 Shat=1.0000000000e+00 Lhat=0.0000000000e+00
KNUTH_SUBTREE root=9247 depth=28 w=1.5997852622e+38 Shat=4.0000000000e+00 Lhat=0.0000000000e+00
KNUTH_SUBTREE root=9248 depth=28 w=2.3760802383e+38 Shat=2.9553000000e+01 Lhat=0.0000000000e+00
KNUTH_SUBTREE root=9249 depth=28 w=3.5200569224e+37 Shat=1.0000000000e+00 Lhat=0.0000000000e+00
KNUTH_SUBTREE root=9250 depth=28 w=7.3525122647e+38 Shat=1.1990000000e+01 Lhat=0.0000000000e+00
KNUTH_SUBTREE root=9251 depth=28 w=2.9295347916e+39 Shat=1.9068000000e+01 Lhat=0.0000000000e+00
KNUTH_SUBTREE root=9252 depth=28 w=1.1238414708e+38 Shat=2.5885000000e+01 Lhat=0.0000000000e+00
KNUTH_SUBTREE root=9253 depth=28 w=8.3126211830e+37 Shat=2.0000000000e+00 Lhat=0.0000000000e+00
KNUTH_SUBTREE root=9254 depth=28 w=4.3103856845e+38 Shat=1.4992000000e+01 Lhat=0.0000000000e+00
KNUTH_SUBTREE root=9255 depth=28 w=3.7853303382e+38 Shat=2.1000000000e+01 Lhat=0.0000000000e+00
KNUTH_SUBTREE root=9256 depth=28 w=8.5540855764e+38 Shat=3.0000000000e+00 Lhat=0.0000000000e+00
KNUTH_SUBTREE root=9257 depth=28 w=1.8358923429e+38 Shat=4.5226000000e+01 Lhat=0.0000000000e+00
KNUTH_SUBTREE root=9258 depth=28 w=2.2012164379e+36 Shat=1.0000000000e+01 Lhat=0.0000000000e+00
KNUTH_SUBTREE root=9259 depth=28 w=2.9654237311e+38 Shat=1.9280000000e+01 Lhat=0.0000000000e+00
KNUTH_SUBTREE root=9260 depth=28 w=4.6504757748e+38 Shat=7.9950000000e+01 Lhat=0.0000000000e+00
KNUTH_SUBTREE root=9261 depth=28 w=6.6029727347e+37 Shat=3.0000000000e+00 Lhat=0.0000000000e+00
KNUTH_SUBTREE root=9262 depth=28 w=1.4834547514e+39 Shat=5.9560000000e+00 Lhat=0.0000000000e+00
KNUTH_SUBTREE root=9263 depth=28 w=3.8065663531e+38 Shat=7.3352000000e+01 Lhat=0.0000000000e+00
KNUTH_SUBTREE root=9264 depth=28 w=1.0918954041e+39 Shat=7.9750000000e+00 Lhat=0.0000000000e+00
KNUTH_SUBTREE root=9265 depth=28 w=2.3831210386e+39 Shat=1.5136000000e+01 Lhat=0.0000000000e+00
KNUTH_SUBTREE root=9266 depth=28 w=5.5492506745e+36 Shat=7.0000000000e+00 Lhat=0.0000000000e+00
KNUTH_SUBTREE root=9267 depth=28 w=4.5465290641e+38 Shat=9.3248000000e+01 Lhat=0.0000000000e+00
KNUTH_SUBTREE root=9268 depth=28 w=4.5964465471e+38 Shat=3.0000000000e+00 Lhat=0.0000000000e+00
KNUTH_SUBTREE root=9269 depth=28 w=1.0734663576e+36 Shat=1.0000000000e+00 Lhat=0.0000000000e+00
KNUTH_SUBTREE root=9270 depth=28 w=1.5057299141e+39 Shat=2.7064000000e+01 Lhat=0.0000000000e+00
KNUTH_SUBTREE root=9271 depth=28 w=4.1785914271e+38 Shat=7.0600000000e+00 Lhat=0.0000000000e+00
KNUTH_SUBTREE root=9272 depth=28 w=1.5500162075e+39 Shat=4.5772000000e+01 Lhat=0.0000000000e+00
KNUTH_SUBTREE root=9273 depth=28 w=1.1136649248e+39 Shat=1.9060000000e+01 Lhat=0.0000000000e+00
KNUTH_SUBTREE root=9274 depth=28 w=2.5585360203e+38 Shat=1.3000000000e+01 Lhat=0.0000000000e+00
KNUTH_SUBTREE root=9275 depth=28 w=5.5715744526e+36 Shat=3.0000000000e+00 Lhat=0.0000000000e+00
KNUTH_SUBTREE root=9276 depth=28 w=1.4858613392e+39 Shat=7.0000000000e+00 Lhat=0.0000000000e+00
KNUTH_SUBTREE root=9277 depth=28 w=3.9316214142e+38 Shat=1.8647000000e+01 Lhat=0.0000000000e+00
KNUTH_SUBTREE root=9278 depth=28 w=1.7924548192e+38 Shat=5.0721000000e+01 Lhat=0.0000000000e+00
KNUTH_SUBTREE root=9279 depth=28 w=1.7319754630e+39 Shat=1.7373600000e+02 Lhat=0.0000000000e+00
KNUTH_SUBTREE root=9280 depth=28 w=0 Shat=0 Lhat=0 dead=1
KNUTH_SUBTREE root=9281 depth=28 w=1.6719601655e+38 Shat=1.3000000000e+01 Lhat=0.0000000000e+00
KNUTH_SUBTREE root=9282 depth=28 w=2.5628578777e+38 Shat=3.0000000000e+00 Lhat=0.0000000000e+00
KNUTH_SUBTREE root=9283 depth=28 w=2.2252547502e+38 Shat=4.0000000000e+00 Lhat=0.0000000000e+00
KNUTH_SUBTREE root=9284 depth=28 w=2.5046871351e+37 Shat=2.0000000000e+00 Lhat=0.0000000000e+00
KNUTH_SUBTREE root=9285 depth=28 w=3.4613234003e+38 Shat=1.0000000000e+00 Lhat=0.0000000000e+00
KNUTH_SUBTREE root=9286 depth=28 w=3.0768853630e+35 Shat=1.0000000000e+00 Lhat=0.0000000000e+00
KNUTH_SUBTREE root=9287 depth=28 w=3.2090227962e+37 Shat=1.0000000000e+00 Lhat=0.0000000000e+00
KNUTH_SUBTREE root=9288 depth=28 w=1.1166101996e+39 Shat=9.0000000000e+00 Lhat=0.0000000000e+00
KNUTH_SUBTREE root=9289 depth=28 w=0 Shat=0 Lhat=0 dead=1
KNUTH_SUBTREE root=9290 depth=28 w=1.3046766840e+37 Shat=5.0000000000e+00 Lhat=0.0000000000e+00
KNUTH_SUBTREE root=9291 depth=28 w=3.7824328580e+38 Shat=3.0000000000e+00 Lhat=0.0000000000e+00
KNUTH_SUBTREE root=9292 depth=28 w=3.9359340584e+38 Shat=4.4379000000e+01 Lhat=0.0000000000e+00
KNUTH_SUBTREE root=9293 depth=28 w=3.2015669580e+37 Shat=1.8808000000e+01 Lhat=0.0000000000e+00
KNUTH_SUBTREE root=9294 depth=28 w=7.1933721085e+37 Shat=8.0050000000e+00 Lhat=0.0000000000e+00
KNUTH_SUBTREE root=9295 depth=28 w=4.4537233764e+37 Shat=1.0000000000e+00 Lhat=0.0000000000e+00
KNUTH_SUBTREE root=9296 depth=28 w=1.0466283098e+38 Shat=1.0000000000e+01 Lhat=0.0000000000e+00
KNUTH_SUBTREE root=9297 depth=28 w=1.6718237706e+37 Shat=1.0000000000e+00 Lhat=0.0000000000e+00
KNUTH_SUBTREE root=9298 depth=28 w=5.8703418379e+38 Shat=7.0000000000e+00 Lhat=0.0000000000e+00
KNUTH_SUBTREE root=9299 depth=28 w=2.8169564870e+37 Shat=5.0000000000e+00 Lhat=0.0000000000e+00
KNUTH_SUBTREE root=9300 depth=28 w=4.9127648898e+38 Shat=9.9800000000e+00 Lhat=0.0000000000e+00
KNUTH_SUBTREE root=9301 depth=28 w=2.8231510593e+38 Shat=4.4140000000e+01 Lhat=0.0000000000e+00
KNUTH_SUBTREE root=9302 depth=28 w=0 Shat=0 Lhat=0 dead=1
KNUTH_SUBTREE root=9303 depth=28 w=1.2413362027e+38 Shat=3.9780000000e+00 Lhat=0.0000000000e+00
KNUTH_SUBTREE root=9304 depth=28 w=1.0895383927e+38 Shat=1.0000000000e+01 Lhat=0.0000000000e+00
KNUTH_SUBTREE root=9305 depth=28 w=9.9315703802e+38 Shat=2.0000000000e+00 Lhat=0.0000000000e+00
KNUTH_SUBTREE root=9306 depth=28 w=0 Shat=0 Lhat=0 dead=1
KNUTH_SUBTREE root=9307 depth=28 w=2.4008954483e+38 Shat=7.0000000000e+00 Lhat=0.0000000000e+00
KNUTH_SUBTREE root=9308 depth=28 w=3.4626707987e+39 Shat=3.0000000000e+00 Lhat=0.0000000000e+00
KNUTH_SUBTREE root=9309 depth=28 w=1.9082292937e+38 Shat=4.5832000000e+01 Lhat=0.0000000000e+00
KNUTH_SUBTREE root=9310 depth=28 w=1.9375162820e+39 Shat=4.6666000000e+01 Lhat=0.0000000000e+00
KNUTH_SUBTREE root=9311 depth=28 w=1.6693879499e+38 Shat=3.0000000000e+00 Lhat=0.0000000000e+00
KNUTH_SUBTREE root=9312 depth=28 w=3.0281892756e+39 Shat=7.9630000000e+00 Lhat=0.0000000000e+00
KNUTH_SUBTREE root=9313 depth=28 w=3.5910037198e+38 Shat=1.3000000000e+01 Lhat=0.0000000000e+00
KNUTH_SUBTREE root=9314 depth=28 w=7.9730368800e+38 Shat=1.0000000000e+01 Lhat=0.0000000000e+00
KNUTH_SUBTREE root=9315 depth=28 w=4.5339831686e+38 Shat=6.8816000000e+01 Lhat=0.0000000000e+00
KNUTH_SUBTREE root=9316 depth=28 w=2.5363292235e+38 Shat=2.0000000000e+00 Lhat=0.0000000000e+00
KNUTH_SUBTREE root=9317 depth=28 w=1.9515118223e+38 Shat=6.0370000000e+00 Lhat=0.0000000000e+00
KNUTH_SUBTREE root=9318 depth=28 w=1.8432850774e+38 Shat=2.9112000000e+01 Lhat=0.0000000000e+00
KNUTH_SUBTREE root=9319 depth=28 w=1.4133456375e+39 Shat=3.0000000000e+00 Lhat=0.0000000000e+00
KNUTH_SUBTREE root=9320 depth=28 w=1.7052126243e+38 Shat=3.0000000000e+00 Lhat=0.0000000000e+00
KNUTH_SUBTREE root=9321 depth=28 w=1.7042752122e+38 Shat=3.0000000000e+00 Lhat=0.0000000000e+00
KNUTH_SUBTREE root=9322 depth=28 w=1.0223804179e+39 Shat=3.4640000000e+01 Lhat=0.0000000000e+00
KNUTH_SUBTREE root=9323 depth=28 w=9.3628863708e+38 Shat=5.1256000000e+01 Lhat=0.0000000000e+00
KNUTH_SUBTREE root=9324 depth=28 w=1.4966335747e+38 Shat=1.0000000000e+00 Lhat=0.0000000000e+00
KNUTH_SUBTREE root=9325 depth=28 w=3.3358946015e+38 Shat=1.7000000000e+01 Lhat=0.0000000000e+00
KNUTH_SUBTREE root=9326 depth=28 w=7.0938699991e+38 Shat=1.0000000000e+00 Lhat=0.0000000000e+00
KNUTH_SUBTREE root=9327 depth=28 w=3.0602766602e+39 Shat=6.2242000000e+01 Lhat=0.0000000000e+00
KNUTH_SUBTREE root=9328 depth=28 w=2.1122697918e+37 Shat=1.0000000000e+00 Lhat=0.0000000000e+00
KNUTH_SUBTREE root=9329 depth=28 w=2.7666266191e+39 Shat=2.0880000000e+01 Lhat=0.0000000000e+00
KNUTH_SUBTREE root=9330 depth=28 w=9.4841324353e+38 Shat=1.9192000000e+01 Lhat=0.0000000000e+00
KNUTH_SUBTREE root=9331 depth=28 w=0 Shat=0 Lhat=0 dead=1
KNUTH_SUBTREE root=9332 depth=28 w=1.5405108743e+38 Shat=9.2328000000e+01 Lhat=0.0000000000e+00
KNUTH_SUBTREE root=9333 depth=28 w=1.9665717101e+38 Shat=1.0000000000e+00 Lhat=0.0000000000e+00
KNUTH_SUBTREE root=9334 depth=28 w=1.7773161700e+39 Shat=2.9176000000e+01 Lhat=0.0000000000e+00
KNUTH_SUBTREE root=9335 depth=28 w=3.3077709647e+39 Shat=4.9048000000e+01 Lhat=0.0000000000e+00
KNUTH_SUBTREE root=9336 depth=28 w=1.7208423342e+39 Shat=1.1046400000e+02 Lhat=0.0000000000e+00
KNUTH_SUBTREE root=9337 depth=28 w=4.2735333838e+38 Shat=6.4744000000e+01 Lhat=0.0000000000e+00
KNUTH_SUBTREE root=9338 depth=28 w=2.7117575164e+38 Shat=7.0000000000e+00 Lhat=0.0000000000e+00
KNUTH_SUBTREE root=9339 depth=28 w=8.5037616904e+37 Shat=1.0000000000e+01 Lhat=0.0000000000e+00
KNUTH_SUBTREE root=9340 depth=28 w=2.5315879368e+38 Shat=4.0000000000e+00 Lhat=0.0000000000e+00
KNUTH_SUBTREE root=9341 depth=28 w=6.4725602678e+38 Shat=1.3000000000e+01 Lhat=0.0000000000e+00
KNUTH_SUBTREE root=9342 depth=28 w=0 Shat=0 Lhat=0 dead=1
KNUTH_SUBTREE root=9343 depth=28 w=7.7634542886e+38 Shat=1.0000000000e+00 Lhat=0.0000000000e+00
KNUTH_SUBTREE root=9344 depth=28 w=6.4261382062e+38 Shat=7.5904000000e+01 Lhat=0.0000000000e+00
KNUTH_SUBTREE root=9345 depth=28 w=2.6450618961e+38 Shat=4.4044000000e+01 Lhat=0.0000000000e+00
KNUTH_SUBTREE root=9346 depth=28 w=3.6937786805e+38 Shat=1.0000000000e+00 Lhat=0.0000000000e+00
KNUTH_SUBTREE root=9347 depth=28 w=4.3872209949e+38 Shat=4.4108000000e+01 Lhat=0.0000000000e+00
KNUTH_SUBTREE root=9348 depth=28 w=3.8021612868e+38 Shat=2.4706000000e+01 Lhat=0.0000000000e+00
KNUTH_SUBTREE root=9349 depth=28 w=1.7194534601e+39 Shat=4.9540000000e+00 Lhat=0.0000000000e+00
KNUTH_SUBTREE root=9350 depth=28 w=3.3141155104e+39 Shat=3.8962000000e+01 Lhat=0.0000000000e+00
KNUTH_SUBTREE root=9351 depth=28 w=2.6587842830e+38 Shat=1.0416000000e+01 Lhat=0.0000000000e+00
KNUTH_SUBTREE root=9352 depth=28 w=1.4089749458e+39 Shat=1.3000000000e+01 Lhat=0.0000000000e+00
KNUTH_SUBTREE root=9353 depth=28 w=6.3920895749e+38 Shat=1.0920000000e+01 Lhat=0.0000000000e+00
KNUTH_SUBTREE root=9354 depth=28 w=9.8908431136e+38 Shat=3.4412000000e+01 Lhat=0.0000000000e+00
KNUTH_SUBTREE root=9355 depth=28 w=0 Shat=0 Lhat=0 dead=1
KNUTH_SUBTREE root=9356 depth=28 w=5.2823480400e+37 Shat=2.1223200000e+02 Lhat=0.0000000000e+00
KNUTH_SUBTREE root=9357 depth=28 w=2.9174716977e+39 Shat=9.5590000000e+01 Lhat=1.2060000000e+01
KNUTH_SUBTREE root=9358 depth=28 w=1.8308029345e+38 Shat=3.0000000000e+00 Lhat=0.0000000000e+00
KNUTH_SUBTREE root=9359 depth=28 w=6.5588584206e+38 Shat=3.0000000000e+00 Lhat=0.0000000000e+00
KNUTH_SUBTREE root=9360 depth=28 w=6.9151633612e+38 Shat=2.0000000000e+00 Lhat=0.0000000000e+00
KNUTH_SUBTREE root=9361 depth=28 w=0 Shat=0 Lhat=0 dead=1
KNUTH_SUBTREE root=9362 depth=28 w=8.2384730391e+37 Shat=5.0000000000e+00 Lhat=0.0000000000e+00
KNUTH_SUBTREE root=9363 depth=28 w=2.8570161249e+38 Shat=3.1060000000e+01 Lhat=0.0000000000e+00
KNUTH_SUBTREE root=9364 depth=28 w=2.6748569308e+38 Shat=4.0366000000e+01 Lhat=0.0000000000e+00
KNUTH_SUBTREE root=9365 depth=28 w=2.5041023403e+39 Shat=2.6000000000e+01 Lhat=0.0000000000e+00
KNUTH_SUBTREE root=9366 depth=28 w=7.4201700742e+38 Shat=3.0000000000e+00 Lhat=0.0000000000e+00
KNUTH_SUBTREE root=9367 depth=28 w=6.6877866309e+37 Shat=3.0000000000e+00 Lhat=0.0000000000e+00
KNUTH_SUBTREE root=9368 depth=28 w=2.3889247645e+37 Shat=5.0000000000e+00 Lhat=0.0000000000e+00
KNUTH_SUBTREE root=9369 depth=28 w=1.5449668798e+37 Shat=5.0000000000e+00 Lhat=0.0000000000e+00
KNUTH_SUBTREE root=9370 depth=28 w=3.2690002106e+38 Shat=1.8220000000e+01 Lhat=0.0000000000e+00
KNUTH_SUBTREE root=9371 depth=28 w=1.8127352356e+38 Shat=4.0100000000e+00 Lhat=0.0000000000e+00
KNUTH_SUBTREE root=9372 depth=28 w=2.2464288421e+38 Shat=2.6770000000e+01 Lhat=0.0000000000e+00
KNUTH_SUBTREE root=9373 depth=28 w=2.3490463397e+39 Shat=4.8172000000e+01 Lhat=0.0000000000e+00
KNUTH_SUBTREE root=9374 depth=28 w=9.2118328541e+37 Shat=1.0000000000e+01 Lhat=0.0000000000e+00
KNUTH_SUBTREE root=9375 depth=28 w=2.5160353042e+39 Shat=4.8380000000e+01 Lhat=0.0000000000e+00
KNUTH_SUBTREE root=9376 depth=28 w=9.1737618327e+38 Shat=6.7312000000e+01 Lhat=0.0000000000e+00
KNUTH_SUBTREE root=9377 depth=28 w=1.1938708572e+39 Shat=4.1885000000e+01 Lhat=0.0000000000e+00
KNUTH_SUBTREE root=9378 depth=28 w=2.4032680744e+38 Shat=2.1064000000e+01 Lhat=0.0000000000e+00
KNUTH_SUBTREE root=9379 depth=28 w=1.1467694413e+36 Shat=1.0000000000e+00 Lhat=0.0000000000e+00
KNUTH_SUBTREE root=9380 depth=28 w=2.5899778538e+38 Shat=7.0000000000e+00 Lhat=0.0000000000e+00
KNUTH_SUBTREE root=9381 depth=28 w=2.4832091558e+39 Shat=1.3433200000e+02 Lhat=0.0000000000e+00
KNUTH_SUBTREE root=9382 depth=28 w=3.4480759211e+39 Shat=4.5588000000e+01 Lhat=0.0000000000e+00
KNUTH_SUBTREE root=9383 depth=28 w=1.1691393406e+38 Shat=1.0000000000e+01 Lhat=0.0000000000e+00
KNUTH_SUBTREE root=9384 depth=28 w=2.5620212951e+38 Shat=7.0720000000e+00 Lhat=0.0000000000e+00
KNUTH_SUBTREE root=9385 depth=28 w=2.1442615496e+38 Shat=6.2455000000e+01 Lhat=0.0000000000e+00
KNUTH_SUBTREE root=9386 depth=28 w=4.0499656723e+38 Shat=2.5200000000e+01 Lhat=0.0000000000e+00
KNUTH_SUBTREE root=9387 depth=28 w=8.0748990828e+37 Shat=1.0000000000e+00 Lhat=0.0000000000e+00
KNUTH_SUBTREE root=9388 depth=28 w=2.0423502505e+35 Shat=1.0000000000e+00 Lhat=0.0000000000e+00
KNUTH_SUBTREE root=9389 depth=28 w=9.8593050383e+36 Shat=2.0000000000e+00 Lhat=0.0000000000e+00
KNUTH_SUBTREE root=9390 depth=28 w=1.6048188793e+38 Shat=7.0000000000e+00 Lhat=0.0000000000e+00
KNUTH_SUBTREE root=9391 depth=28 w=5.3515367970e+38 Shat=1.0000000000e+01 Lhat=0.0000000000e+00
KNUTH_SUBTREE root=9392 depth=28 w=1.8869037759e+38 Shat=1.6150000000e+01 Lhat=0.0000000000e+00
KNUTH_SUBTREE root=9393 depth=28 w=1.0433490620e+39 Shat=7.0000000000e+00 Lhat=0.0000000000e+00
KNUTH_SUBTREE root=9394 depth=28 w=2.1185589801e+38 Shat=4.0000000000e+00 Lhat=0.0000000000e+00
KNUTH_SUBTREE root=9395 depth=28 w=7.6868551024e+38 Shat=3.6907000000e+01 Lhat=0.0000000000e+00
KNUTH_SUBTREE root=9396 depth=28 w=1.9529531361e+38 Shat=2.8512000000e+01 Lhat=0.0000000000e+00
KNUTH_SUBTREE root=9397 depth=28 w=1.7270195428e+38 Shat=3.0000000000e+00 Lhat=0.0000000000e+00
KNUTH_SUBTREE root=9398 depth=28 w=6.0602348541e+38 Shat=2.2920000000e+01 Lhat=0.0000000000e+00
KNUTH_SUBTREE root=9399 depth=28 w=5.8126791682e+38 Shat=7.0000000000e+00 Lhat=0.0000000000e+00
KNUTH_SUBTREE root=9400 depth=28 w=2.6802435078e+38 Shat=3.0000000000e+00 Lhat=0.0000000000e+00
KNUTH_SUBTREE root=9401 depth=28 w=4.4594386752e+37 Shat=1.0000000000e+00 Lhat=0.0000000000e+00
KNUTH_SUBTREE root=9402 depth=28 w=3.7963573918e+38 Shat=6.0472000000e+01 Lhat=0.0000000000e+00
KNUTH_SUBTREE root=9403 depth=28 w=2.1299860087e+38 Shat=3.2836000000e+01 Lhat=0.0000000000e+00
KNUTH_SUBTREE root=9404 depth=28 w=7.6420294221e+38 Shat=1.0796000000e+02 Lhat=0.0000000000e+00
KNUTH_SUBTREE root=9405 depth=28 w=5.4353155727e+38 Shat=1.3952000000e+01 Lhat=0.0000000000e+00
KNUTH_SUBTREE root=9406 depth=28 w=1.8184203750e+37 Shat=1.0000000000e+00 Lhat=0.0000000000e+00
KNUTH_SUBTREE root=9407 depth=28 w=1.2005945297e+39 Shat=1.2136000000e+02 Lhat=0.0000000000e+00
KNUTH_SUBTREE root=9408 depth=28 w=6.6407314568e+37 Shat=3.0000000000e+00 Lhat=0.0000000000e+00
KNUTH_SUBTREE root=9409 depth=28 w=1.2288602119e+37 Shat=4.0000000000e+00 Lhat=0.0000000000e+00
KNUTH_SUBTREE root=9410 depth=28 w=1.0908246957e+39 Shat=5.9134000000e+01 Lhat=0.0000000000e+00
KNUTH_SUBTREE root=9411 depth=28 w=0 Shat=0 Lhat=0 dead=1
KNUTH_SUBTREE root=9412 depth=28 w=2.7363424587e+38 Shat=2.4960000000e+01 Lhat=0.0000000000e+00
KNUTH_SUBTREE root=9413 depth=28 w=5.0417394241e+38 Shat=1.2527100000e+02 Lhat=0.0000000000e+00
KNUTH_SUBTREE root=9414 depth=28 w=1.5330930137e+39 Shat=5.6895000000e+01 Lhat=0.0000000000e+00
KNUTH_SUBTREE root=9415 depth=28 w=2.8949406030e+39 Shat=2.1568000000e+01 Lhat=0.0000000000e+00
KNUTH_SUBTREE root=9416 depth=28 w=2.0348434984e+37 Shat=3.0000000000e+00 Lhat=0.0000000000e+00
KNUTH_SUBTREE root=9417 depth=28 w=1.5506640161e+38 Shat=1.0000000000e+00 Lhat=0.0000000000e+00
KNUTH_SUBTREE root=9418 depth=28 w=3.2789427795e+37 Shat=4.0000000000e+00 Lhat=0.0000000000e+00
KNUTH_SUBTREE root=9419 depth=28 w=1.8122040448e+38 Shat=5.8576000000e+01 Lhat=0.0000000000e+00
KNUTH_SUBTREE root=9420 depth=28 w=1.1931235949e+39 Shat=7.1119000000e+01 Lhat=0.0000000000e+00
KNUTH_SUBTREE root=9421 depth=28 w=5.3453413098e+38 Shat=6.0088000000e+01 Lhat=0.0000000000e+00
KNUTH_SUBTREE root=9422 depth=28 w=5.0481594470e+38 Shat=7.0000000000e+00 Lhat=0.0000000000e+00
KNUTH_SUBTREE root=9423 depth=28 w=2.2971024022e+38 Shat=7.1049000000e+01 Lhat=0.0000000000e+00
KNUTH_SUBTREE root=9424 depth=28 w=1.5424018144e+38 Shat=1.0000000000e+00 Lhat=0.0000000000e+00
KNUTH_SUBTREE root=9425 depth=28 w=2.5509500168e+39 Shat=6.1725000000e+01 Lhat=0.0000000000e+00
KNUTH_SUBTREE root=9426 depth=28 w=2.3965592343e+37 Shat=2.0000000000e+00 Lhat=0.0000000000e+00
KNUTH_SUBTREE root=9427 depth=28 w=3.5462522950e+39 Shat=5.3816000000e+01 Lhat=0.0000000000e+00
KNUTH_SUBTREE root=9428 depth=28 w=6.5001128024e+38 Shat=2.2577600000e+02 Lhat=0.0000000000e+00
KNUTH_SUBTREE root=9429 depth=28 w=1.3838988662e+37 Shat=1.0000000000e+00 Lhat=0.0000000000e+00
KNUTH_SUBTREE root=9430 depth=28 w=1.3814799626e+39 Shat=3.2904000000e+01 Lhat=0.0000000000e+00
KNUTH_SUBTREE root=9431 depth=28 w=4.8799776879e+37 Shat=1.0000000000e+00 Lhat=0.0000000000e+00
KNUTH_SUBTREE root=9432 depth=28 w=2.6441497055e+38 Shat=3.9940000000e+00 Lhat=0.0000000000e+00
KNUTH_SUBTREE root=9433 depth=28 w=2.6347289231e+37 Shat=9.0000000000e+00 Lhat=0.0000000000e+00
KNUTH_SUBTREE root=9434 depth=28 w=1.0497086913e+39 Shat=7.2216000000e+01 Lhat=0.0000000000e+00
KNUTH_SUBTREE root=9435 depth=28 w=1.3600893976e+39 Shat=2.0000000000e+00 Lhat=0.0000000000e+00
KNUTH_SUBTREE root=9436 depth=28 w=3.1126966155e+39 Shat=1.2876000000e+01 Lhat=0.0000000000e+00
KNUTH_SUBTREE root=9437 depth=28 w=4.6897342324e+38 Shat=3.4548000000e+01 Lhat=0.0000000000e+00
KNUTH_SUBTREE root=9438 depth=28 w=4.9916370933e+36 Shat=3.0000000000e+00 Lhat=0.0000000000e+00
KNUTH_SUBTREE root=9439 depth=28 w=1.7016954816e+38 Shat=9.0000000000e+00 Lhat=0.0000000000e+00
KNUTH_SUBTREE root=9440 depth=28 w=2.8921092470e+38 Shat=5.0000000000e+00 Lhat=0.0000000000e+00
KNUTH_SUBTREE root=9441 depth=28 w=2.6046948595e+38 Shat=1.1034400000e+02 Lhat=0.0000000000e+00
KNUTH_SUBTREE root=9442 depth=28 w=1.3312834352e+39 Shat=1.9008000000e+01 Lhat=0.0000000000e+00
KNUTH_SUBTREE root=9443 depth=28 w=4.2640562683e+37 Shat=1.0000000000e+00 Lhat=0.0000000000e+00
KNUTH_SUBTREE root=9444 depth=28 w=2.7909015480e+38 Shat=1.0000000000e+00 Lhat=0.0000000000e+00
KNUTH_SUBTREE root=9445 depth=28 w=3.0160855658e+38 Shat=6.8504000000e+01 Lhat=0.0000000000e+00
KNUTH_SUBTREE root=9446 depth=28 w=3.7470713647e+38 Shat=5.0928000000e+01 Lhat=0.0000000000e+00
KNUTH_SUBTREE root=9447 depth=28 w=1.2265491066e+38 Shat=1.0000000000e+01 Lhat=0.0000000000e+00
KNUTH_SUBTREE root=9448 depth=28 w=1.2858039165e+38 Shat=4.9520000000e+00 Lhat=0.0000000000e+00
KNUTH_SUBTREE root=9449 depth=28 w=5.4573492794e+37 Shat=1.0000000000e+00 Lhat=0.0000000000e+00
KNUTH_SUBTREE root=9450 depth=28 w=9.1238648552e+38 Shat=2.0000000000e+00 Lhat=0.0000000000e+00
KNUTH_SUBTREE root=9451 depth=28 w=1.6555919312e+38 Shat=3.0000000000e+00 Lhat=0.0000000000e+00
KNUTH_SUBTREE root=9452 depth=28 w=2.5869264231e+38 Shat=4.8892000000e+01 Lhat=0.0000000000e+00
KNUTH_SUBTREE root=9453 depth=28 w=6.1616021913e+38 Shat=5.0000000000e+00 Lhat=0.0000000000e+00
KNUTH_SUBTREE root=9454 depth=28 w=2.3367023382e+39 Shat=9.0000000000e+00 Lhat=0.0000000000e+00
KNUTH_SUBTREE root=9455 depth=28 w=2.1211766020e+38 Shat=8.9520000000e+00 Lhat=0.0000000000e+00
KNUTH_SUBTREE root=9456 depth=28 w=1.3156434232e+39 Shat=3.4285000000e+01 Lhat=0.0000000000e+00
KNUTH_SUBTREE root=9457 depth=28 w=4.8197968341e+36 Shat=2.0000000000e+00 Lhat=0.0000000000e+00
KNUTH_SUBTREE root=9458 depth=28 w=1.6790732681e+37 Shat=1.0000000000e+00 Lhat=0.0000000000e+00
KNUTH_SUBTREE root=9459 depth=28 w=3.2401422910e+38 Shat=2.0000000000e+00 Lhat=0.0000000000e+00
KNUTH_SUBTREE root=9460 depth=28 w=2.5082128782e+38 Shat=5.5216000000e+01 Lhat=0.0000000000e+00
KNUTH_SUBTREE root=9461 depth=28 w=1.0322739387e+38 Shat=2.0000000000e+00 Lhat=0.0000000000e+00
KNUTH_SUBTREE root=9462 depth=28 w=6.7687703736e+36 Shat=1.0000000000e+00 Lhat=0.0000000000e+00
KNUTH_SUBTREE root=9463 depth=28 w=2.6907091960e+38 Shat=2.6333000000e+01 Lhat=0.0000000000e+00
KNUTH_SUBTREE root=9464 depth=28 w=1.1167762121e+38 Shat=1.0000000000e+00 Lhat=0.0000000000e+00
KNUTH_SUBTREE root=9465 depth=28 w=2.1148564520e+39 Shat=5.9830000000e+00 Lhat=0.0000000000e+00
KNUTH_SUBTREE root=9466 depth=28 w=1.0749896188e+39 Shat=1.7195000000e+01 Lhat=0.0000000000e+00
KNUTH_SUBTREE root=9467 depth=28 w=0 Shat=0 Lhat=0 dead=1
KNUTH_SUBTREE root=9468 depth=28 w=1.3831293420e+39 Shat=1.5693000000e+01 Lhat=0.0000000000e+00
KNUTH_SUBTREE root=9469 depth=28 w=2.3381995236e+38 Shat=1.0000000000e+00 Lhat=0.0000000000e+00
KNUTH_SUBTREE root=9470 depth=28 w=4.6579070957e+36 Shat=1.0000000000e+00 Lhat=0.0000000000e+00
KNUTH_SUBTREE root=9471 depth=28 w=1.8493367968e+38 Shat=1.3615000000e+02 Lhat=0.0000000000e+00
KNUTH_SUBTREE root=9472 depth=28 w=5.4971136697e+37 Shat=2.0000000000e+00 Lhat=0.0000000000e+00
KNUTH_SUBTREE root=9473 depth=28 w=3.5924361368e+38 Shat=7.7587000000e+01 Lhat=0.0000000000e+00
KNUTH_SUBTREE root=9474 depth=28 w=1.3246354628e+37 Shat=2.0000000000e+00 Lhat=0.0000000000e+00
KNUTH_SUBTREE root=9475 depth=28 w=4.0731047684e+38 Shat=7.1120000000e+00 Lhat=0.0000000000e+00
KNUTH_SUBTREE root=9476 depth=28 w=2.0311570292e+39 Shat=7.5672000000e+01 Lhat=0.0000000000e+00
KNUTH_SUBTREE root=9477 depth=28 w=9.5676430596e+38 Shat=2.1710000000e+01 Lhat=0.0000000000e+00
KNUTH_SUBTREE root=9478 depth=28 w=3.0564849333e+39 Shat=1.3125000000e+01 Lhat=0.0000000000e+00
KNUTH_SUBTREE root=9479 depth=28 w=2.8937700403e+39 Shat=1.6872000000e+01 Lhat=0.0000000000e+00
KNUTH_SUBTREE root=9480 depth=28 w=2.1113293848e+38 Shat=3.0000000000e+00 Lhat=0.0000000000e+00
KNUTH_SUBTREE root=9481 depth=28 w=2.9983365178e+38 Shat=1.0022000000e+01 Lhat=0.0000000000e+00
KNUTH_SUBTREE root=9482 depth=28 w=2.6719048622e+38 Shat=7.0000000000e+00 Lhat=0.0000000000e+00
KNUTH_SUBTREE root=9483 depth=28 w=2.8424911813e+38 Shat=8.3216000000e+01 Lhat=0.0000000000e+00
KNUTH_SUBTREE root=9484 depth=28 w=8.0734355732e+38 Shat=2.6640000000e+01 Lhat=0.0000000000e+00
KNUTH_SUBTREE root=9485 depth=28 w=3.0583837276e+39 Shat=4.3464000000e+01 Lhat=0.0000000000e+00
KNUTH_SUBTREE root=9486 depth=28 w=1.7834622823e+38 Shat=2.0000000000e+00 Lhat=0.0000000000e+00
KNUTH_SUBTREE root=9487 depth=28 w=7.0091180199e+38 Shat=4.0116000000e+01 Lhat=0.0000000000e+00
KNUTH_SUBTREE root=9488 depth=28 w=2.2167817909e+38 Shat=4.0784000000e+01 Lhat=0.0000000000e+00
KNUTH_SUBTREE root=9489 depth=28 w=6.9776765542e+35 Shat=1.0000000000e+00 Lhat=0.0000000000e+00
KNUTH_SUBTREE root=9490 depth=28 w=2.6714752310e+35 Shat=3.0000000000e+00 Lhat=0.0000000000e+00
KNUTH_SUBTREE root=9491 depth=28 w=1.8255616351e+39 Shat=2.2865000000e+01 Lhat=0.0000000000e+00
KNUTH_SUBTREE root=9492 depth=28 w=3.1410507305e+39 Shat=5.4388000000e+01 Lhat=0.0000000000e+00
KNUTH_SUBTREE root=9493 depth=28 w=6.1971581943e+38 Shat=1.3000000000e+01 Lhat=0.0000000000e+00
KNUTH_SUBTREE root=9494 depth=28 w=3.3997381731e+38 Shat=4.0067000000e+01 Lhat=0.0000000000e+00
KNUTH_SUBTREE root=9495 depth=28 w=4.3907836203e+37 Shat=1.0000000000e+00 Lhat=0.0000000000e+00
KNUTH_SUBTREE root=9496 depth=28 w=5.3701856864e+38 Shat=2.6000000000e+01 Lhat=0.0000000000e+00
KNUTH_SUBTREE root=9497 depth=28 w=6.6625451414e+37 Shat=1.0000000000e+00 Lhat=0.0000000000e+00
KNUTH_SUBTREE root=9498 depth=28 w=0 Shat=0 Lhat=0 dead=1
KNUTH_SUBTREE root=9499 depth=28 w=1.3914813672e+39 Shat=3.0000000000e+00 Lhat=0.0000000000e+00
KNUTH_SUBTREE root=9500 depth=28 w=5.6045173616e+37 Shat=3.0000000000e+00 Lhat=0.0000000000e+00
KNUTH_SUBTREE root=9501 depth=28 w=3.7500858218e+38 Shat=2.2060000000e+01 Lhat=0.0000000000e+00
KNUTH_SUBTREE root=9502 depth=28 w=2.7423888157e+39 Shat=5.4310000000e+01 Lhat=0.0000000000e+00
KNUTH_SUBTREE root=9503 depth=28 w=1.1177405701e+39 Shat=2.1244000000e+01 Lhat=0.0000000000e+00
KNUTH_SUBTREE root=9504 depth=28 w=8.3456787272e+38 Shat=1.7945000000e+01 Lhat=0.0000000000e+00
KNUTH_SUBTREE root=9505 depth=28 w=2.0556840416e+37 Shat=1.0000000000e+00 Lhat=0.0000000000e+00
KNUTH_SUBTREE root=9506 depth=28 w=1.1351393955e+38 Shat=9.0000000000e+00 Lhat=0.0000000000e+00
KNUTH_SUBTREE root=9507 depth=28 w=1.2180291046e+39 Shat=7.0000000000e+00 Lhat=0.0000000000e+00
KNUTH_SUBTREE root=9508 depth=28 w=2.1521328312e+39 Shat=3.9922000000e+01 Lhat=0.0000000000e+00
KNUTH_SUBTREE root=9509 depth=28 w=9.7901967775e+37 Shat=5.0000000000e+00 Lhat=0.0000000000e+00
KNUTH_SUBTREE root=9510 depth=28 w=1.8302837635e+39 Shat=4.6864000000e+01 Lhat=0.0000000000e+00
KNUTH_SUBTREE root=9511 depth=28 w=1.9846481917e+38 Shat=7.0000000000e+00 Lhat=0.0000000000e+00
KNUTH_SUBTREE root=9512 depth=28 w=3.5810024586e+36 Shat=1.0000000000e+00 Lhat=0.0000000000e+00
KNUTH_SUBTREE root=9513 depth=28 w=2.1466053407e+38 Shat=1.3000000000e+01 Lhat=0.0000000000e+00
KNUTH_SUBTREE root=9514 depth=28 w=2.5174843208e+38 Shat=1.0000000000e+00 Lhat=0.0000000000e+00
KNUTH_SUBTREE root=9515 depth=28 w=3.2397423803e+39 Shat=2.7736000000e+01 Lhat=0.0000000000e+00
KNUTH_SUBTREE root=9516 depth=28 w=6.1603002350e+38 Shat=5.2790000000e+01 Lhat=0.0000000000e+00
KNUTH_SUBTREE root=9517 depth=28 w=1.7367734161e+39 Shat=1.4008000000e+01 Lhat=0.0000000000e+00
KNUTH_SUBTREE root=9518 depth=28 w=9.7668816445e+38 Shat=4.0000000000e+00 Lhat=0.0000000000e+00
KNUTH_SUBTREE root=9519 depth=28 w=8.3085705239e+36 Shat=2.0000000000e+00 Lhat=0.0000000000e+00
KNUTH_SUBTREE root=9520 depth=28 w=0 Shat=0 Lhat=0 dead=1
KNUTH_SUBTREE root=9521 depth=28 w=2.6018616266e+38 Shat=4.0000000000e+00 Lhat=0.0000000000e+00
KNUTH_SUBTREE root=9522 depth=28 w=1.2718485859e+39 Shat=5.5980000000e+01 Lhat=7.0400000000e+00
KNUTH_SUBTREE root=9523 depth=28 w=1.2627735858e+39 Shat=3.7575000000e+01 Lhat=0.0000000000e+00
KNUTH_SUBTREE root=9524 depth=28 w=6.7700472755e+38 Shat=7.2216000000e+01 Lhat=0.0000000000e+00
KNUTH_SUBTREE root=9525 depth=28 w=2.8093340998e+39 Shat=1.2034000000e+01 Lhat=0.0000000000e+00
KNUTH_SUBTREE root=9526 depth=28 w=7.4322152720e+37 Shat=3.0000000000e+00 Lhat=0.0000000000e+00
KNUTH_SUBTREE root=9527 depth=28 w=7.5069282387e+37 Shat=3.8956000000e+01 Lhat=0.0000000000e+00
KNUTH_SUBTREE root=9528 depth=28 w=1.7884320207e+39 Shat=1.4995200000e+02 Lhat=4.0616000000e+01
KNUTH_SUBTREE root=9529 depth=28 w=2.5673055457e+38 Shat=4.0000000000e+00 Lhat=0.0000000000e+00
KNUTH_SUBTREE root=9530 depth=28 w=1.8493137350e+39 Shat=1.2180000000e+01 Lhat=0.0000000000e+00
KNUTH_SUBTREE root=9531 depth=28 w=5.7960166022e+38 Shat=3.0000000000e+00 Lhat=0.0000000000e+00
KNUTH_SUBTREE root=9532 depth=28 w=1.4715769602e+37 Shat=1.0000000000e+00 Lhat=0.0000000000e+00
KNUTH_SUBTREE root=9533 depth=28 w=5.3605490829e+38 Shat=9.9455000000e+01 Lhat=0.0000000000e+00
KNUTH_SUBTREE root=9534 depth=28 w=1.9560846245e+39 Shat=1.0548800000e+02 Lhat=0.0000000000e+00
KNUTH_SUBTREE root=9535 depth=28 w=3.5162482503e+38 Shat=1.3000000000e+01 Lhat=0.0000000000e+00
KNUTH_SUBTREE root=9536 depth=28 w=2.2145235948e+38 Shat=5.4137000000e+01 Lhat=0.0000000000e+00
KNUTH_SUBTREE root=9537 depth=28 w=0 Shat=0 Lhat=0 dead=1
KNUTH_SUBTREE root=9538 depth=28 w=1.6550773778e+38 Shat=6.4504000000e+01 Lhat=0.0000000000e+00
KNUTH_SUBTREE root=9539 depth=28 w=1.8988828804e+38 Shat=4.0000000000e+00 Lhat=0.0000000000e+00
KNUTH_SUBTREE root=9540 depth=28 w=2.6947564522e+39 Shat=3.7281000000e+01 Lhat=0.0000000000e+00
KNUTH_SUBTREE root=9541 depth=28 w=2.5004953779e+38 Shat=7.0000000000e+00 Lhat=0.0000000000e+00
KNUTH_SUBTREE root=9542 depth=28 w=3.6199090019e+38 Shat=3.0000000000e+00 Lhat=0.0000000000e+00
KNUTH_SUBTREE root=9543 depth=28 w=1.2628527177e+38 Shat=1.0000000000e+00 Lhat=0.0000000000e+00
KNUTH_SUBTREE root=9544 depth=28 w=7.7363715063e+38 Shat=5.0340000000e+01 Lhat=0.0000000000e+00
KNUTH_SUBTREE root=9545 depth=28 w=8.0606390946e+37 Shat=3.0000000000e+00 Lhat=0.0000000000e+00
KNUTH_SUBTREE root=9546 depth=28 w=5.4781565559e+38 Shat=5.9350000000e+00 Lhat=0.0000000000e+00
KNUTH_SUBTREE root=9547 depth=28 w=4.2151094855e+38 Shat=2.0472000000e+01 Lhat=0.0000000000e+00
KNUTH_SUBTREE root=9548 depth=28 w=1.9240689788e+36 Shat=1.0000000000e+00 Lhat=0.0000000000e+00
KNUTH_SUBTREE root=9549 depth=28 w=6.8722154151e+38 Shat=5.0680000000e+00 Lhat=0.0000000000e+00
KNUTH_SUBTREE root=9550 depth=28 w=5.1783076727e+38 Shat=3.0000000000e+00 Lhat=0.0000000000e+00
KNUTH_SUBTREE root=9551 depth=28 w=7.5717516268e+38 Shat=1.3000000000e+01 Lhat=0.0000000000e+00
KNUTH_SUBTREE root=9552 depth=28 w=1.1234324309e+39 Shat=6.6635000000e+01 Lhat=0.0000000000e+00
KNUTH_SUBTREE root=9553 depth=28 w=4.9161698411e+38 Shat=2.0000000000e+00 Lhat=0.0000000000e+00
KNUTH_SUBTREE root=9554 depth=28 w=3.0588750962e+38 Shat=1.3940000000e+01 Lhat=0.0000000000e+00
KNUTH_SUBTREE root=9555 depth=28 w=2.1229693529e+38 Shat=1.5200000000e+01 Lhat=0.0000000000e+00
KNUTH_SUBTREE root=9556 depth=28 w=7.7914967724e+38 Shat=1.0000000000e+00 Lhat=0.0000000000e+00
KNUTH_SUBTREE root=9557 depth=28 w=5.3326285092e+38 Shat=1.2180000000e+01 Lhat=0.0000000000e+00
KNUTH_SUBTREE root=9558 depth=28 w=1.2924393477e+38 Shat=3.0000000000e+00 Lhat=0.0000000000e+00
KNUTH_SUBTREE root=9559 depth=28 w=1.1466979528e+38 Shat=2.0000000000e+00 Lhat=0.0000000000e+00
KNUTH_SUBTREE root=9560 depth=28 w=3.3099023742e+38 Shat=3.0000000000e+00 Lhat=0.0000000000e+00
KNUTH_SUBTREE root=9561 depth=28 w=2.7566528859e+39 Shat=1.3000000000e+01 Lhat=0.0000000000e+00
KNUTH_SUBTREE root=9562 depth=28 w=4.4458353465e+36 Shat=1.0000000000e+00 Lhat=0.0000000000e+00
KNUTH_SUBTREE root=9563 depth=28 w=2.2599840543e+39 Shat=3.0000000000e+00 Lhat=0.0000000000e+00
KNUTH_SUBTREE root=9564 depth=28 w=7.7529176739e+35 Shat=1.0000000000e+00 Lhat=0.0000000000e+00
KNUTH_SUBTREE root=9565 depth=28 w=2.4661976504e+38 Shat=4.0000000000e+00 Lhat=0.0000000000e+00
KNUTH_SUBTREE root=9566 depth=28 w=8.9668133061e+38 Shat=2.0000000000e+00 Lhat=0.0000000000e+00
KNUTH_SUBTREE root=9567 depth=28 w=5.1411083286e+38 Shat=1.6995000000e+01 Lhat=0.0000000000e+00
KNUTH_SUBTREE root=9568 depth=28 w=3.3763320127e+38 Shat=3.0000000000e+00 Lhat=0.0000000000e+00
KNUTH_SUBTREE root=9569 depth=28 w=0 Shat=0 Lhat=0 dead=1
KNUTH_SUBTREE root=9570 depth=28 w=7.3430032536e+37 Shat=1.0000000000e+00 Lhat=0.0000000000e+00
KNUTH_SUBTREE root=9571 depth=28 w=8.0480394134e+38 Shat=7.0000000000e+00 Lhat=0.0000000000e+00
KNUTH_SUBTREE root=9572 depth=28 w=2.5059994820e+38 Shat=4.0000000000e+00 Lhat=0.0000000000e+00
KNUTH_SUBTREE root=9573 depth=28 w=1.3260798777e+38 Shat=7.9712000000e+01 Lhat=8.8320000000e+00
KNUTH_SUBTREE root=9574 depth=28 w=7.9167927255e+37 Shat=3.0000000000e+00 Lhat=0.0000000000e+00
KNUTH_SUBTREE root=9575 depth=28 w=1.4880587975e+37 Shat=1.0000000000e+00 Lhat=0.0000000000e+00
KNUTH_SUBTREE root=9576 depth=28 w=3.2543495812e+38 Shat=2.8016000000e+01 Lhat=0.0000000000e+00
KNUTH_SUBTREE root=9577 depth=28 w=1.1397917134e+39 Shat=6.2584000000e+01 Lhat=0.0000000000e+00
KNUTH_SUBTREE root=9578 depth=28 w=2.2756251453e+37 Shat=1.0000000000e+00 Lhat=0.0000000000e+00
KNUTH_SUBTREE root=9579 depth=28 w=3.4552859596e+37 Shat=3.0000000000e+00 Lhat=0.0000000000e+00
KNUTH_SUBTREE root=9580 depth=28 w=2.6355363577e+39 Shat=1.5152000000e+01 Lhat=0.0000000000e+00
KNUTH_SUBTREE root=9581 depth=28 w=0 Shat=0 Lhat=0 dead=1
KNUTH_SUBTREE root=9582 depth=28 w=2.2965300725e+39 Shat=2.4896000000e+01 Lhat=0.0000000000e+00
KNUTH_SUBTREE root=9583 depth=28 w=2.9792177692e+39 Shat=7.0000000000e+00 Lhat=0.0000000000e+00
KNUTH_SUBTREE root=9584 depth=28 w=8.5905038794e+38 Shat=2.7510000000e+01 Lhat=0.0000000000e+00
KNUTH_SUBTREE root=9585 depth=28 w=2.5507332380e+39 Shat=7.1994000000e+01 Lhat=0.0000000000e+00
KNUTH_SUBTREE root=9586 depth=28 w=7.0393820890e+37 Shat=3.0000000000e+00 Lhat=0.0000000000e+00
KNUTH_SUBTREE root=9587 depth=28 w=1.7495984879e+38 Shat=5.7679000000e+01 Lhat=0.0000000000e+00
KNUTH_SUBTREE root=9588 depth=28 w=7.4451042853e+38 Shat=1.0000000000e+00 Lhat=0.0000000000e+00
KNUTH_SUBTREE root=9589 depth=28 w=1.4629074139e+38 Shat=2.7328000000e+01 Lhat=0.0000000000e+00
KNUTH_SUBTREE root=9590 depth=28 w=0 Shat=0 Lhat=0 dead=1
KNUTH_SUBTREE root=9591 depth=28 w=1.5928757031e+38 Shat=1.0000000000e+00 Lhat=0.0000000000e+00
KNUTH_SUBTREE root=9592 depth=28 w=5.8103534904e+37 Shat=1.0000000000e+00 Lhat=0.0000000000e+00
KNUTH_SUBTREE root=9593 depth=28 w=5.7493347127e+36 Shat=3.0000000000e+00 Lhat=0.0000000000e+00
KNUTH_SUBTREE root=9594 depth=28 w=6.7399333356e+37 Shat=1.0000000000e+01 Lhat=0.0000000000e+00
KNUTH_SUBTREE root=9595 depth=28 w=6.5316594303e+37 Shat=3.0000000000e+00 Lhat=0.0000000000e+00
KNUTH_SUBTREE root=9596 depth=28 w=9.1958055915e+38 Shat=1.1000000000e+01 Lhat=0.0000000000e+00
KNUTH_SUBTREE root=9597 depth=28 w=4.5623840587e+36 Shat=2.0000000000e+00 Lhat=0.0000000000e+00
KNUTH_SUBTREE root=9598 depth=28 w=1.8996119223e+39 Shat=6.0000000000e+00 Lhat=0.0000000000e+00
KNUTH_SUBTREE root=9599 depth=28 w=3.8327373704e+37 Shat=1.0000000000e+00 Lhat=0.0000000000e+00
KNUTH_SUBTREE root=9600 depth=28 w=4.3865964094e+37 Shat=1.0000000000e+00 Lhat=0.0000000000e+00
KNUTH_SUBTREE root=9601 depth=28 w=1.9857048704e+37 Shat=5.9720000000e+00 Lhat=0.0000000000e+00
KNUTH_SUBTREE root=9602 depth=28 w=1.7752560465e+37 Shat=1.0000000000e+00 Lhat=0.0000000000e+00
KNUTH_SUBTREE root=9603 depth=28 w=1.5619524765e+38 Shat=3.0000000000e+00 Lhat=0.0000000000e+00
KNUTH_SUBTREE root=9604 depth=28 w=5.2484251342e+37 Shat=1.0000000000e+00 Lhat=0.0000000000e+00
KNUTH_SUBTREE root=9605 depth=28 w=5.2492412284e+38 Shat=7.0000000000e+00 Lhat=0.0000000000e+00
KNUTH_SUBTREE root=9606 depth=28 w=1.2170357863e+39 Shat=1.1536600000e+02 Lhat=0.0000000000e+00
KNUTH_SUBTREE root=9607 depth=28 w=0 Shat=0 Lhat=0 dead=1
KNUTH_SUBTREE root=9608 depth=28 w=5.8383484082e+38 Shat=2.5801000000e+01 Lhat=0.0000000000e+00
KNUTH_SUBTREE root=9609 depth=28 w=1.9564554900e+37 Shat=3.0000000000e+00 Lhat=0.0000000000e+00
KNUTH_SUBTREE root=9610 depth=28 w=3.5699534828e+39 Shat=2.1804000000e+01 Lhat=0.0000000000e+00
KNUTH_SUBTREE root=9611 depth=28 w=2.7434159588e+37 Shat=1.0000000000e+00 Lhat=0.0000000000e+00
KNUTH_SUBTREE root=9612 depth=28 w=0 Shat=0 Lhat=0 dead=1
KNUTH_SUBTREE root=9613 depth=28 w=0 Shat=0 Lhat=0 dead=1
KNUTH_SUBTREE root=9614 depth=28 w=1.2092822052e+39 Shat=1.0000000000e+00 Lhat=0.0000000000e+00
KNUTH_SUBTREE root=9615 depth=28 w=3.1609332699e+38 Shat=5.4376000000e+01 Lhat=0.0000000000e+00
KNUTH_SUBTREE root=9616 depth=28 w=1.9971215313e+38 Shat=8.8360000000e+01 Lhat=0.0000000000e+00
KNUTH_SUBTREE root=9617 depth=28 w=5.3461492032e+38 Shat=1.1902000000e+01 Lhat=0.0000000000e+00
KNUTH_SUBTREE root=9618 depth=28 w=2.0052075700e+38 Shat=9.3400000000e+01 Lhat=0.0000000000e+00
KNUTH_SUBTREE root=9619 depth=28 w=7.7907043557e+37 Shat=1.0000000000e+00 Lhat=0.0000000000e+00
KNUTH_SUBTREE root=9620 depth=28 w=1.8660208611e+39 Shat=3.0000000000e+00 Lhat=0.0000000000e+00
KNUTH_SUBTREE root=9621 depth=28 w=2.4707364771e+39 Shat=5.2776000000e+01 Lhat=0.0000000000e+00
KNUTH_SUBTREE root=9622 depth=28 w=1.3606862410e+38 Shat=2.0000000000e+00 Lhat=0.0000000000e+00
KNUTH_SUBTREE root=9623 depth=28 w=0 Shat=0 Lhat=0 dead=1
KNUTH_SUBTREE root=9624 depth=28 w=1.9388126784e+36 Shat=1.0000000000e+00 Lhat=0.0000000000e+00
KNUTH_SUBTREE root=9625 depth=28 w=1.9419954816e+39 Shat=5.9985000000e+01 Lhat=0.0000000000e+00
KNUTH_SUBTREE root=9626 depth=28 w=6.0982812797e+38 Shat=1.9100000000e+01 Lhat=0.0000000000e+00
KNUTH_SUBTREE root=9627 depth=28 w=2.5817338342e+39 Shat=3.6624000000e+01 Lhat=0.0000000000e+00
KNUTH_SUBTREE root=9628 depth=28 w=2.2555763494e+37 Shat=1.0000000000e+00 Lhat=0.0000000000e+00
KNUTH_SUBTREE root=9629 depth=28 w=1.4585228608e+38 Shat=5.0000000000e+00 Lhat=0.0000000000e+00
KNUTH_SUBTREE root=9630 depth=28 w=2.2190813879e+37 Shat=4.0000000000e+00 Lhat=0.0000000000e+00
KNUTH_SUBTREE root=9631 depth=28 w=4.0724102463e+39 Shat=4.1875000000e+01 Lhat=0.0000000000e+00
KNUTH_SUBTREE root=9632 depth=28 w=3.2746406662e+38 Shat=9.0000000000e+00 Lhat=0.0000000000e+00
KNUTH_SUBTREE root=9633 depth=28 w=2.6625874147e+37 Shat=4.0000000000e+00 Lhat=0.0000000000e+00
KNUTH_SUBTREE root=9634 depth=28 w=3.8307154439e+38 Shat=2.2972000000e+01 Lhat=0.0000000000e+00
KNUTH_SUBTREE root=9635 depth=28 w=2.3996493914e+39 Shat=1.0000000000e+00 Lhat=0.0000000000e+00
KNUTH_SUBTREE root=9636 depth=28 w=7.2167091569e+37 Shat=1.3010000000e+01 Lhat=0.0000000000e+00
KNUTH_SUBTREE root=9637 depth=28 w=9.4180185736e+38 Shat=7.0000000000e+00 Lhat=0.0000000000e+00
KNUTH_SUBTREE root=9638 depth=28 w=1.4834690744e+38 Shat=1.0000000000e+00 Lhat=0.0000000000e+00
KNUTH_SUBTREE root=9639 depth=28 w=1.9491558214e+38 Shat=7.0000000000e+00 Lhat=0.0000000000e+00
KNUTH_SUBTREE root=9640 depth=28 w=8.3409198039e+35 Shat=1.0000000000e+00 Lhat=0.0000000000e+00
KNUTH_SUBTREE root=9641 depth=28 w=2.2875960937e+39 Shat=5.2780000000e+01 Lhat=0.0000000000e+00
KNUTH_SUBTREE root=9642 depth=28 w=2.1930877210e+38 Shat=6.0000000000e+00 Lhat=0.0000000000e+00
KNUTH_SUBTREE root=9643 depth=28 w=3.5887549421e+38 Shat=7.0732000000e+01 Lhat=0.0000000000e+00
KNUTH_SUBTREE root=9644 depth=28 w=3.7017218777e+38 Shat=1.0000000000e+00 Lhat=0.0000000000e+00
KNUTH_SUBTREE root=9645 depth=28 w=1.2109548822e+36 Shat=1.0000000000e+00 Lhat=0.0000000000e+00
KNUTH_SUBTREE root=9646 depth=28 w=2.3191074484e+37 Shat=1.0000000000e+00 Lhat=0.0000000000e+00
KNUTH_SUBTREE root=9647 depth=28 w=2.8247931216e+38 Shat=1.3000000000e+01 Lhat=0.0000000000e+00
KNUTH_SUBTREE root=9648 depth=28 w=2.8282880878e+39 Shat=7.3219000000e+01 Lhat=0.0000000000e+00
KNUTH_SUBTREE root=9649 depth=28 w=1.0662986454e+38 Shat=1.0000000000e+00 Lhat=0.0000000000e+00
KNUTH_SUBTREE root=9650 depth=28 w=4.2427288735e+38 Shat=1.8568000000e+01 Lhat=0.0000000000e+00
KNUTH_SUBTREE root=9651 depth=28 w=1.3902373077e+39 Shat=6.2215000000e+01 Lhat=0.0000000000e+00
KNUTH_SUBTREE root=9652 depth=28 w=1.3452441735e+39 Shat=1.0000000000e+00 Lhat=0.0000000000e+00
KNUTH_SUBTREE root=9653 depth=28 w=9.9819296930e+38 Shat=7.2519000000e+01 Lhat=0.0000000000e+00
KNUTH_SUBTREE root=9654 depth=28 w=2.4981054595e+38 Shat=4.0000000000e+00 Lhat=0.0000000000e+00
KNUTH_SUBTREE root=9655 depth=28 w=2.4453952199e+37 Shat=7.0000000000e+00 Lhat=0.0000000000e+00
KNUTH_SUBTREE root=9656 depth=28 w=2.9774167767e+38 Shat=1.1950000000e+01 Lhat=0.0000000000e+00
KNUTH_SUBTREE root=9657 depth=28 w=1.7467189431e+38 Shat=3.0000000000e+00 Lhat=0.0000000000e+00
KNUTH_SUBTREE root=9658 depth=28 w=3.3829017835e+36 Shat=2.0000000000e+00 Lhat=0.0000000000e+00
KNUTH_SUBTREE root=9659 depth=28 w=1.5094721619e+39 Shat=4.0000000000e+00 Lhat=0.0000000000e+00
KNUTH_SUBTREE root=9660 depth=28 w=7.7608082466e+38 Shat=5.0000000000e+00 Lhat=0.0000000000e+00
KNUTH_SUBTREE root=9661 depth=28 w=2.8067563358e+37 Shat=1.2001000000e+01 Lhat=0.0000000000e+00
KNUTH_SUBTREE root=9662 depth=28 w=1.0219163636e+38 Shat=1.0000000000e+01 Lhat=0.0000000000e+00
KNUTH_SUBTREE root=9663 depth=28 w=4.3811223984e+36 Shat=1.0000000000e+00 Lhat=0.0000000000e+00
KNUTH_SUBTREE root=9664 depth=28 w=6.0402602822e+37 Shat=2.0000000000e+00 Lhat=0.0000000000e+00
KNUTH_SUBTREE root=9665 depth=28 w=6.5795126891e+38 Shat=1.8482800000e+02 Lhat=6.8292000000e+01
KNUTH_SUBTREE root=9666 depth=28 w=4.1855332487e+38 Shat=3.0000000000e+00 Lhat=0.0000000000e+00
KNUTH_SUBTREE root=9667 depth=28 w=1.0619495894e+39 Shat=7.6362000000e+01 Lhat=0.0000000000e+00
KNUTH_SUBTREE root=9668 depth=28 w=3.8740436410e+38 Shat=7.3472000000e+01 Lhat=0.0000000000e+00
KNUTH_SUBTREE root=9669 depth=28 w=8.7378439000e+38 Shat=5.9248000000e+01 Lhat=0.0000000000e+00
KNUTH_SUBTREE root=9670 depth=28 w=1.8289372327e+39 Shat=3.0000000000e+00 Lhat=0.0000000000e+00
KNUTH_SUBTREE root=9671 depth=28 w=1.2035820633e+38 Shat=7.6936000000e+01 Lhat=0.0000000000e+00
KNUTH_SUBTREE root=9672 depth=28 w=4.6023844286e+38 Shat=5.2800000000e+01 Lhat=0.0000000000e+00
KNUTH_SUBTREE root=9673 depth=28 w=5.0538712128e+38 Shat=4.2055000000e+01 Lhat=0.0000000000e+00
KNUTH_SUBTREE root=9674 depth=28 w=3.1521621335e+38 Shat=1.3951000000e+01 Lhat=0.0000000000e+00
KNUTH_SUBTREE root=9675 depth=28 w=2.1554846124e+38 Shat=5.0000000000e+00 Lhat=0.0000000000e+00
KNUTH_SUBTREE root=9676 depth=28 w=8.5095510317e+38 Shat=3.0000000000e+00 Lhat=0.0000000000e+00
KNUTH_SUBTREE root=9677 depth=28 w=2.2710786113e+39 Shat=2.8830000000e+01 Lhat=0.0000000000e+00
KNUTH_SUBTREE root=9678 depth=28 w=1.4802084618e+37 Shat=2.0000000000e+00 Lhat=0.0000000000e+00
KNUTH_SUBTREE root=9679 depth=28 w=2.7109619735e+39 Shat=6.0454000000e+01 Lhat=0.0000000000e+00
KNUTH_SUBTREE root=9680 depth=28 w=1.7651099377e+37 Shat=1.0000000000e+00 Lhat=0.0000000000e+00
KNUTH_SUBTREE root=9681 depth=28 w=3.0807984026e+36 Shat=1.0000000000e+00 Lhat=0.0000000000e+00
KNUTH_SUBTREE root=9682 depth=28 w=1.8749841983e+39 Shat=4.8971000000e+01 Lhat=0.0000000000e+00
KNUTH_SUBTREE root=9683 depth=28 w=3.2798428150e+38 Shat=5.9410000000e+00 Lhat=0.0000000000e+00
KNUTH_SUBTREE root=9684 depth=28 w=9.3505511562e+38 Shat=2.1280000000e+01 Lhat=0.0000000000e+00
KNUTH_SUBTREE root=9685 depth=28 w=1.4301880951e+39 Shat=6.0388000000e+01 Lhat=3.4560000000e+00
KNUTH_SUBTREE root=9686 depth=28 w=3.2270505867e+38 Shat=1.7905000000e+01 Lhat=0.0000000000e+00
KNUTH_SUBTREE root=9687 depth=28 w=7.0658329295e+38 Shat=4.0000000000e+00 Lhat=0.0000000000e+00
KNUTH_SUBTREE root=9688 depth=28 w=0 Shat=0 Lhat=0 dead=1
KNUTH_SUBTREE root=9689 depth=28 w=1.2536521603e+39 Shat=1.9064000000e+01 Lhat=0.0000000000e+00
KNUTH_SUBTREE root=9690 depth=28 w=7.4713415748e+38 Shat=6.2082000000e+01 Lhat=0.0000000000e+00
KNUTH_SUBTREE root=9691 depth=28 w=1.7335177802e+39 Shat=1.4044000000e+01 Lhat=0.0000000000e+00
KNUTH_SUBTREE root=9692 depth=28 w=6.9064166429e+38 Shat=2.7256000000e+01 Lhat=0.0000000000e+00
KNUTH_SUBTREE root=9693 depth=28 w=2.5156318579e+38 Shat=6.8908000000e+01 Lhat=0.0000000000e+00
KNUTH_SUBTREE root=9694 depth=28 w=2.4300157549e+38 Shat=5.0007000000e+01 Lhat=0.0000000000e+00
KNUTH_SUBTREE root=9695 depth=28 w=4.1158194935e+37 Shat=1.0000000000e+00 Lhat=0.0000000000e+00
KNUTH_SUBTREE root=9696 depth=28 w=3.2519841846e+39 Shat=7.6698000000e+01 Lhat=0.0000000000e+00
KNUTH_SUBTREE root=9697 depth=28 w=1.3920225515e+38 Shat=1.2449600000e+02 Lhat=0.0000000000e+00
KNUTH_SUBTREE root=9698 depth=28 w=4.6215378838e+38 Shat=6.4600000000e+01 Lhat=0.0000000000e+00
KNUTH_SUBTREE root=9699 depth=28 w=7.3651482379e+38 Shat=2.8822000000e+01 Lhat=0.0000000000e+00
KNUTH_SUBTREE root=9700 depth=28 w=1.9169095323e+39 Shat=8.4944000000e+01 Lhat=0.0000000000e+00
KNUTH_SUBTREE root=9701 depth=28 w=2.9244445444e+38 Shat=2.0992000000e+01 Lhat=0.0000000000e+00
KNUTH_SUBTREE root=9702 depth=28 w=8.9470915061e+38 Shat=6.0000000000e+00 Lhat=0.0000000000e+00
KNUTH_SUBTREE root=9703 depth=28 w=7.6662438110e+38 Shat=4.8268000000e+01 Lhat=0.0000000000e+00
KNUTH_SUBTREE root=9704 depth=28 w=3.5171491152e+37 Shat=1.0000000000e+00 Lhat=0.0000000000e+00
KNUTH_SUBTREE root=9705 depth=28 w=2.0493307758e+39 Shat=1.1760000000e+01 Lhat=0.0000000000e+00
KNUTH_SUBTREE root=9706 depth=28 w=5.8319663102e+38 Shat=3.0000000000e+00 Lhat=0.0000000000e+00
KNUTH_SUBTREE root=9707 depth=28 w=1.2223701841e+39 Shat=1.0000000000e+00 Lhat=0.0000000000e+00
KNUTH_SUBTREE root=9708 depth=28 w=8.4212052957e+38 Shat=1.6976000000e+01 Lhat=0.0000000000e+00
KNUTH_SUBTREE root=9709 depth=28 w=2.0874031309e+39 Shat=7.0000000000e+00 Lhat=0.0000000000e+00
KNUTH_SUBTREE root=9710 depth=28 w=2.4844793038e+39 Shat=1.3130000000e+01 Lhat=0.0000000000e+00
KNUTH_SUBTREE root=9711 depth=28 w=0 Shat=0 Lhat=0 dead=1
KNUTH_SUBTREE root=9712 depth=28 w=2.9313320088e+39 Shat=1.3000000000e+01 Lhat=0.0000000000e+00
KNUTH_SUBTREE root=9713 depth=28 w=5.1162439435e+38 Shat=6.5729000000e+01 Lhat=0.0000000000e+00
KNUTH_SUBTREE root=9714 depth=28 w=0 Shat=0 Lhat=0 dead=1
KNUTH_SUBTREE root=9715 depth=28 w=3.5549166418e+39 Shat=3.7884000000e+01 Lhat=0.0000000000e+00
KNUTH_SUBTREE root=9716 depth=28 w=3.0295378487e+38 Shat=7.7741000000e+01 Lhat=0.0000000000e+00
KNUTH_SUBTREE root=9717 depth=28 w=7.1714266222e+38 Shat=1.9144000000e+01 Lhat=0.0000000000e+00
KNUTH_SUBTREE root=9718 depth=28 w=3.9938890904e+38 Shat=2.0000000000e+00 Lhat=0.0000000000e+00
KNUTH_SUBTREE root=9719 depth=28 w=2.1848639351e+38 Shat=2.0000000000e+00 Lhat=0.0000000000e+00
KNUTH_SUBTREE root=9720 depth=28 w=2.2224471063e+39 Shat=5.1876000000e+01 Lhat=0.0000000000e+00
KNUTH_SUBTREE root=9721 depth=28 w=2.7319755169e+37 Shat=1.0000000000e+00 Lhat=0.0000000000e+00
KNUTH_SUBTREE root=9722 depth=28 w=3.7144489239e+38 Shat=8.0000000000e+00 Lhat=0.0000000000e+00
KNUTH_SUBTREE root=9723 depth=28 w=3.4204895335e+38 Shat=4.0480000000e+00 Lhat=0.0000000000e+00
KNUTH_SUBTREE root=9724 depth=28 w=8.3356423212e+37 Shat=1.0000000000e+00 Lhat=0.0000000000e+00
KNUTH_SUBTREE root=9725 depth=28 w=2.2674483536e+38 Shat=4.4080000000e+01 Lhat=0.0000000000e+00
KNUTH_SUBTREE root=9726 depth=28 w=5.8577477791e+38 Shat=2.9512000000e+01 Lhat=0.0000000000e+00
KNUTH_SUBTREE root=9727 depth=28 w=0 Shat=0 Lhat=0 dead=1
KNUTH_SUBTREE root=9728 depth=28 w=2.5263281999e+39 Shat=2.3836000000e+01 Lhat=0.0000000000e+00
KNUTH_SUBTREE root=9729 depth=28 w=2.7706372220e+39 Shat=1.5000000000e+01 Lhat=0.0000000000e+00
KNUTH_SUBTREE root=9730 depth=28 w=1.4666237650e+37 Shat=1.6952000000e+01 Lhat=0.0000000000e+00
KNUTH_SUBTREE root=9731 depth=28 w=2.3700472566e+38 Shat=6.9072000000e+01 Lhat=0.0000000000e+00
KNUTH_SUBTREE root=9732 depth=28 w=6.1109999276e+37 Shat=1.0000000000e+00 Lhat=0.0000000000e+00
KNUTH_SUBTREE root=9733 depth=28 w=6.5645898025e+38 Shat=1.0413800000e+02 Lhat=0.0000000000e+00
KNUTH_SUBTREE root=9734 depth=28 w=6.4748042239e+38 Shat=5.0000000000e+00 Lhat=0.0000000000e+00
KNUTH_SUBTREE root=9735 depth=28 w=5.6908340277e+37 Shat=6.0000000000e+00 Lhat=0.0000000000e+00
KNUTH_SUBTREE root=9736 depth=28 w=1.7930477707e+39 Shat=2.9800000000e+01 Lhat=0.0000000000e+00
KNUTH_SUBTREE root=9737 depth=28 w=1.9142866093e+39 Shat=3.9860000000e+00 Lhat=0.0000000000e+00
KNUTH_SUBTREE root=9738 depth=28 w=4.5597479926e+37 Shat=5.0000000000e+00 Lhat=0.0000000000e+00
KNUTH_SUBTREE root=9739 depth=28 w=1.6210001587e+39 Shat=1.0271700000e+02 Lhat=0.0000000000e+00
KNUTH_SUBTREE root=9740 depth=28 w=1.7381276268e+38 Shat=3.0000000000e+00 Lhat=0.0000000000e+00
KNUTH_SUBTREE root=9741 depth=28 w=0 Shat=0 Lhat=0 dead=1
KNUTH_SUBTREE root=9742 depth=28 w=2.9440612935e+38 Shat=1.0526500000e+02 Lhat=0.0000000000e+00
KNUTH_SUBTREE root=9743 depth=28 w=9.3995472110e+38 Shat=3.0000000000e+00 Lhat=0.0000000000e+00
KNUTH_SUBTREE root=9744 depth=28 w=1.3956079642e+38 Shat=1.0000000000e+00 Lhat=0.0000000000e+00
KNUTH_SUBTREE root=9745 depth=28 w=7.0257265413e+38 Shat=2.8760000000e+01 Lhat=0.0000000000e+00
KNUTH_SUBTREE root=9746 depth=28 w=4.8930037294e+38 Shat=1.3096000000e+01 Lhat=0.0000000000e+00
KNUTH_SUBTREE root=9747 depth=28 w=2.0852210085e+38 Shat=2.3308000000e+01 Lhat=0.0000000000e+00
KNUTH_SUBTREE root=9748 depth=28 w=0 Shat=0 Lhat=0 dead=1
KNUTH_SUBTREE root=9749 depth=28 w=1.9402792757e+38 Shat=1.4787200000e+02 Lhat=0.0000000000e+00
KNUTH_SUBTREE root=9750 depth=28 w=2.8501603887e+37 Shat=1.0000000000e+00 Lhat=0.0000000000e+00
KNUTH_SUBTREE root=9751 depth=28 w=2.2765434512e+38 Shat=5.0000000000e+00 Lhat=0.0000000000e+00
KNUTH_SUBTREE root=9752 depth=28 w=0 Shat=0 Lhat=0 dead=1
KNUTH_SUBTREE root=9753 depth=28 w=1.6144118715e+38 Shat=2.0000000000e+00 Lhat=0.0000000000e+00
KNUTH_SUBTREE root=9754 depth=28 w=2.9402319714e+36 Shat=1.0000000000e+00 Lhat=0.0000000000e+00
KNUTH_SUBTREE root=9755 depth=28 w=9.5598002330e+37 Shat=3.0000000000e+00 Lhat=0.0000000000e+00
KNUTH_SUBTREE root=9756 depth=28 w=1.5393903298e+38 Shat=1.0000000000e+00 Lhat=0.0000000000e+00
KNUTH_SUBTREE root=9757 depth=28 w=3.5355023158e+38 Shat=1.6936800000e+02 Lhat=0.0000000000e+00
KNUTH_SUBTREE root=9758 depth=28 w=0 Shat=0 Lhat=0 dead=1
KNUTH_SUBTREE root=9759 depth=28 w=4.6369773760e+38 Shat=5.9415000000e+01 Lhat=0.0000000000e+00
KNUTH_SUBTREE root=9760 depth=28 w=5.8927124261e+38 Shat=5.2216000000e+01 Lhat=0.0000000000e+00
KNUTH_SUBTREE root=9761 depth=28 w=8.1222440081e+38 Shat=5.3554000000e+01 Lhat=0.0000000000e+00
KNUTH_SUBTREE root=9762 depth=28 w=2.2765882328e+38 Shat=1.7104000000e+01 Lhat=0.0000000000e+00
KNUTH_SUBTREE root=9763 depth=28 w=5.9665051367e+37 Shat=1.0000000000e+00 Lhat=0.0000000000e+00
KNUTH_SUBTREE root=9764 depth=28 w=4.4316786912e+38 Shat=4.7584000000e+01 Lhat=0.0000000000e+00
KNUTH_SUBTREE root=9765 depth=28 w=2.6230429921e+38 Shat=4.0000000000e+00 Lhat=0.0000000000e+00
KNUTH_SUBTREE root=9766 depth=28 w=2.9794830799e+39 Shat=2.0000000000e+00 Lhat=0.0000000000e+00
KNUTH_SUBTREE root=9767 depth=28 w=1.3106394652e+38 Shat=1.8130000000e+01 Lhat=0.0000000000e+00
KNUTH_SUBTREE root=9768 depth=28 w=7.1013697276e+37 Shat=3.0000000000e+00 Lhat=0.0000000000e+00
KNUTH_SUBTREE root=9769 depth=28 w=4.2644387435e+37 Shat=1.0000000000e+00 Lhat=0.0000000000e+00
KNUTH_SUBTREE root=9770 depth=28 w=3.6996373580e+37 Shat=1.0000000000e+00 Lhat=0.0000000000e+00
KNUTH_SUBTREE root=9771 depth=28 w=2.9853067919e+39 Shat=8.2608000000e+01 Lhat=0.0000000000e+00
KNUTH_SUBTREE root=9772 depth=28 w=1.9931784815e+39 Shat=3.4486000000e+01 Lhat=0.0000000000e+00
KNUTH_SUBTREE root=9773 depth=28 w=1.5609528499e+38 Shat=1.3000000000e+01 Lhat=0.0000000000e+00
KNUTH_SUBTREE root=9774 depth=28 w=1.2006231686e+39 Shat=4.2856000000e+01 Lhat=0.0000000000e+00
KNUTH_SUBTREE root=9775 depth=28 w=4.9817601263e+38 Shat=3.0000000000e+00 Lhat=0.0000000000e+00
KNUTH_SUBTREE root=9776 depth=28 w=9.8086210853e+38 Shat=6.0130000000e+00 Lhat=0.0000000000e+00
KNUTH_SUBTREE root=9777 depth=28 w=3.2997155772e+37 Shat=1.0000000000e+00 Lhat=0.0000000000e+00
KNUTH_SUBTREE root=9778 depth=28 w=0 Shat=0 Lhat=0 dead=1
KNUTH_SUBTREE root=9779 depth=28 w=1.1423787612e+36 Shat=1.0000000000e+00 Lhat=0.0000000000e+00
KNUTH_SUBTREE root=9780 depth=28 w=2.3338346705e+39 Shat=9.9920000000e+00 Lhat=0.0000000000e+00
KNUTH_SUBTREE root=9781 depth=28 w=1.0898967653e+39 Shat=1.8904000000e+01 Lhat=0.0000000000e+00
KNUTH_SUBTREE root=9782 depth=28 w=3.6514381079e+37 Shat=2.0000000000e+00 Lhat=0.0000000000e+00
KNUTH_SUBTREE root=9783 depth=28 w=3.7607365208e+37 Shat=2.0000000000e+00 Lhat=0.0000000000e+00
KNUTH_SUBTREE root=9784 depth=28 w=3.2527449326e+39 Shat=2.0140000000e+01 Lhat=0.0000000000e+00
KNUTH_SUBTREE root=9785 depth=28 w=4.7291801502e+37 Shat=1.0000000000e+01 Lhat=0.0000000000e+00
KNUTH_SUBTREE root=9786 depth=28 w=1.0479729802e+39 Shat=2.4994000000e+01 Lhat=0.0000000000e+00
KNUTH_SUBTREE root=9787 depth=28 w=5.4735863803e+38 Shat=1.3000000000e+01 Lhat=0.0000000000e+00
KNUTH_SUBTREE root=9788 depth=28 w=1.7442578292e+39 Shat=5.0000000000e+00 Lhat=0.0000000000e+00
KNUTH_SUBTREE root=9789 depth=28 w=2.0846804236e+38 Shat=3.0000000000e+00 Lhat=0.0000000000e+00
KNUTH_SUBTREE root=9790 depth=28 w=2.9193796939e+38 Shat=1.1690800000e+02 Lhat=0.0000000000e+00
KNUTH_SUBTREE root=9791 depth=28 w=1.2286933223e+39 Shat=6.9600000000e+01 Lhat=0.0000000000e+00
KNUTH_SUBTREE root=9792 depth=28 w=1.3202788068e+39 Shat=9.0628000000e+01 Lhat=0.0000000000e+00
KNUTH_SUBTREE root=9793 depth=28 w=5.8428613820e+38 Shat=7.1344000000e+01 Lhat=0.0000000000e+00
KNUTH_SUBTREE root=9794 depth=28 w=1.6309167499e+39 Shat=4.3108000000e+01 Lhat=0.0000000000e+00
KNUTH_SUBTREE root=9795 depth=28 w=3.0463734427e+39 Shat=7.8448000000e+01 Lhat=0.0000000000e+00
KNUTH_SUBTREE root=9796 depth=28 w=7.0553356368e+38 Shat=2.5775000000e+01 Lhat=0.0000000000e+00
KNUTH_SUBTREE root=9797 depth=28 w=2.6671603994e+37 Shat=1.0000000000e+00 Lhat=0.0000000000e+00
KNUTH_SUBTREE root=9798 depth=28 w=2.5715082349e+38 Shat=1.3000000000e+01 Lhat=0.0000000000e+00
KNUTH_SUBTREE root=9799 depth=28 w=4.3379468517e+37 Shat=3.0000000000e+00 Lhat=0.0000000000e+00
KNUTH_SUBTREE root=9800 depth=28 w=5.8922135207e+37 Shat=1.0000000000e+00 Lhat=0.0000000000e+00
KNUTH_SUBTREE root=9801 depth=28 w=1.4377848461e+39 Shat=4.0320000000e+00 Lhat=0.0000000000e+00
KNUTH_SUBTREE root=9802 depth=28 w=1.0068481603e+39 Shat=8.8980000000e+01 Lhat=0.0000000000e+00
KNUTH_SUBTREE root=9803 depth=28 w=7.0674298258e+37 Shat=1.0000000000e+00 Lhat=0.0000000000e+00
KNUTH_SUBTREE root=9804 depth=28 w=2.4907379518e+39 Shat=3.5881000000e+01 Lhat=0.0000000000e+00
KNUTH_SUBTREE root=9805 depth=28 w=9.0899392078e+38 Shat=1.6990000000e+01 Lhat=0.0000000000e+00
KNUTH_SUBTREE root=9806 depth=28 w=0 Shat=0 Lhat=0 dead=1
KNUTH_SUBTREE root=9807 depth=28 w=5.1316404143e+38 Shat=7.3128000000e+01 Lhat=0.0000000000e+00
KNUTH_SUBTREE root=9808 depth=28 w=0 Shat=0 Lhat=0 dead=1
KNUTH_SUBTREE root=9809 depth=28 w=2.1652041098e+38 Shat=1.0000000000e+00 Lhat=0.0000000000e+00
KNUTH_SUBTREE root=9810 depth=28 w=2.0822227666e+38 Shat=2.9596000000e+01 Lhat=0.0000000000e+00
KNUTH_SUBTREE root=9811 depth=28 w=2.3487316591e+39 Shat=2.7565000000e+01 Lhat=0.0000000000e+00
KNUTH_SUBTREE root=9812 depth=28 w=1.7892716414e+39 Shat=5.5288000000e+01 Lhat=0.0000000000e+00
KNUTH_SUBTREE root=9813 depth=28 w=4.6789059638e+36 Shat=2.0000000000e+00 Lhat=0.0000000000e+00
KNUTH_SUBTREE root=9814 depth=28 w=1.3554563165e+39 Shat=7.0000000000e+00 Lhat=0.0000000000e+00
KNUTH_SUBTREE root=9815 depth=28 w=5.8314569611e+37 Shat=2.1985000000e+01 Lhat=0.0000000000e+00
KNUTH_SUBTREE root=9816 depth=28 w=7.8125487999e+37 Shat=4.4776000000e+01 Lhat=0.0000000000e+00
KNUTH_SUBTREE root=9817 depth=28 w=3.1846643459e+39 Shat=4.0428000000e+01 Lhat=0.0000000000e+00
KNUTH_SUBTREE root=9818 depth=28 w=2.9439463046e+38 Shat=7.0000000000e+00 Lhat=0.0000000000e+00
KNUTH_SUBTREE root=9819 depth=28 w=2.9712615401e+39 Shat=6.0101000000e+01 Lhat=4.7040000000e+00
KNUTH_SUBTREE root=9820 depth=28 w=5.9551018833e+38 Shat=2.0000000000e+00 Lhat=0.0000000000e+00
KNUTH_SUBTREE root=9821 depth=28 w=6.9666409227e+38 Shat=6.2472000000e+01 Lhat=0.0000000000e+00
KNUTH_SUBTREE root=9822 depth=28 w=2.3086769363e+37 Shat=1.0000000000e+00 Lhat=0.0000000000e+00
KNUTH_SUBTREE root=9823 depth=28 w=8.0959633584e+36 Shat=3.0000000000e+00 Lhat=0.0000000000e+00
KNUTH_SUBTREE root=9824 depth=28 w=5.5309689438e+38 Shat=6.9480000000e+01 Lhat=0.0000000000e+00
KNUTH_SUBTREE root=9825 depth=28 w=3.1965931464e+38 Shat=4.0402000000e+01 Lhat=0.0000000000e+00
KNUTH_SUBTREE root=9826 depth=28 w=9.9176924563e+38 Shat=3.0000000000e+00 Lhat=0.0000000000e+00
KNUTH_SUBTREE root=9827 depth=28 w=2.1147394404e+39 Shat=3.2100000000e+01 Lhat=0.0000000000e+00
KNUTH_SUBTREE root=9828 depth=28 w=7.5352837332e+36 Shat=1.0000000000e+00 Lhat=0.0000000000e+00
KNUTH_SUBTREE root=9829 depth=28 w=4.9049535448e+37 Shat=1.0000000000e+00 Lhat=0.0000000000e+00
KNUTH_SUBTREE root=9830 depth=28 w=2.6403928387e+38 Shat=2.4964000000e+01 Lhat=0.0000000000e+00
KNUTH_SUBTREE root=9831 depth=28 w=3.0185580947e+36 Shat=1.0000000000e+00 Lhat=0.0000000000e+00
KNUTH_SUBTREE root=9832 depth=28 w=2.7917057133e+38 Shat=3.0109000000e+01 Lhat=0.0000000000e+00
KNUTH_SUBTREE root=9833 depth=28 w=9.8600934298e+38 Shat=2.8712000000e+01 Lhat=0.0000000000e+00
KNUTH_SUBTREE root=9834 depth=28 w=6.3081186991e+37 Shat=1.0000000000e+00 Lhat=0.0000000000e+00
KNUTH_SUBTREE root=9835 depth=28 w=0 Shat=0 Lhat=0 dead=1
KNUTH_SUBTREE root=9836 depth=28 w=2.7458455003e+38 Shat=4.6568000000e+01 Lhat=0.0000000000e+00
KNUTH_SUBTREE root=9837 depth=28 w=2.8155882303e+38 Shat=2.0000000000e+00 Lhat=0.0000000000e+00
KNUTH_SUBTREE root=9838 depth=28 w=0 Shat=0 Lhat=0 dead=1
KNUTH_SUBTREE root=9839 depth=28 w=1.1681494401e+37 Shat=6.0540000000e+00 Lhat=0.0000000000e+00
KNUTH_SUBTREE root=9840 depth=28 w=1.0872409310e+39 Shat=1.3000000000e+01 Lhat=0.0000000000e+00
KNUTH_SUBTREE root=9841 depth=28 w=5.0519083139e+37 Shat=1.5000000000e+01 Lhat=0.0000000000e+00
KNUTH_SUBTREE root=9842 depth=28 w=2.8342980416e+38 Shat=6.2648000000e+01 Lhat=0.0000000000e+00
KNUTH_SUBTREE root=9843 depth=28 w=3.5390539932e+38 Shat=5.0000000000e+00 Lhat=0.0000000000e+00
KNUTH_SUBTREE root=9844 depth=28 w=5.0042814660e+38 Shat=3.1084000000e+01 Lhat=0.0000000000e+00
KNUTH_SUBTREE root=9845 depth=28 w=3.7754381804e+38 Shat=1.0000000000e+00 Lhat=0.0000000000e+00
KNUTH_SUBTREE root=9846 depth=28 w=0 Shat=0 Lhat=0 dead=1
KNUTH_SUBTREE root=9847 depth=28 w=2.9815291909e+39 Shat=2.0650000000e+01 Lhat=0.0000000000e+00
KNUTH_SUBTREE root=9848 depth=28 w=1.7344690830e+38 Shat=2.0000000000e+00 Lhat=0.0000000000e+00
KNUTH_SUBTREE root=9849 depth=28 w=4.3292603610e+38 Shat=1.2937600000e+02 Lhat=0.0000000000e+00
KNUTH_SUBTREE root=9850 depth=28 w=0 Shat=0 Lhat=0 dead=1
KNUTH_SUBTREE root=9851 depth=28 w=7.1030667700e+36 Shat=8.1340000000e+00 Lhat=0.0000000000e+00
KNUTH_SUBTREE root=9852 depth=28 w=6.8404336685e+38 Shat=1.0000000000e+00 Lhat=0.0000000000e+00
KNUTH_SUBTREE root=9853 depth=28 w=1.1130268247e+37 Shat=1.0000000000e+00 Lhat=0.0000000000e+00
KNUTH_SUBTREE root=9854 depth=28 w=2.2593758004e+37 Shat=7.0000000000e+00 Lhat=0.0000000000e+00
KNUTH_SUBTREE root=9855 depth=28 w=6.5190650728e+38 Shat=3.8930000000e+01 Lhat=0.0000000000e+00
KNUTH_SUBTREE root=9856 depth=28 w=1.0418688476e+38 Shat=3.0000000000e+00 Lhat=0.0000000000e+00
KNUTH_SUBTREE root=9857 depth=28 w=5.1749714926e+38 Shat=4.0000000000e+00 Lhat=0.0000000000e+00
KNUTH_SUBTREE root=9858 depth=28 w=1.3450132367e+39 Shat=9.7472000000e+01 Lhat=0.0000000000e+00
KNUTH_SUBTREE root=9859 depth=28 w=1.7004182862e+38 Shat=5.9776000000e+01 Lhat=0.0000000000e+00
KNUTH_SUBTREE root=9860 depth=28 w=2.0898057796e+39 Shat=4.0000000000e+00 Lhat=0.0000000000e+00
KNUTH_SUBTREE root=9861 depth=28 w=2.3838929429e+36 Shat=1.0900000000e+01 Lhat=0.0000000000e+00
KNUTH_SUBTREE root=9862 depth=28 w=2.1066192604e+39 Shat=1.7145000000e+01 Lhat=0.0000000000e+00
KNUTH_SUBTREE root=9863 depth=28 w=1.4706197091e+39 Shat=6.0000000000e+00 Lhat=0.0000000000e+00
KNUTH_SUBTREE root=9864 depth=28 w=4.7451804239e+37 Shat=1.0000000000e+00 Lhat=0.0000000000e+00
KNUTH_SUBTREE root=9865 depth=28 w=2.6174571676e+37 Shat=3.0000000000e+00 Lhat=0.0000000000e+00
KNUTH_SUBTREE root=9866 depth=28 w=3.0431152387e+36 Shat=1.0000000000e+00 Lhat=0.0000000000e+00
KNUTH_SUBTREE root=9867 depth=28 w=1.4302392249e+38 Shat=3.0000000000e+00 Lhat=0.0000000000e+00
KNUTH_SUBTREE root=9868 depth=28 w=1.3935281599e+38 Shat=1.0000000000e+00 Lhat=0.0000000000e+00
KNUTH_SUBTREE root=9869 depth=28 w=1.2783984243e+38 Shat=1.9000000000e+01 Lhat=0.0000000000e+00
KNUTH_SUBTREE root=9870 depth=28 w=4.0600366737e+38 Shat=2.5339000000e+01 Lhat=0.0000000000e+00
KNUTH_SUBTREE root=9871 depth=28 w=3.1155862308e+39 Shat=1.9720000000e+01 Lhat=0.0000000000e+00
KNUTH_SUBTREE root=9872 depth=28 w=3.1083511927e+38 Shat=1.7786000000e+01 Lhat=0.0000000000e+00
KNUTH_SUBTREE root=9873 depth=28 w=4.2946702577e+38 Shat=4.9708000000e+01 Lhat=0.0000000000e+00
KNUTH_SUBTREE root=9874 depth=28 w=5.3366807627e+38 Shat=1.2888000000e+01 Lhat=0.0000000000e+00
KNUTH_SUBTREE root=9875 depth=28 w=2.5938812865e+39 Shat=1.0000000000e+00 Lhat=0.0000000000e+00
KNUTH_SUBTREE root=9876 depth=28 w=5.8907677948e+37 Shat=7.0000000000e+00 Lhat=0.0000000000e+00
KNUTH_SUBTREE root=9877 depth=28 w=0 Shat=0 Lhat=0 dead=1
KNUTH_SUBTREE root=9878 depth=28 w=1.1247108941e+38 Shat=5.0000000000e+00 Lhat=0.0000000000e+00
KNUTH_SUBTREE root=9879 depth=28 w=9.6841788787e+37 Shat=3.0000000000e+00 Lhat=0.0000000000e+00
KNUTH_SUBTREE root=9880 depth=28 w=3.4567597879e+38 Shat=3.9220000000e+01 Lhat=0.0000000000e+00
KNUTH_SUBTREE root=9881 depth=28 w=4.1567379362e+38 Shat=1.0285000000e+01 Lhat=0.0000000000e+00
KNUTH_SUBTREE root=9882 depth=28 w=3.0054803927e+37 Shat=5.0000000000e+00 Lhat=0.0000000000e+00
KNUTH_SUBTREE root=9883 depth=28 w=2.9108804682e+39 Shat=5.9986000000e+01 Lhat=0.0000000000e+00
KNUTH_SUBTREE root=9884 depth=28 w=8.0651089272e+38 Shat=1.0000000000e+01 Lhat=0.0000000000e+00
KNUTH_SUBTREE root=9885 depth=28 w=3.3304135981e+39 Shat=3.0000000000e+00 Lhat=0.0000000000e+00
KNUTH_SUBTREE root=9886 depth=28 w=5.8621930148e+36 Shat=1.0000000000e+00 Lhat=0.0000000000e+00
KNUTH_SUBTREE root=9887 depth=28 w=3.9139640273e+38 Shat=6.3904000000e+01 Lhat=0.0000000000e+00
KNUTH_SUBTREE root=9888 depth=28 w=1.0741456448e+39 Shat=2.0000000000e+00 Lhat=0.0000000000e+00
KNUTH_SUBTREE root=9889 depth=28 w=1.2476716054e+37 Shat=1.0000000000e+00 Lhat=0.0000000000e+00
KNUTH_SUBTREE root=9890 depth=28 w=2.4536222652e+37 Shat=1.0000000000e+00 Lhat=0.0000000000e+00
KNUTH_SUBTREE root=9891 depth=28 w=8.5447698069e+37 Shat=1.0000000000e+01 Lhat=0.0000000000e+00
KNUTH_SUBTREE root=9892 depth=28 w=2.6047761669e+38 Shat=3.0000000000e+00 Lhat=0.0000000000e+00
KNUTH_SUBTREE root=9893 depth=28 w=0 Shat=0 Lhat=0 dead=1
KNUTH_SUBTREE root=9894 depth=28 w=2.3132489799e+39 Shat=4.0584000000e+01 Lhat=0.0000000000e+00
KNUTH_SUBTREE root=9895 depth=28 w=0 Shat=0 Lhat=0 dead=1
KNUTH_SUBTREE root=9896 depth=28 w=3.4303918173e+39 Shat=2.4024000000e+01 Lhat=0.0000000000e+00
KNUTH_SUBTREE root=9897 depth=28 w=1.1899796954e+39 Shat=5.0000000000e+00 Lhat=0.0000000000e+00
KNUTH_SUBTREE root=9898 depth=28 w=4.3530627422e+38 Shat=6.3250000000e+01 Lhat=0.0000000000e+00
KNUTH_SUBTREE root=9899 depth=28 w=2.8104298585e+39 Shat=3.0000000000e+00 Lhat=0.0000000000e+00
KNUTH_SUBTREE root=9900 depth=28 w=2.9522228343e+38 Shat=1.2020000000e+01 Lhat=0.0000000000e+00
KNUTH_SUBTREE root=9901 depth=28 w=8.6175915583e+37 Shat=4.0000000000e+00 Lhat=0.0000000000e+00
KNUTH_SUBTREE root=9902 depth=28 w=1.0581981066e+39 Shat=6.6616000000e+01 Lhat=0.0000000000e+00
KNUTH_SUBTREE root=9903 depth=28 w=9.2759658853e+38 Shat=7.0000000000e+00 Lhat=0.0000000000e+00
KNUTH_SUBTREE root=9904 depth=28 w=2.1494399935e+36 Shat=1.0000000000e+00 Lhat=0.0000000000e+00
KNUTH_SUBTREE root=9905 depth=28 w=1.8713791306e+39 Shat=1.6744000000e+01 Lhat=0.0000000000e+00
KNUTH_SUBTREE root=9906 depth=28 w=1.3905712097e+38 Shat=1.8826000000e+01 Lhat=0.0000000000e+00
KNUTH_SUBTREE root=9907 depth=28 w=2.4601896759e+38 Shat=3.0000000000e+00 Lhat=0.0000000000e+00
KNUTH_SUBTREE root=9908 depth=28 w=8.8324479722e+38 Shat=7.0000000000e+00 Lhat=0.0000000000e+00
KNUTH_SUBTREE root=9909 depth=28 w=7.0521472477e+38 Shat=3.0000000000e+00 Lhat=0.0000000000e+00
KNUTH_SUBTREE root=9910 depth=28 w=5.0071752107e+38 Shat=1.3008000000e+01 Lhat=0.0000000000e+00
KNUTH_SUBTREE root=9911 depth=28 w=3.6631038832e+38 Shat=1.3076000000e+01 Lhat=0.0000000000e+00
KNUTH_SUBTREE root=9912 depth=28 w=7.2611627336e+37 Shat=8.0920000000e+00 Lhat=0.0000000000e+00
KNUTH_SUBTREE root=9913 depth=28 w=7.2818164431e+38 Shat=5.8774000000e+01 Lhat=0.0000000000e+00
KNUTH_SUBTREE root=9914 depth=28 w=1.4359031265e+39 Shat=5.0000000000e+00 Lhat=0.0000000000e+00
KNUTH_SUBTREE root=9915 depth=28 w=5.6756469875e+38 Shat=3.0000000000e+00 Lhat=0.0000000000e+00
KNUTH_SUBTREE root=9916 depth=28 w=2.2586476717e+38 Shat=2.0000000000e+00 Lhat=0.0000000000e+00
KNUTH_SUBTREE root=9917 depth=28 w=0 Shat=0 Lhat=0 dead=1
KNUTH_SUBTREE root=9918 depth=28 w=3.6342981559e+38 Shat=3.0000000000e+00 Lhat=0.0000000000e+00
KNUTH_SUBTREE root=9919 depth=28 w=4.9123406888e+38 Shat=1.0928000000e+01 Lhat=0.0000000000e+00
KNUTH_SUBTREE root=9920 depth=28 w=4.1217571054e+38 Shat=2.8984000000e+01 Lhat=0.0000000000e+00
KNUTH_SUBTREE root=9921 depth=28 w=1.3865793495e+38 Shat=2.0000000000e+00 Lhat=0.0000000000e+00
KNUTH_SUBTREE root=9922 depth=28 w=1.6997082453e+38 Shat=3.0000000000e+00 Lhat=0.0000000000e+00
KNUTH_SUBTREE root=9923 depth=28 w=5.7958760374e+38 Shat=1.0567800000e+02 Lhat=0.0000000000e+00
KNUTH_SUBTREE root=9924 depth=28 w=7.5207300351e+38 Shat=6.6368000000e+01 Lhat=0.0000000000e+00
KNUTH_SUBTREE root=9925 depth=28 w=2.0603255592e+38 Shat=1.0000000000e+00 Lhat=0.0000000000e+00
KNUTH_SUBTREE root=9926 depth=28 w=1.9989166066e+36 Shat=1.0000000000e+00 Lhat=0.0000000000e+00
KNUTH_SUBTREE root=9927 depth=28 w=5.4611758011e+37 Shat=3.0000000000e+00 Lhat=0.0000000000e+00
KNUTH_SUBTREE root=9928 depth=28 w=1.8467076589e+39 Shat=7.9780000000e+00 Lhat=0.0000000000e+00
KNUTH_SUBTREE root=9929 depth=28 w=4.2982073757e+38 Shat=6.6664000000e+01 Lhat=0.0000000000e+00
KNUTH_SUBTREE root=9930 depth=28 w=5.2109550868e+37 Shat=1.0000000000e+00 Lhat=0.0000000000e+00
KNUTH_SUBTREE root=9931 depth=28 w=0 Shat=0 Lhat=0 dead=1
KNUTH_SUBTREE root=9932 depth=28 w=3.2044225362e+36 Shat=3.0000000000e+00 Lhat=0.0000000000e+00
KNUTH_SUBTREE root=9933 depth=28 w=2.6155937810e+38 Shat=2.0000000000e+00 Lhat=0.0000000000e+00
KNUTH_SUBTREE root=9934 depth=28 w=5.5462946705e+37 Shat=1.0000000000e+00 Lhat=0.0000000000e+00
KNUTH_SUBTREE root=9935 depth=28 w=6.5375521741e+38 Shat=2.4272000000e+01 Lhat=0.0000000000e+00
KNUTH_SUBTREE root=9936 depth=28 w=2.7283144370e+38 Shat=1.2064000000e+01 Lhat=0.0000000000e+00
KNUTH_SUBTREE root=9937 depth=28 w=4.1316499602e+38 Shat=5.0000000000e+00 Lhat=0.0000000000e+00
KNUTH_SUBTREE root=9938 depth=28 w=4.9601502286e+37 Shat=2.0000000000e+00 Lhat=0.0000000000e+00
KNUTH_SUBTREE root=9939 depth=28 w=2.1103122215e+38 Shat=5.0000000000e+00 Lhat=0.0000000000e+00
KNUTH_SUBTREE root=9940 depth=28 w=2.0213468878e+39 Shat=3.0000000000e+00 Lhat=0.0000000000e+00
KNUTH_SUBTREE root=9941 depth=28 w=2.7963336038e+38 Shat=1.0000000000e+00 Lhat=0.0000000000e+00
KNUTH_SUBTREE root=9942 depth=28 w=1.6472032052e+39 Shat=1.2090000000e+01 Lhat=0.0000000000e+00
KNUTH_SUBTREE root=9943 depth=28 w=9.9846581422e+38 Shat=5.2294000000e+01 Lhat=0.0000000000e+00
KNUTH_SUBTREE root=9944 depth=28 w=5.7593212448e+38 Shat=7.3384000000e+01 Lhat=0.0000000000e+00
KNUTH_SUBTREE root=9945 depth=28 w=1.1737817979e+39 Shat=4.5076000000e+01 Lhat=0.0000000000e+00
KNUTH_SUBTREE root=9946 depth=28 w=9.6682310806e+37 Shat=5.0000000000e+00 Lhat=0.0000000000e+00
KNUTH_SUBTREE root=9947 depth=28 w=1.0983079071e+39 Shat=4.0683000000e+01 Lhat=0.0000000000e+00
KNUTH_SUBTREE root=9948 depth=28 w=1.3172890490e+38 Shat=2.7820000000e+01 Lhat=0.0000000000e+00
KNUTH_SUBTREE root=9949 depth=28 w=2.3884265260e+37 Shat=7.0000000000e+00 Lhat=0.0000000000e+00
KNUTH_SUBTREE root=9950 depth=28 w=8.0984859545e+38 Shat=8.7583000000e+01 Lhat=0.0000000000e+00
KNUTH_SUBTREE root=9951 depth=28 w=1.1735011389e+38 Shat=3.0000000000e+00 Lhat=0.0000000000e+00
KNUTH_SUBTREE root=9952 depth=28 w=2.9034826216e+38 Shat=2.1392800000e+02 Lhat=0.0000000000e+00
KNUTH_SUBTREE root=9953 depth=28 w=1.5818740212e+39 Shat=7.0000000000e+00 Lhat=0.0000000000e+00
KNUTH_SUBTREE root=9954 depth=28 w=1.5227650492e+38 Shat=5.0000000000e+00 Lhat=0.0000000000e+00
KNUTH_SUBTREE root=9955 depth=28 w=2.6955889891e+36 Shat=1.0000000000e+00 Lhat=0.0000000000e+00
KNUTH_SUBTREE root=9956 depth=28 w=0 Shat=0 Lhat=0 dead=1
KNUTH_SUBTREE root=9957 depth=28 w=4.2316084861e+37 Shat=2.0000000000e+00 Lhat=0.0000000000e+00
KNUTH_SUBTREE root=9958 depth=28 w=1.5999707758e+39 Shat=1.3852000000e+01 Lhat=0.0000000000e+00
KNUTH_SUBTREE root=9959 depth=28 w=4.2967858085e+38 Shat=9.8328000000e+01 Lhat=0.0000000000e+00
KNUTH_SUBTREE root=9960 depth=28 w=5.9821125379e+38 Shat=2.0000000000e+00 Lhat=0.0000000000e+00
KNUTH_SUBTREE root=9961 depth=28 w=1.1446144331e+39 Shat=1.9232000000e+01 Lhat=0.0000000000e+00
KNUTH_SUBTREE root=9962 depth=28 w=8.0625646112e+38 Shat=2.0000000000e+00 Lhat=0.0000000000e+00
KNUTH_SUBTREE root=9963 depth=28 w=1.4018345329e+39 Shat=2.0000000000e+00 Lhat=0.0000000000e+00
KNUTH_SUBTREE root=9964 depth=28 w=2.7188346689e+39 Shat=2.1070000000e+01 Lhat=0.0000000000e+00
KNUTH_SUBTREE root=9965 depth=28 w=1.2699468762e+38 Shat=1.0373600000e+02 Lhat=0.0000000000e+00
KNUTH_SUBTREE root=9966 depth=28 w=5.3655746929e+38 Shat=4.8256000000e+01 Lhat=0.0000000000e+00
KNUTH_SUBTREE root=9967 depth=28 w=6.1939835556e+38 Shat=4.6530000000e+01 Lhat=0.0000000000e+00
KNUTH_SUBTREE root=9968 depth=28 w=1.9035730540e+36 Shat=3.0000000000e+00 Lhat=0.0000000000e+00
KNUTH_SUBTREE root=9969 depth=28 w=1.6930147102e+39 Shat=6.2607000000e+01 Lhat=0.0000000000e+00
KNUTH_SUBTREE root=9970 depth=28 w=7.9397806434e+37 Shat=1.0000000000e+00 Lhat=0.0000000000e+00
KNUTH_SUBTREE root=9971 depth=28 w=1.4297904997e+39 Shat=3.0000000000e+00 Lhat=0.0000000000e+00
KNUTH_SUBTREE root=9972 depth=28 w=6.8643875306e+36 Shat=3.0000000000e+00 Lhat=0.0000000000e+00
KNUTH_SUBTREE root=9973 depth=28 w=8.4262256013e+38 Shat=1.3000000000e+01 Lhat=0.0000000000e+00
KNUTH_SUBTREE root=9974 depth=28 w=9.9187779858e+36 Shat=3.0000000000e+00 Lhat=0.0000000000e+00
KNUTH_SUBTREE root=9975 depth=28 w=1.0650999676e+38 Shat=1.0000000000e+01 Lhat=0.0000000000e+00
KNUTH_SUBTREE root=9976 depth=28 w=1.1277802556e+37 Shat=1.0000000000e+00 Lhat=0.0000000000e+00
KNUTH_SUBTREE root=9977 depth=28 w=4.9458784705e+38 Shat=5.2234000000e+01 Lhat=0.0000000000e+00
KNUTH_SUBTREE root=9978 depth=28 w=4.4630285567e+37 Shat=3.0000000000e+00 Lhat=0.0000000000e+00
KNUTH_SUBTREE root=9979 depth=28 w=0 Shat=0 Lhat=0 dead=1
KNUTH_SUBTREE root=9980 depth=28 w=6.1882684577e+37 Shat=3.0000000000e+00 Lhat=0.0000000000e+00
KNUTH_SUBTREE root=9981 depth=28 w=1.4983866821e+38 Shat=5.0000000000e+00 Lhat=0.0000000000e+00
KNUTH_SUBTREE root=9982 depth=28 w=2.8079470145e+39 Shat=1.4956000000e+01 Lhat=0.0000000000e+00
KNUTH_SUBTREE root=9983 depth=28 w=7.5827763780e+38 Shat=2.2216000000e+01 Lhat=0.0000000000e+00
KNUTH_SUBTREE root=9984 depth=28 w=9.5430512444e+38 Shat=4.5429000000e+01 Lhat=0.0000000000e+00
KNUTH_SUBTREE root=9985 depth=28 w=4.7696907609e+37 Shat=1.0000000000e+00 Lhat=0.0000000000e+00
KNUTH_SUBTREE root=9986 depth=28 w=1.5035713898e+39 Shat=3.0000000000e+00 Lhat=0.0000000000e+00
KNUTH_SUBTREE root=9987 depth=28 w=4.8934608190e+38 Shat=9.0720000000e+00 Lhat=0.0000000000e+00
KNUTH_SUBTREE root=9988 depth=28 w=6.0533837018e+38 Shat=1.3000000000e+01 Lhat=0.0000000000e+00
KNUTH_SUBTREE root=9989 depth=28 w=0 Shat=0 Lhat=0 dead=1
KNUTH_SUBTREE root=9990 depth=28 w=7.8889988041e+38 Shat=4.3930000000e+01 Lhat=0.0000000000e+00
KNUTH_SUBTREE root=9991 depth=28 w=2.9421644664e+38 Shat=1.1062000000e+01 Lhat=0.0000000000e+00
KNUTH_SUBTREE root=9992 depth=28 w=2.2411020514e+38 Shat=1.8034000000e+01 Lhat=0.0000000000e+00
KNUTH_SUBTREE root=9993 depth=28 w=1.1570363428e+38 Shat=4.9320000000e+00 Lhat=0.0000000000e+00
KNUTH_SUBTREE root=9994 depth=28 w=1.0523618452e+39 Shat=3.7960000000e+01 Lhat=0.0000000000e+00
KNUTH_SUBTREE root=9995 depth=28 w=8.7901849697e+38 Shat=5.0000000000e+00 Lhat=0.0000000000e+00
KNUTH_SUBTREE root=9996 depth=28 w=1.3289591636e+38 Shat=3.0000000000e+00 Lhat=0.0000000000e+00
KNUTH_SUBTREE root=9997 depth=28 w=1.2911674691e+39 Shat=1.0896000000e+01 Lhat=0.0000000000e+00
KNUTH_SUBTREE root=9998 depth=28 w=4.4485306876e+38 Shat=5.3000000000e+01 Lhat=0.0000000000e+00
KNUTH_SUBTREE root=9999 depth=28 w=1.6294888846e+38 Shat=1.0000000000e+01 Lhat=0.0000000000e+00
