[knuth] R5 SUBTREE SAMPLER: depth=26 roots=10000 probes/root=1000, 0 prefix level(s)
KNUTH_SUBTREE_HEADER depth=26 roots=10000 probes=1000 start_step=1
KNUTH_SUBTREE root=0 depth=26 w=2.8558165218e+37 Shat=2.7357760000e+03 Lhat=0.0000000000e+00
KNUTH_SUBTREE root=1 depth=26 w=1.3749348515e+37 Shat=2.4816070000e+03 Lhat=0.0000000000e+00
KNUTH_SUBTREE root=2 depth=26 w=3.7987538629e+36 Shat=5.6407200000e+02 Lhat=0.0000000000e+00
KNUTH_SUBTREE root=3 depth=26 w=2.6463110580e+37 Shat=5.0626000000e+02 Lhat=0.0000000000e+00
KNUTH_SUBTREE root=4 depth=26 w=3.9806508604e+36 Shat=1.5828160000e+03 Lhat=0.0000000000e+00
KNUTH_SUBTREE root=5 depth=26 w=2.2661889091e+36 Shat=1.8280800000e+02 Lhat=0.0000000000e+00
KNUTH_SUBTREE root=6 depth=26 w=3.2420854585e+37 Shat=3.7004160000e+03 Lhat=0.0000000000e+00
KNUTH_SUBTREE root=7 depth=26 w=4.6365003156e+36 Shat=3.3697900000e+02 Lhat=0.0000000000e+00
KNUTH_SUBTREE root=8 depth=26 w=1.1214078054e+37 Shat=3.0213600000e+02 Lhat=0.0000000000e+00
KNUTH_SUBTREE root=9 depth=26 w=3.5464533061e+36 Shat=4.2484000000e+02 Lhat=0.0000000000e+00
KNUTH_SUBTREE root=10 depth=26 w=1.6422725573e+36 Shat=6.2584000000e+01 Lhat=0.0000000000e+00
KNUTH_SUBTREE root=11 depth=26 w=9.9236224934e+36 Shat=1.9388480000e+03 Lhat=0.0000000000e+00
KNUTH_SUBTREE root=12 depth=26 w=7.3529467157e+36 Shat=3.2522500000e+02 Lhat=0.0000000000e+00
KNUTH_SUBTREE root=13 depth=26 w=2.7223466842e+37 Shat=3.0000000000e+00 Lhat=0.0000000000e+00
KNUTH_SUBTREE root=14 depth=26 w=2.1312891590e+36 Shat=2.5868800000e+02 Lhat=0.0000000000e+00
KNUTH_SUBTREE root=15 depth=26 w=2.7146249777e+36 Shat=7.9000000000e+01 Lhat=0.0000000000e+00
KNUTH_SUBTREE root=16 depth=26 w=6.6291290379e+36 Shat=8.6111200000e+02 Lhat=0.0000000000e+00
KNUTH_SUBTREE root=17 depth=26 w=1.4565856698e+37 Shat=6.3900800000e+02 Lhat=0.0000000000e+00
KNUTH_SUBTREE root=18 depth=26 w=2.8483473300e+37 Shat=1.6480560000e+03 Lhat=4.3776000000e+01
KNUTH_SUBTREE root=19 depth=26 w=8.2813427150e+36 Shat=2.1178360000e+03 Lhat=0.0000000000e+00
KNUTH_SUBTREE root=20 depth=26 w=1.6591731984e+37 Shat=3.0649920000e+03 Lhat=1.2192000000e+02
KNUTH_SUBTREE root=21 depth=26 w=1.7082484033e+36 Shat=7.5055600000e+02 Lhat=0.0000000000e+00
KNUTH_SUBTREE root=22 depth=26 w=3.0893060726e+36 Shat=1.5633760000e+03 Lhat=0.0000000000e+00
KNUTH_SUBTREE root=23 depth=26 w=4.2702093692e+36 Shat=9.0542000000e+02 Lhat=0.0000000000e+00
KNUTH_SUBTREE root=24 depth=26 w=2.2767267688e+37 Shat=1.6631900000e+02 Lhat=0.0000000000e+00
KNUTH_SUBTREE root=25 depth=26 w=2.2685994399e+37 Shat=2.4419900000e+02 Lhat=0.0000000000e+00
KNUTH_SUBTREE root=26 depth=26 w=7.6149497219e+36 Shat=5.9682700000e+02 Lhat=0.0000000000e+00
KNUTH_SUBTREE root=27 depth=26 w=4.3269499975e+36 Shat=1.2491150000e+03 Lhat=0.0000000000e+00
KNUTH_SUBTREE root=28 depth=26 w=2.6687159751e+37 Shat=3.6738100000e+03 Lhat=0.0000000000e+00
KNUTH_SUBTREE root=29 depth=26 w=9.0253185892e+36 Shat=1.9326000000e+02 Lhat=0.0000000000e+00
KNUTH_SUBTREE root=30 depth=26 w=1.8119695315e+37 Shat=3.5699760000e+03 Lhat=0.0000000000e+00
KNUTH_SUBTREE root=31 depth=26 w=1.8593623447e+36 Shat=4.0000000000e+00 Lhat=0.0000000000e+00
KNUTH_SUBTREE root=32 depth=26 w=3.1451093032e+36 Shat=4.1271880000e+03 Lhat=0.0000000000e+00
KNUTH_SUBTREE root=33 depth=26 w=4.4905103266e+36 Shat=7.4584000000e+01 Lhat=0.0000000000e+00
KNUTH_SUBTREE root=34 depth=26 w=9.7238638741e+36 Shat=1.7749480000e+03 Lhat=0.0000000000e+00
KNUTH_SUBTREE root=35 depth=26 w=8.9885730555e+36 Shat=7.9000000000e+01 Lhat=0.0000000000e+00
KNUTH_SUBTREE root=36 depth=26 w=8.5362066347e+36 Shat=7.4996800000e+02 Lhat=0.0000000000e+00
KNUTH_SUBTREE root=37 depth=26 w=5.8151014651e+36 Shat=5.6672000000e+02 Lhat=0.0000000000e+00
KNUTH_SUBTREE root=38 depth=26 w=1.4573144001e+37 Shat=2.8849000000e+02 Lhat=0.0000000000e+00
KNUTH_SUBTREE root=39 depth=26 w=5.6296115332e+36 Shat=1.2501400000e+03 Lhat=0.0000000000e+00
KNUTH_SUBTREE root=40 depth=26 w=2.9356285457e+36 Shat=1.0096600000e+02 Lhat=0.0000000000e+00
KNUTH_SUBTREE root=41 depth=26 w=5.0245085936e+36 Shat=3.0000000000e+00 Lhat=0.0000000000e+00
KNUTH_SUBTREE root=42 depth=26 w=3.0111064321e+36 Shat=1.2390800000e+03 Lhat=0.0000000000e+00
KNUTH_SUBTREE root=43 depth=26 w=2.4770294228e+37 Shat=2.4943150000e+03 Lhat=0.0000000000e+00
KNUTH_SUBTREE root=44 depth=26 w=2.2662433713e+37 Shat=3.9395900000e+02 Lhat=0.0000000000e+00
KNUTH_SUBTREE root=45 depth=26 w=3.1839374410e+37 Shat=6.3508400000e+03 Lhat=0.0000000000e+00
KNUTH_SUBTREE root=46 depth=26 w=1.0083003223e+37 Shat=3.7016000000e+01 Lhat=0.0000000000e+00
KNUTH_SUBTREE root=47 depth=26 w=2.5060390515e+37 Shat=7.9000000000e+01 Lhat=0.0000000000e+00
KNUTH_SUBTREE root=48 depth=26 w=1.6933960092e+37 Shat=1.1000000000e+01 Lhat=0.0000000000e+00
KNUTH_SUBTREE root=49 depth=26 w=6.9272927526e+36 Shat=1.2121330000e+03 Lhat=1.1237600000e+02
KNUTH_SUBTREE root=50 depth=26 w=1.2845602366e+37 Shat=1.0198000000e+02 Lhat=0.0000000000e+00
KNUTH_SUBTREE root=51 depth=26 w=2.1683031903e+36 Shat=3.1811680000e+03 Lhat=0.0000000000e+00
KNUTH_SUBTREE root=52 depth=26 w=4.9601379058e+36 Shat=4.4972400000e+03 Lhat=0.0000000000e+00
KNUTH_SUBTREE root=53 depth=26 w=2.4881402226e+37 Shat=1.1000000000e+01 Lhat=0.0000000000e+00
KNUTH_SUBTREE root=54 depth=26 w=1.4988599469e+37 Shat=9.5531600000e+02 Lhat=0.0000000000e+00
KNUTH_SUBTREE root=55 depth=26 w=4.8094043422e+36 Shat=7.0301200000e+02 Lhat=0.0000000000e+00
KNUTH_SUBTREE root=56 depth=26 w=6.3959475838e+36 Shat=4.1262400000e+02 Lhat=0.0000000000e+00
KNUTH_SUBTREE root=57 depth=26 w=1.4350889889e+37 Shat=3.6000000000e+01 Lhat=0.0000000000e+00
KNUTH_SUBTREE root=58 depth=26 w=9.2402993514e+36 Shat=9.8264500000e+02 Lhat=0.0000000000e+00
KNUTH_SUBTREE root=59 depth=26 w=4.3466291497e+36 Shat=5.0782000000e+03 Lhat=0.0000000000e+00
KNUTH_SUBTREE root=60 depth=26 w=3.3538333157e+37 Shat=6.3966000000e+02 Lhat=0.0000000000e+00
KNUTH_SUBTREE root=61 depth=26 w=2.9339960187e+37 Shat=1.9856000000e+03 Lhat=0.0000000000e+00
KNUTH_SUBTREE root=62 depth=26 w=2.9365303397e+36 Shat=1.3000000000e+01 Lhat=0.0000000000e+00
KNUTH_SUBTREE root=63 depth=26 w=5.4481343839e+36 Shat=1.2878320000e+03 Lhat=0.0000000000e+00
KNUTH_SUBTREE root=64 depth=26 w=8.5081639278e+36 Shat=1.2004000000e+01 Lhat=0.0000000000e+00
KNUTH_SUBTREE root=65 depth=26 w=9.0682365406e+36 Shat=7.2645000000e+02 Lhat=0.0000000000e+00
KNUTH_SUBTREE root=66 depth=26 w=1.0546726237e+36 Shat=3.1054000000e+01 Lhat=0.0000000000e+00
KNUTH_SUBTREE root=67 depth=26 w=5.5351258811e+36 Shat=7.9000000000e+01 Lhat=0.0000000000e+00
KNUTH_SUBTREE root=68 depth=26 w=2.3206084156e+36 Shat=1.2535000000e+02 Lhat=0.0000000000e+00
KNUTH_SUBTREE root=69 depth=26 w=1.9457798126e+37 Shat=2.9625400000e+02 Lhat=0.0000000000e+00
KNUTH_SUBTREE root=70 depth=26 w=2.2236740259e+37 Shat=2.6452000000e+03 Lhat=0.0000000000e+00
KNUTH_SUBTREE root=71 depth=26 w=1.8399496658e+37 Shat=3.2585100000e+03 Lhat=0.0000000000e+00
KNUTH_SUBTREE root=72 depth=26 w=1.0805000974e+37 Shat=1.1854000000e+02 Lhat=0.0000000000e+00
KNUTH_SUBTREE root=73 depth=26 w=4.0618752866e+36 Shat=4.4324600000e+02 Lhat=0.0000000000e+00
KNUTH_SUBTREE root=74 depth=26 w=1.8116523486e+37 Shat=3.0129600000e+02 Lhat=0.0000000000e+00
KNUTH_SUBTREE root=75 depth=26 w=2.2335355445e+36 Shat=1.0382680000e+03 Lhat=0.0000000000e+00
KNUTH_SUBTREE root=76 depth=26 w=1.6064717963e+37 Shat=5.0577880000e+03 Lhat=0.0000000000e+00
KNUTH_SUBTREE root=77 depth=26 w=7.7960222568e+36 Shat=1.1000000000e+01 Lhat=0.0000000000e+00
KNUTH_SUBTREE root=78 depth=26 w=9.9940044066e+36 Shat=1.0204360000e+03 Lhat=0.0000000000e+00
KNUTH_SUBTREE root=79 depth=26 w=4.8911589823e+36 Shat=1.6854960000e+03 Lhat=0.0000000000e+00
KNUTH_SUBTREE root=80 depth=26 w=1.5430349391e+37 Shat=1.7723800000e+03 Lhat=0.0000000000e+00
KNUTH_SUBTREE root=81 depth=26 w=7.8651057390e+36 Shat=1.2522080000e+03 Lhat=0.0000000000e+00
KNUTH_SUBTREE root=82 depth=26 w=6.0176941720e+36 Shat=1.2984000000e+02 Lhat=0.0000000000e+00
KNUTH_SUBTREE root=83 depth=26 w=7.1869380422e+36 Shat=1.0936000000e+01 Lhat=0.0000000000e+00
KNUTH_SUBTREE root=84 depth=26 w=2.3581574517e+37 Shat=7.0000000000e+00 Lhat=0.0000000000e+00
KNUTH_SUBTREE root=85 depth=26 w=4.0234496397e+36 Shat=2.8679680000e+03 Lhat=0.0000000000e+00
KNUTH_SUBTREE root=86 depth=26 w=4.4760041080e+36 Shat=3.3267200000e+02 Lhat=0.0000000000e+00
KNUTH_SUBTREE root=87 depth=26 w=6.1379166674e+36 Shat=1.5009490000e+03 Lhat=0.0000000000e+00
KNUTH_SUBTREE root=88 depth=26 w=7.9284546826e+36 Shat=1.3000000000e+01 Lhat=0.0000000000e+00
KNUTH_SUBTREE root=89 depth=26 w=8.2042855873e+36 Shat=4.2832000000e+02 Lhat=0.0000000000e+00
KNUTH_SUBTREE root=90 depth=26 w=2.9413335752e+37 Shat=3.1250100000e+03 Lhat=0.0000000000e+00
KNUTH_SUBTREE root=91 depth=26 w=3.6833024906e+36 Shat=6.1816000000e+01 Lhat=0.0000000000e+00
KNUTH_SUBTREE root=92 depth=26 w=1.5624744716e+37 Shat=3.1840900000e+03 Lhat=0.0000000000e+00
KNUTH_SUBTREE root=93 depth=26 w=1.3948661271e+36 Shat=2.4675500000e+02 Lhat=0.0000000000e+00
KNUTH_SUBTREE root=94 depth=26 w=6.8781228286e+35 Shat=5.4055000000e+01 Lhat=0.0000000000e+00
KNUTH_SUBTREE root=95 depth=26 w=1.4116801448e+36 Shat=2.1819900000e+03 Lhat=0.0000000000e+00
KNUTH_SUBTREE root=96 depth=26 w=9.2000402655e+36 Shat=1.3740000000e+01 Lhat=0.0000000000e+00
KNUTH_SUBTREE root=97 depth=26 w=1.9536587540e+37 Shat=6.3352000000e+01 Lhat=0.0000000000e+00
KNUTH_SUBTREE root=98 depth=26 w=2.7681841819e+36 Shat=1.1350400000e+02 Lhat=0.0000000000e+00
KNUTH_SUBTREE root=99 depth=26 w=1.4558573646e+37 Shat=3.5103500000e+02 Lhat=0.0000000000e+00
KNUTH_SUBTREE root=100 depth=26 w=4.1052672314e+36 Shat=1.7500480000e+03 Lhat=0.0000000000e+00
KNUTH_SUBTREE root=101 depth=26 w=7.1248016119e+35 Shat=3.0000000000e+00 Lhat=0.0000000000e+00
KNUTH_SUBTREE root=102 depth=26 w=2.8233468081e+37 Shat=4.3239230000e+03 Lhat=0.0000000000e+00
KNUTH_SUBTREE root=103 depth=26 w=1.6346274021e+37 Shat=3.1799440000e+03 Lhat=1.9872000000e+02
KNUTH_SUBTREE root=104 depth=26 w=3.1001946692e+36 Shat=5.3382640000e+03 Lhat=0.0000000000e+00
KNUTH_SUBTREE root=105 depth=26 w=2.7944567837e+37 Shat=1.0524900000e+03 Lhat=0.0000000000e+00
KNUTH_SUBTREE root=106 depth=26 w=2.7895746872e+37 Shat=8.4104800000e+02 Lhat=0.0000000000e+00
KNUTH_SUBTREE root=107 depth=26 w=1.5595913076e+36 Shat=7.9920000000e+00 Lhat=0.0000000000e+00
KNUTH_SUBTREE root=108 depth=26 w=5.9800446877e+36 Shat=5.5024000000e+01 Lhat=0.0000000000e+00
KNUTH_SUBTREE root=109 depth=26 w=5.3062005275e+36 Shat=1.8688000000e+01 Lhat=0.0000000000e+00
KNUTH_SUBTREE root=110 depth=26 w=2.9011093553e+37 Shat=4.1798800000e+03 Lhat=0.0000000000e+00
KNUTH_SUBTREE root=111 depth=26 w=1.7546548359e+36 Shat=3.3073360000e+03 Lhat=0.0000000000e+00
KNUTH_SUBTREE root=112 depth=26 w=4.1078717190e+36 Shat=3.3016000000e+01 Lhat=0.0000000000e+00
KNUTH_SUBTREE root=113 depth=26 w=2.2895275220e+36 Shat=5.1128000000e+02 Lhat=0.0000000000e+00
KNUTH_SUBTREE root=114 depth=26 w=4.9126589189e+36 Shat=4.2482440000e+03 Lhat=0.0000000000e+00
KNUTH_SUBTREE root=115 depth=26 w=1.1241103082e+37 Shat=3.0880720000e+03 Lhat=2.6978400000e+02
KNUTH_SUBTREE root=116 depth=26 w=4.0155262445e+36 Shat=2.8751500000e+03 Lhat=0.0000000000e+00
KNUTH_SUBTREE root=117 depth=26 w=4.5504677920e+36 Shat=1.7687200000e+03 Lhat=0.0000000000e+00
KNUTH_SUBTREE root=118 depth=26 w=6.4195812654e+36 Shat=3.2432230000e+03 Lhat=0.0000000000e+00
KNUTH_SUBTREE root=119 depth=26 w=1.5139876435e+36 Shat=4.0000000000e+00 Lhat=0.0000000000e+00
KNUTH_SUBTREE root=120 depth=26 w=2.9138681374e+36 Shat=7.0000000000e+00 Lhat=0.0000000000e+00
KNUTH_SUBTREE root=121 depth=26 w=3.0491738408e+37 Shat=7.4680000000e+01 Lhat=0.0000000000e+00
KNUTH_SUBTREE root=122 depth=26 w=5.0021233221e+36 Shat=3.9896000000e+01 Lhat=0.0000000000e+00
KNUTH_SUBTREE root=123 depth=26 w=1.0004119462e+37 Shat=4.8521200000e+03 Lhat=0.0000000000e+00
KNUTH_SUBTREE root=124 depth=26 w=2.5563998163e+37 Shat=1.1058400000e+02 Lhat=0.0000000000e+00
KNUTH_SUBTREE root=125 depth=26 w=6.9431980323e+34 Shat=8.9040000000e+00 Lhat=0.0000000000e+00
KNUTH_SUBTREE root=126 depth=26 w=2.1270730789e+37 Shat=2.5278400000e+02 Lhat=0.0000000000e+00
KNUTH_SUBTREE root=127 depth=26 w=4.9954831097e+36 Shat=3.2622040000e+03 Lhat=0.0000000000e+00
KNUTH_SUBTREE root=128 depth=26 w=3.5112286270e+36 Shat=4.3574480000e+03 Lhat=0.0000000000e+00
KNUTH_SUBTREE root=129 depth=26 w=4.1679122863e+36 Shat=1.0479300000e+03 Lhat=0.0000000000e+00
KNUTH_SUBTREE root=130 depth=26 w=4.7855245064e+36 Shat=1.5714190000e+03 Lhat=0.0000000000e+00
KNUTH_SUBTREE root=131 depth=26 w=4.8060681821e+36 Shat=3.3328000000e+01 Lhat=0.0000000000e+00
KNUTH_SUBTREE root=132 depth=26 w=3.7922372917e+37 Shat=1.3699400000e+03 Lhat=0.0000000000e+00
KNUTH_SUBTREE root=133 depth=26 w=2.9443634843e+36 Shat=6.5530400000e+02 Lhat=0.0000000000e+00
KNUTH_SUBTREE root=134 depth=26 w=1.0582921447e+36 Shat=6.7000000000e+01 Lhat=0.0000000000e+00
KNUTH_SUBTREE root=135 depth=26 w=4.5055504038e+34 Shat=2.9336000000e+01 Lhat=0.0000000000e+00
KNUTH_SUBTREE root=136 depth=26 w=2.8435536750e+36 Shat=1.7275050000e+03 Lhat=0.0000000000e+00
KNUTH_SUBTREE root=137 depth=26 w=1.7393897440e+37 Shat=7.9492000000e+02 Lhat=0.0000000000e+00
KNUTH_SUBTREE root=138 depth=26 w=4.8201344545e+36 Shat=7.2739090000e+03 Lhat=0.0000000000e+00
KNUTH_SUBTREE root=139 depth=26 w=7.3701322344e+36 Shat=1.4118820000e+03 Lhat=0.0000000000e+00
KNUTH_SUBTREE root=140 depth=26 w=2.5553985410e+37 Shat=3.8203300000e+02 Lhat=0.0000000000e+00
KNUTH_SUBTREE root=141 depth=26 w=3.1685618002e+37 Shat=7.3565200000e+03 Lhat=0.0000000000e+00
KNUTH_SUBTREE root=142 depth=26 w=2.4334190713e+37 Shat=1.9272760000e+03 Lhat=0.0000000000e+00
KNUTH_SUBTREE root=143 depth=26 w=1.8859213729e+37 Shat=3.1037900000e+02 Lhat=0.0000000000e+00
KNUTH_SUBTREE root=144 depth=26 w=7.4254267828e+36 Shat=3.6022700000e+02 Lhat=0.0000000000e+00
KNUTH_SUBTREE root=145 depth=26 w=3.5806128629e+37 Shat=2.3630000000e+03 Lhat=0.0000000000e+00
KNUTH_SUBTREE root=146 depth=26 w=4.0991011320e+36 Shat=1.1245200000e+03 Lhat=0.0000000000e+00
KNUTH_SUBTREE root=147 depth=26 w=1.0557278223e+37 Shat=2.1386200000e+02 Lhat=0.0000000000e+00
KNUTH_SUBTREE root=148 depth=26 w=4.7476964171e+36 Shat=5.7330400000e+02 Lhat=0.0000000000e+00
KNUTH_SUBTREE root=149 depth=26 w=1.4142316412e+37 Shat=6.5113500000e+02 Lhat=0.0000000000e+00
KNUTH_SUBTREE root=150 depth=26 w=2.7514060835e+36 Shat=1.4013360000e+03 Lhat=0.0000000000e+00
KNUTH_SUBTREE root=151 depth=26 w=2.4227464333e+36 Shat=5.2077730000e+03 Lhat=0.0000000000e+00
KNUTH_SUBTREE root=152 depth=26 w=1.2830877844e+37 Shat=2.1112000000e+01 Lhat=0.0000000000e+00
KNUTH_SUBTREE root=153 depth=26 w=5.0442466490e+36 Shat=3.7621100000e+03 Lhat=0.0000000000e+00
KNUTH_SUBTREE root=154 depth=26 w=4.4944804051e+36 Shat=1.6069060000e+03 Lhat=0.0000000000e+00
KNUTH_SUBTREE root=155 depth=26 w=1.9468777671e+37 Shat=3.3583100000e+02 Lhat=0.0000000000e+00
KNUTH_SUBTREE root=156 depth=26 w=1.3879759331e+37 Shat=3.7907200000e+02 Lhat=0.0000000000e+00
KNUTH_SUBTREE root=157 depth=26 w=1.0741370407e+37 Shat=6.8471200000e+02 Lhat=0.0000000000e+00
KNUTH_SUBTREE root=158 depth=26 w=3.5784377674e+36 Shat=4.5688000000e+01 Lhat=0.0000000000e+00
KNUTH_SUBTREE root=159 depth=26 w=3.5595944116e+36 Shat=5.2812000000e+02 Lhat=0.0000000000e+00
KNUTH_SUBTREE root=160 depth=26 w=2.6056451145e+37 Shat=3.3638100000e+03 Lhat=0.0000000000e+00
KNUTH_SUBTREE root=161 depth=26 w=5.8931926807e+36 Shat=2.2274000000e+02 Lhat=0.0000000000e+00
KNUTH_SUBTREE root=162 depth=26 w=6.9261902631e+36 Shat=1.0434000000e+03 Lhat=0.0000000000e+00
KNUTH_SUBTREE root=163 depth=26 w=9.0307491746e+36 Shat=5.2251280000e+03 Lhat=0.0000000000e+00
KNUTH_SUBTREE root=164 depth=26 w=7.8862045810e+36 Shat=2.5979700000e+02 Lhat=0.0000000000e+00
KNUTH_SUBTREE root=165 depth=26 w=3.7123077146e+36 Shat=1.6476400000e+03 Lhat=0.0000000000e+00
KNUTH_SUBTREE root=166 depth=26 w=4.5630811490e+36 Shat=1.8807220000e+03 Lhat=0.0000000000e+00
KNUTH_SUBTREE root=167 depth=26 w=6.5605052525e+36 Shat=3.1606300000e+03 Lhat=0.0000000000e+00
KNUTH_SUBTREE root=168 depth=26 w=5.7144439913e+35 Shat=6.1360000000e+01 Lhat=0.0000000000e+00
KNUTH_SUBTREE root=169 depth=26 w=1.7960167727e+37 Shat=7.0000000000e+00 Lhat=0.0000000000e+00
KNUTH_SUBTREE root=170 depth=26 w=1.0429214300e+37 Shat=6.5416000000e+02 Lhat=0.0000000000e+00
KNUTH_SUBTREE root=171 depth=26 w=9.7344156889e+36 Shat=5.0072800000e+02 Lhat=0.0000000000e+00
KNUTH_SUBTREE root=172 depth=26 w=2.7662593514e+36 Shat=1.4655280000e+03 Lhat=0.0000000000e+00
KNUTH_SUBTREE root=173 depth=26 w=2.6059936125e+36 Shat=1.3000000000e+01 Lhat=0.0000000000e+00
KNUTH_SUBTREE root=174 depth=26 w=3.0995279117e+37 Shat=4.1511800000e+03 Lhat=0.0000000000e+00
KNUTH_SUBTREE root=175 depth=26 w=3.9953530886e+36 Shat=7.1052200000e+02 Lhat=0.0000000000e+00
KNUTH_SUBTREE root=176 depth=26 w=2.2256606865e+37 Shat=1.3000000000e+01 Lhat=0.0000000000e+00
KNUTH_SUBTREE root=177 depth=26 w=1.9288667373e+37 Shat=1.9174100000e+03 Lhat=0.0000000000e+00
KNUTH_SUBTREE root=178 depth=26 w=2.1666348511e+36 Shat=4.3576000000e+01 Lhat=0.0000000000e+00
KNUTH_SUBTREE root=179 depth=26 w=1.2431781090e+37 Shat=8.6652900000e+02 Lhat=0.0000000000e+00
KNUTH_SUBTREE root=180 depth=26 w=6.9145432907e+36 Shat=4.1404000000e+02 Lhat=0.0000000000e+00
KNUTH_SUBTREE root=181 depth=26 w=7.7053923327e+36 Shat=1.3093210000e+03 Lhat=0.0000000000e+00
KNUTH_SUBTREE root=182 depth=26 w=2.8628064470e+37 Shat=1.5391900000e+03 Lhat=0.0000000000e+00
KNUTH_SUBTREE root=183 depth=26 w=2.8384822727e+37 Shat=2.1313720000e+03 Lhat=0.0000000000e+00
KNUTH_SUBTREE root=184 depth=26 w=4.5474701425e+36 Shat=7.0536400000e+02 Lhat=0.0000000000e+00
KNUTH_SUBTREE root=185 depth=26 w=1.9547781909e+37 Shat=3.4931140000e+03 Lhat=0.0000000000e+00
KNUTH_SUBTREE root=186 depth=26 w=2.2184998706e+36 Shat=1.4126800000e+03 Lhat=0.0000000000e+00
KNUTH_SUBTREE root=187 depth=26 w=1.0770902244e+36 Shat=8.3803000000e+01 Lhat=0.0000000000e+00
KNUTH_SUBTREE root=188 depth=26 w=2.7880524382e+37 Shat=9.6593500000e+02 Lhat=0.0000000000e+00
KNUTH_SUBTREE root=189 depth=26 w=4.9668437437e+35 Shat=7.0000000000e+00 Lhat=0.0000000000e+00
KNUTH_SUBTREE root=190 depth=26 w=1.6200868296e+37 Shat=3.9383380000e+03 Lhat=0.0000000000e+00
KNUTH_SUBTREE root=191 depth=26 w=1.2626029382e+37 Shat=8.8809400000e+03 Lhat=0.0000000000e+00
KNUTH_SUBTREE root=192 depth=26 w=7.7354800761e+36 Shat=2.7975200000e+02 Lhat=0.0000000000e+00
KNUTH_SUBTREE root=193 depth=26 w=9.5373952408e+36 Shat=2.7070000000e+01 Lhat=0.0000000000e+00
KNUTH_SUBTREE root=194 depth=26 w=5.1108769524e+36 Shat=8.4006000000e+02 Lhat=7.3040000000e+01
KNUTH_SUBTREE root=195 depth=26 w=1.5591163180e+37 Shat=1.3141600000e+02 Lhat=0.0000000000e+00
KNUTH_SUBTREE root=196 depth=26 w=9.3226383548e+36 Shat=5.6944000000e+02 Lhat=0.0000000000e+00
KNUTH_SUBTREE root=197 depth=26 w=2.3648615017e+36 Shat=1.3000000000e+01 Lhat=0.0000000000e+00
KNUTH_SUBTREE root=198 depth=26 w=2.0568044647e+37 Shat=1.5855000000e+01 Lhat=0.0000000000e+00
KNUTH_SUBTREE root=199 depth=26 w=1.3054213188e+37 Shat=5.0000000000e+00 Lhat=0.0000000000e+00
KNUTH_SUBTREE root=200 depth=26 w=3.4873609398e+36 Shat=1.6520000000e+01 Lhat=0.0000000000e+00
KNUTH_SUBTREE root=201 depth=26 w=2.5489232435e+37 Shat=1.1992880000e+03 Lhat=0.0000000000e+00
KNUTH_SUBTREE root=202 depth=26 w=2.3216678708e+37 Shat=2.6528000000e+02 Lhat=0.0000000000e+00
KNUTH_SUBTREE root=203 depth=26 w=3.2290443257e+36 Shat=1.6205760000e+03 Lhat=0.0000000000e+00
KNUTH_SUBTREE root=204 depth=26 w=2.1453659495e+37 Shat=2.7625000000e+03 Lhat=0.0000000000e+00
KNUTH_SUBTREE root=205 depth=26 w=3.0776554928e+37 Shat=1.3717300000e+03 Lhat=0.0000000000e+00
KNUTH_SUBTREE root=206 depth=26 w=2.6424822433e+36 Shat=4.5929170000e+03 Lhat=0.0000000000e+00
KNUTH_SUBTREE root=207 depth=26 w=1.0658342572e+37 Shat=7.0216000000e+01 Lhat=0.0000000000e+00
KNUTH_SUBTREE root=208 depth=26 w=3.0938498677e+37 Shat=4.3152900000e+02 Lhat=0.0000000000e+00
KNUTH_SUBTREE root=209 depth=26 w=4.5079498504e+36 Shat=4.8924480000e+03 Lhat=0.0000000000e+00
KNUTH_SUBTREE root=210 depth=26 w=4.6358945134e+36 Shat=2.0128000000e+02 Lhat=0.0000000000e+00
KNUTH_SUBTREE root=211 depth=26 w=1.3525028106e+37 Shat=1.1015500000e+03 Lhat=0.0000000000e+00
KNUTH_SUBTREE root=212 depth=26 w=7.1760884569e+35 Shat=7.0000000000e+00 Lhat=0.0000000000e+00
KNUTH_SUBTREE root=213 depth=26 w=2.4670447617e+37 Shat=3.8673200000e+03 Lhat=0.0000000000e+00
KNUTH_SUBTREE root=214 depth=26 w=1.8378896449e+37 Shat=3.8850000000e+01 Lhat=0.0000000000e+00
KNUTH_SUBTREE root=215 depth=26 w=4.0170741631e+36 Shat=3.1121500000e+03 Lhat=0.0000000000e+00
KNUTH_SUBTREE root=216 depth=26 w=1.1929033228e+36 Shat=2.8927000000e+01 Lhat=0.0000000000e+00
KNUTH_SUBTREE root=217 depth=26 w=1.0437172959e+37 Shat=3.8306000000e+02 Lhat=0.0000000000e+00
KNUTH_SUBTREE root=218 depth=26 w=3.0605055858e+37 Shat=1.3950400000e+03 Lhat=0.0000000000e+00
KNUTH_SUBTREE root=219 depth=26 w=3.2607439777e+36 Shat=1.4486300000e+03 Lhat=4.8860000000e+01
KNUTH_SUBTREE root=220 depth=26 w=2.5247568589e+36 Shat=2.2005000000e+01 Lhat=0.0000000000e+00
KNUTH_SUBTREE root=221 depth=26 w=6.3790419257e+36 Shat=2.3034400000e+03 Lhat=1.3734000000e+02
KNUTH_SUBTREE root=222 depth=26 w=1.2387120433e+37 Shat=1.3000000000e+01 Lhat=0.0000000000e+00
KNUTH_SUBTREE root=223 depth=26 w=8.3284451698e+34 Shat=1.0000000000e+00 Lhat=0.0000000000e+00
KNUTH_SUBTREE root=224 depth=26 w=4.8235482638e+36 Shat=3.4940000000e+01 Lhat=0.0000000000e+00
KNUTH_SUBTREE root=225 depth=26 w=8.1558367463e+36 Shat=3.3426800000e+03 Lhat=0.0000000000e+00
KNUTH_SUBTREE root=226 depth=26 w=3.2515151512e+37 Shat=4.0854880000e+03 Lhat=0.0000000000e+00
KNUTH_SUBTREE root=227 depth=26 w=4.6334398661e+36 Shat=1.5680440000e+03 Lhat=0.0000000000e+00
KNUTH_SUBTREE root=228 depth=26 w=1.2182063100e+37 Shat=1.1779390000e+03 Lhat=0.0000000000e+00
KNUTH_SUBTREE root=229 depth=26 w=2.0560856925e+35 Shat=6.0580000000e+00 Lhat=0.0000000000e+00
KNUTH_SUBTREE root=230 depth=26 w=2.1754645328e+37 Shat=3.2710500000e+02 Lhat=0.0000000000e+00
KNUTH_SUBTREE root=231 depth=26 w=2.8636692093e+37 Shat=4.7802640000e+03 Lhat=5.5864800000e+02
KNUTH_SUBTREE root=232 depth=26 w=1.2691448818e+35 Shat=1.6000000000e+01 Lhat=0.0000000000e+00
KNUTH_SUBTREE root=233 depth=26 w=2.5559931335e+36 Shat=1.0441800000e+04 Lhat=0.0000000000e+00
KNUTH_SUBTREE root=234 depth=26 w=3.2968958230e+36 Shat=2.1220600000e+02 Lhat=0.0000000000e+00
KNUTH_SUBTREE root=235 depth=26 w=2.2679379576e+37 Shat=3.3515470000e+03 Lhat=0.0000000000e+00
KNUTH_SUBTREE root=236 depth=26 w=1.3627500501e+37 Shat=3.0000000000e+00 Lhat=0.0000000000e+00
KNUTH_SUBTREE root=237 depth=26 w=9.6029837822e+36 Shat=2.4819520000e+03 Lhat=0.0000000000e+00
KNUTH_SUBTREE root=238 depth=26 w=5.1526501408e+36 Shat=1.9532360000e+03 Lhat=0.0000000000e+00
KNUTH_SUBTREE root=239 depth=26 w=2.4444561855e+37 Shat=7.7305700000e+02 Lhat=0.0000000000e+00
KNUTH_SUBTREE root=240 depth=26 w=6.9765413129e+36 Shat=1.5469280000e+03 Lhat=0.0000000000e+00
KNUTH_SUBTREE root=241 depth=26 w=9.1815924061e+36 Shat=3.9482000000e+02 Lhat=0.0000000000e+00
KNUTH_SUBTREE root=242 depth=26 w=1.0011916325e+36 Shat=5.4878000000e+01 Lhat=0.0000000000e+00
KNUTH_SUBTREE root=243 depth=26 w=8.4532203717e+36 Shat=2.8950000000e+01 Lhat=0.0000000000e+00
KNUTH_SUBTREE root=244 depth=26 w=4.3809552635e+36 Shat=4.5765900000e+02 Lhat=0.0000000000e+00
KNUTH_SUBTREE root=245 depth=26 w=3.2408356177e+36 Shat=8.9216590000e+03 Lhat=0.0000000000e+00
KNUTH_SUBTREE root=246 depth=26 w=2.2010445867e+37 Shat=2.2643560000e+03 Lhat=0.0000000000e+00
KNUTH_SUBTREE root=247 depth=26 w=0 Shat=0 Lhat=0 dead=1
KNUTH_SUBTREE root=248 depth=26 w=6.6259687363e+36 Shat=1.6848200000e+03 Lhat=0.0000000000e+00
KNUTH_SUBTREE root=249 depth=26 w=4.8995123586e+36 Shat=4.4390480000e+03 Lhat=0.0000000000e+00
KNUTH_SUBTREE root=250 depth=26 w=9.8954640254e+36 Shat=5.0456800000e+03 Lhat=0.0000000000e+00
KNUTH_SUBTREE root=251 depth=26 w=1.5142567173e+37 Shat=1.7309080000e+03 Lhat=0.0000000000e+00
KNUTH_SUBTREE root=252 depth=26 w=4.0962365296e+36 Shat=1.6776000000e+01 Lhat=0.0000000000e+00
KNUTH_SUBTREE root=253 depth=26 w=3.2360820477e+37 Shat=2.9640000000e+02 Lhat=0.0000000000e+00
KNUTH_SUBTREE root=254 depth=26 w=2.5019239794e+34 Shat=5.7346000000e+01 Lhat=0.0000000000e+00
KNUTH_SUBTREE root=255 depth=26 w=3.0846619126e+36 Shat=2.2211800000e+03 Lhat=0.0000000000e+00
KNUTH_SUBTREE root=256 depth=26 w=6.8789885112e+36 Shat=3.5818400000e+02 Lhat=0.0000000000e+00
KNUTH_SUBTREE root=257 depth=26 w=9.2614294060e+36 Shat=4.3109200000e+02 Lhat=0.0000000000e+00
KNUTH_SUBTREE root=258 depth=26 w=9.3383100182e+36 Shat=8.6506960000e+03 Lhat=0.0000000000e+00
KNUTH_SUBTREE root=259 depth=26 w=3.5588841120e+36 Shat=3.5227000000e+03 Lhat=0.0000000000e+00
KNUTH_SUBTREE root=260 depth=26 w=2.7185298310e+37 Shat=4.4947200000e+02 Lhat=0.0000000000e+00
KNUTH_SUBTREE root=261 depth=26 w=4.3626598775e+36 Shat=1.0121000000e+01 Lhat=0.0000000000e+00
KNUTH_SUBTREE root=262 depth=26 w=1.9681266387e+37 Shat=8.4068000000e+02 Lhat=0.0000000000e+00
KNUTH_SUBTREE root=263 depth=26 w=3.5509623498e+37 Shat=8.9975900000e+03 Lhat=0.0000000000e+00
KNUTH_SUBTREE root=264 depth=26 w=2.9384283836e+37 Shat=1.7115440000e+03 Lhat=0.0000000000e+00
KNUTH_SUBTREE root=265 depth=26 w=1.2130587585e+37 Shat=1.2683200000e+02 Lhat=0.0000000000e+00
KNUTH_SUBTREE root=266 depth=26 w=2.8964159296e+36 Shat=4.1350000000e+02 Lhat=0.0000000000e+00
KNUTH_SUBTREE root=267 depth=26 w=1.3819965440e+37 Shat=1.4017600000e+02 Lhat=0.0000000000e+00
KNUTH_SUBTREE root=268 depth=26 w=2.4232042008e+37 Shat=1.4051720000e+03 Lhat=1.2672000000e+01
KNUTH_SUBTREE root=269 depth=26 w=2.8913589923e+37 Shat=1.5535000000e+02 Lhat=0.0000000000e+00
KNUTH_SUBTREE root=270 depth=26 w=5.9188142675e+36 Shat=3.0150000000e+02 Lhat=0.0000000000e+00
KNUTH_SUBTREE root=271 depth=26 w=8.5251644216e+36 Shat=2.3941760000e+03 Lhat=0.0000000000e+00
KNUTH_SUBTREE root=272 depth=26 w=7.5565986589e+36 Shat=3.6000000000e+01 Lhat=0.0000000000e+00
KNUTH_SUBTREE root=273 depth=26 w=2.3535884560e+37 Shat=1.1339210000e+04 Lhat=0.0000000000e+00
KNUTH_SUBTREE root=274 depth=26 w=2.9880402182e+37 Shat=1.5997400000e+03 Lhat=0.0000000000e+00
KNUTH_SUBTREE root=275 depth=26 w=2.0040399709e+36 Shat=2.7642240000e+03 Lhat=0.0000000000e+00
KNUTH_SUBTREE root=276 depth=26 w=5.7517128694e+36 Shat=5.0734000000e+02 Lhat=0.0000000000e+00
KNUTH_SUBTREE root=277 depth=26 w=5.6516570749e+36 Shat=1.1949040000e+03 Lhat=0.0000000000e+00
KNUTH_SUBTREE root=278 depth=26 w=2.7542966933e+36 Shat=1.3319920000e+03 Lhat=0.0000000000e+00
KNUTH_SUBTREE root=279 depth=26 w=4.3198626897e+36 Shat=1.1088000000e+01 Lhat=0.0000000000e+00
KNUTH_SUBTREE root=280 depth=26 w=4.2806227672e+36 Shat=1.6849100000e+03 Lhat=0.0000000000e+00
KNUTH_SUBTREE root=281 depth=26 w=1.0905631432e+37 Shat=7.0530000000e+01 Lhat=0.0000000000e+00
KNUTH_SUBTREE root=282 depth=26 w=2.1320649928e+36 Shat=3.5786070000e+03 Lhat=0.0000000000e+00
KNUTH_SUBTREE root=283 depth=26 w=7.5346474237e+36 Shat=4.5269200000e+02 Lhat=0.0000000000e+00
KNUTH_SUBTREE root=284 depth=26 w=2.8077244216e+37 Shat=1.6612000000e+02 Lhat=0.0000000000e+00
KNUTH_SUBTREE root=285 depth=26 w=2.8913893790e+37 Shat=5.4684800000e+02 Lhat=0.0000000000e+00
KNUTH_SUBTREE root=286 depth=26 w=2.3584374234e+37 Shat=1.1666200000e+02 Lhat=0.0000000000e+00
KNUTH_SUBTREE root=287 depth=26 w=7.6366961067e+36 Shat=1.2936800000e+03 Lhat=0.0000000000e+00
KNUTH_SUBTREE root=288 depth=26 w=3.8726101012e+36 Shat=8.1094700000e+03 Lhat=0.0000000000e+00
KNUTH_SUBTREE root=289 depth=26 w=1.1372708651e+37 Shat=3.6361540000e+03 Lhat=0.0000000000e+00
KNUTH_SUBTREE root=290 depth=26 w=1.6206736340e+35 Shat=2.7448000000e+01 Lhat=0.0000000000e+00
KNUTH_SUBTREE root=291 depth=26 w=7.6735442156e+36 Shat=1.5904000000e+01 Lhat=0.0000000000e+00
KNUTH_SUBTREE root=292 depth=26 w=5.1551092201e+36 Shat=7.9000000000e+01 Lhat=0.0000000000e+00
KNUTH_SUBTREE root=293 depth=26 w=1.2255474603e+37 Shat=1.4928000000e+01 Lhat=0.0000000000e+00
KNUTH_SUBTREE root=294 depth=26 w=2.1768530111e+36 Shat=7.9000000000e+01 Lhat=0.0000000000e+00
KNUTH_SUBTREE root=295 depth=26 w=3.5847719268e+36 Shat=6.3655840000e+03 Lhat=0.0000000000e+00
KNUTH_SUBTREE root=296 depth=26 w=3.1207225998e+37 Shat=6.8918800000e+02 Lhat=0.0000000000e+00
KNUTH_SUBTREE root=297 depth=26 w=1.2945213681e+36 Shat=4.0000000000e+00 Lhat=0.0000000000e+00
KNUTH_SUBTREE root=298 depth=26 w=1.4421233996e+37 Shat=1.8684000000e+02 Lhat=0.0000000000e+00
KNUTH_SUBTREE root=299 depth=26 w=1.7344322664e+37 Shat=6.0676000000e+02 Lhat=0.0000000000e+00
KNUTH_SUBTREE root=300 depth=26 w=3.5947023183e+36 Shat=2.8386400000e+03 Lhat=0.0000000000e+00
KNUTH_SUBTREE root=301 depth=26 w=1.7974980142e+37 Shat=3.8656000000e+02 Lhat=0.0000000000e+00
KNUTH_SUBTREE root=302 depth=26 w=2.6675583857e+36 Shat=4.6868400000e+02 Lhat=0.0000000000e+00
KNUTH_SUBTREE root=303 depth=26 w=1.0623647528e+36 Shat=1.0824400000e+02 Lhat=0.0000000000e+00
KNUTH_SUBTREE root=304 depth=26 w=7.9890267563e+35 Shat=2.5020000000e+01 Lhat=0.0000000000e+00
KNUTH_SUBTREE root=305 depth=26 w=5.3587080085e+36 Shat=2.3163020000e+03 Lhat=0.0000000000e+00
KNUTH_SUBTREE root=306 depth=26 w=1.7331296979e+37 Shat=9.5278600000e+02 Lhat=0.0000000000e+00
KNUTH_SUBTREE root=307 depth=26 w=1.2157834701e+37 Shat=6.2254240000e+03 Lhat=3.9571200000e+02
KNUTH_SUBTREE root=308 depth=26 w=5.3082657473e+36 Shat=3.6120000000e+01 Lhat=0.0000000000e+00
KNUTH_SUBTREE root=309 depth=26 w=7.6295366452e+36 Shat=5.2202400000e+02 Lhat=0.0000000000e+00
KNUTH_SUBTREE root=310 depth=26 w=2.4886431389e+37 Shat=1.4842900000e+03 Lhat=0.0000000000e+00
KNUTH_SUBTREE root=311 depth=26 w=4.3745830507e+36 Shat=7.5159200000e+02 Lhat=0.0000000000e+00
KNUTH_SUBTREE root=312 depth=26 w=1.0904071925e+36 Shat=3.1000000000e+01 Lhat=0.0000000000e+00
KNUTH_SUBTREE root=313 depth=26 w=2.7998513455e+37 Shat=6.5687200000e+03 Lhat=0.0000000000e+00
KNUTH_SUBTREE root=314 depth=26 w=3.2861864488e+36 Shat=2.4630220000e+03 Lhat=0.0000000000e+00
KNUTH_SUBTREE root=315 depth=26 w=5.2331507309e+36 Shat=1.9637700000e+02 Lhat=0.0000000000e+00
KNUTH_SUBTREE root=316 depth=26 w=1.3882195718e+36 Shat=5.0000000000e+00 Lhat=0.0000000000e+00
KNUTH_SUBTREE root=317 depth=26 w=1.1354209136e+37 Shat=1.5749800000e+03 Lhat=0.0000000000e+00
KNUTH_SUBTREE root=318 depth=26 w=2.7018958603e+37 Shat=1.4656500000e+02 Lhat=0.0000000000e+00
KNUTH_SUBTREE root=319 depth=26 w=9.5682873091e+36 Shat=1.6874200000e+03 Lhat=0.0000000000e+00
KNUTH_SUBTREE root=320 depth=26 w=3.3521554783e+36 Shat=7.9000000000e+01 Lhat=0.0000000000e+00
KNUTH_SUBTREE root=321 depth=26 w=7.0188017903e+36 Shat=8.4577600000e+02 Lhat=0.0000000000e+00
KNUTH_SUBTREE root=322 depth=26 w=2.6665479480e+37 Shat=3.3268720000e+03 Lhat=0.0000000000e+00
KNUTH_SUBTREE root=323 depth=26 w=3.2977778054e+37 Shat=1.0060000000e+01 Lhat=0.0000000000e+00
KNUTH_SUBTREE root=324 depth=26 w=2.9895944418e+36 Shat=1.1005210000e+03 Lhat=0.0000000000e+00
KNUTH_SUBTREE root=325 depth=26 w=2.7504086495e+37 Shat=1.1442400000e+03 Lhat=0.0000000000e+00
KNUTH_SUBTREE root=326 depth=26 w=1.5017666810e+36 Shat=4.9224000000e+01 Lhat=0.0000000000e+00
KNUTH_SUBTREE root=327 depth=26 w=5.5142026264e+36 Shat=6.8288000000e+01 Lhat=0.0000000000e+00
KNUTH_SUBTREE root=328 depth=26 w=9.0324469733e+36 Shat=1.9190500000e+02 Lhat=0.0000000000e+00
KNUTH_SUBTREE root=329 depth=26 w=3.8495098832e+36 Shat=1.9453720000e+03 Lhat=0.0000000000e+00
KNUTH_SUBTREE root=330 depth=26 w=2.9413663575e+37 Shat=4.4786200000e+03 Lhat=0.0000000000e+00
KNUTH_SUBTREE root=331 depth=26 w=3.3592708503e+37 Shat=5.8330000000e+01 Lhat=0.0000000000e+00
KNUTH_SUBTREE root=332 depth=26 w=9.0098440980e+36 Shat=1.0030000000e+02 Lhat=0.0000000000e+00
KNUTH_SUBTREE root=333 depth=26 w=3.2990322004e+37 Shat=8.7658800000e+02 Lhat=0.0000000000e+00
KNUTH_SUBTREE root=334 depth=26 w=5.9999017718e+36 Shat=1.3000000000e+01 Lhat=0.0000000000e+00
KNUTH_SUBTREE root=335 depth=26 w=4.3987831922e+36 Shat=4.8701600000e+03 Lhat=0.0000000000e+00
KNUTH_SUBTREE root=336 depth=26 w=1.5345873252e+37 Shat=2.6636930000e+03 Lhat=0.0000000000e+00
KNUTH_SUBTREE root=337 depth=26 w=3.2674178346e+36 Shat=4.7445600000e+02 Lhat=0.0000000000e+00
KNUTH_SUBTREE root=338 depth=26 w=4.1338928173e+36 Shat=1.0285000000e+03 Lhat=0.0000000000e+00
KNUTH_SUBTREE root=339 depth=26 w=3.9365023910e+36 Shat=8.4072900000e+02 Lhat=0.0000000000e+00
KNUTH_SUBTREE root=340 depth=26 w=1.3464857674e+37 Shat=2.2813840000e+03 Lhat=0.0000000000e+00
KNUTH_SUBTREE root=341 depth=26 w=2.8043386214e+37 Shat=2.0379700000e+03 Lhat=2.1600000000e+00
KNUTH_SUBTREE root=342 depth=26 w=1.4600087586e+35 Shat=4.0000000000e+00 Lhat=0.0000000000e+00
KNUTH_SUBTREE root=343 depth=26 w=7.1562442958e+36 Shat=1.0000000000e+01 Lhat=0.0000000000e+00
KNUTH_SUBTREE root=344 depth=26 w=1.7861442461e+36 Shat=3.0000000000e+00 Lhat=0.0000000000e+00
KNUTH_SUBTREE root=345 depth=26 w=3.7617063246e+36 Shat=5.5019800000e+02 Lhat=0.0000000000e+00
KNUTH_SUBTREE root=346 depth=26 w=8.4536226207e+36 Shat=2.3526100000e+02 Lhat=0.0000000000e+00
KNUTH_SUBTREE root=347 depth=26 w=2.0277762378e+37 Shat=5.0000000000e+00 Lhat=0.0000000000e+00
KNUTH_SUBTREE root=348 depth=26 w=1.8691881141e+37 Shat=1.3000000000e+01 Lhat=0.0000000000e+00
KNUTH_SUBTREE root=349 depth=26 w=4.6825069918e+36 Shat=1.4745430000e+03 Lhat=0.0000000000e+00
KNUTH_SUBTREE root=350 depth=26 w=2.8297301560e+37 Shat=4.6809100000e+03 Lhat=0.0000000000e+00
KNUTH_SUBTREE root=351 depth=26 w=1.9206689306e+36 Shat=8.5836000000e+02 Lhat=0.0000000000e+00
KNUTH_SUBTREE root=352 depth=26 w=4.6053583584e+36 Shat=3.9606400000e+03 Lhat=0.0000000000e+00
KNUTH_SUBTREE root=353 depth=26 w=4.2707737384e+36 Shat=1.7124000000e+02 Lhat=0.0000000000e+00
KNUTH_SUBTREE root=354 depth=26 w=4.4495461653e+36 Shat=9.8506000000e+01 Lhat=0.0000000000e+00
KNUTH_SUBTREE root=355 depth=26 w=1.5042158489e+37 Shat=1.2308320000e+03 Lhat=0.0000000000e+00
KNUTH_SUBTREE root=356 depth=26 w=1.0120319745e+37 Shat=9.5017900000e+02 Lhat=0.0000000000e+00
KNUTH_SUBTREE root=357 depth=26 w=1.1234214749e+37 Shat=7.7821840000e+03 Lhat=0.0000000000e+00
KNUTH_SUBTREE root=358 depth=26 w=1.6247599850e+36 Shat=1.4752000000e+01 Lhat=0.0000000000e+00
KNUTH_SUBTREE root=359 depth=26 w=1.8612247350e+36 Shat=1.9059400000e+03 Lhat=0.0000000000e+00
KNUTH_SUBTREE root=360 depth=26 w=3.4923122200e+36 Shat=7.1464800000e+02 Lhat=0.0000000000e+00
KNUTH_SUBTREE root=361 depth=26 w=2.8016290888e+37 Shat=7.2563320000e+03 Lhat=0.0000000000e+00
KNUTH_SUBTREE root=362 depth=26 w=3.0553402591e+36 Shat=1.5631900000e+03 Lhat=0.0000000000e+00
KNUTH_SUBTREE root=363 depth=26 w=2.9742526581e+36 Shat=3.8543300000e+03 Lhat=0.0000000000e+00
KNUTH_SUBTREE root=364 depth=26 w=5.9866224895e+36 Shat=8.5798960000e+03 Lhat=0.0000000000e+00
KNUTH_SUBTREE root=365 depth=26 w=6.3911426357e+36 Shat=4.0149400000e+02 Lhat=0.0000000000e+00
KNUTH_SUBTREE root=366 depth=26 w=4.9114514666e+36 Shat=2.7332000000e+02 Lhat=0.0000000000e+00
KNUTH_SUBTREE root=367 depth=26 w=0 Shat=0 Lhat=0 dead=1
KNUTH_SUBTREE root=368 depth=26 w=2.1540741071e+35 Shat=3.0000000000e+00 Lhat=0.0000000000e+00
KNUTH_SUBTREE root=369 depth=26 w=2.9196283018e+36 Shat=1.0663240000e+03 Lhat=0.0000000000e+00
KNUTH_SUBTREE root=370 depth=26 w=1.6635391701e+37 Shat=1.5343800000e+03 Lhat=0.0000000000e+00
KNUTH_SUBTREE root=371 depth=26 w=1.5739567582e+36 Shat=1.3000000000e+01 Lhat=0.0000000000e+00
KNUTH_SUBTREE root=372 depth=26 w=4.2369147736e+36 Shat=5.6283600000e+02 Lhat=0.0000000000e+00
KNUTH_SUBTREE root=373 depth=26 w=3.0612740521e+37 Shat=4.8962860000e+03 Lhat=1.1596200000e+02
KNUTH_SUBTREE root=374 depth=26 w=2.7547559050e+36 Shat=3.0000000000e+00 Lhat=0.0000000000e+00
KNUTH_SUBTREE root=375 depth=26 w=2.3257241706e+36 Shat=1.9164400000e+03 Lhat=0.0000000000e+00
KNUTH_SUBTREE root=376 depth=26 w=3.4155997643e+36 Shat=1.2896000000e+02 Lhat=0.0000000000e+00
KNUTH_SUBTREE root=377 depth=26 w=4.0920375589e+36 Shat=3.9583160000e+03 Lhat=0.0000000000e+00
KNUTH_SUBTREE root=378 depth=26 w=1.7038071598e+36 Shat=1.2627200000e+02 Lhat=0.0000000000e+00
KNUTH_SUBTREE root=379 depth=26 w=2.1745586072e+36 Shat=1.4037500000e+02 Lhat=0.0000000000e+00
KNUTH_SUBTREE root=380 depth=26 w=1.4507151239e+37 Shat=7.9000000000e+01 Lhat=0.0000000000e+00
KNUTH_SUBTREE root=381 depth=26 w=2.7599187816e+36 Shat=9.8980240000e+03 Lhat=0.0000000000e+00
KNUTH_SUBTREE root=382 depth=26 w=4.6056084415e+36 Shat=2.9985940000e+03 Lhat=0.0000000000e+00
KNUTH_SUBTREE root=383 depth=26 w=1.6334191565e+36 Shat=1.7152000000e+02 Lhat=0.0000000000e+00
KNUTH_SUBTREE root=384 depth=26 w=2.5953330024e+37 Shat=4.7464000000e+01 Lhat=0.0000000000e+00
KNUTH_SUBTREE root=385 depth=26 w=2.8986207224e+37 Shat=4.5358050000e+03 Lhat=0.0000000000e+00
KNUTH_SUBTREE root=386 depth=26 w=3.7256064777e+36 Shat=4.0000000000e+00 Lhat=0.0000000000e+00
KNUTH_SUBTREE root=387 depth=26 w=1.8166381149e+37 Shat=7.8242400000e+02 Lhat=0.0000000000e+00
KNUTH_SUBTREE root=388 depth=26 w=6.2941151751e+35 Shat=5.0000000000e+00 Lhat=0.0000000000e+00
KNUTH_SUBTREE root=389 depth=26 w=2.8303878843e+36 Shat=1.5623510000e+03 Lhat=0.0000000000e+00
KNUTH_SUBTREE root=390 depth=26 w=2.3572301370e+36 Shat=4.7824000000e+01 Lhat=0.0000000000e+00
KNUTH_SUBTREE root=391 depth=26 w=5.5189005219e+36 Shat=7.9918300000e+02 Lhat=0.0000000000e+00
KNUTH_SUBTREE root=392 depth=26 w=8.7157760556e+36 Shat=1.3000000000e+01 Lhat=0.0000000000e+00
KNUTH_SUBTREE root=393 depth=26 w=2.3563442825e+36 Shat=1.0233840000e+03 Lhat=0.0000000000e+00
KNUTH_SUBTREE root=394 depth=26 w=8.6879518831e+36 Shat=7.1852560000e+03 Lhat=0.0000000000e+00
KNUTH_SUBTREE root=395 depth=26 w=3.0156720182e+37 Shat=1.3701300000e+03 Lhat=0.0000000000e+00
KNUTH_SUBTREE root=396 depth=26 w=2.9140106642e+36 Shat=7.9000000000e+01 Lhat=0.0000000000e+00
KNUTH_SUBTREE root=397 depth=26 w=2.3420506152e+36 Shat=4.2347760000e+03 Lhat=4.2059200000e+02
KNUTH_SUBTREE root=398 depth=26 w=5.8528150559e+36 Shat=1.2037000000e+01 Lhat=0.0000000000e+00
KNUTH_SUBTREE root=399 depth=26 w=2.8107319028e+35 Shat=9.0000000000e+00 Lhat=0.0000000000e+00
KNUTH_SUBTREE root=400 depth=26 w=8.6471397206e+35 Shat=8.0800000000e+00 Lhat=0.0000000000e+00
KNUTH_SUBTREE root=401 depth=26 w=5.4663028277e+36 Shat=3.0000000000e+00 Lhat=0.0000000000e+00
KNUTH_SUBTREE root=402 depth=26 w=3.6710429360e+37 Shat=7.4512900000e+02 Lhat=0.0000000000e+00
KNUTH_SUBTREE root=403 depth=26 w=8.2894411367e+36 Shat=2.5528840000e+03 Lhat=0.0000000000e+00
KNUTH_SUBTREE root=404 depth=26 w=3.4197646179e+37 Shat=1.5475600000e+02 Lhat=0.0000000000e+00
KNUTH_SUBTREE root=405 depth=26 w=6.5503706624e+36 Shat=8.2235000000e+02 Lhat=0.0000000000e+00
KNUTH_SUBTREE root=406 depth=26 w=2.6289075042e+36 Shat=2.9998000000e+02 Lhat=0.0000000000e+00
KNUTH_SUBTREE root=407 depth=26 w=2.0887461585e+36 Shat=1.3000000000e+01 Lhat=0.0000000000e+00
KNUTH_SUBTREE root=408 depth=26 w=2.8640264909e+36 Shat=2.0461500000e+03 Lhat=0.0000000000e+00
KNUTH_SUBTREE root=409 depth=26 w=1.6973953130e+37 Shat=1.0458880000e+03 Lhat=0.0000000000e+00
KNUTH_SUBTREE root=410 depth=26 w=7.7886295825e+36 Shat=9.7000000000e+01 Lhat=0.0000000000e+00
KNUTH_SUBTREE root=411 depth=26 w=2.9609335762e+37 Shat=1.1890900000e+03 Lhat=0.0000000000e+00
KNUTH_SUBTREE root=412 depth=26 w=1.0877969813e+37 Shat=1.1951000000e+02 Lhat=0.0000000000e+00
KNUTH_SUBTREE root=413 depth=26 w=2.4689022946e+36 Shat=1.7996900000e+02 Lhat=0.0000000000e+00
KNUTH_SUBTREE root=414 depth=26 w=5.2724792755e+36 Shat=4.1453560000e+03 Lhat=0.0000000000e+00
KNUTH_SUBTREE root=415 depth=26 w=4.4155063578e+36 Shat=4.6600000000e+01 Lhat=0.0000000000e+00
KNUTH_SUBTREE root=416 depth=26 w=3.7949553662e+36 Shat=5.5418000000e+02 Lhat=0.0000000000e+00
KNUTH_SUBTREE root=417 depth=26 w=3.2491965242e+36 Shat=2.1313000000e+03 Lhat=0.0000000000e+00
KNUTH_SUBTREE root=418 depth=26 w=5.8907777121e+35 Shat=4.7992000000e+01 Lhat=0.0000000000e+00
KNUTH_SUBTREE root=419 depth=26 w=1.7066443791e+36 Shat=2.1124600000e+02 Lhat=0.0000000000e+00
KNUTH_SUBTREE root=420 depth=26 w=3.2102627252e+37 Shat=1.1750800000e+03 Lhat=0.0000000000e+00
KNUTH_SUBTREE root=421 depth=26 w=3.7209948671e+36 Shat=1.0393000000e+02 Lhat=0.0000000000e+00
KNUTH_SUBTREE root=422 depth=26 w=3.1889910904e+36 Shat=5.3870000000e+01 Lhat=0.0000000000e+00
KNUTH_SUBTREE root=423 depth=26 w=3.5123771513e+37 Shat=5.3731800000e+03 Lhat=3.6938000000e+02
KNUTH_SUBTREE root=424 depth=26 w=8.0426654265e+36 Shat=1.0218400000e+02 Lhat=0.0000000000e+00
KNUTH_SUBTREE root=425 depth=26 w=2.0874771691e+36 Shat=1.5092000000e+01 Lhat=0.0000000000e+00
KNUTH_SUBTREE root=426 depth=26 w=2.5361721245e+36 Shat=2.2095000000e+01 Lhat=0.0000000000e+00
KNUTH_SUBTREE root=427 depth=26 w=6.5960440478e+36 Shat=7.7678000000e+01 Lhat=0.0000000000e+00
KNUTH_SUBTREE root=428 depth=26 w=3.9767544629e+36 Shat=3.6291700000e+02 Lhat=0.0000000000e+00
KNUTH_SUBTREE root=429 depth=26 w=4.0467601525e+36 Shat=1.4180000000e+01 Lhat=0.0000000000e+00
KNUTH_SUBTREE root=430 depth=26 w=2.9028376049e+37 Shat=4.8522700000e+03 Lhat=0.0000000000e+00
KNUTH_SUBTREE root=431 depth=26 w=2.5851941935e+37 Shat=1.2352510000e+03 Lhat=0.0000000000e+00
KNUTH_SUBTREE root=432 depth=26 w=2.2792267716e+37 Shat=4.4718400000e+02 Lhat=0.0000000000e+00
KNUTH_SUBTREE root=433 depth=26 w=1.2043452264e+36 Shat=1.6580000000e+02 Lhat=0.0000000000e+00
KNUTH_SUBTREE root=434 depth=26 w=6.9551348756e+36 Shat=4.9974970000e+03 Lhat=0.0000000000e+00
KNUTH_SUBTREE root=435 depth=26 w=8.4251839096e+36 Shat=7.3190000000e+01 Lhat=0.0000000000e+00
KNUTH_SUBTREE root=436 depth=26 w=3.8732550708e+36 Shat=2.1777760000e+03 Lhat=0.0000000000e+00
KNUTH_SUBTREE root=437 depth=26 w=2.0180424723e+37 Shat=6.5715000000e+01 Lhat=0.0000000000e+00
KNUTH_SUBTREE root=438 depth=26 w=1.2862200330e+37 Shat=6.2916000000e+02 Lhat=0.0000000000e+00
KNUTH_SUBTREE root=439 depth=26 w=3.2867519892e+37 Shat=1.3679150000e+03 Lhat=0.0000000000e+00
KNUTH_SUBTREE root=440 depth=26 w=8.3317831449e+35 Shat=4.0000000000e+00 Lhat=0.0000000000e+00
KNUTH_SUBTREE root=441 depth=26 w=2.6256631843e+36 Shat=1.0293000000e+02 Lhat=0.0000000000e+00
KNUTH_SUBTREE root=442 depth=26 w=7.7800120503e+36 Shat=2.3713760000e+03 Lhat=0.0000000000e+00
KNUTH_SUBTREE root=443 depth=26 w=1.3880715500e+37 Shat=2.5154560000e+03 Lhat=0.0000000000e+00
KNUTH_SUBTREE root=444 depth=26 w=3.7193141707e+36 Shat=3.3507500000e+02 Lhat=0.0000000000e+00
KNUTH_SUBTREE root=445 depth=26 w=1.6064765404e+37 Shat=4.5313600000e+02 Lhat=0.0000000000e+00
KNUTH_SUBTREE root=446 depth=26 w=7.1604318784e+36 Shat=1.8699900000e+03 Lhat=0.0000000000e+00
KNUTH_SUBTREE root=447 depth=26 w=4.0205769276e+36 Shat=2.6960000000e+01 Lhat=0.0000000000e+00
KNUTH_SUBTREE root=448 depth=26 w=2.0363195138e+37 Shat=7.2221000000e+02 Lhat=0.0000000000e+00
KNUTH_SUBTREE root=449 depth=26 w=1.1140134068e+37 Shat=1.0601020000e+03 Lhat=0.0000000000e+00
KNUTH_SUBTREE root=450 depth=26 w=4.0615828638e+36 Shat=1.3427872000e+04 Lhat=0.0000000000e+00
KNUTH_SUBTREE root=451 depth=26 w=3.3170638744e+35 Shat=3.8972000000e+01 Lhat=0.0000000000e+00
KNUTH_SUBTREE root=452 depth=26 w=1.9081232870e+36 Shat=2.3411200000e+02 Lhat=0.0000000000e+00
KNUTH_SUBTREE root=453 depth=26 w=8.0960938527e+36 Shat=3.2269600000e+02 Lhat=0.0000000000e+00
KNUTH_SUBTREE root=454 depth=26 w=8.7813981682e+35 Shat=1.5052000000e+01 Lhat=0.0000000000e+00
KNUTH_SUBTREE root=455 depth=26 w=9.6103095897e+36 Shat=4.2130000000e+01 Lhat=0.0000000000e+00
KNUTH_SUBTREE root=456 depth=26 w=3.6273694266e+36 Shat=1.0152550000e+03 Lhat=0.0000000000e+00
KNUTH_SUBTREE root=457 depth=26 w=6.1621288853e+36 Shat=5.0141890000e+03 Lhat=0.0000000000e+00
KNUTH_SUBTREE root=458 depth=26 w=6.0145275005e+36 Shat=2.5645960000e+03 Lhat=0.0000000000e+00
KNUTH_SUBTREE root=459 depth=26 w=1.1888801033e+37 Shat=1.8000000000e+01 Lhat=0.0000000000e+00
KNUTH_SUBTREE root=460 depth=26 w=2.5414016105e+37 Shat=1.0747700000e+02 Lhat=0.0000000000e+00
KNUTH_SUBTREE root=461 depth=26 w=3.7244037523e+36 Shat=3.8865880000e+03 Lhat=0.0000000000e+00
KNUTH_SUBTREE root=462 depth=26 w=7.2086256951e+36 Shat=1.9520000000e+02 Lhat=0.0000000000e+00
KNUTH_SUBTREE root=463 depth=26 w=3.5696775855e+36 Shat=5.1856500000e+03 Lhat=0.0000000000e+00
KNUTH_SUBTREE root=464 depth=26 w=1.6335243072e+36 Shat=2.9228000000e+01 Lhat=0.0000000000e+00
KNUTH_SUBTREE root=465 depth=26 w=1.3958692930e+36 Shat=8.7352000000e+01 Lhat=0.0000000000e+00
KNUTH_SUBTREE root=466 depth=26 w=1.7467760202e+36 Shat=1.2626000000e+02 Lhat=0.0000000000e+00
KNUTH_SUBTREE root=467 depth=26 w=6.3081877825e+35 Shat=8.3132000000e+01 Lhat=0.0000000000e+00
KNUTH_SUBTREE root=468 depth=26 w=2.7221399244e+37 Shat=3.4981500000e+03 Lhat=1.8870000000e+02
KNUTH_SUBTREE root=469 depth=26 w=2.2561029093e+37 Shat=5.2390000000e+01 Lhat=0.0000000000e+00
KNUTH_SUBTREE root=470 depth=26 w=6.8232016154e+36 Shat=5.7220000000e+01 Lhat=0.0000000000e+00
KNUTH_SUBTREE root=471 depth=26 w=2.9132201881e+37 Shat=5.6284000000e+03 Lhat=4.6429200000e+02
KNUTH_SUBTREE root=472 depth=26 w=6.0742747579e+36 Shat=1.5874200000e+03 Lhat=0.0000000000e+00
KNUTH_SUBTREE root=473 depth=26 w=1.2568886010e+37 Shat=4.8462500000e+03 Lhat=0.0000000000e+00
KNUTH_SUBTREE root=474 depth=26 w=3.5040214080e+36 Shat=7.2306550000e+03 Lhat=0.0000000000e+00
KNUTH_SUBTREE root=475 depth=26 w=3.0624747548e+37 Shat=1.4508770000e+03 Lhat=0.0000000000e+00
KNUTH_SUBTREE root=476 depth=26 w=2.9450915810e+37 Shat=3.8116200000e+03 Lhat=0.0000000000e+00
KNUTH_SUBTREE root=477 depth=26 w=1.0544304594e+37 Shat=5.1704610000e+03 Lhat=0.0000000000e+00
KNUTH_SUBTREE root=478 depth=26 w=8.5054768657e+36 Shat=3.4571680000e+03 Lhat=0.0000000000e+00
KNUTH_SUBTREE root=479 depth=26 w=2.2275236584e+36 Shat=2.4864760000e+03 Lhat=0.0000000000e+00
KNUTH_SUBTREE root=480 depth=26 w=1.8731132978e+37 Shat=2.2856000000e+01 Lhat=0.0000000000e+00
KNUTH_SUBTREE root=481 depth=26 w=3.1204250231e+36 Shat=1.9652320000e+03 Lhat=0.0000000000e+00
KNUTH_SUBTREE root=482 depth=26 w=1.2454444834e+37 Shat=6.2546500000e+02 Lhat=0.0000000000e+00
KNUTH_SUBTREE root=483 depth=26 w=6.7143343050e+36 Shat=8.9432200000e+02 Lhat=0.0000000000e+00
KNUTH_SUBTREE root=484 depth=26 w=1.1209050607e+37 Shat=6.3072500000e+02 Lhat=0.0000000000e+00
KNUTH_SUBTREE root=485 depth=26 w=7.5056582626e+34 Shat=1.1012000000e+01 Lhat=0.0000000000e+00
KNUTH_SUBTREE root=486 depth=26 w=3.4776347987e+36 Shat=3.8314720000e+03 Lhat=0.0000000000e+00
KNUTH_SUBTREE root=487 depth=26 w=2.9921263822e+36 Shat=3.1160000000e+01 Lhat=0.0000000000e+00
KNUTH_SUBTREE root=488 depth=26 w=2.6067603277e+36 Shat=3.6928420000e+03 Lhat=0.0000000000e+00
KNUTH_SUBTREE root=489 depth=26 w=2.6175677727e+37 Shat=5.7643620000e+03 Lhat=0.0000000000e+00
KNUTH_SUBTREE root=490 depth=26 w=1.7140102294e+37 Shat=6.4144400000e+02 Lhat=0.0000000000e+00
KNUTH_SUBTREE root=491 depth=26 w=1.3272905367e+36 Shat=1.9270000000e+01 Lhat=0.0000000000e+00
KNUTH_SUBTREE root=492 depth=26 w=5.5978714467e+36 Shat=2.9733670000e+03 Lhat=0.0000000000e+00
KNUTH_SUBTREE root=493 depth=26 w=2.0600871126e+37 Shat=8.0200000000e+00 Lhat=0.0000000000e+00
KNUTH_SUBTREE root=494 depth=26 w=1.1318220679e+37 Shat=1.1554500000e+02 Lhat=0.0000000000e+00
KNUTH_SUBTREE root=495 depth=26 w=6.5951052820e+36 Shat=5.9536800000e+02 Lhat=0.0000000000e+00
KNUTH_SUBTREE root=496 depth=26 w=5.2669775343e+36 Shat=1.1000000000e+01 Lhat=0.0000000000e+00
KNUTH_SUBTREE root=497 depth=26 w=1.1167171158e+37 Shat=1.5200560000e+03 Lhat=0.0000000000e+00
KNUTH_SUBTREE root=498 depth=26 w=1.3865826540e+36 Shat=7.9960000000e+00 Lhat=0.0000000000e+00
KNUTH_SUBTREE root=499 depth=26 w=1.2766730856e+37 Shat=1.2650700000e+03 Lhat=0.0000000000e+00
KNUTH_SUBTREE root=500 depth=26 w=6.2822757245e+36 Shat=3.0000000000e+00 Lhat=0.0000000000e+00
KNUTH_SUBTREE root=501 depth=26 w=2.0167041502e+37 Shat=3.3526000000e+01 Lhat=0.0000000000e+00
KNUTH_SUBTREE root=502 depth=26 w=2.7372028548e+37 Shat=3.5177550000e+03 Lhat=2.2884400000e+02
KNUTH_SUBTREE root=503 depth=26 w=2.5240427688e+36 Shat=2.0480000000e+02 Lhat=0.0000000000e+00
KNUTH_SUBTREE root=504 depth=26 w=1.0326158152e+37 Shat=7.2438000000e+02 Lhat=0.0000000000e+00
KNUTH_SUBTREE root=505 depth=26 w=1.1184249180e+35 Shat=3.0000000000e+00 Lhat=0.0000000000e+00
KNUTH_SUBTREE root=506 depth=26 w=7.4991634437e+36 Shat=1.1870000000e+01 Lhat=0.0000000000e+00
KNUTH_SUBTREE root=507 depth=26 w=3.6401061513e+36 Shat=5.5312000000e+01 Lhat=0.0000000000e+00
KNUTH_SUBTREE root=508 depth=26 w=1.8919202708e+37 Shat=1.3954240000e+03 Lhat=0.0000000000e+00
KNUTH_SUBTREE root=509 depth=26 w=5.6442680455e+36 Shat=3.8499900000e+02 Lhat=0.0000000000e+00
KNUTH_SUBTREE root=510 depth=26 w=2.9782405994e+36 Shat=4.0260000000e+02 Lhat=0.0000000000e+00
KNUTH_SUBTREE root=511 depth=26 w=2.7508783826e+37 Shat=2.4154400000e+02 Lhat=0.0000000000e+00
KNUTH_SUBTREE root=512 depth=26 w=6.2854857766e+36 Shat=2.2350900000e+03 Lhat=0.0000000000e+00
KNUTH_SUBTREE root=513 depth=26 w=2.9201733769e+37 Shat=1.2904000000e+01 Lhat=0.0000000000e+00
KNUTH_SUBTREE root=514 depth=26 w=3.4893083757e+36 Shat=5.2670000000e+03 Lhat=0.0000000000e+00
KNUTH_SUBTREE root=515 depth=26 w=3.4434522283e+37 Shat=3.1377880000e+03 Lhat=0.0000000000e+00
KNUTH_SUBTREE root=516 depth=26 w=1.1055252119e+37 Shat=5.5813000000e+02 Lhat=0.0000000000e+00
KNUTH_SUBTREE root=517 depth=26 w=4.6883049869e+36 Shat=1.1240200000e+02 Lhat=0.0000000000e+00
KNUTH_SUBTREE root=518 depth=26 w=2.6834101750e+37 Shat=6.4447000000e+02 Lhat=0.0000000000e+00
KNUTH_SUBTREE root=519 depth=26 w=2.3599650221e+37 Shat=8.3920860000e+03 Lhat=0.0000000000e+00
KNUTH_SUBTREE root=520 depth=26 w=1.1412861255e+37 Shat=7.7932900000e+02 Lhat=0.0000000000e+00
KNUTH_SUBTREE root=521 depth=26 w=4.6035431842e+36 Shat=4.9360000000e+00 Lhat=0.0000000000e+00
KNUTH_SUBTREE root=522 depth=26 w=3.5706985747e+36 Shat=5.0000000000e+00 Lhat=0.0000000000e+00
KNUTH_SUBTREE root=523 depth=26 w=2.2075055554e+36 Shat=2.9836880000e+03 Lhat=0.0000000000e+00
KNUTH_SUBTREE root=524 depth=26 w=5.6969622315e+36 Shat=2.7821100000e+03 Lhat=0.0000000000e+00
KNUTH_SUBTREE root=525 depth=26 w=2.4199319643e+37 Shat=6.7880000000e+01 Lhat=0.0000000000e+00
KNUTH_SUBTREE root=526 depth=26 w=3.5740870122e+36 Shat=4.7775300000e+03 Lhat=0.0000000000e+00
KNUTH_SUBTREE root=527 depth=26 w=5.4299715569e+36 Shat=1.8304000000e+01 Lhat=0.0000000000e+00
KNUTH_SUBTREE root=528 depth=26 w=1.2569466573e+37 Shat=3.7030000000e+01 Lhat=0.0000000000e+00
KNUTH_SUBTREE root=529 depth=26 w=1.0013171177e+37 Shat=9.8446360000e+03 Lhat=1.2607760000e+03
KNUTH_SUBTREE root=530 depth=26 w=3.3511444432e+36 Shat=2.9455360000e+03 Lhat=0.0000000000e+00
KNUTH_SUBTREE root=531 depth=26 w=2.5045481391e+37 Shat=2.7927000000e+02 Lhat=0.0000000000e+00
KNUTH_SUBTREE root=532 depth=26 w=1.3172397468e+36 Shat=1.3957000000e+01 Lhat=0.0000000000e+00
KNUTH_SUBTREE root=533 depth=26 w=1.3795975589e+36 Shat=1.0899000000e+02 Lhat=0.0000000000e+00
KNUTH_SUBTREE root=534 depth=26 w=1.2694962495e+36 Shat=6.6260000000e+01 Lhat=0.0000000000e+00
KNUTH_SUBTREE root=535 depth=26 w=2.9774868562e+37 Shat=7.5817000000e+02 Lhat=0.0000000000e+00
KNUTH_SUBTREE root=536 depth=26 w=7.2580810935e+36 Shat=2.6726000000e+02 Lhat=0.0000000000e+00
KNUTH_SUBTREE root=537 depth=26 w=1.0971592539e+37 Shat=7.0742000000e+02 Lhat=0.0000000000e+00
KNUTH_SUBTREE root=538 depth=26 w=3.6227207188e+37 Shat=1.2248800000e+03 Lhat=0.0000000000e+00
KNUTH_SUBTREE root=539 depth=26 w=5.6835753875e+34 Shat=1.0000000000e+00 Lhat=0.0000000000e+00
KNUTH_SUBTREE root=540 depth=26 w=3.9319066693e+36 Shat=1.1000000000e+01 Lhat=0.0000000000e+00
KNUTH_SUBTREE root=541 depth=26 w=1.6577199213e+37 Shat=3.1208600000e+03 Lhat=0.0000000000e+00
KNUTH_SUBTREE root=542 depth=26 w=5.4920872734e+36 Shat=2.3789350000e+03 Lhat=0.0000000000e+00
KNUTH_SUBTREE root=543 depth=26 w=3.0152656824e+37 Shat=2.6586300000e+03 Lhat=0.0000000000e+00
KNUTH_SUBTREE root=544 depth=26 w=3.4792899658e+36 Shat=2.7696080000e+03 Lhat=0.0000000000e+00
KNUTH_SUBTREE root=545 depth=26 w=8.3338043650e+36 Shat=4.2621760000e+03 Lhat=0.0000000000e+00
KNUTH_SUBTREE root=546 depth=26 w=4.7070213027e+35 Shat=1.8964000000e+01 Lhat=0.0000000000e+00
KNUTH_SUBTREE root=547 depth=26 w=6.2939644587e+36 Shat=4.1662000000e+02 Lhat=0.0000000000e+00
KNUTH_SUBTREE root=548 depth=26 w=6.0830429394e+36 Shat=1.4151700000e+02 Lhat=0.0000000000e+00
KNUTH_SUBTREE root=549 depth=26 w=1.9129520551e+37 Shat=8.2731200000e+03 Lhat=0.0000000000e+00
KNUTH_SUBTREE root=550 depth=26 w=2.6872473460e+37 Shat=2.1792100000e+03 Lhat=0.0000000000e+00
KNUTH_SUBTREE root=551 depth=26 w=3.5777102513e+36 Shat=5.6004000000e+02 Lhat=0.0000000000e+00
KNUTH_SUBTREE root=552 depth=26 w=1.4089416830e+37 Shat=2.2472080000e+03 Lhat=0.0000000000e+00
KNUTH_SUBTREE root=553 depth=26 w=1.2806006798e+36 Shat=3.9300000000e+00 Lhat=0.0000000000e+00
KNUTH_SUBTREE root=554 depth=26 w=1.6460847669e+37 Shat=3.3040000000e+01 Lhat=0.0000000000e+00
KNUTH_SUBTREE root=555 depth=26 w=3.1944562482e+36 Shat=4.0219730000e+03 Lhat=4.5168200000e+02
KNUTH_SUBTREE root=556 depth=26 w=2.4560578004e+37 Shat=8.0480000000e+00 Lhat=0.0000000000e+00
KNUTH_SUBTREE root=557 depth=26 w=1.0762954054e+36 Shat=1.3000000000e+01 Lhat=0.0000000000e+00
KNUTH_SUBTREE root=558 depth=26 w=7.9812473723e+36 Shat=5.5178400000e+02 Lhat=0.0000000000e+00
KNUTH_SUBTREE root=559 depth=26 w=8.8301547834e+36 Shat=1.3000000000e+01 Lhat=0.0000000000e+00
KNUTH_SUBTREE root=560 depth=26 w=4.0498161413e+36 Shat=8.8647780000e+03 Lhat=0.0000000000e+00
KNUTH_SUBTREE root=561 depth=26 w=3.4367548410e+36 Shat=1.3000000000e+01 Lhat=0.0000000000e+00
KNUTH_SUBTREE root=562 depth=26 w=1.6474417704e+36 Shat=1.3000000000e+01 Lhat=0.0000000000e+00
KNUTH_SUBTREE root=563 depth=26 w=3.8401486790e+36 Shat=1.3454000000e+02 Lhat=0.0000000000e+00
KNUTH_SUBTREE root=564 depth=26 w=2.7578315662e+37 Shat=6.2793820000e+03 Lhat=4.8600000000e+02
KNUTH_SUBTREE root=565 depth=26 w=4.1957079442e+36 Shat=1.4855200000e+02 Lhat=0.0000000000e+00
KNUTH_SUBTREE root=566 depth=26 w=1.5466250099e+37 Shat=1.7147200000e+03 Lhat=0.0000000000e+00
KNUTH_SUBTREE root=567 depth=26 w=1.3063951439e+37 Shat=1.1264720000e+03 Lhat=0.0000000000e+00
KNUTH_SUBTREE root=568 depth=26 w=2.8188766085e+37 Shat=3.6874000000e+03 Lhat=0.0000000000e+00
KNUTH_SUBTREE root=569 depth=26 w=3.3386975219e+36 Shat=2.7304000000e+01 Lhat=0.0000000000e+00
KNUTH_SUBTREE root=570 depth=26 w=1.4875974676e+37 Shat=9.2847900000e+02 Lhat=0.0000000000e+00
KNUTH_SUBTREE root=571 depth=26 w=5.9025247860e+36 Shat=4.0225000000e+01 Lhat=0.0000000000e+00
KNUTH_SUBTREE root=572 depth=26 w=3.5491138132e+36 Shat=7.9151200000e+02 Lhat=0.0000000000e+00
KNUTH_SUBTREE root=573 depth=26 w=2.0482921092e+36 Shat=5.4986400000e+02 Lhat=0.0000000000e+00
KNUTH_SUBTREE root=574 depth=26 w=2.9772766920e+37 Shat=3.4186010000e+03 Lhat=1.2144000000e+02
KNUTH_SUBTREE root=575 depth=26 w=1.5461641273e+36 Shat=4.0000000000e+00 Lhat=0.0000000000e+00
KNUTH_SUBTREE root=576 depth=26 w=2.2025778135e+36 Shat=6.0592800000e+02 Lhat=0.0000000000e+00
KNUTH_SUBTREE root=577 depth=26 w=9.7962669758e+36 Shat=2.8956790000e+03 Lhat=0.0000000000e+00
KNUTH_SUBTREE root=578 depth=26 w=1.3937498070e+36 Shat=1.4936000000e+01 Lhat=0.0000000000e+00
KNUTH_SUBTREE root=579 depth=26 w=5.9656587165e+35 Shat=9.5955000000e+01 Lhat=0.0000000000e+00
KNUTH_SUBTREE root=580 depth=26 w=3.2526870464e+36 Shat=9.7088300000e+03 Lhat=0.0000000000e+00
KNUTH_SUBTREE root=581 depth=26 w=3.4040083941e+36 Shat=1.7099400000e+02 Lhat=0.0000000000e+00
KNUTH_SUBTREE root=582 depth=26 w=3.0248067640e+36 Shat=1.3021460000e+03 Lhat=0.0000000000e+00
KNUTH_SUBTREE root=583 depth=26 w=5.2951396936e+36 Shat=2.9788000000e+02 Lhat=0.0000000000e+00
KNUTH_SUBTREE root=584 depth=26 w=2.7570131216e+36 Shat=4.4936000000e+01 Lhat=0.0000000000e+00
KNUTH_SUBTREE root=585 depth=26 w=1.3074927224e+36 Shat=8.4304000000e+01 Lhat=0.0000000000e+00
KNUTH_SUBTREE root=586 depth=26 w=2.7765510189e+37 Shat=1.0271704000e+04 Lhat=1.3421040000e+03
KNUTH_SUBTREE root=587 depth=26 w=4.8049813203e+36 Shat=1.2377300000e+02 Lhat=0.0000000000e+00
KNUTH_SUBTREE root=588 depth=26 w=7.9121279346e+36 Shat=2.4535160000e+03 Lhat=0.0000000000e+00
KNUTH_SUBTREE root=589 depth=26 w=1.8686288008e+37 Shat=6.2205600000e+02 Lhat=0.0000000000e+00
KNUTH_SUBTREE root=590 depth=26 w=1.2828828457e+37 Shat=1.9234500000e+03 Lhat=0.0000000000e+00
KNUTH_SUBTREE root=591 depth=26 w=7.2941552235e+36 Shat=1.4374000000e+02 Lhat=0.0000000000e+00
KNUTH_SUBTREE root=592 depth=26 w=3.5644376489e+37 Shat=2.8218400000e+02 Lhat=0.0000000000e+00
KNUTH_SUBTREE root=593 depth=26 w=8.2906194256e+36 Shat=1.8557967000e+04 Lhat=0.0000000000e+00
KNUTH_SUBTREE root=594 depth=26 w=4.3839209406e+36 Shat=1.7032420000e+03 Lhat=0.0000000000e+00
KNUTH_SUBTREE root=595 depth=26 w=1.4546718162e+36 Shat=5.0000000000e+00 Lhat=0.0000000000e+00
KNUTH_SUBTREE root=596 depth=26 w=1.5637951927e+37 Shat=3.0000000000e+00 Lhat=0.0000000000e+00
KNUTH_SUBTREE root=597 depth=26 w=3.0083988165e+37 Shat=2.6929840000e+03 Lhat=3.5424000000e+01
KNUTH_SUBTREE root=598 depth=26 w=1.9928971990e+36 Shat=2.0591080000e+03 Lhat=0.0000000000e+00
KNUTH_SUBTREE root=599 depth=26 w=1.2287280800e+37 Shat=2.3578500000e+02 Lhat=0.0000000000e+00
KNUTH_SUBTREE root=600 depth=26 w=3.3300648397e+37 Shat=1.3697190000e+03 Lhat=0.0000000000e+00
KNUTH_SUBTREE root=601 depth=26 w=6.5345662935e+36 Shat=1.9584900000e+03 Lhat=0.0000000000e+00
KNUTH_SUBTREE root=602 depth=26 w=1.1395189143e+37 Shat=1.1574080000e+03 Lhat=0.0000000000e+00
KNUTH_SUBTREE root=603 depth=26 w=1.8223040702e+37 Shat=6.3328000000e+01 Lhat=0.0000000000e+00
KNUTH_SUBTREE root=604 depth=26 w=1.3200759614e+37 Shat=7.7204000000e+02 Lhat=0.0000000000e+00
KNUTH_SUBTREE root=605 depth=26 w=8.7175864527e+36 Shat=1.3000000000e+01 Lhat=0.0000000000e+00
KNUTH_SUBTREE root=606 depth=26 w=2.8061132672e+37 Shat=2.0748000000e+01 Lhat=0.0000000000e+00
KNUTH_SUBTREE root=607 depth=26 w=8.6667151971e+36 Shat=6.7589200000e+02 Lhat=0.0000000000e+00
KNUTH_SUBTREE root=608 depth=26 w=6.6418178576e+36 Shat=1.6275000000e+01 Lhat=0.0000000000e+00
KNUTH_SUBTREE root=609 depth=26 w=4.7915297444e+34 Shat=1.0000000000e+00 Lhat=0.0000000000e+00
KNUTH_SUBTREE root=610 depth=26 w=3.5415837151e+36 Shat=1.1549200000e+02 Lhat=0.0000000000e+00
KNUTH_SUBTREE root=611 depth=26 w=1.6535802071e+37 Shat=1.3738000000e+01 Lhat=0.0000000000e+00
KNUTH_SUBTREE root=612 depth=26 w=6.0358284159e+35 Shat=6.0000000000e+00 Lhat=0.0000000000e+00
KNUTH_SUBTREE root=613 depth=26 w=2.3579107523e+36 Shat=5.4496520000e+03 Lhat=0.0000000000e+00
KNUTH_SUBTREE root=614 depth=26 w=1.8607847766e+36 Shat=3.9110400000e+03 Lhat=2.8028000000e+02
KNUTH_SUBTREE root=615 depth=26 w=2.0671745658e+37 Shat=2.6723680000e+03 Lhat=0.0000000000e+00
KNUTH_SUBTREE root=616 depth=26 w=2.8503225748e+37 Shat=2.9236150000e+03 Lhat=0.0000000000e+00
KNUTH_SUBTREE root=617 depth=26 w=3.2653270713e+36 Shat=6.1655980000e+03 Lhat=0.0000000000e+00
KNUTH_SUBTREE root=618 depth=26 w=1.4056641118e+36 Shat=2.0575200000e+03 Lhat=0.0000000000e+00
KNUTH_SUBTREE root=619 depth=26 w=2.0314698114e+37 Shat=7.9000000000e+01 Lhat=0.0000000000e+00
KNUTH_SUBTREE root=620 depth=26 w=9.9560383795e+36 Shat=6.0009600000e+02 Lhat=0.0000000000e+00
KNUTH_SUBTREE root=621 depth=26 w=9.4819536796e+36 Shat=1.8662200000e+03 Lhat=0.0000000000e+00
KNUTH_SUBTREE root=622 depth=26 w=2.5527991497e+36 Shat=2.1703240000e+03 Lhat=3.4560000000e+01
KNUTH_SUBTREE root=623 depth=26 w=3.2275071363e+37 Shat=1.6075960000e+03 Lhat=0.0000000000e+00
KNUTH_SUBTREE root=624 depth=26 w=1.7172699149e+36 Shat=1.3000000000e+01 Lhat=0.0000000000e+00
KNUTH_SUBTREE root=625 depth=26 w=1.4629957157e+37 Shat=4.5109600000e+02 Lhat=0.0000000000e+00
KNUTH_SUBTREE root=626 depth=26 w=3.0905424234e+36 Shat=3.6392300000e+02 Lhat=0.0000000000e+00
KNUTH_SUBTREE root=627 depth=26 w=1.2612710447e+37 Shat=3.1130300000e+03 Lhat=0.0000000000e+00
KNUTH_SUBTREE root=628 depth=26 w=2.8921550510e+36 Shat=3.9172000000e+01 Lhat=0.0000000000e+00
KNUTH_SUBTREE root=629 depth=26 w=1.4986898392e+37 Shat=1.3965100000e+03 Lhat=0.0000000000e+00
KNUTH_SUBTREE root=630 depth=26 w=1.2338897393e+37 Shat=4.8512000000e+02 Lhat=0.0000000000e+00
KNUTH_SUBTREE root=631 depth=26 w=6.4851850444e+36 Shat=3.6516700000e+02 Lhat=0.0000000000e+00
KNUTH_SUBTREE root=632 depth=26 w=5.1384525848e+36 Shat=8.1031600000e+02 Lhat=0.0000000000e+00
KNUTH_SUBTREE root=633 depth=26 w=1.3261816153e+37 Shat=2.0531350000e+03 Lhat=0.0000000000e+00
KNUTH_SUBTREE root=634 depth=26 w=3.6121166394e+36 Shat=7.9330000000e+01 Lhat=0.0000000000e+00
KNUTH_SUBTREE root=635 depth=26 w=7.5949955988e+36 Shat=8.1575770000e+03 Lhat=0.0000000000e+00
KNUTH_SUBTREE root=636 depth=26 w=3.2906428406e+36 Shat=1.3000000000e+01 Lhat=0.0000000000e+00
KNUTH_SUBTREE root=637 depth=26 w=2.8299846494e+37 Shat=3.2214400000e+02 Lhat=0.0000000000e+00
KNUTH_SUBTREE root=638 depth=26 w=9.7671555812e+36 Shat=1.3000000000e+01 Lhat=0.0000000000e+00
KNUTH_SUBTREE root=639 depth=26 w=1.0404382194e+37 Shat=5.6412000000e+02 Lhat=0.0000000000e+00
KNUTH_SUBTREE root=640 depth=26 w=1.0030197786e+36 Shat=1.1250400000e+02 Lhat=0.0000000000e+00
KNUTH_SUBTREE root=641 depth=26 w=4.0334263765e+35 Shat=3.0201000000e+02 Lhat=0.0000000000e+00
KNUTH_SUBTREE root=642 depth=26 w=2.6865962526e+36 Shat=9.8290000000e+02 Lhat=0.0000000000e+00
KNUTH_SUBTREE root=643 depth=26 w=9.5469427373e+35 Shat=3.0000000000e+00 Lhat=0.0000000000e+00
KNUTH_SUBTREE root=644 depth=26 w=3.7694833295e+36 Shat=1.2352800000e+02 Lhat=0.0000000000e+00
KNUTH_SUBTREE root=645 depth=26 w=1.5736925216e+37 Shat=2.2333400000e+03 Lhat=0.0000000000e+00
KNUTH_SUBTREE root=646 depth=26 w=3.3170017603e+36 Shat=4.1643190000e+03 Lhat=0.0000000000e+00
KNUTH_SUBTREE root=647 depth=26 w=1.8177749326e+36 Shat=3.8228300000e+02 Lhat=0.0000000000e+00
KNUTH_SUBTREE root=648 depth=26 w=1.5803783151e+37 Shat=1.4281500000e+02 Lhat=0.0000000000e+00
KNUTH_SUBTREE root=649 depth=26 w=2.6908566274e+36 Shat=2.2000000000e+01 Lhat=0.0000000000e+00
KNUTH_SUBTREE root=650 depth=26 w=1.6889028199e+37 Shat=1.7028000000e+01 Lhat=0.0000000000e+00
KNUTH_SUBTREE root=651 depth=26 w=2.8334217414e+36 Shat=4.9452300000e+03 Lhat=0.0000000000e+00
KNUTH_SUBTREE root=652 depth=26 w=2.8489852269e+36 Shat=3.6512650000e+03 Lhat=0.0000000000e+00
KNUTH_SUBTREE root=653 depth=26 w=2.1157938877e+36 Shat=7.1200000000e+01 Lhat=0.0000000000e+00
KNUTH_SUBTREE root=654 depth=26 w=2.0697980485e+37 Shat=1.2253330000e+03 Lhat=0.0000000000e+00
KNUTH_SUBTREE root=655 depth=26 w=2.2818420981e+37 Shat=5.2137280000e+03 Lhat=0.0000000000e+00
KNUTH_SUBTREE root=656 depth=26 w=1.0061726325e+36 Shat=7.0000000000e+00 Lhat=0.0000000000e+00
KNUTH_SUBTREE root=657 depth=26 w=8.4434283286e+36 Shat=6.8522000000e+01 Lhat=0.0000000000e+00
KNUTH_SUBTREE root=658 depth=26 w=2.6048267474e+37 Shat=1.1629700000e+02 Lhat=0.0000000000e+00
KNUTH_SUBTREE root=659 depth=26 w=4.9708398636e+36 Shat=3.1636000000e+01 Lhat=0.0000000000e+00
KNUTH_SUBTREE root=660 depth=26 w=3.3146789244e+36 Shat=2.0939920000e+03 Lhat=1.7155200000e+02
KNUTH_SUBTREE root=661 depth=26 w=3.0449292711e+37 Shat=2.3003300000e+02 Lhat=0.0000000000e+00
KNUTH_SUBTREE root=662 depth=26 w=2.1780070143e+36 Shat=1.2890000000e+01 Lhat=0.0000000000e+00
KNUTH_SUBTREE root=663 depth=26 w=4.0102838087e+36 Shat=6.5224400000e+02 Lhat=0.0000000000e+00
KNUTH_SUBTREE root=664 depth=26 w=2.4192402268e+36 Shat=4.0757800000e+03 Lhat=0.0000000000e+00
KNUTH_SUBTREE root=665 depth=26 w=2.7114764427e+37 Shat=8.0656300000e+02 Lhat=0.0000000000e+00
KNUTH_SUBTREE root=666 depth=26 w=1.7492461134e+37 Shat=4.3179940000e+03 Lhat=0.0000000000e+00
KNUTH_SUBTREE root=667 depth=26 w=5.6375247688e+36 Shat=3.1053000000e+02 Lhat=0.0000000000e+00
KNUTH_SUBTREE root=668 depth=26 w=1.1604905455e+37 Shat=5.3833660000e+03 Lhat=0.0000000000e+00
KNUTH_SUBTREE root=669 depth=26 w=2.8372095192e+37 Shat=8.1400000000e+01 Lhat=0.0000000000e+00
KNUTH_SUBTREE root=670 depth=26 w=1.4417968397e+37 Shat=1.0679900000e+03 Lhat=0.0000000000e+00
KNUTH_SUBTREE root=671 depth=26 w=4.9375349431e+36 Shat=3.1225330000e+03 Lhat=0.0000000000e+00
KNUTH_SUBTREE root=672 depth=26 w=3.3646564338e+36 Shat=2.5844000000e+01 Lhat=0.0000000000e+00
KNUTH_SUBTREE root=673 depth=26 w=2.0579701289e+36 Shat=1.0640080000e+03 Lhat=0.0000000000e+00
KNUTH_SUBTREE root=674 depth=26 w=1.8772062962e+37 Shat=3.9538640000e+03 Lhat=1.6931200000e+02
KNUTH_SUBTREE root=675 depth=26 w=5.7171265044e+36 Shat=6.6807000000e+02 Lhat=0.0000000000e+00
KNUTH_SUBTREE root=676 depth=26 w=3.2115393399e+37 Shat=2.2852000000e+01 Lhat=0.0000000000e+00
KNUTH_SUBTREE root=677 depth=26 w=9.6403341744e+36 Shat=3.2143600000e+03 Lhat=5.6448000000e+01
KNUTH_SUBTREE root=678 depth=26 w=2.8178833929e+36 Shat=1.9521700000e+03 Lhat=0.0000000000e+00
KNUTH_SUBTREE root=679 depth=26 w=6.2705081112e+36 Shat=4.7108000000e+01 Lhat=0.0000000000e+00
KNUTH_SUBTREE root=680 depth=26 w=6.4036282615e+36 Shat=6.4372900000e+03 Lhat=0.0000000000e+00
KNUTH_SUBTREE root=681 depth=26 w=3.9019598818e+36 Shat=6.3736000000e+01 Lhat=0.0000000000e+00
KNUTH_SUBTREE root=682 depth=26 w=5.8217842035e+36 Shat=3.1742200000e+02 Lhat=0.0000000000e+00
KNUTH_SUBTREE root=683 depth=26 w=7.6770409681e+36 Shat=3.2008450000e+03 Lhat=0.0000000000e+00
KNUTH_SUBTREE root=684 depth=26 w=1.8195283618e+37 Shat=7.9000000000e+01 Lhat=0.0000000000e+00
KNUTH_SUBTREE root=685 depth=26 w=7.5205555110e+36 Shat=1.3377600000e+03 Lhat=0.0000000000e+00
KNUTH_SUBTREE root=686 depth=26 w=1.1060656188e+37 Shat=2.2420320000e+03 Lhat=0.0000000000e+00
KNUTH_SUBTREE root=687 depth=26 w=7.7486696458e+36 Shat=4.2019800000e+03 Lhat=0.0000000000e+00
KNUTH_SUBTREE root=688 depth=26 w=7.2959888458e+36 Shat=1.0074000000e+02 Lhat=0.0000000000e+00
KNUTH_SUBTREE root=689 depth=26 w=2.9695240206e+37 Shat=4.6364000000e+01 Lhat=0.0000000000e+00
KNUTH_SUBTREE root=690 depth=26 w=2.0661088104e+36 Shat=4.0000000000e+00 Lhat=0.0000000000e+00
KNUTH_SUBTREE root=691 depth=26 w=3.5400125356e+37 Shat=7.2389680000e+03 Lhat=1.3110000000e+03
KNUTH_SUBTREE root=692 depth=26 w=5.6073715270e+36 Shat=3.6290720000e+03 Lhat=0.0000000000e+00
KNUTH_SUBTREE root=693 depth=26 w=1.7857792335e+36 Shat=1.4866000000e+02 Lhat=0.0000000000e+00
KNUTH_SUBTREE root=694 depth=26 w=3.5612263909e+36 Shat=2.5546000000e+02 Lhat=0.0000000000e+00
KNUTH_SUBTREE root=695 depth=26 w=3.9001647913e+36 Shat=8.8864480000e+03 Lhat=0.0000000000e+00
KNUTH_SUBTREE root=696 depth=26 w=4.6820305478e+36 Shat=2.5550000000e+02 Lhat=0.0000000000e+00
KNUTH_SUBTREE root=697 depth=26 w=1.2542718674e+37 Shat=3.1101200000e+03 Lhat=0.0000000000e+00
KNUTH_SUBTREE root=698 depth=26 w=3.3935145962e+37 Shat=1.3748780000e+03 Lhat=0.0000000000e+00
KNUTH_SUBTREE root=699 depth=26 w=7.1940259739e+35 Shat=3.0000000000e+00 Lhat=0.0000000000e+00
KNUTH_SUBTREE root=700 depth=26 w=1.4594577418e+36 Shat=1.8052000000e+01 Lhat=0.0000000000e+00
KNUTH_SUBTREE root=701 depth=26 w=3.6971344701e+35 Shat=7.9600000000e+00 Lhat=0.0000000000e+00
KNUTH_SUBTREE root=702 depth=26 w=8.0209233446e+35 Shat=1.3000000000e+01 Lhat=0.0000000000e+00
KNUTH_SUBTREE root=703 depth=26 w=2.7554707690e+37 Shat=3.8744740000e+03 Lhat=0.0000000000e+00
KNUTH_SUBTREE root=704 depth=26 w=1.4682385033e+37 Shat=8.9674000000e+02 Lhat=0.0000000000e+00
KNUTH_SUBTREE root=705 depth=26 w=1.3566334375e+37 Shat=4.8370000000e+01 Lhat=0.0000000000e+00
KNUTH_SUBTREE root=706 depth=26 w=4.4470357069e+36 Shat=1.1413770000e+03 Lhat=0.0000000000e+00
KNUTH_SUBTREE root=707 depth=26 w=5.1193565682e+35 Shat=5.0148400000e+03 Lhat=0.0000000000e+00
KNUTH_SUBTREE root=708 depth=26 w=2.9442274186e+36 Shat=1.3000000000e+01 Lhat=0.0000000000e+00
KNUTH_SUBTREE root=709 depth=26 w=6.0245483109e+36 Shat=2.8088560000e+03 Lhat=0.0000000000e+00
KNUTH_SUBTREE root=710 depth=26 w=8.7011584457e+36 Shat=1.5861340000e+03 Lhat=0.0000000000e+00
KNUTH_SUBTREE root=711 depth=26 w=3.4935271065e+36 Shat=6.6974000000e+02 Lhat=0.0000000000e+00
KNUTH_SUBTREE root=712 depth=26 w=8.8715767547e+36 Shat=4.9729840000e+03 Lhat=0.0000000000e+00
KNUTH_SUBTREE root=713 depth=26 w=1.7305121781e+37 Shat=3.0281800000e+03 Lhat=0.0000000000e+00
KNUTH_SUBTREE root=714 depth=26 w=1.9933421534e+37 Shat=6.2173000000e+02 Lhat=0.0000000000e+00
KNUTH_SUBTREE root=715 depth=26 w=2.0793151290e+37 Shat=3.2228000000e+02 Lhat=0.0000000000e+00
KNUTH_SUBTREE root=716 depth=26 w=1.5080419271e+37 Shat=3.0031570000e+03 Lhat=0.0000000000e+00
KNUTH_SUBTREE root=717 depth=26 w=7.5834863455e+36 Shat=1.0983100000e+03 Lhat=0.0000000000e+00
KNUTH_SUBTREE root=718 depth=26 w=3.9063487734e+36 Shat=1.9987200000e+03 Lhat=0.0000000000e+00
KNUTH_SUBTREE root=719 depth=26 w=1.8968936683e+36 Shat=5.0000000000e+00 Lhat=0.0000000000e+00
KNUTH_SUBTREE root=720 depth=26 w=8.9610965563e+36 Shat=1.4654320000e+03 Lhat=0.0000000000e+00
KNUTH_SUBTREE root=721 depth=26 w=1.8940460569e+36 Shat=5.2530400000e+02 Lhat=0.0000000000e+00
KNUTH_SUBTREE root=722 depth=26 w=5.8631176235e+35 Shat=2.7272000000e+01 Lhat=0.0000000000e+00
KNUTH_SUBTREE root=723 depth=26 w=3.0224110374e+36 Shat=3.2648000000e+01 Lhat=0.0000000000e+00
KNUTH_SUBTREE root=724 depth=26 w=7.1694534156e+36 Shat=8.0246000000e+02 Lhat=0.0000000000e+00
KNUTH_SUBTREE root=725 depth=26 w=2.9402556887e+37 Shat=3.2221400000e+03 Lhat=0.0000000000e+00
KNUTH_SUBTREE root=726 depth=26 w=3.1916237330e+36 Shat=6.0589600000e+02 Lhat=0.0000000000e+00
KNUTH_SUBTREE root=727 depth=26 w=3.0778247570e+36 Shat=5.4366400000e+03 Lhat=0.0000000000e+00
KNUTH_SUBTREE root=728 depth=26 w=2.9372005316e+37 Shat=4.6258000000e+01 Lhat=0.0000000000e+00
KNUTH_SUBTREE root=729 depth=26 w=1.1917324085e+37 Shat=2.1360000000e+01 Lhat=0.0000000000e+00
KNUTH_SUBTREE root=730 depth=26 w=3.5009423078e+36 Shat=5.1739800000e+03 Lhat=0.0000000000e+00
KNUTH_SUBTREE root=731 depth=26 w=2.2134376836e+37 Shat=5.4813000000e+02 Lhat=0.0000000000e+00
KNUTH_SUBTREE root=732 depth=26 w=3.3059126374e+37 Shat=4.6203500000e+03 Lhat=0.0000000000e+00
KNUTH_SUBTREE root=733 depth=26 w=2.6568975954e+36 Shat=5.5061320000e+03 Lhat=0.0000000000e+00
KNUTH_SUBTREE root=734 depth=26 w=3.7434847645e+36 Shat=1.4695600000e+03 Lhat=0.0000000000e+00
KNUTH_SUBTREE root=735 depth=26 w=1.4968011618e+36 Shat=6.5567580000e+03 Lhat=0.0000000000e+00
KNUTH_SUBTREE root=736 depth=26 w=1.8438072081e+36 Shat=4.7332000000e+02 Lhat=0.0000000000e+00
KNUTH_SUBTREE root=737 depth=26 w=2.0996861850e+36 Shat=7.3380000000e+01 Lhat=0.0000000000e+00
KNUTH_SUBTREE root=738 depth=26 w=3.0038606906e+37 Shat=1.0963600000e+02 Lhat=0.0000000000e+00
KNUTH_SUBTREE root=739 depth=26 w=5.4353449478e+36 Shat=1.5482600000e+03 Lhat=0.0000000000e+00
KNUTH_SUBTREE root=740 depth=26 w=1.9653330278e+35 Shat=1.0000000000e+01 Lhat=0.0000000000e+00
KNUTH_SUBTREE root=741 depth=26 w=6.2797956507e+36 Shat=3.0000000000e+00 Lhat=0.0000000000e+00
KNUTH_SUBTREE root=742 depth=26 w=7.8429957796e+36 Shat=5.7504000000e+01 Lhat=0.0000000000e+00
KNUTH_SUBTREE root=743 depth=26 w=1.7834053007e+37 Shat=5.0937500000e+02 Lhat=6.6192000000e+01
KNUTH_SUBTREE root=744 depth=26 w=2.9951840602e+37 Shat=7.8933700000e+02 Lhat=0.0000000000e+00
KNUTH_SUBTREE root=745 depth=26 w=1.2595039006e+37 Shat=2.3776300000e+02 Lhat=0.0000000000e+00
KNUTH_SUBTREE root=746 depth=26 w=1.4351421030e+37 Shat=4.7937040000e+03 Lhat=0.0000000000e+00
KNUTH_SUBTREE root=747 depth=26 w=1.2963799159e+36 Shat=4.8754000000e+02 Lhat=0.0000000000e+00
KNUTH_SUBTREE root=748 depth=26 w=5.5324663423e+36 Shat=7.6258900000e+02 Lhat=0.0000000000e+00
KNUTH_SUBTREE root=749 depth=26 w=5.7231485260e+36 Shat=7.2496000000e+01 Lhat=0.0000000000e+00
KNUTH_SUBTREE root=750 depth=26 w=1.2523230033e+36 Shat=1.2632400000e+02 Lhat=0.0000000000e+00
KNUTH_SUBTREE root=751 depth=26 w=1.1436995204e+37 Shat=1.7293600000e+03 Lhat=0.0000000000e+00
KNUTH_SUBTREE root=752 depth=26 w=4.2572002947e+36 Shat=2.4026000000e+02 Lhat=0.0000000000e+00
KNUTH_SUBTREE root=753 depth=26 w=8.0587334668e+36 Shat=5.4101000000e+02 Lhat=0.0000000000e+00
KNUTH_SUBTREE root=754 depth=26 w=3.7686081117e+36 Shat=1.1803840000e+03 Lhat=0.0000000000e+00
KNUTH_SUBTREE root=755 depth=26 w=6.3925490514e+35 Shat=5.9960000000e+00 Lhat=0.0000000000e+00
KNUTH_SUBTREE root=756 depth=26 w=0 Shat=0 Lhat=0 dead=1
KNUTH_SUBTREE root=757 depth=26 w=3.3347164628e+36 Shat=3.2940920000e+03 Lhat=0.0000000000e+00
KNUTH_SUBTREE root=758 depth=26 w=3.4847798909e+37 Shat=2.2833190000e+03 Lhat=0.0000000000e+00
KNUTH_SUBTREE root=759 depth=26 w=1.0947318776e+37 Shat=1.9728580000e+03 Lhat=0.0000000000e+00
KNUTH_SUBTREE root=760 depth=26 w=8.5777885563e+35 Shat=1.1895500000e+02 Lhat=0.0000000000e+00
KNUTH_SUBTREE root=761 depth=26 w=1.0125296409e+36 Shat=1.3000000000e+01 Lhat=0.0000000000e+00
KNUTH_SUBTREE root=762 depth=26 w=4.1721978687e+36 Shat=2.4576960000e+03 Lhat=0.0000000000e+00
KNUTH_SUBTREE root=763 depth=26 w=2.3941711254e+36 Shat=9.2420000000e+01 Lhat=0.0000000000e+00
KNUTH_SUBTREE root=764 depth=26 w=6.9424997396e+35 Shat=1.3000000000e+01 Lhat=0.0000000000e+00
KNUTH_SUBTREE root=765 depth=26 w=5.6563009524e+36 Shat=7.9000000000e+01 Lhat=0.0000000000e+00
KNUTH_SUBTREE root=766 depth=26 w=3.4035324800e+37 Shat=1.8654900000e+03 Lhat=0.0000000000e+00
KNUTH_SUBTREE root=767 depth=26 w=8.4332738757e+36 Shat=1.0545400000e+02 Lhat=0.0000000000e+00
KNUTH_SUBTREE root=768 depth=26 w=2.4556620864e+36 Shat=5.0000000000e+00 Lhat=0.0000000000e+00
KNUTH_SUBTREE root=769 depth=26 w=2.9498056254e+37 Shat=5.9676000000e+02 Lhat=0.0000000000e+00
KNUTH_SUBTREE root=770 depth=26 w=2.2148606992e+37 Shat=4.4464800000e+03 Lhat=0.0000000000e+00
KNUTH_SUBTREE root=771 depth=26 w=2.7667023246e+37 Shat=8.1224560000e+03 Lhat=0.0000000000e+00
KNUTH_SUBTREE root=772 depth=26 w=1.5636801652e+37 Shat=2.6911400000e+02 Lhat=0.0000000000e+00
KNUTH_SUBTREE root=773 depth=26 w=2.4493067111e+36 Shat=7.1296000000e+01 Lhat=0.0000000000e+00
KNUTH_SUBTREE root=774 depth=26 w=5.5814963145e+36 Shat=5.8572000000e+02 Lhat=0.0000000000e+00
KNUTH_SUBTREE root=775 depth=26 w=1.1402951673e+37 Shat=5.0000000000e+00 Lhat=0.0000000000e+00
KNUTH_SUBTREE root=776 depth=26 w=5.2241973536e+36 Shat=1.0056400000e+02 Lhat=0.0000000000e+00
KNUTH_SUBTREE root=777 depth=26 w=3.0487298583e+37 Shat=6.8227800000e+03 Lhat=1.7276000000e+02
KNUTH_SUBTREE root=778 depth=26 w=1.4994754688e+37 Shat=3.8118800000e+03 Lhat=0.0000000000e+00
KNUTH_SUBTREE root=779 depth=26 w=2.6770665561e+37 Shat=7.7459700000e+02 Lhat=0.0000000000e+00
KNUTH_SUBTREE root=780 depth=26 w=7.0828936945e+36 Shat=5.5387360000e+03 Lhat=0.0000000000e+00
KNUTH_SUBTREE root=781 depth=26 w=2.2624093196e+37 Shat=1.7819900000e+02 Lhat=0.0000000000e+00
KNUTH_SUBTREE root=782 depth=26 w=2.3238928431e+37 Shat=1.4220000000e+03 Lhat=0.0000000000e+00
KNUTH_SUBTREE root=783 depth=26 w=2.7997383123e+35 Shat=1.0000000000e+00 Lhat=0.0000000000e+00
KNUTH_SUBTREE root=784 depth=26 w=2.1575438042e+36 Shat=1.9856000000e+02 Lhat=0.0000000000e+00
KNUTH_SUBTREE root=785 depth=26 w=1.2699787738e+36 Shat=5.0000000000e+00 Lhat=0.0000000000e+00
KNUTH_SUBTREE root=786 depth=26 w=2.1477437862e+37 Shat=9.1990000000e+02 Lhat=0.0000000000e+00
KNUTH_SUBTREE root=787 depth=26 w=1.2062383972e+37 Shat=2.4585600000e+02 Lhat=0.0000000000e+00
KNUTH_SUBTREE root=788 depth=26 w=2.3057509077e+37 Shat=1.2942400000e+02 Lhat=0.0000000000e+00
KNUTH_SUBTREE root=789 depth=26 w=2.9943055638e+37 Shat=8.0414800000e+03 Lhat=0.0000000000e+00
KNUTH_SUBTREE root=790 depth=26 w=2.5807675293e+37 Shat=3.4789600000e+03 Lhat=0.0000000000e+00
KNUTH_SUBTREE root=791 depth=26 w=2.4986202935e+36 Shat=7.9000000000e+01 Lhat=0.0000000000e+00
KNUTH_SUBTREE root=792 depth=26 w=2.1680759357e+37 Shat=4.0726300000e+03 Lhat=0.0000000000e+00
KNUTH_SUBTREE root=793 depth=26 w=1.1985433244e+36 Shat=9.9750000000e+00 Lhat=0.0000000000e+00
KNUTH_SUBTREE root=794 depth=26 w=2.6214131940e+36 Shat=6.0375000000e+01 Lhat=0.0000000000e+00
KNUTH_SUBTREE root=795 depth=26 w=8.5126388045e+36 Shat=1.2487700000e+03 Lhat=0.0000000000e+00
KNUTH_SUBTREE root=796 depth=26 w=2.7198630471e+37 Shat=2.4662760000e+03 Lhat=0.0000000000e+00
KNUTH_SUBTREE root=797 depth=26 w=4.1117442457e+36 Shat=7.0000000000e+00 Lhat=0.0000000000e+00
KNUTH_SUBTREE root=798 depth=26 w=7.1498852784e+36 Shat=2.4593300000e+03 Lhat=0.0000000000e+00
KNUTH_SUBTREE root=799 depth=26 w=6.7974877021e+36 Shat=3.0084500000e+03 Lhat=0.0000000000e+00
KNUTH_SUBTREE root=800 depth=26 w=7.3377669283e+36 Shat=7.7432000000e+01 Lhat=0.0000000000e+00
KNUTH_SUBTREE root=801 depth=26 w=9.6064654659e+36 Shat=8.0408800000e+02 Lhat=0.0000000000e+00
KNUTH_SUBTREE root=802 depth=26 w=2.9982880629e+35 Shat=1.0000000000e+01 Lhat=0.0000000000e+00
KNUTH_SUBTREE root=803 depth=26 w=1.3677296692e+37 Shat=1.3954880000e+03 Lhat=0.0000000000e+00
KNUTH_SUBTREE root=804 depth=26 w=1.4409079384e+37 Shat=1.9379620000e+03 Lhat=1.1340000000e+01
KNUTH_SUBTREE root=805 depth=26 w=6.1265506860e+36 Shat=5.3186000000e+02 Lhat=0.0000000000e+00
KNUTH_SUBTREE root=806 depth=26 w=2.1628547893e+37 Shat=1.6866400000e+02 Lhat=0.0000000000e+00
KNUTH_SUBTREE root=807 depth=26 w=2.9724568969e+37 Shat=4.4884900000e+03 Lhat=0.0000000000e+00
KNUTH_SUBTREE root=808 depth=26 w=1.4184215262e+36 Shat=1.3000000000e+01 Lhat=0.0000000000e+00
KNUTH_SUBTREE root=809 depth=26 w=1.6029585246e+37 Shat=1.8727020000e+03 Lhat=0.0000000000e+00
KNUTH_SUBTREE root=810 depth=26 w=2.9753804762e+36 Shat=5.2886400000e+02 Lhat=0.0000000000e+00
KNUTH_SUBTREE root=811 depth=26 w=2.6183276053e+37 Shat=1.9052000000e+01 Lhat=0.0000000000e+00
KNUTH_SUBTREE root=812 depth=26 w=4.5546539167e+36 Shat=2.2391870000e+03 Lhat=0.0000000000e+00
KNUTH_SUBTREE root=813 depth=26 w=3.3787862273e+35 Shat=3.0016000000e+01 Lhat=0.0000000000e+00
KNUTH_SUBTREE root=814 depth=26 w=1.1531346173e+36 Shat=7.0000000000e+00 Lhat=0.0000000000e+00
KNUTH_SUBTREE root=815 depth=26 w=3.1592628715e+37 Shat=2.0867320000e+03 Lhat=0.0000000000e+00
KNUTH_SUBTREE root=816 depth=26 w=1.3689389021e+37 Shat=1.2652030000e+03 Lhat=0.0000000000e+00
KNUTH_SUBTREE root=817 depth=26 w=3.0313220229e+37 Shat=2.5758580000e+03 Lhat=0.0000000000e+00
KNUTH_SUBTREE root=818 depth=26 w=1.2404255666e+36 Shat=1.2623000000e+02 Lhat=0.0000000000e+00
KNUTH_SUBTREE root=819 depth=26 w=3.3980959799e+36 Shat=4.4522800000e+03 Lhat=0.0000000000e+00
KNUTH_SUBTREE root=820 depth=26 w=9.4180945089e+36 Shat=1.7360240000e+03 Lhat=0.0000000000e+00
KNUTH_SUBTREE root=821 depth=26 w=1.1878972613e+35 Shat=1.0000000000e+01 Lhat=0.0000000000e+00
KNUTH_SUBTREE root=822 depth=26 w=2.6715382106e+36 Shat=1.0715310000e+03 Lhat=0.0000000000e+00
KNUTH_SUBTREE root=823 depth=26 w=2.1347459345e+37 Shat=1.8800080000e+03 Lhat=0.0000000000e+00
KNUTH_SUBTREE root=824 depth=26 w=1.5978733403e+36 Shat=1.3000000000e+01 Lhat=0.0000000000e+00
KNUTH_SUBTREE root=825 depth=26 w=3.3073880058e+36 Shat=4.7128000000e+02 Lhat=0.0000000000e+00
KNUTH_SUBTREE root=826 depth=26 w=3.0372323627e+37 Shat=6.4306540000e+03 Lhat=0.0000000000e+00
KNUTH_SUBTREE root=827 depth=26 w=1.6927086913e+36 Shat=5.5723240000e+03 Lhat=0.0000000000e+00
KNUTH_SUBTREE root=828 depth=26 w=1.7475888460e+37 Shat=2.3507560000e+03 Lhat=0.0000000000e+00
KNUTH_SUBTREE root=829 depth=26 w=2.9588122807e+37 Shat=2.7912000000e+01 Lhat=0.0000000000e+00
KNUTH_SUBTREE root=830 depth=26 w=6.7003577575e+36 Shat=1.2141900000e+03 Lhat=0.0000000000e+00
KNUTH_SUBTREE root=831 depth=26 w=7.3101539954e+36 Shat=4.0072000000e+01 Lhat=0.0000000000e+00
KNUTH_SUBTREE root=832 depth=26 w=2.7033240984e+36 Shat=2.0002000000e+01 Lhat=0.0000000000e+00
KNUTH_SUBTREE root=833 depth=26 w=4.6366590799e+36 Shat=1.4846410000e+03 Lhat=0.0000000000e+00
KNUTH_SUBTREE root=834 depth=26 w=5.2251050901e+36 Shat=7.5349900000e+02 Lhat=0.0000000000e+00
KNUTH_SUBTREE root=835 depth=26 w=2.4956033379e+37 Shat=1.9532910000e+03 Lhat=0.0000000000e+00
KNUTH_SUBTREE root=836 depth=26 w=1.7768515750e+36 Shat=5.2584000000e+01 Lhat=0.0000000000e+00
KNUTH_SUBTREE root=837 depth=26 w=9.5212420337e+36 Shat=6.1145690000e+03 Lhat=0.0000000000e+00
KNUTH_SUBTREE root=838 depth=26 w=3.9308117191e+36 Shat=7.8064000000e+01 Lhat=0.0000000000e+00
KNUTH_SUBTREE root=839 depth=26 w=2.1050115969e+37 Shat=7.9000000000e+01 Lhat=0.0000000000e+00
KNUTH_SUBTREE root=840 depth=26 w=1.4702831853e+37 Shat=3.7320000000e+01 Lhat=0.0000000000e+00
KNUTH_SUBTREE root=841 depth=26 w=5.4620518331e+36 Shat=3.0000000000e+00 Lhat=0.0000000000e+00
KNUTH_SUBTREE root=842 depth=26 w=2.4631236458e+36 Shat=1.6950220000e+03 Lhat=0.0000000000e+00
KNUTH_SUBTREE root=843 depth=26 w=8.2899143002e+36 Shat=2.1000000000e+01 Lhat=0.0000000000e+00
KNUTH_SUBTREE root=844 depth=26 w=4.1150209491e+36 Shat=7.9000000000e+01 Lhat=0.0000000000e+00
KNUTH_SUBTREE root=845 depth=26 w=2.3471624935e+37 Shat=2.4204800000e+03 Lhat=0.0000000000e+00
KNUTH_SUBTREE root=846 depth=26 w=2.8918899723e+36 Shat=3.6652600000e+03 Lhat=0.0000000000e+00
KNUTH_SUBTREE root=847 depth=26 w=1.8766705922e+36 Shat=1.1733360000e+03 Lhat=0.0000000000e+00
KNUTH_SUBTREE root=848 depth=26 w=1.6671196059e+37 Shat=7.9000000000e+01 Lhat=0.0000000000e+00
KNUTH_SUBTREE root=849 depth=26 w=2.8120926839e+37 Shat=2.9063420000e+03 Lhat=0.0000000000e+00
KNUTH_SUBTREE root=850 depth=26 w=3.5790930853e+36 Shat=6.3552800000e+02 Lhat=0.0000000000e+00
KNUTH_SUBTREE root=851 depth=26 w=1.0104369857e+37 Shat=4.9205500000e+02 Lhat=0.0000000000e+00
KNUTH_SUBTREE root=852 depth=26 w=2.4718426231e+36 Shat=2.0598400000e+02 Lhat=0.0000000000e+00
KNUTH_SUBTREE root=853 depth=26 w=1.9721527960e+37 Shat=9.9660000000e+01 Lhat=0.0000000000e+00
KNUTH_SUBTREE root=854 depth=26 w=3.8499651640e+36 Shat=1.0009200000e+03 Lhat=0.0000000000e+00
KNUTH_SUBTREE root=855 depth=26 w=1.0646979749e+37 Shat=9.9250000000e+00 Lhat=0.0000000000e+00
KNUTH_SUBTREE root=856 depth=26 w=1.3842499957e+37 Shat=6.2205600000e+02 Lhat=0.0000000000e+00
KNUTH_SUBTREE root=857 depth=26 w=9.9964116980e+36 Shat=5.5236000000e+02 Lhat=0.0000000000e+00
KNUTH_SUBTREE root=858 depth=26 w=3.4715218492e+36 Shat=2.7886000000e+02 Lhat=0.0000000000e+00
KNUTH_SUBTREE root=859 depth=26 w=9.2043625652e+36 Shat=1.2605000000e+02 Lhat=0.0000000000e+00
KNUTH_SUBTREE root=860 depth=26 w=1.2717885917e+37 Shat=6.8004400000e+02 Lhat=0.0000000000e+00
KNUTH_SUBTREE root=861 depth=26 w=7.0794303690e+36 Shat=3.8310000000e+01 Lhat=0.0000000000e+00
KNUTH_SUBTREE root=862 depth=26 w=8.3095656176e+36 Shat=4.2046500000e+03 Lhat=7.0008000000e+02
KNUTH_SUBTREE root=863 depth=26 w=2.8043165945e+37 Shat=1.6033240000e+03 Lhat=0.0000000000e+00
KNUTH_SUBTREE root=864 depth=26 w=3.2922899529e+37 Shat=1.6223010000e+03 Lhat=0.0000000000e+00
KNUTH_SUBTREE root=865 depth=26 w=7.9523967431e+36 Shat=2.3733400000e+02 Lhat=0.0000000000e+00
KNUTH_SUBTREE root=866 depth=26 w=1.7664710148e+37 Shat=1.8104000000e+03 Lhat=0.0000000000e+00
KNUTH_SUBTREE root=867 depth=26 w=3.0441200554e+36 Shat=2.3728360000e+03 Lhat=0.0000000000e+00
KNUTH_SUBTREE root=868 depth=26 w=2.8724806636e+37 Shat=3.6755720000e+03 Lhat=0.0000000000e+00
KNUTH_SUBTREE root=869 depth=26 w=2.8940660102e+37 Shat=3.6256210000e+03 Lhat=0.0000000000e+00
KNUTH_SUBTREE root=870 depth=26 w=2.2552949889e+37 Shat=1.2957490000e+03 Lhat=0.0000000000e+00
KNUTH_SUBTREE root=871 depth=26 w=4.0721746669e+35 Shat=2.1433600000e+03 Lhat=0.0000000000e+00
KNUTH_SUBTREE root=872 depth=26 w=8.8327160583e+36 Shat=7.9000000000e+01 Lhat=0.0000000000e+00
KNUTH_SUBTREE root=873 depth=26 w=1.1323225230e+37 Shat=3.1842900000e+03 Lhat=1.4995200000e+02
KNUTH_SUBTREE root=874 depth=26 w=8.0193026156e+36 Shat=9.5152600000e+02 Lhat=0.0000000000e+00
KNUTH_SUBTREE root=875 depth=26 w=5.7417244660e+36 Shat=8.0440000000e+00 Lhat=0.0000000000e+00
KNUTH_SUBTREE root=876 depth=26 w=2.1682662512e+36 Shat=3.0000000000e+00 Lhat=0.0000000000e+00
KNUTH_SUBTREE root=877 depth=26 w=5.9818372099e+36 Shat=7.9284140000e+03 Lhat=0.0000000000e+00
KNUTH_SUBTREE root=878 depth=26 w=6.4118589146e+36 Shat=7.5568000000e+01 Lhat=0.0000000000e+00
KNUTH_SUBTREE root=879 depth=26 w=1.7002179327e+37 Shat=1.2488000000e+02 Lhat=0.0000000000e+00
KNUTH_SUBTREE root=880 depth=26 w=3.8643405165e+36 Shat=1.7940000000e+01 Lhat=0.0000000000e+00
KNUTH_SUBTREE root=881 depth=26 w=9.8232300569e+36 Shat=3.5780000000e+01 Lhat=0.0000000000e+00
KNUTH_SUBTREE root=882 depth=26 w=6.8299712597e+36 Shat=1.5320980000e+03 Lhat=0.0000000000e+00
KNUTH_SUBTREE root=883 depth=26 w=2.3498022056e+37 Shat=3.2495200000e+03 Lhat=0.0000000000e+00
KNUTH_SUBTREE root=884 depth=26 w=4.2186373952e+36 Shat=7.4488000000e+01 Lhat=0.0000000000e+00
KNUTH_SUBTREE root=885 depth=26 w=2.5447994786e+37 Shat=8.2667300000e+03 Lhat=0.0000000000e+00
KNUTH_SUBTREE root=886 depth=26 w=8.2750591925e+36 Shat=6.8472000000e+01 Lhat=0.0000000000e+00
KNUTH_SUBTREE root=887 depth=26 w=2.8875033260e+36 Shat=5.1340000000e+02 Lhat=0.0000000000e+00
KNUTH_SUBTREE root=888 depth=26 w=1.6151128970e+37 Shat=1.9408660000e+03 Lhat=0.0000000000e+00
KNUTH_SUBTREE root=889 depth=26 w=1.3615213191e+36 Shat=4.1003200000e+02 Lhat=0.0000000000e+00
KNUTH_SUBTREE root=890 depth=26 w=4.4064659341e+36 Shat=3.7000000000e+01 Lhat=0.0000000000e+00
KNUTH_SUBTREE root=891 depth=26 w=2.3438806790e+36 Shat=2.2888350000e+03 Lhat=0.0000000000e+00
KNUTH_SUBTREE root=892 depth=26 w=4.9487025914e+36 Shat=1.6040000000e+02 Lhat=0.0000000000e+00
KNUTH_SUBTREE root=893 depth=26 w=1.3996642766e+37 Shat=6.0959800000e+02 Lhat=0.0000000000e+00
KNUTH_SUBTREE root=894 depth=26 w=2.8936290401e+37 Shat=2.0539000000e+03 Lhat=0.0000000000e+00
KNUTH_SUBTREE root=895 depth=26 w=1.2877132041e+37 Shat=3.6507800000e+02 Lhat=0.0000000000e+00
KNUTH_SUBTREE root=896 depth=26 w=2.6880950211e+37 Shat=1.3036000000e+03 Lhat=0.0000000000e+00
KNUTH_SUBTREE root=897 depth=26 w=9.2495519966e+36 Shat=8.7270000000e+01 Lhat=0.0000000000e+00
KNUTH_SUBTREE root=898 depth=26 w=9.3998139355e+36 Shat=5.3042320000e+03 Lhat=2.9904600000e+02
KNUTH_SUBTREE root=899 depth=26 w=6.3513194311e+36 Shat=5.7214000000e+01 Lhat=0.0000000000e+00
KNUTH_SUBTREE root=900 depth=26 w=6.8219796822e+36 Shat=3.0095200000e+02 Lhat=0.0000000000e+00
KNUTH_SUBTREE root=901 depth=26 w=2.4250218168e+37 Shat=4.0000000000e+00 Lhat=0.0000000000e+00
KNUTH_SUBTREE root=902 depth=26 w=5.0923578912e+35 Shat=7.9380000000e+00 Lhat=0.0000000000e+00
KNUTH_SUBTREE root=903 depth=26 w=2.9842181819e+36 Shat=4.5160000000e+01 Lhat=0.0000000000e+00
KNUTH_SUBTREE root=904 depth=26 w=4.5237212229e+34 Shat=3.0000000000e+00 Lhat=0.0000000000e+00
KNUTH_SUBTREE root=905 depth=26 w=1.8206265516e+37 Shat=4.3766000000e+02 Lhat=0.0000000000e+00
KNUTH_SUBTREE root=906 depth=26 w=2.1264245456e+36 Shat=7.9000000000e+01 Lhat=0.0000000000e+00
KNUTH_SUBTREE root=907 depth=26 w=2.5073526756e+36 Shat=6.2164200000e+02 Lhat=0.0000000000e+00
KNUTH_SUBTREE root=908 depth=26 w=2.9882550583e+37 Shat=1.1442520000e+03 Lhat=0.0000000000e+00
KNUTH_SUBTREE root=909 depth=26 w=2.6885526793e+37 Shat=9.4792000000e+01 Lhat=0.0000000000e+00
KNUTH_SUBTREE root=910 depth=26 w=3.0357482144e+37 Shat=3.2849400000e+03 Lhat=0.0000000000e+00
KNUTH_SUBTREE root=911 depth=26 w=6.0736592747e+35 Shat=1.0000000000e+01 Lhat=0.0000000000e+00
KNUTH_SUBTREE root=912 depth=26 w=4.3552505815e+36 Shat=3.0603800000e+03 Lhat=0.0000000000e+00
KNUTH_SUBTREE root=913 depth=26 w=2.6801760872e+36 Shat=1.1090800000e+03 Lhat=0.0000000000e+00
KNUTH_SUBTREE root=914 depth=26 w=4.1492506778e+36 Shat=9.3543400000e+02 Lhat=1.1127600000e+02
KNUTH_SUBTREE root=915 depth=26 w=9.7262778100e+35 Shat=1.0000000000e+01 Lhat=0.0000000000e+00
KNUTH_SUBTREE root=916 depth=26 w=2.2739108458e+37 Shat=1.3543500000e+02 Lhat=0.0000000000e+00
KNUTH_SUBTREE root=917 depth=26 w=2.8227176632e+35 Shat=6.6394000000e+01 Lhat=0.0000000000e+00
KNUTH_SUBTREE root=918 depth=26 w=1.8481618243e+37 Shat=9.0120000000e+01 Lhat=0.0000000000e+00
KNUTH_SUBTREE root=919 depth=26 w=5.7139346105e+35 Shat=1.1000000000e+01 Lhat=0.0000000000e+00
KNUTH_SUBTREE root=920 depth=26 w=1.9545319770e+36 Shat=4.2020000000e+01 Lhat=0.0000000000e+00
KNUTH_SUBTREE root=921 depth=26 w=9.5881783966e+36 Shat=1.5988000000e+03 Lhat=0.0000000000e+00
KNUTH_SUBTREE root=922 depth=26 w=6.8162791514e+36 Shat=3.5019000000e+03 Lhat=0.0000000000e+00
KNUTH_SUBTREE root=923 depth=26 w=6.5769752883e+36 Shat=4.1502400000e+02 Lhat=0.0000000000e+00
KNUTH_SUBTREE root=924 depth=26 w=2.4026099317e+37 Shat=7.9717430000e+03 Lhat=0.0000000000e+00
KNUTH_SUBTREE root=925 depth=26 w=1.5035487892e+37 Shat=1.6476500000e+03 Lhat=0.0000000000e+00
KNUTH_SUBTREE root=926 depth=26 w=1.8533655572e+36 Shat=1.3000000000e+01 Lhat=0.0000000000e+00
KNUTH_SUBTREE root=927 depth=26 w=3.0698574515e+37 Shat=2.2318900000e+02 Lhat=0.0000000000e+00
KNUTH_SUBTREE root=928 depth=26 w=1.6223761762e+36 Shat=1.4348000000e+02 Lhat=0.0000000000e+00
KNUTH_SUBTREE root=929 depth=26 w=5.6606981171e+36 Shat=2.0030000000e+01 Lhat=0.0000000000e+00
KNUTH_SUBTREE root=930 depth=26 w=4.8696449150e+36 Shat=2.9996000000e+01 Lhat=0.0000000000e+00
KNUTH_SUBTREE root=931 depth=26 w=2.3886212799e+37 Shat=4.3880000000e+01 Lhat=0.0000000000e+00
KNUTH_SUBTREE root=932 depth=26 w=1.0219490429e+37 Shat=8.5595000000e+02 Lhat=3.1200000000e+01
KNUTH_SUBTREE root=933 depth=26 w=2.0988941205e+37 Shat=2.4835700000e+03 Lhat=0.0000000000e+00
KNUTH_SUBTREE root=934 depth=26 w=5.0957262684e+36 Shat=9.9744000000e+01 Lhat=0.0000000000e+00
KNUTH_SUBTREE root=935 depth=26 w=1.2005720090e+37 Shat=4.2835200000e+03 Lhat=0.0000000000e+00
KNUTH_SUBTREE root=936 depth=26 w=4.8411585613e+36 Shat=6.4969240000e+03 Lhat=0.0000000000e+00
KNUTH_SUBTREE root=937 depth=26 w=6.8365889676e+36 Shat=9.7868800000e+02 Lhat=0.0000000000e+00
KNUTH_SUBTREE root=938 depth=26 w=3.7673577147e+36 Shat=5.3512000000e+01 Lhat=0.0000000000e+00
KNUTH_SUBTREE root=939 depth=26 w=5.4852259769e+36 Shat=6.6405700000e+02 Lhat=0.0000000000e+00
KNUTH_SUBTREE root=940 depth=26 w=2.3370228295e+37 Shat=2.4004000000e+01 Lhat=0.0000000000e+00
KNUTH_SUBTREE root=941 depth=26 w=2.3657833542e+37 Shat=6.4652000000e+02 Lhat=0.0000000000e+00
KNUTH_SUBTREE root=942 depth=26 w=3.2055204600e+37 Shat=2.1365200000e+03 Lhat=0.0000000000e+00
KNUTH_SUBTREE root=943 depth=26 w=5.5261350904e+36 Shat=2.4000000000e+01 Lhat=0.0000000000e+00
KNUTH_SUBTREE root=944 depth=26 w=9.4220111561e+35 Shat=1.9988400000e+03 Lhat=0.0000000000e+00
KNUTH_SUBTREE root=945 depth=26 w=1.7256365668e+36 Shat=6.0532000000e+01 Lhat=0.0000000000e+00
KNUTH_SUBTREE root=946 depth=26 w=4.3274617662e+36 Shat=2.4087600000e+02 Lhat=0.0000000000e+00
KNUTH_SUBTREE root=947 depth=26 w=2.6491599796e+37 Shat=6.2813800000e+03 Lhat=0.0000000000e+00
KNUTH_SUBTREE root=948 depth=26 w=3.0774068915e+37 Shat=1.1322290000e+03 Lhat=0.0000000000e+00
KNUTH_SUBTREE root=949 depth=26 w=2.4132064920e+35 Shat=1.0000000000e+00 Lhat=0.0000000000e+00
KNUTH_SUBTREE root=950 depth=26 w=1.6758838789e+37 Shat=8.9062000000e+01 Lhat=0.0000000000e+00
KNUTH_SUBTREE root=951 depth=26 w=3.1447151148e+37 Shat=2.2215760000e+03 Lhat=0.0000000000e+00
KNUTH_SUBTREE root=952 depth=26 w=3.2746548733e+37 Shat=2.0568500000e+03 Lhat=0.0000000000e+00
KNUTH_SUBTREE root=953 depth=26 w=9.6555472524e+36 Shat=1.3000000000e+01 Lhat=0.0000000000e+00
KNUTH_SUBTREE root=954 depth=26 w=1.8086379863e+37 Shat=8.2784000000e+01 Lhat=0.0000000000e+00
KNUTH_SUBTREE root=955 depth=26 w=6.4474192105e+36 Shat=1.9748000000e+02 Lhat=0.0000000000e+00
KNUTH_SUBTREE root=956 depth=26 w=1.4412757554e+36 Shat=3.2730000000e+01 Lhat=0.0000000000e+00
KNUTH_SUBTREE root=957 depth=26 w=3.5333392493e+36 Shat=6.5693200000e+03 Lhat=0.0000000000e+00
KNUTH_SUBTREE root=958 depth=26 w=1.6577615561e+37 Shat=1.7539360000e+03 Lhat=0.0000000000e+00
KNUTH_SUBTREE root=959 depth=26 w=1.3810069829e+36 Shat=5.0000000000e+00 Lhat=0.0000000000e+00
KNUTH_SUBTREE root=960 depth=26 w=1.2138878309e+37 Shat=7.0000000000e+00 Lhat=0.0000000000e+00
KNUTH_SUBTREE root=961 depth=26 w=1.4679298059e+36 Shat=4.1000000000e+01 Lhat=0.0000000000e+00
KNUTH_SUBTREE root=962 depth=26 w=4.7546520481e+36 Shat=8.7268000000e+01 Lhat=0.0000000000e+00
KNUTH_SUBTREE root=963 depth=26 w=1.7478760213e+37 Shat=1.0403200000e+02 Lhat=0.0000000000e+00
KNUTH_SUBTREE root=964 depth=26 w=2.7463157571e+37 Shat=1.5109000000e+02 Lhat=0.0000000000e+00
KNUTH_SUBTREE root=965 depth=26 w=1.1786427992e+36 Shat=3.5115000000e+01 Lhat=0.0000000000e+00
KNUTH_SUBTREE root=966 depth=26 w=1.5691690526e+37 Shat=6.0000000000e+00 Lhat=0.0000000000e+00
KNUTH_SUBTREE root=967 depth=26 w=8.7322965829e+36 Shat=3.6712800000e+03 Lhat=0.0000000000e+00
KNUTH_SUBTREE root=968 depth=26 w=1.1726185696e+37 Shat=5.4484000000e+01 Lhat=0.0000000000e+00
KNUTH_SUBTREE root=969 depth=26 w=3.7378400567e+36 Shat=6.0169900000e+02 Lhat=0.0000000000e+00
KNUTH_SUBTREE root=970 depth=26 w=1.0399861884e+37 Shat=1.4786400000e+02 Lhat=0.0000000000e+00
KNUTH_SUBTREE root=971 depth=26 w=5.4909248555e+36 Shat=6.3874000000e+01 Lhat=0.0000000000e+00
KNUTH_SUBTREE root=972 depth=26 w=2.3603817725e+36 Shat=5.6925100000e+03 Lhat=0.0000000000e+00
KNUTH_SUBTREE root=973 depth=26 w=2.6983642923e+37 Shat=1.0572000000e+02 Lhat=0.0000000000e+00
KNUTH_SUBTREE root=974 depth=26 w=3.3229076263e+37 Shat=3.0441700000e+02 Lhat=0.0000000000e+00
KNUTH_SUBTREE root=975 depth=26 w=9.9317143688e+36 Shat=2.2015000000e+02 Lhat=0.0000000000e+00
KNUTH_SUBTREE root=976 depth=26 w=5.2842709408e+36 Shat=2.0205360000e+03 Lhat=0.0000000000e+00
KNUTH_SUBTREE root=977 depth=26 w=3.2961012800e+36 Shat=4.1447000000e+02 Lhat=0.0000000000e+00
KNUTH_SUBTREE root=978 depth=26 w=3.0998651561e+36 Shat=3.3588000000e+02 Lhat=0.0000000000e+00
KNUTH_SUBTREE root=979 depth=26 w=1.4806258099e+36 Shat=7.8992000000e+01 Lhat=0.0000000000e+00
KNUTH_SUBTREE root=980 depth=26 w=4.4350001636e+36 Shat=7.9847010000e+03 Lhat=0.0000000000e+00
KNUTH_SUBTREE root=981 depth=26 w=3.7959246321e+36 Shat=7.9000000000e+01 Lhat=0.0000000000e+00
KNUTH_SUBTREE root=982 depth=26 w=2.4536741606e+35 Shat=1.3000000000e+01 Lhat=0.0000000000e+00
KNUTH_SUBTREE root=983 depth=26 w=5.5680095554e+36 Shat=5.9034400000e+02 Lhat=0.0000000000e+00
KNUTH_SUBTREE root=984 depth=26 w=2.4383173513e+37 Shat=7.9000000000e+01 Lhat=0.0000000000e+00
KNUTH_SUBTREE root=985 depth=26 w=8.0404138039e+36 Shat=3.0000000000e+00 Lhat=0.0000000000e+00
KNUTH_SUBTREE root=986 depth=26 w=3.5156077901e+36 Shat=1.1120230000e+03 Lhat=0.0000000000e+00
KNUTH_SUBTREE root=987 depth=26 w=2.4775733086e+36 Shat=1.9000000000e+01 Lhat=0.0000000000e+00
KNUTH_SUBTREE root=988 depth=26 w=1.6564701056e+37 Shat=1.1702240000e+03 Lhat=0.0000000000e+00
KNUTH_SUBTREE root=989 depth=26 w=2.9383394083e+36 Shat=7.9000000000e+01 Lhat=0.0000000000e+00
KNUTH_SUBTREE root=990 depth=26 w=2.8395598869e+37 Shat=2.7288000000e+01 Lhat=0.0000000000e+00
KNUTH_SUBTREE root=991 depth=26 w=4.5704600318e+36 Shat=2.6056000000e+01 Lhat=0.0000000000e+00
KNUTH_SUBTREE root=992 depth=26 w=5.6732089466e+36 Shat=3.7669280000e+03 Lhat=0.0000000000e+00
KNUTH_SUBTREE root=993 depth=26 w=1.6362082030e+36 Shat=1.0000000000e+00 Lhat=0.0000000000e+00
KNUTH_SUBTREE root=994 depth=26 w=0 Shat=0 Lhat=0 dead=1
KNUTH_SUBTREE root=995 depth=26 w=1.0665964959e+37 Shat=2.0307070000e+03 Lhat=0.0000000000e+00
KNUTH_SUBTREE root=996 depth=26 w=2.1728564283e+36 Shat=1.5028000000e+01 Lhat=0.0000000000e+00
KNUTH_SUBTREE root=997 depth=26 w=1.0325367216e+37 Shat=2.7198500000e+02 Lhat=0.0000000000e+00
KNUTH_SUBTREE root=998 depth=26 w=3.0008535510e+37 Shat=2.4156400000e+02 Lhat=0.0000000000e+00
KNUTH_SUBTREE root=999 depth=26 w=2.0819806526e+36 Shat=3.3570000000e+01 Lhat=0.0000000000e+00
KNUTH_SUBTREE root=1000 depth=26 w=2.5420094121e+36 Shat=8.7088000000e+01 Lhat=0.0000000000e+00
KNUTH_SUBTREE root=1001 depth=26 w=3.0104943954e+37 Shat=8.0378000000e+02 Lhat=0.0000000000e+00
KNUTH_SUBTREE root=1002 depth=26 w=5.1581799264e+36 Shat=3.6894320000e+03 Lhat=0.0000000000e+00
KNUTH_SUBTREE root=1003 depth=26 w=5.0048676608e+35 Shat=1.8922000000e+01 Lhat=0.0000000000e+00
KNUTH_SUBTREE root=1004 depth=26 w=2.9796476267e+36 Shat=3.4685000000e+02 Lhat=0.0000000000e+00
KNUTH_SUBTREE root=1005 depth=26 w=1.3272091314e+36 Shat=7.0480000000e+00 Lhat=0.0000000000e+00
KNUTH_SUBTREE root=1006 depth=26 w=2.4136683667e+37 Shat=7.6820000000e+01 Lhat=0.0000000000e+00
KNUTH_SUBTREE root=1007 depth=26 w=3.2902185909e+37 Shat=1.8989020000e+03 Lhat=0.0000000000e+00
KNUTH_SUBTREE root=1008 depth=26 w=2.7188197129e+36 Shat=4.8824700000e+03 Lhat=0.0000000000e+00
KNUTH_SUBTREE root=1009 depth=26 w=1.9520318160e+36 Shat=5.4025000000e+03 Lhat=0.0000000000e+00
KNUTH_SUBTREE root=1010 depth=26 w=2.2771005876e+36 Shat=2.9311000000e+03 Lhat=0.0000000000e+00
KNUTH_SUBTREE root=1011 depth=26 w=3.9944548325e+36 Shat=1.3000000000e+01 Lhat=0.0000000000e+00
KNUTH_SUBTREE root=1012 depth=26 w=7.7193987471e+36 Shat=7.3576000000e+02 Lhat=0.0000000000e+00
KNUTH_SUBTREE root=1013 depth=26 w=6.7237713004e+36 Shat=3.8668900000e+03 Lhat=0.0000000000e+00
KNUTH_SUBTREE root=1014 depth=26 w=3.4843481230e+36 Shat=5.2716700000e+02 Lhat=0.0000000000e+00
KNUTH_SUBTREE root=1015 depth=26 w=8.6266503677e+35 Shat=1.5952000000e+01 Lhat=0.0000000000e+00
KNUTH_SUBTREE root=1016 depth=26 w=7.9078431558e+36 Shat=1.1693600000e+02 Lhat=0.0000000000e+00
KNUTH_SUBTREE root=1017 depth=26 w=9.1047871899e+36 Shat=2.0512000000e+01 Lhat=0.0000000000e+00
KNUTH_SUBTREE root=1018 depth=26 w=1.0334696116e+37 Shat=1.7945320000e+03 Lhat=0.0000000000e+00
KNUTH_SUBTREE root=1019 depth=26 w=3.0239273107e+36 Shat=1.0000000000e+01 Lhat=0.0000000000e+00
KNUTH_SUBTREE root=1020 depth=26 w=2.4364004571e+37 Shat=1.0335200000e+02 Lhat=0.0000000000e+00
KNUTH_SUBTREE root=1021 depth=26 w=3.2325530682e+37 Shat=1.3127200000e+03 Lhat=0.0000000000e+00
KNUTH_SUBTREE root=1022 depth=26 w=5.5855841428e+36 Shat=1.5724050000e+03 Lhat=0.0000000000e+00
KNUTH_SUBTREE root=1023 depth=26 w=2.9321915434e+37 Shat=5.0307100000e+03 Lhat=0.0000000000e+00
KNUTH_SUBTREE root=1024 depth=26 w=2.9403480334e+37 Shat=5.6459800000e+03 Lhat=0.0000000000e+00
KNUTH_SUBTREE root=1025 depth=26 w=6.9296340531e+34 Shat=1.0000000000e+01 Lhat=0.0000000000e+00
KNUTH_SUBTREE root=1026 depth=26 w=1.8177907086e+36 Shat=1.3000000000e+01 Lhat=0.0000000000e+00
KNUTH_SUBTREE root=1027 depth=26 w=8.1261222599e+36 Shat=5.0000000000e+00 Lhat=0.0000000000e+00
KNUTH_SUBTREE root=1028 depth=26 w=2.4181337018e+36 Shat=3.6688000000e+02 Lhat=0.0000000000e+00
KNUTH_SUBTREE root=1029 depth=26 w=7.7483182782e+36 Shat=2.5616600000e+03 Lhat=0.0000000000e+00
KNUTH_SUBTREE root=1030 depth=26 w=3.1427317308e+36 Shat=3.0000000000e+00 Lhat=0.0000000000e+00
KNUTH_SUBTREE root=1031 depth=26 w=3.8389843764e+36 Shat=1.0482000000e+02 Lhat=0.0000000000e+00
KNUTH_SUBTREE root=1032 depth=26 w=3.6773073953e+35 Shat=1.0000000000e+00 Lhat=0.0000000000e+00
KNUTH_SUBTREE root=1033 depth=26 w=0 Shat=0 Lhat=0 dead=1
KNUTH_SUBTREE root=1034 depth=26 w=7.1920649649e+36 Shat=2.8888800000e+02 Lhat=0.0000000000e+00
KNUTH_SUBTREE root=1035 depth=26 w=7.5573483804e+36 Shat=2.7850100000e+02 Lhat=0.0000000000e+00
KNUTH_SUBTREE root=1036 depth=26 w=1.9333379618e+37 Shat=2.9305520000e+03 Lhat=0.0000000000e+00
KNUTH_SUBTREE root=1037 depth=26 w=3.4027719672e+37 Shat=2.0495740000e+03 Lhat=5.7508000000e+01
KNUTH_SUBTREE root=1038 depth=26 w=1.9568870746e+36 Shat=2.3103800000e+03 Lhat=0.0000000000e+00
KNUTH_SUBTREE root=1039 depth=26 w=3.3072356700e+37 Shat=1.5131710000e+03 Lhat=0.0000000000e+00
KNUTH_SUBTREE root=1040 depth=26 w=3.8645339663e+36 Shat=3.7767280000e+03 Lhat=0.0000000000e+00
KNUTH_SUBTREE root=1041 depth=26 w=3.3973663097e+36 Shat=1.0892000000e+01 Lhat=0.0000000000e+00
KNUTH_SUBTREE root=1042 depth=26 w=6.8181431964e+36 Shat=1.1010000000e+03 Lhat=0.0000000000e+00
KNUTH_SUBTREE root=1043 depth=26 w=2.8880174116e+37 Shat=1.6672000000e+03 Lhat=0.0000000000e+00
KNUTH_SUBTREE root=1044 depth=26 w=6.2815658101e+36 Shat=2.5016000000e+01 Lhat=0.0000000000e+00
KNUTH_SUBTREE root=1045 depth=26 w=1.3358658250e+37 Shat=5.9152800000e+02 Lhat=0.0000000000e+00
KNUTH_SUBTREE root=1046 depth=26 w=9.9891597843e+36 Shat=5.8462000000e+01 Lhat=0.0000000000e+00
KNUTH_SUBTREE root=1047 depth=26 w=3.3991200806e+36 Shat=1.2080200000e+02 Lhat=0.0000000000e+00
KNUTH_SUBTREE root=1048 depth=26 w=2.3844127595e+36 Shat=1.3000000000e+01 Lhat=0.0000000000e+00
KNUTH_SUBTREE root=1049 depth=26 w=1.1103840950e+37 Shat=5.5417220000e+03 Lhat=0.0000000000e+00
KNUTH_SUBTREE root=1050 depth=26 w=2.7216565052e+36 Shat=1.1159500000e+02 Lhat=0.0000000000e+00
KNUTH_SUBTREE root=1051 depth=26 w=3.4049333342e+36 Shat=3.0433000000e+02 Lhat=0.0000000000e+00
KNUTH_SUBTREE root=1052 depth=26 w=2.3662769957e+36 Shat=1.0000000000e+01 Lhat=0.0000000000e+00
KNUTH_SUBTREE root=1053 depth=26 w=1.5516899692e+37 Shat=1.2624400000e+02 Lhat=0.0000000000e+00
KNUTH_SUBTREE root=1054 depth=26 w=2.9474170155e+37 Shat=1.1174206000e+04 Lhat=0.0000000000e+00
KNUTH_SUBTREE root=1055 depth=26 w=2.5204103367e+37 Shat=1.6504610000e+03 Lhat=0.0000000000e+00
KNUTH_SUBTREE root=1056 depth=26 w=3.3999638206e+36 Shat=3.5518440000e+03 Lhat=0.0000000000e+00
KNUTH_SUBTREE root=1057 depth=26 w=3.9421809353e+36 Shat=6.0013000000e+01 Lhat=0.0000000000e+00
KNUTH_SUBTREE root=1058 depth=26 w=4.3658003102e+36 Shat=7.2972550000e+03 Lhat=0.0000000000e+00
KNUTH_SUBTREE root=1059 depth=26 w=5.2969760004e+36 Shat=5.7786730000e+03 Lhat=0.0000000000e+00
KNUTH_SUBTREE root=1060 depth=26 w=2.7006306645e+36 Shat=6.7381840000e+03 Lhat=0.0000000000e+00
KNUTH_SUBTREE root=1061 depth=26 w=1.5181437964e+37 Shat=1.1359549000e+04 Lhat=0.0000000000e+00
KNUTH_SUBTREE root=1062 depth=26 w=2.7862641958e+36 Shat=1.0195720000e+03 Lhat=0.0000000000e+00
KNUTH_SUBTREE root=1063 depth=26 w=4.3778806061e+36 Shat=1.8626640000e+03 Lhat=0.0000000000e+00
KNUTH_SUBTREE root=1064 depth=26 w=6.6883946911e+35 Shat=2.1352000000e+01 Lhat=0.0000000000e+00
KNUTH_SUBTREE root=1065 depth=26 w=4.2752390457e+36 Shat=4.0141410000e+03 Lhat=1.7925600000e+02
KNUTH_SUBTREE root=1066 depth=26 w=3.1727487480e+37 Shat=4.5495220000e+03 Lhat=6.3819800000e+02
KNUTH_SUBTREE root=1067 depth=26 w=9.5362451342e+35 Shat=5.0000000000e+00 Lhat=0.0000000000e+00
KNUTH_SUBTREE root=1068 depth=26 w=1.3158112246e+37 Shat=4.1601200000e+03 Lhat=0.0000000000e+00
KNUTH_SUBTREE root=1069 depth=26 w=5.6569251289e+36 Shat=1.3951800000e+03 Lhat=0.0000000000e+00
KNUTH_SUBTREE root=1070 depth=26 w=1.9096583583e+36 Shat=1.5685000000e+01 Lhat=0.0000000000e+00
KNUTH_SUBTREE root=1071 depth=26 w=0 Shat=0 Lhat=0 dead=1
KNUTH_SUBTREE root=1072 depth=26 w=3.6043058416e+36 Shat=2.1201000000e+02 Lhat=0.0000000000e+00
KNUTH_SUBTREE root=1073 depth=26 w=8.0591334023e+36 Shat=4.4468470000e+03 Lhat=0.0000000000e+00
KNUTH_SUBTREE root=1074 depth=26 w=5.2662871377e+36 Shat=1.3000000000e+01 Lhat=0.0000000000e+00
KNUTH_SUBTREE root=1075 depth=26 w=9.7870218935e+35 Shat=1.1000000000e+01 Lhat=0.0000000000e+00
KNUTH_SUBTREE root=1076 depth=26 w=3.5187602724e+37 Shat=1.7576780000e+03 Lhat=0.0000000000e+00
KNUTH_SUBTREE root=1077 depth=26 w=7.2791840648e+36 Shat=1.0836530000e+03 Lhat=0.0000000000e+00
KNUTH_SUBTREE root=1078 depth=26 w=3.1175059911e+36 Shat=9.0000000000e+00 Lhat=0.0000000000e+00
KNUTH_SUBTREE root=1079 depth=26 w=2.5221447274e+37 Shat=2.8275160000e+03 Lhat=0.0000000000e+00
KNUTH_SUBTREE root=1080 depth=26 w=4.6850010476e+36 Shat=1.9099360000e+03 Lhat=0.0000000000e+00
KNUTH_SUBTREE root=1081 depth=26 w=6.9578896953e+36 Shat=4.7261000000e+02 Lhat=0.0000000000e+00
KNUTH_SUBTREE root=1082 depth=26 w=2.4159812979e+36 Shat=2.3011840000e+03 Lhat=0.0000000000e+00
KNUTH_SUBTREE root=1083 depth=26 w=5.0549852806e+36 Shat=8.2775600000e+02 Lhat=0.0000000000e+00
KNUTH_SUBTREE root=1084 depth=26 w=5.2336699412e+36 Shat=1.6906500000e+03 Lhat=0.0000000000e+00
KNUTH_SUBTREE root=1085 depth=26 w=2.0993617700e+36 Shat=2.0820000000e+01 Lhat=0.0000000000e+00
KNUTH_SUBTREE root=1086 depth=26 w=1.9974828107e+37 Shat=7.1355000000e+01 Lhat=0.0000000000e+00
KNUTH_SUBTREE root=1087 depth=26 w=1.7169554727e+37 Shat=1.0519200000e+02 Lhat=0.0000000000e+00
KNUTH_SUBTREE root=1088 depth=26 w=2.1821326184e+37 Shat=3.1967860000e+03 Lhat=0.0000000000e+00
KNUTH_SUBTREE root=1089 depth=26 w=3.0893838247e+37 Shat=3.7062800000e+03 Lhat=0.0000000000e+00
KNUTH_SUBTREE root=1090 depth=26 w=1.3501068638e+37 Shat=1.0726800000e+03 Lhat=0.0000000000e+00
KNUTH_SUBTREE root=1091 depth=26 w=8.7194907594e+36 Shat=7.8424000000e+01 Lhat=0.0000000000e+00
KNUTH_SUBTREE root=1092 depth=26 w=4.9109406638e+36 Shat=7.9000000000e+01 Lhat=0.0000000000e+00
KNUTH_SUBTREE root=1093 depth=26 w=2.0476396816e+37 Shat=7.0000000000e+00 Lhat=0.0000000000e+00
KNUTH_SUBTREE root=1094 depth=26 w=3.5617747059e+36 Shat=6.7345240000e+03 Lhat=0.0000000000e+00
KNUTH_SUBTREE root=1095 depth=26 w=3.7894703498e+36 Shat=1.2240000000e+01 Lhat=0.0000000000e+00
KNUTH_SUBTREE root=1096 depth=26 w=3.5304979953e+37 Shat=4.0407280000e+03 Lhat=0.0000000000e+00
KNUTH_SUBTREE root=1097 depth=26 w=3.5828984498e+36 Shat=3.0000000000e+00 Lhat=0.0000000000e+00
KNUTH_SUBTREE root=1098 depth=26 w=3.1831351415e+37 Shat=2.3993900000e+03 Lhat=0.0000000000e+00
KNUTH_SUBTREE root=1099 depth=26 w=6.3162607946e+36 Shat=7.6864000000e+01 Lhat=0.0000000000e+00
KNUTH_SUBTREE root=1100 depth=26 w=2.9102972893e+37 Shat=1.0028000000e+01 Lhat=0.0000000000e+00
KNUTH_SUBTREE root=1101 depth=26 w=1.3129434010e+37 Shat=5.3253520000e+03 Lhat=0.0000000000e+00
KNUTH_SUBTREE root=1102 depth=26 w=3.2403088068e+37 Shat=1.9594000000e+03 Lhat=0.0000000000e+00
KNUTH_SUBTREE root=1103 depth=26 w=5.9576914562e+36 Shat=2.3607280000e+03 Lhat=0.0000000000e+00
KNUTH_SUBTREE root=1104 depth=26 w=5.7300033035e+36 Shat=5.8824100000e+03 Lhat=0.0000000000e+00
KNUTH_SUBTREE root=1105 depth=26 w=2.3452478593e+36 Shat=9.8301280000e+03 Lhat=1.1520000000e+03
KNUTH_SUBTREE root=1106 depth=26 w=2.8108463093e+36 Shat=4.8763200000e+02 Lhat=0.0000000000e+00
KNUTH_SUBTREE root=1107 depth=26 w=6.1865957850e+36 Shat=2.5461000000e+02 Lhat=0.0000000000e+00
KNUTH_SUBTREE root=1108 depth=26 w=2.8928603718e+35 Shat=3.0000000000e+00 Lhat=0.0000000000e+00
KNUTH_SUBTREE root=1109 depth=26 w=2.0780750471e+34 Shat=1.0634400000e+02 Lhat=0.0000000000e+00
KNUTH_SUBTREE root=1110 depth=26 w=5.2306387627e+36 Shat=2.9017240000e+03 Lhat=0.0000000000e+00
KNUTH_SUBTREE root=1111 depth=26 w=4.8789572676e+36 Shat=4.3702400000e+02 Lhat=0.0000000000e+00
KNUTH_SUBTREE root=1112 depth=26 w=9.1018023970e+36 Shat=1.6008730000e+03 Lhat=1.1088000000e+01
KNUTH_SUBTREE root=1113 depth=26 w=2.7717817288e+37 Shat=9.2565600000e+02 Lhat=0.0000000000e+00
KNUTH_SUBTREE root=1114 depth=26 w=5.3395944503e+36 Shat=3.5744800000e+02 Lhat=0.0000000000e+00
KNUTH_SUBTREE root=1115 depth=26 w=2.8914223826e+37 Shat=7.6211510000e+03 Lhat=2.6356000000e+02
KNUTH_SUBTREE root=1116 depth=26 w=8.1385711167e+36 Shat=2.5932600000e+03 Lhat=0.0000000000e+00
KNUTH_SUBTREE root=1117 depth=26 w=2.3194205355e+36 Shat=3.1735000000e+01 Lhat=0.0000000000e+00
KNUTH_SUBTREE root=1118 depth=26 w=8.4860650037e+34 Shat=1.0000000000e+00 Lhat=0.0000000000e+00
KNUTH_SUBTREE root=1119 depth=26 w=2.1561550403e+37 Shat=6.5146000000e+01 Lhat=0.0000000000e+00
KNUTH_SUBTREE root=1120 depth=26 w=7.0671481002e+36 Shat=5.4668000000e+02 Lhat=0.0000000000e+00
KNUTH_SUBTREE root=1121 depth=26 w=2.7754904078e+36 Shat=1.3954000000e+01 Lhat=0.0000000000e+00
KNUTH_SUBTREE root=1122 depth=26 w=2.0314510961e+37 Shat=5.6859500000e+03 Lhat=0.0000000000e+00
KNUTH_SUBTREE root=1123 depth=26 w=1.1975834856e+37 Shat=7.4393600000e+02 Lhat=0.0000000000e+00
KNUTH_SUBTREE root=1124 depth=26 w=5.4086922218e+35 Shat=6.9000000000e+01 Lhat=0.0000000000e+00
KNUTH_SUBTREE root=1125 depth=26 w=6.8130610001e+36 Shat=4.0000000000e+00 Lhat=0.0000000000e+00
KNUTH_SUBTREE root=1126 depth=26 w=2.2371147365e+36 Shat=4.1112000000e+01 Lhat=0.0000000000e+00
KNUTH_SUBTREE root=1127 depth=26 w=8.7922978897e+36 Shat=2.6056270000e+03 Lhat=0.0000000000e+00
KNUTH_SUBTREE root=1128 depth=26 w=8.7856147876e+36 Shat=1.9000000000e+01 Lhat=0.0000000000e+00
KNUTH_SUBTREE root=1129 depth=26 w=4.9927525295e+36 Shat=1.7835000000e+01 Lhat=0.0000000000e+00
KNUTH_SUBTREE root=1130 depth=26 w=3.5006861748e+36 Shat=6.6318600000e+03 Lhat=0.0000000000e+00
KNUTH_SUBTREE root=1131 depth=26 w=2.2581308171e+36 Shat=4.5968000000e+01 Lhat=0.0000000000e+00
KNUTH_SUBTREE root=1132 depth=26 w=2.8726725974e+37 Shat=1.5608600000e+03 Lhat=0.0000000000e+00
KNUTH_SUBTREE root=1133 depth=26 w=3.2457032376e+36 Shat=3.1719900000e+03 Lhat=0.0000000000e+00
KNUTH_SUBTREE root=1134 depth=26 w=3.6304097241e+36 Shat=2.4787200000e+02 Lhat=0.0000000000e+00
KNUTH_SUBTREE root=1135 depth=26 w=4.2786829851e+36 Shat=1.5099680000e+03 Lhat=0.0000000000e+00
KNUTH_SUBTREE root=1136 depth=26 w=1.1767211028e+36 Shat=1.2043000000e+01 Lhat=0.0000000000e+00
KNUTH_SUBTREE root=1137 depth=26 w=1.6280139255e+37 Shat=1.5755400000e+03 Lhat=0.0000000000e+00
KNUTH_SUBTREE root=1138 depth=26 w=6.1701064126e+36 Shat=6.0874400000e+02 Lhat=0.0000000000e+00
KNUTH_SUBTREE root=1139 depth=26 w=3.4467424656e+36 Shat=1.3000000000e+01 Lhat=0.0000000000e+00
KNUTH_SUBTREE root=1140 depth=26 w=2.7818810314e+37 Shat=2.5960000000e+01 Lhat=0.0000000000e+00
KNUTH_SUBTREE root=1141 depth=26 w=3.6519417096e+36 Shat=6.3081760000e+03 Lhat=0.0000000000e+00
KNUTH_SUBTREE root=1142 depth=26 w=5.7697432385e+36 Shat=6.2973600000e+02 Lhat=0.0000000000e+00
KNUTH_SUBTREE root=1143 depth=26 w=1.1740253279e+37 Shat=1.9186080000e+03 Lhat=0.0000000000e+00
KNUTH_SUBTREE root=1144 depth=26 w=1.0196878367e+37 Shat=7.6531200000e+02 Lhat=0.0000000000e+00
KNUTH_SUBTREE root=1145 depth=26 w=7.2595687816e+36 Shat=4.7125000000e+01 Lhat=0.0000000000e+00
KNUTH_SUBTREE root=1146 depth=26 w=1.6254650504e+37 Shat=1.0979200000e+02 Lhat=0.0000000000e+00
KNUTH_SUBTREE root=1147 depth=26 w=2.9815757863e+36 Shat=7.2258400000e+02 Lhat=0.0000000000e+00
KNUTH_SUBTREE root=1148 depth=26 w=1.8197089898e+35 Shat=6.5440000000e+01 Lhat=0.0000000000e+00
KNUTH_SUBTREE root=1149 depth=26 w=4.1305645911e+36 Shat=5.7353200000e+02 Lhat=0.0000000000e+00
KNUTH_SUBTREE root=1150 depth=26 w=7.8950158227e+36 Shat=1.3048360000e+03 Lhat=0.0000000000e+00
KNUTH_SUBTREE root=1151 depth=26 w=3.7993658022e+35 Shat=6.5070800000e+03 Lhat=0.0000000000e+00
KNUTH_SUBTREE root=1152 depth=26 w=7.3866152936e+36 Shat=5.3975000000e+01 Lhat=0.0000000000e+00
KNUTH_SUBTREE root=1153 depth=26 w=5.6320727036e+36 Shat=2.3040370000e+03 Lhat=0.0000000000e+00
KNUTH_SUBTREE root=1154 depth=26 w=1.4637248520e+37 Shat=1.0567100000e+03 Lhat=0.0000000000e+00
KNUTH_SUBTREE root=1155 depth=26 w=4.6173066934e+36 Shat=6.7208340000e+03 Lhat=0.0000000000e+00
KNUTH_SUBTREE root=1156 depth=26 w=2.5205553002e+36 Shat=1.0000000000e+01 Lhat=0.0000000000e+00
KNUTH_SUBTREE root=1157 depth=26 w=2.6462747012e+37 Shat=4.8258900000e+03 Lhat=0.0000000000e+00
KNUTH_SUBTREE root=1158 depth=26 w=5.9020349057e+36 Shat=1.5776740000e+03 Lhat=0.0000000000e+00
KNUTH_SUBTREE root=1159 depth=26 w=7.5276434360e+36 Shat=7.8040000000e+01 Lhat=0.0000000000e+00
KNUTH_SUBTREE root=1160 depth=26 w=7.4874001032e+36 Shat=4.7865880000e+03 Lhat=0.0000000000e+00
KNUTH_SUBTREE root=1161 depth=26 w=2.2443376326e+37 Shat=3.4286700000e+03 Lhat=0.0000000000e+00
KNUTH_SUBTREE root=1162 depth=26 w=3.1582457577e+35 Shat=6.0000000000e+00 Lhat=0.0000000000e+00
KNUTH_SUBTREE root=1163 depth=26 w=2.8882411562e+37 Shat=4.4073400000e+03 Lhat=0.0000000000e+00
KNUTH_SUBTREE root=1164 depth=26 w=7.4914828312e+36 Shat=2.7209600000e+02 Lhat=0.0000000000e+00
KNUTH_SUBTREE root=1165 depth=26 w=1.9468731516e+35 Shat=1.0000000000e+00 Lhat=0.0000000000e+00
KNUTH_SUBTREE root=1166 depth=26 w=8.7615085879e+35 Shat=1.6912000000e+01 Lhat=0.0000000000e+00
KNUTH_SUBTREE root=1167 depth=26 w=7.1333598597e+35 Shat=1.5000000000e+01 Lhat=0.0000000000e+00
KNUTH_SUBTREE root=1168 depth=26 w=1.7633022022e+36 Shat=3.6559200000e+02 Lhat=0.0000000000e+00
KNUTH_SUBTREE root=1169 depth=26 w=9.5589659638e+36 Shat=4.6145400000e+03 Lhat=0.0000000000e+00
KNUTH_SUBTREE root=1170 depth=26 w=3.4630965190e+37 Shat=1.3368950000e+03 Lhat=0.0000000000e+00
KNUTH_SUBTREE root=1171 depth=26 w=1.0139977838e+37 Shat=2.8150400000e+02 Lhat=0.0000000000e+00
KNUTH_SUBTREE root=1172 depth=26 w=2.1663492602e+36 Shat=1.3000000000e+01 Lhat=0.0000000000e+00
KNUTH_SUBTREE root=1173 depth=26 w=1.0909713732e+36 Shat=8.5186000000e+01 Lhat=0.0000000000e+00
KNUTH_SUBTREE root=1174 depth=26 w=2.5284917829e+37 Shat=3.0305600000e+02 Lhat=0.0000000000e+00
KNUTH_SUBTREE root=1175 depth=26 w=7.0821799252e+36 Shat=6.8855500000e+02 Lhat=0.0000000000e+00
KNUTH_SUBTREE root=1176 depth=26 w=6.9938519907e+36 Shat=2.8408060000e+03 Lhat=0.0000000000e+00
KNUTH_SUBTREE root=1177 depth=26 w=1.4340260391e+37 Shat=1.9910000000e+01 Lhat=0.0000000000e+00
KNUTH_SUBTREE root=1178 depth=26 w=1.3594059366e+36 Shat=1.5000000000e+01 Lhat=0.0000000000e+00
KNUTH_SUBTREE root=1179 depth=26 w=1.3700105946e+37 Shat=2.3396600000e+03 Lhat=0.0000000000e+00
KNUTH_SUBTREE root=1180 depth=26 w=3.0338184584e+36 Shat=1.0000000000e+01 Lhat=0.0000000000e+00
KNUTH_SUBTREE root=1181 depth=26 w=1.6061494765e+37 Shat=2.6339500000e+03 Lhat=0.0000000000e+00
KNUTH_SUBTREE root=1182 depth=26 w=1.0849958259e+37 Shat=2.4603600000e+02 Lhat=0.0000000000e+00
KNUTH_SUBTREE root=1183 depth=26 w=6.5941178580e+36 Shat=7.6120300000e+02 Lhat=0.0000000000e+00
KNUTH_SUBTREE root=1184 depth=26 w=2.1863362290e+37 Shat=6.7496000000e+02 Lhat=0.0000000000e+00
KNUTH_SUBTREE root=1185 depth=26 w=3.1637685106e+36 Shat=1.7024500000e+02 Lhat=0.0000000000e+00
KNUTH_SUBTREE root=1186 depth=26 w=1.8286561156e+36 Shat=1.3000000000e+01 Lhat=0.0000000000e+00
KNUTH_SUBTREE root=1187 depth=26 w=2.9002087842e+37 Shat=1.7401360000e+03 Lhat=0.0000000000e+00
KNUTH_SUBTREE root=1188 depth=26 w=1.5405959179e+37 Shat=3.5854000000e+03 Lhat=0.0000000000e+00
KNUTH_SUBTREE root=1189 depth=26 w=3.4500968127e+36 Shat=6.1039000000e+01 Lhat=0.0000000000e+00
KNUTH_SUBTREE root=1190 depth=26 w=2.1477130341e+36 Shat=3.6816900000e+03 Lhat=0.0000000000e+00
KNUTH_SUBTREE root=1191 depth=26 w=6.1290000699e+36 Shat=1.4865760000e+03 Lhat=0.0000000000e+00
KNUTH_SUBTREE root=1192 depth=26 w=5.3304803997e+36 Shat=6.7803490000e+03 Lhat=0.0000000000e+00
KNUTH_SUBTREE root=1193 depth=26 w=3.3234764572e+36 Shat=3.8664000000e+03 Lhat=0.0000000000e+00
KNUTH_SUBTREE root=1194 depth=26 w=3.4076482417e+36 Shat=4.0000000000e+00 Lhat=0.0000000000e+00
KNUTH_SUBTREE root=1195 depth=26 w=5.3564731242e+35 Shat=1.3000000000e+01 Lhat=0.0000000000e+00
KNUTH_SUBTREE root=1196 depth=26 w=1.0189332062e+36 Shat=1.3000000000e+01 Lhat=0.0000000000e+00
KNUTH_SUBTREE root=1197 depth=26 w=1.0899727818e+37 Shat=6.0390000000e+01 Lhat=0.0000000000e+00
KNUTH_SUBTREE root=1198 depth=26 w=2.4726978425e+37 Shat=1.0082400000e+03 Lhat=0.0000000000e+00
KNUTH_SUBTREE root=1199 depth=26 w=1.7078392895e+37 Shat=3.6880720000e+03 Lhat=0.0000000000e+00
KNUTH_SUBTREE root=1200 depth=26 w=2.4962922152e+37 Shat=6.3238900000e+02 Lhat=0.0000000000e+00
KNUTH_SUBTREE root=1201 depth=26 w=2.2586150738e+36 Shat=3.2413330000e+03 Lhat=0.0000000000e+00
KNUTH_SUBTREE root=1202 depth=26 w=1.1843657895e+37 Shat=1.6344400000e+03 Lhat=0.0000000000e+00
KNUTH_SUBTREE root=1203 depth=26 w=1.2924993453e+37 Shat=2.3048900000e+03 Lhat=0.0000000000e+00
KNUTH_SUBTREE root=1204 depth=26 w=2.7813687761e+37 Shat=5.8115800000e+02 Lhat=0.0000000000e+00
KNUTH_SUBTREE root=1205 depth=26 w=9.1043594631e+36 Shat=6.5899540000e+03 Lhat=0.0000000000e+00
KNUTH_SUBTREE root=1206 depth=26 w=9.0950360830e+35 Shat=7.9600000000e+00 Lhat=0.0000000000e+00
KNUTH_SUBTREE root=1207 depth=26 w=2.7385741322e+37 Shat=2.3258500000e+03 Lhat=0.0000000000e+00
KNUTH_SUBTREE root=1208 depth=26 w=6.9210805462e+36 Shat=4.5047600000e+03 Lhat=0.0000000000e+00
KNUTH_SUBTREE root=1209 depth=26 w=2.9483824276e+37 Shat=3.5485210000e+03 Lhat=3.6072000000e+02
KNUTH_SUBTREE root=1210 depth=26 w=3.9778913842e+36 Shat=6.8652000000e+02 Lhat=0.0000000000e+00
KNUTH_SUBTREE root=1211 depth=26 w=2.3450985659e+37 Shat=4.7421000000e+02 Lhat=0.0000000000e+00
KNUTH_SUBTREE root=1212 depth=26 w=3.4984626626e+36 Shat=8.9970000000e+01 Lhat=0.0000000000e+00
KNUTH_SUBTREE root=1213 depth=26 w=2.4847697156e+37 Shat=5.9198680000e+03 Lhat=0.0000000000e+00
KNUTH_SUBTREE root=1214 depth=26 w=9.7632156191e+36 Shat=1.6447100000e+02 Lhat=0.0000000000e+00
KNUTH_SUBTREE root=1215 depth=26 w=3.8023615879e+36 Shat=5.9133520000e+03 Lhat=0.0000000000e+00
KNUTH_SUBTREE root=1216 depth=26 w=9.5207647193e+36 Shat=4.5250300000e+02 Lhat=0.0000000000e+00
KNUTH_SUBTREE root=1217 depth=26 w=3.1709025296e+37 Shat=1.8382100000e+03 Lhat=0.0000000000e+00
KNUTH_SUBTREE root=1218 depth=26 w=4.0708678595e+36 Shat=2.2330000000e+01 Lhat=0.0000000000e+00
KNUTH_SUBTREE root=1219 depth=26 w=4.1168735637e+36 Shat=4.2627600000e+03 Lhat=0.0000000000e+00
KNUTH_SUBTREE root=1220 depth=26 w=4.0760682735e+36 Shat=2.7120000000e+01 Lhat=0.0000000000e+00
KNUTH_SUBTREE root=1221 depth=26 w=2.0354679169e+36 Shat=7.0739000000e+02 Lhat=0.0000000000e+00
KNUTH_SUBTREE root=1222 depth=26 w=1.9060056890e+36 Shat=3.9920000000e+00 Lhat=0.0000000000e+00
KNUTH_SUBTREE root=1223 depth=26 w=1.0204420618e+36 Shat=3.6104000000e+01 Lhat=0.0000000000e+00
KNUTH_SUBTREE root=1224 depth=26 w=5.6038511083e+36 Shat=2.3770000000e+02 Lhat=0.0000000000e+00
KNUTH_SUBTREE root=1225 depth=26 w=5.0791801532e+36 Shat=3.9820000000e+01 Lhat=0.0000000000e+00
KNUTH_SUBTREE root=1226 depth=26 w=1.8242569857e+37 Shat=1.0317988000e+04 Lhat=4.2528000000e+02
KNUTH_SUBTREE root=1227 depth=26 w=2.3881583706e+37 Shat=2.2429210000e+03 Lhat=0.0000000000e+00
KNUTH_SUBTREE root=1228 depth=26 w=1.7672882143e+36 Shat=7.9000000000e+01 Lhat=0.0000000000e+00
KNUTH_SUBTREE root=1229 depth=26 w=2.9577988791e+37 Shat=4.6088000000e+02 Lhat=0.0000000000e+00
KNUTH_SUBTREE root=1230 depth=26 w=4.6078452382e+36 Shat=8.2325800000e+02 Lhat=0.0000000000e+00
KNUTH_SUBTREE root=1231 depth=26 w=2.4466588800e+37 Shat=1.0144600000e+02 Lhat=0.0000000000e+00
KNUTH_SUBTREE root=1232 depth=26 w=1.4393960216e+36 Shat=3.0000000000e+00 Lhat=0.0000000000e+00
KNUTH_SUBTREE root=1233 depth=26 w=3.4373875546e+35 Shat=1.3000000000e+01 Lhat=0.0000000000e+00
KNUTH_SUBTREE root=1234 depth=26 w=4.5518881810e+36 Shat=1.5400080000e+03 Lhat=0.0000000000e+00
KNUTH_SUBTREE root=1235 depth=26 w=5.7615437793e+36 Shat=3.4225800000e+03 Lhat=0.0000000000e+00
KNUTH_SUBTREE root=1236 depth=26 w=4.7326227993e+36 Shat=1.4030800000e+02 Lhat=0.0000000000e+00
KNUTH_SUBTREE root=1237 depth=26 w=1.3150398122e+36 Shat=2.0000000000e+00 Lhat=0.0000000000e+00
KNUTH_SUBTREE root=1238 depth=26 w=8.2704081258e+36 Shat=2.9565280000e+03 Lhat=0.0000000000e+00
KNUTH_SUBTREE root=1239 depth=26 w=1.8223537561e+36 Shat=2.9450400000e+02 Lhat=0.0000000000e+00
KNUTH_SUBTREE root=1240 depth=26 w=2.2077364227e+36 Shat=3.2907400000e+03 Lhat=0.0000000000e+00
KNUTH_SUBTREE root=1241 depth=26 w=4.1884717324e+36 Shat=5.2635650000e+03 Lhat=0.0000000000e+00
KNUTH_SUBTREE root=1242 depth=26 w=7.1804009775e+36 Shat=1.4140820000e+03 Lhat=0.0000000000e+00
KNUTH_SUBTREE root=1243 depth=26 w=1.9170333802e+37 Shat=1.6318560000e+03 Lhat=0.0000000000e+00
KNUTH_SUBTREE root=1244 depth=26 w=3.2308675025e+36 Shat=2.6747500000e+02 Lhat=0.0000000000e+00
KNUTH_SUBTREE root=1245 depth=26 w=9.4076398693e+36 Shat=2.8147920000e+03 Lhat=0.0000000000e+00
KNUTH_SUBTREE root=1246 depth=26 w=2.6979449495e+37 Shat=4.3421100000e+03 Lhat=0.0000000000e+00
KNUTH_SUBTREE root=1247 depth=26 w=2.2011254274e+37 Shat=4.5450000000e+01 Lhat=0.0000000000e+00
KNUTH_SUBTREE root=1248 depth=26 w=1.6004586406e+36 Shat=3.0000000000e+00 Lhat=0.0000000000e+00
KNUTH_SUBTREE root=1249 depth=26 w=1.0046077334e+37 Shat=1.3481400000e+03 Lhat=0.0000000000e+00
KNUTH_SUBTREE root=1250 depth=26 w=1.4685893167e+37 Shat=7.4854000000e+01 Lhat=0.0000000000e+00
KNUTH_SUBTREE root=1251 depth=26 w=1.3167398064e+37 Shat=2.1767500000e+02 Lhat=0.0000000000e+00
KNUTH_SUBTREE root=1252 depth=26 w=6.8761414942e+36 Shat=4.4365190000e+03 Lhat=0.0000000000e+00
KNUTH_SUBTREE root=1253 depth=26 w=3.9788721770e+35 Shat=1.0000000000e+01 Lhat=0.0000000000e+00
KNUTH_SUBTREE root=1254 depth=26 w=4.2901682408e+36 Shat=3.0000000000e+00 Lhat=0.0000000000e+00
KNUTH_SUBTREE root=1255 depth=26 w=3.7943337110e+36 Shat=1.5199240000e+03 Lhat=0.0000000000e+00
KNUTH_SUBTREE root=1256 depth=26 w=6.2410747270e+36 Shat=3.5886400000e+03 Lhat=0.0000000000e+00
KNUTH_SUBTREE root=1257 depth=26 w=2.3581333068e+37 Shat=1.9577700000e+02 Lhat=0.0000000000e+00
KNUTH_SUBTREE root=1258 depth=26 w=1.7682341907e+37 Shat=9.6721300000e+02 Lhat=0.0000000000e+00
KNUTH_SUBTREE root=1259 depth=26 w=2.2428113678e+37 Shat=6.9209600000e+02 Lhat=0.0000000000e+00
KNUTH_SUBTREE root=1260 depth=26 w=6.1741428812e+36 Shat=1.6654960000e+03 Lhat=0.0000000000e+00
KNUTH_SUBTREE root=1261 depth=26 w=8.3823820039e+36 Shat=5.9032900000e+02 Lhat=0.0000000000e+00
KNUTH_SUBTREE root=1262 depth=26 w=5.8576039994e+36 Shat=2.5297300000e+02 Lhat=0.0000000000e+00
KNUTH_SUBTREE root=1263 depth=26 w=8.9835825011e+36 Shat=1.0314320000e+03 Lhat=0.0000000000e+00
KNUTH_SUBTREE root=1264 depth=26 w=9.3649129080e+36 Shat=9.5467800000e+02 Lhat=0.0000000000e+00
KNUTH_SUBTREE root=1265 depth=26 w=3.4255263015e+37 Shat=3.7584020000e+03 Lhat=0.0000000000e+00
KNUTH_SUBTREE root=1266 depth=26 w=2.0611117021e+36 Shat=3.4156000000e+01 Lhat=0.0000000000e+00
KNUTH_SUBTREE root=1267 depth=26 w=4.7159531210e+36 Shat=7.2400000000e+02 Lhat=0.0000000000e+00
KNUTH_SUBTREE root=1268 depth=26 w=2.6870341653e+37 Shat=1.8209060000e+03 Lhat=0.0000000000e+00
KNUTH_SUBTREE root=1269 depth=26 w=2.8200211640e+36 Shat=8.2576000000e+02 Lhat=0.0000000000e+00
KNUTH_SUBTREE root=1270 depth=26 w=1.6515713028e+37 Shat=5.1603850000e+03 Lhat=0.0000000000e+00
KNUTH_SUBTREE root=1271 depth=26 w=1.9931613156e+37 Shat=9.0834400000e+02 Lhat=0.0000000000e+00
KNUTH_SUBTREE root=1272 depth=26 w=3.4683277676e+36 Shat=3.8076400000e+02 Lhat=0.0000000000e+00
KNUTH_SUBTREE root=1273 depth=26 w=2.3856706504e+36 Shat=3.3487000000e+02 Lhat=0.0000000000e+00
KNUTH_SUBTREE root=1274 depth=26 w=2.8965810436e+36 Shat=3.0594520000e+03 Lhat=0.0000000000e+00
KNUTH_SUBTREE root=1275 depth=26 w=8.6883420417e+36 Shat=4.9201840000e+03 Lhat=0.0000000000e+00
KNUTH_SUBTREE root=1276 depth=26 w=8.0931210640e+36 Shat=7.3106000000e+02 Lhat=0.0000000000e+00
KNUTH_SUBTREE root=1277 depth=26 w=1.8213981907e+37 Shat=6.9865500000e+02 Lhat=0.0000000000e+00
KNUTH_SUBTREE root=1278 depth=26 w=2.5277982560e+36 Shat=3.0411520000e+03 Lhat=0.0000000000e+00
KNUTH_SUBTREE root=1279 depth=26 w=9.0429888649e+36 Shat=5.4854380000e+03 Lhat=0.0000000000e+00
KNUTH_SUBTREE root=1280 depth=26 w=6.0415608856e+36 Shat=3.5476240000e+03 Lhat=0.0000000000e+00
KNUTH_SUBTREE root=1281 depth=26 w=2.9780472184e+37 Shat=1.3995000000e+02 Lhat=0.0000000000e+00
KNUTH_SUBTREE root=1282 depth=26 w=8.3043312327e+36 Shat=1.7459320000e+03 Lhat=0.0000000000e+00
KNUTH_SUBTREE root=1283 depth=26 w=3.0012666150e+37 Shat=2.3311630000e+03 Lhat=0.0000000000e+00
KNUTH_SUBTREE root=1284 depth=26 w=2.2984218638e+35 Shat=3.0000000000e+00 Lhat=0.0000000000e+00
KNUTH_SUBTREE root=1285 depth=26 w=8.6008061564e+36 Shat=3.2848000000e+01 Lhat=0.0000000000e+00
KNUTH_SUBTREE root=1286 depth=26 w=8.6320237705e+36 Shat=2.2427740000e+03 Lhat=0.0000000000e+00
KNUTH_SUBTREE root=1287 depth=26 w=1.1305328880e+37 Shat=1.8470420000e+03 Lhat=0.0000000000e+00
KNUTH_SUBTREE root=1288 depth=26 w=3.6323568631e+35 Shat=7.0000000000e+00 Lhat=0.0000000000e+00
KNUTH_SUBTREE root=1289 depth=26 w=9.6736845493e+36 Shat=7.8553000000e+01 Lhat=0.0000000000e+00
KNUTH_SUBTREE root=1290 depth=26 w=1.7448152846e+36 Shat=9.2240000000e+01 Lhat=0.0000000000e+00
KNUTH_SUBTREE root=1291 depth=26 w=3.6885912408e+35 Shat=5.1990000000e+01 Lhat=0.0000000000e+00
KNUTH_SUBTREE root=1292 depth=26 w=7.1630620882e+36 Shat=1.7766820000e+03 Lhat=0.0000000000e+00
KNUTH_SUBTREE root=1293 depth=26 w=1.6553547620e+36 Shat=3.7765000000e+01 Lhat=0.0000000000e+00
KNUTH_SUBTREE root=1294 depth=26 w=3.0667343559e+37 Shat=1.3871980000e+03 Lhat=0.0000000000e+00
KNUTH_SUBTREE root=1295 depth=26 w=3.0129197486e+36 Shat=1.6730200000e+03 Lhat=0.0000000000e+00
KNUTH_SUBTREE root=1296 depth=26 w=5.7450878478e+34 Shat=2.0950000000e+01 Lhat=0.0000000000e+00
KNUTH_SUBTREE root=1297 depth=26 w=6.1856966908e+36 Shat=4.5441300000e+03 Lhat=0.0000000000e+00
KNUTH_SUBTREE root=1298 depth=26 w=3.2440360743e+37 Shat=7.6120000000e+01 Lhat=0.0000000000e+00
KNUTH_SUBTREE root=1299 depth=26 w=1.7779554570e+37 Shat=2.2011280000e+03 Lhat=0.0000000000e+00
KNUTH_SUBTREE root=1300 depth=26 w=3.4725187330e+36 Shat=3.1869910000e+03 Lhat=0.0000000000e+00
KNUTH_SUBTREE root=1301 depth=26 w=2.4574155064e+37 Shat=1.8048080000e+03 Lhat=0.0000000000e+00
KNUTH_SUBTREE root=1302 depth=26 w=2.0640194091e+35 Shat=3.0000000000e+00 Lhat=0.0000000000e+00
KNUTH_SUBTREE root=1303 depth=26 w=3.8530965724e+36 Shat=2.3957900000e+03 Lhat=0.0000000000e+00
KNUTH_SUBTREE root=1304 depth=26 w=5.8703334298e+36 Shat=7.2362000000e+02 Lhat=0.0000000000e+00
KNUTH_SUBTREE root=1305 depth=26 w=2.3054272649e+36 Shat=3.7567000000e+02 Lhat=0.0000000000e+00
KNUTH_SUBTREE root=1306 depth=26 w=2.7026008533e+35 Shat=9.1480000000e+00 Lhat=0.0000000000e+00
KNUTH_SUBTREE root=1307 depth=26 w=3.1532557543e+37 Shat=7.7531000000e+01 Lhat=0.0000000000e+00
KNUTH_SUBTREE root=1308 depth=26 w=2.9495401969e+37 Shat=1.4571280000e+03 Lhat=0.0000000000e+00
KNUTH_SUBTREE root=1309 depth=26 w=5.3059625438e+36 Shat=5.2740220000e+03 Lhat=0.0000000000e+00
KNUTH_SUBTREE root=1310 depth=26 w=7.9739342013e+36 Shat=1.3000000000e+01 Lhat=0.0000000000e+00
KNUTH_SUBTREE root=1311 depth=26 w=2.9932381621e+37 Shat=1.1624680000e+03 Lhat=0.0000000000e+00
KNUTH_SUBTREE root=1312 depth=26 w=2.1569930725e+37 Shat=3.3965600000e+02 Lhat=0.0000000000e+00
KNUTH_SUBTREE root=1313 depth=26 w=5.3324576002e+35 Shat=2.9160000000e+01 Lhat=0.0000000000e+00
KNUTH_SUBTREE root=1314 depth=26 w=3.5813505816e+37 Shat=1.5600520000e+03 Lhat=0.0000000000e+00
KNUTH_SUBTREE root=1315 depth=26 w=9.5923656268e+34 Shat=1.5024000000e+01 Lhat=0.0000000000e+00
KNUTH_SUBTREE root=1316 depth=26 w=1.4301652614e+37 Shat=3.5877160000e+03 Lhat=0.0000000000e+00
KNUTH_SUBTREE root=1317 depth=26 w=2.2678714636e+37 Shat=3.1041700000e+03 Lhat=0.0000000000e+00
KNUTH_SUBTREE root=1318 depth=26 w=3.4904580592e+37 Shat=1.5249040000e+03 Lhat=5.1712000000e+01
KNUTH_SUBTREE root=1319 depth=26 w=1.0258131238e+37 Shat=1.3995200000e+02 Lhat=0.0000000000e+00
KNUTH_SUBTREE root=1320 depth=26 w=1.6671060405e+37 Shat=6.1172000000e+01 Lhat=0.0000000000e+00
KNUTH_SUBTREE root=1321 depth=26 w=3.1273780033e+37 Shat=3.0689440000e+03 Lhat=0.0000000000e+00
KNUTH_SUBTREE root=1322 depth=26 w=1.6426312440e+37 Shat=8.7718300000e+03 Lhat=0.0000000000e+00
KNUTH_SUBTREE root=1323 depth=26 w=3.1438880329e+37 Shat=6.7523200000e+02 Lhat=0.0000000000e+00
KNUTH_SUBTREE root=1324 depth=26 w=7.3475882930e+36 Shat=3.3804400000e+03 Lhat=0.0000000000e+00
KNUTH_SUBTREE root=1325 depth=26 w=6.6668955432e+36 Shat=3.5870560000e+03 Lhat=0.0000000000e+00
KNUTH_SUBTREE root=1326 depth=26 w=3.4637310250e+37 Shat=1.0924820000e+03 Lhat=0.0000000000e+00
KNUTH_SUBTREE root=1327 depth=26 w=3.2627671534e+36 Shat=9.9740000000e+01 Lhat=0.0000000000e+00
KNUTH_SUBTREE root=1328 depth=26 w=4.4254339412e+36 Shat=1.3000000000e+01 Lhat=0.0000000000e+00
KNUTH_SUBTREE root=1329 depth=26 w=3.1124281877e+36 Shat=9.6528000000e+01 Lhat=0.0000000000e+00
KNUTH_SUBTREE root=1330 depth=26 w=1.2913831543e+37 Shat=6.9975760000e+03 Lhat=0.0000000000e+00
KNUTH_SUBTREE root=1331 depth=26 w=1.1100116408e+37 Shat=2.1035800000e+02 Lhat=0.0000000000e+00
KNUTH_SUBTREE root=1332 depth=26 w=2.3489232663e+37 Shat=8.4186400000e+02 Lhat=0.0000000000e+00
KNUTH_SUBTREE root=1333 depth=26 w=1.4995581260e+36 Shat=7.0000000000e+00 Lhat=0.0000000000e+00
KNUTH_SUBTREE root=1334 depth=26 w=2.5549966963e+37 Shat=1.8266500000e+02 Lhat=0.0000000000e+00
KNUTH_SUBTREE root=1335 depth=26 w=1.7444595301e+36 Shat=9.0876000000e+01 Lhat=0.0000000000e+00
KNUTH_SUBTREE root=1336 depth=26 w=1.1792297532e+37 Shat=1.3715600000e+03 Lhat=0.0000000000e+00
KNUTH_SUBTREE root=1337 depth=26 w=3.2128967318e+36 Shat=1.0188100000e+03 Lhat=0.0000000000e+00
KNUTH_SUBTREE root=1338 depth=26 w=2.9122863692e+37 Shat=1.9549200000e+03 Lhat=0.0000000000e+00
KNUTH_SUBTREE root=1339 depth=26 w=1.4738528397e+37 Shat=2.3028000000e+01 Lhat=0.0000000000e+00
KNUTH_SUBTREE root=1340 depth=26 w=5.7625586555e+35 Shat=7.8608000000e+01 Lhat=0.0000000000e+00
KNUTH_SUBTREE root=1341 depth=26 w=5.7710985890e+36 Shat=3.3656600000e+03 Lhat=0.0000000000e+00
KNUTH_SUBTREE root=1342 depth=26 w=1.6109178021e+37 Shat=1.5000000000e+01 Lhat=0.0000000000e+00
KNUTH_SUBTREE root=1343 depth=26 w=6.5075385933e+36 Shat=3.3040500000e+03 Lhat=0.0000000000e+00
KNUTH_SUBTREE root=1344 depth=26 w=8.4412620133e+36 Shat=9.8130000000e+01 Lhat=0.0000000000e+00
KNUTH_SUBTREE root=1345 depth=26 w=1.4452083469e+37 Shat=7.9000000000e+01 Lhat=0.0000000000e+00
KNUTH_SUBTREE root=1346 depth=26 w=6.0991617767e+36 Shat=3.6256800000e+02 Lhat=0.0000000000e+00
KNUTH_SUBTREE root=1347 depth=26 w=3.8976925975e+36 Shat=1.8801760000e+03 Lhat=0.0000000000e+00
KNUTH_SUBTREE root=1348 depth=26 w=7.8103599033e+36 Shat=2.9936000000e+01 Lhat=0.0000000000e+00
KNUTH_SUBTREE root=1349 depth=26 w=2.5911110226e+36 Shat=3.3657000000e+02 Lhat=0.0000000000e+00
KNUTH_SUBTREE root=1350 depth=26 w=1.5132388320e+37 Shat=3.5774000000e+03 Lhat=0.0000000000e+00
KNUTH_SUBTREE root=1351 depth=26 w=8.4573020202e+35 Shat=1.1000000000e+01 Lhat=0.0000000000e+00
KNUTH_SUBTREE root=1352 depth=26 w=2.6264552677e+37 Shat=2.5123000000e+02 Lhat=0.0000000000e+00
KNUTH_SUBTREE root=1353 depth=26 w=9.9881510098e+35 Shat=4.0200000000e+00 Lhat=0.0000000000e+00
KNUTH_SUBTREE root=1354 depth=26 w=7.3311451673e+34 Shat=4.0000000000e+00 Lhat=0.0000000000e+00
KNUTH_SUBTREE root=1355 depth=26 w=3.4896017410e+36 Shat=5.4327200000e+02 Lhat=0.0000000000e+00
KNUTH_SUBTREE root=1356 depth=26 w=7.6336477878e+36 Shat=1.1657500000e+02 Lhat=0.0000000000e+00
KNUTH_SUBTREE root=1357 depth=26 w=2.8227558621e+37 Shat=1.7493400000e+02 Lhat=0.0000000000e+00
KNUTH_SUBTREE root=1358 depth=26 w=2.6216512754e+37 Shat=6.1072980000e+03 Lhat=0.0000000000e+00
KNUTH_SUBTREE root=1359 depth=26 w=3.1832938420e+37 Shat=4.1083300000e+02 Lhat=0.0000000000e+00
KNUTH_SUBTREE root=1360 depth=26 w=2.2809824211e+36 Shat=9.1445000000e+01 Lhat=0.0000000000e+00
KNUTH_SUBTREE root=1361 depth=26 w=3.8424355537e+36 Shat=5.0608000000e+01 Lhat=0.0000000000e+00
KNUTH_SUBTREE root=1362 depth=26 w=5.6915003204e+36 Shat=3.1523700000e+02 Lhat=0.0000000000e+00
KNUTH_SUBTREE root=1363 depth=26 w=3.7637303640e+36 Shat=7.9000000000e+01 Lhat=0.0000000000e+00
KNUTH_SUBTREE root=1364 depth=26 w=3.2297811429e+37 Shat=1.4889200000e+03 Lhat=0.0000000000e+00
KNUTH_SUBTREE root=1365 depth=26 w=1.0748364805e+36 Shat=2.0000000000e+00 Lhat=0.0000000000e+00
KNUTH_SUBTREE root=1366 depth=26 w=1.8178527919e+36 Shat=1.0000000000e+01 Lhat=0.0000000000e+00
KNUTH_SUBTREE root=1367 depth=26 w=2.4302691957e+37 Shat=3.1184000000e+03 Lhat=0.0000000000e+00
KNUTH_SUBTREE root=1368 depth=26 w=3.4672520896e+36 Shat=6.2877600000e+02 Lhat=0.0000000000e+00
KNUTH_SUBTREE root=1369 depth=26 w=8.4698728155e+36 Shat=6.8472000000e+01 Lhat=0.0000000000e+00
KNUTH_SUBTREE root=1370 depth=26 w=1.2338749330e+37 Shat=1.4383600000e+03 Lhat=0.0000000000e+00
KNUTH_SUBTREE root=1371 depth=26 w=2.8932029173e+37 Shat=1.2201850000e+03 Lhat=0.0000000000e+00
KNUTH_SUBTREE root=1372 depth=26 w=2.6927611381e+37 Shat=9.3570000000e+01 Lhat=0.0000000000e+00
KNUTH_SUBTREE root=1373 depth=26 w=6.3734215205e+35 Shat=2.4394000000e+03 Lhat=0.0000000000e+00
KNUTH_SUBTREE root=1374 depth=26 w=2.4115295484e+36 Shat=2.1000000000e+01 Lhat=0.0000000000e+00
KNUTH_SUBTREE root=1375 depth=26 w=3.2761248732e+37 Shat=3.3904000000e+01 Lhat=0.0000000000e+00
KNUTH_SUBTREE root=1376 depth=26 w=3.6617608056e+36 Shat=7.0006000000e+01 Lhat=0.0000000000e+00
KNUTH_SUBTREE root=1377 depth=26 w=7.9372782845e+36 Shat=7.9000000000e+01 Lhat=0.0000000000e+00
KNUTH_SUBTREE root=1378 depth=26 w=1.6791744394e+35 Shat=5.3000000000e+01 Lhat=0.0000000000e+00
KNUTH_SUBTREE root=1379 depth=26 w=4.0313441239e+36 Shat=5.6425060000e+03 Lhat=0.0000000000e+00
KNUTH_SUBTREE root=1380 depth=26 w=2.4666273954e+37 Shat=2.5424600000e+03 Lhat=0.0000000000e+00
KNUTH_SUBTREE root=1381 depth=26 w=2.8114789149e+37 Shat=1.5028880000e+03 Lhat=0.0000000000e+00
KNUTH_SUBTREE root=1382 depth=26 w=3.1966978566e+37 Shat=1.7801180000e+03 Lhat=0.0000000000e+00
KNUTH_SUBTREE root=1383 depth=26 w=2.9529492496e+36 Shat=7.5360000000e+01 Lhat=0.0000000000e+00
KNUTH_SUBTREE root=1384 depth=26 w=2.8975771877e+36 Shat=1.0936800000e+02 Lhat=0.0000000000e+00
KNUTH_SUBTREE root=1385 depth=26 w=9.4169778808e+36 Shat=1.3149640000e+03 Lhat=0.0000000000e+00
KNUTH_SUBTREE root=1386 depth=26 w=5.7800423977e+36 Shat=1.5351400000e+03 Lhat=0.0000000000e+00
KNUTH_SUBTREE root=1387 depth=26 w=2.9498242228e+36 Shat=1.2933200000e+03 Lhat=0.0000000000e+00
KNUTH_SUBTREE root=1388 depth=26 w=6.8730726869e+36 Shat=1.0642480000e+03 Lhat=0.0000000000e+00
KNUTH_SUBTREE root=1389 depth=26 w=3.2205967496e+37 Shat=2.4535200000e+02 Lhat=0.0000000000e+00
KNUTH_SUBTREE root=1390 depth=26 w=2.9041904923e+36 Shat=8.6160040000e+03 Lhat=1.2782160000e+03
KNUTH_SUBTREE root=1391 depth=26 w=3.7116658027e+34 Shat=1.0000000000e+00 Lhat=0.0000000000e+00
KNUTH_SUBTREE root=1392 depth=26 w=4.3862912136e+34 Shat=4.0400000000e+00 Lhat=0.0000000000e+00
KNUTH_SUBTREE root=1393 depth=26 w=2.9124719301e+37 Shat=2.5681580000e+03 Lhat=0.0000000000e+00
KNUTH_SUBTREE root=1394 depth=26 w=1.4902609954e+37 Shat=7.7974000000e+01 Lhat=0.0000000000e+00
KNUTH_SUBTREE root=1395 depth=26 w=5.5518522732e+36 Shat=6.1265800000e+02 Lhat=0.0000000000e+00
KNUTH_SUBTREE root=1396 depth=26 w=3.7045840471e+36 Shat=5.0019100000e+02 Lhat=0.0000000000e+00
KNUTH_SUBTREE root=1397 depth=26 w=8.9584954769e+36 Shat=1.4112200000e+03 Lhat=0.0000000000e+00
KNUTH_SUBTREE root=1398 depth=26 w=1.1636552957e+37 Shat=1.5267040000e+03 Lhat=0.0000000000e+00
KNUTH_SUBTREE root=1399 depth=26 w=3.4368036984e+37 Shat=1.7033490000e+03 Lhat=0.0000000000e+00
KNUTH_SUBTREE root=1400 depth=26 w=3.1909130540e+37 Shat=5.8929520000e+03 Lhat=0.0000000000e+00
KNUTH_SUBTREE root=1401 depth=26 w=2.8772563445e+37 Shat=3.9671800000e+02 Lhat=0.0000000000e+00
KNUTH_SUBTREE root=1402 depth=26 w=7.5391822722e+36 Shat=1.7301100000e+02 Lhat=0.0000000000e+00
KNUTH_SUBTREE root=1403 depth=26 w=7.6619478845e+36 Shat=1.0434800000e+02 Lhat=0.0000000000e+00
KNUTH_SUBTREE root=1404 depth=26 w=7.8617924897e+36 Shat=1.1156800000e+03 Lhat=0.0000000000e+00
KNUTH_SUBTREE root=1405 depth=26 w=3.1043722651e+36 Shat=7.7409100000e+02 Lhat=0.0000000000e+00
KNUTH_SUBTREE root=1406 depth=26 w=5.8850667369e+36 Shat=2.4956000000e+01 Lhat=0.0000000000e+00
KNUTH_SUBTREE root=1407 depth=26 w=2.1669181393e+36 Shat=4.1621200000e+02 Lhat=0.0000000000e+00
KNUTH_SUBTREE root=1408 depth=26 w=7.3214603893e+36 Shat=2.1000000000e+01 Lhat=0.0000000000e+00
KNUTH_SUBTREE root=1409 depth=26 w=9.5685855235e+36 Shat=4.8527600000e+03 Lhat=0.0000000000e+00
KNUTH_SUBTREE root=1410 depth=26 w=4.5898076667e+35 Shat=7.8931000000e+01 Lhat=0.0000000000e+00
KNUTH_SUBTREE root=1411 depth=26 w=1.4623605763e+37 Shat=1.1442800000e+03 Lhat=0.0000000000e+00
KNUTH_SUBTREE root=1412 depth=26 w=3.3425507142e+36 Shat=1.0000000000e+01 Lhat=0.0000000000e+00
KNUTH_SUBTREE root=1413 depth=26 w=4.2915900064e+36 Shat=5.4843570000e+03 Lhat=0.0000000000e+00
KNUTH_SUBTREE root=1414 depth=26 w=2.6180290403e+36 Shat=1.6000000000e+01 Lhat=0.0000000000e+00
KNUTH_SUBTREE root=1415 depth=26 w=5.4916690760e+36 Shat=6.2839200000e+02 Lhat=0.0000000000e+00
KNUTH_SUBTREE root=1416 depth=26 w=1.2925066891e+37 Shat=5.4958100000e+02 Lhat=0.0000000000e+00
KNUTH_SUBTREE root=1417 depth=26 w=5.6793277847e+35 Shat=8.0170000000e+00 Lhat=0.0000000000e+00
KNUTH_SUBTREE root=1418 depth=26 w=3.4075949775e+36 Shat=1.3000000000e+01 Lhat=0.0000000000e+00
KNUTH_SUBTREE root=1419 depth=26 w=2.8678941708e+36 Shat=5.3975000000e+01 Lhat=0.0000000000e+00
KNUTH_SUBTREE root=1420 depth=26 w=6.2962543225e+36 Shat=1.8465500000e+03 Lhat=0.0000000000e+00
KNUTH_SUBTREE root=1421 depth=26 w=7.7433517206e+36 Shat=5.5741300000e+02 Lhat=0.0000000000e+00
KNUTH_SUBTREE root=1422 depth=26 w=7.9592651992e+36 Shat=1.4032000000e+01 Lhat=0.0000000000e+00
KNUTH_SUBTREE root=1423 depth=26 w=4.1063749494e+36 Shat=3.3055360000e+03 Lhat=0.0000000000e+00
KNUTH_SUBTREE root=1424 depth=26 w=2.9592740735e+36 Shat=2.7565000000e+03 Lhat=0.0000000000e+00
KNUTH_SUBTREE root=1425 depth=26 w=2.1077169325e+37 Shat=5.8389600000e+02 Lhat=0.0000000000e+00
KNUTH_SUBTREE root=1426 depth=26 w=2.5504953905e+36 Shat=1.3000000000e+01 Lhat=0.0000000000e+00
KNUTH_SUBTREE root=1427 depth=26 w=1.9552345194e+36 Shat=1.0970800000e+02 Lhat=0.0000000000e+00
KNUTH_SUBTREE root=1428 depth=26 w=7.4202138646e+36 Shat=1.3760880000e+03 Lhat=0.0000000000e+00
KNUTH_SUBTREE root=1429 depth=26 w=7.9915483638e+36 Shat=2.1728200000e+02 Lhat=0.0000000000e+00
KNUTH_SUBTREE root=1430 depth=26 w=1.8471297026e+37 Shat=1.2544720000e+03 Lhat=0.0000000000e+00
KNUTH_SUBTREE root=1431 depth=26 w=7.6170951113e+36 Shat=8.8880000000e+00 Lhat=0.0000000000e+00
KNUTH_SUBTREE root=1432 depth=26 w=2.1551414245e+37 Shat=4.7981600000e+02 Lhat=0.0000000000e+00
KNUTH_SUBTREE root=1433 depth=26 w=2.7087064713e+37 Shat=1.2588000000e+02 Lhat=0.0000000000e+00
KNUTH_SUBTREE root=1434 depth=26 w=2.9928414536e+37 Shat=3.5872400000e+03 Lhat=0.0000000000e+00
KNUTH_SUBTREE root=1435 depth=26 w=1.7909315391e+36 Shat=3.0456900000e+02 Lhat=0.0000000000e+00
KNUTH_SUBTREE root=1436 depth=26 w=2.4772055259e+36 Shat=5.0955400000e+03 Lhat=2.9295200000e+02
KNUTH_SUBTREE root=1437 depth=26 w=2.3760115478e+37 Shat=1.5870000000e+02 Lhat=0.0000000000e+00
KNUTH_SUBTREE root=1438 depth=26 w=1.1203983305e+37 Shat=1.1687500000e+03 Lhat=0.0000000000e+00
KNUTH_SUBTREE root=1439 depth=26 w=2.8716180988e+36 Shat=9.6025000000e+01 Lhat=0.0000000000e+00
KNUTH_SUBTREE root=1440 depth=26 w=3.7314479779e+36 Shat=5.4692800000e+02 Lhat=0.0000000000e+00
KNUTH_SUBTREE root=1441 depth=26 w=4.0069295991e+36 Shat=7.2236800000e+02 Lhat=0.0000000000e+00
KNUTH_SUBTREE root=1442 depth=26 w=3.7602220709e+36 Shat=8.6849200000e+02 Lhat=0.0000000000e+00
KNUTH_SUBTREE root=1443 depth=26 w=1.0320723907e+37 Shat=6.8355820000e+03 Lhat=3.6385200000e+02
KNUTH_SUBTREE root=1444 depth=26 w=3.3648450682e+36 Shat=7.5900000000e+02 Lhat=0.0000000000e+00
KNUTH_SUBTREE root=1445 depth=26 w=1.0357474561e+37 Shat=3.0536920000e+03 Lhat=0.0000000000e+00
KNUTH_SUBTREE root=1446 depth=26 w=3.7897485454e+36 Shat=9.5419000000e+02 Lhat=0.0000000000e+00
KNUTH_SUBTREE root=1447 depth=26 w=1.8522142132e+36 Shat=4.0000000000e+00 Lhat=0.0000000000e+00
KNUTH_SUBTREE root=1448 depth=26 w=1.4347215472e+37 Shat=7.9000000000e+01 Lhat=0.0000000000e+00
KNUTH_SUBTREE root=1449 depth=26 w=1.4502776064e+37 Shat=4.5304000000e+01 Lhat=0.0000000000e+00
KNUTH_SUBTREE root=1450 depth=26 w=2.9800652236e+37 Shat=4.7594800000e+02 Lhat=0.0000000000e+00
KNUTH_SUBTREE root=1451 depth=26 w=2.3879545931e+37 Shat=7.0040000000e+01 Lhat=0.0000000000e+00
KNUTH_SUBTREE root=1452 depth=26 w=3.3000533707e+36 Shat=9.1365000000e+01 Lhat=0.0000000000e+00
KNUTH_SUBTREE root=1453 depth=26 w=0 Shat=0 Lhat=0 dead=1
KNUTH_SUBTREE root=1454 depth=26 w=9.5068097378e+36 Shat=4.6715680000e+03 Lhat=0.0000000000e+00
KNUTH_SUBTREE root=1455 depth=26 w=1.0306759482e+36 Shat=1.5000000000e+01 Lhat=0.0000000000e+00
KNUTH_SUBTREE root=1456 depth=26 w=2.4301167633e+37 Shat=4.4942000000e+02 Lhat=0.0000000000e+00
KNUTH_SUBTREE root=1457 depth=26 w=3.4007291451e+36 Shat=6.2075000000e+02 Lhat=0.0000000000e+00
KNUTH_SUBTREE root=1458 depth=26 w=5.6703274226e+36 Shat=7.2704710000e+03 Lhat=5.3900100000e+02
KNUTH_SUBTREE root=1459 depth=26 w=1.3447294207e+36 Shat=1.7088000000e+01 Lhat=0.0000000000e+00
KNUTH_SUBTREE root=1460 depth=26 w=6.4341932931e+36 Shat=1.3000000000e+01 Lhat=0.0000000000e+00
KNUTH_SUBTREE root=1461 depth=26 w=4.1139154869e+34 Shat=1.0000000000e+00 Lhat=0.0000000000e+00
KNUTH_SUBTREE root=1462 depth=26 w=2.7973639697e+36 Shat=3.3862200000e+03 Lhat=1.2800000000e+01
KNUTH_SUBTREE root=1463 depth=26 w=2.0500866211e+37 Shat=1.3288320000e+03 Lhat=0.0000000000e+00
KNUTH_SUBTREE root=1464 depth=26 w=5.6828267524e+36 Shat=1.0956800000e+02 Lhat=0.0000000000e+00
KNUTH_SUBTREE root=1465 depth=26 w=7.4459201210e+36 Shat=5.3365600000e+02 Lhat=0.0000000000e+00
KNUTH_SUBTREE root=1466 depth=26 w=2.2537995428e+36 Shat=2.3245600000e+02 Lhat=0.0000000000e+00
KNUTH_SUBTREE root=1467 depth=26 w=2.2900941217e+37 Shat=4.2630380000e+03 Lhat=0.0000000000e+00
KNUTH_SUBTREE root=1468 depth=26 w=3.1045801266e+36 Shat=3.9210800000e+03 Lhat=0.0000000000e+00
KNUTH_SUBTREE root=1469 depth=26 w=2.8011684221e+37 Shat=1.4429800000e+02 Lhat=0.0000000000e+00
KNUTH_SUBTREE root=1470 depth=26 w=2.4249751010e+37 Shat=6.5831200000e+02 Lhat=0.0000000000e+00
KNUTH_SUBTREE root=1471 depth=26 w=2.8574619886e+35 Shat=3.0000000000e+00 Lhat=0.0000000000e+00
KNUTH_SUBTREE root=1472 depth=26 w=1.0303758044e+37 Shat=1.0000000000e+01 Lhat=0.0000000000e+00
KNUTH_SUBTREE root=1473 depth=26 w=1.6315000037e+36 Shat=1.1012920000e+03 Lhat=0.0000000000e+00
KNUTH_SUBTREE root=1474 depth=26 w=4.3339821621e+36 Shat=2.2020000000e+02 Lhat=0.0000000000e+00
KNUTH_SUBTREE root=1475 depth=26 w=3.7592235527e+35 Shat=5.4538800000e+03 Lhat=0.0000000000e+00
KNUTH_SUBTREE root=1476 depth=26 w=2.3343193652e+36 Shat=6.3639000000e+02 Lhat=0.0000000000e+00
KNUTH_SUBTREE root=1477 depth=26 w=1.9420237728e+37 Shat=1.0088800000e+02 Lhat=0.0000000000e+00
KNUTH_SUBTREE root=1478 depth=26 w=2.5961371890e+37 Shat=2.8094960000e+03 Lhat=0.0000000000e+00
KNUTH_SUBTREE root=1479 depth=26 w=4.2963670396e+36 Shat=3.8981000000e+02 Lhat=0.0000000000e+00
KNUTH_SUBTREE root=1480 depth=26 w=3.3044075477e+37 Shat=4.3099000000e+02 Lhat=0.0000000000e+00
KNUTH_SUBTREE root=1481 depth=26 w=1.1125973097e+37 Shat=8.0920000000e+01 Lhat=0.0000000000e+00
KNUTH_SUBTREE root=1482 depth=26 w=5.7773288879e+36 Shat=1.1158840000e+03 Lhat=0.0000000000e+00
KNUTH_SUBTREE root=1483 depth=26 w=1.0022048577e+37 Shat=2.0963200000e+03 Lhat=0.0000000000e+00
KNUTH_SUBTREE root=1484 depth=26 w=1.9209169935e+36 Shat=7.9000000000e+01 Lhat=0.0000000000e+00
KNUTH_SUBTREE root=1485 depth=26 w=4.6838416598e+36 Shat=3.8950300000e+03 Lhat=0.0000000000e+00
KNUTH_SUBTREE root=1486 depth=26 w=1.8077413350e+37 Shat=3.8794700000e+02 Lhat=0.0000000000e+00
KNUTH_SUBTREE root=1487 depth=26 w=6.4403575604e+36 Shat=2.2766600000e+03 Lhat=0.0000000000e+00
KNUTH_SUBTREE root=1488 depth=26 w=5.5013792228e+35 Shat=8.8064000000e+01 Lhat=0.0000000000e+00
KNUTH_SUBTREE root=1489 depth=26 w=1.5356237508e+36 Shat=1.3000000000e+01 Lhat=0.0000000000e+00
KNUTH_SUBTREE root=1490 depth=26 w=5.0153509513e+36 Shat=2.0031800000e+03 Lhat=0.0000000000e+00
KNUTH_SUBTREE root=1491 depth=26 w=7.9739050794e+36 Shat=6.1828000000e+02 Lhat=0.0000000000e+00
KNUTH_SUBTREE root=1492 depth=26 w=5.0521873823e+36 Shat=1.9713880000e+03 Lhat=0.0000000000e+00
KNUTH_SUBTREE root=1493 depth=26 w=2.9710171260e+37 Shat=1.5000400000e+02 Lhat=0.0000000000e+00
KNUTH_SUBTREE root=1494 depth=26 w=7.2118988741e+36 Shat=2.9394400000e+02 Lhat=0.0000000000e+00
KNUTH_SUBTREE root=1495 depth=26 w=2.1577066698e+36 Shat=1.3157200000e+02 Lhat=0.0000000000e+00
KNUTH_SUBTREE root=1496 depth=26 w=5.9653225803e+36 Shat=1.4820000000e+02 Lhat=0.0000000000e+00
KNUTH_SUBTREE root=1497 depth=26 w=1.0973534822e+36 Shat=1.9192000000e+01 Lhat=0.0000000000e+00
KNUTH_SUBTREE root=1498 depth=26 w=3.8470135731e+36 Shat=1.1981920000e+03 Lhat=0.0000000000e+00
KNUTH_SUBTREE root=1499 depth=26 w=3.4456247133e+36 Shat=5.2515000000e+01 Lhat=0.0000000000e+00
KNUTH_SUBTREE root=1500 depth=26 w=4.9507690137e+36 Shat=7.5619000000e+01 Lhat=0.0000000000e+00
KNUTH_SUBTREE root=1501 depth=26 w=1.8783453666e+35 Shat=2.0000000000e+00 Lhat=0.0000000000e+00
KNUTH_SUBTREE root=1502 depth=26 w=1.7451752578e+37 Shat=4.1000000000e+01 Lhat=0.0000000000e+00
KNUTH_SUBTREE root=1503 depth=26 w=2.3867627415e+37 Shat=3.3246800000e+03 Lhat=0.0000000000e+00
KNUTH_SUBTREE root=1504 depth=26 w=3.0655631360e+37 Shat=7.1612200000e+03 Lhat=0.0000000000e+00
KNUTH_SUBTREE root=1505 depth=26 w=8.8656051525e+36 Shat=1.3686000000e+02 Lhat=0.0000000000e+00
KNUTH_SUBTREE root=1506 depth=26 w=1.0836964227e+37 Shat=1.4139300000e+02 Lhat=0.0000000000e+00
KNUTH_SUBTREE root=1507 depth=26 w=3.6184176587e+36 Shat=2.6010910000e+03 Lhat=0.0000000000e+00
KNUTH_SUBTREE root=1508 depth=26 w=8.6367390241e+36 Shat=1.1753600000e+03 Lhat=0.0000000000e+00
KNUTH_SUBTREE root=1509 depth=26 w=5.7727846181e+36 Shat=2.5320000000e+01 Lhat=0.0000000000e+00
KNUTH_SUBTREE root=1510 depth=26 w=3.1395324810e+37 Shat=1.2679030000e+03 Lhat=0.0000000000e+00
KNUTH_SUBTREE root=1511 depth=26 w=5.0855594453e+36 Shat=3.0606400000e+02 Lhat=0.0000000000e+00
KNUTH_SUBTREE root=1512 depth=26 w=2.8188221995e+37 Shat=4.0810100000e+03 Lhat=0.0000000000e+00
KNUTH_SUBTREE root=1513 depth=26 w=2.6067757000e+37 Shat=1.0538440000e+03 Lhat=0.0000000000e+00
KNUTH_SUBTREE root=1514 depth=26 w=1.8123952636e+37 Shat=6.1652440000e+03 Lhat=1.1992140000e+03
KNUTH_SUBTREE root=1515 depth=26 w=3.9387797117e+37 Shat=1.1825800000e+03 Lhat=0.0000000000e+00
KNUTH_SUBTREE root=1516 depth=26 w=4.8035877910e+36 Shat=3.1424300000e+02 Lhat=0.0000000000e+00
KNUTH_SUBTREE root=1517 depth=26 w=3.4543373066e+37 Shat=3.6712000000e+01 Lhat=0.0000000000e+00
KNUTH_SUBTREE root=1518 depth=26 w=1.6632642280e+37 Shat=3.6782800000e+02 Lhat=0.0000000000e+00
KNUTH_SUBTREE root=1519 depth=26 w=2.6442292484e+36 Shat=2.8095000000e+01 Lhat=0.0000000000e+00
KNUTH_SUBTREE root=1520 depth=26 w=7.9814440521e+36 Shat=1.2901000000e+01 Lhat=0.0000000000e+00
KNUTH_SUBTREE root=1521 depth=26 w=2.1815430167e+37 Shat=2.6324000000e+02 Lhat=0.0000000000e+00
KNUTH_SUBTREE root=1522 depth=26 w=2.7698740797e+37 Shat=2.1000000000e+01 Lhat=0.0000000000e+00
KNUTH_SUBTREE root=1523 depth=26 w=3.2530561811e+37 Shat=3.0010000000e+01 Lhat=0.0000000000e+00
KNUTH_SUBTREE root=1524 depth=26 w=3.6915237641e+36 Shat=1.1230650000e+03 Lhat=0.0000000000e+00
KNUTH_SUBTREE root=1525 depth=26 w=9.9865277714e+36 Shat=2.0382400000e+03 Lhat=2.4000000000e+02
KNUTH_SUBTREE root=1526 depth=26 w=3.2095262667e+37 Shat=1.7106090000e+03 Lhat=0.0000000000e+00
KNUTH_SUBTREE root=1527 depth=26 w=3.1894563575e+36 Shat=8.7302500000e+02 Lhat=0.0000000000e+00
KNUTH_SUBTREE root=1528 depth=26 w=6.1026181857e+35 Shat=2.1612400000e+02 Lhat=0.0000000000e+00
KNUTH_SUBTREE root=1529 depth=26 w=2.8657157082e+37 Shat=1.6000000000e+01 Lhat=0.0000000000e+00
KNUTH_SUBTREE root=1530 depth=26 w=6.6758351936e+36 Shat=1.9960000000e+01 Lhat=0.0000000000e+00
KNUTH_SUBTREE root=1531 depth=26 w=3.4176508098e+36 Shat=7.0800000000e+00 Lhat=0.0000000000e+00
KNUTH_SUBTREE root=1532 depth=26 w=1.6928724414e+37 Shat=1.1856700000e+02 Lhat=0.0000000000e+00
KNUTH_SUBTREE root=1533 depth=26 w=4.4206494717e+36 Shat=1.0000000000e+01 Lhat=0.0000000000e+00
KNUTH_SUBTREE root=1534 depth=26 w=6.2895896384e+36 Shat=3.4671680000e+03 Lhat=2.9713600000e+02
KNUTH_SUBTREE root=1535 depth=26 w=6.5941451436e+36 Shat=4.9780000000e+00 Lhat=0.0000000000e+00
KNUTH_SUBTREE root=1536 depth=26 w=1.7142196076e+37 Shat=1.7583200000e+02 Lhat=0.0000000000e+00
KNUTH_SUBTREE root=1537 depth=26 w=4.6471781360e+36 Shat=8.5855000000e+01 Lhat=0.0000000000e+00
KNUTH_SUBTREE root=1538 depth=26 w=3.5231918423e+36 Shat=7.9927310000e+03 Lhat=0.0000000000e+00
KNUTH_SUBTREE root=1539 depth=26 w=1.0058753271e+37 Shat=2.1912000000e+02 Lhat=0.0000000000e+00
KNUTH_SUBTREE root=1540 depth=26 w=2.5488061492e+35 Shat=1.0000000000e+01 Lhat=0.0000000000e+00
KNUTH_SUBTREE root=1541 depth=26 w=2.1408542478e+37 Shat=8.6954000000e+02 Lhat=0.0000000000e+00
KNUTH_SUBTREE root=1542 depth=26 w=6.5736942467e+36 Shat=8.3996720000e+03 Lhat=0.0000000000e+00
KNUTH_SUBTREE root=1543 depth=26 w=1.9848653681e+37 Shat=8.2756000000e+01 Lhat=0.0000000000e+00
KNUTH_SUBTREE root=1544 depth=26 w=3.1036196784e+36 Shat=9.1235000000e+01 Lhat=0.0000000000e+00
KNUTH_SUBTREE root=1545 depth=26 w=1.2895021329e+37 Shat=3.9968500000e+02 Lhat=0.0000000000e+00
KNUTH_SUBTREE root=1546 depth=26 w=4.2790523104e+36 Shat=4.0000000000e+00 Lhat=0.0000000000e+00
KNUTH_SUBTREE root=1547 depth=26 w=4.2379427691e+36 Shat=5.5202000000e+03 Lhat=6.5248000000e+02
KNUTH_SUBTREE root=1548 depth=26 w=3.6384288017e+36 Shat=2.3359200000e+03 Lhat=0.0000000000e+00
KNUTH_SUBTREE root=1549 depth=26 w=1.7524918809e+36 Shat=3.0000000000e+00 Lhat=0.0000000000e+00
KNUTH_SUBTREE root=1550 depth=26 w=3.5564712123e+37 Shat=4.7339500000e+03 Lhat=0.0000000000e+00
KNUTH_SUBTREE root=1551 depth=26 w=1.5536222830e+37 Shat=4.3216700000e+03 Lhat=0.0000000000e+00
KNUTH_SUBTREE root=1552 depth=26 w=3.7129498498e+36 Shat=3.8950000000e+02 Lhat=0.0000000000e+00
KNUTH_SUBTREE root=1553 depth=26 w=3.5466721975e+37 Shat=4.1041840000e+03 Lhat=0.0000000000e+00
KNUTH_SUBTREE root=1554 depth=26 w=8.5676479283e+36 Shat=4.0424000000e+02 Lhat=0.0000000000e+00
KNUTH_SUBTREE root=1555 depth=26 w=2.8477233704e+37 Shat=1.8187000000e+03 Lhat=0.0000000000e+00
KNUTH_SUBTREE root=1556 depth=26 w=2.7322489117e+37 Shat=1.7352380000e+03 Lhat=0.0000000000e+00
KNUTH_SUBTREE root=1557 depth=26 w=5.6112975029e+36 Shat=7.9000000000e+01 Lhat=0.0000000000e+00
KNUTH_SUBTREE root=1558 depth=26 w=4.2699695841e+36 Shat=5.2492000000e+02 Lhat=0.0000000000e+00
KNUTH_SUBTREE root=1559 depth=26 w=9.9036709051e+36 Shat=4.1941120000e+03 Lhat=0.0000000000e+00
KNUTH_SUBTREE root=1560 depth=26 w=2.3414088876e+36 Shat=3.0000000000e+00 Lhat=0.0000000000e+00
KNUTH_SUBTREE root=1561 depth=26 w=3.1490605473e+36 Shat=2.6644190000e+03 Lhat=0.0000000000e+00
KNUTH_SUBTREE root=1562 depth=26 w=1.0633227619e+37 Shat=2.9802800000e+03 Lhat=0.0000000000e+00
KNUTH_SUBTREE root=1563 depth=26 w=2.0203824745e+37 Shat=4.6476420000e+03 Lhat=0.0000000000e+00
KNUTH_SUBTREE root=1564 depth=26 w=8.9403889782e+36 Shat=3.1564300000e+02 Lhat=0.0000000000e+00
KNUTH_SUBTREE root=1565 depth=26 w=4.4941835201e+36 Shat=1.9990720000e+03 Lhat=1.3984200000e+02
KNUTH_SUBTREE root=1566 depth=26 w=2.1752744842e+36 Shat=3.9487200000e+02 Lhat=0.0000000000e+00
KNUTH_SUBTREE root=1567 depth=26 w=2.4099300172e+37 Shat=9.4435300000e+02 Lhat=0.0000000000e+00
KNUTH_SUBTREE root=1568 depth=26 w=2.9091009674e+36 Shat=2.0332000000e+01 Lhat=0.0000000000e+00
KNUTH_SUBTREE root=1569 depth=26 w=1.0049515047e+37 Shat=7.2375000000e+01 Lhat=0.0000000000e+00
KNUTH_SUBTREE root=1570 depth=26 w=5.1256201991e+36 Shat=5.0000000000e+00 Lhat=0.0000000000e+00
KNUTH_SUBTREE root=1571 depth=26 w=2.0718208190e+36 Shat=7.3955100000e+02 Lhat=0.0000000000e+00
KNUTH_SUBTREE root=1572 depth=26 w=9.7705096317e+36 Shat=8.4763840000e+03 Lhat=0.0000000000e+00
KNUTH_SUBTREE root=1573 depth=26 w=4.6959981866e+36 Shat=5.6806210000e+03 Lhat=0.0000000000e+00
KNUTH_SUBTREE root=1574 depth=26 w=1.2813481979e+35 Shat=1.0000000000e+00 Lhat=0.0000000000e+00
KNUTH_SUBTREE root=1575 depth=26 w=7.9818625097e+35 Shat=5.9370000000e+01 Lhat=0.0000000000e+00
KNUTH_SUBTREE root=1576 depth=26 w=9.1883736076e+36 Shat=5.3471800000e+02 Lhat=0.0000000000e+00
KNUTH_SUBTREE root=1577 depth=26 w=1.6194782580e+37 Shat=1.9604000000e+02 Lhat=0.0000000000e+00
KNUTH_SUBTREE root=1578 depth=26 w=2.2364880190e+37 Shat=5.9320000000e+01 Lhat=0.0000000000e+00
KNUTH_SUBTREE root=1579 depth=26 w=1.1984905904e+36 Shat=2.2872000000e+01 Lhat=0.0000000000e+00
KNUTH_SUBTREE root=1580 depth=26 w=2.9656383323e+37 Shat=7.1070000000e+03 Lhat=0.0000000000e+00
KNUTH_SUBTREE root=1581 depth=26 w=1.9814471288e+37 Shat=2.1354200000e+02 Lhat=0.0000000000e+00
KNUTH_SUBTREE root=1582 depth=26 w=7.7823447634e+36 Shat=1.0430800000e+03 Lhat=0.0000000000e+00
KNUTH_SUBTREE root=1583 depth=26 w=1.3128130227e+37 Shat=2.8429380000e+03 Lhat=0.0000000000e+00
KNUTH_SUBTREE root=1584 depth=26 w=3.6848783699e+36 Shat=5.7476800000e+02 Lhat=0.0000000000e+00
KNUTH_SUBTREE root=1585 depth=26 w=5.0989219302e+36 Shat=6.8030590000e+03 Lhat=0.0000000000e+00
KNUTH_SUBTREE root=1586 depth=26 w=1.4536583180e+36 Shat=8.1682000000e+01 Lhat=0.0000000000e+00
KNUTH_SUBTREE root=1587 depth=26 w=2.0328992568e+37 Shat=1.3999600000e+03 Lhat=0.0000000000e+00
KNUTH_SUBTREE root=1588 depth=26 w=6.4581594646e+36 Shat=1.5742000000e+02 Lhat=0.0000000000e+00
KNUTH_SUBTREE root=1589 depth=26 w=1.4930438566e+36 Shat=1.0000000000e+00 Lhat=0.0000000000e+00
KNUTH_SUBTREE root=1590 depth=26 w=9.8468232329e+36 Shat=4.6596400000e+03 Lhat=0.0000000000e+00
KNUTH_SUBTREE root=1591 depth=26 w=1.5037337596e+37 Shat=3.9509920000e+03 Lhat=0.0000000000e+00
KNUTH_SUBTREE root=1592 depth=26 w=7.0582353568e+36 Shat=2.2446400000e+02 Lhat=0.0000000000e+00
KNUTH_SUBTREE root=1593 depth=26 w=1.0686039568e+37 Shat=4.1876000000e+03 Lhat=0.0000000000e+00
KNUTH_SUBTREE root=1594 depth=26 w=0 Shat=0 Lhat=0 dead=1
KNUTH_SUBTREE root=1595 depth=26 w=2.1762933336e+37 Shat=1.1336000000e+02 Lhat=0.0000000000e+00
KNUTH_SUBTREE root=1596 depth=26 w=2.9495325960e+37 Shat=1.3308580000e+03 Lhat=0.0000000000e+00
KNUTH_SUBTREE root=1597 depth=26 w=1.4122344052e+37 Shat=4.4721800000e+03 Lhat=0.0000000000e+00
KNUTH_SUBTREE root=1598 depth=26 w=2.6726514489e+36 Shat=2.7810000000e+01 Lhat=0.0000000000e+00
KNUTH_SUBTREE root=1599 depth=26 w=6.1170820665e+36 Shat=3.3004000000e+01 Lhat=0.0000000000e+00
KNUTH_SUBTREE root=1600 depth=26 w=3.5029410969e+37 Shat=1.9965400000e+02 Lhat=0.0000000000e+00
KNUTH_SUBTREE root=1601 depth=26 w=7.3067351562e+36 Shat=4.6094300000e+02 Lhat=0.0000000000e+00
KNUTH_SUBTREE root=1602 depth=26 w=3.3427828633e+36 Shat=7.2062800000e+02 Lhat=0.0000000000e+00
KNUTH_SUBTREE root=1603 depth=26 w=1.9615425409e+36 Shat=1.0000000000e+00 Lhat=0.0000000000e+00
KNUTH_SUBTREE root=1604 depth=26 w=2.0045082219e+36 Shat=2.8877500000e+02 Lhat=0.0000000000e+00
KNUTH_SUBTREE root=1605 depth=26 w=2.2371137292e+37 Shat=4.1534800000e+02 Lhat=0.0000000000e+00
KNUTH_SUBTREE root=1606 depth=26 w=5.6156270271e+36 Shat=8.9530000000e+02 Lhat=0.0000000000e+00
KNUTH_SUBTREE root=1607 depth=26 w=2.1942151741e+36 Shat=3.9614200000e+02 Lhat=0.0000000000e+00
KNUTH_SUBTREE root=1608 depth=26 w=1.0235752084e+37 Shat=1.3000000000e+01 Lhat=0.0000000000e+00
KNUTH_SUBTREE root=1609 depth=26 w=5.5361585586e+36 Shat=3.9056800000e+02 Lhat=0.0000000000e+00
KNUTH_SUBTREE root=1610 depth=26 w=1.0437069543e+37 Shat=9.1200000000e+00 Lhat=0.0000000000e+00
KNUTH_SUBTREE root=1611 depth=26 w=4.5854926301e+36 Shat=2.1484900000e+03 Lhat=0.0000000000e+00
KNUTH_SUBTREE root=1612 depth=26 w=4.2885214835e+36 Shat=2.5401280000e+03 Lhat=2.9308800000e+02
KNUTH_SUBTREE root=1613 depth=26 w=1.6713825404e+37 Shat=1.3700320000e+03 Lhat=0.0000000000e+00
KNUTH_SUBTREE root=1614 depth=26 w=2.0788835868e+37 Shat=3.7137600000e+02 Lhat=0.0000000000e+00
KNUTH_SUBTREE root=1615 depth=26 w=1.3712469638e+37 Shat=8.0170000000e+00 Lhat=0.0000000000e+00
KNUTH_SUBTREE root=1616 depth=26 w=4.3858498957e+36 Shat=8.7066400000e+02 Lhat=0.0000000000e+00
KNUTH_SUBTREE root=1617 depth=26 w=3.3120306086e+37 Shat=4.9127420000e+03 Lhat=0.0000000000e+00
KNUTH_SUBTREE root=1618 depth=26 w=1.5994845106e+36 Shat=2.0025000000e+02 Lhat=0.0000000000e+00
KNUTH_SUBTREE root=1619 depth=26 w=2.9373397368e+36 Shat=7.8977600000e+02 Lhat=0.0000000000e+00
KNUTH_SUBTREE root=1620 depth=26 w=1.3556673141e+36 Shat=7.9700000000e+00 Lhat=0.0000000000e+00
KNUTH_SUBTREE root=1621 depth=26 w=4.3785095919e+36 Shat=1.6348190000e+03 Lhat=0.0000000000e+00
KNUTH_SUBTREE root=1622 depth=26 w=8.6929410037e+36 Shat=7.9750000000e+02 Lhat=0.0000000000e+00
KNUTH_SUBTREE root=1623 depth=26 w=4.6346071717e+36 Shat=1.6000000000e+01 Lhat=0.0000000000e+00
KNUTH_SUBTREE root=1624 depth=26 w=2.2259581397e+36 Shat=7.9416000000e+02 Lhat=0.0000000000e+00
KNUTH_SUBTREE root=1625 depth=26 w=3.2655238778e+36 Shat=2.6624000000e+01 Lhat=0.0000000000e+00
KNUTH_SUBTREE root=1626 depth=26 w=2.3357215854e+36 Shat=6.6694500000e+02 Lhat=0.0000000000e+00
KNUTH_SUBTREE root=1627 depth=26 w=1.4040160849e+36 Shat=5.0000000000e+00 Lhat=0.0000000000e+00
KNUTH_SUBTREE root=1628 depth=26 w=1.0121854856e+37 Shat=2.0000000000e+00 Lhat=0.0000000000e+00
KNUTH_SUBTREE root=1629 depth=26 w=3.1050932925e+37 Shat=2.8782400000e+02 Lhat=0.0000000000e+00
KNUTH_SUBTREE root=1630 depth=26 w=2.8522781282e+37 Shat=4.7524940000e+03 Lhat=0.0000000000e+00
KNUTH_SUBTREE root=1631 depth=26 w=7.4643691388e+36 Shat=2.0181040000e+03 Lhat=0.0000000000e+00
KNUTH_SUBTREE root=1632 depth=26 w=1.4261447078e+37 Shat=6.5332000000e+01 Lhat=0.0000000000e+00
KNUTH_SUBTREE root=1633 depth=26 w=1.1147776968e+36 Shat=1.0000000000e+01 Lhat=0.0000000000e+00
KNUTH_SUBTREE root=1634 depth=26 w=5.6899546898e+36 Shat=1.0311760000e+03 Lhat=0.0000000000e+00
KNUTH_SUBTREE root=1635 depth=26 w=4.1852958492e+36 Shat=7.2766000000e+03 Lhat=0.0000000000e+00
KNUTH_SUBTREE root=1636 depth=26 w=1.5547171625e+36 Shat=1.0000000000e+00 Lhat=0.0000000000e+00
KNUTH_SUBTREE root=1637 depth=26 w=3.4334658360e+36 Shat=3.5728800000e+03 Lhat=0.0000000000e+00
KNUTH_SUBTREE root=1638 depth=26 w=2.3518246459e+37 Shat=6.0715300000e+03 Lhat=0.0000000000e+00
KNUTH_SUBTREE root=1639 depth=26 w=3.2359921061e+37 Shat=3.1950590000e+03 Lhat=0.0000000000e+00
KNUTH_SUBTREE root=1640 depth=26 w=2.2162754704e+37 Shat=1.2558400000e+02 Lhat=0.0000000000e+00
KNUTH_SUBTREE root=1641 depth=26 w=2.3185020154e+37 Shat=7.9141600000e+02 Lhat=0.0000000000e+00
KNUTH_SUBTREE root=1642 depth=26 w=7.4857954373e+34 Shat=2.0900000000e+01 Lhat=0.0000000000e+00
KNUTH_SUBTREE root=1643 depth=26 w=1.5986697507e+37 Shat=4.9008800000e+02 Lhat=0.0000000000e+00
KNUTH_SUBTREE root=1644 depth=26 w=1.6275201838e+37 Shat=1.3415860000e+03 Lhat=0.0000000000e+00
KNUTH_SUBTREE root=1645 depth=26 w=2.6347852868e+37 Shat=5.9201200000e+02 Lhat=0.0000000000e+00
KNUTH_SUBTREE root=1646 depth=26 w=6.0294594348e+35 Shat=1.0000000000e+01 Lhat=0.0000000000e+00
KNUTH_SUBTREE root=1647 depth=26 w=9.4677976263e+36 Shat=8.0687200000e+02 Lhat=0.0000000000e+00
KNUTH_SUBTREE root=1648 depth=26 w=2.8279408847e+37 Shat=1.8632680000e+03 Lhat=0.0000000000e+00
KNUTH_SUBTREE root=1649 depth=26 w=7.0069425894e+36 Shat=6.6543060000e+03 Lhat=0.0000000000e+00
KNUTH_SUBTREE root=1650 depth=26 w=4.8073664956e+36 Shat=1.2338750000e+03 Lhat=0.0000000000e+00
KNUTH_SUBTREE root=1651 depth=26 w=1.3352661435e+37 Shat=1.0000000000e+01 Lhat=0.0000000000e+00
KNUTH_SUBTREE root=1652 depth=26 w=2.9795436896e+37 Shat=7.0403500000e+02 Lhat=0.0000000000e+00
KNUTH_SUBTREE root=1653 depth=26 w=5.9502740013e+36 Shat=5.5418000000e+02 Lhat=0.0000000000e+00
KNUTH_SUBTREE root=1654 depth=26 w=8.0816290063e+36 Shat=1.7308400000e+02 Lhat=0.0000000000e+00
KNUTH_SUBTREE root=1655 depth=26 w=3.8607019478e+36 Shat=6.0000000000e+00 Lhat=0.0000000000e+00
KNUTH_SUBTREE root=1656 depth=26 w=6.0528107083e+36 Shat=3.3284010000e+03 Lhat=0.0000000000e+00
KNUTH_SUBTREE root=1657 depth=26 w=6.4856864713e+36 Shat=7.9000000000e+01 Lhat=0.0000000000e+00
KNUTH_SUBTREE root=1658 depth=26 w=2.1064735729e+36 Shat=1.5044000000e+01 Lhat=0.0000000000e+00
KNUTH_SUBTREE root=1659 depth=26 w=2.7870580342e+36 Shat=1.8407200000e+02 Lhat=0.0000000000e+00
KNUTH_SUBTREE root=1660 depth=26 w=3.3110407493e+37 Shat=2.7536730000e+03 Lhat=0.0000000000e+00
KNUTH_SUBTREE root=1661 depth=26 w=4.5628576473e+36 Shat=4.2907600000e+02 Lhat=0.0000000000e+00
KNUTH_SUBTREE root=1662 depth=26 w=2.2980436483e+36 Shat=5.6499400000e+03 Lhat=0.0000000000e+00
KNUTH_SUBTREE root=1663 depth=26 w=9.6557328578e+36 Shat=1.3000000000e+01 Lhat=0.0000000000e+00
KNUTH_SUBTREE root=1664 depth=26 w=1.1697342187e+37 Shat=3.3182700000e+03 Lhat=0.0000000000e+00
KNUTH_SUBTREE root=1665 depth=26 w=3.5949752467e+36 Shat=3.1000000000e+01 Lhat=0.0000000000e+00
KNUTH_SUBTREE root=1666 depth=26 w=9.7394627908e+35 Shat=6.5890000000e+02 Lhat=0.0000000000e+00
KNUTH_SUBTREE root=1667 depth=26 w=3.6140226027e+36 Shat=5.5392200000e+03 Lhat=0.0000000000e+00
KNUTH_SUBTREE root=1668 depth=26 w=2.8694684632e+36 Shat=1.0357480000e+03 Lhat=0.0000000000e+00
KNUTH_SUBTREE root=1669 depth=26 w=4.5028153096e+36 Shat=1.6485120000e+03 Lhat=0.0000000000e+00
KNUTH_SUBTREE root=1670 depth=26 w=1.9925483111e+35 Shat=9.0010000000e+00 Lhat=0.0000000000e+00
KNUTH_SUBTREE root=1671 depth=26 w=2.4377401393e+37 Shat=1.1743600000e+02 Lhat=0.0000000000e+00
KNUTH_SUBTREE root=1672 depth=26 w=9.0309091572e+36 Shat=1.1971960000e+03 Lhat=0.0000000000e+00
KNUTH_SUBTREE root=1673 depth=26 w=1.3186322990e+37 Shat=4.7338300000e+03 Lhat=0.0000000000e+00
KNUTH_SUBTREE root=1674 depth=26 w=1.2999297121e+36 Shat=1.3000000000e+01 Lhat=0.0000000000e+00
KNUTH_SUBTREE root=1675 depth=26 w=7.7523499058e+36 Shat=2.7706600000e+02 Lhat=0.0000000000e+00
KNUTH_SUBTREE root=1676 depth=26 w=4.4767509196e+36 Shat=4.8958300000e+03 Lhat=0.0000000000e+00
KNUTH_SUBTREE root=1677 depth=26 w=7.7318527209e+36 Shat=2.8206080000e+03 Lhat=0.0000000000e+00
KNUTH_SUBTREE root=1678 depth=26 w=1.0268122050e+37 Shat=9.1762000000e+01 Lhat=0.0000000000e+00
KNUTH_SUBTREE root=1679 depth=26 w=2.4059609152e+36 Shat=9.0000000000e+00 Lhat=0.0000000000e+00
KNUTH_SUBTREE root=1680 depth=26 w=1.5378990070e+37 Shat=6.9975000000e+02 Lhat=0.0000000000e+00
KNUTH_SUBTREE root=1681 depth=26 w=4.0058449316e+34 Shat=1.7583000000e+01 Lhat=0.0000000000e+00
KNUTH_SUBTREE root=1682 depth=26 w=7.9523239976e+36 Shat=3.0019000000e+01 Lhat=0.0000000000e+00
KNUTH_SUBTREE root=1683 depth=26 w=2.8282871647e+36 Shat=3.0000000000e+00 Lhat=0.0000000000e+00
KNUTH_SUBTREE root=1684 depth=26 w=1.6430372414e+37 Shat=1.7889310000e+03 Lhat=0.0000000000e+00
KNUTH_SUBTREE root=1685 depth=26 w=2.9065442941e+37 Shat=5.4300300000e+03 Lhat=0.0000000000e+00
KNUTH_SUBTREE root=1686 depth=26 w=2.5570300597e+37 Shat=4.1041600000e+03 Lhat=0.0000000000e+00
KNUTH_SUBTREE root=1687 depth=26 w=2.8990526025e+35 Shat=3.0000000000e+00 Lhat=0.0000000000e+00
KNUTH_SUBTREE root=1688 depth=26 w=6.2439012237e+36 Shat=3.6588720000e+03 Lhat=0.0000000000e+00
KNUTH_SUBTREE root=1689 depth=26 w=3.4550057296e+36 Shat=7.6362800000e+03 Lhat=0.0000000000e+00
KNUTH_SUBTREE root=1690 depth=26 w=2.8864189317e+36 Shat=1.9282000000e+01 Lhat=0.0000000000e+00
KNUTH_SUBTREE root=1691 depth=26 w=1.1664620331e+37 Shat=4.5205000000e+01 Lhat=0.0000000000e+00
KNUTH_SUBTREE root=1692 depth=26 w=2.3511576365e+35 Shat=5.0000000000e+00 Lhat=0.0000000000e+00
KNUTH_SUBTREE root=1693 depth=26 w=4.4251820577e+35 Shat=3.0000000000e+00 Lhat=0.0000000000e+00
KNUTH_SUBTREE root=1694 depth=26 w=1.7553082734e+36 Shat=2.3868000000e+02 Lhat=0.0000000000e+00
KNUTH_SUBTREE root=1695 depth=26 w=2.2711697230e+37 Shat=8.2436080000e+03 Lhat=0.0000000000e+00
KNUTH_SUBTREE root=1696 depth=26 w=2.9819245291e+36 Shat=6.5315200000e+02 Lhat=0.0000000000e+00
KNUTH_SUBTREE root=1697 depth=26 w=4.9457279888e+36 Shat=1.0662310000e+03 Lhat=0.0000000000e+00
KNUTH_SUBTREE root=1698 depth=26 w=2.5073777133e+37 Shat=2.1910000000e+01 Lhat=0.0000000000e+00
KNUTH_SUBTREE root=1699 depth=26 w=1.2581760638e+36 Shat=1.9060000000e+01 Lhat=0.0000000000e+00
KNUTH_SUBTREE root=1700 depth=26 w=1.0210590581e+36 Shat=8.0260000000e+00 Lhat=0.0000000000e+00
KNUTH_SUBTREE root=1701 depth=26 w=1.7526802731e+36 Shat=3.9568480000e+03 Lhat=0.0000000000e+00
KNUTH_SUBTREE root=1702 depth=26 w=2.6959922842e+37 Shat=2.8734400000e+02 Lhat=0.0000000000e+00
KNUTH_SUBTREE root=1703 depth=26 w=3.9354623515e+36 Shat=7.9000000000e+01 Lhat=0.0000000000e+00
KNUTH_SUBTREE root=1704 depth=26 w=2.9747625542e+37 Shat=6.2265490000e+03 Lhat=0.0000000000e+00
KNUTH_SUBTREE root=1705 depth=26 w=9.8157768105e+36 Shat=1.3000000000e+01 Lhat=0.0000000000e+00
KNUTH_SUBTREE root=1706 depth=26 w=1.3819075681e+37 Shat=3.8467760000e+03 Lhat=0.0000000000e+00
KNUTH_SUBTREE root=1707 depth=26 w=9.2175999443e+36 Shat=7.4208800000e+02 Lhat=0.0000000000e+00
KNUTH_SUBTREE root=1708 depth=26 w=2.9284674860e+36 Shat=1.2051533000e+04 Lhat=0.0000000000e+00
KNUTH_SUBTREE root=1709 depth=26 w=1.1458661525e+37 Shat=1.0347400000e+02 Lhat=0.0000000000e+00
KNUTH_SUBTREE root=1710 depth=26 w=8.7456786349e+36 Shat=6.4034400000e+02 Lhat=0.0000000000e+00
KNUTH_SUBTREE root=1711 depth=26 w=5.8898883471e+36 Shat=3.5561100000e+03 Lhat=0.0000000000e+00
KNUTH_SUBTREE root=1712 depth=26 w=3.0595397654e+36 Shat=1.9248130000e+03 Lhat=0.0000000000e+00
KNUTH_SUBTREE root=1713 depth=26 w=5.6697329870e+36 Shat=6.2852000000e+01 Lhat=0.0000000000e+00
KNUTH_SUBTREE root=1714 depth=26 w=4.1549714674e+36 Shat=5.0702500000e+02 Lhat=0.0000000000e+00
KNUTH_SUBTREE root=1715 depth=26 w=9.7320234079e+36 Shat=3.4216000000e+01 Lhat=0.0000000000e+00
KNUTH_SUBTREE root=1716 depth=26 w=3.7836377974e+36 Shat=4.7591710000e+03 Lhat=0.0000000000e+00
KNUTH_SUBTREE root=1717 depth=26 w=2.6052522340e+36 Shat=6.9280000000e+01 Lhat=0.0000000000e+00
KNUTH_SUBTREE root=1718 depth=26 w=7.9030565732e+36 Shat=9.3382100000e+03 Lhat=0.0000000000e+00
KNUTH_SUBTREE root=1719 depth=26 w=2.1368903402e+37 Shat=5.4412800000e+02 Lhat=0.0000000000e+00
KNUTH_SUBTREE root=1720 depth=26 w=1.6437802938e+37 Shat=1.1836900000e+02 Lhat=0.0000000000e+00
KNUTH_SUBTREE root=1721 depth=26 w=1.1630928991e+37 Shat=2.3965500000e+03 Lhat=0.0000000000e+00
KNUTH_SUBTREE root=1722 depth=26 w=1.2337574484e+37 Shat=1.3127000000e+03 Lhat=0.0000000000e+00
KNUTH_SUBTREE root=1723 depth=26 w=1.6728960663e+36 Shat=9.0000000000e+00 Lhat=0.0000000000e+00
KNUTH_SUBTREE root=1724 depth=26 w=4.8059981286e+36 Shat=4.9543600000e+02 Lhat=0.0000000000e+00
KNUTH_SUBTREE root=1725 depth=26 w=2.9150186211e+36 Shat=3.1575000000e+03 Lhat=3.6448000000e+02
KNUTH_SUBTREE root=1726 depth=26 w=1.8085522377e+37 Shat=7.3817920000e+03 Lhat=0.0000000000e+00
KNUTH_SUBTREE root=1727 depth=26 w=1.1837309368e+35 Shat=4.2270000000e+01 Lhat=0.0000000000e+00
KNUTH_SUBTREE root=1728 depth=26 w=2.6770405088e+37 Shat=3.4986000000e+02 Lhat=0.0000000000e+00
KNUTH_SUBTREE root=1729 depth=26 w=2.4764202640e+37 Shat=2.4945020000e+03 Lhat=0.0000000000e+00
KNUTH_SUBTREE root=1730 depth=26 w=5.6772367577e+36 Shat=5.3057800000e+02 Lhat=0.0000000000e+00
KNUTH_SUBTREE root=1731 depth=26 w=5.4038539282e+36 Shat=2.8300600000e+02 Lhat=0.0000000000e+00
KNUTH_SUBTREE root=1732 depth=26 w=1.0590783273e+37 Shat=7.3459200000e+02 Lhat=0.0000000000e+00
KNUTH_SUBTREE root=1733 depth=26 w=3.0014904195e+37 Shat=8.9669200000e+02 Lhat=0.0000000000e+00
KNUTH_SUBTREE root=1734 depth=26 w=2.5534730816e+36 Shat=1.3000000000e+01 Lhat=0.0000000000e+00
KNUTH_SUBTREE root=1735 depth=26 w=2.8356281205e+37 Shat=5.7964000000e+02 Lhat=0.0000000000e+00
KNUTH_SUBTREE root=1736 depth=26 w=1.7883694967e+37 Shat=8.3058400000e+02 Lhat=0.0000000000e+00
KNUTH_SUBTREE root=1737 depth=26 w=1.0115464383e+37 Shat=7.0000000000e+00 Lhat=0.0000000000e+00
KNUTH_SUBTREE root=1738 depth=26 w=3.5452700141e+37 Shat=3.4510510000e+03 Lhat=0.0000000000e+00
KNUTH_SUBTREE root=1739 depth=26 w=2.7129988274e+35 Shat=4.0000000000e+01 Lhat=0.0000000000e+00
KNUTH_SUBTREE root=1740 depth=26 w=3.5764187658e+36 Shat=7.3480000000e+01 Lhat=0.0000000000e+00
KNUTH_SUBTREE root=1741 depth=26 w=8.9208064334e+36 Shat=1.6885000000e+03 Lhat=0.0000000000e+00
KNUTH_SUBTREE root=1742 depth=26 w=3.4376542637e+37 Shat=6.0596000000e+02 Lhat=0.0000000000e+00
KNUTH_SUBTREE root=1743 depth=26 w=2.5228834343e+37 Shat=6.3074800000e+02 Lhat=0.0000000000e+00
KNUTH_SUBTREE root=1744 depth=26 w=3.1340255135e+37 Shat=2.0097760000e+03 Lhat=9.1465000000e+01
KNUTH_SUBTREE root=1745 depth=26 w=3.5999274803e+36 Shat=2.3666400000e+02 Lhat=0.0000000000e+00
KNUTH_SUBTREE root=1746 depth=26 w=2.7265420422e+37 Shat=5.7136000000e+02 Lhat=0.0000000000e+00
KNUTH_SUBTREE root=1747 depth=26 w=3.2316438546e+37 Shat=5.3951500000e+03 Lhat=0.0000000000e+00
KNUTH_SUBTREE root=1748 depth=26 w=4.7036884509e+36 Shat=1.6678000000e+02 Lhat=0.0000000000e+00
KNUTH_SUBTREE root=1749 depth=26 w=3.5688894666e+36 Shat=5.3120000000e+01 Lhat=0.0000000000e+00
KNUTH_SUBTREE root=1750 depth=26 w=3.2554865935e+36 Shat=3.3313600000e+02 Lhat=0.0000000000e+00
KNUTH_SUBTREE root=1751 depth=26 w=2.1944098248e+36 Shat=1.3000000000e+01 Lhat=0.0000000000e+00
KNUTH_SUBTREE root=1752 depth=26 w=1.7726445240e+37 Shat=1.6681960000e+03 Lhat=0.0000000000e+00
KNUTH_SUBTREE root=1753 depth=26 w=3.1185047305e+36 Shat=1.3473000000e+03 Lhat=0.0000000000e+00
KNUTH_SUBTREE root=1754 depth=26 w=1.9093533662e+36 Shat=2.2324160000e+03 Lhat=0.0000000000e+00
KNUTH_SUBTREE root=1755 depth=26 w=4.6891725282e+36 Shat=4.4547200000e+02 Lhat=0.0000000000e+00
KNUTH_SUBTREE root=1756 depth=26 w=2.9788645770e+37 Shat=9.2660000000e+02 Lhat=0.0000000000e+00
KNUTH_SUBTREE root=1757 depth=26 w=3.4399820425e+37 Shat=5.0153300000e+02 Lhat=0.0000000000e+00
KNUTH_SUBTREE root=1758 depth=26 w=1.9485543865e+36 Shat=1.2434000000e+02 Lhat=0.0000000000e+00
KNUTH_SUBTREE root=1759 depth=26 w=1.0619923897e+37 Shat=1.7519760000e+03 Lhat=0.0000000000e+00
KNUTH_SUBTREE root=1760 depth=26 w=6.1193398190e+36 Shat=1.5742000000e+01 Lhat=0.0000000000e+00
KNUTH_SUBTREE root=1761 depth=26 w=1.3809639122e+37 Shat=4.1380000000e+01 Lhat=0.0000000000e+00
KNUTH_SUBTREE root=1762 depth=26 w=2.8244250400e+37 Shat=7.2424000000e+01 Lhat=0.0000000000e+00
KNUTH_SUBTREE root=1763 depth=26 w=3.0373137419e+37 Shat=2.4125410000e+03 Lhat=0.0000000000e+00
KNUTH_SUBTREE root=1764 depth=26 w=7.9059662748e+35 Shat=1.4008000000e+01 Lhat=0.0000000000e+00
KNUTH_SUBTREE root=1765 depth=26 w=2.9123942077e+37 Shat=2.1336910000e+03 Lhat=0.0000000000e+00
KNUTH_SUBTREE root=1766 depth=26 w=6.1513249007e+36 Shat=1.3960720000e+03 Lhat=0.0000000000e+00
KNUTH_SUBTREE root=1767 depth=26 w=4.5555314405e+36 Shat=6.6312100000e+02 Lhat=0.0000000000e+00
KNUTH_SUBTREE root=1768 depth=26 w=5.4308673057e+36 Shat=3.0247000000e+01 Lhat=0.0000000000e+00
KNUTH_SUBTREE root=1769 depth=26 w=2.8687017518e+36 Shat=2.0143000000e+02 Lhat=0.0000000000e+00
KNUTH_SUBTREE root=1770 depth=26 w=8.3522028932e+36 Shat=5.9260000000e+01 Lhat=0.0000000000e+00
KNUTH_SUBTREE root=1771 depth=26 w=2.4707740694e+37 Shat=1.9941600000e+02 Lhat=0.0000000000e+00
KNUTH_SUBTREE root=1772 depth=26 w=9.4778790167e+35 Shat=9.0000000000e+00 Lhat=0.0000000000e+00
KNUTH_SUBTREE root=1773 depth=26 w=3.6723368162e+36 Shat=2.2220700000e+03 Lhat=0.0000000000e+00
KNUTH_SUBTREE root=1774 depth=26 w=1.8009470717e+37 Shat=2.5080000000e+01 Lhat=0.0000000000e+00
KNUTH_SUBTREE root=1775 depth=26 w=2.2254325218e+37 Shat=5.5072300000e+03 Lhat=0.0000000000e+00
KNUTH_SUBTREE root=1776 depth=26 w=1.8172968372e+36 Shat=7.1292700000e+02 Lhat=0.0000000000e+00
KNUTH_SUBTREE root=1777 depth=26 w=3.7496582283e+36 Shat=3.9958320000e+03 Lhat=0.0000000000e+00
KNUTH_SUBTREE root=1778 depth=26 w=3.1648280052e+37 Shat=1.6883340000e+03 Lhat=0.0000000000e+00
KNUTH_SUBTREE root=1779 depth=26 w=4.5708375437e+36 Shat=7.6845000000e+01 Lhat=0.0000000000e+00
KNUTH_SUBTREE root=1780 depth=26 w=2.6850079704e+37 Shat=1.1535000000e+02 Lhat=0.0000000000e+00
KNUTH_SUBTREE root=1781 depth=26 w=3.9181392892e+36 Shat=1.5100000000e+02 Lhat=0.0000000000e+00
KNUTH_SUBTREE root=1782 depth=26 w=3.3340899389e+37 Shat=8.3008100000e+02 Lhat=0.0000000000e+00
KNUTH_SUBTREE root=1783 depth=26 w=1.9294078553e+37 Shat=3.9375600000e+02 Lhat=0.0000000000e+00
KNUTH_SUBTREE root=1784 depth=26 w=3.5734882832e+37 Shat=3.1864200000e+03 Lhat=0.0000000000e+00
KNUTH_SUBTREE root=1785 depth=26 w=3.4307108824e+37 Shat=3.4264360000e+03 Lhat=0.0000000000e+00
KNUTH_SUBTREE root=1786 depth=26 w=2.0971621708e+36 Shat=6.8996000000e+01 Lhat=0.0000000000e+00
KNUTH_SUBTREE root=1787 depth=26 w=1.5767569300e+36 Shat=5.0000000000e+00 Lhat=0.0000000000e+00
KNUTH_SUBTREE root=1788 depth=26 w=2.0966546822e+35 Shat=5.0280000000e+00 Lhat=0.0000000000e+00
KNUTH_SUBTREE root=1789 depth=26 w=2.5255277999e+36 Shat=2.5342000000e+01 Lhat=0.0000000000e+00
KNUTH_SUBTREE root=1790 depth=26 w=6.9745479374e+36 Shat=2.6233840000e+03 Lhat=0.0000000000e+00
KNUTH_SUBTREE root=1791 depth=26 w=1.3151603617e+37 Shat=1.5000000000e+01 Lhat=0.0000000000e+00
KNUTH_SUBTREE root=1792 depth=26 w=9.4306277080e+36 Shat=4.7394590000e+03 Lhat=0.0000000000e+00
KNUTH_SUBTREE root=1793 depth=26 w=6.9590333433e+36 Shat=5.0000000000e+01 Lhat=0.0000000000e+00
KNUTH_SUBTREE root=1794 depth=26 w=3.9122159790e+36 Shat=1.1044870000e+03 Lhat=0.0000000000e+00
KNUTH_SUBTREE root=1795 depth=26 w=8.7469423463e+36 Shat=7.2895890000e+03 Lhat=0.0000000000e+00
KNUTH_SUBTREE root=1796 depth=26 w=8.6798304673e+36 Shat=2.2141000000e+02 Lhat=0.0000000000e+00
KNUTH_SUBTREE root=1797 depth=26 w=5.3770771226e+36 Shat=4.5442630000e+03 Lhat=0.0000000000e+00
KNUTH_SUBTREE root=1798 depth=26 w=7.5205318063e+36 Shat=1.9108800000e+02 Lhat=0.0000000000e+00
KNUTH_SUBTREE root=1799 depth=26 w=2.4528468926e+37 Shat=8.7971000000e+02 Lhat=0.0000000000e+00
KNUTH_SUBTREE root=1800 depth=26 w=2.6565660845e+37 Shat=5.0152730000e+03 Lhat=0.0000000000e+00
KNUTH_SUBTREE root=1801 depth=26 w=1.7004082316e+37 Shat=2.6045000000e+01 Lhat=0.0000000000e+00
KNUTH_SUBTREE root=1802 depth=26 w=1.4295073914e+36 Shat=3.0000000000e+00 Lhat=0.0000000000e+00
KNUTH_SUBTREE root=1803 depth=26 w=5.2595552998e+36 Shat=4.6405000000e+01 Lhat=0.0000000000e+00
KNUTH_SUBTREE root=1804 depth=26 w=8.6134962041e+36 Shat=4.1968540000e+03 Lhat=0.0000000000e+00
KNUTH_SUBTREE root=1805 depth=26 w=3.3130440551e+37 Shat=3.8948460000e+03 Lhat=0.0000000000e+00
KNUTH_SUBTREE root=1806 depth=26 w=2.7301225902e+34 Shat=1.9064000000e+01 Lhat=0.0000000000e+00
KNUTH_SUBTREE root=1807 depth=26 w=9.3790435793e+36 Shat=4.9811200000e+02 Lhat=0.0000000000e+00
KNUTH_SUBTREE root=1808 depth=26 w=8.6673890803e+36 Shat=7.9000000000e+01 Lhat=0.0000000000e+00
KNUTH_SUBTREE root=1809 depth=26 w=2.1619669656e+36 Shat=7.0000000000e+00 Lhat=0.0000000000e+00
KNUTH_SUBTREE root=1810 depth=26 w=1.6103266196e+37 Shat=3.2525100000e+03 Lhat=2.9948000000e+02
KNUTH_SUBTREE root=1811 depth=26 w=6.2365433956e+36 Shat=7.9000000000e+01 Lhat=0.0000000000e+00
KNUTH_SUBTREE root=1812 depth=26 w=2.7772223665e+37 Shat=7.2181600000e+02 Lhat=0.0000000000e+00
KNUTH_SUBTREE root=1813 depth=26 w=2.9344132626e+36 Shat=1.9050480000e+03 Lhat=0.0000000000e+00
KNUTH_SUBTREE root=1814 depth=26 w=4.4920966549e+36 Shat=6.9224400000e+03 Lhat=0.0000000000e+00
KNUTH_SUBTREE root=1815 depth=26 w=1.2018484454e+37 Shat=3.9635440000e+03 Lhat=0.0000000000e+00
KNUTH_SUBTREE root=1816 depth=26 w=2.4131991544e+37 Shat=1.3000000000e+01 Lhat=0.0000000000e+00
KNUTH_SUBTREE root=1817 depth=26 w=1.6294076167e+37 Shat=3.8333800000e+02 Lhat=0.0000000000e+00
KNUTH_SUBTREE root=1818 depth=26 w=7.3672577236e+36 Shat=4.8835000000e+01 Lhat=0.0000000000e+00
KNUTH_SUBTREE root=1819 depth=26 w=2.0058800719e+37 Shat=1.1588600000e+03 Lhat=0.0000000000e+00
KNUTH_SUBTREE root=1820 depth=26 w=1.3860893415e+36 Shat=1.4005000000e+01 Lhat=0.0000000000e+00
KNUTH_SUBTREE root=1821 depth=26 w=2.5620251523e+37 Shat=8.2018900000e+02 Lhat=0.0000000000e+00
KNUTH_SUBTREE root=1822 depth=26 w=9.4679784809e+36 Shat=4.1192790000e+03 Lhat=0.0000000000e+00
KNUTH_SUBTREE root=1823 depth=26 w=2.5474803040e+36 Shat=7.5740400000e+02 Lhat=0.0000000000e+00
KNUTH_SUBTREE root=1824 depth=26 w=3.9584304726e+36 Shat=3.1996000000e+01 Lhat=0.0000000000e+00
KNUTH_SUBTREE root=1825 depth=26 w=2.8190897527e+36 Shat=6.1577200000e+02 Lhat=0.0000000000e+00
KNUTH_SUBTREE root=1826 depth=26 w=3.9941943234e+36 Shat=2.7646000000e+02 Lhat=0.0000000000e+00
KNUTH_SUBTREE root=1827 depth=26 w=1.5640638487e+37 Shat=5.3002720000e+03 Lhat=0.0000000000e+00
KNUTH_SUBTREE root=1828 depth=26 w=1.8221735676e+37 Shat=4.6068400000e+02 Lhat=0.0000000000e+00
KNUTH_SUBTREE root=1829 depth=26 w=1.7732870629e+37 Shat=6.2877600000e+02 Lhat=0.0000000000e+00
KNUTH_SUBTREE root=1830 depth=26 w=2.9841076183e+36 Shat=1.4722700000e+03 Lhat=0.0000000000e+00
KNUTH_SUBTREE root=1831 depth=26 w=2.2145914157e+37 Shat=7.5030900000e+02 Lhat=0.0000000000e+00
KNUTH_SUBTREE root=1832 depth=26 w=1.4400410321e+37 Shat=7.0000000000e+00 Lhat=0.0000000000e+00
KNUTH_SUBTREE root=1833 depth=26 w=1.5572770905e+36 Shat=2.3039040000e+03 Lhat=4.8384000000e+02
KNUTH_SUBTREE root=1834 depth=26 w=1.0622846704e+37 Shat=9.1216900000e+02 Lhat=0.0000000000e+00
KNUTH_SUBTREE root=1835 depth=26 w=1.7913777604e+37 Shat=4.5812800000e+02 Lhat=0.0000000000e+00
KNUTH_SUBTREE root=1836 depth=26 w=8.3124034381e+35 Shat=8.8840000000e+01 Lhat=0.0000000000e+00
KNUTH_SUBTREE root=1837 depth=26 w=8.0439177715e+36 Shat=2.4372760000e+03 Lhat=0.0000000000e+00
KNUTH_SUBTREE root=1838 depth=26 w=1.1653446704e+37 Shat=3.6992800000e+02 Lhat=0.0000000000e+00
KNUTH_SUBTREE root=1839 depth=26 w=2.4459057670e+36 Shat=4.6140000000e+01 Lhat=0.0000000000e+00
KNUTH_SUBTREE root=1840 depth=26 w=1.5792130642e+37 Shat=2.8543200000e+02 Lhat=0.0000000000e+00
KNUTH_SUBTREE root=1841 depth=26 w=1.3846984749e+37 Shat=1.8010000000e+01 Lhat=0.0000000000e+00
KNUTH_SUBTREE root=1842 depth=26 w=5.6519311153e+36 Shat=5.9460000000e+02 Lhat=0.0000000000e+00
KNUTH_SUBTREE root=1843 depth=26 w=5.0414838891e+36 Shat=1.0286700000e+03 Lhat=0.0000000000e+00
KNUTH_SUBTREE root=1844 depth=26 w=1.9273165304e+37 Shat=1.2637600000e+02 Lhat=0.0000000000e+00
KNUTH_SUBTREE root=1845 depth=26 w=4.4088154580e+36 Shat=1.8000000000e+01 Lhat=0.0000000000e+00
KNUTH_SUBTREE root=1846 depth=26 w=1.5275651513e+36 Shat=2.9000000000e+01 Lhat=0.0000000000e+00
KNUTH_SUBTREE root=1847 depth=26 w=5.1668330002e+36 Shat=1.1390400000e+02 Lhat=0.0000000000e+00
KNUTH_SUBTREE root=1848 depth=26 w=9.1265633089e+36 Shat=8.9271200000e+02 Lhat=0.0000000000e+00
KNUTH_SUBTREE root=1849 depth=26 w=2.5971472946e+36 Shat=4.4246200000e+03 Lhat=0.0000000000e+00
KNUTH_SUBTREE root=1850 depth=26 w=4.2577451316e+37 Shat=3.4859430000e+03 Lhat=0.0000000000e+00
KNUTH_SUBTREE root=1851 depth=26 w=1.9319143726e+37 Shat=1.0391120000e+03 Lhat=0.0000000000e+00
KNUTH_SUBTREE root=1852 depth=26 w=1.5285313377e+37 Shat=9.1591300000e+02 Lhat=0.0000000000e+00
KNUTH_SUBTREE root=1853 depth=26 w=1.0185102435e+37 Shat=1.7673670000e+03 Lhat=5.9976000000e+01
KNUTH_SUBTREE root=1854 depth=26 w=1.1196981446e+37 Shat=2.2488300000e+03 Lhat=0.0000000000e+00
KNUTH_SUBTREE root=1855 depth=26 w=5.3575010489e+36 Shat=1.1754500000e+02 Lhat=0.0000000000e+00
KNUTH_SUBTREE root=1856 depth=26 w=2.4799398521e+37 Shat=2.5024000000e+01 Lhat=0.0000000000e+00
KNUTH_SUBTREE root=1857 depth=26 w=2.0123442534e+37 Shat=2.9646160000e+03 Lhat=0.0000000000e+00
KNUTH_SUBTREE root=1858 depth=26 w=1.0311688805e+37 Shat=4.1986900000e+03 Lhat=0.0000000000e+00
KNUTH_SUBTREE root=1859 depth=26 w=2.8910194530e+37 Shat=7.0000000000e+00 Lhat=0.0000000000e+00
KNUTH_SUBTREE root=1860 depth=26 w=3.7464310229e+36 Shat=9.3827350000e+03 Lhat=0.0000000000e+00
KNUTH_SUBTREE root=1861 depth=26 w=1.3751619996e+37 Shat=8.8368000000e+01 Lhat=0.0000000000e+00
KNUTH_SUBTREE root=1862 depth=26 w=1.5589975827e+37 Shat=7.1536000000e+01 Lhat=0.0000000000e+00
KNUTH_SUBTREE root=1863 depth=26 w=4.9658024600e+36 Shat=2.1755800000e+03 Lhat=1.4400000000e+01
KNUTH_SUBTREE root=1864 depth=26 w=2.3729887320e+37 Shat=3.9104800000e+02 Lhat=0.0000000000e+00
KNUTH_SUBTREE root=1865 depth=26 w=3.2671526368e+37 Shat=3.3819930000e+03 Lhat=0.0000000000e+00
KNUTH_SUBTREE root=1866 depth=26 w=1.8369930789e+36 Shat=3.2052700000e+02 Lhat=0.0000000000e+00
KNUTH_SUBTREE root=1867 depth=26 w=2.2177574800e+37 Shat=1.2068090000e+03 Lhat=0.0000000000e+00
KNUTH_SUBTREE root=1868 depth=26 w=7.5481053838e+36 Shat=2.9056000000e+02 Lhat=0.0000000000e+00
KNUTH_SUBTREE root=1869 depth=26 w=1.6917130689e+37 Shat=4.7705200000e+03 Lhat=0.0000000000e+00
KNUTH_SUBTREE root=1870 depth=26 w=3.1439114522e+37 Shat=1.3357200000e+03 Lhat=0.0000000000e+00
KNUTH_SUBTREE root=1871 depth=26 w=3.0994677134e+37 Shat=1.0285600000e+02 Lhat=0.0000000000e+00
KNUTH_SUBTREE root=1872 depth=26 w=2.5724282067e+37 Shat=3.1743800000e+03 Lhat=6.6720000000e+01
KNUTH_SUBTREE root=1873 depth=26 w=3.0256145384e+37 Shat=2.8795600000e+02 Lhat=0.0000000000e+00
KNUTH_SUBTREE root=1874 depth=26 w=3.2635653058e+36 Shat=1.1984000000e+01 Lhat=0.0000000000e+00
KNUTH_SUBTREE root=1875 depth=26 w=5.1485127518e+36 Shat=1.3511500000e+03 Lhat=0.0000000000e+00
KNUTH_SUBTREE root=1876 depth=26 w=1.1025787387e+37 Shat=2.4819300000e+03 Lhat=0.0000000000e+00
KNUTH_SUBTREE root=1877 depth=26 w=2.1184579817e+36 Shat=3.0064000000e+01 Lhat=0.0000000000e+00
KNUTH_SUBTREE root=1878 depth=26 w=5.8063164537e+36 Shat=1.1517520000e+03 Lhat=0.0000000000e+00
KNUTH_SUBTREE root=1879 depth=26 w=2.5233165896e+36 Shat=6.7951000000e+02 Lhat=0.0000000000e+00
KNUTH_SUBTREE root=1880 depth=26 w=2.0556272944e+37 Shat=2.2856000000e+01 Lhat=0.0000000000e+00
KNUTH_SUBTREE root=1881 depth=26 w=8.2863894765e+35 Shat=1.9924000000e+01 Lhat=0.0000000000e+00
KNUTH_SUBTREE root=1882 depth=26 w=6.1585296469e+36 Shat=3.5200000000e+02 Lhat=0.0000000000e+00
KNUTH_SUBTREE root=1883 depth=26 w=1.3484531763e+36 Shat=5.8768000000e+01 Lhat=0.0000000000e+00
KNUTH_SUBTREE root=1884 depth=26 w=1.5072996207e+37 Shat=2.0987920000e+03 Lhat=0.0000000000e+00
KNUTH_SUBTREE root=1885 depth=26 w=3.4138758254e+37 Shat=9.3154000000e+02 Lhat=0.0000000000e+00
KNUTH_SUBTREE root=1886 depth=26 w=8.7601030647e+34 Shat=4.0140000000e+00 Lhat=0.0000000000e+00
KNUTH_SUBTREE root=1887 depth=26 w=5.9648919981e+36 Shat=3.1225000000e+01 Lhat=0.0000000000e+00
KNUTH_SUBTREE root=1888 depth=26 w=2.4893816975e+37 Shat=1.0440350000e+03 Lhat=0.0000000000e+00
KNUTH_SUBTREE root=1889 depth=26 w=5.6450035285e+36 Shat=1.3000000000e+01 Lhat=0.0000000000e+00
KNUTH_SUBTREE root=1890 depth=26 w=5.9122696059e+35 Shat=2.1604000000e+01 Lhat=0.0000000000e+00
KNUTH_SUBTREE root=1891 depth=26 w=1.5319530400e+36 Shat=3.5001640000e+03 Lhat=0.0000000000e+00
KNUTH_SUBTREE root=1892 depth=26 w=1.4408475752e+36 Shat=9.0160000000e+00 Lhat=0.0000000000e+00
KNUTH_SUBTREE root=1893 depth=26 w=3.1559861677e+37 Shat=2.5869700000e+02 Lhat=0.0000000000e+00
KNUTH_SUBTREE root=1894 depth=26 w=2.5919564063e+37 Shat=5.8726900000e+03 Lhat=0.0000000000e+00
KNUTH_SUBTREE root=1895 depth=26 w=1.7591171014e+36 Shat=1.9064000000e+01 Lhat=0.0000000000e+00
KNUTH_SUBTREE root=1896 depth=26 w=2.2037010362e+37 Shat=3.8093200000e+03 Lhat=0.0000000000e+00
KNUTH_SUBTREE root=1897 depth=26 w=2.1584394340e+37 Shat=1.0191280000e+03 Lhat=0.0000000000e+00
KNUTH_SUBTREE root=1898 depth=26 w=9.8732096852e+34 Shat=1.0000000000e+00 Lhat=0.0000000000e+00
KNUTH_SUBTREE root=1899 depth=26 w=3.5846411317e+36 Shat=7.9000000000e+01 Lhat=0.0000000000e+00
KNUTH_SUBTREE root=1900 depth=26 w=1.3221316970e+36 Shat=1.6871000000e+02 Lhat=0.0000000000e+00
KNUTH_SUBTREE root=1901 depth=26 w=2.9221894833e+36 Shat=4.5938400000e+03 Lhat=0.0000000000e+00
KNUTH_SUBTREE root=1902 depth=26 w=5.8306199099e+36 Shat=1.2481600000e+02 Lhat=0.0000000000e+00
KNUTH_SUBTREE root=1903 depth=26 w=4.0694987844e+36 Shat=2.6074000000e+02 Lhat=0.0000000000e+00
KNUTH_SUBTREE root=1904 depth=26 w=2.0127348608e+36 Shat=1.5614160000e+03 Lhat=0.0000000000e+00
KNUTH_SUBTREE root=1905 depth=26 w=3.4757515667e+35 Shat=3.0000000000e+00 Lhat=0.0000000000e+00
KNUTH_SUBTREE root=1906 depth=26 w=3.7864202358e+36 Shat=1.0936000000e+01 Lhat=0.0000000000e+00
KNUTH_SUBTREE root=1907 depth=26 w=1.4658140978e+37 Shat=1.8454240000e+03 Lhat=0.0000000000e+00
KNUTH_SUBTREE root=1908 depth=26 w=1.2434782184e+37 Shat=3.5987200000e+02 Lhat=0.0000000000e+00
KNUTH_SUBTREE root=1909 depth=26 w=3.0577134437e+36 Shat=3.6850000000e+01 Lhat=0.0000000000e+00
KNUTH_SUBTREE root=1910 depth=26 w=4.5821632829e+36 Shat=5.0762560000e+03 Lhat=0.0000000000e+00
KNUTH_SUBTREE root=1911 depth=26 w=5.6411299089e+36 Shat=8.4541600000e+02 Lhat=0.0000000000e+00
KNUTH_SUBTREE root=1912 depth=26 w=9.7350874603e+36 Shat=1.8002800000e+02 Lhat=0.0000000000e+00
KNUTH_SUBTREE root=1913 depth=26 w=4.9648990485e+36 Shat=1.6000000000e+01 Lhat=0.0000000000e+00
KNUTH_SUBTREE root=1914 depth=26 w=1.7373658080e+36 Shat=6.9058000000e+01 Lhat=0.0000000000e+00
KNUTH_SUBTREE root=1915 depth=26 w=4.8305366046e+36 Shat=7.3230000000e+02 Lhat=0.0000000000e+00
KNUTH_SUBTREE root=1916 depth=26 w=6.2925213541e+36 Shat=1.6969600000e+02 Lhat=0.0000000000e+00
KNUTH_SUBTREE root=1917 depth=26 w=7.5584480801e+35 Shat=2.7950000000e+01 Lhat=0.0000000000e+00
KNUTH_SUBTREE root=1918 depth=26 w=6.3380465996e+36 Shat=6.5988760000e+03 Lhat=3.8169600000e+02
KNUTH_SUBTREE root=1919 depth=26 w=8.8296730316e+36 Shat=1.4847900000e+03 Lhat=0.0000000000e+00
KNUTH_SUBTREE root=1920 depth=26 w=3.1604255705e+36 Shat=1.3899120000e+03 Lhat=0.0000000000e+00
KNUTH_SUBTREE root=1921 depth=26 w=2.0354971644e+35 Shat=2.0000000000e+00 Lhat=0.0000000000e+00
KNUTH_SUBTREE root=1922 depth=26 w=4.6185369480e+36 Shat=1.0322800000e+02 Lhat=0.0000000000e+00
KNUTH_SUBTREE root=1923 depth=26 w=8.8871244125e+35 Shat=3.9820000000e+00 Lhat=0.0000000000e+00
KNUTH_SUBTREE root=1924 depth=26 w=6.5329558773e+36 Shat=2.2748000000e+01 Lhat=0.0000000000e+00
KNUTH_SUBTREE root=1925 depth=26 w=2.8065563472e+36 Shat=2.8853000000e+01 Lhat=0.0000000000e+00
KNUTH_SUBTREE root=1926 depth=26 w=4.7905471980e+36 Shat=4.2556000000e+02 Lhat=0.0000000000e+00
KNUTH_SUBTREE root=1927 depth=26 w=4.4886339623e+36 Shat=5.6360800000e+02 Lhat=0.0000000000e+00
KNUTH_SUBTREE root=1928 depth=26 w=3.0536069327e+36 Shat=1.0966000000e+01 Lhat=0.0000000000e+00
KNUTH_SUBTREE root=1929 depth=26 w=7.4963447666e+36 Shat=1.0048000000e+02 Lhat=0.0000000000e+00
KNUTH_SUBTREE root=1930 depth=26 w=5.2479916134e+36 Shat=1.7997400000e+02 Lhat=0.0000000000e+00
KNUTH_SUBTREE root=1931 depth=26 w=2.4840800946e+37 Shat=8.6824000000e+01 Lhat=0.0000000000e+00
KNUTH_SUBTREE root=1932 depth=26 w=4.2810438888e+36 Shat=7.9000000000e+01 Lhat=0.0000000000e+00
KNUTH_SUBTREE root=1933 depth=26 w=9.0398977060e+36 Shat=3.1987820000e+03 Lhat=0.0000000000e+00
KNUTH_SUBTREE root=1934 depth=26 w=3.1005115891e+37 Shat=4.0063200000e+02 Lhat=0.0000000000e+00
KNUTH_SUBTREE root=1935 depth=26 w=5.7082644819e+36 Shat=2.0335520000e+03 Lhat=0.0000000000e+00
KNUTH_SUBTREE root=1936 depth=26 w=7.2961891084e+36 Shat=5.1922000000e+01 Lhat=0.0000000000e+00
KNUTH_SUBTREE root=1937 depth=26 w=5.5302776525e+36 Shat=3.5693200000e+02 Lhat=0.0000000000e+00
KNUTH_SUBTREE root=1938 depth=26 w=1.8871095442e+36 Shat=1.3000000000e+01 Lhat=0.0000000000e+00
KNUTH_SUBTREE root=1939 depth=26 w=1.2485944486e+37 Shat=1.0000000000e+00 Lhat=0.0000000000e+00
KNUTH_SUBTREE root=1940 depth=26 w=3.0755258252e+37 Shat=7.1828800000e+02 Lhat=0.0000000000e+00
KNUTH_SUBTREE root=1941 depth=26 w=2.5781560089e+36 Shat=1.5581900000e+02 Lhat=0.0000000000e+00
KNUTH_SUBTREE root=1942 depth=26 w=2.2766796921e+36 Shat=2.1172000000e+01 Lhat=0.0000000000e+00
KNUTH_SUBTREE root=1943 depth=26 w=1.0571825709e+36 Shat=5.1020000000e+01 Lhat=0.0000000000e+00
KNUTH_SUBTREE root=1944 depth=26 w=3.5487712573e+37 Shat=7.0132600000e+02 Lhat=0.0000000000e+00
KNUTH_SUBTREE root=1945 depth=26 w=3.2991916942e+36 Shat=2.8800000000e+01 Lhat=0.0000000000e+00
KNUTH_SUBTREE root=1946 depth=26 w=3.2397601775e+37 Shat=2.5600780000e+03 Lhat=0.0000000000e+00
KNUTH_SUBTREE root=1947 depth=26 w=7.8955086673e+36 Shat=3.2749000000e+02 Lhat=0.0000000000e+00
KNUTH_SUBTREE root=1948 depth=26 w=7.2894137697e+36 Shat=3.7016600000e+02 Lhat=0.0000000000e+00
KNUTH_SUBTREE root=1949 depth=26 w=2.1076097044e+37 Shat=6.3907440000e+03 Lhat=0.0000000000e+00
KNUTH_SUBTREE root=1950 depth=26 w=9.8678266646e+35 Shat=9.0000000000e+00 Lhat=0.0000000000e+00
KNUTH_SUBTREE root=1951 depth=26 w=2.0398425722e+36 Shat=7.9000000000e+01 Lhat=0.0000000000e+00
KNUTH_SUBTREE root=1952 depth=26 w=2.7761123621e+37 Shat=2.5209000000e+03 Lhat=0.0000000000e+00
KNUTH_SUBTREE root=1953 depth=26 w=5.2276453634e+36 Shat=2.9988300000e+03 Lhat=0.0000000000e+00
KNUTH_SUBTREE root=1954 depth=26 w=5.4004696323e+36 Shat=1.6646860000e+03 Lhat=0.0000000000e+00
KNUTH_SUBTREE root=1955 depth=26 w=2.0538235373e+36 Shat=3.0683620000e+03 Lhat=3.6720000000e+02
KNUTH_SUBTREE root=1956 depth=26 w=4.4543685951e+36 Shat=3.0000000000e+00 Lhat=0.0000000000e+00
KNUTH_SUBTREE root=1957 depth=26 w=2.4813779255e+37 Shat=1.2431530000e+03 Lhat=0.0000000000e+00
KNUTH_SUBTREE root=1958 depth=26 w=6.1489034079e+36 Shat=2.2994320000e+03 Lhat=0.0000000000e+00
KNUTH_SUBTREE root=1959 depth=26 w=5.6508891617e+36 Shat=1.1042200000e+02 Lhat=0.0000000000e+00
KNUTH_SUBTREE root=1960 depth=26 w=4.3838143050e+36 Shat=3.4716400000e+02 Lhat=0.0000000000e+00
KNUTH_SUBTREE root=1961 depth=26 w=8.5037868874e+36 Shat=2.4573600000e+03 Lhat=0.0000000000e+00
KNUTH_SUBTREE root=1962 depth=26 w=1.2514695391e+36 Shat=1.0808000000e+01 Lhat=0.0000000000e+00
KNUTH_SUBTREE root=1963 depth=26 w=1.6869667502e+36 Shat=4.8692000000e+01 Lhat=0.0000000000e+00
KNUTH_SUBTREE root=1964 depth=26 w=1.9754737667e+35 Shat=1.0000000000e+00 Lhat=0.0000000000e+00
KNUTH_SUBTREE root=1965 depth=26 w=2.6589099682e+37 Shat=2.2395900000e+02 Lhat=0.0000000000e+00
KNUTH_SUBTREE root=1966 depth=26 w=2.0031940533e+35 Shat=2.0816000000e+01 Lhat=0.0000000000e+00
KNUTH_SUBTREE root=1967 depth=26 w=5.3457275289e+36 Shat=1.2786170000e+03 Lhat=0.0000000000e+00
KNUTH_SUBTREE root=1968 depth=26 w=3.6274245642e+37 Shat=4.0319600000e+03 Lhat=0.0000000000e+00
KNUTH_SUBTREE root=1969 depth=26 w=6.0663240201e+36 Shat=1.2585700000e+03 Lhat=0.0000000000e+00
KNUTH_SUBTREE root=1970 depth=26 w=2.8901609593e+36 Shat=1.8286390000e+03 Lhat=0.0000000000e+00
KNUTH_SUBTREE root=1971 depth=26 w=3.3684732269e+37 Shat=4.9600000000e+00 Lhat=0.0000000000e+00
KNUTH_SUBTREE root=1972 depth=26 w=6.4488790496e+36 Shat=2.8529200000e+02 Lhat=0.0000000000e+00
KNUTH_SUBTREE root=1973 depth=26 w=9.3129845881e+35 Shat=1.9165000000e+02 Lhat=0.0000000000e+00
KNUTH_SUBTREE root=1974 depth=26 w=2.9028314323e+36 Shat=4.5078500000e+02 Lhat=0.0000000000e+00
KNUTH_SUBTREE root=1975 depth=26 w=2.9403562447e+37 Shat=1.8329400000e+02 Lhat=0.0000000000e+00
KNUTH_SUBTREE root=1976 depth=26 w=1.9058116825e+36 Shat=2.0000000000e+00 Lhat=0.0000000000e+00
KNUTH_SUBTREE root=1977 depth=26 w=2.7319905082e+36 Shat=7.0000000000e+00 Lhat=0.0000000000e+00
KNUTH_SUBTREE root=1978 depth=26 w=5.5674936627e+35 Shat=1.3000000000e+01 Lhat=0.0000000000e+00
KNUTH_SUBTREE root=1979 depth=26 w=2.7745400144e+37 Shat=2.8360160000e+03 Lhat=3.2011200000e+02
KNUTH_SUBTREE root=1980 depth=26 w=3.6659564031e+37 Shat=4.2223300000e+03 Lhat=0.0000000000e+00
KNUTH_SUBTREE root=1981 depth=26 w=1.5545891830e+36 Shat=9.4930000000e+01 Lhat=0.0000000000e+00
KNUTH_SUBTREE root=1982 depth=26 w=3.1459144587e+37 Shat=7.7469600000e+02 Lhat=0.0000000000e+00
KNUTH_SUBTREE root=1983 depth=26 w=1.0539805135e+36 Shat=6.3300000000e+02 Lhat=0.0000000000e+00
KNUTH_SUBTREE root=1984 depth=26 w=9.3468954425e+36 Shat=3.6152000000e+01 Lhat=0.0000000000e+00
KNUTH_SUBTREE root=1985 depth=26 w=1.4677386704e+37 Shat=4.0323200000e+02 Lhat=0.0000000000e+00
KNUTH_SUBTREE root=1986 depth=26 w=1.2668340169e+37 Shat=4.8795500000e+03 Lhat=0.0000000000e+00
KNUTH_SUBTREE root=1987 depth=26 w=1.4740032802e+37 Shat=1.7053390000e+03 Lhat=0.0000000000e+00
KNUTH_SUBTREE root=1988 depth=26 w=6.8193517010e+36 Shat=2.8231300000e+02 Lhat=0.0000000000e+00
KNUTH_SUBTREE root=1989 depth=26 w=3.8687702570e+37 Shat=4.7168000000e+01 Lhat=0.0000000000e+00
KNUTH_SUBTREE root=1990 depth=26 w=2.8411430270e+36 Shat=2.9645320000e+03 Lhat=0.0000000000e+00
KNUTH_SUBTREE root=1991 depth=26 w=3.2508939875e+37 Shat=4.5644270000e+03 Lhat=0.0000000000e+00
KNUTH_SUBTREE root=1992 depth=26 w=2.8634408022e+36 Shat=1.6216000000e+01 Lhat=0.0000000000e+00
KNUTH_SUBTREE root=1993 depth=26 w=1.0334722604e+37 Shat=4.5885600000e+02 Lhat=0.0000000000e+00
KNUTH_SUBTREE root=1994 depth=26 w=2.4147316399e+37 Shat=1.4936000000e+02 Lhat=0.0000000000e+00
KNUTH_SUBTREE root=1995 depth=26 w=8.5353745075e+36 Shat=2.6181000000e+03 Lhat=0.0000000000e+00
KNUTH_SUBTREE root=1996 depth=26 w=2.5037771536e+36 Shat=7.9000000000e+01 Lhat=0.0000000000e+00
KNUTH_SUBTREE root=1997 depth=26 w=6.1317745619e+35 Shat=1.0000000000e+00 Lhat=0.0000000000e+00
KNUTH_SUBTREE root=1998 depth=26 w=1.3168891308e+37 Shat=6.9044460000e+03 Lhat=0.0000000000e+00
KNUTH_SUBTREE root=1999 depth=26 w=2.9960156152e+36 Shat=9.5194400000e+02 Lhat=0.0000000000e+00
KNUTH_SUBTREE root=2000 depth=26 w=1.2011902703e+36 Shat=1.5138000000e+02 Lhat=0.0000000000e+00
KNUTH_SUBTREE root=2001 depth=26 w=3.1809542016e+36 Shat=3.9129630000e+03 Lhat=0.0000000000e+00
KNUTH_SUBTREE root=2002 depth=26 w=3.0281303381e+35 Shat=3.0000000000e+00 Lhat=0.0000000000e+00
KNUTH_SUBTREE root=2003 depth=26 w=2.2807598354e+36 Shat=5.0000000000e+00 Lhat=0.0000000000e+00
KNUTH_SUBTREE root=2004 depth=26 w=1.4106781970e+37 Shat=1.3573540000e+03 Lhat=0.0000000000e+00
KNUTH_SUBTREE root=2005 depth=26 w=2.0696412022e+36 Shat=4.1513400000e+03 Lhat=0.0000000000e+00
KNUTH_SUBTREE root=2006 depth=26 w=1.6913123948e+37 Shat=2.6840400000e+02 Lhat=0.0000000000e+00
KNUTH_SUBTREE root=2007 depth=26 w=3.5948779700e+36 Shat=7.6044800000e+02 Lhat=0.0000000000e+00
KNUTH_SUBTREE root=2008 depth=26 w=3.0411214583e+36 Shat=1.3200280000e+03 Lhat=0.0000000000e+00
KNUTH_SUBTREE root=2009 depth=26 w=2.6053328713e+36 Shat=2.1508600000e+03 Lhat=0.0000000000e+00
KNUTH_SUBTREE root=2010 depth=26 w=6.2253458532e+35 Shat=1.0000000000e+01 Lhat=0.0000000000e+00
KNUTH_SUBTREE root=2011 depth=26 w=1.4329540393e+37 Shat=1.0960000000e+01 Lhat=0.0000000000e+00
KNUTH_SUBTREE root=2012 depth=26 w=2.7715797129e+37 Shat=2.9689000000e+03 Lhat=0.0000000000e+00
KNUTH_SUBTREE root=2013 depth=26 w=3.3098817116e+36 Shat=7.0000000000e+00 Lhat=0.0000000000e+00
KNUTH_SUBTREE root=2014 depth=26 w=5.6545199527e+36 Shat=4.4602300000e+02 Lhat=0.0000000000e+00
KNUTH_SUBTREE root=2015 depth=26 w=3.8722999067e+36 Shat=1.8840680000e+03 Lhat=0.0000000000e+00
KNUTH_SUBTREE root=2016 depth=26 w=6.5574791248e+36 Shat=3.0994700000e+03 Lhat=0.0000000000e+00
KNUTH_SUBTREE root=2017 depth=26 w=9.5643669684e+36 Shat=2.5755020000e+03 Lhat=0.0000000000e+00
KNUTH_SUBTREE root=2018 depth=26 w=2.1085635730e+36 Shat=4.7210780000e+03 Lhat=2.7775000000e+02
KNUTH_SUBTREE root=2019 depth=26 w=1.2099957685e+37 Shat=7.7740000000e+02 Lhat=0.0000000000e+00
KNUTH_SUBTREE root=2020 depth=26 w=3.9611672819e+36 Shat=2.9968000000e+01 Lhat=0.0000000000e+00
KNUTH_SUBTREE root=2021 depth=26 w=3.8719032585e+36 Shat=1.7314000000e+02 Lhat=0.0000000000e+00
KNUTH_SUBTREE root=2022 depth=26 w=6.1836254865e+36 Shat=1.8417200000e+02 Lhat=0.0000000000e+00
KNUTH_SUBTREE root=2023 depth=26 w=2.2245064659e+37 Shat=1.4263840000e+03 Lhat=7.7616000000e+01
KNUTH_SUBTREE root=2024 depth=26 w=7.7064124056e+36 Shat=4.0000000000e+00 Lhat=0.0000000000e+00
KNUTH_SUBTREE root=2025 depth=26 w=2.7276373724e+37 Shat=3.1678000000e+02 Lhat=0.0000000000e+00
KNUTH_SUBTREE root=2026 depth=26 w=3.8774897043e+36 Shat=7.9000000000e+01 Lhat=0.0000000000e+00
KNUTH_SUBTREE root=2027 depth=26 w=3.0310475206e+37 Shat=1.4174050000e+03 Lhat=0.0000000000e+00
KNUTH_SUBTREE root=2028 depth=26 w=1.9961086386e+37 Shat=5.4532000000e+02 Lhat=0.0000000000e+00
KNUTH_SUBTREE root=2029 depth=26 w=2.4076639174e+36 Shat=4.7282500000e+03 Lhat=0.0000000000e+00
KNUTH_SUBTREE root=2030 depth=26 w=2.1095702743e+36 Shat=5.5667200000e+02 Lhat=0.0000000000e+00
KNUTH_SUBTREE root=2031 depth=26 w=1.2238349913e+37 Shat=4.8820000000e+01 Lhat=0.0000000000e+00
KNUTH_SUBTREE root=2032 depth=26 w=5.0161835212e+36 Shat=1.0748000000e+03 Lhat=0.0000000000e+00
KNUTH_SUBTREE root=2033 depth=26 w=5.5038111845e+35 Shat=4.1756000000e+01 Lhat=0.0000000000e+00
KNUTH_SUBTREE root=2034 depth=26 w=1.7114670961e+36 Shat=9.9321600000e+02 Lhat=0.0000000000e+00
KNUTH_SUBTREE root=2035 depth=26 w=2.0510082134e+36 Shat=1.4977000000e+01 Lhat=0.0000000000e+00
KNUTH_SUBTREE root=2036 depth=26 w=4.0646015254e+36 Shat=3.6582000000e+02 Lhat=0.0000000000e+00
KNUTH_SUBTREE root=2037 depth=26 w=2.9014084567e+37 Shat=6.7343000000e+02 Lhat=0.0000000000e+00
KNUTH_SUBTREE root=2038 depth=26 w=1.7124860096e+36 Shat=8.9400000000e+00 Lhat=0.0000000000e+00
KNUTH_SUBTREE root=2039 depth=26 w=4.2812598172e+36 Shat=1.7910000000e+01 Lhat=0.0000000000e+00
KNUTH_SUBTREE root=2040 depth=26 w=1.0501799363e+36 Shat=6.9970000000e+01 Lhat=0.0000000000e+00
KNUTH_SUBTREE root=2041 depth=26 w=4.3804408031e+36 Shat=3.5035300000e+03 Lhat=3.7992000000e+02
KNUTH_SUBTREE root=2042 depth=26 w=7.2496928033e+36 Shat=1.0419160000e+03 Lhat=0.0000000000e+00
KNUTH_SUBTREE root=2043 depth=26 w=3.9725054775e+36 Shat=3.6231600000e+03 Lhat=0.0000000000e+00
KNUTH_SUBTREE root=2044 depth=26 w=4.7062526570e+36 Shat=1.8839800000e+03 Lhat=0.0000000000e+00
KNUTH_SUBTREE root=2045 depth=26 w=8.0375564440e+35 Shat=2.0000000000e+00 Lhat=0.0000000000e+00
KNUTH_SUBTREE root=2046 depth=26 w=1.8055932389e+37 Shat=2.2468200000e+03 Lhat=0.0000000000e+00
KNUTH_SUBTREE root=2047 depth=26 w=3.3046455198e+36 Shat=1.1967900000e+03 Lhat=0.0000000000e+00
KNUTH_SUBTREE root=2048 depth=26 w=1.5575900321e+36 Shat=6.3258040000e+03 Lhat=0.0000000000e+00
KNUTH_SUBTREE root=2049 depth=26 w=2.5067397404e+36 Shat=8.3704000000e+01 Lhat=0.0000000000e+00
KNUTH_SUBTREE root=2050 depth=26 w=2.4793399734e+37 Shat=1.0697600000e+02 Lhat=0.0000000000e+00
KNUTH_SUBTREE root=2051 depth=26 w=9.3121987162e+36 Shat=7.7176000000e+01 Lhat=0.0000000000e+00
KNUTH_SUBTREE root=2052 depth=26 w=8.7751613114e+36 Shat=3.7905000000e+01 Lhat=0.0000000000e+00
KNUTH_SUBTREE root=2053 depth=26 w=6.0698185275e+36 Shat=3.8025340000e+03 Lhat=0.0000000000e+00
KNUTH_SUBTREE root=2054 depth=26 w=1.0248074031e+37 Shat=3.6476900000e+03 Lhat=0.0000000000e+00
KNUTH_SUBTREE root=2055 depth=26 w=1.2310336221e+37 Shat=4.0856080000e+03 Lhat=0.0000000000e+00
KNUTH_SUBTREE root=2056 depth=26 w=8.2740376866e+36 Shat=2.6021520000e+03 Lhat=1.3904000000e+02
KNUTH_SUBTREE root=2057 depth=26 w=7.7258699838e+36 Shat=4.1883300000e+03 Lhat=0.0000000000e+00
KNUTH_SUBTREE root=2058 depth=26 w=2.2489708966e+36 Shat=2.0221600000e+02 Lhat=0.0000000000e+00
KNUTH_SUBTREE root=2059 depth=26 w=2.6758049324e+36 Shat=5.0456800000e+02 Lhat=0.0000000000e+00
KNUTH_SUBTREE root=2060 depth=26 w=0 Shat=0 Lhat=0 dead=1
KNUTH_SUBTREE root=2061 depth=26 w=4.2902050890e+36 Shat=1.6030000000e+01 Lhat=0.0000000000e+00
KNUTH_SUBTREE root=2062 depth=26 w=1.7862707129e+37 Shat=2.7151840000e+03 Lhat=0.0000000000e+00
KNUTH_SUBTREE root=2063 depth=26 w=8.9131510853e+35 Shat=3.1536000000e+02 Lhat=0.0000000000e+00
KNUTH_SUBTREE root=2064 depth=26 w=4.5659242923e+36 Shat=5.6377000000e+03 Lhat=3.9600000000e+01
KNUTH_SUBTREE root=2065 depth=26 w=4.5829918572e+36 Shat=9.1813600000e+02 Lhat=0.0000000000e+00
KNUTH_SUBTREE root=2066 depth=26 w=3.1564298653e+37 Shat=4.0658000000e+02 Lhat=0.0000000000e+00
KNUTH_SUBTREE root=2067 depth=26 w=1.7899048273e+36 Shat=1.8266860000e+03 Lhat=0.0000000000e+00
KNUTH_SUBTREE root=2068 depth=26 w=9.1663847927e+36 Shat=7.4746000000e+02 Lhat=0.0000000000e+00
KNUTH_SUBTREE root=2069 depth=26 w=1.7242850723e+36 Shat=2.4421600000e+02 Lhat=0.0000000000e+00
KNUTH_SUBTREE root=2070 depth=26 w=2.2585138252e+37 Shat=6.9821080000e+03 Lhat=0.0000000000e+00
KNUTH_SUBTREE root=2071 depth=26 w=3.3171234915e+37 Shat=3.4274010000e+03 Lhat=0.0000000000e+00
KNUTH_SUBTREE root=2072 depth=26 w=3.9472904750e+36 Shat=3.4029260000e+03 Lhat=0.0000000000e+00
KNUTH_SUBTREE root=2073 depth=26 w=4.0554382367e+36 Shat=5.3061000000e+02 Lhat=0.0000000000e+00
KNUTH_SUBTREE root=2074 depth=26 w=2.8876468217e+37 Shat=1.3715680000e+03 Lhat=0.0000000000e+00
KNUTH_SUBTREE root=2075 depth=26 w=2.8811499257e+36 Shat=1.6238800000e+02 Lhat=0.0000000000e+00
KNUTH_SUBTREE root=2076 depth=26 w=6.4072540480e+35 Shat=2.6712000000e+01 Lhat=0.0000000000e+00
KNUTH_SUBTREE root=2077 depth=26 w=2.5646805806e+37 Shat=4.9126480000e+03 Lhat=0.0000000000e+00
KNUTH_SUBTREE root=2078 depth=26 w=9.3718102349e+36 Shat=1.3556020000e+03 Lhat=0.0000000000e+00
KNUTH_SUBTREE root=2079 depth=26 w=2.7680032550e+36 Shat=3.0000000000e+00 Lhat=0.0000000000e+00
KNUTH_SUBTREE root=2080 depth=26 w=2.9390117938e+37 Shat=5.0555900000e+02 Lhat=0.0000000000e+00
KNUTH_SUBTREE root=2081 depth=26 w=7.8950019181e+35 Shat=2.1000000000e+01 Lhat=0.0000000000e+00
KNUTH_SUBTREE root=2082 depth=26 w=3.2931653896e+36 Shat=6.3073800000e+03 Lhat=0.0000000000e+00
KNUTH_SUBTREE root=2083 depth=26 w=4.5301976678e+36 Shat=8.0700000000e+00 Lhat=0.0000000000e+00
KNUTH_SUBTREE root=2084 depth=26 w=6.8299181408e+36 Shat=2.7087130000e+03 Lhat=0.0000000000e+00
KNUTH_SUBTREE root=2085 depth=26 w=8.4445824954e+35 Shat=6.9720000000e+00 Lhat=0.0000000000e+00
KNUTH_SUBTREE root=2086 depth=26 w=3.4167646632e+37 Shat=1.1477600000e+03 Lhat=0.0000000000e+00
KNUTH_SUBTREE root=2087 depth=26 w=3.7053330847e+36 Shat=3.0023200000e+02 Lhat=0.0000000000e+00
KNUTH_SUBTREE root=2088 depth=26 w=4.5306799597e+36 Shat=7.6052800000e+02 Lhat=0.0000000000e+00
KNUTH_SUBTREE root=2089 depth=26 w=4.6621515163e+36 Shat=3.0004000000e+01 Lhat=0.0000000000e+00
KNUTH_SUBTREE root=2090 depth=26 w=5.1804271398e+36 Shat=4.1313500000e+03 Lhat=0.0000000000e+00
KNUTH_SUBTREE root=2091 depth=26 w=1.6629615504e+36 Shat=4.0000000000e+00 Lhat=0.0000000000e+00
KNUTH_SUBTREE root=2092 depth=26 w=3.4340666333e+36 Shat=1.4716000000e+02 Lhat=0.0000000000e+00
KNUTH_SUBTREE root=2093 depth=26 w=3.6538648806e+35 Shat=1.8538000000e+02 Lhat=0.0000000000e+00
KNUTH_SUBTREE root=2094 depth=26 w=1.0590248773e+37 Shat=2.2061800000e+02 Lhat=0.0000000000e+00
KNUTH_SUBTREE root=2095 depth=26 w=7.1425309273e+36 Shat=1.1137400000e+02 Lhat=0.0000000000e+00
KNUTH_SUBTREE root=2096 depth=26 w=2.7639145355e+36 Shat=9.1867900000e+02 Lhat=0.0000000000e+00
KNUTH_SUBTREE root=2097 depth=26 w=6.8602209620e+36 Shat=1.0197660000e+03 Lhat=0.0000000000e+00
KNUTH_SUBTREE root=2098 depth=26 w=1.4066121896e+36 Shat=1.9007200000e+02 Lhat=0.0000000000e+00
KNUTH_SUBTREE root=2099 depth=26 w=8.4639733636e+36 Shat=3.5728000000e+01 Lhat=0.0000000000e+00
KNUTH_SUBTREE root=2100 depth=26 w=7.9045856165e+36 Shat=7.3385100000e+02 Lhat=0.0000000000e+00
KNUTH_SUBTREE root=2101 depth=26 w=7.7469494330e+36 Shat=3.4995280000e+03 Lhat=0.0000000000e+00
KNUTH_SUBTREE root=2102 depth=26 w=1.3541947815e+37 Shat=4.0348000000e+01 Lhat=0.0000000000e+00
KNUTH_SUBTREE root=2103 depth=26 w=3.9932804142e+36 Shat=5.8318500000e+03 Lhat=0.0000000000e+00
KNUTH_SUBTREE root=2104 depth=26 w=9.9748298000e+36 Shat=8.1648800000e+02 Lhat=0.0000000000e+00
KNUTH_SUBTREE root=2105 depth=26 w=8.6144283745e+36 Shat=1.0000000000e+01 Lhat=0.0000000000e+00
KNUTH_SUBTREE root=2106 depth=26 w=3.2742946270e+37 Shat=7.0416400000e+02 Lhat=0.0000000000e+00
KNUTH_SUBTREE root=2107 depth=26 w=3.5557374621e+36 Shat=8.4786000000e+03 Lhat=0.0000000000e+00
KNUTH_SUBTREE root=2108 depth=26 w=1.6803616375e+37 Shat=9.9455200000e+02 Lhat=0.0000000000e+00
KNUTH_SUBTREE root=2109 depth=26 w=2.3356522064e+36 Shat=1.9801000000e+01 Lhat=0.0000000000e+00
KNUTH_SUBTREE root=2110 depth=26 w=1.4018698256e+36 Shat=6.2968000000e+01 Lhat=0.0000000000e+00
KNUTH_SUBTREE root=2111 depth=26 w=2.9140459540e+36 Shat=4.1070400000e+02 Lhat=0.0000000000e+00
KNUTH_SUBTREE root=2112 depth=26 w=2.7659266428e+36 Shat=1.8007600000e+02 Lhat=0.0000000000e+00
KNUTH_SUBTREE root=2113 depth=26 w=6.6431634647e+36 Shat=3.6656000000e+01 Lhat=0.0000000000e+00
KNUTH_SUBTREE root=2114 depth=26 w=7.3330485942e+35 Shat=5.0000000000e+00 Lhat=0.0000000000e+00
KNUTH_SUBTREE root=2115 depth=26 w=2.6663796829e+36 Shat=7.2428300000e+02 Lhat=0.0000000000e+00
KNUTH_SUBTREE root=2116 depth=26 w=7.0529220767e+36 Shat=1.4304000000e+02 Lhat=0.0000000000e+00
KNUTH_SUBTREE root=2117 depth=26 w=1.1544369180e+36 Shat=2.5800000000e+01 Lhat=0.0000000000e+00
KNUTH_SUBTREE root=2118 depth=26 w=1.5478133795e+36 Shat=1.0000000000e+00 Lhat=0.0000000000e+00
KNUTH_SUBTREE root=2119 depth=26 w=8.2778367254e+36 Shat=5.3461000000e+03 Lhat=0.0000000000e+00
KNUTH_SUBTREE root=2120 depth=26 w=8.4484224842e+36 Shat=3.5141320000e+03 Lhat=0.0000000000e+00
KNUTH_SUBTREE root=2121 depth=26 w=8.2217649775e+36 Shat=3.1489600000e+03 Lhat=0.0000000000e+00
KNUTH_SUBTREE root=2122 depth=26 w=2.4089134030e+37 Shat=2.4949200000e+03 Lhat=0.0000000000e+00
KNUTH_SUBTREE root=2123 depth=26 w=3.6840347832e+37 Shat=5.2041000000e+02 Lhat=0.0000000000e+00
KNUTH_SUBTREE root=2124 depth=26 w=1.5379252630e+37 Shat=6.2386000000e+02 Lhat=0.0000000000e+00
KNUTH_SUBTREE root=2125 depth=26 w=7.3944170084e+36 Shat=2.7140000000e+01 Lhat=0.0000000000e+00
KNUTH_SUBTREE root=2126 depth=26 w=1.5412487030e+37 Shat=8.9441000000e+02 Lhat=0.0000000000e+00
KNUTH_SUBTREE root=2127 depth=26 w=2.0068638731e+36 Shat=7.6481000000e+01 Lhat=0.0000000000e+00
KNUTH_SUBTREE root=2128 depth=26 w=4.2865595527e+36 Shat=5.2654000000e+02 Lhat=0.0000000000e+00
KNUTH_SUBTREE root=2129 depth=26 w=1.2732267822e+37 Shat=5.7406960000e+03 Lhat=0.0000000000e+00
KNUTH_SUBTREE root=2130 depth=26 w=2.7883197924e+36 Shat=5.9841600000e+02 Lhat=0.0000000000e+00
KNUTH_SUBTREE root=2131 depth=26 w=2.3383041307e+36 Shat=2.8568000000e+02 Lhat=0.0000000000e+00
KNUTH_SUBTREE root=2132 depth=26 w=2.1830044268e+36 Shat=1.1750400000e+03 Lhat=0.0000000000e+00
KNUTH_SUBTREE root=2133 depth=26 w=3.1245169836e+36 Shat=1.1390000000e+03 Lhat=0.0000000000e+00
KNUTH_SUBTREE root=2134 depth=26 w=3.5901867429e+36 Shat=4.2958200000e+03 Lhat=0.0000000000e+00
KNUTH_SUBTREE root=2135 depth=26 w=7.6857121279e+36 Shat=1.5984400000e+02 Lhat=0.0000000000e+00
KNUTH_SUBTREE root=2136 depth=26 w=5.5448744602e+36 Shat=2.0000000000e+00 Lhat=0.0000000000e+00
KNUTH_SUBTREE root=2137 depth=26 w=2.9518610748e+37 Shat=6.9571360000e+03 Lhat=0.0000000000e+00
KNUTH_SUBTREE root=2138 depth=26 w=2.3063329147e+36 Shat=2.0000000000e+00 Lhat=0.0000000000e+00
KNUTH_SUBTREE root=2139 depth=26 w=2.7715345336e+37 Shat=9.4133100000e+02 Lhat=0.0000000000e+00
KNUTH_SUBTREE root=2140 depth=26 w=2.2792578615e+37 Shat=3.6749710000e+03 Lhat=3.8259200000e+02
KNUTH_SUBTREE root=2141 depth=26 w=2.6719377776e+36 Shat=3.4952000000e+01 Lhat=0.0000000000e+00
KNUTH_SUBTREE root=2142 depth=26 w=2.8104175557e+36 Shat=1.1700000000e+03 Lhat=0.0000000000e+00
KNUTH_SUBTREE root=2143 depth=26 w=1.4338031461e+37 Shat=9.7612000000e+01 Lhat=0.0000000000e+00
KNUTH_SUBTREE root=2144 depth=26 w=1.5031444419e+35 Shat=7.0000000000e+00 Lhat=0.0000000000e+00
KNUTH_SUBTREE root=2145 depth=26 w=2.4347556530e+36 Shat=7.6501810000e+03 Lhat=1.3730040000e+03
KNUTH_SUBTREE root=2146 depth=26 w=6.4141395028e+36 Shat=1.6903600000e+02 Lhat=0.0000000000e+00
KNUTH_SUBTREE root=2147 depth=26 w=7.8938348879e+35 Shat=1.8900000000e+01 Lhat=0.0000000000e+00
KNUTH_SUBTREE root=2148 depth=26 w=1.3833106459e+36 Shat=5.0000000000e+00 Lhat=0.0000000000e+00
KNUTH_SUBTREE root=2149 depth=26 w=2.1067353862e+37 Shat=4.8498400000e+02 Lhat=0.0000000000e+00
KNUTH_SUBTREE root=2150 depth=26 w=2.2030471586e+36 Shat=7.9000000000e+01 Lhat=0.0000000000e+00
KNUTH_SUBTREE root=2151 depth=26 w=3.6237394462e+36 Shat=2.5642600000e+02 Lhat=0.0000000000e+00
KNUTH_SUBTREE root=2152 depth=26 w=6.3550956870e+35 Shat=1.3891600000e+02 Lhat=0.0000000000e+00
KNUTH_SUBTREE root=2153 depth=26 w=2.9830616751e+37 Shat=2.8412900000e+03 Lhat=0.0000000000e+00
KNUTH_SUBTREE root=2154 depth=26 w=7.7064341708e+35 Shat=1.1170900000e+02 Lhat=0.0000000000e+00
KNUTH_SUBTREE root=2155 depth=26 w=1.6803143169e+36 Shat=3.5459300000e+03 Lhat=0.0000000000e+00
KNUTH_SUBTREE root=2156 depth=26 w=9.9484907871e+36 Shat=3.1924000000e+02 Lhat=0.0000000000e+00
KNUTH_SUBTREE root=2157 depth=26 w=3.3015044645e+37 Shat=2.3299200000e+02 Lhat=0.0000000000e+00
KNUTH_SUBTREE root=2158 depth=26 w=2.7409509246e+36 Shat=1.6775400000e+03 Lhat=0.0000000000e+00
KNUTH_SUBTREE root=2159 depth=26 w=2.3691576754e+37 Shat=2.3016700000e+02 Lhat=0.0000000000e+00
KNUTH_SUBTREE root=2160 depth=26 w=2.6284425510e+37 Shat=5.2794460000e+03 Lhat=0.0000000000e+00
KNUTH_SUBTREE root=2161 depth=26 w=9.7546088839e+36 Shat=7.0689000000e+02 Lhat=0.0000000000e+00
KNUTH_SUBTREE root=2162 depth=26 w=1.1993152677e+37 Shat=1.2141600000e+03 Lhat=0.0000000000e+00
KNUTH_SUBTREE root=2163 depth=26 w=5.0396249988e+35 Shat=2.6950000000e+01 Lhat=0.0000000000e+00
KNUTH_SUBTREE root=2164 depth=26 w=5.2724174319e+36 Shat=1.8170830000e+03 Lhat=0.0000000000e+00
KNUTH_SUBTREE root=2165 depth=26 w=7.3554608486e+36 Shat=1.6811400000e+03 Lhat=0.0000000000e+00
KNUTH_SUBTREE root=2166 depth=26 w=3.0639574065e+37 Shat=4.1584000000e+03 Lhat=0.0000000000e+00
KNUTH_SUBTREE root=2167 depth=26 w=5.5336823880e+36 Shat=3.0591600000e+03 Lhat=0.0000000000e+00
KNUTH_SUBTREE root=2168 depth=26 w=2.1855735300e+36 Shat=7.9000000000e+01 Lhat=0.0000000000e+00
KNUTH_SUBTREE root=2169 depth=26 w=2.7624358630e+37 Shat=1.5050600000e+02 Lhat=0.0000000000e+00
KNUTH_SUBTREE root=2170 depth=26 w=1.9971556224e+37 Shat=2.2562440000e+03 Lhat=0.0000000000e+00
KNUTH_SUBTREE root=2171 depth=26 w=2.8276108384e+37 Shat=3.3889360000e+03 Lhat=0.0000000000e+00
KNUTH_SUBTREE root=2172 depth=26 w=1.2643355795e+37 Shat=5.2605600000e+02 Lhat=0.0000000000e+00
KNUTH_SUBTREE root=2173 depth=26 w=2.3928811187e+37 Shat=7.9006000000e+02 Lhat=0.0000000000e+00
KNUTH_SUBTREE root=2174 depth=26 w=4.4213237886e+36 Shat=2.2257190000e+03 Lhat=6.2748000000e+01
KNUTH_SUBTREE root=2175 depth=26 w=1.9414963917e+37 Shat=6.5690480000e+03 Lhat=0.0000000000e+00
KNUTH_SUBTREE root=2176 depth=26 w=4.0128216632e+36 Shat=1.0000000000e+01 Lhat=0.0000000000e+00
KNUTH_SUBTREE root=2177 depth=26 w=4.8398318992e+36 Shat=1.0000000000e+01 Lhat=0.0000000000e+00
KNUTH_SUBTREE root=2178 depth=26 w=4.7340816052e+36 Shat=1.2273676000e+04 Lhat=0.0000000000e+00
KNUTH_SUBTREE root=2179 depth=26 w=5.9670680848e+34 Shat=2.8640000000e+01 Lhat=0.0000000000e+00
KNUTH_SUBTREE root=2180 depth=26 w=2.3499207553e+37 Shat=9.0625600000e+02 Lhat=0.0000000000e+00
KNUTH_SUBTREE root=2181 depth=26 w=4.1266312762e+36 Shat=7.4087000000e+01 Lhat=0.0000000000e+00
KNUTH_SUBTREE root=2182 depth=26 w=3.2306166315e+37 Shat=2.7034500000e+03 Lhat=0.0000000000e+00
KNUTH_SUBTREE root=2183 depth=26 w=8.8554538132e+36 Shat=4.2336300000e+03 Lhat=0.0000000000e+00
KNUTH_SUBTREE root=2184 depth=26 w=2.9023860072e+37 Shat=1.0738900000e+03 Lhat=0.0000000000e+00
KNUTH_SUBTREE root=2185 depth=26 w=1.8319505186e+37 Shat=2.6050000000e+01 Lhat=0.0000000000e+00
KNUTH_SUBTREE root=2186 depth=26 w=3.0190876947e+36 Shat=1.1037760000e+03 Lhat=0.0000000000e+00
KNUTH_SUBTREE root=2187 depth=26 w=3.7921558135e+35 Shat=3.1376000000e+01 Lhat=0.0000000000e+00
KNUTH_SUBTREE root=2188 depth=26 w=1.4701861593e+37 Shat=4.7242000000e+01 Lhat=0.0000000000e+00
KNUTH_SUBTREE root=2189 depth=26 w=1.5704512590e+37 Shat=4.9915360000e+03 Lhat=0.0000000000e+00
KNUTH_SUBTREE root=2190 depth=26 w=3.1449694954e+37 Shat=1.7190400000e+02 Lhat=0.0000000000e+00
KNUTH_SUBTREE root=2191 depth=26 w=5.9078112926e+36 Shat=2.4622200000e+03 Lhat=0.0000000000e+00
KNUTH_SUBTREE root=2192 depth=26 w=3.3972444906e+36 Shat=5.5841000000e+02 Lhat=0.0000000000e+00
KNUTH_SUBTREE root=2193 depth=26 w=2.7282155630e+36 Shat=4.2473000000e+02 Lhat=0.0000000000e+00
KNUTH_SUBTREE root=2194 depth=26 w=2.6972190736e+37 Shat=2.4081900000e+03 Lhat=0.0000000000e+00
KNUTH_SUBTREE root=2195 depth=26 w=3.1195563530e+37 Shat=9.6816000000e+01 Lhat=0.0000000000e+00
KNUTH_SUBTREE root=2196 depth=26 w=5.0309190190e+34 Shat=1.0000000000e+00 Lhat=0.0000000000e+00
KNUTH_SUBTREE root=2197 depth=26 w=4.3726413096e+35 Shat=3.2240000000e+01 Lhat=0.0000000000e+00
KNUTH_SUBTREE root=2198 depth=26 w=2.8915269572e+37 Shat=7.9626000000e+02 Lhat=1.3989600000e+02
KNUTH_SUBTREE root=2199 depth=26 w=5.6010149793e+36 Shat=9.6219000000e+02 Lhat=0.0000000000e+00
KNUTH_SUBTREE root=2200 depth=26 w=4.5541635944e+35 Shat=4.4808400000e+02 Lhat=0.0000000000e+00
KNUTH_SUBTREE root=2201 depth=26 w=3.3085039007e+36 Shat=1.7979700000e+03 Lhat=0.0000000000e+00
KNUTH_SUBTREE root=2202 depth=26 w=1.5183554021e+35 Shat=5.8972000000e+01 Lhat=0.0000000000e+00
KNUTH_SUBTREE root=2203 depth=26 w=5.9070333542e+36 Shat=3.3896700000e+02 Lhat=0.0000000000e+00
KNUTH_SUBTREE root=2204 depth=26 w=3.9516001751e+36 Shat=2.8043390000e+03 Lhat=0.0000000000e+00
KNUTH_SUBTREE root=2205 depth=26 w=6.9508535769e+36 Shat=1.7428600000e+03 Lhat=0.0000000000e+00
KNUTH_SUBTREE root=2206 depth=26 w=3.2092789999e+36 Shat=1.3471600000e+02 Lhat=0.0000000000e+00
KNUTH_SUBTREE root=2207 depth=26 w=3.5138854166e+37 Shat=1.2000000000e+01 Lhat=0.0000000000e+00
KNUTH_SUBTREE root=2208 depth=26 w=3.0298832553e+36 Shat=7.9774400000e+03 Lhat=0.0000000000e+00
KNUTH_SUBTREE root=2209 depth=26 w=3.7221297116e+36 Shat=5.5035000000e+01 Lhat=0.0000000000e+00
KNUTH_SUBTREE root=2210 depth=26 w=2.6626701950e+36 Shat=2.1031550000e+03 Lhat=0.0000000000e+00
KNUTH_SUBTREE root=2211 depth=26 w=5.1708778929e+36 Shat=3.7123000000e+01 Lhat=0.0000000000e+00
KNUTH_SUBTREE root=2212 depth=26 w=1.1270881619e+37 Shat=1.0061040000e+03 Lhat=0.0000000000e+00
KNUTH_SUBTREE root=2213 depth=26 w=5.4389955723e+36 Shat=5.9667000000e+01 Lhat=0.0000000000e+00
KNUTH_SUBTREE root=2214 depth=26 w=8.0920716482e+36 Shat=3.8936000000e+01 Lhat=0.0000000000e+00
KNUTH_SUBTREE root=2215 depth=26 w=5.1618384429e+36 Shat=9.0000000000e+00 Lhat=0.0000000000e+00
KNUTH_SUBTREE root=2216 depth=26 w=8.8337212325e+36 Shat=8.5998320000e+03 Lhat=0.0000000000e+00
KNUTH_SUBTREE root=2217 depth=26 w=1.2258094214e+37 Shat=3.0676960000e+03 Lhat=0.0000000000e+00
KNUTH_SUBTREE root=2218 depth=26 w=7.9801579337e+36 Shat=7.0000000000e+00 Lhat=0.0000000000e+00
KNUTH_SUBTREE root=2219 depth=26 w=2.9275778702e+36 Shat=1.0766600000e+02 Lhat=0.0000000000e+00
KNUTH_SUBTREE root=2220 depth=26 w=1.7742342899e+36 Shat=1.0000000000e+01 Lhat=0.0000000000e+00
KNUTH_SUBTREE root=2221 depth=26 w=2.5324005498e+36 Shat=1.1486300000e+03 Lhat=0.0000000000e+00
KNUTH_SUBTREE root=2222 depth=26 w=2.3701120643e+37 Shat=1.4840165000e+04 Lhat=0.0000000000e+00
KNUTH_SUBTREE root=2223 depth=26 w=3.3890574707e+36 Shat=1.5182110000e+03 Lhat=0.0000000000e+00
KNUTH_SUBTREE root=2224 depth=26 w=8.9547654790e+36 Shat=9.4593600000e+02 Lhat=0.0000000000e+00
KNUTH_SUBTREE root=2225 depth=26 w=5.6598251451e+36 Shat=3.1478800000e+03 Lhat=0.0000000000e+00
KNUTH_SUBTREE root=2226 depth=26 w=1.5576679594e+37 Shat=1.1000000000e+01 Lhat=0.0000000000e+00
KNUTH_SUBTREE root=2227 depth=26 w=7.3301962919e+36 Shat=3.6872000000e+01 Lhat=0.0000000000e+00
KNUTH_SUBTREE root=2228 depth=26 w=1.5297327604e+37 Shat=1.1184670000e+03 Lhat=0.0000000000e+00
KNUTH_SUBTREE root=2229 depth=26 w=1.2214470054e+37 Shat=4.1177200000e+03 Lhat=0.0000000000e+00
KNUTH_SUBTREE root=2230 depth=26 w=2.7373813453e+37 Shat=2.7422600000e+03 Lhat=0.0000000000e+00
KNUTH_SUBTREE root=2231 depth=26 w=1.7294518849e+37 Shat=1.1123300000e+03 Lhat=0.0000000000e+00
KNUTH_SUBTREE root=2232 depth=26 w=5.8144081125e+36 Shat=3.0197300000e+03 Lhat=0.0000000000e+00
KNUTH_SUBTREE root=2233 depth=26 w=1.3654066865e+36 Shat=6.0160000000e+00 Lhat=0.0000000000e+00
KNUTH_SUBTREE root=2234 depth=26 w=1.5679370417e+37 Shat=6.6867000000e+02 Lhat=0.0000000000e+00
KNUTH_SUBTREE root=2235 depth=26 w=1.4358839432e+36 Shat=2.9898400000e+02 Lhat=0.0000000000e+00
KNUTH_SUBTREE root=2236 depth=26 w=2.7367449966e+37 Shat=5.3555800000e+02 Lhat=0.0000000000e+00
KNUTH_SUBTREE root=2237 depth=26 w=2.6940029624e+36 Shat=5.0665400000e+03 Lhat=0.0000000000e+00
KNUTH_SUBTREE root=2238 depth=26 w=3.0670786470e+37 Shat=1.1997690000e+03 Lhat=0.0000000000e+00
KNUTH_SUBTREE root=2239 depth=26 w=1.1291935171e+37 Shat=9.3588000000e+02 Lhat=0.0000000000e+00
KNUTH_SUBTREE root=2240 depth=26 w=1.1796302601e+37 Shat=2.2870800000e+03 Lhat=0.0000000000e+00
KNUTH_SUBTREE root=2241 depth=26 w=2.0139570007e+36 Shat=8.4730300000e+02 Lhat=9.6768000000e+01
KNUTH_SUBTREE root=2242 depth=26 w=1.5866124081e+37 Shat=1.2940100000e+02 Lhat=0.0000000000e+00
KNUTH_SUBTREE root=2243 depth=26 w=6.8156458497e+36 Shat=9.7572800000e+02 Lhat=0.0000000000e+00
KNUTH_SUBTREE root=2244 depth=26 w=4.6880209188e+36 Shat=6.8936000000e+01 Lhat=0.0000000000e+00
KNUTH_SUBTREE root=2245 depth=26 w=7.1468568975e+36 Shat=4.4416000000e+01 Lhat=0.0000000000e+00
KNUTH_SUBTREE root=2246 depth=26 w=1.3311967471e+36 Shat=7.0000000000e+00 Lhat=0.0000000000e+00
KNUTH_SUBTREE root=2247 depth=26 w=4.7301081608e+36 Shat=3.1413000000e+02 Lhat=0.0000000000e+00
KNUTH_SUBTREE root=2248 depth=26 w=2.2768125762e+34 Shat=1.0000000000e+00 Lhat=0.0000000000e+00
KNUTH_SUBTREE root=2249 depth=26 w=4.4248672584e+36 Shat=8.2572000000e+01 Lhat=0.0000000000e+00
KNUTH_SUBTREE root=2250 depth=26 w=7.6364254147e+36 Shat=6.6472080000e+03 Lhat=0.0000000000e+00
KNUTH_SUBTREE root=2251 depth=26 w=7.5910944893e+36 Shat=9.8572000000e+02 Lhat=0.0000000000e+00
KNUTH_SUBTREE root=2252 depth=26 w=2.7116942658e+36 Shat=5.5371000000e+02 Lhat=0.0000000000e+00
KNUTH_SUBTREE root=2253 depth=26 w=1.0191388057e+37 Shat=5.4000000000e+01 Lhat=0.0000000000e+00
KNUTH_SUBTREE root=2254 depth=26 w=2.7507973951e+35 Shat=4.0000000000e+00 Lhat=0.0000000000e+00
KNUTH_SUBTREE root=2255 depth=26 w=5.0774607536e+36 Shat=1.3000000000e+01 Lhat=0.0000000000e+00
KNUTH_SUBTREE root=2256 depth=26 w=1.0033490795e+37 Shat=1.0745063000e+04 Lhat=3.0253190000e+03
KNUTH_SUBTREE root=2257 depth=26 w=5.2465780688e+36 Shat=1.0391920000e+03 Lhat=0.0000000000e+00
KNUTH_SUBTREE root=2258 depth=26 w=4.9870503669e+36 Shat=1.2255220000e+03 Lhat=0.0000000000e+00
KNUTH_SUBTREE root=2259 depth=26 w=6.8267851381e+34 Shat=1.0000000000e+00 Lhat=0.0000000000e+00
KNUTH_SUBTREE root=2260 depth=26 w=2.7237278287e+35 Shat=1.1977000000e+01 Lhat=0.0000000000e+00
KNUTH_SUBTREE root=2261 depth=26 w=6.0291856620e+36 Shat=4.2660000000e+02 Lhat=0.0000000000e+00
KNUTH_SUBTREE root=2262 depth=26 w=5.0424361837e+36 Shat=5.0798200000e+03 Lhat=0.0000000000e+00
KNUTH_SUBTREE root=2263 depth=26 w=1.1620531422e+35 Shat=3.0000000000e+00 Lhat=0.0000000000e+00
KNUTH_SUBTREE root=2264 depth=26 w=3.3800524055e+36 Shat=9.1048000000e+02 Lhat=0.0000000000e+00
KNUTH_SUBTREE root=2265 depth=26 w=2.2474312920e+36 Shat=1.2747000000e+02 Lhat=0.0000000000e+00
KNUTH_SUBTREE root=2266 depth=26 w=2.8354480687e+37 Shat=5.8663000000e+02 Lhat=0.0000000000e+00
KNUTH_SUBTREE root=2267 depth=26 w=1.7275196449e+37 Shat=6.2027200000e+02 Lhat=0.0000000000e+00
KNUTH_SUBTREE root=2268 depth=26 w=7.6381082070e+36 Shat=2.5921900000e+02 Lhat=0.0000000000e+00
KNUTH_SUBTREE root=2269 depth=26 w=1.7463802199e+37 Shat=3.9417100000e+03 Lhat=0.0000000000e+00
KNUTH_SUBTREE root=2270 depth=26 w=8.9690993425e+36 Shat=5.6580000000e+02 Lhat=0.0000000000e+00
KNUTH_SUBTREE root=2271 depth=26 w=2.9746886881e+35 Shat=7.0180000000e+00 Lhat=0.0000000000e+00
KNUTH_SUBTREE root=2272 depth=26 w=3.4182582477e+36 Shat=1.3229900000e+02 Lhat=0.0000000000e+00
KNUTH_SUBTREE root=2273 depth=26 w=3.1050399809e+36 Shat=6.3255300000e+03 Lhat=0.0000000000e+00
KNUTH_SUBTREE root=2274 depth=26 w=5.2149942932e+36 Shat=7.2887000000e+02 Lhat=0.0000000000e+00
KNUTH_SUBTREE root=2275 depth=26 w=5.9969440165e+36 Shat=2.4387000000e+02 Lhat=0.0000000000e+00
KNUTH_SUBTREE root=2276 depth=26 w=2.8160323314e+37 Shat=5.0220000000e+01 Lhat=0.0000000000e+00
KNUTH_SUBTREE root=2277 depth=26 w=2.2100483676e+37 Shat=2.0065000000e+01 Lhat=0.0000000000e+00
KNUTH_SUBTREE root=2278 depth=26 w=4.4779006538e+36 Shat=2.5092600000e+03 Lhat=9.9120000000e+01
KNUTH_SUBTREE root=2279 depth=26 w=2.0536349877e+37 Shat=1.1407000000e+02 Lhat=0.0000000000e+00
KNUTH_SUBTREE root=2280 depth=26 w=4.3290248139e+36 Shat=4.5766500000e+02 Lhat=0.0000000000e+00
KNUTH_SUBTREE root=2281 depth=26 w=7.8044051017e+35 Shat=1.0000000000e+00 Lhat=0.0000000000e+00
KNUTH_SUBTREE root=2282 depth=26 w=2.7398812991e+37 Shat=5.4677200000e+02 Lhat=0.0000000000e+00
KNUTH_SUBTREE root=2283 depth=26 w=8.6523676712e+36 Shat=1.0493600000e+02 Lhat=0.0000000000e+00
KNUTH_SUBTREE root=2284 depth=26 w=3.2160322235e+36 Shat=2.5526400000e+03 Lhat=0.0000000000e+00
KNUTH_SUBTREE root=2285 depth=26 w=2.7680093195e+37 Shat=2.0087420000e+03 Lhat=0.0000000000e+00
KNUTH_SUBTREE root=2286 depth=26 w=4.3606401251e+36 Shat=5.4900000000e+01 Lhat=0.0000000000e+00
KNUTH_SUBTREE root=2287 depth=26 w=8.5247801954e+36 Shat=4.4911200000e+02 Lhat=0.0000000000e+00
KNUTH_SUBTREE root=2288 depth=26 w=3.0010114456e+36 Shat=3.4000000000e+01 Lhat=0.0000000000e+00
KNUTH_SUBTREE root=2289 depth=26 w=3.2083476301e+37 Shat=4.9399000000e+02 Lhat=0.0000000000e+00
KNUTH_SUBTREE root=2290 depth=26 w=1.7491397066e+37 Shat=4.3086600000e+03 Lhat=0.0000000000e+00
KNUTH_SUBTREE root=2291 depth=26 w=6.1124436963e+36 Shat=1.3949900000e+03 Lhat=0.0000000000e+00
KNUTH_SUBTREE root=2292 depth=26 w=3.1530995258e+37 Shat=8.5804000000e+02 Lhat=0.0000000000e+00
KNUTH_SUBTREE root=2293 depth=26 w=3.0859750571e+37 Shat=3.1506190000e+03 Lhat=0.0000000000e+00
KNUTH_SUBTREE root=2294 depth=26 w=6.0594113265e+36 Shat=3.2101730000e+03 Lhat=4.4277200000e+02
KNUTH_SUBTREE root=2295 depth=26 w=2.3606417083e+36 Shat=1.2133900000e+03 Lhat=0.0000000000e+00
KNUTH_SUBTREE root=2296 depth=26 w=2.6074526939e+35 Shat=1.8872000000e+01 Lhat=0.0000000000e+00
KNUTH_SUBTREE root=2297 depth=26 w=3.1906367017e+37 Shat=3.0931840000e+03 Lhat=0.0000000000e+00
KNUTH_SUBTREE root=2298 depth=26 w=1.5125211644e+37 Shat=1.2028000000e+01 Lhat=0.0000000000e+00
KNUTH_SUBTREE root=2299 depth=26 w=8.5661484535e+35 Shat=3.0000000000e+00 Lhat=0.0000000000e+00
KNUTH_SUBTREE root=2300 depth=26 w=2.5201115222e+37 Shat=5.4570770000e+03 Lhat=0.0000000000e+00
KNUTH_SUBTREE root=2301 depth=26 w=2.9058375251e+37 Shat=7.3998400000e+03 Lhat=0.0000000000e+00
KNUTH_SUBTREE root=2302 depth=26 w=2.1729770984e+37 Shat=6.1414800000e+03 Lhat=0.0000000000e+00
KNUTH_SUBTREE root=2303 depth=26 w=1.0308456750e+37 Shat=8.5028000000e+01 Lhat=0.0000000000e+00
KNUTH_SUBTREE root=2304 depth=26 w=2.5472695268e+37 Shat=4.8938800000e+02 Lhat=0.0000000000e+00
KNUTH_SUBTREE root=2305 depth=26 w=2.8729809201e+36 Shat=1.4280000000e+02 Lhat=0.0000000000e+00
KNUTH_SUBTREE root=2306 depth=26 w=1.2131320410e+37 Shat=1.9818500000e+02 Lhat=0.0000000000e+00
KNUTH_SUBTREE root=2307 depth=26 w=8.3310846824e+36 Shat=1.3437600000e+02 Lhat=0.0000000000e+00
KNUTH_SUBTREE root=2308 depth=26 w=2.9215418581e+37 Shat=3.5075560000e+03 Lhat=2.2291200000e+02
KNUTH_SUBTREE root=2309 depth=26 w=1.1715990542e+36 Shat=1.4728000000e+01 Lhat=0.0000000000e+00
KNUTH_SUBTREE root=2310 depth=26 w=1.9344653253e+35 Shat=4.0000000000e+00 Lhat=0.0000000000e+00
KNUTH_SUBTREE root=2311 depth=26 w=1.7389449019e+37 Shat=1.2111650000e+03 Lhat=0.0000000000e+00
KNUTH_SUBTREE root=2312 depth=26 w=1.3396258007e+37 Shat=7.6921600000e+02 Lhat=0.0000000000e+00
KNUTH_SUBTREE root=2313 depth=26 w=6.8652744828e+34 Shat=4.0000000000e+00 Lhat=0.0000000000e+00
KNUTH_SUBTREE root=2314 depth=26 w=1.0528357316e+37 Shat=7.4685700000e+02 Lhat=0.0000000000e+00
KNUTH_SUBTREE root=2315 depth=26 w=3.8138908143e+36 Shat=7.0000000000e+00 Lhat=0.0000000000e+00
KNUTH_SUBTREE root=2316 depth=26 w=3.7488888834e+36 Shat=1.1423200000e+02 Lhat=0.0000000000e+00
KNUTH_SUBTREE root=2317 depth=26 w=2.5824141082e+37 Shat=7.5509930000e+03 Lhat=0.0000000000e+00
KNUTH_SUBTREE root=2318 depth=26 w=1.2821456665e+37 Shat=4.1529830000e+03 Lhat=0.0000000000e+00
KNUTH_SUBTREE root=2319 depth=26 w=1.5434122669e+36 Shat=4.2608000000e+01 Lhat=0.0000000000e+00
KNUTH_SUBTREE root=2320 depth=26 w=1.7614656434e+36 Shat=1.3000000000e+01 Lhat=0.0000000000e+00
KNUTH_SUBTREE root=2321 depth=26 w=2.1186695320e+37 Shat=1.5045700000e+03 Lhat=0.0000000000e+00
KNUTH_SUBTREE root=2322 depth=26 w=5.1476397203e+36 Shat=1.0328800000e+02 Lhat=0.0000000000e+00
KNUTH_SUBTREE root=2323 depth=26 w=2.8984902557e+36 Shat=1.7885800000e+03 Lhat=0.0000000000e+00
KNUTH_SUBTREE root=2324 depth=26 w=1.1401477914e+37 Shat=5.4419200000e+02 Lhat=0.0000000000e+00
KNUTH_SUBTREE root=2325 depth=26 w=4.3333589033e+36 Shat=2.8423270000e+03 Lhat=0.0000000000e+00
KNUTH_SUBTREE root=2326 depth=26 w=2.7172256640e+36 Shat=1.2739700000e+03 Lhat=0.0000000000e+00
KNUTH_SUBTREE root=2327 depth=26 w=7.3619901722e+36 Shat=1.2489170000e+03 Lhat=0.0000000000e+00
KNUTH_SUBTREE root=2328 depth=26 w=7.1154978278e+36 Shat=9.4548000000e+02 Lhat=0.0000000000e+00
KNUTH_SUBTREE root=2329 depth=26 w=1.9456065947e+36 Shat=3.1184900000e+02 Lhat=0.0000000000e+00
KNUTH_SUBTREE root=2330 depth=26 w=7.7280228991e+36 Shat=1.8760060000e+03 Lhat=0.0000000000e+00
KNUTH_SUBTREE root=2331 depth=26 w=4.8390651713e+36 Shat=3.9525600000e+02 Lhat=0.0000000000e+00
KNUTH_SUBTREE root=2332 depth=26 w=9.9997137563e+36 Shat=2.5426600000e+02 Lhat=0.0000000000e+00
KNUTH_SUBTREE root=2333 depth=26 w=3.5605103631e+37 Shat=2.0021560000e+03 Lhat=0.0000000000e+00
KNUTH_SUBTREE root=2334 depth=26 w=4.4096649623e+36 Shat=1.4745400000e+02 Lhat=0.0000000000e+00
KNUTH_SUBTREE root=2335 depth=26 w=2.7281980602e+37 Shat=6.2766640000e+03 Lhat=1.8388800000e+02
KNUTH_SUBTREE root=2336 depth=26 w=1.8434621149e+36 Shat=1.9789120000e+03 Lhat=0.0000000000e+00
KNUTH_SUBTREE root=2337 depth=26 w=2.0724955670e+37 Shat=3.3125920000e+03 Lhat=0.0000000000e+00
KNUTH_SUBTREE root=2338 depth=26 w=4.4080591426e+36 Shat=1.9051520000e+03 Lhat=3.1291200000e+02
KNUTH_SUBTREE root=2339 depth=26 w=2.7260721607e+37 Shat=3.6040390000e+03 Lhat=0.0000000000e+00
KNUTH_SUBTREE root=2340 depth=26 w=1.3275858549e+37 Shat=1.6487230000e+03 Lhat=0.0000000000e+00
KNUTH_SUBTREE root=2341 depth=26 w=3.7422018914e+36 Shat=4.7961600000e+02 Lhat=0.0000000000e+00
KNUTH_SUBTREE root=2342 depth=26 w=7.7705604659e+36 Shat=5.8960000000e+01 Lhat=0.0000000000e+00
KNUTH_SUBTREE root=2343 depth=26 w=4.2837121159e+36 Shat=1.9134100000e+03 Lhat=0.0000000000e+00
KNUTH_SUBTREE root=2344 depth=26 w=2.5309783517e+37 Shat=1.9175200000e+03 Lhat=0.0000000000e+00
KNUTH_SUBTREE root=2345 depth=26 w=2.3476247319e+37 Shat=7.7007200000e+02 Lhat=0.0000000000e+00
KNUTH_SUBTREE root=2346 depth=26 w=2.6781297723e+37 Shat=3.7797520000e+03 Lhat=0.0000000000e+00
KNUTH_SUBTREE root=2347 depth=26 w=1.2319726319e+37 Shat=1.5016000000e+01 Lhat=0.0000000000e+00
KNUTH_SUBTREE root=2348 depth=26 w=9.3973840031e+36 Shat=5.0687440000e+03 Lhat=0.0000000000e+00
KNUTH_SUBTREE root=2349 depth=26 w=5.8265743999e+36 Shat=4.2236600000e+03 Lhat=0.0000000000e+00
KNUTH_SUBTREE root=2350 depth=26 w=1.9758460138e+36 Shat=3.5988000000e+03 Lhat=0.0000000000e+00
KNUTH_SUBTREE root=2351 depth=26 w=2.5691255926e+36 Shat=1.8811600000e+03 Lhat=0.0000000000e+00
KNUTH_SUBTREE root=2352 depth=26 w=3.3096966298e+36 Shat=2.3773800000e+03 Lhat=0.0000000000e+00
KNUTH_SUBTREE root=2353 depth=26 w=2.2666627961e+37 Shat=3.1642500000e+03 Lhat=0.0000000000e+00
KNUTH_SUBTREE root=2354 depth=26 w=1.1595172759e+37 Shat=2.9000000000e+01 Lhat=0.0000000000e+00
KNUTH_SUBTREE root=2355 depth=26 w=1.1365404906e+36 Shat=9.0800000000e+01 Lhat=0.0000000000e+00
KNUTH_SUBTREE root=2356 depth=26 w=3.7572802760e+36 Shat=4.9354000000e+01 Lhat=0.0000000000e+00
KNUTH_SUBTREE root=2357 depth=26 w=2.0460938791e+37 Shat=1.2273100000e+03 Lhat=0.0000000000e+00
KNUTH_SUBTREE root=2358 depth=26 w=4.0975704015e+36 Shat=9.8447200000e+02 Lhat=0.0000000000e+00
KNUTH_SUBTREE root=2359 depth=26 w=8.2910799830e+36 Shat=2.6909200000e+02 Lhat=0.0000000000e+00
KNUTH_SUBTREE root=2360 depth=26 w=2.6694536035e+37 Shat=1.8336400000e+02 Lhat=0.0000000000e+00
KNUTH_SUBTREE root=2361 depth=26 w=4.3114514216e+36 Shat=8.5933000000e+01 Lhat=0.0000000000e+00
KNUTH_SUBTREE root=2362 depth=26 w=2.8951245597e+37 Shat=1.0979280000e+03 Lhat=0.0000000000e+00
KNUTH_SUBTREE root=2363 depth=26 w=3.6504978745e+37 Shat=1.2300200000e+03 Lhat=0.0000000000e+00
KNUTH_SUBTREE root=2364 depth=26 w=3.2580332988e+37 Shat=6.1138360000e+03 Lhat=0.0000000000e+00
KNUTH_SUBTREE root=2365 depth=26 w=8.5364078328e+36 Shat=5.5245840000e+03 Lhat=0.0000000000e+00
KNUTH_SUBTREE root=2366 depth=26 w=1.1616697342e+37 Shat=4.1698360000e+03 Lhat=0.0000000000e+00
KNUTH_SUBTREE root=2367 depth=26 w=7.8452151775e+36 Shat=5.3308000000e+01 Lhat=0.0000000000e+00
KNUTH_SUBTREE root=2368 depth=26 w=1.1863645208e+37 Shat=1.4451240000e+03 Lhat=0.0000000000e+00
KNUTH_SUBTREE root=2369 depth=26 w=2.1879441074e+37 Shat=2.6900000000e+01 Lhat=0.0000000000e+00
KNUTH_SUBTREE root=2370 depth=26 w=7.6918890171e+36 Shat=1.8000000000e+01 Lhat=0.0000000000e+00
KNUTH_SUBTREE root=2371 depth=26 w=1.5691452475e+36 Shat=3.0000000000e+00 Lhat=0.0000000000e+00
KNUTH_SUBTREE root=2372 depth=26 w=3.3420023540e+36 Shat=1.0712200000e+02 Lhat=0.0000000000e+00
KNUTH_SUBTREE root=2373 depth=26 w=4.6478552266e+36 Shat=1.0634320000e+03 Lhat=0.0000000000e+00
KNUTH_SUBTREE root=2374 depth=26 w=2.5852229737e+36 Shat=1.1761000000e+02 Lhat=0.0000000000e+00
KNUTH_SUBTREE root=2375 depth=26 w=9.4098159114e+36 Shat=4.5020600000e+03 Lhat=0.0000000000e+00
KNUTH_SUBTREE root=2376 depth=26 w=5.2460319065e+36 Shat=2.1038560000e+03 Lhat=0.0000000000e+00
KNUTH_SUBTREE root=2377 depth=26 w=3.1387037034e+37 Shat=9.4044400000e+02 Lhat=0.0000000000e+00
KNUTH_SUBTREE root=2378 depth=26 w=2.8020958054e+37 Shat=2.5210000000e+02 Lhat=0.0000000000e+00
KNUTH_SUBTREE root=2379 depth=26 w=2.4084543315e+36 Shat=3.3166400000e+03 Lhat=0.0000000000e+00
KNUTH_SUBTREE root=2380 depth=26 w=3.4130739559e+36 Shat=3.0416480000e+03 Lhat=0.0000000000e+00
KNUTH_SUBTREE root=2381 depth=26 w=5.1948035385e+36 Shat=1.6556310000e+03 Lhat=0.0000000000e+00
KNUTH_SUBTREE root=2382 depth=26 w=1.5664475981e+37 Shat=3.1413600000e+03 Lhat=0.0000000000e+00
KNUTH_SUBTREE root=2383 depth=26 w=8.1094481279e+34 Shat=6.3040000000e+01 Lhat=0.0000000000e+00
KNUTH_SUBTREE root=2384 depth=26 w=5.1179039474e+36 Shat=6.8896000000e+01 Lhat=0.0000000000e+00
KNUTH_SUBTREE root=2385 depth=26 w=3.9958800178e+36 Shat=2.5512960000e+03 Lhat=0.0000000000e+00
KNUTH_SUBTREE root=2386 depth=26 w=3.1241702602e+37 Shat=3.5733000000e+03 Lhat=0.0000000000e+00
KNUTH_SUBTREE root=2387 depth=26 w=5.6662326220e+35 Shat=1.3000000000e+01 Lhat=0.0000000000e+00
KNUTH_SUBTREE root=2388 depth=26 w=3.2607162440e+37 Shat=3.3633520000e+03 Lhat=0.0000000000e+00
KNUTH_SUBTREE root=2389 depth=26 w=3.1427502707e+37 Shat=1.2213760000e+03 Lhat=0.0000000000e+00
KNUTH_SUBTREE root=2390 depth=26 w=3.5982821837e+37 Shat=2.6857200000e+03 Lhat=0.0000000000e+00
KNUTH_SUBTREE root=2391 depth=26 w=3.6007742373e+36 Shat=2.7449170000e+03 Lhat=0.0000000000e+00
KNUTH_SUBTREE root=2392 depth=26 w=7.1507145337e+36 Shat=2.0567680000e+03 Lhat=0.0000000000e+00
KNUTH_SUBTREE root=2393 depth=26 w=2.5282457952e+37 Shat=2.1033000000e+02 Lhat=0.0000000000e+00
KNUTH_SUBTREE root=2394 depth=26 w=1.1034414391e+37 Shat=2.8264500000e+03 Lhat=2.3704000000e+02
KNUTH_SUBTREE root=2395 depth=26 w=3.8077878423e+36 Shat=2.6876500000e+03 Lhat=0.0000000000e+00
KNUTH_SUBTREE root=2396 depth=26 w=1.7892587139e+36 Shat=7.7095200000e+02 Lhat=0.0000000000e+00
KNUTH_SUBTREE root=2397 depth=26 w=3.4944577856e+36 Shat=1.3202800000e+03 Lhat=0.0000000000e+00
KNUTH_SUBTREE root=2398 depth=26 w=1.3936927220e+37 Shat=4.0000000000e+00 Lhat=0.0000000000e+00
KNUTH_SUBTREE root=2399 depth=26 w=2.2243474981e+36 Shat=5.2544400000e+03 Lhat=3.0720000000e+01
KNUTH_SUBTREE root=2400 depth=26 w=1.2374864923e+36 Shat=1.3364000000e+02 Lhat=0.0000000000e+00
KNUTH_SUBTREE root=2401 depth=26 w=1.1893722573e+35 Shat=1.0000000000e+00 Lhat=0.0000000000e+00
KNUTH_SUBTREE root=2402 depth=26 w=1.3964670499e+37 Shat=1.4147500000e+03 Lhat=0.0000000000e+00
KNUTH_SUBTREE root=2403 depth=26 w=3.3945284057e+37 Shat=3.0000000000e+00 Lhat=0.0000000000e+00
KNUTH_SUBTREE root=2404 depth=26 w=6.6290746381e+36 Shat=5.0008080000e+03 Lhat=0.0000000000e+00
KNUTH_SUBTREE root=2405 depth=26 w=8.1860404387e+36 Shat=5.9936000000e+02 Lhat=0.0000000000e+00
KNUTH_SUBTREE root=2406 depth=26 w=1.4913384710e+36 Shat=5.1819500000e+02 Lhat=0.0000000000e+00
KNUTH_SUBTREE root=2407 depth=26 w=1.8737061071e+37 Shat=6.9141700000e+03 Lhat=0.0000000000e+00
KNUTH_SUBTREE root=2408 depth=26 w=2.0571041330e+36 Shat=1.0000000000e+01 Lhat=0.0000000000e+00
KNUTH_SUBTREE root=2409 depth=26 w=3.0064479735e+37 Shat=5.1190000000e+02 Lhat=0.0000000000e+00
KNUTH_SUBTREE root=2410 depth=26 w=1.3603636757e+37 Shat=9.3268000000e+01 Lhat=0.0000000000e+00
KNUTH_SUBTREE root=2411 depth=26 w=2.8981414077e+35 Shat=5.7000000000e+01 Lhat=0.0000000000e+00
KNUTH_SUBTREE root=2412 depth=26 w=1.4111293297e+36 Shat=4.7242000000e+01 Lhat=0.0000000000e+00
KNUTH_SUBTREE root=2413 depth=26 w=4.7713765385e+36 Shat=4.8824000000e+01 Lhat=0.0000000000e+00
KNUTH_SUBTREE root=2414 depth=26 w=3.2963845124e+36 Shat=2.6979760000e+03 Lhat=0.0000000000e+00
KNUTH_SUBTREE root=2415 depth=26 w=6.4653037421e+36 Shat=1.3493910000e+03 Lhat=0.0000000000e+00
KNUTH_SUBTREE root=2416 depth=26 w=4.2124651980e+36 Shat=2.5147360000e+03 Lhat=0.0000000000e+00
KNUTH_SUBTREE root=2417 depth=26 w=2.3331280230e+36 Shat=5.0809600000e+02 Lhat=0.0000000000e+00
KNUTH_SUBTREE root=2418 depth=26 w=8.0643343803e+36 Shat=2.1595420000e+03 Lhat=0.0000000000e+00
KNUTH_SUBTREE root=2419 depth=26 w=6.6450678950e+36 Shat=3.0000000000e+00 Lhat=0.0000000000e+00
KNUTH_SUBTREE root=2420 depth=26 w=1.3385045668e+37 Shat=1.2165400000e+03 Lhat=5.6064000000e+01
KNUTH_SUBTREE root=2421 depth=26 w=2.0537707039e+37 Shat=4.6680000000e+02 Lhat=0.0000000000e+00
KNUTH_SUBTREE root=2422 depth=26 w=2.2329495536e+37 Shat=7.8067000000e+01 Lhat=0.0000000000e+00
KNUTH_SUBTREE root=2423 depth=26 w=2.7968567957e+37 Shat=6.8944000000e+01 Lhat=0.0000000000e+00
KNUTH_SUBTREE root=2424 depth=26 w=3.0785012363e+36 Shat=7.1380000000e+01 Lhat=0.0000000000e+00
KNUTH_SUBTREE root=2425 depth=26 w=8.4528233418e+36 Shat=1.9156480000e+03 Lhat=0.0000000000e+00
KNUTH_SUBTREE root=2426 depth=26 w=3.5364654759e+37 Shat=1.2586100000e+02 Lhat=0.0000000000e+00
KNUTH_SUBTREE root=2427 depth=26 w=2.8754706587e+37 Shat=4.8969790000e+03 Lhat=0.0000000000e+00
KNUTH_SUBTREE root=2428 depth=26 w=2.2950809752e+36 Shat=8.9341600000e+02 Lhat=0.0000000000e+00
KNUTH_SUBTREE root=2429 depth=26 w=1.2338481709e+36 Shat=1.0000000000e+00 Lhat=0.0000000000e+00
KNUTH_SUBTREE root=2430 depth=26 w=2.3361953501e+37 Shat=1.7384500000e+03 Lhat=0.0000000000e+00
KNUTH_SUBTREE root=2431 depth=26 w=5.6830259945e+36 Shat=1.8738000000e+02 Lhat=0.0000000000e+00
KNUTH_SUBTREE root=2432 depth=26 w=6.4900079701e+36 Shat=2.3793160000e+03 Lhat=0.0000000000e+00
KNUTH_SUBTREE root=2433 depth=26 w=1.8266694915e+36 Shat=1.0155200000e+02 Lhat=0.0000000000e+00
KNUTH_SUBTREE root=2434 depth=26 w=3.9977082426e+36 Shat=1.7458750000e+03 Lhat=5.1030000000e+01
KNUTH_SUBTREE root=2435 depth=26 w=2.8776834587e+36 Shat=3.2977000000e+03 Lhat=0.0000000000e+00
KNUTH_SUBTREE root=2436 depth=26 w=1.8892258105e+37 Shat=3.9004000000e+03 Lhat=0.0000000000e+00
KNUTH_SUBTREE root=2437 depth=26 w=4.0155963262e+36 Shat=8.7328640000e+03 Lhat=8.6584000000e+02
KNUTH_SUBTREE root=2438 depth=26 w=2.9408585825e+37 Shat=3.7925000000e+01 Lhat=0.0000000000e+00
KNUTH_SUBTREE root=2439 depth=26 w=7.0661056035e+36 Shat=2.5882960000e+03 Lhat=0.0000000000e+00
KNUTH_SUBTREE root=2440 depth=26 w=1.7148282193e+36 Shat=1.3012000000e+01 Lhat=0.0000000000e+00
KNUTH_SUBTREE root=2441 depth=26 w=2.7389237930e+37 Shat=4.3888960000e+03 Lhat=0.0000000000e+00
KNUTH_SUBTREE root=2442 depth=26 w=1.1788217640e+34 Shat=4.0000000000e+00 Lhat=0.0000000000e+00
KNUTH_SUBTREE root=2443 depth=26 w=1.3812895799e+37 Shat=9.8994700000e+02 Lhat=0.0000000000e+00
KNUTH_SUBTREE root=2444 depth=26 w=7.5165971323e+36 Shat=5.3386200000e+02 Lhat=0.0000000000e+00
KNUTH_SUBTREE root=2445 depth=26 w=2.9821538708e+35 Shat=1.2082000000e+01 Lhat=0.0000000000e+00
KNUTH_SUBTREE root=2446 depth=26 w=1.0778308269e+36 Shat=1.3000000000e+01 Lhat=0.0000000000e+00
KNUTH_SUBTREE root=2447 depth=26 w=1.2292051932e+37 Shat=1.9457670000e+03 Lhat=0.0000000000e+00
KNUTH_SUBTREE root=2448 depth=26 w=3.1730211524e+36 Shat=7.9000000000e+01 Lhat=0.0000000000e+00
KNUTH_SUBTREE root=2449 depth=26 w=8.2158752830e+36 Shat=1.7302960000e+03 Lhat=0.0000000000e+00
KNUTH_SUBTREE root=2450 depth=26 w=3.0502524354e+37 Shat=3.2780540000e+03 Lhat=0.0000000000e+00
KNUTH_SUBTREE root=2451 depth=26 w=3.4623707482e+36 Shat=1.1409200000e+03 Lhat=0.0000000000e+00
KNUTH_SUBTREE root=2452 depth=26 w=1.7610280853e+37 Shat=4.7886730000e+03 Lhat=0.0000000000e+00
KNUTH_SUBTREE root=2453 depth=26 w=1.0438816980e+37 Shat=9.9624000000e+01 Lhat=0.0000000000e+00
KNUTH_SUBTREE root=2454 depth=26 w=1.5371498840e+36 Shat=7.9840000000e+00 Lhat=0.0000000000e+00
KNUTH_SUBTREE root=2455 depth=26 w=2.9088297608e+36 Shat=1.9882630000e+03 Lhat=0.0000000000e+00
KNUTH_SUBTREE root=2456 depth=26 w=3.1738689214e+36 Shat=2.6594400000e+02 Lhat=0.0000000000e+00
KNUTH_SUBTREE root=2457 depth=26 w=8.0052456616e+36 Shat=5.3087100000e+03 Lhat=0.0000000000e+00
KNUTH_SUBTREE root=2458 depth=26 w=4.6818644776e+35 Shat=1.0000000000e+00 Lhat=0.0000000000e+00
KNUTH_SUBTREE root=2459 depth=26 w=1.0258012875e+37 Shat=5.7366460000e+03 Lhat=0.0000000000e+00
KNUTH_SUBTREE root=2460 depth=26 w=3.4240431696e+37 Shat=4.5886600000e+03 Lhat=0.0000000000e+00
KNUTH_SUBTREE root=2461 depth=26 w=2.6459821661e+37 Shat=1.2225600000e+02 Lhat=0.0000000000e+00
KNUTH_SUBTREE root=2462 depth=26 w=2.7173467830e+37 Shat=3.8980200000e+03 Lhat=0.0000000000e+00
KNUTH_SUBTREE root=2463 depth=26 w=1.1154569634e+37 Shat=4.9432000000e+01 Lhat=0.0000000000e+00
KNUTH_SUBTREE root=2464 depth=26 w=3.3642517681e+36 Shat=1.2025810000e+03 Lhat=0.0000000000e+00
KNUTH_SUBTREE root=2465 depth=26 w=4.9201094740e+36 Shat=3.0000000000e+00 Lhat=0.0000000000e+00
KNUTH_SUBTREE root=2466 depth=26 w=2.7006739185e+36 Shat=1.3776300000e+02 Lhat=0.0000000000e+00
KNUTH_SUBTREE root=2467 depth=26 w=2.3299167561e+36 Shat=7.5161450000e+03 Lhat=0.0000000000e+00
KNUTH_SUBTREE root=2468 depth=26 w=4.1557308314e+36 Shat=2.1784300000e+03 Lhat=0.0000000000e+00
KNUTH_SUBTREE root=2469 depth=26 w=4.8528643730e+36 Shat=2.5920000000e+01 Lhat=0.0000000000e+00
KNUTH_SUBTREE root=2470 depth=26 w=5.3875721259e+36 Shat=7.9000000000e+01 Lhat=0.0000000000e+00
KNUTH_SUBTREE root=2471 depth=26 w=1.3224325730e+37 Shat=1.4564500000e+03 Lhat=0.0000000000e+00
KNUTH_SUBTREE root=2472 depth=26 w=1.1131908847e+37 Shat=6.9656000000e+01 Lhat=0.0000000000e+00
KNUTH_SUBTREE root=2473 depth=26 w=2.9191092099e+37 Shat=5.8287000000e+02 Lhat=0.0000000000e+00
KNUTH_SUBTREE root=2474 depth=26 w=7.9980210714e+36 Shat=1.3100600000e+03 Lhat=0.0000000000e+00
KNUTH_SUBTREE root=2475 depth=26 w=1.0969181124e+36 Shat=5.3950000000e+01 Lhat=0.0000000000e+00
KNUTH_SUBTREE root=2476 depth=26 w=1.1200553146e+37 Shat=5.6536570000e+03 Lhat=0.0000000000e+00
KNUTH_SUBTREE root=2477 depth=26 w=6.3894589289e+36 Shat=2.5352000000e+01 Lhat=0.0000000000e+00
KNUTH_SUBTREE root=2478 depth=26 w=1.3137350068e+37 Shat=4.7144000000e+01 Lhat=0.0000000000e+00
KNUTH_SUBTREE root=2479 depth=26 w=2.7003247481e+37 Shat=3.5461400000e+03 Lhat=0.0000000000e+00
KNUTH_SUBTREE root=2480 depth=26 w=2.1917945421e+36 Shat=7.0515600000e+03 Lhat=1.1887480000e+03
KNUTH_SUBTREE root=2481 depth=26 w=2.0474900996e+36 Shat=2.6878000000e+03 Lhat=0.0000000000e+00
KNUTH_SUBTREE root=2482 depth=26 w=3.2367204781e+37 Shat=5.0683600000e+02 Lhat=0.0000000000e+00
KNUTH_SUBTREE root=2483 depth=26 w=8.8249459406e+36 Shat=1.0748880000e+03 Lhat=3.0720000000e+01
KNUTH_SUBTREE root=2484 depth=26 w=2.4619785683e+37 Shat=2.9330500000e+02 Lhat=0.0000000000e+00
KNUTH_SUBTREE root=2485 depth=26 w=1.8923613941e+37 Shat=5.0734000000e+02 Lhat=0.0000000000e+00
KNUTH_SUBTREE root=2486 depth=26 w=2.3628955099e+36 Shat=3.1339000000e+02 Lhat=0.0000000000e+00
KNUTH_SUBTREE root=2487 depth=26 w=1.4065463385e+37 Shat=1.6798000000e+02 Lhat=0.0000000000e+00
KNUTH_SUBTREE root=2488 depth=26 w=4.6128751935e+36 Shat=2.9089800000e+03 Lhat=0.0000000000e+00
KNUTH_SUBTREE root=2489 depth=26 w=3.8259406108e+36 Shat=8.7282700000e+02 Lhat=0.0000000000e+00
KNUTH_SUBTREE root=2490 depth=26 w=2.0835200308e+36 Shat=2.9273140000e+03 Lhat=1.0152000000e+02
KNUTH_SUBTREE root=2491 depth=26 w=7.1968128370e+35 Shat=5.9320000000e+01 Lhat=0.0000000000e+00
KNUTH_SUBTREE root=2492 depth=26 w=8.6289051812e+36 Shat=2.9300000000e+02 Lhat=0.0000000000e+00
KNUTH_SUBTREE root=2493 depth=26 w=8.2545321650e+35 Shat=1.9100000000e+01 Lhat=0.0000000000e+00
KNUTH_SUBTREE root=2494 depth=26 w=2.3102494743e+37 Shat=1.4003650000e+03 Lhat=0.0000000000e+00
KNUTH_SUBTREE root=2495 depth=26 w=2.2663219574e+37 Shat=1.7032000000e+01 Lhat=0.0000000000e+00
KNUTH_SUBTREE root=2496 depth=26 w=1.4011187482e+37 Shat=7.4579000000e+01 Lhat=0.0000000000e+00
KNUTH_SUBTREE root=2497 depth=26 w=2.7036871156e+37 Shat=4.8617900000e+03 Lhat=0.0000000000e+00
KNUTH_SUBTREE root=2498 depth=26 w=3.6100976777e+36 Shat=4.2212720000e+03 Lhat=3.3433600000e+02
KNUTH_SUBTREE root=2499 depth=26 w=3.2350057881e+36 Shat=4.0340000000e+01 Lhat=0.0000000000e+00
KNUTH_SUBTREE root=2500 depth=26 w=4.5427713024e+36 Shat=2.0401700000e+03 Lhat=0.0000000000e+00
KNUTH_SUBTREE root=2501 depth=26 w=2.6628342042e+36 Shat=2.1000000000e+01 Lhat=0.0000000000e+00
KNUTH_SUBTREE root=2502 depth=26 w=1.6561489863e+37 Shat=3.2811120000e+03 Lhat=0.0000000000e+00
KNUTH_SUBTREE root=2503 depth=26 w=1.2583612130e+37 Shat=1.8361500000e+02 Lhat=0.0000000000e+00
KNUTH_SUBTREE root=2504 depth=26 w=2.1863013967e+37 Shat=1.9123100000e+03 Lhat=0.0000000000e+00
KNUTH_SUBTREE root=2505 depth=26 w=2.4842631789e+36 Shat=8.7182000000e+02 Lhat=0.0000000000e+00
KNUTH_SUBTREE root=2506 depth=26 w=1.0419779501e+37 Shat=1.6892640000e+03 Lhat=1.3833600000e+02
KNUTH_SUBTREE root=2507 depth=26 w=3.3246799060e+37 Shat=3.3650200000e+03 Lhat=0.0000000000e+00
KNUTH_SUBTREE root=2508 depth=26 w=2.2099708913e+37 Shat=4.2570960000e+03 Lhat=0.0000000000e+00
KNUTH_SUBTREE root=2509 depth=26 w=2.8758486109e+37 Shat=7.3268000000e+01 Lhat=0.0000000000e+00
KNUTH_SUBTREE root=2510 depth=26 w=9.3257204374e+36 Shat=8.6890200000e+02 Lhat=0.0000000000e+00
KNUTH_SUBTREE root=2511 depth=26 w=1.0536215063e+37 Shat=4.6165000000e+01 Lhat=0.0000000000e+00
KNUTH_SUBTREE root=2512 depth=26 w=7.8446761470e+36 Shat=1.9920000000e+01 Lhat=0.0000000000e+00
KNUTH_SUBTREE root=2513 depth=26 w=1.3292221868e+37 Shat=1.0000000000e+00 Lhat=0.0000000000e+00
KNUTH_SUBTREE root=2514 depth=26 w=2.4140772804e+37 Shat=3.8631500000e+03 Lhat=0.0000000000e+00
KNUTH_SUBTREE root=2515 depth=26 w=1.2993231897e+37 Shat=2.2791250000e+03 Lhat=0.0000000000e+00
KNUTH_SUBTREE root=2516 depth=26 w=2.2242388827e+37 Shat=1.2263050000e+03 Lhat=0.0000000000e+00
KNUTH_SUBTREE root=2517 depth=26 w=6.8138069790e+36 Shat=2.2100680000e+03 Lhat=0.0000000000e+00
KNUTH_SUBTREE root=2518 depth=26 w=1.4739872369e+36 Shat=1.4747200000e+02 Lhat=0.0000000000e+00
KNUTH_SUBTREE root=2519 depth=26 w=1.9279142005e+37 Shat=5.7747800000e+02 Lhat=3.3320000000e+01
KNUTH_SUBTREE root=2520 depth=26 w=4.0175758143e+36 Shat=4.7454000000e+02 Lhat=0.0000000000e+00
KNUTH_SUBTREE root=2521 depth=26 w=8.6873490000e+36 Shat=1.3000000000e+01 Lhat=0.0000000000e+00
KNUTH_SUBTREE root=2522 depth=26 w=6.3870706284e+36 Shat=1.8805600000e+02 Lhat=0.0000000000e+00
KNUTH_SUBTREE root=2523 depth=26 w=3.5504278575e+36 Shat=4.1762600000e+02 Lhat=0.0000000000e+00
KNUTH_SUBTREE root=2524 depth=26 w=3.0289898583e+37 Shat=8.9350000000e+02 Lhat=0.0000000000e+00
KNUTH_SUBTREE root=2525 depth=26 w=3.2748383801e+37 Shat=1.0934000000e+03 Lhat=0.0000000000e+00
KNUTH_SUBTREE root=2526 depth=26 w=2.9428623299e+37 Shat=4.9200400000e+03 Lhat=0.0000000000e+00
KNUTH_SUBTREE root=2527 depth=26 w=1.2373705961e+37 Shat=1.5907540000e+03 Lhat=0.0000000000e+00
KNUTH_SUBTREE root=2528 depth=26 w=4.6016884531e+36 Shat=2.0327200000e+02 Lhat=0.0000000000e+00
KNUTH_SUBTREE root=2529 depth=26 w=1.1669488362e+37 Shat=1.1420100000e+03 Lhat=0.0000000000e+00
KNUTH_SUBTREE root=2530 depth=26 w=1.6551565066e+37 Shat=3.2063010000e+03 Lhat=0.0000000000e+00
KNUTH_SUBTREE root=2531 depth=26 w=4.2742577195e+36 Shat=2.3792100000e+03 Lhat=0.0000000000e+00
KNUTH_SUBTREE root=2532 depth=26 w=1.6637111945e+37 Shat=9.6667200000e+02 Lhat=0.0000000000e+00
KNUTH_SUBTREE root=2533 depth=26 w=4.0844332612e+36 Shat=7.8094000000e+02 Lhat=0.0000000000e+00
KNUTH_SUBTREE root=2534 depth=26 w=1.3268039266e+36 Shat=4.0000000000e+00 Lhat=0.0000000000e+00
KNUTH_SUBTREE root=2535 depth=26 w=3.7972591993e+36 Shat=1.9292700000e+03 Lhat=0.0000000000e+00
KNUTH_SUBTREE root=2536 depth=26 w=4.9336277963e+36 Shat=1.0000000000e+01 Lhat=0.0000000000e+00
KNUTH_SUBTREE root=2537 depth=26 w=3.5563549927e+36 Shat=2.8706800000e+02 Lhat=0.0000000000e+00
KNUTH_SUBTREE root=2538 depth=26 w=2.9594541051e+37 Shat=1.2666400000e+02 Lhat=0.0000000000e+00
KNUTH_SUBTREE root=2539 depth=26 w=2.9708584729e+37 Shat=1.0026700000e+02 Lhat=0.0000000000e+00
KNUTH_SUBTREE root=2540 depth=26 w=3.5083807495e+36 Shat=3.2435200000e+02 Lhat=0.0000000000e+00
KNUTH_SUBTREE root=2541 depth=26 w=2.8540268039e+37 Shat=6.0623300000e+03 Lhat=0.0000000000e+00
KNUTH_SUBTREE root=2542 depth=26 w=6.0853480518e+36 Shat=6.0331150000e+03 Lhat=0.0000000000e+00
KNUTH_SUBTREE root=2543 depth=26 w=9.5087866774e+36 Shat=7.6448100000e+03 Lhat=0.0000000000e+00
KNUTH_SUBTREE root=2544 depth=26 w=2.7669456292e+37 Shat=2.5824910000e+03 Lhat=0.0000000000e+00
KNUTH_SUBTREE root=2545 depth=26 w=3.4895950163e+33 Shat=3.0000000000e+00 Lhat=0.0000000000e+00
KNUTH_SUBTREE root=2546 depth=26 w=1.0541254129e+36 Shat=4.0000000000e+01 Lhat=0.0000000000e+00
KNUTH_SUBTREE root=2547 depth=26 w=3.2694105185e+36 Shat=1.9191000000e+02 Lhat=0.0000000000e+00
KNUTH_SUBTREE root=2548 depth=26 w=2.7872326771e+37 Shat=2.5953170000e+03 Lhat=0.0000000000e+00
KNUTH_SUBTREE root=2549 depth=26 w=8.9722782350e+36 Shat=2.5174000000e+01 Lhat=0.0000000000e+00
KNUTH_SUBTREE root=2550 depth=26 w=3.2163306721e+36 Shat=2.1645000000e+02 Lhat=0.0000000000e+00
KNUTH_SUBTREE root=2551 depth=26 w=3.9495266927e+37 Shat=2.4051270000e+03 Lhat=0.0000000000e+00
KNUTH_SUBTREE root=2552 depth=26 w=3.1991170574e+36 Shat=4.0738300000e+03 Lhat=0.0000000000e+00
KNUTH_SUBTREE root=2553 depth=26 w=2.1197398305e+37 Shat=4.1380000000e+01 Lhat=0.0000000000e+00
KNUTH_SUBTREE root=2554 depth=26 w=1.5828551257e+37 Shat=8.5247000000e+02 Lhat=0.0000000000e+00
KNUTH_SUBTREE root=2555 depth=26 w=3.3969727084e+37 Shat=7.9993000000e+02 Lhat=0.0000000000e+00
KNUTH_SUBTREE root=2556 depth=26 w=3.1143016016e+35 Shat=6.2125000000e+01 Lhat=0.0000000000e+00
KNUTH_SUBTREE root=2557 depth=26 w=2.8924112198e+36 Shat=4.2620000000e+01 Lhat=0.0000000000e+00
KNUTH_SUBTREE root=2558 depth=26 w=6.1223484134e+36 Shat=1.0625990000e+03 Lhat=0.0000000000e+00
KNUTH_SUBTREE root=2559 depth=26 w=2.5771034102e+36 Shat=1.4044000000e+01 Lhat=0.0000000000e+00
KNUTH_SUBTREE root=2560 depth=26 w=2.4011228891e+37 Shat=3.2223000000e+02 Lhat=0.0000000000e+00
KNUTH_SUBTREE root=2561 depth=26 w=1.5873142579e+37 Shat=2.4601240000e+03 Lhat=0.0000000000e+00
KNUTH_SUBTREE root=2562 depth=26 w=1.1876882106e+37 Shat=8.8920000000e+00 Lhat=0.0000000000e+00
KNUTH_SUBTREE root=2563 depth=26 w=8.0078591719e+36 Shat=1.7806000000e+03 Lhat=0.0000000000e+00
KNUTH_SUBTREE root=2564 depth=26 w=2.6993185436e+37 Shat=1.8047760000e+03 Lhat=0.0000000000e+00
KNUTH_SUBTREE root=2565 depth=26 w=2.7735488649e+37 Shat=8.3080000000e+01 Lhat=0.0000000000e+00
KNUTH_SUBTREE root=2566 depth=26 w=7.1846070408e+36 Shat=5.0196000000e+01 Lhat=0.0000000000e+00
KNUTH_SUBTREE root=2567 depth=26 w=2.6628519652e+36 Shat=1.3663000000e+04 Lhat=0.0000000000e+00
KNUTH_SUBTREE root=2568 depth=26 w=9.8016902724e+36 Shat=1.3355530000e+03 Lhat=0.0000000000e+00
KNUTH_SUBTREE root=2569 depth=26 w=1.3131790388e+36 Shat=7.0000000000e+00 Lhat=0.0000000000e+00
KNUTH_SUBTREE root=2570 depth=26 w=6.2057732429e+36 Shat=3.0000000000e+00 Lhat=0.0000000000e+00
KNUTH_SUBTREE root=2571 depth=26 w=2.9962612590e+37 Shat=3.1352000000e+01 Lhat=0.0000000000e+00
KNUTH_SUBTREE root=2572 depth=26 w=7.7408920267e+34 Shat=7.0000000000e+00 Lhat=0.0000000000e+00
KNUTH_SUBTREE root=2573 depth=26 w=1.8688263387e+36 Shat=6.5977000000e+01 Lhat=0.0000000000e+00
KNUTH_SUBTREE root=2574 depth=26 w=2.7387723006e+36 Shat=1.3609500000e+02 Lhat=0.0000000000e+00
KNUTH_SUBTREE root=2575 depth=26 w=7.2973973508e+36 Shat=1.2068000000e+01 Lhat=0.0000000000e+00
KNUTH_SUBTREE root=2576 depth=26 w=2.9140052311e+36 Shat=6.6707200000e+02 Lhat=0.0000000000e+00
KNUTH_SUBTREE root=2577 depth=26 w=1.6562073284e+36 Shat=4.8935000000e+01 Lhat=0.0000000000e+00
KNUTH_SUBTREE root=2578 depth=26 w=2.7040591157e+36 Shat=7.4378800000e+02 Lhat=0.0000000000e+00
KNUTH_SUBTREE root=2579 depth=26 w=2.1866998784e+37 Shat=5.7956600000e+03 Lhat=0.0000000000e+00
KNUTH_SUBTREE root=2580 depth=26 w=2.7549686067e+37 Shat=2.6120720000e+03 Lhat=0.0000000000e+00
KNUTH_SUBTREE root=2581 depth=26 w=1.8653580008e+35 Shat=2.0000000000e+00 Lhat=0.0000000000e+00
KNUTH_SUBTREE root=2582 depth=26 w=5.4839263509e+36 Shat=1.9143730000e+03 Lhat=0.0000000000e+00
KNUTH_SUBTREE root=2583 depth=26 w=4.8262098868e+35 Shat=1.5004000000e+01 Lhat=0.0000000000e+00
KNUTH_SUBTREE root=2584 depth=26 w=9.3994831629e+36 Shat=2.3000000000e+01 Lhat=0.0000000000e+00
KNUTH_SUBTREE root=2585 depth=26 w=6.7445276992e+36 Shat=2.8935400000e+02 Lhat=0.0000000000e+00
KNUTH_SUBTREE root=2586 depth=26 w=2.6877500517e+36 Shat=1.8752700000e+02 Lhat=0.0000000000e+00
KNUTH_SUBTREE root=2587 depth=26 w=2.3443784794e+36 Shat=1.8788440000e+03 Lhat=0.0000000000e+00
KNUTH_SUBTREE root=2588 depth=26 w=3.2633049462e+36 Shat=2.3403400000e+03 Lhat=0.0000000000e+00
KNUTH_SUBTREE root=2589 depth=26 w=1.5487600584e+37 Shat=4.5821000000e+03 Lhat=0.0000000000e+00
KNUTH_SUBTREE root=2590 depth=26 w=3.0742283436e+37 Shat=2.6697540000e+03 Lhat=0.0000000000e+00
KNUTH_SUBTREE root=2591 depth=26 w=1.4754554336e+37 Shat=6.4520380000e+03 Lhat=2.6184400000e+02
KNUTH_SUBTREE root=2592 depth=26 w=5.7566394371e+36 Shat=2.2791200000e+02 Lhat=0.0000000000e+00
KNUTH_SUBTREE root=2593 depth=26 w=4.1121567397e+36 Shat=5.6451700000e+02 Lhat=0.0000000000e+00
KNUTH_SUBTREE root=2594 depth=26 w=5.4866127652e+36 Shat=2.0779800000e+03 Lhat=0.0000000000e+00
KNUTH_SUBTREE root=2595 depth=26 w=6.5365501031e+36 Shat=1.1854600000e+02 Lhat=0.0000000000e+00
KNUTH_SUBTREE root=2596 depth=26 w=3.8860442720e+36 Shat=3.0000000000e+00 Lhat=0.0000000000e+00
KNUTH_SUBTREE root=2597 depth=26 w=3.2460444884e+35 Shat=4.0173600000e+02 Lhat=0.0000000000e+00
KNUTH_SUBTREE root=2598 depth=26 w=1.1684352961e+37 Shat=1.4935520000e+03 Lhat=5.8208000000e+01
KNUTH_SUBTREE root=2599 depth=26 w=2.2447773745e+37 Shat=3.5911600000e+02 Lhat=0.0000000000e+00
KNUTH_SUBTREE root=2600 depth=26 w=3.9935157085e+36 Shat=9.1465210000e+03 Lhat=0.0000000000e+00
KNUTH_SUBTREE root=2601 depth=26 w=2.7634313336e+34 Shat=2.0000000000e+00 Lhat=0.0000000000e+00
KNUTH_SUBTREE root=2602 depth=26 w=2.4864143782e+37 Shat=5.0945500000e+02 Lhat=0.0000000000e+00
KNUTH_SUBTREE root=2603 depth=26 w=2.9105551115e+37 Shat=1.1604400000e+03 Lhat=0.0000000000e+00
KNUTH_SUBTREE root=2604 depth=26 w=6.1691594699e+36 Shat=2.9051000000e+02 Lhat=0.0000000000e+00
KNUTH_SUBTREE root=2605 depth=26 w=1.2082834292e+37 Shat=2.5080000000e+01 Lhat=0.0000000000e+00
KNUTH_SUBTREE root=2606 depth=26 w=5.9402549095e+36 Shat=3.7091920000e+03 Lhat=0.0000000000e+00
KNUTH_SUBTREE root=2607 depth=26 w=3.8049399977e+36 Shat=4.8675000000e+02 Lhat=0.0000000000e+00
KNUTH_SUBTREE root=2608 depth=26 w=1.3545873018e+36 Shat=1.6982000000e+02 Lhat=0.0000000000e+00
KNUTH_SUBTREE root=2609 depth=26 w=7.2730554817e+36 Shat=3.0887120000e+03 Lhat=0.0000000000e+00
KNUTH_SUBTREE root=2610 depth=26 w=3.4518624182e+36 Shat=1.3000000000e+01 Lhat=0.0000000000e+00
KNUTH_SUBTREE root=2611 depth=26 w=7.4387391298e+36 Shat=1.5703300000e+03 Lhat=0.0000000000e+00
KNUTH_SUBTREE root=2612 depth=26 w=3.3020485499e+37 Shat=7.3556000000e+02 Lhat=0.0000000000e+00
KNUTH_SUBTREE root=2613 depth=26 w=4.3130258777e+36 Shat=2.0408800000e+02 Lhat=0.0000000000e+00
KNUTH_SUBTREE root=2614 depth=26 w=2.9353971866e+35 Shat=1.3981000000e+01 Lhat=0.0000000000e+00
KNUTH_SUBTREE root=2615 depth=26 w=3.2949734538e+37 Shat=6.6510630000e+03 Lhat=0.0000000000e+00
KNUTH_SUBTREE root=2616 depth=26 w=3.1152662843e+37 Shat=1.0742810000e+03 Lhat=0.0000000000e+00
KNUTH_SUBTREE root=2617 depth=26 w=6.3010984799e+36 Shat=2.1306800000e+02 Lhat=0.0000000000e+00
KNUTH_SUBTREE root=2618 depth=26 w=4.3239703098e+36 Shat=3.3502600000e+02 Lhat=0.0000000000e+00
KNUTH_SUBTREE root=2619 depth=26 w=1.8931869746e+37 Shat=1.4132560000e+03 Lhat=0.0000000000e+00
KNUTH_SUBTREE root=2620 depth=26 w=1.3551893812e+37 Shat=9.6925600000e+02 Lhat=0.0000000000e+00
KNUTH_SUBTREE root=2621 depth=26 w=1.2803095301e+37 Shat=2.4883760000e+03 Lhat=0.0000000000e+00
KNUTH_SUBTREE root=2622 depth=26 w=8.7189587175e+36 Shat=5.0054500000e+03 Lhat=0.0000000000e+00
KNUTH_SUBTREE root=2623 depth=26 w=3.1809566955e+37 Shat=3.0303780000e+03 Lhat=0.0000000000e+00
KNUTH_SUBTREE root=2624 depth=26 w=4.2255273240e+36 Shat=3.0508000000e+01 Lhat=0.0000000000e+00
KNUTH_SUBTREE root=2625 depth=26 w=2.7168189048e+37 Shat=2.0855080000e+03 Lhat=0.0000000000e+00
KNUTH_SUBTREE root=2626 depth=26 w=1.2785013644e+37 Shat=1.8763840000e+03 Lhat=3.1831200000e+02
KNUTH_SUBTREE root=2627 depth=26 w=1.0586583256e+37 Shat=1.2560410000e+03 Lhat=0.0000000000e+00
KNUTH_SUBTREE root=2628 depth=26 w=6.4869952001e+36 Shat=1.6462370000e+03 Lhat=6.3514000000e+01
KNUTH_SUBTREE root=2629 depth=26 w=8.3268231596e+36 Shat=4.2525100000e+03 Lhat=0.0000000000e+00
KNUTH_SUBTREE root=2630 depth=26 w=4.9412132485e+36 Shat=1.8205500000e+03 Lhat=0.0000000000e+00
KNUTH_SUBTREE root=2631 depth=26 w=4.2070707684e+36 Shat=4.2479600000e+03 Lhat=0.0000000000e+00
KNUTH_SUBTREE root=2632 depth=26 w=3.7560982408e+35 Shat=1.0000000000e+01 Lhat=0.0000000000e+00
KNUTH_SUBTREE root=2633 depth=26 w=2.4897588387e+37 Shat=9.0000000000e+00 Lhat=0.0000000000e+00
KNUTH_SUBTREE root=2634 depth=26 w=7.0422228174e+36 Shat=5.0000000000e+00 Lhat=0.0000000000e+00
KNUTH_SUBTREE root=2635 depth=26 w=2.4617306603e+36 Shat=3.8928000000e+01 Lhat=0.0000000000e+00
KNUTH_SUBTREE root=2636 depth=26 w=3.4359838843e+36 Shat=1.9500490000e+03 Lhat=0.0000000000e+00
KNUTH_SUBTREE root=2637 depth=26 w=1.2282363864e+37 Shat=1.3000000000e+01 Lhat=0.0000000000e+00
KNUTH_SUBTREE root=2638 depth=26 w=8.1508731031e+36 Shat=3.7785000000e+02 Lhat=0.0000000000e+00
KNUTH_SUBTREE root=2639 depth=26 w=7.3539351756e+36 Shat=5.8911480000e+03 Lhat=0.0000000000e+00
KNUTH_SUBTREE root=2640 depth=26 w=1.0219771631e+37 Shat=1.0108000000e+01 Lhat=0.0000000000e+00
KNUTH_SUBTREE root=2641 depth=26 w=1.0471141770e+37 Shat=1.9400809000e+04 Lhat=0.0000000000e+00
KNUTH_SUBTREE root=2642 depth=26 w=2.6328695752e+37 Shat=5.7300310000e+03 Lhat=0.0000000000e+00
KNUTH_SUBTREE root=2643 depth=26 w=5.2180545837e+36 Shat=6.1256000000e+01 Lhat=0.0000000000e+00
KNUTH_SUBTREE root=2644 depth=26 w=5.7841378210e+35 Shat=1.8946000000e+02 Lhat=0.0000000000e+00
KNUTH_SUBTREE root=2645 depth=26 w=3.2924972683e+36 Shat=2.5611300000e+03 Lhat=0.0000000000e+00
KNUTH_SUBTREE root=2646 depth=26 w=6.3169397844e+36 Shat=1.0000000000e+00 Lhat=0.0000000000e+00
KNUTH_SUBTREE root=2647 depth=26 w=5.2549341724e+36 Shat=1.3000000000e+01 Lhat=0.0000000000e+00
KNUTH_SUBTREE root=2648 depth=26 w=1.8855216933e+37 Shat=9.7706000000e+02 Lhat=0.0000000000e+00
KNUTH_SUBTREE root=2649 depth=26 w=1.8813434073e+36 Shat=5.0000000000e+00 Lhat=0.0000000000e+00
KNUTH_SUBTREE root=2650 depth=26 w=2.0317248895e+36 Shat=5.4266800000e+03 Lhat=0.0000000000e+00
KNUTH_SUBTREE root=2651 depth=26 w=3.7550379688e+36 Shat=1.2045520000e+03 Lhat=0.0000000000e+00
KNUTH_SUBTREE root=2652 depth=26 w=2.5771387619e+35 Shat=6.9680000000e+00 Lhat=0.0000000000e+00
KNUTH_SUBTREE root=2653 depth=26 w=1.5756122160e+36 Shat=1.2608460000e+03 Lhat=0.0000000000e+00
KNUTH_SUBTREE root=2654 depth=26 w=1.5577789443e+37 Shat=6.8067400000e+03 Lhat=3.9140000000e+01
KNUTH_SUBTREE root=2655 depth=26 w=1.4669799411e+37 Shat=6.1915400000e+03 Lhat=0.0000000000e+00
KNUTH_SUBTREE root=2656 depth=26 w=2.6593750808e+37 Shat=2.4822200000e+03 Lhat=0.0000000000e+00
KNUTH_SUBTREE root=2657 depth=26 w=2.2321613465e+36 Shat=4.7116710000e+03 Lhat=0.0000000000e+00
KNUTH_SUBTREE root=2658 depth=26 w=2.9128163194e+37 Shat=3.8280000000e+01 Lhat=0.0000000000e+00
KNUTH_SUBTREE root=2659 depth=26 w=6.3733218743e+36 Shat=8.3429000000e+02 Lhat=0.0000000000e+00
KNUTH_SUBTREE root=2660 depth=26 w=3.1514300816e+36 Shat=1.0865600000e+02 Lhat=0.0000000000e+00
KNUTH_SUBTREE root=2661 depth=26 w=6.4451911401e+34 Shat=1.0000000000e+00 Lhat=0.0000000000e+00
KNUTH_SUBTREE root=2662 depth=26 w=3.8504132249e+36 Shat=8.8239700000e+02 Lhat=0.0000000000e+00
KNUTH_SUBTREE root=2663 depth=26 w=1.0513048715e+37 Shat=4.5953000000e+02 Lhat=0.0000000000e+00
KNUTH_SUBTREE root=2664 depth=26 w=3.0335763205e+36 Shat=4.2170400000e+02 Lhat=0.0000000000e+00
KNUTH_SUBTREE root=2665 depth=26 w=1.6472853980e+36 Shat=6.1360000000e+01 Lhat=0.0000000000e+00
KNUTH_SUBTREE root=2666 depth=26 w=3.9959075285e+36 Shat=3.0000000000e+00 Lhat=0.0000000000e+00
KNUTH_SUBTREE root=2667 depth=26 w=6.1528704622e+36 Shat=3.2038000000e+01 Lhat=0.0000000000e+00
KNUTH_SUBTREE root=2668 depth=26 w=9.1653692158e+35 Shat=3.0000000000e+00 Lhat=0.0000000000e+00
KNUTH_SUBTREE root=2669 depth=26 w=2.2371030232e+36 Shat=2.5952910000e+03 Lhat=4.8888000000e+01
KNUTH_SUBTREE root=2670 depth=26 w=2.3901368922e+34 Shat=6.0580000000e+00 Lhat=0.0000000000e+00
KNUTH_SUBTREE root=2671 depth=26 w=1.7186042350e+37 Shat=3.2336980000e+03 Lhat=0.0000000000e+00
KNUTH_SUBTREE root=2672 depth=26 w=1.7101354489e+36 Shat=4.0841800000e+02 Lhat=0.0000000000e+00
KNUTH_SUBTREE root=2673 depth=26 w=2.3991862099e+37 Shat=2.5286400000e+02 Lhat=0.0000000000e+00
KNUTH_SUBTREE root=2674 depth=26 w=1.1321144630e+37 Shat=2.1944200000e+02 Lhat=0.0000000000e+00
KNUTH_SUBTREE root=2675 depth=26 w=2.8862390495e+37 Shat=2.1975400000e+03 Lhat=0.0000000000e+00
KNUTH_SUBTREE root=2676 depth=26 w=6.0839660660e+36 Shat=6.4883600000e+03 Lhat=0.0000000000e+00
KNUTH_SUBTREE root=2677 depth=26 w=5.6394833188e+36 Shat=2.6748400000e+02 Lhat=0.0000000000e+00
KNUTH_SUBTREE root=2678 depth=26 w=2.0293292632e+37 Shat=3.0343300000e+03 Lhat=0.0000000000e+00
KNUTH_SUBTREE root=2679 depth=26 w=6.5698372883e+36 Shat=7.1857300000e+03 Lhat=3.0332000000e+02
KNUTH_SUBTREE root=2680 depth=26 w=2.2684077341e+37 Shat=3.6691700000e+03 Lhat=0.0000000000e+00
KNUTH_SUBTREE root=2681 depth=26 w=4.4586562562e+36 Shat=4.5915220000e+03 Lhat=0.0000000000e+00
KNUTH_SUBTREE root=2682 depth=26 w=2.8133465516e+37 Shat=1.3648000000e+02 Lhat=0.0000000000e+00
KNUTH_SUBTREE root=2683 depth=26 w=5.4039367865e+36 Shat=2.4758350000e+03 Lhat=0.0000000000e+00
KNUTH_SUBTREE root=2684 depth=26 w=7.8615377660e+36 Shat=2.3414600000e+03 Lhat=0.0000000000e+00
KNUTH_SUBTREE root=2685 depth=26 w=3.5135342662e+36 Shat=3.2938960000e+03 Lhat=0.0000000000e+00
KNUTH_SUBTREE root=2686 depth=26 w=4.3059555918e+36 Shat=7.6924000000e+01 Lhat=0.0000000000e+00
KNUTH_SUBTREE root=2687 depth=26 w=3.5943729226e+36 Shat=3.6476000000e+03 Lhat=0.0000000000e+00
KNUTH_SUBTREE root=2688 depth=26 w=2.8361511892e+37 Shat=2.9658320000e+03 Lhat=0.0000000000e+00
KNUTH_SUBTREE root=2689 depth=26 w=2.5374707112e+36 Shat=9.8433000000e+02 Lhat=0.0000000000e+00
KNUTH_SUBTREE root=2690 depth=26 w=2.6287721363e+37 Shat=3.1892560000e+03 Lhat=0.0000000000e+00
KNUTH_SUBTREE root=2691 depth=26 w=5.2255645600e+36 Shat=7.4199300000e+02 Lhat=0.0000000000e+00
KNUTH_SUBTREE root=2692 depth=26 w=1.1783809133e+37 Shat=1.9940000000e+02 Lhat=0.0000000000e+00
KNUTH_SUBTREE root=2693 depth=26 w=2.2931480738e+35 Shat=1.5808000000e+01 Lhat=0.0000000000e+00
KNUTH_SUBTREE root=2694 depth=26 w=1.0024693277e+37 Shat=6.7090000000e+03 Lhat=0.0000000000e+00
KNUTH_SUBTREE root=2695 depth=26 w=7.1019726177e+36 Shat=9.5266000000e+02 Lhat=0.0000000000e+00
KNUTH_SUBTREE root=2696 depth=26 w=1.3232002871e+36 Shat=4.0000000000e+00 Lhat=0.0000000000e+00
KNUTH_SUBTREE root=2697 depth=26 w=1.5263860913e+37 Shat=3.4314600000e+02 Lhat=0.0000000000e+00
KNUTH_SUBTREE root=2698 depth=26 w=1.2850423856e+37 Shat=1.8016000000e+01 Lhat=0.0000000000e+00
KNUTH_SUBTREE root=2699 depth=26 w=2.6035963450e+36 Shat=3.5327100000e+03 Lhat=0.0000000000e+00
KNUTH_SUBTREE root=2700 depth=26 w=1.3609222362e+37 Shat=1.3646620000e+03 Lhat=0.0000000000e+00
KNUTH_SUBTREE root=2701 depth=26 w=1.5568929537e+37 Shat=2.9880000000e+01 Lhat=0.0000000000e+00
KNUTH_SUBTREE root=2702 depth=26 w=2.9220279965e+36 Shat=3.6302050000e+03 Lhat=2.2604400000e+02
KNUTH_SUBTREE root=2703 depth=26 w=1.0463180840e+37 Shat=2.2602400000e+02 Lhat=0.0000000000e+00
KNUTH_SUBTREE root=2704 depth=26 w=3.5527184057e+36 Shat=5.5130680000e+03 Lhat=1.0941600000e+02
KNUTH_SUBTREE root=2705 depth=26 w=5.4126010798e+35 Shat=1.7810000000e+01 Lhat=0.0000000000e+00
KNUTH_SUBTREE root=2706 depth=26 w=1.8208403739e+37 Shat=2.0014000000e+01 Lhat=0.0000000000e+00
KNUTH_SUBTREE root=2707 depth=26 w=7.7177921517e+36 Shat=3.3928000000e+02 Lhat=0.0000000000e+00
KNUTH_SUBTREE root=2708 depth=26 w=2.8164900241e+37 Shat=2.0108200000e+03 Lhat=0.0000000000e+00
KNUTH_SUBTREE root=2709 depth=26 w=4.3451612169e+36 Shat=6.1840000000e+01 Lhat=0.0000000000e+00
KNUTH_SUBTREE root=2710 depth=26 w=5.0645450249e+36 Shat=6.5220880000e+03 Lhat=0.0000000000e+00
KNUTH_SUBTREE root=2711 depth=26 w=1.1744001538e+36 Shat=1.0928000000e+01 Lhat=0.0000000000e+00
KNUTH_SUBTREE root=2712 depth=26 w=1.8863496316e+37 Shat=1.8892090000e+03 Lhat=0.0000000000e+00
KNUTH_SUBTREE root=2713 depth=26 w=1.2595959052e+36 Shat=7.3721200000e+03 Lhat=0.0000000000e+00
KNUTH_SUBTREE root=2714 depth=26 w=7.0330760947e+36 Shat=3.2809200000e+03 Lhat=0.0000000000e+00
KNUTH_SUBTREE root=2715 depth=26 w=7.9862189159e+36 Shat=3.8613000000e+02 Lhat=0.0000000000e+00
KNUTH_SUBTREE root=2716 depth=26 w=2.1704810433e+37 Shat=9.9764800000e+02 Lhat=0.0000000000e+00
KNUTH_SUBTREE root=2717 depth=26 w=7.3803378107e+36 Shat=4.3706000000e+03 Lhat=0.0000000000e+00
KNUTH_SUBTREE root=2718 depth=26 w=1.0611885017e+37 Shat=1.1395660000e+03 Lhat=0.0000000000e+00
KNUTH_SUBTREE root=2719 depth=26 w=1.0729822957e+37 Shat=7.3370800000e+02 Lhat=0.0000000000e+00
KNUTH_SUBTREE root=2720 depth=26 w=9.9080080141e+36 Shat=5.0000000000e+00 Lhat=0.0000000000e+00
KNUTH_SUBTREE root=2721 depth=26 w=8.4176909617e+36 Shat=3.0970080000e+03 Lhat=0.0000000000e+00
KNUTH_SUBTREE root=2722 depth=26 w=4.4675482270e+36 Shat=1.4584480000e+03 Lhat=0.0000000000e+00
KNUTH_SUBTREE root=2723 depth=26 w=3.1924659222e+37 Shat=2.6957200000e+03 Lhat=0.0000000000e+00
KNUTH_SUBTREE root=2724 depth=26 w=3.5462199528e+36 Shat=5.0000000000e+00 Lhat=0.0000000000e+00
KNUTH_SUBTREE root=2725 depth=26 w=3.0762109709e+37 Shat=2.2758400000e+03 Lhat=0.0000000000e+00
KNUTH_SUBTREE root=2726 depth=26 w=5.4137704821e+36 Shat=3.3290800000e+03 Lhat=0.0000000000e+00
KNUTH_SUBTREE root=2727 depth=26 w=3.3724132865e+36 Shat=1.0097020000e+03 Lhat=0.0000000000e+00
KNUTH_SUBTREE root=2728 depth=26 w=3.0766688300e+36 Shat=1.3726000000e+01 Lhat=0.0000000000e+00
KNUTH_SUBTREE root=2729 depth=26 w=2.1879451325e+36 Shat=5.0980000000e+01 Lhat=0.0000000000e+00
KNUTH_SUBTREE root=2730 depth=26 w=5.5769690789e+36 Shat=2.3558200000e+03 Lhat=0.0000000000e+00
KNUTH_SUBTREE root=2731 depth=26 w=1.3019206479e+37 Shat=1.4794000000e+02 Lhat=0.0000000000e+00
KNUTH_SUBTREE root=2732 depth=26 w=2.1244800508e+36 Shat=3.5051800000e+02 Lhat=0.0000000000e+00
KNUTH_SUBTREE root=2733 depth=26 w=1.3475433170e+37 Shat=1.5965000000e+02 Lhat=0.0000000000e+00
KNUTH_SUBTREE root=2734 depth=26 w=5.1725093373e+36 Shat=3.7162000000e+01 Lhat=0.0000000000e+00
KNUTH_SUBTREE root=2735 depth=26 w=1.7404855934e+37 Shat=2.7117600000e+02 Lhat=0.0000000000e+00
KNUTH_SUBTREE root=2736 depth=26 w=2.5353334905e+37 Shat=2.9826720000e+03 Lhat=0.0000000000e+00
KNUTH_SUBTREE root=2737 depth=26 w=3.9616753753e+36 Shat=2.4165820000e+03 Lhat=0.0000000000e+00
KNUTH_SUBTREE root=2738 depth=26 w=3.2478703989e+37 Shat=4.2637720000e+03 Lhat=0.0000000000e+00
KNUTH_SUBTREE root=2739 depth=26 w=8.7807960193e+36 Shat=8.2136800000e+02 Lhat=0.0000000000e+00
KNUTH_SUBTREE root=2740 depth=26 w=2.6101080537e+37 Shat=1.3300400000e+03 Lhat=0.0000000000e+00
KNUTH_SUBTREE root=2741 depth=26 w=1.5998405213e+37 Shat=1.5075500000e+02 Lhat=0.0000000000e+00
KNUTH_SUBTREE root=2742 depth=26 w=9.0492746146e+36 Shat=1.5709870000e+03 Lhat=0.0000000000e+00
KNUTH_SUBTREE root=2743 depth=26 w=3.1702320152e+37 Shat=2.4987500000e+02 Lhat=0.0000000000e+00
KNUTH_SUBTREE root=2744 depth=26 w=4.5353685536e+36 Shat=2.7362800000e+02 Lhat=0.0000000000e+00
KNUTH_SUBTREE root=2745 depth=26 w=1.6260118643e+37 Shat=4.6360880000e+03 Lhat=0.0000000000e+00
KNUTH_SUBTREE root=2746 depth=26 w=4.5334518966e+36 Shat=2.3765000000e+02 Lhat=0.0000000000e+00
KNUTH_SUBTREE root=2747 depth=26 w=4.6267080982e+36 Shat=7.9000000000e+01 Lhat=0.0000000000e+00
KNUTH_SUBTREE root=2748 depth=26 w=2.9993590493e+37 Shat=1.4375440000e+03 Lhat=0.0000000000e+00
KNUTH_SUBTREE root=2749 depth=26 w=1.2104712106e+37 Shat=7.0000000000e+00 Lhat=0.0000000000e+00
KNUTH_SUBTREE root=2750 depth=26 w=9.9169241790e+36 Shat=1.0952000000e+01 Lhat=0.0000000000e+00
KNUTH_SUBTREE root=2751 depth=26 w=2.0683133005e+36 Shat=2.2760880000e+03 Lhat=1.9475200000e+02
KNUTH_SUBTREE root=2752 depth=26 w=3.0232398498e+36 Shat=5.1037760000e+03 Lhat=1.1113200000e+03
KNUTH_SUBTREE root=2753 depth=26 w=1.8965099623e+37 Shat=5.3814740000e+03 Lhat=0.0000000000e+00
KNUTH_SUBTREE root=2754 depth=26 w=1.2907499858e+37 Shat=4.1105200000e+03 Lhat=0.0000000000e+00
KNUTH_SUBTREE root=2755 depth=26 w=3.3273624199e+37 Shat=6.8810600000e+02 Lhat=0.0000000000e+00
KNUTH_SUBTREE root=2756 depth=26 w=6.4017361039e+36 Shat=1.3000000000e+01 Lhat=0.0000000000e+00
KNUTH_SUBTREE root=2757 depth=26 w=1.0612608238e+37 Shat=6.8493250000e+03 Lhat=0.0000000000e+00
KNUTH_SUBTREE root=2758 depth=26 w=1.7005952608e+37 Shat=1.3392700000e+03 Lhat=0.0000000000e+00
KNUTH_SUBTREE root=2759 depth=26 w=3.4611073149e+36 Shat=2.3642400000e+03 Lhat=0.0000000000e+00
KNUTH_SUBTREE root=2760 depth=26 w=2.6389499484e+37 Shat=4.1936200000e+03 Lhat=0.0000000000e+00
KNUTH_SUBTREE root=2761 depth=26 w=4.1507546183e+36 Shat=2.3158000000e+01 Lhat=0.0000000000e+00
KNUTH_SUBTREE root=2762 depth=26 w=3.1550681663e+37 Shat=2.2315200000e+03 Lhat=0.0000000000e+00
KNUTH_SUBTREE root=2763 depth=26 w=1.3422933563e+37 Shat=7.2227000000e+02 Lhat=0.0000000000e+00
KNUTH_SUBTREE root=2764 depth=26 w=2.2382189697e+37 Shat=6.9012800000e+03 Lhat=0.0000000000e+00
KNUTH_SUBTREE root=2765 depth=26 w=2.5909471809e+37 Shat=3.1000000000e+01 Lhat=0.0000000000e+00
KNUTH_SUBTREE root=2766 depth=26 w=3.2233481461e+36 Shat=5.4698400000e+02 Lhat=0.0000000000e+00
KNUTH_SUBTREE root=2767 depth=26 w=1.0398556490e+37 Shat=1.3000000000e+01 Lhat=0.0000000000e+00
KNUTH_SUBTREE root=2768 depth=26 w=2.6562655673e+36 Shat=3.0000000000e+00 Lhat=0.0000000000e+00
KNUTH_SUBTREE root=2769 depth=26 w=1.2776257868e+37 Shat=6.9292000000e+01 Lhat=0.0000000000e+00
KNUTH_SUBTREE root=2770 depth=26 w=7.3170045893e+36 Shat=1.5012400000e+03 Lhat=0.0000000000e+00
KNUTH_SUBTREE root=2771 depth=26 w=2.7219478914e+37 Shat=3.9012300000e+03 Lhat=0.0000000000e+00
KNUTH_SUBTREE root=2772 depth=26 w=2.4023776543e+36 Shat=9.7092400000e+03 Lhat=0.0000000000e+00
KNUTH_SUBTREE root=2773 depth=26 w=3.3123082127e+37 Shat=2.3124400000e+03 Lhat=0.0000000000e+00
KNUTH_SUBTREE root=2774 depth=26 w=2.5133593846e+37 Shat=3.8932000000e+01 Lhat=0.0000000000e+00
KNUTH_SUBTREE root=2775 depth=26 w=3.0142815662e+37 Shat=3.2038400000e+02 Lhat=0.0000000000e+00
KNUTH_SUBTREE root=2776 depth=26 w=2.4026027081e+36 Shat=5.0856400000e+03 Lhat=0.0000000000e+00
KNUTH_SUBTREE root=2777 depth=26 w=2.6677788067e+37 Shat=3.9015000000e+02 Lhat=0.0000000000e+00
KNUTH_SUBTREE root=2778 depth=26 w=3.3861902829e+37 Shat=1.4001800000e+03 Lhat=0.0000000000e+00
KNUTH_SUBTREE root=2779 depth=26 w=2.4195041335e+36 Shat=8.0776000000e+01 Lhat=0.0000000000e+00
KNUTH_SUBTREE root=2780 depth=26 w=3.1006185621e+37 Shat=3.7539000000e+02 Lhat=0.0000000000e+00
KNUTH_SUBTREE root=2781 depth=26 w=4.4346109740e+36 Shat=2.8604500000e+03 Lhat=0.0000000000e+00
KNUTH_SUBTREE root=2782 depth=26 w=2.3608782718e+36 Shat=1.7000000000e+01 Lhat=0.0000000000e+00
KNUTH_SUBTREE root=2783 depth=26 w=4.3976258417e+36 Shat=8.1491200000e+02 Lhat=0.0000000000e+00
KNUTH_SUBTREE root=2784 depth=26 w=9.7649718766e+36 Shat=7.0560000000e+00 Lhat=0.0000000000e+00
KNUTH_SUBTREE root=2785 depth=26 w=3.2682794311e+37 Shat=1.2613010000e+03 Lhat=0.0000000000e+00
KNUTH_SUBTREE root=2786 depth=26 w=2.8547850112e+37 Shat=4.0258890000e+03 Lhat=0.0000000000e+00
KNUTH_SUBTREE root=2787 depth=26 w=1.3503423033e+37 Shat=1.8956000000e+01 Lhat=0.0000000000e+00
KNUTH_SUBTREE root=2788 depth=26 w=3.9631477706e+36 Shat=1.6646800000e+02 Lhat=0.0000000000e+00
KNUTH_SUBTREE root=2789 depth=26 w=2.3456496915e+37 Shat=1.2532600000e+02 Lhat=0.0000000000e+00
KNUTH_SUBTREE root=2790 depth=26 w=4.9894821435e+36 Shat=5.2381000000e+02 Lhat=0.0000000000e+00
KNUTH_SUBTREE root=2791 depth=26 w=5.6448216131e+36 Shat=6.9872800000e+03 Lhat=2.8593600000e+02
KNUTH_SUBTREE root=2792 depth=26 w=5.5718790347e+36 Shat=3.0044980000e+03 Lhat=0.0000000000e+00
KNUTH_SUBTREE root=2793 depth=26 w=2.6827102502e+37 Shat=1.6371620000e+03 Lhat=0.0000000000e+00
KNUTH_SUBTREE root=2794 depth=26 w=2.5668729262e+37 Shat=4.1975000000e+01 Lhat=0.0000000000e+00
KNUTH_SUBTREE root=2795 depth=26 w=6.6510268812e+36 Shat=5.8890000000e+01 Lhat=0.0000000000e+00
KNUTH_SUBTREE root=2796 depth=26 w=5.3396323955e+36 Shat=1.4285600000e+03 Lhat=0.0000000000e+00
KNUTH_SUBTREE root=2797 depth=26 w=2.1406629788e+36 Shat=3.0000000000e+00 Lhat=0.0000000000e+00
KNUTH_SUBTREE root=2798 depth=26 w=6.2659226449e+36 Shat=3.8894670000e+03 Lhat=0.0000000000e+00
KNUTH_SUBTREE root=2799 depth=26 w=3.5375838569e+36 Shat=3.2476100000e+03 Lhat=0.0000000000e+00
KNUTH_SUBTREE root=2800 depth=26 w=2.9198894022e+37 Shat=3.4901230000e+03 Lhat=0.0000000000e+00
KNUTH_SUBTREE root=2801 depth=26 w=1.8642036781e+36 Shat=1.4694500000e+03 Lhat=0.0000000000e+00
KNUTH_SUBTREE root=2802 depth=26 w=3.5028265236e+36 Shat=2.4868400000e+03 Lhat=0.0000000000e+00
KNUTH_SUBTREE root=2803 depth=26 w=2.9279031308e+37 Shat=3.5264230000e+03 Lhat=0.0000000000e+00
KNUTH_SUBTREE root=2804 depth=26 w=2.6765323378e+37 Shat=6.5959030000e+03 Lhat=0.0000000000e+00
KNUTH_SUBTREE root=2805 depth=26 w=3.1204019955e+37 Shat=4.0069140000e+03 Lhat=0.0000000000e+00
KNUTH_SUBTREE root=2806 depth=26 w=3.3734270074e+36 Shat=9.1979000000e+01 Lhat=0.0000000000e+00
KNUTH_SUBTREE root=2807 depth=26 w=4.2064326784e+35 Shat=3.0000000000e+00 Lhat=0.0000000000e+00
KNUTH_SUBTREE root=2808 depth=26 w=2.8225012154e+37 Shat=3.6904000000e+03 Lhat=0.0000000000e+00
KNUTH_SUBTREE root=2809 depth=26 w=3.0209873092e+36 Shat=5.0080000000e+01 Lhat=0.0000000000e+00
KNUTH_SUBTREE root=2810 depth=26 w=4.1081595721e+36 Shat=1.8220320000e+03 Lhat=0.0000000000e+00
KNUTH_SUBTREE root=2811 depth=26 w=1.0882782332e+37 Shat=5.9647100000e+03 Lhat=0.0000000000e+00
KNUTH_SUBTREE root=2812 depth=26 w=8.0056393135e+36 Shat=1.1453600000e+02 Lhat=0.0000000000e+00
KNUTH_SUBTREE root=2813 depth=26 w=1.3808456617e+36 Shat=2.0693300000e+02 Lhat=0.0000000000e+00
KNUTH_SUBTREE root=2814 depth=26 w=1.1398564842e+37 Shat=3.5860000000e+01 Lhat=0.0000000000e+00
KNUTH_SUBTREE root=2815 depth=26 w=2.5920914183e+37 Shat=1.0091900000e+03 Lhat=0.0000000000e+00
KNUTH_SUBTREE root=2816 depth=26 w=1.3266112418e+37 Shat=7.9000000000e+01 Lhat=0.0000000000e+00
KNUTH_SUBTREE root=2817 depth=26 w=1.1316175467e+36 Shat=1.0000000000e+00 Lhat=0.0000000000e+00
KNUTH_SUBTREE root=2818 depth=26 w=4.6104511448e+36 Shat=1.0398900000e+03 Lhat=0.0000000000e+00
KNUTH_SUBTREE root=2819 depth=26 w=4.0588968009e+36 Shat=8.7060400000e+02 Lhat=1.0080000000e+01
KNUTH_SUBTREE root=2820 depth=26 w=1.5735896264e+37 Shat=2.6160000000e+01 Lhat=0.0000000000e+00
KNUTH_SUBTREE root=2821 depth=26 w=1.4626973570e+37 Shat=1.1361340000e+03 Lhat=0.0000000000e+00
KNUTH_SUBTREE root=2822 depth=26 w=7.5549576699e+36 Shat=3.0406000000e+02 Lhat=0.0000000000e+00
KNUTH_SUBTREE root=2823 depth=26 w=1.5570668702e+37 Shat=3.5432080000e+03 Lhat=0.0000000000e+00
KNUTH_SUBTREE root=2824 depth=26 w=1.9483404749e+36 Shat=9.6243300000e+02 Lhat=0.0000000000e+00
KNUTH_SUBTREE root=2825 depth=26 w=1.5742161794e+37 Shat=2.6475230000e+03 Lhat=0.0000000000e+00
KNUTH_SUBTREE root=2826 depth=26 w=2.0966496165e+37 Shat=3.8813400000e+02 Lhat=0.0000000000e+00
KNUTH_SUBTREE root=2827 depth=26 w=3.9227802338e+35 Shat=1.7000000000e+01 Lhat=0.0000000000e+00
KNUTH_SUBTREE root=2828 depth=26 w=1.9320181678e+36 Shat=2.1898400000e+02 Lhat=0.0000000000e+00
KNUTH_SUBTREE root=2829 depth=26 w=2.9182378090e+37 Shat=3.8506800000e+03 Lhat=0.0000000000e+00
KNUTH_SUBTREE root=2830 depth=26 w=2.3257472486e+37 Shat=9.6135000000e+01 Lhat=0.0000000000e+00
KNUTH_SUBTREE root=2831 depth=26 w=7.6021475371e+36 Shat=1.7076000000e+01 Lhat=0.0000000000e+00
KNUTH_SUBTREE root=2832 depth=26 w=8.7180704489e+36 Shat=2.7295300000e+02 Lhat=0.0000000000e+00
KNUTH_SUBTREE root=2833 depth=26 w=3.4425432902e+35 Shat=3.6210000000e+01 Lhat=0.0000000000e+00
KNUTH_SUBTREE root=2834 depth=26 w=1.5372304629e+37 Shat=2.8054000000e+02 Lhat=0.0000000000e+00
KNUTH_SUBTREE root=2835 depth=26 w=4.1954895943e+36 Shat=2.9126680000e+03 Lhat=0.0000000000e+00
KNUTH_SUBTREE root=2836 depth=26 w=3.1321703662e+37 Shat=1.1024200000e+02 Lhat=0.0000000000e+00
KNUTH_SUBTREE root=2837 depth=26 w=3.2164788120e+37 Shat=1.1959360000e+03 Lhat=0.0000000000e+00
KNUTH_SUBTREE root=2838 depth=26 w=1.1836781469e+37 Shat=1.7224800000e+02 Lhat=0.0000000000e+00
KNUTH_SUBTREE root=2839 depth=26 w=1.4809388990e+36 Shat=1.3456800000e+02 Lhat=0.0000000000e+00
KNUTH_SUBTREE root=2840 depth=26 w=2.4407163568e+36 Shat=6.5858000000e+02 Lhat=0.0000000000e+00
KNUTH_SUBTREE root=2841 depth=26 w=2.3222414457e+36 Shat=1.6261000000e+01 Lhat=0.0000000000e+00
KNUTH_SUBTREE root=2842 depth=26 w=1.3760508642e+37 Shat=2.0675900000e+03 Lhat=0.0000000000e+00
KNUTH_SUBTREE root=2843 depth=26 w=8.7992211151e+36 Shat=3.9024000000e+01 Lhat=0.0000000000e+00
KNUTH_SUBTREE root=2844 depth=26 w=2.1518366862e+37 Shat=3.6116400000e+03 Lhat=0.0000000000e+00
KNUTH_SUBTREE root=2845 depth=26 w=5.4087983549e+36 Shat=9.0181000000e+02 Lhat=0.0000000000e+00
KNUTH_SUBTREE root=2846 depth=26 w=2.4049468536e+37 Shat=6.6912000000e+01 Lhat=0.0000000000e+00
KNUTH_SUBTREE root=2847 depth=26 w=2.3665700649e+37 Shat=3.8124700000e+02 Lhat=0.0000000000e+00
KNUTH_SUBTREE root=2848 depth=26 w=3.1342191578e+36 Shat=1.2158000000e+01 Lhat=0.0000000000e+00
KNUTH_SUBTREE root=2849 depth=26 w=7.8257642697e+35 Shat=1.2180000000e+02 Lhat=0.0000000000e+00
KNUTH_SUBTREE root=2850 depth=26 w=5.2039670086e+36 Shat=1.9404200000e+03 Lhat=0.0000000000e+00
KNUTH_SUBTREE root=2851 depth=26 w=2.3931542128e+37 Shat=5.5291400000e+03 Lhat=0.0000000000e+00
KNUTH_SUBTREE root=2852 depth=26 w=3.1576560430e+36 Shat=7.0786000000e+01 Lhat=0.0000000000e+00
KNUTH_SUBTREE root=2853 depth=26 w=3.0432700615e+36 Shat=9.7192000000e+01 Lhat=0.0000000000e+00
KNUTH_SUBTREE root=2854 depth=26 w=3.3278569791e+36 Shat=3.5401200000e+02 Lhat=0.0000000000e+00
KNUTH_SUBTREE root=2855 depth=26 w=4.6627746674e+36 Shat=4.2600000000e+01 Lhat=0.0000000000e+00
KNUTH_SUBTREE root=2856 depth=26 w=3.9122380860e+37 Shat=7.9840000000e+00 Lhat=0.0000000000e+00
KNUTH_SUBTREE root=2857 depth=26 w=2.0541248310e+36 Shat=6.1384000000e+01 Lhat=0.0000000000e+00
KNUTH_SUBTREE root=2858 depth=26 w=3.3017600824e+36 Shat=7.9000000000e+01 Lhat=0.0000000000e+00
KNUTH_SUBTREE root=2859 depth=26 w=4.3981973040e+36 Shat=5.1340000000e+01 Lhat=0.0000000000e+00
KNUTH_SUBTREE root=2860 depth=26 w=2.2021034228e+37 Shat=8.5860000000e+01 Lhat=0.0000000000e+00
KNUTH_SUBTREE root=2861 depth=26 w=2.5758521318e+36 Shat=7.8055600000e+02 Lhat=0.0000000000e+00
KNUTH_SUBTREE root=2862 depth=26 w=2.4023393494e+36 Shat=1.5227200000e+02 Lhat=0.0000000000e+00
KNUTH_SUBTREE root=2863 depth=26 w=1.3324399664e+37 Shat=1.8007600000e+02 Lhat=0.0000000000e+00
KNUTH_SUBTREE root=2864 depth=26 w=3.0242335985e+35 Shat=6.0640000000e+00 Lhat=0.0000000000e+00
KNUTH_SUBTREE root=2865 depth=26 w=2.1264704831e+36 Shat=4.7492800000e+02 Lhat=0.0000000000e+00
KNUTH_SUBTREE root=2866 depth=26 w=5.7524168097e+36 Shat=5.8816000000e+01 Lhat=0.0000000000e+00
KNUTH_SUBTREE root=2867 depth=26 w=3.2542640490e+37 Shat=1.4958100000e+03 Lhat=0.0000000000e+00
KNUTH_SUBTREE root=2868 depth=26 w=4.8822969240e+36 Shat=1.9333920000e+03 Lhat=0.0000000000e+00
KNUTH_SUBTREE root=2869 depth=26 w=3.1456850378e+37 Shat=2.3043400000e+03 Lhat=0.0000000000e+00
KNUTH_SUBTREE root=2870 depth=26 w=3.5314636045e+36 Shat=1.3000000000e+01 Lhat=0.0000000000e+00
KNUTH_SUBTREE root=2871 depth=26 w=3.7607794062e+36 Shat=1.3000000000e+01 Lhat=0.0000000000e+00
KNUTH_SUBTREE root=2872 depth=26 w=3.0291872697e+37 Shat=5.9976940000e+03 Lhat=0.0000000000e+00
KNUTH_SUBTREE root=2873 depth=26 w=6.6324872335e+35 Shat=3.1000000000e+01 Lhat=0.0000000000e+00
KNUTH_SUBTREE root=2874 depth=26 w=1.1397885446e+37 Shat=8.2639600000e+02 Lhat=0.0000000000e+00
KNUTH_SUBTREE root=2875 depth=26 w=2.4795521166e+37 Shat=3.5452220000e+03 Lhat=0.0000000000e+00
KNUTH_SUBTREE root=2876 depth=26 w=7.4455686813e+36 Shat=1.4330800000e+02 Lhat=0.0000000000e+00
KNUTH_SUBTREE root=2877 depth=26 w=5.5229371644e+36 Shat=7.5552000000e+01 Lhat=0.0000000000e+00
KNUTH_SUBTREE root=2878 depth=26 w=1.9697218154e+37 Shat=6.5380000000e+01 Lhat=0.0000000000e+00
KNUTH_SUBTREE root=2879 depth=26 w=1.4601795130e+37 Shat=1.9858000000e+01 Lhat=0.0000000000e+00
KNUTH_SUBTREE root=2880 depth=26 w=5.5527756031e+36 Shat=1.9397600000e+02 Lhat=0.0000000000e+00
KNUTH_SUBTREE root=2881 depth=26 w=1.9186448719e+37 Shat=1.1134270000e+03 Lhat=0.0000000000e+00
KNUTH_SUBTREE root=2882 depth=26 w=1.5021620435e+36 Shat=7.0000000000e+00 Lhat=0.0000000000e+00
KNUTH_SUBTREE root=2883 depth=26 w=1.5337825508e+37 Shat=7.8224000000e+01 Lhat=0.0000000000e+00
KNUTH_SUBTREE root=2884 depth=26 w=3.3288152341e+36 Shat=2.0012500000e+03 Lhat=0.0000000000e+00
KNUTH_SUBTREE root=2885 depth=26 w=2.4145418264e+37 Shat=4.0045600000e+02 Lhat=0.0000000000e+00
KNUTH_SUBTREE root=2886 depth=26 w=4.1136384433e+36 Shat=7.7269600000e+03 Lhat=0.0000000000e+00
KNUTH_SUBTREE root=2887 depth=26 w=2.3873855739e+36 Shat=3.0952890000e+03 Lhat=0.0000000000e+00
KNUTH_SUBTREE root=2888 depth=26 w=2.5435866758e+37 Shat=9.2230000000e+01 Lhat=0.0000000000e+00
KNUTH_SUBTREE root=2889 depth=26 w=4.3185901960e+36 Shat=2.1092820000e+03 Lhat=0.0000000000e+00
KNUTH_SUBTREE root=2890 depth=26 w=1.9556793353e+37 Shat=7.3892000000e+01 Lhat=0.0000000000e+00
KNUTH_SUBTREE root=2891 depth=26 w=9.5897137718e+36 Shat=2.7679240000e+03 Lhat=0.0000000000e+00
KNUTH_SUBTREE root=2892 depth=26 w=2.8239065182e+36 Shat=3.6329050000e+03 Lhat=0.0000000000e+00
KNUTH_SUBTREE root=2893 depth=26 w=9.8102736873e+36 Shat=1.4758000000e+02 Lhat=0.0000000000e+00
KNUTH_SUBTREE root=2894 depth=26 w=1.1930075303e+37 Shat=3.0900000000e+01 Lhat=0.0000000000e+00
KNUTH_SUBTREE root=2895 depth=26 w=2.0043632338e+37 Shat=1.6756200000e+02 Lhat=0.0000000000e+00
KNUTH_SUBTREE root=2896 depth=26 w=2.3127698711e+36 Shat=1.0494320000e+03 Lhat=0.0000000000e+00
KNUTH_SUBTREE root=2897 depth=26 w=2.1432227508e+37 Shat=4.5411200000e+02 Lhat=0.0000000000e+00
KNUTH_SUBTREE root=2898 depth=26 w=1.8780307906e+36 Shat=7.8112000000e+01 Lhat=0.0000000000e+00
KNUTH_SUBTREE root=2899 depth=26 w=9.3526455187e+36 Shat=5.0000000000e+00 Lhat=0.0000000000e+00
KNUTH_SUBTREE root=2900 depth=26 w=7.9139525394e+36 Shat=6.3793000000e+01 Lhat=0.0000000000e+00
KNUTH_SUBTREE root=2901 depth=26 w=3.3394567271e+37 Shat=4.2029100000e+03 Lhat=0.0000000000e+00
KNUTH_SUBTREE root=2902 depth=26 w=2.4249336170e+37 Shat=3.5820000000e+01 Lhat=0.0000000000e+00
KNUTH_SUBTREE root=2903 depth=26 w=9.6891101367e+35 Shat=1.9980000000e+01 Lhat=0.0000000000e+00
KNUTH_SUBTREE root=2904 depth=26 w=2.9613803209e+37 Shat=1.0335440000e+03 Lhat=0.0000000000e+00
KNUTH_SUBTREE root=2905 depth=26 w=3.9895182675e+36 Shat=7.3491760000e+03 Lhat=0.0000000000e+00
KNUTH_SUBTREE root=2906 depth=26 w=2.5475929761e+37 Shat=1.5295600000e+02 Lhat=0.0000000000e+00
KNUTH_SUBTREE root=2907 depth=26 w=7.9863787115e+36 Shat=2.1383200000e+02 Lhat=0.0000000000e+00
KNUTH_SUBTREE root=2908 depth=26 w=7.8568706383e+36 Shat=4.6031600000e+02 Lhat=0.0000000000e+00
KNUTH_SUBTREE root=2909 depth=26 w=2.5380306231e+37 Shat=2.2840000000e+01 Lhat=0.0000000000e+00
KNUTH_SUBTREE root=2910 depth=26 w=2.1469878535e+37 Shat=1.1954240000e+03 Lhat=0.0000000000e+00
KNUTH_SUBTREE root=2911 depth=26 w=1.2780086637e+36 Shat=1.2049000000e+01 Lhat=0.0000000000e+00
KNUTH_SUBTREE root=2912 depth=26 w=2.9411550521e+37 Shat=1.5055600000e+02 Lhat=0.0000000000e+00
KNUTH_SUBTREE root=2913 depth=26 w=2.1240677913e+37 Shat=8.8298000000e+02 Lhat=0.0000000000e+00
KNUTH_SUBTREE root=2914 depth=26 w=2.9627660322e+36 Shat=2.3578120000e+03 Lhat=0.0000000000e+00
KNUTH_SUBTREE root=2915 depth=26 w=1.8611516376e+36 Shat=4.5686800000e+02 Lhat=0.0000000000e+00
KNUTH_SUBTREE root=2916 depth=26 w=3.0658523261e+37 Shat=6.4896850000e+03 Lhat=0.0000000000e+00
KNUTH_SUBTREE root=2917 depth=26 w=6.3730225325e+36 Shat=2.9904720000e+03 Lhat=0.0000000000e+00
KNUTH_SUBTREE root=2918 depth=26 w=3.5061448678e+36 Shat=3.1000000000e+01 Lhat=0.0000000000e+00
KNUTH_SUBTREE root=2919 depth=26 w=5.3945936217e+36 Shat=3.7595000000e+02 Lhat=0.0000000000e+00
KNUTH_SUBTREE root=2920 depth=26 w=1.8287914017e+36 Shat=6.0280000000e+00 Lhat=0.0000000000e+00
KNUTH_SUBTREE root=2921 depth=26 w=6.0374232110e+36 Shat=6.7802080000e+03 Lhat=0.0000000000e+00
KNUTH_SUBTREE root=2922 depth=26 w=5.2760927630e+35 Shat=4.0000000000e+01 Lhat=0.0000000000e+00
KNUTH_SUBTREE root=2923 depth=26 w=1.4769031792e+37 Shat=2.3492440000e+03 Lhat=0.0000000000e+00
KNUTH_SUBTREE root=2924 depth=26 w=7.7231354417e+35 Shat=2.0062000000e+01 Lhat=0.0000000000e+00
KNUTH_SUBTREE root=2925 depth=26 w=2.3382817783e+36 Shat=1.2274600000e+02 Lhat=0.0000000000e+00
KNUTH_SUBTREE root=2926 depth=26 w=5.0228435107e+36 Shat=1.3951000000e+01 Lhat=0.0000000000e+00
KNUTH_SUBTREE root=2927 depth=26 w=8.2548107555e+36 Shat=3.0000000000e+00 Lhat=0.0000000000e+00
KNUTH_SUBTREE root=2928 depth=26 w=5.6943816669e+36 Shat=1.1218960000e+03 Lhat=0.0000000000e+00
KNUTH_SUBTREE root=2929 depth=26 w=1.1827264624e+37 Shat=1.0827100000e+03 Lhat=0.0000000000e+00
KNUTH_SUBTREE root=2930 depth=26 w=6.8960180894e+36 Shat=3.4500500000e+03 Lhat=0.0000000000e+00
KNUTH_SUBTREE root=2931 depth=26 w=1.0876789708e+37 Shat=8.7500000000e+02 Lhat=0.0000000000e+00
KNUTH_SUBTREE root=2932 depth=26 w=2.1727797650e+37 Shat=1.1878400000e+02 Lhat=0.0000000000e+00
KNUTH_SUBTREE root=2933 depth=26 w=4.7862151081e+36 Shat=2.1723930000e+03 Lhat=2.0399400000e+02
KNUTH_SUBTREE root=2934 depth=26 w=3.2340032090e+37 Shat=2.8552030000e+03 Lhat=0.0000000000e+00
KNUTH_SUBTREE root=2935 depth=26 w=2.9743345659e+37 Shat=3.3652400000e+03 Lhat=0.0000000000e+00
KNUTH_SUBTREE root=2936 depth=26 w=1.1613808188e+35 Shat=9.0000000000e+00 Lhat=0.0000000000e+00
KNUTH_SUBTREE root=2937 depth=26 w=9.9787937493e+36 Shat=7.5433000000e+02 Lhat=0.0000000000e+00
KNUTH_SUBTREE root=2938 depth=26 w=1.5897890355e+36 Shat=2.1276500000e+02 Lhat=0.0000000000e+00
KNUTH_SUBTREE root=2939 depth=26 w=4.2971632126e+36 Shat=6.6878650000e+03 Lhat=1.9647000000e+02
KNUTH_SUBTREE root=2940 depth=26 w=1.0568568379e+37 Shat=6.0040000000e+00 Lhat=0.0000000000e+00
KNUTH_SUBTREE root=2941 depth=26 w=2.8820163457e+37 Shat=5.1359500000e+02 Lhat=0.0000000000e+00
KNUTH_SUBTREE root=2942 depth=26 w=4.6258230026e+36 Shat=2.7683280000e+03 Lhat=0.0000000000e+00
KNUTH_SUBTREE root=2943 depth=26 w=1.0218993937e+35 Shat=7.9750000000e+00 Lhat=0.0000000000e+00
KNUTH_SUBTREE root=2944 depth=26 w=5.8833962835e+36 Shat=3.5989760000e+03 Lhat=0.0000000000e+00
KNUTH_SUBTREE root=2945 depth=26 w=3.6250920640e+36 Shat=4.0000000000e+00 Lhat=0.0000000000e+00
KNUTH_SUBTREE root=2946 depth=26 w=2.9509066496e+37 Shat=6.8861420000e+03 Lhat=0.0000000000e+00
KNUTH_SUBTREE root=2947 depth=26 w=2.4192683078e+37 Shat=2.0123200000e+02 Lhat=0.0000000000e+00
KNUTH_SUBTREE root=2948 depth=26 w=1.6274792786e+37 Shat=8.0625000000e+01 Lhat=0.0000000000e+00
KNUTH_SUBTREE root=2949 depth=26 w=2.9757711592e+37 Shat=3.2775600000e+03 Lhat=0.0000000000e+00
KNUTH_SUBTREE root=2950 depth=26 w=9.0252884212e+35 Shat=9.7000000000e+01 Lhat=0.0000000000e+00
KNUTH_SUBTREE root=2951 depth=26 w=3.3239847541e+36 Shat=1.8210610000e+03 Lhat=0.0000000000e+00
KNUTH_SUBTREE root=2952 depth=26 w=7.9623089859e+36 Shat=3.7856080000e+03 Lhat=0.0000000000e+00
KNUTH_SUBTREE root=2953 depth=26 w=3.0427401796e+35 Shat=7.0000000000e+00 Lhat=0.0000000000e+00
KNUTH_SUBTREE root=2954 depth=26 w=4.2685395954e+36 Shat=2.9995000000e+03 Lhat=0.0000000000e+00
KNUTH_SUBTREE root=2955 depth=26 w=1.7882073608e+36 Shat=8.3381200000e+02 Lhat=0.0000000000e+00
KNUTH_SUBTREE root=2956 depth=26 w=1.8781896794e+37 Shat=3.4960000000e+01 Lhat=0.0000000000e+00
KNUTH_SUBTREE root=2957 depth=26 w=6.0083439152e+36 Shat=9.8249000000e+02 Lhat=0.0000000000e+00
KNUTH_SUBTREE root=2958 depth=26 w=3.0263422629e+37 Shat=1.2623900000e+03 Lhat=0.0000000000e+00
KNUTH_SUBTREE root=2959 depth=26 w=1.7520613776e+37 Shat=1.0007800000e+02 Lhat=0.0000000000e+00
KNUTH_SUBTREE root=2960 depth=26 w=7.0022225849e+36 Shat=1.9152160000e+03 Lhat=0.0000000000e+00
KNUTH_SUBTREE root=2961 depth=26 w=2.3202143747e+37 Shat=1.9865000000e+01 Lhat=0.0000000000e+00
KNUTH_SUBTREE root=2962 depth=26 w=3.9354207586e+36 Shat=7.9167640000e+03 Lhat=3.3408000000e+02
KNUTH_SUBTREE root=2963 depth=26 w=4.6794419491e+36 Shat=6.4728400000e+03 Lhat=0.0000000000e+00
KNUTH_SUBTREE root=2964 depth=26 w=3.9482495717e+36 Shat=4.7143200000e+02 Lhat=0.0000000000e+00
KNUTH_SUBTREE root=2965 depth=26 w=1.1813148640e+37 Shat=1.2006700000e+03 Lhat=0.0000000000e+00
KNUTH_SUBTREE root=2966 depth=26 w=4.9117985602e+36 Shat=2.2620320000e+03 Lhat=0.0000000000e+00
KNUTH_SUBTREE root=2967 depth=26 w=2.5018755934e+36 Shat=5.0932900000e+03 Lhat=0.0000000000e+00
KNUTH_SUBTREE root=2968 depth=26 w=3.6737398675e+36 Shat=8.2919200000e+03 Lhat=0.0000000000e+00
KNUTH_SUBTREE root=2969 depth=26 w=2.4852221186e+35 Shat=3.0000000000e+00 Lhat=0.0000000000e+00
KNUTH_SUBTREE root=2970 depth=26 w=2.6831812743e+36 Shat=1.8282500000e+03 Lhat=0.0000000000e+00
KNUTH_SUBTREE root=2971 depth=26 w=1.4550321390e+36 Shat=1.4002000000e+01 Lhat=0.0000000000e+00
KNUTH_SUBTREE root=2972 depth=26 w=4.1994501914e+36 Shat=1.8526000000e+03 Lhat=0.0000000000e+00
KNUTH_SUBTREE root=2973 depth=26 w=9.7735332118e+34 Shat=1.0000000000e+00 Lhat=0.0000000000e+00
KNUTH_SUBTREE root=2974 depth=26 w=2.8115530887e+37 Shat=3.2588800000e+02 Lhat=0.0000000000e+00
KNUTH_SUBTREE root=2975 depth=26 w=2.8042219215e+37 Shat=3.9250000000e+02 Lhat=0.0000000000e+00
KNUTH_SUBTREE root=2976 depth=26 w=2.8371136777e+36 Shat=3.0000000000e+00 Lhat=0.0000000000e+00
KNUTH_SUBTREE root=2977 depth=26 w=2.8299475930e+35 Shat=4.0040000000e+00 Lhat=0.0000000000e+00
KNUTH_SUBTREE root=2978 depth=26 w=1.1068398415e+37 Shat=4.0752080000e+03 Lhat=0.0000000000e+00
KNUTH_SUBTREE root=2979 depth=26 w=2.7045145528e+36 Shat=4.5008800000e+03 Lhat=0.0000000000e+00
KNUTH_SUBTREE root=2980 depth=26 w=6.6414796651e+36 Shat=2.2073250000e+03 Lhat=0.0000000000e+00
KNUTH_SUBTREE root=2981 depth=26 w=2.8887454635e+35 Shat=9.3680000000e+01 Lhat=0.0000000000e+00
KNUTH_SUBTREE root=2982 depth=26 w=3.1595714588e+36 Shat=3.0000000000e+00 Lhat=0.0000000000e+00
KNUTH_SUBTREE root=2983 depth=26 w=8.9473618215e+36 Shat=2.1899800000e+02 Lhat=0.0000000000e+00
KNUTH_SUBTREE root=2984 depth=26 w=1.6323865872e+37 Shat=8.5044800000e+02 Lhat=0.0000000000e+00
KNUTH_SUBTREE root=2985 depth=26 w=3.4614442823e+36 Shat=2.3091100000e+02 Lhat=0.0000000000e+00
KNUTH_SUBTREE root=2986 depth=26 w=3.0536161315e+37 Shat=7.6033000000e+01 Lhat=0.0000000000e+00
KNUTH_SUBTREE root=2987 depth=26 w=5.9265479889e+36 Shat=2.4292800000e+02 Lhat=0.0000000000e+00
KNUTH_SUBTREE root=2988 depth=26 w=5.8500653825e+35 Shat=1.3995000000e+01 Lhat=0.0000000000e+00
KNUTH_SUBTREE root=2989 depth=26 w=5.8522527017e+36 Shat=2.5254010000e+03 Lhat=0.0000000000e+00
KNUTH_SUBTREE root=2990 depth=26 w=1.7379830732e+36 Shat=3.0000000000e+00 Lhat=0.0000000000e+00
KNUTH_SUBTREE root=2991 depth=26 w=3.4258426681e+37 Shat=1.7385000000e+01 Lhat=0.0000000000e+00
KNUTH_SUBTREE root=2992 depth=26 w=3.3925573557e+36 Shat=2.7918000000e+02 Lhat=0.0000000000e+00
KNUTH_SUBTREE root=2993 depth=26 w=3.8744058043e+36 Shat=6.3634100000e+02 Lhat=0.0000000000e+00
KNUTH_SUBTREE root=2994 depth=26 w=1.8793500001e+36 Shat=2.8816000000e+01 Lhat=0.0000000000e+00
KNUTH_SUBTREE root=2995 depth=26 w=1.9857801725e+36 Shat=2.2201000000e+01 Lhat=0.0000000000e+00
KNUTH_SUBTREE root=2996 depth=26 w=2.3291232566e+37 Shat=2.0125000000e+01 Lhat=0.0000000000e+00
KNUTH_SUBTREE root=2997 depth=26 w=1.7638656594e+37 Shat=1.2464020000e+03 Lhat=0.0000000000e+00
KNUTH_SUBTREE root=2998 depth=26 w=3.0093390427e+36 Shat=2.9677880000e+03 Lhat=0.0000000000e+00
KNUTH_SUBTREE root=2999 depth=26 w=4.2648818590e+36 Shat=2.0340800000e+02 Lhat=0.0000000000e+00
KNUTH_SUBTREE root=3000 depth=26 w=6.4377415215e+36 Shat=1.6786560000e+03 Lhat=0.0000000000e+00
KNUTH_SUBTREE root=3001 depth=26 w=5.9281562287e+36 Shat=1.5000000000e+01 Lhat=0.0000000000e+00
KNUTH_SUBTREE root=3002 depth=26 w=4.9184285696e+35 Shat=4.1164000000e+01 Lhat=0.0000000000e+00
KNUTH_SUBTREE root=3003 depth=26 w=1.8964865575e+36 Shat=6.1860000000e+02 Lhat=0.0000000000e+00
KNUTH_SUBTREE root=3004 depth=26 w=1.0596532802e+37 Shat=1.7737200000e+03 Lhat=0.0000000000e+00
KNUTH_SUBTREE root=3005 depth=26 w=2.6768019854e+36 Shat=1.4015500000e+02 Lhat=0.0000000000e+00
KNUTH_SUBTREE root=3006 depth=26 w=2.8321143057e+36 Shat=2.0728000000e+01 Lhat=0.0000000000e+00
KNUTH_SUBTREE root=3007 depth=26 w=3.3064354585e+37 Shat=2.6785650000e+03 Lhat=0.0000000000e+00
KNUTH_SUBTREE root=3008 depth=26 w=4.5448814197e+35 Shat=8.7310000000e+01 Lhat=0.0000000000e+00
KNUTH_SUBTREE root=3009 depth=26 w=3.3125105335e+37 Shat=1.5455150000e+03 Lhat=0.0000000000e+00
KNUTH_SUBTREE root=3010 depth=26 w=3.1921488041e+37 Shat=1.6165480000e+03 Lhat=0.0000000000e+00
KNUTH_SUBTREE root=3011 depth=26 w=1.0846238428e+37 Shat=1.7984400000e+03 Lhat=0.0000000000e+00
KNUTH_SUBTREE root=3012 depth=26 w=2.9496356984e+36 Shat=3.9814400000e+03 Lhat=0.0000000000e+00
KNUTH_SUBTREE root=3013 depth=26 w=2.3437414152e+34 Shat=3.0000000000e+00 Lhat=0.0000000000e+00
KNUTH_SUBTREE root=3014 depth=26 w=2.9163471531e+36 Shat=1.4980880000e+03 Lhat=0.0000000000e+00
KNUTH_SUBTREE root=3015 depth=26 w=3.1712469179e+36 Shat=1.8225800000e+02 Lhat=0.0000000000e+00
KNUTH_SUBTREE root=3016 depth=26 w=1.2596476394e+35 Shat=1.0000000000e+00 Lhat=0.0000000000e+00
KNUTH_SUBTREE root=3017 depth=26 w=3.2931522159e+37 Shat=9.3357640000e+03 Lhat=0.0000000000e+00
KNUTH_SUBTREE root=3018 depth=26 w=8.4457334595e+36 Shat=1.5570000000e+01 Lhat=0.0000000000e+00
KNUTH_SUBTREE root=3019 depth=26 w=1.8032456311e+37 Shat=3.6059770000e+03 Lhat=0.0000000000e+00
KNUTH_SUBTREE root=3020 depth=26 w=1.2287745855e+37 Shat=4.1560000000e+02 Lhat=0.0000000000e+00
KNUTH_SUBTREE root=3021 depth=26 w=5.7590479803e+36 Shat=9.1185400000e+02 Lhat=0.0000000000e+00
KNUTH_SUBTREE root=3022 depth=26 w=1.2987546646e+37 Shat=1.7984000000e+01 Lhat=0.0000000000e+00
KNUTH_SUBTREE root=3023 depth=26 w=5.3204265959e+35 Shat=7.9840000000e+00 Lhat=0.0000000000e+00
KNUTH_SUBTREE root=3024 depth=26 w=9.3957250279e+36 Shat=3.9775500000e+02 Lhat=0.0000000000e+00
KNUTH_SUBTREE root=3025 depth=26 w=1.6078478529e+37 Shat=6.5983000000e+02 Lhat=0.0000000000e+00
KNUTH_SUBTREE root=3026 depth=26 w=5.6502089214e+36 Shat=4.3508900000e+03 Lhat=0.0000000000e+00
KNUTH_SUBTREE root=3027 depth=26 w=6.4823780772e+36 Shat=6.4692090000e+03 Lhat=0.0000000000e+00
KNUTH_SUBTREE root=3028 depth=26 w=1.0286809251e+37 Shat=2.0630100000e+03 Lhat=0.0000000000e+00
KNUTH_SUBTREE root=3029 depth=26 w=2.7191849391e+37 Shat=3.8678800000e+02 Lhat=0.0000000000e+00
KNUTH_SUBTREE root=3030 depth=26 w=1.1235335447e+37 Shat=3.2872000000e+01 Lhat=0.0000000000e+00
KNUTH_SUBTREE root=3031 depth=26 w=3.6362892442e+36 Shat=3.8322800000e+02 Lhat=0.0000000000e+00
KNUTH_SUBTREE root=3032 depth=26 w=6.6507136630e+36 Shat=1.2820480000e+03 Lhat=0.0000000000e+00
KNUTH_SUBTREE root=3033 depth=26 w=1.2612710785e+37 Shat=2.8001300000e+02 Lhat=0.0000000000e+00
KNUTH_SUBTREE root=3034 depth=26 w=2.0999037696e+37 Shat=4.2137200000e+02 Lhat=0.0000000000e+00
KNUTH_SUBTREE root=3035 depth=26 w=2.0021831121e+37 Shat=1.4630980000e+03 Lhat=1.7952000000e+01
KNUTH_SUBTREE root=3036 depth=26 w=3.1952397966e+37 Shat=4.5198000000e+03 Lhat=0.0000000000e+00
KNUTH_SUBTREE root=3037 depth=26 w=2.0012200831e+35 Shat=3.0000000000e+00 Lhat=0.0000000000e+00
KNUTH_SUBTREE root=3038 depth=26 w=3.1552689800e+37 Shat=1.8803390000e+03 Lhat=0.0000000000e+00
KNUTH_SUBTREE root=3039 depth=26 w=8.5527376464e+36 Shat=5.9980000000e+00 Lhat=0.0000000000e+00
KNUTH_SUBTREE root=3040 depth=26 w=4.2320753646e+36 Shat=7.6168000000e+01 Lhat=0.0000000000e+00
KNUTH_SUBTREE root=3041 depth=26 w=2.1564351471e+36 Shat=6.1636000000e+01 Lhat=0.0000000000e+00
KNUTH_SUBTREE root=3042 depth=26 w=2.7329190622e+37 Shat=1.2853120000e+03 Lhat=0.0000000000e+00
KNUTH_SUBTREE root=3043 depth=26 w=1.9938128228e+36 Shat=1.7074000000e+01 Lhat=0.0000000000e+00
KNUTH_SUBTREE root=3044 depth=26 w=3.3115080639e+37 Shat=2.2480480000e+03 Lhat=0.0000000000e+00
KNUTH_SUBTREE root=3045 depth=26 w=2.7366926820e+36 Shat=1.0035000000e+01 Lhat=0.0000000000e+00
KNUTH_SUBTREE root=3046 depth=26 w=8.7158032956e+36 Shat=8.5534000000e+01 Lhat=0.0000000000e+00
KNUTH_SUBTREE root=3047 depth=26 w=2.3135615333e+37 Shat=5.4936880000e+03 Lhat=0.0000000000e+00
KNUTH_SUBTREE root=3048 depth=26 w=1.4356646201e+36 Shat=9.1189000000e+01 Lhat=0.0000000000e+00
KNUTH_SUBTREE root=3049 depth=26 w=2.6982031596e+37 Shat=2.7184510000e+03 Lhat=0.0000000000e+00
KNUTH_SUBTREE root=3050 depth=26 w=8.2248594084e+36 Shat=1.1752700000e+03 Lhat=0.0000000000e+00
KNUTH_SUBTREE root=3051 depth=26 w=6.4363192119e+36 Shat=3.1644010000e+03 Lhat=0.0000000000e+00
KNUTH_SUBTREE root=3052 depth=26 w=4.1069017771e+36 Shat=5.5928000000e+02 Lhat=0.0000000000e+00
KNUTH_SUBTREE root=3053 depth=26 w=3.9260259276e+36 Shat=4.0591000000e+02 Lhat=0.0000000000e+00
KNUTH_SUBTREE root=3054 depth=26 w=2.9320766670e+37 Shat=1.7071600000e+03 Lhat=0.0000000000e+00
KNUTH_SUBTREE root=3055 depth=26 w=1.1845766142e+37 Shat=1.2220930000e+03 Lhat=0.0000000000e+00
KNUTH_SUBTREE root=3056 depth=26 w=3.9158289609e+36 Shat=5.5944000000e+03 Lhat=0.0000000000e+00
KNUTH_SUBTREE root=3057 depth=26 w=1.0313575832e+36 Shat=1.2064000000e+01 Lhat=0.0000000000e+00
KNUTH_SUBTREE root=3058 depth=26 w=2.5221007534e+37 Shat=1.6568200000e+03 Lhat=0.0000000000e+00
KNUTH_SUBTREE root=3059 depth=26 w=2.9229967790e+37 Shat=2.6657000000e+03 Lhat=0.0000000000e+00
KNUTH_SUBTREE root=3060 depth=26 w=2.1241328491e+37 Shat=2.4451660000e+03 Lhat=0.0000000000e+00
KNUTH_SUBTREE root=3061 depth=26 w=3.0774226717e+37 Shat=1.0052240000e+03 Lhat=0.0000000000e+00
KNUTH_SUBTREE root=3062 depth=26 w=5.5945295923e+36 Shat=5.8217500000e+02 Lhat=0.0000000000e+00
KNUTH_SUBTREE root=3063 depth=26 w=1.8204534879e+36 Shat=3.9267400000e+04 Lhat=0.0000000000e+00
KNUTH_SUBTREE root=3064 depth=26 w=6.9691450318e+36 Shat=7.3942000000e+02 Lhat=0.0000000000e+00
KNUTH_SUBTREE root=3065 depth=26 w=1.3867501430e+37 Shat=6.7761100000e+02 Lhat=0.0000000000e+00
KNUTH_SUBTREE root=3066 depth=26 w=2.5012963890e+36 Shat=5.0000000000e+00 Lhat=0.0000000000e+00
KNUTH_SUBTREE root=3067 depth=26 w=8.2545833691e+36 Shat=1.1245510000e+03 Lhat=0.0000000000e+00
KNUTH_SUBTREE root=3068 depth=26 w=2.9255373895e+37 Shat=4.8734560000e+03 Lhat=0.0000000000e+00
KNUTH_SUBTREE root=3069 depth=26 w=5.1219118537e+36 Shat=7.2125000000e+02 Lhat=0.0000000000e+00
KNUTH_SUBTREE root=3070 depth=26 w=2.5383558299e+36 Shat=2.7040000000e+01 Lhat=0.0000000000e+00
KNUTH_SUBTREE root=3071 depth=26 w=3.8798306115e+36 Shat=2.8027600000e+03 Lhat=1.6401600000e+02
KNUTH_SUBTREE root=3072 depth=26 w=8.1585568646e+36 Shat=1.1759600000e+02 Lhat=0.0000000000e+00
KNUTH_SUBTREE root=3073 depth=26 w=2.3399809559e+36 Shat=3.3464000000e+01 Lhat=0.0000000000e+00
KNUTH_SUBTREE root=3074 depth=26 w=2.3037238545e+36 Shat=1.7500000000e+02 Lhat=0.0000000000e+00
KNUTH_SUBTREE root=3075 depth=26 w=4.2443883126e+36 Shat=1.6530400000e+02 Lhat=0.0000000000e+00
KNUTH_SUBTREE root=3076 depth=26 w=3.4757887105e+36 Shat=1.7960200000e+03 Lhat=0.0000000000e+00
KNUTH_SUBTREE root=3077 depth=26 w=1.1340036769e+37 Shat=1.3395570000e+03 Lhat=0.0000000000e+00
KNUTH_SUBTREE root=3078 depth=26 w=1.3185142025e+37 Shat=2.1470400000e+03 Lhat=0.0000000000e+00
KNUTH_SUBTREE root=3079 depth=26 w=3.7851403129e+36 Shat=1.2652210000e+03 Lhat=0.0000000000e+00
KNUTH_SUBTREE root=3080 depth=26 w=0 Shat=0 Lhat=0 dead=1
KNUTH_SUBTREE root=3081 depth=26 w=8.2829500596e+35 Shat=8.0500000000e+00 Lhat=0.0000000000e+00
KNUTH_SUBTREE root=3082 depth=26 w=3.0687280187e+36 Shat=1.0352240000e+03 Lhat=0.0000000000e+00
KNUTH_SUBTREE root=3083 depth=26 w=8.5434295010e+35 Shat=1.2170000000e+01 Lhat=0.0000000000e+00
KNUTH_SUBTREE root=3084 depth=26 w=5.0768176900e+36 Shat=2.6745920000e+03 Lhat=0.0000000000e+00
KNUTH_SUBTREE root=3085 depth=26 w=8.5788084534e+36 Shat=7.8919400000e+02 Lhat=0.0000000000e+00
KNUTH_SUBTREE root=3086 depth=26 w=2.4092028126e+37 Shat=4.4620000000e+01 Lhat=0.0000000000e+00
KNUTH_SUBTREE root=3087 depth=26 w=3.1978078635e+36 Shat=1.9052000000e+01 Lhat=0.0000000000e+00
KNUTH_SUBTREE root=3088 depth=26 w=4.2978658794e+36 Shat=1.3686640000e+03 Lhat=0.0000000000e+00
KNUTH_SUBTREE root=3089 depth=26 w=3.6571831563e+36 Shat=1.4419900000e+03 Lhat=0.0000000000e+00
KNUTH_SUBTREE root=3090 depth=26 w=3.7198483377e+36 Shat=4.1188000000e+01 Lhat=0.0000000000e+00
KNUTH_SUBTREE root=3091 depth=26 w=1.8840654587e+37 Shat=7.0933600000e+02 Lhat=0.0000000000e+00
KNUTH_SUBTREE root=3092 depth=26 w=2.1941091701e+37 Shat=3.6046810000e+03 Lhat=0.0000000000e+00
KNUTH_SUBTREE root=3093 depth=26 w=1.8154905406e+37 Shat=1.0045850000e+03 Lhat=0.0000000000e+00
KNUTH_SUBTREE root=3094 depth=26 w=7.6128101716e+36 Shat=5.7772880000e+03 Lhat=0.0000000000e+00
KNUTH_SUBTREE root=3095 depth=26 w=2.4765603078e+36 Shat=1.5199600000e+02 Lhat=0.0000000000e+00
KNUTH_SUBTREE root=3096 depth=26 w=3.4240381561e+36 Shat=1.3266000000e+02 Lhat=0.0000000000e+00
KNUTH_SUBTREE root=3097 depth=26 w=2.5156946858e+36 Shat=2.3066000000e+02 Lhat=0.0000000000e+00
KNUTH_SUBTREE root=3098 depth=26 w=3.0299041137e+37 Shat=3.9350400000e+03 Lhat=0.0000000000e+00
KNUTH_SUBTREE root=3099 depth=26 w=2.9955153065e+37 Shat=3.8351560000e+03 Lhat=0.0000000000e+00
KNUTH_SUBTREE root=3100 depth=26 w=4.7955239409e+36 Shat=5.0000000000e+00 Lhat=0.0000000000e+00
KNUTH_SUBTREE root=3101 depth=26 w=2.4512958395e+37 Shat=1.6675000000e+01 Lhat=0.0000000000e+00
KNUTH_SUBTREE root=3102 depth=26 w=7.0013479683e+36 Shat=1.3000000000e+01 Lhat=0.0000000000e+00
KNUTH_SUBTREE root=3103 depth=26 w=2.9618980005e+37 Shat=3.6968800000e+03 Lhat=0.0000000000e+00
KNUTH_SUBTREE root=3104 depth=26 w=1.0906895874e+37 Shat=5.3011630000e+03 Lhat=0.0000000000e+00
KNUTH_SUBTREE root=3105 depth=26 w=3.7878615949e+36 Shat=3.8765560000e+03 Lhat=0.0000000000e+00
KNUTH_SUBTREE root=3106 depth=26 w=7.0526874859e+36 Shat=1.2514160000e+03 Lhat=0.0000000000e+00
KNUTH_SUBTREE root=3107 depth=26 w=5.7696057469e+36 Shat=7.6109500000e+02 Lhat=0.0000000000e+00
KNUTH_SUBTREE root=3108 depth=26 w=2.1372613300e+37 Shat=4.6262800000e+02 Lhat=0.0000000000e+00
KNUTH_SUBTREE root=3109 depth=26 w=4.7814874391e+36 Shat=4.7899000000e+02 Lhat=0.0000000000e+00
KNUTH_SUBTREE root=3110 depth=26 w=2.4502853601e+37 Shat=8.6972000000e+02 Lhat=0.0000000000e+00
KNUTH_SUBTREE root=3111 depth=26 w=3.0488398218e+36 Shat=7.4778400000e+02 Lhat=0.0000000000e+00
KNUTH_SUBTREE root=3112 depth=26 w=1.2877999515e+36 Shat=9.7500000000e+01 Lhat=0.0000000000e+00
KNUTH_SUBTREE root=3113 depth=26 w=2.9395381090e+37 Shat=1.7182650000e+03 Lhat=0.0000000000e+00
KNUTH_SUBTREE root=3114 depth=26 w=1.2717007233e+37 Shat=5.2582000000e+02 Lhat=0.0000000000e+00
KNUTH_SUBTREE root=3115 depth=26 w=4.6739373545e+36 Shat=3.8046610000e+03 Lhat=0.0000000000e+00
KNUTH_SUBTREE root=3116 depth=26 w=9.0556317885e+36 Shat=1.5723300000e+03 Lhat=0.0000000000e+00
KNUTH_SUBTREE root=3117 depth=26 w=1.8618211545e+36 Shat=5.9056800000e+02 Lhat=0.0000000000e+00
KNUTH_SUBTREE root=3118 depth=26 w=7.6514169691e+36 Shat=3.1926160000e+03 Lhat=0.0000000000e+00
KNUTH_SUBTREE root=3119 depth=26 w=3.6088952510e+36 Shat=5.9265100000e+03 Lhat=0.0000000000e+00
KNUTH_SUBTREE root=3120 depth=26 w=2.6738725384e+37 Shat=2.6738200000e+03 Lhat=0.0000000000e+00
KNUTH_SUBTREE root=3121 depth=26 w=2.7170882904e+36 Shat=4.8500000000e+01 Lhat=0.0000000000e+00
KNUTH_SUBTREE root=3122 depth=26 w=2.0186819330e+37 Shat=1.4701200000e+02 Lhat=0.0000000000e+00
KNUTH_SUBTREE root=3123 depth=26 w=2.3085025593e+37 Shat=1.8907800000e+02 Lhat=0.0000000000e+00
KNUTH_SUBTREE root=3124 depth=26 w=9.4617841885e+34 Shat=1.0984000000e+01 Lhat=0.0000000000e+00
KNUTH_SUBTREE root=3125 depth=26 w=1.1484544661e+37 Shat=4.8952800000e+02 Lhat=0.0000000000e+00
KNUTH_SUBTREE root=3126 depth=26 w=2.9248115194e+37 Shat=5.3924400000e+03 Lhat=0.0000000000e+00
KNUTH_SUBTREE root=3127 depth=26 w=3.9607558764e+37 Shat=6.5899900000e+02 Lhat=0.0000000000e+00
KNUTH_SUBTREE root=3128 depth=26 w=3.3940042148e+36 Shat=4.0750000000e+01 Lhat=0.0000000000e+00
KNUTH_SUBTREE root=3129 depth=26 w=3.2664659281e+36 Shat=4.2318880000e+03 Lhat=0.0000000000e+00
KNUTH_SUBTREE root=3130 depth=26 w=2.3975768507e+36 Shat=4.4899680000e+03 Lhat=0.0000000000e+00
KNUTH_SUBTREE root=3131 depth=26 w=3.6201826231e+36 Shat=7.9686500000e+02 Lhat=0.0000000000e+00
KNUTH_SUBTREE root=3132 depth=26 w=2.5531269083e+37 Shat=5.7182800000e+02 Lhat=0.0000000000e+00
KNUTH_SUBTREE root=3133 depth=26 w=6.7166656854e+35 Shat=3.6840000000e+01 Lhat=0.0000000000e+00
KNUTH_SUBTREE root=3134 depth=26 w=3.1058775749e+37 Shat=3.6394600000e+03 Lhat=0.0000000000e+00
KNUTH_SUBTREE root=3135 depth=26 w=5.0075765092e+36 Shat=2.1965800000e+02 Lhat=0.0000000000e+00
KNUTH_SUBTREE root=3136 depth=26 w=8.5906091148e+36 Shat=2.9494560000e+03 Lhat=0.0000000000e+00
KNUTH_SUBTREE root=3137 depth=26 w=3.0654769831e+36 Shat=2.7655100000e+03 Lhat=0.0000000000e+00
KNUTH_SUBTREE root=3138 depth=26 w=1.1427048319e+37 Shat=5.9809420000e+03 Lhat=0.0000000000e+00
KNUTH_SUBTREE root=3139 depth=26 w=5.7597214482e+35 Shat=1.6025000000e+01 Lhat=0.0000000000e+00
KNUTH_SUBTREE root=3140 depth=26 w=6.2224378398e+36 Shat=7.6254400000e+02 Lhat=0.0000000000e+00
KNUTH_SUBTREE root=3141 depth=26 w=4.0495895609e+36 Shat=5.4480680000e+03 Lhat=0.0000000000e+00
KNUTH_SUBTREE root=3142 depth=26 w=1.3476401888e+37 Shat=5.5834400000e+02 Lhat=0.0000000000e+00
KNUTH_SUBTREE root=3143 depth=26 w=2.4267493719e+36 Shat=8.0775000000e+02 Lhat=0.0000000000e+00
KNUTH_SUBTREE root=3144 depth=26 w=1.8746597066e+37 Shat=5.5274800000e+03 Lhat=0.0000000000e+00
KNUTH_SUBTREE root=3145 depth=26 w=1.4612564712e+37 Shat=5.8342000000e+01 Lhat=0.0000000000e+00
KNUTH_SUBTREE root=3146 depth=26 w=4.3010336685e+36 Shat=2.0180000000e+01 Lhat=0.0000000000e+00
KNUTH_SUBTREE root=3147 depth=26 w=1.0137407963e+37 Shat=4.6608000000e+01 Lhat=0.0000000000e+00
KNUTH_SUBTREE root=3148 depth=26 w=1.1322478402e+37 Shat=2.0983200000e+02 Lhat=0.0000000000e+00
KNUTH_SUBTREE root=3149 depth=26 w=1.1057270395e+37 Shat=1.6756000000e+03 Lhat=0.0000000000e+00
KNUTH_SUBTREE root=3150 depth=26 w=2.0727632433e+36 Shat=8.9938000000e+02 Lhat=0.0000000000e+00
KNUTH_SUBTREE root=3151 depth=26 w=3.9273636138e+36 Shat=1.1407000000e+02 Lhat=0.0000000000e+00
KNUTH_SUBTREE root=3152 depth=26 w=9.7807976910e+36 Shat=4.4985700000e+03 Lhat=0.0000000000e+00
KNUTH_SUBTREE root=3153 depth=26 w=8.4308926204e+36 Shat=1.4306400000e+02 Lhat=0.0000000000e+00
KNUTH_SUBTREE root=3154 depth=26 w=3.0216751796e+37 Shat=4.4744600000e+02 Lhat=0.0000000000e+00
KNUTH_SUBTREE root=3155 depth=26 w=1.6960861312e+37 Shat=1.4585400000e+03 Lhat=0.0000000000e+00
KNUTH_SUBTREE root=3156 depth=26 w=1.9453247102e+37 Shat=9.7913000000e+02 Lhat=0.0000000000e+00
KNUTH_SUBTREE root=3157 depth=26 w=1.9020618089e+36 Shat=7.9000000000e+01 Lhat=0.0000000000e+00
KNUTH_SUBTREE root=3158 depth=26 w=5.4477395538e+36 Shat=5.1949000000e+02 Lhat=0.0000000000e+00
KNUTH_SUBTREE root=3159 depth=26 w=2.3052952862e+37 Shat=1.1956150000e+03 Lhat=0.0000000000e+00
KNUTH_SUBTREE root=3160 depth=26 w=9.7801615830e+36 Shat=2.3396680000e+03 Lhat=0.0000000000e+00
KNUTH_SUBTREE root=3161 depth=26 w=3.2352420567e+37 Shat=2.2109600000e+02 Lhat=0.0000000000e+00
KNUTH_SUBTREE root=3162 depth=26 w=3.1927997380e+37 Shat=1.1201800000e+03 Lhat=0.0000000000e+00
KNUTH_SUBTREE root=3163 depth=26 w=4.6604169898e+36 Shat=9.8315000000e+01 Lhat=0.0000000000e+00
KNUTH_SUBTREE root=3164 depth=26 w=1.1383252406e+37 Shat=9.0968000000e+01 Lhat=0.0000000000e+00
KNUTH_SUBTREE root=3165 depth=26 w=5.2898649236e+36 Shat=1.8531200000e+02 Lhat=0.0000000000e+00
KNUTH_SUBTREE root=3166 depth=26 w=8.5498373432e+36 Shat=6.3451200000e+02 Lhat=0.0000000000e+00
KNUTH_SUBTREE root=3167 depth=26 w=7.2571138648e+36 Shat=2.7292640000e+03 Lhat=0.0000000000e+00
KNUTH_SUBTREE root=3168 depth=26 w=4.7477572961e+36 Shat=5.5139200000e+02 Lhat=0.0000000000e+00
KNUTH_SUBTREE root=3169 depth=26 w=1.4381404295e+37 Shat=2.2771200000e+02 Lhat=0.0000000000e+00
KNUTH_SUBTREE root=3170 depth=26 w=2.9508653755e+37 Shat=2.8575200000e+02 Lhat=0.0000000000e+00
KNUTH_SUBTREE root=3171 depth=26 w=2.9412583021e+36 Shat=1.7028000000e+01 Lhat=0.0000000000e+00
KNUTH_SUBTREE root=3172 depth=26 w=3.4291528264e+36 Shat=7.3340000000e+01 Lhat=0.0000000000e+00
KNUTH_SUBTREE root=3173 depth=26 w=3.7860512066e+37 Shat=8.3584900000e+02 Lhat=0.0000000000e+00
KNUTH_SUBTREE root=3174 depth=26 w=2.4519091752e+35 Shat=1.2022000000e+01 Lhat=0.0000000000e+00
KNUTH_SUBTREE root=3175 depth=26 w=5.7212709286e+36 Shat=3.9418490000e+03 Lhat=0.0000000000e+00
KNUTH_SUBTREE root=3176 depth=26 w=3.1010146780e+36 Shat=1.4248400000e+02 Lhat=0.0000000000e+00
KNUTH_SUBTREE root=3177 depth=26 w=6.5665657164e+35 Shat=3.0000000000e+00 Lhat=0.0000000000e+00
KNUTH_SUBTREE root=3178 depth=26 w=8.3008964954e+36 Shat=1.0000000000e+01 Lhat=0.0000000000e+00
KNUTH_SUBTREE root=3179 depth=26 w=2.7450860327e+36 Shat=2.6291200000e+03 Lhat=0.0000000000e+00
KNUTH_SUBTREE root=3180 depth=26 w=2.8348349301e+37 Shat=2.7292200000e+03 Lhat=0.0000000000e+00
KNUTH_SUBTREE root=3181 depth=26 w=6.4624910404e+36 Shat=8.9356000000e+02 Lhat=0.0000000000e+00
KNUTH_SUBTREE root=3182 depth=26 w=1.3072052002e+37 Shat=2.9104800000e+02 Lhat=0.0000000000e+00
KNUTH_SUBTREE root=3183 depth=26 w=1.0066008156e+37 Shat=1.6597420000e+03 Lhat=0.0000000000e+00
KNUTH_SUBTREE root=3184 depth=26 w=7.7109933496e+36 Shat=2.7088000000e+03 Lhat=0.0000000000e+00
KNUTH_SUBTREE root=3185 depth=26 w=7.8767491932e+36 Shat=3.0000000000e+00 Lhat=0.0000000000e+00
KNUTH_SUBTREE root=3186 depth=26 w=5.9914226355e+36 Shat=2.8816840000e+03 Lhat=0.0000000000e+00
KNUTH_SUBTREE root=3187 depth=26 w=2.6186157019e+36 Shat=1.0000000000e+00 Lhat=0.0000000000e+00
KNUTH_SUBTREE root=3188 depth=26 w=2.6134603320e+36 Shat=7.9000000000e+01 Lhat=0.0000000000e+00
KNUTH_SUBTREE root=3189 depth=26 w=3.4173937792e+36 Shat=6.4311130000e+03 Lhat=0.0000000000e+00
KNUTH_SUBTREE root=3190 depth=26 w=4.6414148252e+35 Shat=2.4920000000e+01 Lhat=0.0000000000e+00
KNUTH_SUBTREE root=3191 depth=26 w=3.9438882712e+36 Shat=1.4876830000e+03 Lhat=8.4654000000e+01
KNUTH_SUBTREE root=3192 depth=26 w=2.5847949810e+36 Shat=7.7932700000e+02 Lhat=0.0000000000e+00
KNUTH_SUBTREE root=3193 depth=26 w=2.8288094956e+37 Shat=8.6113000000e+02 Lhat=0.0000000000e+00
KNUTH_SUBTREE root=3194 depth=26 w=8.3562786763e+35 Shat=1.1418000000e+02 Lhat=0.0000000000e+00
KNUTH_SUBTREE root=3195 depth=26 w=8.5491900055e+36 Shat=6.0485470000e+03 Lhat=0.0000000000e+00
KNUTH_SUBTREE root=3196 depth=26 w=5.5110699629e+36 Shat=1.4910000000e+01 Lhat=0.0000000000e+00
KNUTH_SUBTREE root=3197 depth=26 w=8.2303934892e+36 Shat=1.0839250000e+03 Lhat=0.0000000000e+00
KNUTH_SUBTREE root=3198 depth=26 w=2.7495881588e+37 Shat=7.0868000000e+02 Lhat=0.0000000000e+00
KNUTH_SUBTREE root=3199 depth=26 w=6.6592420706e+36 Shat=5.7827200000e+02 Lhat=0.0000000000e+00
KNUTH_SUBTREE root=3200 depth=26 w=1.8147482498e+37 Shat=8.4057600000e+02 Lhat=0.0000000000e+00
KNUTH_SUBTREE root=3201 depth=26 w=1.0890278230e+36 Shat=1.1364000000e+02 Lhat=0.0000000000e+00
KNUTH_SUBTREE root=3202 depth=26 w=2.0948875705e+37 Shat=2.2278200000e+03 Lhat=0.0000000000e+00
KNUTH_SUBTREE root=3203 depth=26 w=1.5126586527e+37 Shat=7.0968500000e+03 Lhat=0.0000000000e+00
KNUTH_SUBTREE root=3204 depth=26 w=2.6899164641e+37 Shat=1.9006010000e+03 Lhat=1.3860000000e+01
KNUTH_SUBTREE root=3205 depth=26 w=3.0632790739e+37 Shat=1.3550480000e+03 Lhat=0.0000000000e+00
KNUTH_SUBTREE root=3206 depth=26 w=2.3728386125e+36 Shat=9.9595000000e+02 Lhat=0.0000000000e+00
KNUTH_SUBTREE root=3207 depth=26 w=1.2276054189e+37 Shat=4.2310960000e+03 Lhat=0.0000000000e+00
KNUTH_SUBTREE root=3208 depth=26 w=3.4564781010e+36 Shat=9.9308000000e+01 Lhat=0.0000000000e+00
KNUTH_SUBTREE root=3209 depth=26 w=2.3873138852e+37 Shat=7.6617100000e+02 Lhat=0.0000000000e+00
KNUTH_SUBTREE root=3210 depth=26 w=2.7271878365e+36 Shat=8.3027080000e+03 Lhat=0.0000000000e+00
KNUTH_SUBTREE root=3211 depth=26 w=4.4927697188e+36 Shat=2.5173200000e+03 Lhat=0.0000000000e+00
KNUTH_SUBTREE root=3212 depth=26 w=1.9569257676e+37 Shat=1.2720000000e+02 Lhat=0.0000000000e+00
KNUTH_SUBTREE root=3213 depth=26 w=2.5570426067e+36 Shat=3.2776000000e+01 Lhat=0.0000000000e+00
KNUTH_SUBTREE root=3214 depth=26 w=5.2033888379e+35 Shat=1.8092000000e+01 Lhat=0.0000000000e+00
KNUTH_SUBTREE root=3215 depth=26 w=1.8998803339e+36 Shat=3.4968000000e+01 Lhat=0.0000000000e+00
KNUTH_SUBTREE root=3216 depth=26 w=1.8403449271e+37 Shat=8.6654000000e+02 Lhat=0.0000000000e+00
KNUTH_SUBTREE root=3217 depth=26 w=2.4376567949e+36 Shat=6.2935200000e+02 Lhat=0.0000000000e+00
KNUTH_SUBTREE root=3218 depth=26 w=9.0849951398e+36 Shat=2.9747890000e+03 Lhat=0.0000000000e+00
KNUTH_SUBTREE root=3219 depth=26 w=1.7932807521e+37 Shat=1.4781700000e+02 Lhat=0.0000000000e+00
KNUTH_SUBTREE root=3220 depth=26 w=5.4736455731e+36 Shat=2.6768000000e+01 Lhat=0.0000000000e+00
KNUTH_SUBTREE root=3221 depth=26 w=2.6317316178e+37 Shat=9.4237600000e+02 Lhat=0.0000000000e+00
KNUTH_SUBTREE root=3222 depth=26 w=2.3682026555e+36 Shat=6.2116080000e+03 Lhat=1.3171200000e+02
KNUTH_SUBTREE root=3223 depth=26 w=2.6575884300e+37 Shat=1.4453680000e+03 Lhat=0.0000000000e+00
KNUTH_SUBTREE root=3224 depth=26 w=2.9528391985e+37 Shat=2.9620000000e+01 Lhat=0.0000000000e+00
KNUTH_SUBTREE root=3225 depth=26 w=3.0626573767e+37 Shat=5.5411000000e+01 Lhat=0.0000000000e+00
KNUTH_SUBTREE root=3226 depth=26 w=2.5744758581e+36 Shat=5.9177000000e+02 Lhat=0.0000000000e+00
KNUTH_SUBTREE root=3227 depth=26 w=3.8105930519e+36 Shat=2.5180000000e+02 Lhat=0.0000000000e+00
KNUTH_SUBTREE root=3228 depth=26 w=2.6783513526e+37 Shat=1.9326100000e+03 Lhat=0.0000000000e+00
KNUTH_SUBTREE root=3229 depth=26 w=4.7760675189e+36 Shat=6.9008000000e+01 Lhat=0.0000000000e+00
KNUTH_SUBTREE root=3230 depth=26 w=3.5381400727e+36 Shat=1.0205800000e+03 Lhat=0.0000000000e+00
KNUTH_SUBTREE root=3231 depth=26 w=3.0488990036e+36 Shat=4.3036000000e+01 Lhat=0.0000000000e+00
KNUTH_SUBTREE root=3232 depth=26 w=1.3447677623e+37 Shat=6.0704000000e+01 Lhat=0.0000000000e+00
KNUTH_SUBTREE root=3233 depth=26 w=1.8981155001e+36 Shat=6.7945450000e+03 Lhat=0.0000000000e+00
KNUTH_SUBTREE root=3234 depth=26 w=2.5672563666e+36 Shat=1.3000000000e+01 Lhat=0.0000000000e+00
KNUTH_SUBTREE root=3235 depth=26 w=6.6678750550e+36 Shat=4.2365400000e+03 Lhat=0.0000000000e+00
KNUTH_SUBTREE root=3236 depth=26 w=2.2491287409e+37 Shat=6.1168800000e+02 Lhat=0.0000000000e+00
KNUTH_SUBTREE root=3237 depth=26 w=6.6741001405e+36 Shat=1.3000000000e+01 Lhat=0.0000000000e+00
KNUTH_SUBTREE root=3238 depth=26 w=3.5848959833e+36 Shat=2.8969000000e+01 Lhat=0.0000000000e+00
KNUTH_SUBTREE root=3239 depth=26 w=8.0734438009e+36 Shat=4.0000000000e+00 Lhat=0.0000000000e+00
KNUTH_SUBTREE root=3240 depth=26 w=4.1133986049e+36 Shat=9.7975000000e+02 Lhat=0.0000000000e+00
KNUTH_SUBTREE root=3241 depth=26 w=3.4509187888e+35 Shat=3.0956000000e+01 Lhat=0.0000000000e+00
KNUTH_SUBTREE root=3242 depth=26 w=6.0587456086e+35 Shat=2.7955000000e+01 Lhat=0.0000000000e+00
KNUTH_SUBTREE root=3243 depth=26 w=1.2398189798e+37 Shat=1.8529300000e+03 Lhat=0.0000000000e+00
KNUTH_SUBTREE root=3244 depth=26 w=2.6743677368e+37 Shat=2.6561400000e+03 Lhat=0.0000000000e+00
KNUTH_SUBTREE root=3245 depth=26 w=2.9989179919e+36 Shat=4.0000000000e+00 Lhat=0.0000000000e+00
KNUTH_SUBTREE root=3246 depth=26 w=2.9361539681e+36 Shat=3.0096800000e+02 Lhat=0.0000000000e+00
KNUTH_SUBTREE root=3247 depth=26 w=6.7799559010e+36 Shat=2.2255510000e+03 Lhat=0.0000000000e+00
KNUTH_SUBTREE root=3248 depth=26 w=3.1731846960e+37 Shat=3.8677640000e+03 Lhat=0.0000000000e+00
KNUTH_SUBTREE root=3249 depth=26 w=8.5941326511e+36 Shat=2.1680000000e+02 Lhat=0.0000000000e+00
KNUTH_SUBTREE root=3250 depth=26 w=4.9302793995e+35 Shat=5.0000000000e+00 Lhat=0.0000000000e+00
KNUTH_SUBTREE root=3251 depth=26 w=3.8220804935e+37 Shat=8.2221000000e+03 Lhat=0.0000000000e+00
KNUTH_SUBTREE root=3252 depth=26 w=2.3526901884e+36 Shat=1.9759600000e+03 Lhat=0.0000000000e+00
KNUTH_SUBTREE root=3253 depth=26 w=2.5229170899e+36 Shat=1.8928000000e+01 Lhat=0.0000000000e+00
KNUTH_SUBTREE root=3254 depth=26 w=8.4834267909e+35 Shat=1.0000000000e+00 Lhat=0.0000000000e+00
KNUTH_SUBTREE root=3255 depth=26 w=1.6889237002e+37 Shat=1.6715620000e+03 Lhat=0.0000000000e+00
KNUTH_SUBTREE root=3256 depth=26 w=2.7281295285e+37 Shat=1.5885880000e+03 Lhat=0.0000000000e+00
KNUTH_SUBTREE root=3257 depth=26 w=5.7083691059e+34 Shat=3.0000000000e+00 Lhat=0.0000000000e+00
KNUTH_SUBTREE root=3258 depth=26 w=2.6140068565e+37 Shat=1.7076100000e+03 Lhat=0.0000000000e+00
KNUTH_SUBTREE root=3259 depth=26 w=7.2851299974e+36 Shat=1.3992280000e+03 Lhat=0.0000000000e+00
KNUTH_SUBTREE root=3260 depth=26 w=4.0459059315e+36 Shat=1.3000000000e+01 Lhat=0.0000000000e+00
KNUTH_SUBTREE root=3261 depth=26 w=3.2290607190e+36 Shat=8.9137000000e+02 Lhat=0.0000000000e+00
KNUTH_SUBTREE root=3262 depth=26 w=1.7293411355e+37 Shat=2.6998400000e+02 Lhat=0.0000000000e+00
KNUTH_SUBTREE root=3263 depth=26 w=8.7203935575e+36 Shat=1.0247410000e+03 Lhat=0.0000000000e+00
KNUTH_SUBTREE root=3264 depth=26 w=3.4900769376e+36 Shat=3.5074000000e+01 Lhat=0.0000000000e+00
KNUTH_SUBTREE root=3265 depth=26 w=1.6255153968e+36 Shat=7.3162000000e+01 Lhat=0.0000000000e+00
KNUTH_SUBTREE root=3266 depth=26 w=3.1856007956e+37 Shat=1.3511180000e+03 Lhat=0.0000000000e+00
KNUTH_SUBTREE root=3267 depth=26 w=1.2921778492e+37 Shat=1.3835400000e+03 Lhat=0.0000000000e+00
KNUTH_SUBTREE root=3268 depth=26 w=7.0218607874e+36 Shat=4.2338000000e+02 Lhat=0.0000000000e+00
KNUTH_SUBTREE root=3269 depth=26 w=4.4590185851e+36 Shat=4.4926000000e+01 Lhat=0.0000000000e+00
KNUTH_SUBTREE root=3270 depth=26 w=1.0234777072e+37 Shat=1.1753000000e+02 Lhat=0.0000000000e+00
KNUTH_SUBTREE root=3271 depth=26 w=1.2517268042e+37 Shat=1.6250070000e+03 Lhat=0.0000000000e+00
KNUTH_SUBTREE root=3272 depth=26 w=8.1347032683e+36 Shat=3.2234400000e+02 Lhat=0.0000000000e+00
KNUTH_SUBTREE root=3273 depth=26 w=2.5610167110e+37 Shat=4.0836300000e+03 Lhat=0.0000000000e+00
KNUTH_SUBTREE root=3274 depth=26 w=9.8522074829e+36 Shat=5.2668200000e+03 Lhat=0.0000000000e+00
KNUTH_SUBTREE root=3275 depth=26 w=8.7133025056e+36 Shat=3.6894790000e+03 Lhat=1.6900200000e+02
KNUTH_SUBTREE root=3276 depth=26 w=9.8844539411e+36 Shat=2.6464000000e+01 Lhat=0.0000000000e+00
KNUTH_SUBTREE root=3277 depth=26 w=2.6630941322e+36 Shat=1.5975840000e+03 Lhat=0.0000000000e+00
KNUTH_SUBTREE root=3278 depth=26 w=3.2576115789e+37 Shat=2.2514020000e+03 Lhat=0.0000000000e+00
KNUTH_SUBTREE root=3279 depth=26 w=8.8629468451e+34 Shat=1.5000000000e+01 Lhat=0.0000000000e+00
KNUTH_SUBTREE root=3280 depth=26 w=3.1607825620e+37 Shat=7.4250400000e+02 Lhat=0.0000000000e+00
KNUTH_SUBTREE root=3281 depth=26 w=2.1531360393e+37 Shat=3.4452000000e+02 Lhat=0.0000000000e+00
KNUTH_SUBTREE root=3282 depth=26 w=8.9676072778e+36 Shat=3.6269290000e+03 Lhat=5.5324800000e+02
KNUTH_SUBTREE root=3283 depth=26 w=8.0282560275e+36 Shat=2.4678910000e+03 Lhat=0.0000000000e+00
KNUTH_SUBTREE root=3284 depth=26 w=2.3248433278e+37 Shat=7.9000000000e+01 Lhat=0.0000000000e+00
KNUTH_SUBTREE root=3285 depth=26 w=4.5921004692e+36 Shat=4.6159000000e+01 Lhat=0.0000000000e+00
KNUTH_SUBTREE root=3286 depth=26 w=2.3646958576e+37 Shat=4.3993600000e+03 Lhat=0.0000000000e+00
KNUTH_SUBTREE root=3287 depth=26 w=2.3178007952e+36 Shat=9.3700000000e+03 Lhat=0.0000000000e+00
KNUTH_SUBTREE root=3288 depth=26 w=2.1731812937e+37 Shat=1.9965800000e+03 Lhat=0.0000000000e+00
KNUTH_SUBTREE root=3289 depth=26 w=1.4134771085e+37 Shat=7.5638800000e+02 Lhat=0.0000000000e+00
KNUTH_SUBTREE root=3290 depth=26 w=7.1327680438e+36 Shat=3.2968000000e+01 Lhat=0.0000000000e+00
KNUTH_SUBTREE root=3291 depth=26 w=3.6258165221e+36 Shat=1.1464660000e+04 Lhat=0.0000000000e+00
KNUTH_SUBTREE root=3292 depth=26 w=2.0593373714e+37 Shat=1.6985500000e+03 Lhat=0.0000000000e+00
KNUTH_SUBTREE root=3293 depth=26 w=3.5445635002e+37 Shat=5.3988900000e+03 Lhat=0.0000000000e+00
KNUTH_SUBTREE root=3294 depth=26 w=7.8133140836e+36 Shat=4.8374360000e+03 Lhat=0.0000000000e+00
KNUTH_SUBTREE root=3295 depth=26 w=7.2546006135e+36 Shat=1.9048000000e+01 Lhat=0.0000000000e+00
KNUTH_SUBTREE root=3296 depth=26 w=3.3098508057e+37 Shat=1.6425900000e+03 Lhat=0.0000000000e+00
KNUTH_SUBTREE root=3297 depth=26 w=2.8059286743e+37 Shat=6.1417600000e+02 Lhat=0.0000000000e+00
KNUTH_SUBTREE root=3298 depth=26 w=3.6368609214e+36 Shat=9.4647000000e+02 Lhat=0.0000000000e+00
KNUTH_SUBTREE root=3299 depth=26 w=1.7656688193e+37 Shat=7.8455400000e+03 Lhat=0.0000000000e+00
KNUTH_SUBTREE root=3300 depth=26 w=4.4334908456e+36 Shat=5.0000000000e+00 Lhat=0.0000000000e+00
KNUTH_SUBTREE root=3301 depth=26 w=8.9099008801e+36 Shat=1.1138880000e+03 Lhat=0.0000000000e+00
KNUTH_SUBTREE root=3302 depth=26 w=1.6734846495e+36 Shat=6.5000000000e+01 Lhat=0.0000000000e+00
KNUTH_SUBTREE root=3303 depth=26 w=3.6895724490e+36 Shat=5.3135000000e+01 Lhat=0.0000000000e+00
KNUTH_SUBTREE root=3304 depth=26 w=5.0033240003e+35 Shat=3.0000000000e+00 Lhat=0.0000000000e+00
KNUTH_SUBTREE root=3305 depth=26 w=4.8960754687e+36 Shat=6.8275000000e+01 Lhat=0.0000000000e+00
KNUTH_SUBTREE root=3306 depth=26 w=3.2582767427e+36 Shat=7.9000000000e+01 Lhat=0.0000000000e+00
KNUTH_SUBTREE root=3307 depth=26 w=3.7301620696e+36 Shat=1.1284176000e+04 Lhat=0.0000000000e+00
KNUTH_SUBTREE root=3308 depth=26 w=1.0942642044e+37 Shat=2.1012800000e+03 Lhat=0.0000000000e+00
KNUTH_SUBTREE root=3309 depth=26 w=7.5626954732e+36 Shat=8.6182000000e+01 Lhat=0.0000000000e+00
KNUTH_SUBTREE root=3310 depth=26 w=1.0497735665e+37 Shat=2.2075200000e+02 Lhat=0.0000000000e+00
KNUTH_SUBTREE root=3311 depth=26 w=1.9646609432e+36 Shat=1.9036000000e+01 Lhat=0.0000000000e+00
KNUTH_SUBTREE root=3312 depth=26 w=2.7866080634e+36 Shat=2.2363000000e+01 Lhat=0.0000000000e+00
KNUTH_SUBTREE root=3313 depth=26 w=2.2031541645e+36 Shat=6.1840000000e+01 Lhat=0.0000000000e+00
KNUTH_SUBTREE root=3314 depth=26 w=2.4491801449e+37 Shat=1.9312000000e+02 Lhat=0.0000000000e+00
KNUTH_SUBTREE root=3315 depth=26 w=1.2618385775e+37 Shat=2.0527500000e+03 Lhat=0.0000000000e+00
KNUTH_SUBTREE root=3316 depth=26 w=4.7197174742e+36 Shat=7.9000000000e+01 Lhat=0.0000000000e+00
KNUTH_SUBTREE root=3317 depth=26 w=2.3661124743e+36 Shat=4.2227100000e+03 Lhat=0.0000000000e+00
KNUTH_SUBTREE root=3318 depth=26 w=1.9033629671e+35 Shat=2.1936000000e+01 Lhat=0.0000000000e+00
KNUTH_SUBTREE root=3319 depth=26 w=7.1415551839e+36 Shat=3.9106000000e+01 Lhat=0.0000000000e+00
KNUTH_SUBTREE root=3320 depth=26 w=2.0621177354e+37 Shat=9.6268000000e+02 Lhat=0.0000000000e+00
KNUTH_SUBTREE root=3321 depth=26 w=4.7746165771e+36 Shat=2.0501100000e+03 Lhat=0.0000000000e+00
KNUTH_SUBTREE root=3322 depth=26 w=2.8370944929e+37 Shat=3.8308560000e+03 Lhat=0.0000000000e+00
KNUTH_SUBTREE root=3323 depth=26 w=4.7583010483e+36 Shat=7.4807000000e+03 Lhat=0.0000000000e+00
KNUTH_SUBTREE root=3324 depth=26 w=9.9381034417e+36 Shat=3.4087420000e+03 Lhat=0.0000000000e+00
KNUTH_SUBTREE root=3325 depth=26 w=1.7340371893e+37 Shat=5.5048000000e+01 Lhat=0.0000000000e+00
KNUTH_SUBTREE root=3326 depth=26 w=3.1999508859e+37 Shat=3.1781800000e+02 Lhat=0.0000000000e+00
KNUTH_SUBTREE root=3327 depth=26 w=1.5576268030e+36 Shat=1.0310400000e+02 Lhat=0.0000000000e+00
KNUTH_SUBTREE root=3328 depth=26 w=2.6164313144e+36 Shat=2.8504800000e+02 Lhat=0.0000000000e+00
KNUTH_SUBTREE root=3329 depth=26 w=4.9170020865e+36 Shat=1.3208200000e+02 Lhat=0.0000000000e+00
KNUTH_SUBTREE root=3330 depth=26 w=2.3064269127e+36 Shat=2.0419600000e+02 Lhat=0.0000000000e+00
KNUTH_SUBTREE root=3331 depth=26 w=1.0669813618e+37 Shat=4.8904000000e+01 Lhat=0.0000000000e+00
KNUTH_SUBTREE root=3332 depth=26 w=1.0260396115e+37 Shat=1.1117752000e+04 Lhat=0.0000000000e+00
KNUTH_SUBTREE root=3333 depth=26 w=7.0707707954e+36 Shat=7.7177000000e+02 Lhat=0.0000000000e+00
KNUTH_SUBTREE root=3334 depth=26 w=1.5131847338e+37 Shat=6.2753200000e+02 Lhat=0.0000000000e+00
KNUTH_SUBTREE root=3335 depth=26 w=5.1903267967e+36 Shat=8.1075400000e+02 Lhat=0.0000000000e+00
KNUTH_SUBTREE root=3336 depth=26 w=2.5724983107e+36 Shat=1.3000000000e+01 Lhat=0.0000000000e+00
KNUTH_SUBTREE root=3337 depth=26 w=7.5853415309e+36 Shat=1.7562000000e+02 Lhat=0.0000000000e+00
KNUTH_SUBTREE root=3338 depth=26 w=9.4485959709e+36 Shat=1.1988520000e+03 Lhat=0.0000000000e+00
KNUTH_SUBTREE root=3339 depth=26 w=1.5864742251e+36 Shat=1.6216000000e+02 Lhat=0.0000000000e+00
KNUTH_SUBTREE root=3340 depth=26 w=1.0964027259e+36 Shat=1.3453000000e+02 Lhat=0.0000000000e+00
KNUTH_SUBTREE root=3341 depth=26 w=2.4949387564e+37 Shat=6.8599120000e+03 Lhat=0.0000000000e+00
KNUTH_SUBTREE root=3342 depth=26 w=3.8651009635e+36 Shat=4.8911000000e+02 Lhat=0.0000000000e+00
KNUTH_SUBTREE root=3343 depth=26 w=1.5228526504e+37 Shat=5.0227200000e+02 Lhat=0.0000000000e+00
KNUTH_SUBTREE root=3344 depth=26 w=3.7200692533e+36 Shat=4.0085000000e+01 Lhat=0.0000000000e+00
KNUTH_SUBTREE root=3345 depth=26 w=1.3546602512e+37 Shat=1.8501130000e+03 Lhat=0.0000000000e+00
KNUTH_SUBTREE root=3346 depth=26 w=2.5559052441e+37 Shat=5.6462660000e+03 Lhat=0.0000000000e+00
KNUTH_SUBTREE root=3347 depth=26 w=3.2972719248e+37 Shat=1.3085700000e+02 Lhat=0.0000000000e+00
KNUTH_SUBTREE root=3348 depth=26 w=5.7742148733e+36 Shat=2.0979830000e+03 Lhat=0.0000000000e+00
KNUTH_SUBTREE root=3349 depth=26 w=9.9782438308e+36 Shat=5.1224000000e+01 Lhat=0.0000000000e+00
KNUTH_SUBTREE root=3350 depth=26 w=3.0380714992e+34 Shat=1.0000000000e+00 Lhat=0.0000000000e+00
KNUTH_SUBTREE root=3351 depth=26 w=2.4940060387e+37 Shat=8.3880000000e+01 Lhat=0.0000000000e+00
KNUTH_SUBTREE root=3352 depth=26 w=1.5623444417e+37 Shat=3.0013000000e+01 Lhat=0.0000000000e+00
KNUTH_SUBTREE root=3353 depth=26 w=2.0698853289e+37 Shat=3.4530640000e+03 Lhat=0.0000000000e+00
KNUTH_SUBTREE root=3354 depth=26 w=2.0081913058e+37 Shat=5.0574000000e+02 Lhat=0.0000000000e+00
KNUTH_SUBTREE root=3355 depth=26 w=7.8984325510e+35 Shat=1.3000000000e+01 Lhat=0.0000000000e+00
KNUTH_SUBTREE root=3356 depth=26 w=1.0141919370e+36 Shat=2.0000000000e+00 Lhat=0.0000000000e+00
KNUTH_SUBTREE root=3357 depth=26 w=1.3585787128e+36 Shat=6.2819200000e+03 Lhat=0.0000000000e+00
KNUTH_SUBTREE root=3358 depth=26 w=2.4669774990e+36 Shat=8.1471200000e+02 Lhat=0.0000000000e+00
KNUTH_SUBTREE root=3359 depth=26 w=5.6567721778e+35 Shat=4.1570000000e+01 Lhat=0.0000000000e+00
KNUTH_SUBTREE root=3360 depth=26 w=1.4179056628e+37 Shat=2.3040000000e+01 Lhat=0.0000000000e+00
KNUTH_SUBTREE root=3361 depth=26 w=1.5952701892e+37 Shat=6.5580000000e+01 Lhat=0.0000000000e+00
KNUTH_SUBTREE root=3362 depth=26 w=1.5520991786e+37 Shat=5.3196500000e+03 Lhat=0.0000000000e+00
KNUTH_SUBTREE root=3363 depth=26 w=5.9361246916e+36 Shat=4.6124000000e+01 Lhat=0.0000000000e+00
KNUTH_SUBTREE root=3364 depth=26 w=1.1542888474e+37 Shat=2.5530600000e+03 Lhat=0.0000000000e+00
KNUTH_SUBTREE root=3365 depth=26 w=2.6235362495e+37 Shat=2.7334900000e+02 Lhat=0.0000000000e+00
KNUTH_SUBTREE root=3366 depth=26 w=3.0716237895e+37 Shat=3.7583600000e+02 Lhat=0.0000000000e+00
KNUTH_SUBTREE root=3367 depth=26 w=2.8774791875e+37 Shat=6.0207000000e+02 Lhat=0.0000000000e+00
KNUTH_SUBTREE root=3368 depth=26 w=2.4845537360e+37 Shat=1.3188000000e+02 Lhat=0.0000000000e+00
KNUTH_SUBTREE root=3369 depth=26 w=2.3169974800e+36 Shat=1.3000000000e+01 Lhat=0.0000000000e+00
KNUTH_SUBTREE root=3370 depth=26 w=7.7670644555e+36 Shat=5.4418000000e+02 Lhat=0.0000000000e+00
KNUTH_SUBTREE root=3371 depth=26 w=1.5424206646e+37 Shat=3.9908000000e+01 Lhat=0.0000000000e+00
KNUTH_SUBTREE root=3372 depth=26 w=2.8458883404e+37 Shat=1.1778000000e+03 Lhat=0.0000000000e+00
KNUTH_SUBTREE root=3373 depth=26 w=3.7019783051e+37 Shat=5.6970400000e+02 Lhat=0.0000000000e+00
KNUTH_SUBTREE root=3374 depth=26 w=2.1523310463e+36 Shat=1.8958100000e+03 Lhat=0.0000000000e+00
KNUTH_SUBTREE root=3375 depth=26 w=5.6829209871e+36 Shat=2.0090800000e+02 Lhat=0.0000000000e+00
KNUTH_SUBTREE root=3376 depth=26 w=1.0500976724e+36 Shat=6.7156000000e+01 Lhat=0.0000000000e+00
KNUTH_SUBTREE root=3377 depth=26 w=7.9476402862e+36 Shat=1.2537000000e+03 Lhat=0.0000000000e+00
KNUTH_SUBTREE root=3378 depth=26 w=3.0041638737e+37 Shat=5.3590000000e+01 Lhat=0.0000000000e+00
KNUTH_SUBTREE root=3379 depth=26 w=7.0160720810e+36 Shat=3.4399540000e+03 Lhat=0.0000000000e+00
KNUTH_SUBTREE root=3380 depth=26 w=2.6563054379e+37 Shat=3.0667200000e+03 Lhat=2.6270000000e+01
KNUTH_SUBTREE root=3381 depth=26 w=1.1221274988e+35 Shat=6.0010000000e+00 Lhat=0.0000000000e+00
KNUTH_SUBTREE root=3382 depth=26 w=8.7097054097e+34 Shat=4.0000000000e+00 Lhat=0.0000000000e+00
KNUTH_SUBTREE root=3383 depth=26 w=2.0333693519e+36 Shat=8.9360000000e+00 Lhat=0.0000000000e+00
KNUTH_SUBTREE root=3384 depth=26 w=2.7548202355e+37 Shat=3.7884800000e+02 Lhat=0.0000000000e+00
KNUTH_SUBTREE root=3385 depth=26 w=1.4649578698e+36 Shat=4.0000000000e+00 Lhat=0.0000000000e+00
KNUTH_SUBTREE root=3386 depth=26 w=2.2151874101e+36 Shat=2.0000000000e+00 Lhat=0.0000000000e+00
KNUTH_SUBTREE root=3387 depth=26 w=3.6760161540e+36 Shat=6.0000000000e+00 Lhat=0.0000000000e+00
KNUTH_SUBTREE root=3388 depth=26 w=1.5973079807e+37 Shat=5.0920000000e+00 Lhat=0.0000000000e+00
KNUTH_SUBTREE root=3389 depth=26 w=1.1576536268e+35 Shat=1.1000000000e+01 Lhat=0.0000000000e+00
KNUTH_SUBTREE root=3390 depth=26 w=2.2881809555e+37 Shat=2.3056760000e+03 Lhat=0.0000000000e+00
KNUTH_SUBTREE root=3391 depth=26 w=1.2046861477e+37 Shat=1.8437990000e+03 Lhat=0.0000000000e+00
KNUTH_SUBTREE root=3392 depth=26 w=8.0928865584e+35 Shat=7.8850000000e+00 Lhat=0.0000000000e+00
KNUTH_SUBTREE root=3393 depth=26 w=4.6362663637e+36 Shat=5.1790900000e+03 Lhat=0.0000000000e+00
KNUTH_SUBTREE root=3394 depth=26 w=2.7210132459e+37 Shat=3.8509600000e+03 Lhat=0.0000000000e+00
KNUTH_SUBTREE root=3395 depth=26 w=3.6577999135e+37 Shat=2.0478580000e+03 Lhat=0.0000000000e+00
KNUTH_SUBTREE root=3396 depth=26 w=2.2296041409e+36 Shat=6.0550000000e+00 Lhat=0.0000000000e+00
KNUTH_SUBTREE root=3397 depth=26 w=1.1281208627e+36 Shat=1.0000000000e+00 Lhat=0.0000000000e+00
KNUTH_SUBTREE root=3398 depth=26 w=7.4109457279e+35 Shat=1.0000000000e+00 Lhat=0.0000000000e+00
KNUTH_SUBTREE root=3399 depth=26 w=1.1509651835e+37 Shat=2.2774600000e+02 Lhat=0.0000000000e+00
KNUTH_SUBTREE root=3400 depth=26 w=3.1029357187e+36 Shat=2.3221650000e+03 Lhat=0.0000000000e+00
KNUTH_SUBTREE root=3401 depth=26 w=3.1002268251e+37 Shat=5.9048800000e+02 Lhat=0.0000000000e+00
KNUTH_SUBTREE root=3402 depth=26 w=1.4214227788e+37 Shat=2.8810000000e+01 Lhat=0.0000000000e+00
KNUTH_SUBTREE root=3403 depth=26 w=5.9719162106e+36 Shat=5.6736000000e+01 Lhat=0.0000000000e+00
KNUTH_SUBTREE root=3404 depth=26 w=5.8133213443e+36 Shat=1.9965300000e+03 Lhat=0.0000000000e+00
KNUTH_SUBTREE root=3405 depth=26 w=5.9051268401e+36 Shat=2.3314000000e+03 Lhat=0.0000000000e+00
KNUTH_SUBTREE root=3406 depth=26 w=3.1782903724e+35 Shat=3.0000000000e+00 Lhat=0.0000000000e+00
KNUTH_SUBTREE root=3407 depth=26 w=1.1760205799e+37 Shat=3.9344950000e+03 Lhat=2.1391200000e+02
KNUTH_SUBTREE root=3408 depth=26 w=2.6371371026e+37 Shat=3.1073560000e+03 Lhat=0.0000000000e+00
KNUTH_SUBTREE root=3409 depth=26 w=1.3016018006e+37 Shat=6.9674800000e+02 Lhat=0.0000000000e+00
KNUTH_SUBTREE root=3410 depth=26 w=1.1033415132e+37 Shat=3.5701840000e+03 Lhat=0.0000000000e+00
KNUTH_SUBTREE root=3411 depth=26 w=2.8854630451e+36 Shat=2.3492000000e+02 Lhat=0.0000000000e+00
KNUTH_SUBTREE root=3412 depth=26 w=1.3064772000e+37 Shat=2.8921960000e+03 Lhat=0.0000000000e+00
KNUTH_SUBTREE root=3413 depth=26 w=2.2789956627e+36 Shat=6.3300000000e+02 Lhat=0.0000000000e+00
KNUTH_SUBTREE root=3414 depth=26 w=2.9825819762e+36 Shat=1.6465060000e+03 Lhat=0.0000000000e+00
KNUTH_SUBTREE root=3415 depth=26 w=2.8562645072e+36 Shat=1.2008000000e+01 Lhat=0.0000000000e+00
KNUTH_SUBTREE root=3416 depth=26 w=1.9184192940e+37 Shat=4.1680420000e+03 Lhat=0.0000000000e+00
KNUTH_SUBTREE root=3417 depth=26 w=3.3087304164e+36 Shat=4.3312800000e+02 Lhat=0.0000000000e+00
KNUTH_SUBTREE root=3418 depth=26 w=2.9740699060e+37 Shat=1.3004200000e+02 Lhat=0.0000000000e+00
KNUTH_SUBTREE root=3419 depth=26 w=3.9669156883e+36 Shat=1.2043140000e+04 Lhat=0.0000000000e+00
KNUTH_SUBTREE root=3420 depth=26 w=5.2050770627e+36 Shat=4.7393400000e+02 Lhat=0.0000000000e+00
KNUTH_SUBTREE root=3421 depth=26 w=1.4273816049e+36 Shat=1.4868000000e+01 Lhat=0.0000000000e+00
KNUTH_SUBTREE root=3422 depth=26 w=1.9726781112e+36 Shat=2.9206800000e+03 Lhat=1.8694000000e+02
KNUTH_SUBTREE root=3423 depth=26 w=1.7567753875e+37 Shat=1.5971500000e+03 Lhat=0.0000000000e+00
KNUTH_SUBTREE root=3424 depth=26 w=3.5201312500e+36 Shat=8.1115000000e+01 Lhat=0.0000000000e+00
KNUTH_SUBTREE root=3425 depth=26 w=4.2249347824e+36 Shat=3.7136000000e+01 Lhat=0.0000000000e+00
KNUTH_SUBTREE root=3426 depth=26 w=9.0152765239e+34 Shat=2.7920000000e+01 Lhat=0.0000000000e+00
KNUTH_SUBTREE root=3427 depth=26 w=2.3649643433e+36 Shat=7.9000000000e+01 Lhat=0.0000000000e+00
KNUTH_SUBTREE root=3428 depth=26 w=3.0942360901e+37 Shat=8.6720800000e+03 Lhat=0.0000000000e+00
KNUTH_SUBTREE root=3429 depth=26 w=9.7411943701e+36 Shat=2.8188550000e+03 Lhat=0.0000000000e+00
KNUTH_SUBTREE root=3430 depth=26 w=9.0436999781e+36 Shat=2.3508700000e+02 Lhat=0.0000000000e+00
KNUTH_SUBTREE root=3431 depth=26 w=4.9673065862e+36 Shat=3.8866840000e+03 Lhat=0.0000000000e+00
KNUTH_SUBTREE root=3432 depth=26 w=3.0189392793e+37 Shat=2.1071800000e+02 Lhat=0.0000000000e+00
KNUTH_SUBTREE root=3433 depth=26 w=4.1151686703e+36 Shat=2.0290000000e+02 Lhat=0.0000000000e+00
KNUTH_SUBTREE root=3434 depth=26 w=1.0853513385e+37 Shat=7.5926800000e+02 Lhat=0.0000000000e+00
KNUTH_SUBTREE root=3435 depth=26 w=7.9992083086e+36 Shat=1.1268320000e+03 Lhat=0.0000000000e+00
KNUTH_SUBTREE root=3436 depth=26 w=4.9685297855e+36 Shat=1.2024400000e+02 Lhat=0.0000000000e+00
KNUTH_SUBTREE root=3437 depth=26 w=3.5734902186e+36 Shat=1.3000000000e+01 Lhat=0.0000000000e+00
KNUTH_SUBTREE root=3438 depth=26 w=1.8951164081e+36 Shat=3.6345000000e+01 Lhat=0.0000000000e+00
KNUTH_SUBTREE root=3439 depth=26 w=1.0942856642e+37 Shat=6.9326400000e+02 Lhat=0.0000000000e+00
KNUTH_SUBTREE root=3440 depth=26 w=4.4406171162e+36 Shat=5.6517400000e+02 Lhat=0.0000000000e+00
KNUTH_SUBTREE root=3441 depth=26 w=2.9841030125e+37 Shat=2.0960000000e+01 Lhat=0.0000000000e+00
KNUTH_SUBTREE root=3442 depth=26 w=2.4001814099e+36 Shat=1.5910000000e+01 Lhat=0.0000000000e+00
KNUTH_SUBTREE root=3443 depth=26 w=4.1242900445e+36 Shat=3.1854800000e+02 Lhat=0.0000000000e+00
KNUTH_SUBTREE root=3444 depth=26 w=8.0188949074e+36 Shat=3.6202000000e+01 Lhat=0.0000000000e+00
KNUTH_SUBTREE root=3445 depth=26 w=2.5296897087e+35 Shat=1.9414000000e+02 Lhat=0.0000000000e+00
KNUTH_SUBTREE root=3446 depth=26 w=3.3408791472e+37 Shat=4.0799870000e+03 Lhat=2.6551800000e+02
KNUTH_SUBTREE root=3447 depth=26 w=1.8374560057e+37 Shat=9.7220000000e+01 Lhat=0.0000000000e+00
KNUTH_SUBTREE root=3448 depth=26 w=3.4092336050e+37 Shat=3.0681080000e+03 Lhat=0.0000000000e+00
KNUTH_SUBTREE root=3449 depth=26 w=1.8537072761e+37 Shat=7.3487200000e+02 Lhat=0.0000000000e+00
KNUTH_SUBTREE root=3450 depth=26 w=2.2997433658e+37 Shat=1.6064800000e+02 Lhat=0.0000000000e+00
KNUTH_SUBTREE root=3451 depth=26 w=1.4304042596e+36 Shat=7.6560000000e+01 Lhat=0.0000000000e+00
KNUTH_SUBTREE root=3452 depth=26 w=1.3804391346e+37 Shat=4.9595560000e+03 Lhat=0.0000000000e+00
KNUTH_SUBTREE root=3453 depth=26 w=2.2507926500e+36 Shat=1.7403760000e+03 Lhat=0.0000000000e+00
KNUTH_SUBTREE root=3454 depth=26 w=1.6691620763e+36 Shat=3.4694500000e+02 Lhat=0.0000000000e+00
KNUTH_SUBTREE root=3455 depth=26 w=2.8321397779e+36 Shat=4.7981800000e+02 Lhat=0.0000000000e+00
KNUTH_SUBTREE root=3456 depth=26 w=1.5618533997e+37 Shat=1.6346200000e+02 Lhat=0.0000000000e+00
KNUTH_SUBTREE root=3457 depth=26 w=3.1730689126e+37 Shat=1.9684000000e+01 Lhat=0.0000000000e+00
KNUTH_SUBTREE root=3458 depth=26 w=1.7670970780e+37 Shat=8.3360800000e+02 Lhat=0.0000000000e+00
KNUTH_SUBTREE root=3459 depth=26 w=2.7284589278e+37 Shat=2.1960000000e+01 Lhat=0.0000000000e+00
KNUTH_SUBTREE root=3460 depth=26 w=1.7100553259e+37 Shat=1.6378400000e+02 Lhat=0.0000000000e+00
KNUTH_SUBTREE root=3461 depth=26 w=3.0263231266e+36 Shat=1.4800600000e+03 Lhat=0.0000000000e+00
KNUTH_SUBTREE root=3462 depth=26 w=1.9515520530e+37 Shat=2.2572870000e+03 Lhat=0.0000000000e+00
KNUTH_SUBTREE root=3463 depth=26 w=4.1978664455e+36 Shat=2.6945900000e+03 Lhat=0.0000000000e+00
KNUTH_SUBTREE root=3464 depth=26 w=5.6429629473e+36 Shat=5.2829400000e+03 Lhat=0.0000000000e+00
KNUTH_SUBTREE root=3465 depth=26 w=3.2921523700e+37 Shat=2.8946300000e+03 Lhat=0.0000000000e+00
KNUTH_SUBTREE root=3466 depth=26 w=1.1629971473e+35 Shat=2.0000000000e+00 Lhat=0.0000000000e+00
KNUTH_SUBTREE root=3467 depth=26 w=2.3753701714e+37 Shat=1.0044064000e+04 Lhat=0.0000000000e+00
KNUTH_SUBTREE root=3468 depth=26 w=4.1018027820e+36 Shat=7.2896800000e+03 Lhat=8.8000000000e+01
KNUTH_SUBTREE root=3469 depth=26 w=9.1627578100e+36 Shat=2.3758480000e+03 Lhat=0.0000000000e+00
KNUTH_SUBTREE root=3470 depth=26 w=1.2230218193e+36 Shat=6.4060000000e+01 Lhat=0.0000000000e+00
KNUTH_SUBTREE root=3471 depth=26 w=2.3526000175e+36 Shat=8.3830000000e+01 Lhat=0.0000000000e+00
KNUTH_SUBTREE root=3472 depth=26 w=1.2800135403e+37 Shat=1.3000000000e+01 Lhat=0.0000000000e+00
KNUTH_SUBTREE root=3473 depth=26 w=4.4477731015e+36 Shat=1.8793960000e+03 Lhat=0.0000000000e+00
KNUTH_SUBTREE root=3474 depth=26 w=2.9247844073e+36 Shat=3.3715000000e+02 Lhat=0.0000000000e+00
KNUTH_SUBTREE root=3475 depth=26 w=1.5313445891e+37 Shat=1.0834880000e+03 Lhat=0.0000000000e+00
KNUTH_SUBTREE root=3476 depth=26 w=2.8951848494e+37 Shat=4.1389910000e+03 Lhat=0.0000000000e+00
KNUTH_SUBTREE root=3477 depth=26 w=6.7460443404e+36 Shat=6.2238430000e+03 Lhat=0.0000000000e+00
KNUTH_SUBTREE root=3478 depth=26 w=4.2571162800e+36 Shat=5.4834800000e+03 Lhat=2.7300000000e+02
KNUTH_SUBTREE root=3479 depth=26 w=3.4937547022e+37 Shat=9.2665000000e+01 Lhat=0.0000000000e+00
KNUTH_SUBTREE root=3480 depth=26 w=2.9510683937e+37 Shat=5.1913600000e+02 Lhat=0.0000000000e+00
KNUTH_SUBTREE root=3481 depth=26 w=5.9583448077e+36 Shat=8.9024000000e+03 Lhat=0.0000000000e+00
KNUTH_SUBTREE root=3482 depth=26 w=4.4476662495e+36 Shat=9.4330000000e+01 Lhat=0.0000000000e+00
KNUTH_SUBTREE root=3483 depth=26 w=3.8954072578e+36 Shat=7.0000000000e+00 Lhat=0.0000000000e+00
KNUTH_SUBTREE root=3484 depth=26 w=3.1229492039e+37 Shat=1.5980460000e+03 Lhat=0.0000000000e+00
KNUTH_SUBTREE root=3485 depth=26 w=1.1559714516e+37 Shat=2.3826400000e+03 Lhat=0.0000000000e+00
KNUTH_SUBTREE root=3486 depth=26 w=3.7718607060e+36 Shat=2.7160200000e+03 Lhat=0.0000000000e+00
KNUTH_SUBTREE root=3487 depth=26 w=1.3977067500e+37 Shat=3.6592000000e+01 Lhat=0.0000000000e+00
KNUTH_SUBTREE root=3488 depth=26 w=1.3290539285e+37 Shat=8.3405510000e+03 Lhat=0.0000000000e+00
KNUTH_SUBTREE root=3489 depth=26 w=1.8478031655e+36 Shat=7.5175120000e+03 Lhat=0.0000000000e+00
KNUTH_SUBTREE root=3490 depth=26 w=5.9799248742e+36 Shat=4.7106400000e+02 Lhat=0.0000000000e+00
KNUTH_SUBTREE root=3491 depth=26 w=5.0141745494e+36 Shat=8.2650600000e+02 Lhat=0.0000000000e+00
KNUTH_SUBTREE root=3492 depth=26 w=2.1450571532e+37 Shat=7.5792000000e+01 Lhat=0.0000000000e+00
KNUTH_SUBTREE root=3493 depth=26 w=1.1126864531e+37 Shat=2.7608000000e+02 Lhat=0.0000000000e+00
KNUTH_SUBTREE root=3494 depth=26 w=3.5260426164e+36 Shat=2.7054910000e+03 Lhat=0.0000000000e+00
KNUTH_SUBTREE root=3495 depth=26 w=3.6187437405e+36 Shat=2.2474000000e+02 Lhat=0.0000000000e+00
KNUTH_SUBTREE root=3496 depth=26 w=5.2567215137e+36 Shat=8.9160400000e+02 Lhat=0.0000000000e+00
KNUTH_SUBTREE root=3497 depth=26 w=4.4258928186e+36 Shat=7.7930000000e+01 Lhat=0.0000000000e+00
KNUTH_SUBTREE root=3498 depth=26 w=1.1970403439e+37 Shat=3.1558550000e+03 Lhat=0.0000000000e+00
KNUTH_SUBTREE root=3499 depth=26 w=1.5900518783e+37 Shat=6.0000000000e+00 Lhat=0.0000000000e+00
KNUTH_SUBTREE root=3500 depth=26 w=3.0348673266e+36 Shat=5.5754200000e+02 Lhat=0.0000000000e+00
KNUTH_SUBTREE root=3501 depth=26 w=8.6383535423e+36 Shat=9.3086200000e+02 Lhat=0.0000000000e+00
KNUTH_SUBTREE root=3502 depth=26 w=4.6636576614e+36 Shat=6.1322400000e+02 Lhat=0.0000000000e+00
KNUTH_SUBTREE root=3503 depth=26 w=6.3918326666e+36 Shat=2.1897000000e+02 Lhat=0.0000000000e+00
KNUTH_SUBTREE root=3504 depth=26 w=6.2075044348e+35 Shat=7.9900000000e+00 Lhat=0.0000000000e+00
KNUTH_SUBTREE root=3505 depth=26 w=4.7534220665e+36 Shat=2.5970560000e+03 Lhat=0.0000000000e+00
KNUTH_SUBTREE root=3506 depth=26 w=4.6280216319e+36 Shat=4.1331700000e+03 Lhat=0.0000000000e+00
KNUTH_SUBTREE root=3507 depth=26 w=4.2076006463e+36 Shat=4.1816000000e+01 Lhat=0.0000000000e+00
KNUTH_SUBTREE root=3508 depth=26 w=4.4414700622e+36 Shat=5.7917000000e+01 Lhat=0.0000000000e+00
KNUTH_SUBTREE root=3509 depth=26 w=6.2351095048e+36 Shat=1.0852000000e+01 Lhat=0.0000000000e+00
KNUTH_SUBTREE root=3510 depth=26 w=2.3640461896e+37 Shat=9.4286400000e+02 Lhat=0.0000000000e+00
KNUTH_SUBTREE root=3511 depth=26 w=2.9607516977e+37 Shat=6.9817430000e+03 Lhat=0.0000000000e+00
KNUTH_SUBTREE root=3512 depth=26 w=7.8734394998e+36 Shat=3.5239000000e+03 Lhat=0.0000000000e+00
KNUTH_SUBTREE root=3513 depth=26 w=8.0809911825e+35 Shat=9.0000000000e+00 Lhat=0.0000000000e+00
KNUTH_SUBTREE root=3514 depth=26 w=2.8974695735e+36 Shat=2.2318900000e+02 Lhat=0.0000000000e+00
KNUTH_SUBTREE root=3515 depth=26 w=2.0728345921e+36 Shat=2.3517400000e+03 Lhat=0.0000000000e+00
KNUTH_SUBTREE root=3516 depth=26 w=1.4614466957e+37 Shat=1.0000000000e+01 Lhat=0.0000000000e+00
KNUTH_SUBTREE root=3517 depth=26 w=7.2735600296e+36 Shat=1.2034480000e+03 Lhat=0.0000000000e+00
KNUTH_SUBTREE root=3518 depth=26 w=3.2826406098e+36 Shat=5.9342800000e+03 Lhat=0.0000000000e+00
KNUTH_SUBTREE root=3519 depth=26 w=2.9823657832e+37 Shat=1.1485319000e+04 Lhat=0.0000000000e+00
KNUTH_SUBTREE root=3520 depth=26 w=1.1960013349e+37 Shat=1.5611590000e+03 Lhat=0.0000000000e+00
KNUTH_SUBTREE root=3521 depth=26 w=4.2794156146e+34 Shat=5.0000000000e+00 Lhat=0.0000000000e+00
KNUTH_SUBTREE root=3522 depth=26 w=5.5875790567e+36 Shat=1.8074420000e+03 Lhat=0.0000000000e+00
KNUTH_SUBTREE root=3523 depth=26 w=2.9931575240e+37 Shat=7.1324800000e+02 Lhat=0.0000000000e+00
KNUTH_SUBTREE root=3524 depth=26 w=3.1740594510e+37 Shat=7.4897890000e+03 Lhat=0.0000000000e+00
KNUTH_SUBTREE root=3525 depth=26 w=1.4887728870e+37 Shat=1.0000000000e+01 Lhat=0.0000000000e+00
KNUTH_SUBTREE root=3526 depth=26 w=4.3233350698e+36 Shat=4.4597600000e+02 Lhat=0.0000000000e+00
KNUTH_SUBTREE root=3527 depth=26 w=3.4163153662e+36 Shat=9.0631000000e+02 Lhat=0.0000000000e+00
KNUTH_SUBTREE root=3528 depth=26 w=1.3672344834e+37 Shat=1.3574320000e+03 Lhat=0.0000000000e+00
KNUTH_SUBTREE root=3529 depth=26 w=1.3752613894e+37 Shat=1.2316210000e+03 Lhat=0.0000000000e+00
KNUTH_SUBTREE root=3530 depth=26 w=6.7735215729e+36 Shat=1.4886500000e+03 Lhat=0.0000000000e+00
KNUTH_SUBTREE root=3531 depth=26 w=2.8225668977e+37 Shat=2.3629420000e+03 Lhat=0.0000000000e+00
KNUTH_SUBTREE root=3532 depth=26 w=3.8888372431e+36 Shat=2.9967550000e+03 Lhat=0.0000000000e+00
KNUTH_SUBTREE root=3533 depth=26 w=2.5947632120e+37 Shat=3.6694450000e+03 Lhat=0.0000000000e+00
KNUTH_SUBTREE root=3534 depth=26 w=5.3413987208e+36 Shat=1.5128000000e+01 Lhat=0.0000000000e+00
KNUTH_SUBTREE root=3535 depth=26 w=7.6441419614e+36 Shat=1.9016000000e+01 Lhat=0.0000000000e+00
KNUTH_SUBTREE root=3536 depth=26 w=2.2352137717e+35 Shat=4.0000000000e+00 Lhat=0.0000000000e+00
KNUTH_SUBTREE root=3537 depth=26 w=1.5223660388e+36 Shat=1.9713160000e+03 Lhat=0.0000000000e+00
KNUTH_SUBTREE root=3538 depth=26 w=9.4654861284e+35 Shat=2.6044000000e+01 Lhat=0.0000000000e+00
KNUTH_SUBTREE root=3539 depth=26 w=1.4033905644e+37 Shat=5.0543800000e+02 Lhat=0.0000000000e+00
KNUTH_SUBTREE root=3540 depth=26 w=1.1977373801e+37 Shat=2.4952000000e+01 Lhat=0.0000000000e+00
KNUTH_SUBTREE root=3541 depth=26 w=2.5192877587e+37 Shat=2.0898000000e+02 Lhat=0.0000000000e+00
KNUTH_SUBTREE root=3542 depth=26 w=1.1479510849e+37 Shat=3.8233000000e+01 Lhat=0.0000000000e+00
KNUTH_SUBTREE root=3543 depth=26 w=2.5354221479e+36 Shat=1.1581360000e+03 Lhat=0.0000000000e+00
KNUTH_SUBTREE root=3544 depth=26 w=9.3712793690e+36 Shat=7.8667600000e+02 Lhat=0.0000000000e+00
KNUTH_SUBTREE root=3545 depth=26 w=6.7207844142e+36 Shat=4.1070000000e+02 Lhat=0.0000000000e+00
KNUTH_SUBTREE root=3546 depth=26 w=2.8886274599e+36 Shat=3.7243200000e+02 Lhat=0.0000000000e+00
KNUTH_SUBTREE root=3547 depth=26 w=2.4238101991e+36 Shat=9.3362800000e+02 Lhat=0.0000000000e+00
KNUTH_SUBTREE root=3548 depth=26 w=5.2018051764e+36 Shat=2.3434940000e+03 Lhat=0.0000000000e+00
KNUTH_SUBTREE root=3549 depth=26 w=3.8642418460e+36 Shat=1.0908000000e+01 Lhat=0.0000000000e+00
KNUTH_SUBTREE root=3550 depth=26 w=1.4906833271e+37 Shat=4.8252500000e+03 Lhat=0.0000000000e+00
KNUTH_SUBTREE root=3551 depth=26 w=9.1539057318e+36 Shat=2.1000000000e+01 Lhat=0.0000000000e+00
KNUTH_SUBTREE root=3552 depth=26 w=1.0203180687e+35 Shat=3.1000000000e+01 Lhat=0.0000000000e+00
KNUTH_SUBTREE root=3553 depth=26 w=1.4584115750e+36 Shat=2.9953000000e+01 Lhat=0.0000000000e+00
KNUTH_SUBTREE root=3554 depth=26 w=2.8068252274e+36 Shat=4.0831300000e+02 Lhat=0.0000000000e+00
KNUTH_SUBTREE root=3555 depth=26 w=5.0727642354e+36 Shat=9.3525200000e+02 Lhat=0.0000000000e+00
KNUTH_SUBTREE root=3556 depth=26 w=1.9300600183e+37 Shat=3.4006900000e+03 Lhat=0.0000000000e+00
KNUTH_SUBTREE root=3557 depth=26 w=3.2402136512e+37 Shat=4.4565400000e+02 Lhat=0.0000000000e+00
KNUTH_SUBTREE root=3558 depth=26 w=1.9635993022e+36 Shat=4.2876280000e+03 Lhat=0.0000000000e+00
KNUTH_SUBTREE root=3559 depth=26 w=2.7443001675e+36 Shat=2.7569080000e+03 Lhat=7.6482000000e+01
KNUTH_SUBTREE root=3560 depth=26 w=5.0167617966e+36 Shat=1.0466800000e+02 Lhat=0.0000000000e+00
KNUTH_SUBTREE root=3561 depth=26 w=1.8451551841e+36 Shat=2.9000000000e+01 Lhat=0.0000000000e+00
KNUTH_SUBTREE root=3562 depth=26 w=3.0150540836e+36 Shat=4.2053000000e+02 Lhat=0.0000000000e+00
KNUTH_SUBTREE root=3563 depth=26 w=2.0048391720e+36 Shat=2.7625000000e+01 Lhat=0.0000000000e+00
KNUTH_SUBTREE root=3564 depth=26 w=3.0719475835e+36 Shat=4.4115000000e+02 Lhat=0.0000000000e+00
KNUTH_SUBTREE root=3565 depth=26 w=3.3346366280e+37 Shat=8.2424800000e+02 Lhat=0.0000000000e+00
KNUTH_SUBTREE root=3566 depth=26 w=2.6672290009e+37 Shat=8.1640000000e+00 Lhat=0.0000000000e+00
KNUTH_SUBTREE root=3567 depth=26 w=3.0984282233e+37 Shat=3.7321300000e+03 Lhat=3.5880000000e+01
KNUTH_SUBTREE root=3568 depth=26 w=1.2186459811e+37 Shat=2.4797520000e+03 Lhat=0.0000000000e+00
KNUTH_SUBTREE root=3569 depth=26 w=3.0707310509e+37 Shat=2.9673280000e+03 Lhat=0.0000000000e+00
KNUTH_SUBTREE root=3570 depth=26 w=3.8288928655e+37 Shat=1.7468800000e+03 Lhat=0.0000000000e+00
KNUTH_SUBTREE root=3571 depth=26 w=7.7382918060e+36 Shat=1.9096000000e+02 Lhat=0.0000000000e+00
KNUTH_SUBTREE root=3572 depth=26 w=3.0159594882e+37 Shat=2.9423800000e+02 Lhat=0.0000000000e+00
KNUTH_SUBTREE root=3573 depth=26 w=5.1448475546e+36 Shat=1.9488880000e+03 Lhat=0.0000000000e+00
KNUTH_SUBTREE root=3574 depth=26 w=4.4125354618e+36 Shat=3.8659000000e+02 Lhat=0.0000000000e+00
KNUTH_SUBTREE root=3575 depth=26 w=1.8190329511e+35 Shat=2.1499720000e+04 Lhat=2.3596800000e+03
KNUTH_SUBTREE root=3576 depth=26 w=2.0704766822e+37 Shat=2.8845000000e+03 Lhat=0.0000000000e+00
KNUTH_SUBTREE root=3577 depth=26 w=1.0060907133e+37 Shat=9.7864790000e+03 Lhat=0.0000000000e+00
KNUTH_SUBTREE root=3578 depth=26 w=1.6432952160e+36 Shat=5.9767200000e+02 Lhat=0.0000000000e+00
KNUTH_SUBTREE root=3579 depth=26 w=2.9651220240e+34 Shat=1.0000000000e+00 Lhat=0.0000000000e+00
KNUTH_SUBTREE root=3580 depth=26 w=4.2490722282e+36 Shat=1.4862800000e+02 Lhat=0.0000000000e+00
KNUTH_SUBTREE root=3581 depth=26 w=2.5262356099e+36 Shat=1.1349360000e+03 Lhat=0.0000000000e+00
KNUTH_SUBTREE root=3582 depth=26 w=3.4117426568e+37 Shat=9.8220420000e+03 Lhat=0.0000000000e+00
KNUTH_SUBTREE root=3583 depth=26 w=5.6613795616e+36 Shat=7.9000000000e+01 Lhat=0.0000000000e+00
KNUTH_SUBTREE root=3584 depth=26 w=1.0626705038e+37 Shat=6.5091400000e+02 Lhat=0.0000000000e+00
KNUTH_SUBTREE root=3585 depth=26 w=2.0984624385e+37 Shat=4.2864800000e+03 Lhat=0.0000000000e+00
KNUTH_SUBTREE root=3586 depth=26 w=2.2557758060e+36 Shat=1.5540320000e+03 Lhat=5.7600000000e+00
KNUTH_SUBTREE root=3587 depth=26 w=6.6256035257e+36 Shat=1.8073000000e+03 Lhat=0.0000000000e+00
KNUTH_SUBTREE root=3588 depth=26 w=5.6777847719e+36 Shat=1.2310700000e+03 Lhat=0.0000000000e+00
KNUTH_SUBTREE root=3589 depth=26 w=4.8290424974e+36 Shat=8.0274400000e+03 Lhat=0.0000000000e+00
KNUTH_SUBTREE root=3590 depth=26 w=7.4292375332e+36 Shat=3.1000000000e+01 Lhat=0.0000000000e+00
KNUTH_SUBTREE root=3591 depth=26 w=3.7136781160e+36 Shat=1.9940800000e+03 Lhat=0.0000000000e+00
KNUTH_SUBTREE root=3592 depth=26 w=1.6033382389e+35 Shat=1.0966000000e+01 Lhat=0.0000000000e+00
KNUTH_SUBTREE root=3593 depth=26 w=6.1966758451e+36 Shat=7.9000000000e+01 Lhat=0.0000000000e+00
KNUTH_SUBTREE root=3594 depth=26 w=1.3588844042e+36 Shat=3.0000000000e+00 Lhat=0.0000000000e+00
KNUTH_SUBTREE root=3595 depth=26 w=9.7065051644e+36 Shat=3.4030400000e+02 Lhat=0.0000000000e+00
KNUTH_SUBTREE root=3596 depth=26 w=6.0823931674e+36 Shat=3.2646500000e+02 Lhat=0.0000000000e+00
KNUTH_SUBTREE root=3597 depth=26 w=8.3351974919e+36 Shat=1.0819240000e+03 Lhat=0.0000000000e+00
KNUTH_SUBTREE root=3598 depth=26 w=3.0893268580e+37 Shat=2.7271240000e+03 Lhat=0.0000000000e+00
KNUTH_SUBTREE root=3599 depth=26 w=1.9229277414e+37 Shat=5.3188510000e+03 Lhat=0.0000000000e+00
KNUTH_SUBTREE root=3600 depth=26 w=5.0797579520e+33 Shat=3.0000000000e+00 Lhat=0.0000000000e+00
KNUTH_SUBTREE root=3601 depth=26 w=2.4589498629e+36 Shat=1.2525700000e+02 Lhat=0.0000000000e+00
KNUTH_SUBTREE root=3602 depth=26 w=2.6533884958e+37 Shat=4.3371450000e+03 Lhat=0.0000000000e+00
KNUTH_SUBTREE root=3603 depth=26 w=1.9209750574e+37 Shat=3.7899830000e+03 Lhat=0.0000000000e+00
KNUTH_SUBTREE root=3604 depth=26 w=3.4620613353e+36 Shat=3.2315500000e+02 Lhat=0.0000000000e+00
KNUTH_SUBTREE root=3605 depth=26 w=2.6510357201e+37 Shat=2.4788080000e+03 Lhat=0.0000000000e+00
KNUTH_SUBTREE root=3606 depth=26 w=3.0537159554e+37 Shat=5.4912000000e+01 Lhat=0.0000000000e+00
KNUTH_SUBTREE root=3607 depth=26 w=3.9946654472e+36 Shat=4.0170760000e+03 Lhat=0.0000000000e+00
KNUTH_SUBTREE root=3608 depth=26 w=1.8502043999e+37 Shat=4.0034200000e+03 Lhat=0.0000000000e+00
KNUTH_SUBTREE root=3609 depth=26 w=3.1913358264e+36 Shat=4.4052560000e+03 Lhat=0.0000000000e+00
KNUTH_SUBTREE root=3610 depth=26 w=1.2562701838e+37 Shat=4.5102700000e+02 Lhat=0.0000000000e+00
KNUTH_SUBTREE root=3611 depth=26 w=4.1556935558e+36 Shat=6.4739610000e+03 Lhat=0.0000000000e+00
KNUTH_SUBTREE root=3612 depth=26 w=5.3360086527e+36 Shat=5.6182930000e+03 Lhat=0.0000000000e+00
KNUTH_SUBTREE root=3613 depth=26 w=3.1277112768e+37 Shat=2.1363640000e+03 Lhat=0.0000000000e+00
KNUTH_SUBTREE root=3614 depth=26 w=1.7627263598e+36 Shat=7.0000000000e+00 Lhat=0.0000000000e+00
KNUTH_SUBTREE root=3615 depth=26 w=8.4565523199e+36 Shat=2.4945580000e+03 Lhat=0.0000000000e+00
KNUTH_SUBTREE root=3616 depth=26 w=1.2329906079e+37 Shat=5.6361790000e+03 Lhat=0.0000000000e+00
KNUTH_SUBTREE root=3617 depth=26 w=2.7243174475e+37 Shat=2.6158000000e+02 Lhat=0.0000000000e+00
KNUTH_SUBTREE root=3618 depth=26 w=5.2951870034e+36 Shat=1.5891000000e+03 Lhat=0.0000000000e+00
KNUTH_SUBTREE root=3619 depth=26 w=1.2746070144e+37 Shat=9.8438100000e+02 Lhat=0.0000000000e+00
KNUTH_SUBTREE root=3620 depth=26 w=3.2855467587e+36 Shat=8.4539800000e+02 Lhat=6.5448000000e+01
KNUTH_SUBTREE root=3621 depth=26 w=9.0301626693e+36 Shat=4.7859300000e+03 Lhat=0.0000000000e+00
KNUTH_SUBTREE root=3622 depth=26 w=2.9464252409e+37 Shat=5.7895600000e+02 Lhat=0.0000000000e+00
KNUTH_SUBTREE root=3623 depth=26 w=2.8120993522e+37 Shat=1.3736920000e+03 Lhat=0.0000000000e+00
KNUTH_SUBTREE root=3624 depth=26 w=2.4935195219e+36 Shat=8.6761000000e+02 Lhat=0.0000000000e+00
KNUTH_SUBTREE root=3625 depth=26 w=3.2537856267e+36 Shat=1.1073430000e+03 Lhat=0.0000000000e+00
KNUTH_SUBTREE root=3626 depth=26 w=2.6805233379e+36 Shat=3.4148240000e+03 Lhat=2.7321600000e+02
KNUTH_SUBTREE root=3627 depth=26 w=5.5460338505e+36 Shat=3.3776590000e+03 Lhat=0.0000000000e+00
KNUTH_SUBTREE root=3628 depth=26 w=3.5201014617e+36 Shat=5.8932000000e+02 Lhat=0.0000000000e+00
KNUTH_SUBTREE root=3629 depth=26 w=3.8155297545e+36 Shat=5.6000000000e+01 Lhat=0.0000000000e+00
KNUTH_SUBTREE root=3630 depth=26 w=1.9834082281e+37 Shat=2.8745470000e+03 Lhat=0.0000000000e+00
KNUTH_SUBTREE root=3631 depth=26 w=6.8537190961e+36 Shat=2.0201400000e+02 Lhat=0.0000000000e+00
KNUTH_SUBTREE root=3632 depth=26 w=4.5976256284e+36 Shat=3.4015000000e+01 Lhat=0.0000000000e+00
KNUTH_SUBTREE root=3633 depth=26 w=6.7733836089e+36 Shat=1.6000000000e+01 Lhat=0.0000000000e+00
KNUTH_SUBTREE root=3634 depth=26 w=6.5107057149e+36 Shat=6.8616000000e+02 Lhat=0.0000000000e+00
KNUTH_SUBTREE root=3635 depth=26 w=2.8457305350e+36 Shat=7.5864000000e+02 Lhat=0.0000000000e+00
KNUTH_SUBTREE root=3636 depth=26 w=1.0562560718e+37 Shat=6.3499800000e+03 Lhat=0.0000000000e+00
KNUTH_SUBTREE root=3637 depth=26 w=2.5889347660e+37 Shat=8.0811400000e+02 Lhat=0.0000000000e+00
KNUTH_SUBTREE root=3638 depth=26 w=5.0377230309e+36 Shat=8.5166830000e+03 Lhat=0.0000000000e+00
KNUTH_SUBTREE root=3639 depth=26 w=1.3248831236e+37 Shat=1.5611200000e+03 Lhat=0.0000000000e+00
KNUTH_SUBTREE root=3640 depth=26 w=1.9830396929e+37 Shat=1.0224800000e+02 Lhat=0.0000000000e+00
KNUTH_SUBTREE root=3641 depth=26 w=2.3692851805e+36 Shat=4.0000000000e+00 Lhat=0.0000000000e+00
KNUTH_SUBTREE root=3642 depth=26 w=6.9291399646e+36 Shat=8.2255600000e+02 Lhat=0.0000000000e+00
KNUTH_SUBTREE root=3643 depth=26 w=8.1415645734e+36 Shat=5.1231400000e+02 Lhat=0.0000000000e+00
KNUTH_SUBTREE root=3644 depth=26 w=1.9423951532e+36 Shat=1.0001200000e+02 Lhat=0.0000000000e+00
KNUTH_SUBTREE root=3645 depth=26 w=8.2569091506e+35 Shat=3.3478500000e+03 Lhat=0.0000000000e+00
KNUTH_SUBTREE root=3646 depth=26 w=2.2910104216e+37 Shat=2.6046670000e+03 Lhat=0.0000000000e+00
KNUTH_SUBTREE root=3647 depth=26 w=1.0674469612e+37 Shat=1.0000000000e+01 Lhat=0.0000000000e+00
KNUTH_SUBTREE root=3648 depth=26 w=1.4219292534e+37 Shat=3.0873400000e+03 Lhat=0.0000000000e+00
KNUTH_SUBTREE root=3649 depth=26 w=2.4138487400e+36 Shat=8.5012000000e+01 Lhat=0.0000000000e+00
KNUTH_SUBTREE root=3650 depth=26 w=6.5099912051e+36 Shat=3.1886600000e+03 Lhat=0.0000000000e+00
KNUTH_SUBTREE root=3651 depth=26 w=1.9694252034e+36 Shat=4.5812100000e+02 Lhat=0.0000000000e+00
KNUTH_SUBTREE root=3652 depth=26 w=4.4877867965e+36 Shat=1.0064944000e+04 Lhat=0.0000000000e+00
KNUTH_SUBTREE root=3653 depth=26 w=3.2212226381e+36 Shat=1.3057672000e+04 Lhat=0.0000000000e+00
KNUTH_SUBTREE root=3654 depth=26 w=3.0654106921e+36 Shat=3.1440300000e+03 Lhat=0.0000000000e+00
KNUTH_SUBTREE root=3655 depth=26 w=7.0334405490e+34 Shat=4.0000000000e+00 Lhat=0.0000000000e+00
KNUTH_SUBTREE root=3656 depth=26 w=2.8509962758e+36 Shat=7.0000000000e+00 Lhat=0.0000000000e+00
KNUTH_SUBTREE root=3657 depth=26 w=1.3675205575e+37 Shat=3.8623200000e+02 Lhat=0.0000000000e+00
KNUTH_SUBTREE root=3658 depth=26 w=6.7577436493e+36 Shat=3.1000000000e+01 Lhat=0.0000000000e+00
KNUTH_SUBTREE root=3659 depth=26 w=2.1639302170e+37 Shat=9.0000000000e+00 Lhat=0.0000000000e+00
KNUTH_SUBTREE root=3660 depth=26 w=1.0212104440e+37 Shat=4.8439000000e+01 Lhat=0.0000000000e+00
KNUTH_SUBTREE root=3661 depth=26 w=6.8300507980e+36 Shat=4.1960800000e+02 Lhat=0.0000000000e+00
KNUTH_SUBTREE root=3662 depth=26 w=2.5175480818e+37 Shat=7.8379610000e+03 Lhat=0.0000000000e+00
KNUTH_SUBTREE root=3663 depth=26 w=1.8697276272e+37 Shat=1.3579300000e+03 Lhat=0.0000000000e+00
KNUTH_SUBTREE root=3664 depth=26 w=2.6983899288e+37 Shat=2.4236000000e+02 Lhat=0.0000000000e+00
KNUTH_SUBTREE root=3665 depth=26 w=4.5996555705e+36 Shat=2.7861200000e+03 Lhat=0.0000000000e+00
KNUTH_SUBTREE root=3666 depth=26 w=3.1813651274e+36 Shat=1.9527760000e+03 Lhat=0.0000000000e+00
KNUTH_SUBTREE root=3667 depth=26 w=2.7674299499e+37 Shat=1.6000000000e+01 Lhat=0.0000000000e+00
KNUTH_SUBTREE root=3668 depth=26 w=7.8809947410e+36 Shat=3.2276410000e+03 Lhat=5.0666000000e+01
KNUTH_SUBTREE root=3669 depth=26 w=3.0658417620e+36 Shat=6.4564000000e+02 Lhat=0.0000000000e+00
KNUTH_SUBTREE root=3670 depth=26 w=3.1101437682e+37 Shat=1.0270108000e+04 Lhat=0.0000000000e+00
KNUTH_SUBTREE root=3671 depth=26 w=4.0732600208e+36 Shat=2.5114720000e+03 Lhat=0.0000000000e+00
KNUTH_SUBTREE root=3672 depth=26 w=3.4928905277e+37 Shat=5.4406000000e+02 Lhat=0.0000000000e+00
KNUTH_SUBTREE root=3673 depth=26 w=5.3543763079e+36 Shat=7.9000000000e+01 Lhat=0.0000000000e+00
KNUTH_SUBTREE root=3674 depth=26 w=2.7270050777e+37 Shat=1.1510500000e+03 Lhat=0.0000000000e+00
KNUTH_SUBTREE root=3675 depth=26 w=3.1270364110e+36 Shat=6.2773600000e+02 Lhat=0.0000000000e+00
KNUTH_SUBTREE root=3676 depth=26 w=4.2321202551e+36 Shat=3.7369000000e+01 Lhat=0.0000000000e+00
KNUTH_SUBTREE root=3677 depth=26 w=2.0837506802e+36 Shat=1.5914400000e+02 Lhat=0.0000000000e+00
KNUTH_SUBTREE root=3678 depth=26 w=7.5045952719e+36 Shat=3.2089700000e+03 Lhat=0.0000000000e+00
KNUTH_SUBTREE root=3679 depth=26 w=9.5241834260e+36 Shat=8.9182200000e+03 Lhat=0.0000000000e+00
KNUTH_SUBTREE root=3680 depth=26 w=6.7087349167e+36 Shat=5.3899400000e+03 Lhat=0.0000000000e+00
KNUTH_SUBTREE root=3681 depth=26 w=9.2996096850e+36 Shat=2.0591600000e+03 Lhat=0.0000000000e+00
KNUTH_SUBTREE root=3682 depth=26 w=3.0508000195e+36 Shat=1.2457090000e+03 Lhat=0.0000000000e+00
KNUTH_SUBTREE root=3683 depth=26 w=1.3275785605e+36 Shat=3.0000000000e+00 Lhat=0.0000000000e+00
KNUTH_SUBTREE root=3684 depth=26 w=4.0975624106e+36 Shat=1.7292800000e+02 Lhat=0.0000000000e+00
KNUTH_SUBTREE root=3685 depth=26 w=2.8220122367e+37 Shat=9.6632000000e+01 Lhat=0.0000000000e+00
KNUTH_SUBTREE root=3686 depth=26 w=3.6850119278e+37 Shat=1.0325800000e+03 Lhat=0.0000000000e+00
KNUTH_SUBTREE root=3687 depth=26 w=1.8380657571e+37 Shat=1.8772400000e+03 Lhat=0.0000000000e+00
KNUTH_SUBTREE root=3688 depth=26 w=2.1510162435e+36 Shat=7.2952000000e+01 Lhat=0.0000000000e+00
KNUTH_SUBTREE root=3689 depth=26 w=9.4204656542e+36 Shat=5.2077600000e+02 Lhat=0.0000000000e+00
KNUTH_SUBTREE root=3690 depth=26 w=1.2704252276e+36 Shat=1.0176000000e+02 Lhat=0.0000000000e+00
KNUTH_SUBTREE root=3691 depth=26 w=2.3995946627e+37 Shat=2.0383840000e+03 Lhat=0.0000000000e+00
KNUTH_SUBTREE root=3692 depth=26 w=6.6985132258e+36 Shat=1.6485040000e+03 Lhat=0.0000000000e+00
KNUTH_SUBTREE root=3693 depth=26 w=2.2298107017e+37 Shat=6.6405400000e+02 Lhat=0.0000000000e+00
KNUTH_SUBTREE root=3694 depth=26 w=1.3889913177e+36 Shat=1.0000000000e+00 Lhat=0.0000000000e+00
KNUTH_SUBTREE root=3695 depth=26 w=1.9784912150e+37 Shat=1.8587700000e+02 Lhat=0.0000000000e+00
KNUTH_SUBTREE root=3696 depth=26 w=3.6598363819e+37 Shat=9.9196800000e+02 Lhat=0.0000000000e+00
KNUTH_SUBTREE root=3697 depth=26 w=1.2936955235e+37 Shat=7.8770800000e+03 Lhat=0.0000000000e+00
KNUTH_SUBTREE root=3698 depth=26 w=1.6936202916e+37 Shat=1.0000000000e+00 Lhat=0.0000000000e+00
KNUTH_SUBTREE root=3699 depth=26 w=2.0630573241e+35 Shat=3.0000000000e+00 Lhat=0.0000000000e+00
KNUTH_SUBTREE root=3700 depth=26 w=9.5344518281e+35 Shat=3.0000000000e+00 Lhat=0.0000000000e+00
KNUTH_SUBTREE root=3701 depth=26 w=4.9675902656e+36 Shat=3.6680000000e+01 Lhat=0.0000000000e+00
KNUTH_SUBTREE root=3702 depth=26 w=7.3865521407e+36 Shat=8.9583900000e+02 Lhat=0.0000000000e+00
KNUTH_SUBTREE root=3703 depth=26 w=2.5187707599e+37 Shat=7.7157100000e+03 Lhat=9.0264000000e+02
KNUTH_SUBTREE root=3704 depth=26 w=2.1554789939e+37 Shat=6.7029400000e+03 Lhat=0.0000000000e+00
KNUTH_SUBTREE root=3705 depth=26 w=8.8457652171e+36 Shat=1.8905360000e+03 Lhat=0.0000000000e+00
KNUTH_SUBTREE root=3706 depth=26 w=3.3404887196e+36 Shat=2.5247500000e+02 Lhat=0.0000000000e+00
KNUTH_SUBTREE root=3707 depth=26 w=1.2934810676e+36 Shat=3.0000000000e+00 Lhat=0.0000000000e+00
KNUTH_SUBTREE root=3708 depth=26 w=2.3127867484e+36 Shat=7.7176000000e+02 Lhat=0.0000000000e+00
KNUTH_SUBTREE root=3709 depth=26 w=2.2960337852e+37 Shat=1.2133580000e+03 Lhat=0.0000000000e+00
KNUTH_SUBTREE root=3710 depth=26 w=1.5764485734e+37 Shat=2.2654400000e+02 Lhat=0.0000000000e+00
KNUTH_SUBTREE root=3711 depth=26 w=2.7176139871e+37 Shat=2.9730020000e+03 Lhat=0.0000000000e+00
KNUTH_SUBTREE root=3712 depth=26 w=1.8962994443e+37 Shat=1.1006000000e+02 Lhat=0.0000000000e+00
KNUTH_SUBTREE root=3713 depth=26 w=8.2144614911e+36 Shat=7.5936000000e+02 Lhat=0.0000000000e+00
KNUTH_SUBTREE root=3714 depth=26 w=9.0875101992e+36 Shat=1.1700000000e+02 Lhat=0.0000000000e+00
KNUTH_SUBTREE root=3715 depth=26 w=3.0840820836e+37 Shat=7.6801600000e+02 Lhat=1.6499200000e+02
KNUTH_SUBTREE root=3716 depth=26 w=2.9326001047e+37 Shat=6.0450280000e+03 Lhat=0.0000000000e+00
KNUTH_SUBTREE root=3717 depth=26 w=4.3142627608e+35 Shat=5.0866000000e+01 Lhat=0.0000000000e+00
KNUTH_SUBTREE root=3718 depth=26 w=2.6173143297e+36 Shat=2.1070320000e+03 Lhat=0.0000000000e+00
KNUTH_SUBTREE root=3719 depth=26 w=1.5316113059e+37 Shat=2.5092000000e+01 Lhat=0.0000000000e+00
KNUTH_SUBTREE root=3720 depth=26 w=1.9368890848e+37 Shat=8.7880000000e+01 Lhat=0.0000000000e+00
KNUTH_SUBTREE root=3721 depth=26 w=1.0881320717e+36 Shat=3.0000000000e+00 Lhat=0.0000000000e+00
KNUTH_SUBTREE root=3722 depth=26 w=6.7969446202e+36 Shat=1.8987400000e+03 Lhat=0.0000000000e+00
KNUTH_SUBTREE root=3723 depth=26 w=4.2763555325e+36 Shat=8.9118000000e+02 Lhat=0.0000000000e+00
KNUTH_SUBTREE root=3724 depth=26 w=2.0826785122e+35 Shat=1.8272000000e+01 Lhat=0.0000000000e+00
KNUTH_SUBTREE root=3725 depth=26 w=3.6099067060e+36 Shat=4.2055520000e+03 Lhat=0.0000000000e+00
KNUTH_SUBTREE root=3726 depth=26 w=7.8227860436e+36 Shat=7.2723600000e+02 Lhat=0.0000000000e+00
KNUTH_SUBTREE root=3727 depth=26 w=1.0579741005e+37 Shat=4.2385400000e+03 Lhat=0.0000000000e+00
KNUTH_SUBTREE root=3728 depth=26 w=2.7013543804e+36 Shat=9.4860000000e+01 Lhat=0.0000000000e+00
KNUTH_SUBTREE root=3729 depth=26 w=3.4232850435e+35 Shat=1.0186000000e+02 Lhat=0.0000000000e+00
KNUTH_SUBTREE root=3730 depth=26 w=1.9361711251e+36 Shat=4.5076000000e+01 Lhat=0.0000000000e+00
KNUTH_SUBTREE root=3731 depth=26 w=7.2643018074e+36 Shat=3.5987440000e+03 Lhat=0.0000000000e+00
KNUTH_SUBTREE root=3732 depth=26 w=1.2334390985e+37 Shat=1.0627500000e+02 Lhat=0.0000000000e+00
KNUTH_SUBTREE root=3733 depth=26 w=2.7459154028e+37 Shat=1.5026320000e+03 Lhat=0.0000000000e+00
KNUTH_SUBTREE root=3734 depth=26 w=1.1510793016e+36 Shat=3.0000000000e+00 Lhat=0.0000000000e+00
KNUTH_SUBTREE root=3735 depth=26 w=2.3387264248e+37 Shat=7.7452000000e+01 Lhat=0.0000000000e+00
KNUTH_SUBTREE root=3736 depth=26 w=1.2653960192e+36 Shat=4.8126500000e+02 Lhat=0.0000000000e+00
KNUTH_SUBTREE root=3737 depth=26 w=4.6630509875e+35 Shat=4.4704000000e+01 Lhat=0.0000000000e+00
KNUTH_SUBTREE root=3738 depth=26 w=2.9663974378e+36 Shat=2.8180340000e+03 Lhat=0.0000000000e+00
KNUTH_SUBTREE root=3739 depth=26 w=1.3046104955e+37 Shat=3.9264000000e+02 Lhat=0.0000000000e+00
KNUTH_SUBTREE root=3740 depth=26 w=3.0740514519e+36 Shat=6.0543520000e+03 Lhat=0.0000000000e+00
KNUTH_SUBTREE root=3741 depth=26 w=3.1190249136e+37 Shat=3.5005000000e+02 Lhat=0.0000000000e+00
KNUTH_SUBTREE root=3742 depth=26 w=2.2330677215e+37 Shat=1.0000000000e+00 Lhat=0.0000000000e+00
KNUTH_SUBTREE root=3743 depth=26 w=2.4684848071e+36 Shat=3.0161400000e+03 Lhat=0.0000000000e+00
KNUTH_SUBTREE root=3744 depth=26 w=5.0283823372e+36 Shat=6.4144000000e+02 Lhat=0.0000000000e+00
KNUTH_SUBTREE root=3745 depth=26 w=1.1974147781e+37 Shat=5.1341500000e+03 Lhat=0.0000000000e+00
KNUTH_SUBTREE root=3746 depth=26 w=2.7606172287e+36 Shat=2.0000000000e+00 Lhat=0.0000000000e+00
KNUTH_SUBTREE root=3747 depth=26 w=3.3915261905e+37 Shat=3.8709800000e+03 Lhat=0.0000000000e+00
KNUTH_SUBTREE root=3748 depth=26 w=3.1204941384e+37 Shat=3.2228000000e+02 Lhat=0.0000000000e+00
KNUTH_SUBTREE root=3749 depth=26 w=1.3896081030e+36 Shat=1.3000000000e+01 Lhat=0.0000000000e+00
KNUTH_SUBTREE root=3750 depth=26 w=5.0160026366e+36 Shat=1.0000000000e+00 Lhat=0.0000000000e+00
KNUTH_SUBTREE root=3751 depth=26 w=2.0578135971e+36 Shat=1.0065000000e+01 Lhat=0.0000000000e+00
KNUTH_SUBTREE root=3752 depth=26 w=3.2845819978e+36 Shat=4.0000000000e+00 Lhat=0.0000000000e+00
KNUTH_SUBTREE root=3753 depth=26 w=5.9110680647e+36 Shat=9.1550700000e+02 Lhat=0.0000000000e+00
KNUTH_SUBTREE root=3754 depth=26 w=3.5493794746e+37 Shat=1.9875000000e+01 Lhat=0.0000000000e+00
KNUTH_SUBTREE root=3755 depth=26 w=4.7956984724e+36 Shat=1.0896000000e+01 Lhat=0.0000000000e+00
KNUTH_SUBTREE root=3756 depth=26 w=3.3008385324e+36 Shat=1.0190000000e+02 Lhat=0.0000000000e+00
KNUTH_SUBTREE root=3757 depth=26 w=2.4221424248e+37 Shat=7.5515000000e+02 Lhat=0.0000000000e+00
KNUTH_SUBTREE root=3758 depth=26 w=2.1537029077e+36 Shat=5.8540000000e+00 Lhat=0.0000000000e+00
KNUTH_SUBTREE root=3759 depth=26 w=8.1123519963e+35 Shat=2.0700000000e+01 Lhat=0.0000000000e+00
KNUTH_SUBTREE root=3760 depth=26 w=8.0110022323e+35 Shat=1.0000000000e+00 Lhat=0.0000000000e+00
KNUTH_SUBTREE root=3761 depth=26 w=1.2525983239e+37 Shat=1.0197760000e+03 Lhat=0.0000000000e+00
KNUTH_SUBTREE root=3762 depth=26 w=5.6801791580e+36 Shat=1.4484000000e+03 Lhat=0.0000000000e+00
KNUTH_SUBTREE root=3763 depth=26 w=3.2987443671e+37 Shat=5.5587700000e+03 Lhat=0.0000000000e+00
KNUTH_SUBTREE root=3764 depth=26 w=1.0382829374e+37 Shat=2.5834400000e+03 Lhat=0.0000000000e+00
KNUTH_SUBTREE root=3765 depth=26 w=2.3946539071e+37 Shat=2.7262240000e+03 Lhat=0.0000000000e+00
KNUTH_SUBTREE root=3766 depth=26 w=1.1682293932e+37 Shat=1.3963000000e+01 Lhat=0.0000000000e+00
KNUTH_SUBTREE root=3767 depth=26 w=2.8370924872e+37 Shat=2.9142700000e+03 Lhat=0.0000000000e+00
KNUTH_SUBTREE root=3768 depth=26 w=4.8110144627e+36 Shat=2.7885800000e+02 Lhat=0.0000000000e+00
KNUTH_SUBTREE root=3769 depth=26 w=1.9257569623e+37 Shat=4.9426290000e+03 Lhat=6.2299600000e+02
KNUTH_SUBTREE root=3770 depth=26 w=1.9240195611e+36 Shat=1.9933000000e+01 Lhat=0.0000000000e+00
KNUTH_SUBTREE root=3771 depth=26 w=5.0034888062e+36 Shat=1.1330980000e+03 Lhat=0.0000000000e+00
KNUTH_SUBTREE root=3772 depth=26 w=7.1089616962e+36 Shat=2.3770700000e+03 Lhat=0.0000000000e+00
KNUTH_SUBTREE root=3773 depth=26 w=6.2628994504e+36 Shat=4.1680480000e+03 Lhat=0.0000000000e+00
KNUTH_SUBTREE root=3774 depth=26 w=4.5601178655e+36 Shat=2.1194680000e+03 Lhat=0.0000000000e+00
KNUTH_SUBTREE root=3775 depth=26 w=9.0928623527e+36 Shat=5.1288000000e+02 Lhat=0.0000000000e+00
KNUTH_SUBTREE root=3776 depth=26 w=3.4976060248e+35 Shat=7.0520000000e+00 Lhat=0.0000000000e+00
KNUTH_SUBTREE root=3777 depth=26 w=1.0327078028e+37 Shat=1.3000000000e+01 Lhat=0.0000000000e+00
KNUTH_SUBTREE root=3778 depth=26 w=3.7248039211e+36 Shat=5.4795610000e+03 Lhat=0.0000000000e+00
KNUTH_SUBTREE root=3779 depth=26 w=5.1481654017e+36 Shat=4.0000000000e+00 Lhat=0.0000000000e+00
KNUTH_SUBTREE root=3780 depth=26 w=2.4910397692e+37 Shat=5.4189000000e+02 Lhat=0.0000000000e+00
KNUTH_SUBTREE root=3781 depth=26 w=4.1988695750e+36 Shat=9.8548000000e+02 Lhat=0.0000000000e+00
KNUTH_SUBTREE root=3782 depth=26 w=9.3429688663e+36 Shat=1.0758900000e+03 Lhat=0.0000000000e+00
KNUTH_SUBTREE root=3783 depth=26 w=4.5796215244e+36 Shat=1.5801400000e+02 Lhat=0.0000000000e+00
KNUTH_SUBTREE root=3784 depth=26 w=3.2195497055e+37 Shat=2.4163900000e+02 Lhat=0.0000000000e+00
KNUTH_SUBTREE root=3785 depth=26 w=2.6318664806e+36 Shat=3.1440000000e+01 Lhat=0.0000000000e+00
KNUTH_SUBTREE root=3786 depth=26 w=3.7010809979e+37 Shat=5.4698560000e+03 Lhat=0.0000000000e+00
KNUTH_SUBTREE root=3787 depth=26 w=1.6269158435e+37 Shat=6.5164000000e+01 Lhat=0.0000000000e+00
KNUTH_SUBTREE root=3788 depth=26 w=6.7145601419e+36 Shat=1.3714800000e+02 Lhat=0.0000000000e+00
KNUTH_SUBTREE root=3789 depth=26 w=7.3112389530e+36 Shat=2.3200600000e+02 Lhat=0.0000000000e+00
KNUTH_SUBTREE root=3790 depth=26 w=1.5530682425e+37 Shat=1.8908300000e+03 Lhat=0.0000000000e+00
KNUTH_SUBTREE root=3791 depth=26 w=2.0365237306e+34 Shat=2.0000000000e+00 Lhat=0.0000000000e+00
KNUTH_SUBTREE root=3792 depth=26 w=3.4100320823e+37 Shat=3.1164000000e+03 Lhat=1.3392000000e+02
KNUTH_SUBTREE root=3793 depth=26 w=8.7880821085e+36 Shat=6.4685600000e+02 Lhat=0.0000000000e+00
KNUTH_SUBTREE root=3794 depth=26 w=1.5726697205e+36 Shat=1.5775200000e+03 Lhat=0.0000000000e+00
KNUTH_SUBTREE root=3795 depth=26 w=4.8561056169e+36 Shat=1.4175800000e+03 Lhat=0.0000000000e+00
KNUTH_SUBTREE root=3796 depth=26 w=6.0169335264e+36 Shat=1.6271200000e+02 Lhat=0.0000000000e+00
KNUTH_SUBTREE root=3797 depth=26 w=7.4493417405e+36 Shat=2.7849700000e+02 Lhat=0.0000000000e+00
KNUTH_SUBTREE root=3798 depth=26 w=3.3580069157e+36 Shat=7.9000000000e+01 Lhat=0.0000000000e+00
KNUTH_SUBTREE root=3799 depth=26 w=2.9740449987e+37 Shat=1.1136800000e+02 Lhat=0.0000000000e+00
KNUTH_SUBTREE root=3800 depth=26 w=4.5975675878e+36 Shat=8.0562600000e+03 Lhat=0.0000000000e+00
KNUTH_SUBTREE root=3801 depth=26 w=1.8735382102e+36 Shat=1.3924230000e+03 Lhat=0.0000000000e+00
KNUTH_SUBTREE root=3802 depth=26 w=4.0781004177e+36 Shat=6.6540000000e+02 Lhat=0.0000000000e+00
KNUTH_SUBTREE root=3803 depth=26 w=2.8326889225e+37 Shat=1.8156200000e+03 Lhat=0.0000000000e+00
KNUTH_SUBTREE root=3804 depth=26 w=2.8129236387e+37 Shat=1.3346920000e+03 Lhat=0.0000000000e+00
KNUTH_SUBTREE root=3805 depth=26 w=3.0367422882e+37 Shat=8.3892000000e+02 Lhat=0.0000000000e+00
KNUTH_SUBTREE root=3806 depth=26 w=9.3351991314e+36 Shat=2.4241600000e+03 Lhat=0.0000000000e+00
KNUTH_SUBTREE root=3807 depth=26 w=3.1476240728e+37 Shat=4.9894400000e+02 Lhat=0.0000000000e+00
KNUTH_SUBTREE root=3808 depth=26 w=4.5251493794e+36 Shat=1.5574500000e+02 Lhat=0.0000000000e+00
KNUTH_SUBTREE root=3809 depth=26 w=4.7163012182e+36 Shat=1.2161000000e+02 Lhat=0.0000000000e+00
KNUTH_SUBTREE root=3810 depth=26 w=2.3540039533e+37 Shat=5.6355200000e+02 Lhat=0.0000000000e+00
KNUTH_SUBTREE root=3811 depth=26 w=7.1998239243e+36 Shat=4.0872500000e+03 Lhat=0.0000000000e+00
KNUTH_SUBTREE root=3812 depth=26 w=6.8472543423e+36 Shat=7.9000000000e+01 Lhat=0.0000000000e+00
KNUTH_SUBTREE root=3813 depth=26 w=3.4637363872e+36 Shat=1.3000000000e+01 Lhat=0.0000000000e+00
KNUTH_SUBTREE root=3814 depth=26 w=1.2370774224e+37 Shat=5.6252800000e+02 Lhat=0.0000000000e+00
KNUTH_SUBTREE root=3815 depth=26 w=2.6198812394e+36 Shat=9.9322000000e+01 Lhat=0.0000000000e+00
KNUTH_SUBTREE root=3816 depth=26 w=8.9554754158e+36 Shat=4.5233000000e+02 Lhat=0.0000000000e+00
KNUTH_SUBTREE root=3817 depth=26 w=5.8665579664e+35 Shat=1.0000000000e+01 Lhat=0.0000000000e+00
KNUTH_SUBTREE root=3818 depth=26 w=1.8583868545e+37 Shat=2.9574640000e+03 Lhat=0.0000000000e+00
KNUTH_SUBTREE root=3819 depth=26 w=1.8401391139e+37 Shat=7.0801300000e+02 Lhat=0.0000000000e+00
KNUTH_SUBTREE root=3820 depth=26 w=1.1498632081e+37 Shat=3.4746130000e+03 Lhat=5.2704000000e+01
KNUTH_SUBTREE root=3821 depth=26 w=3.4214242122e+36 Shat=7.9720000000e+00 Lhat=0.0000000000e+00
KNUTH_SUBTREE root=3822 depth=26 w=7.2764702134e+36 Shat=5.8533520000e+03 Lhat=0.0000000000e+00
KNUTH_SUBTREE root=3823 depth=26 w=2.6162783681e+37 Shat=2.9502000000e+02 Lhat=0.0000000000e+00
KNUTH_SUBTREE root=3824 depth=26 w=9.7276481062e+36 Shat=4.6000000000e+01 Lhat=0.0000000000e+00
KNUTH_SUBTREE root=3825 depth=26 w=3.3979438250e+36 Shat=2.1582200000e+03 Lhat=0.0000000000e+00
KNUTH_SUBTREE root=3826 depth=26 w=1.8135427883e+37 Shat=3.3947760000e+03 Lhat=0.0000000000e+00
KNUTH_SUBTREE root=3827 depth=26 w=7.4961102971e+34 Shat=4.0000000000e+00 Lhat=0.0000000000e+00
KNUTH_SUBTREE root=3828 depth=26 w=2.7313531376e+37 Shat=2.3014000000e+01 Lhat=0.0000000000e+00
KNUTH_SUBTREE root=3829 depth=26 w=6.6191505714e+36 Shat=3.3511360000e+03 Lhat=7.7664000000e+01
KNUTH_SUBTREE root=3830 depth=26 w=8.1158812390e+36 Shat=3.4054000000e+01 Lhat=0.0000000000e+00
KNUTH_SUBTREE root=3831 depth=26 w=2.0050680387e+37 Shat=1.1080000000e+03 Lhat=0.0000000000e+00
KNUTH_SUBTREE root=3832 depth=26 w=1.6975323280e+37 Shat=1.9656500000e+03 Lhat=0.0000000000e+00
KNUTH_SUBTREE root=3833 depth=26 w=3.0519500369e+37 Shat=1.2033160000e+03 Lhat=0.0000000000e+00
KNUTH_SUBTREE root=3834 depth=26 w=4.0185300261e+36 Shat=2.0020900000e+03 Lhat=0.0000000000e+00
KNUTH_SUBTREE root=3835 depth=26 w=3.1274932834e+37 Shat=5.2113040000e+03 Lhat=0.0000000000e+00
KNUTH_SUBTREE root=3836 depth=26 w=2.7794642300e+37 Shat=2.3667200000e+02 Lhat=0.0000000000e+00
KNUTH_SUBTREE root=3837 depth=26 w=1.3574493853e+37 Shat=9.4704000000e+01 Lhat=0.0000000000e+00
KNUTH_SUBTREE root=3838 depth=26 w=2.3948648251e+36 Shat=3.0927500000e+02 Lhat=0.0000000000e+00
KNUTH_SUBTREE root=3839 depth=26 w=1.9597742876e+37 Shat=5.9940000000e+02 Lhat=0.0000000000e+00
KNUTH_SUBTREE root=3840 depth=26 w=1.9133045498e+37 Shat=2.8989520000e+03 Lhat=0.0000000000e+00
KNUTH_SUBTREE root=3841 depth=26 w=4.8873631564e+36 Shat=6.0959700000e+02 Lhat=0.0000000000e+00
KNUTH_SUBTREE root=3842 depth=26 w=4.7405681430e+36 Shat=1.1309680000e+03 Lhat=0.0000000000e+00
KNUTH_SUBTREE root=3843 depth=26 w=1.1174245235e+37 Shat=9.0916000000e+02 Lhat=0.0000000000e+00
KNUTH_SUBTREE root=3844 depth=26 w=4.6256153684e+36 Shat=4.0184560000e+03 Lhat=0.0000000000e+00
KNUTH_SUBTREE root=3845 depth=26 w=9.0018029383e+35 Shat=2.6428000000e+01 Lhat=0.0000000000e+00
KNUTH_SUBTREE root=3846 depth=26 w=4.2267018338e+36 Shat=1.6147180000e+03 Lhat=0.0000000000e+00
KNUTH_SUBTREE root=3847 depth=26 w=9.7761613210e+36 Shat=4.1238600000e+03 Lhat=0.0000000000e+00
KNUTH_SUBTREE root=3848 depth=26 w=3.8285430487e+36 Shat=4.1833040000e+03 Lhat=0.0000000000e+00
KNUTH_SUBTREE root=3849 depth=26 w=1.9759539509e+36 Shat=7.3660000000e+01 Lhat=0.0000000000e+00
KNUTH_SUBTREE root=3850 depth=26 w=4.7655950743e+36 Shat=7.8308200000e+02 Lhat=0.0000000000e+00
KNUTH_SUBTREE root=3851 depth=26 w=9.9738026500e+36 Shat=6.2488000000e+01 Lhat=0.0000000000e+00
KNUTH_SUBTREE root=3852 depth=26 w=2.8069319369e+37 Shat=3.6241600000e+02 Lhat=0.0000000000e+00
KNUTH_SUBTREE root=3853 depth=26 w=2.7739572856e+37 Shat=5.6468700000e+03 Lhat=0.0000000000e+00
KNUTH_SUBTREE root=3854 depth=26 w=2.8091652348e+37 Shat=4.8851200000e+02 Lhat=0.0000000000e+00
KNUTH_SUBTREE root=3855 depth=26 w=5.6433971743e+36 Shat=1.2964000000e+01 Lhat=0.0000000000e+00
KNUTH_SUBTREE root=3856 depth=26 w=3.7631224506e+36 Shat=4.8632000000e+01 Lhat=0.0000000000e+00
KNUTH_SUBTREE root=3857 depth=26 w=2.2182695575e+35 Shat=1.3016000000e+01 Lhat=0.0000000000e+00
KNUTH_SUBTREE root=3858 depth=26 w=6.9019565119e+36 Shat=3.7820000000e+02 Lhat=0.0000000000e+00
KNUTH_SUBTREE root=3859 depth=26 w=1.3557107216e+37 Shat=4.0580480000e+03 Lhat=0.0000000000e+00
KNUTH_SUBTREE root=3860 depth=26 w=1.2115866266e+37 Shat=2.5389530000e+03 Lhat=0.0000000000e+00
KNUTH_SUBTREE root=3861 depth=26 w=4.4436165925e+35 Shat=1.0000000000e+00 Lhat=0.0000000000e+00
KNUTH_SUBTREE root=3862 depth=26 w=9.3081598429e+36 Shat=3.4318000000e+01 Lhat=0.0000000000e+00
KNUTH_SUBTREE root=3863 depth=26 w=3.4864557221e+37 Shat=3.1270800000e+03 Lhat=0.0000000000e+00
KNUTH_SUBTREE root=3864 depth=26 w=1.8144804532e+36 Shat=2.6146360000e+03 Lhat=0.0000000000e+00
KNUTH_SUBTREE root=3865 depth=26 w=3.4404817355e+36 Shat=4.0000000000e+00 Lhat=0.0000000000e+00
KNUTH_SUBTREE root=3866 depth=26 w=3.5575370142e+36 Shat=8.9954400000e+02 Lhat=0.0000000000e+00
KNUTH_SUBTREE root=3867 depth=26 w=1.3246013753e+36 Shat=5.0000000000e+00 Lhat=0.0000000000e+00
KNUTH_SUBTREE root=3868 depth=26 w=2.5601409462e+37 Shat=1.7838640000e+03 Lhat=0.0000000000e+00
KNUTH_SUBTREE root=3869 depth=26 w=2.2259571374e+37 Shat=1.6652530000e+03 Lhat=1.0404000000e+02
KNUTH_SUBTREE root=3870 depth=26 w=1.3551875236e+37 Shat=3.7259000000e+02 Lhat=0.0000000000e+00
KNUTH_SUBTREE root=3871 depth=26 w=6.9989410880e+36 Shat=4.4324400000e+02 Lhat=0.0000000000e+00
KNUTH_SUBTREE root=3872 depth=26 w=2.7996188717e+36 Shat=3.2582000000e+02 Lhat=0.0000000000e+00
KNUTH_SUBTREE root=3873 depth=26 w=2.3335303906e+37 Shat=1.6833400000e+03 Lhat=0.0000000000e+00
KNUTH_SUBTREE root=3874 depth=26 w=2.8888585418e+37 Shat=1.1021500000e+02 Lhat=0.0000000000e+00
KNUTH_SUBTREE root=3875 depth=26 w=2.9497485059e+37 Shat=8.4489800000e+02 Lhat=0.0000000000e+00
KNUTH_SUBTREE root=3876 depth=26 w=3.0919057128e+37 Shat=6.3124800000e+02 Lhat=0.0000000000e+00
KNUTH_SUBTREE root=3877 depth=26 w=1.5439497797e+37 Shat=7.3743000000e+03 Lhat=0.0000000000e+00
KNUTH_SUBTREE root=3878 depth=26 w=2.5985048278e+37 Shat=3.9466400000e+03 Lhat=0.0000000000e+00
KNUTH_SUBTREE root=3879 depth=26 w=7.9147256549e+36 Shat=4.4180000000e+01 Lhat=0.0000000000e+00
KNUTH_SUBTREE root=3880 depth=26 w=1.9986466231e+37 Shat=8.2492000000e+01 Lhat=0.0000000000e+00
KNUTH_SUBTREE root=3881 depth=26 w=1.2364568642e+37 Shat=1.3560800000e+02 Lhat=0.0000000000e+00
KNUTH_SUBTREE root=3882 depth=26 w=2.8922830928e+37 Shat=2.7089440000e+03 Lhat=0.0000000000e+00
KNUTH_SUBTREE root=3883 depth=26 w=6.3926679096e+36 Shat=7.3174400000e+02 Lhat=0.0000000000e+00
KNUTH_SUBTREE root=3884 depth=26 w=3.4295991293e+36 Shat=3.5909700000e+03 Lhat=0.0000000000e+00
KNUTH_SUBTREE root=3885 depth=26 w=2.6908602454e+37 Shat=3.6479800000e+02 Lhat=0.0000000000e+00
KNUTH_SUBTREE root=3886 depth=26 w=4.5307340973e+36 Shat=3.6688000000e+01 Lhat=0.0000000000e+00
KNUTH_SUBTREE root=3887 depth=26 w=1.4796806831e+37 Shat=1.2914400000e+02 Lhat=0.0000000000e+00
KNUTH_SUBTREE root=3888 depth=26 w=9.8817120042e+36 Shat=7.9000000000e+01 Lhat=0.0000000000e+00
KNUTH_SUBTREE root=3889 depth=26 w=2.9425702243e+37 Shat=3.7741980000e+03 Lhat=0.0000000000e+00
KNUTH_SUBTREE root=3890 depth=26 w=2.1036651602e+37 Shat=5.0000000000e+00 Lhat=0.0000000000e+00
KNUTH_SUBTREE root=3891 depth=26 w=5.5950307953e+36 Shat=2.0808800000e+03 Lhat=0.0000000000e+00
KNUTH_SUBTREE root=3892 depth=26 w=7.1005654772e+36 Shat=8.0000000000e+00 Lhat=0.0000000000e+00
KNUTH_SUBTREE root=3893 depth=26 w=3.1374649956e+37 Shat=1.7468210000e+03 Lhat=0.0000000000e+00
KNUTH_SUBTREE root=3894 depth=26 w=6.3172803082e+36 Shat=4.2835000000e+02 Lhat=0.0000000000e+00
KNUTH_SUBTREE root=3895 depth=26 w=6.7574554249e+36 Shat=3.2599720000e+03 Lhat=0.0000000000e+00
KNUTH_SUBTREE root=3896 depth=26 w=3.5317022920e+35 Shat=3.0000000000e+00 Lhat=0.0000000000e+00
KNUTH_SUBTREE root=3897 depth=26 w=3.2019801796e+37 Shat=8.5607100000e+03 Lhat=0.0000000000e+00
KNUTH_SUBTREE root=3898 depth=26 w=1.6929452758e+37 Shat=1.5384640000e+03 Lhat=0.0000000000e+00
KNUTH_SUBTREE root=3899 depth=26 w=7.4603492418e+36 Shat=9.2117840000e+03 Lhat=0.0000000000e+00
KNUTH_SUBTREE root=3900 depth=26 w=2.6301314273e+36 Shat=7.8127930000e+03 Lhat=0.0000000000e+00
KNUTH_SUBTREE root=3901 depth=26 w=1.6123476199e+37 Shat=4.1608700000e+03 Lhat=0.0000000000e+00
KNUTH_SUBTREE root=3902 depth=26 w=3.7583495989e+36 Shat=2.5763500000e+02 Lhat=0.0000000000e+00
KNUTH_SUBTREE root=3903 depth=26 w=3.0605971432e+36 Shat=7.1659000000e+01 Lhat=0.0000000000e+00
KNUTH_SUBTREE root=3904 depth=26 w=2.7913832015e+37 Shat=1.2487740000e+03 Lhat=0.0000000000e+00
KNUTH_SUBTREE root=3905 depth=26 w=2.6937652471e+36 Shat=5.4360000000e+01 Lhat=0.0000000000e+00
KNUTH_SUBTREE root=3906 depth=26 w=1.9071481721e+37 Shat=1.3972240000e+03 Lhat=1.8144000000e+01
KNUTH_SUBTREE root=3907 depth=26 w=5.8264997139e+36 Shat=6.5976400000e+02 Lhat=0.0000000000e+00
KNUTH_SUBTREE root=3908 depth=26 w=2.4653510976e+36 Shat=1.0000000000e+01 Lhat=0.0000000000e+00
KNUTH_SUBTREE root=3909 depth=26 w=3.1755758406e+36 Shat=5.0192200000e+02 Lhat=0.0000000000e+00
KNUTH_SUBTREE root=3910 depth=26 w=1.3798767294e+36 Shat=5.8885000000e+01 Lhat=0.0000000000e+00
KNUTH_SUBTREE root=3911 depth=26 w=2.9555439551e+37 Shat=6.6227200000e+02 Lhat=0.0000000000e+00
KNUTH_SUBTREE root=3912 depth=26 w=1.2612466462e+37 Shat=7.9000000000e+01 Lhat=0.0000000000e+00
KNUTH_SUBTREE root=3913 depth=26 w=3.4630564402e+36 Shat=1.1498800000e+03 Lhat=0.0000000000e+00
KNUTH_SUBTREE root=3914 depth=26 w=1.3021424909e+37 Shat=2.0067490000e+03 Lhat=0.0000000000e+00
KNUTH_SUBTREE root=3915 depth=26 w=1.1291201338e+37 Shat=5.3391070000e+03 Lhat=0.0000000000e+00
KNUTH_SUBTREE root=3916 depth=26 w=3.1040911299e+36 Shat=1.3000000000e+01 Lhat=0.0000000000e+00
KNUTH_SUBTREE root=3917 depth=26 w=3.0378369134e+36 Shat=1.9722700000e+03 Lhat=0.0000000000e+00
KNUTH_SUBTREE root=3918 depth=26 w=1.6215147262e+36 Shat=7.9000000000e+01 Lhat=0.0000000000e+00
KNUTH_SUBTREE root=3919 depth=26 w=3.7518456838e+35 Shat=7.0000000000e+00 Lhat=0.0000000000e+00
KNUTH_SUBTREE root=3920 depth=26 w=6.2813331102e+36 Shat=8.2507000000e+02 Lhat=0.0000000000e+00
KNUTH_SUBTREE root=3921 depth=26 w=2.8536417967e+37 Shat=1.2486530000e+03 Lhat=0.0000000000e+00
KNUTH_SUBTREE root=3922 depth=26 w=1.5492549462e+37 Shat=7.9000000000e+01 Lhat=0.0000000000e+00
KNUTH_SUBTREE root=3923 depth=26 w=2.6758013901e+37 Shat=1.1000000000e+01 Lhat=0.0000000000e+00
KNUTH_SUBTREE root=3924 depth=26 w=1.5395655748e+36 Shat=2.0000000000e+00 Lhat=0.0000000000e+00
KNUTH_SUBTREE root=3925 depth=26 w=6.3492324110e+36 Shat=5.2381900000e+02 Lhat=0.0000000000e+00
KNUTH_SUBTREE root=3926 depth=26 w=4.6456724980e+36 Shat=3.8737200000e+03 Lhat=0.0000000000e+00
KNUTH_SUBTREE root=3927 depth=26 w=2.7143030721e+37 Shat=2.5806880000e+03 Lhat=0.0000000000e+00
KNUTH_SUBTREE root=3928 depth=26 w=2.2205219450e+37 Shat=4.9071000000e+02 Lhat=0.0000000000e+00
KNUTH_SUBTREE root=3929 depth=26 w=4.1910820468e+36 Shat=6.3062000000e+03 Lhat=0.0000000000e+00
KNUTH_SUBTREE root=3930 depth=26 w=1.6766838024e+37 Shat=1.8676560000e+03 Lhat=0.0000000000e+00
KNUTH_SUBTREE root=3931 depth=26 w=3.7262309461e+37 Shat=2.0299200000e+02 Lhat=0.0000000000e+00
KNUTH_SUBTREE root=3932 depth=26 w=2.3146176628e+37 Shat=5.3750600000e+03 Lhat=0.0000000000e+00
KNUTH_SUBTREE root=3933 depth=26 w=3.1140755545e+37 Shat=4.3252300000e+02 Lhat=0.0000000000e+00
KNUTH_SUBTREE root=3934 depth=26 w=2.7232813230e+37 Shat=2.0350000000e+03 Lhat=0.0000000000e+00
KNUTH_SUBTREE root=3935 depth=26 w=3.3632972819e+36 Shat=4.9312000000e+01 Lhat=0.0000000000e+00
KNUTH_SUBTREE root=3936 depth=26 w=3.1937119300e+37 Shat=3.7130380000e+03 Lhat=1.3041600000e+02
KNUTH_SUBTREE root=3937 depth=26 w=2.4020843292e+37 Shat=8.9968900000e+02 Lhat=0.0000000000e+00
KNUTH_SUBTREE root=3938 depth=26 w=2.2701698967e+37 Shat=5.7073930000e+03 Lhat=0.0000000000e+00
KNUTH_SUBTREE root=3939 depth=26 w=2.5518963617e+37 Shat=3.1627960000e+03 Lhat=0.0000000000e+00
KNUTH_SUBTREE root=3940 depth=26 w=3.7010024561e+36 Shat=9.5149000000e+01 Lhat=0.0000000000e+00
KNUTH_SUBTREE root=3941 depth=26 w=1.4027797157e+37 Shat=1.0687200000e+02 Lhat=0.0000000000e+00
KNUTH_SUBTREE root=3942 depth=26 w=2.0965610010e+37 Shat=2.2930400000e+02 Lhat=0.0000000000e+00
KNUTH_SUBTREE root=3943 depth=26 w=1.0892539438e+37 Shat=3.1043200000e+03 Lhat=0.0000000000e+00
KNUTH_SUBTREE root=3944 depth=26 w=9.6936104474e+36 Shat=5.1641860000e+03 Lhat=0.0000000000e+00
KNUTH_SUBTREE root=3945 depth=26 w=1.0487954862e+37 Shat=1.0168240000e+03 Lhat=0.0000000000e+00
KNUTH_SUBTREE root=3946 depth=26 w=2.8112290875e+37 Shat=2.1357100000e+02 Lhat=0.0000000000e+00
KNUTH_SUBTREE root=3947 depth=26 w=2.8582014428e+37 Shat=3.7872110000e+03 Lhat=0.0000000000e+00
KNUTH_SUBTREE root=3948 depth=26 w=4.3956465349e+36 Shat=7.7664000000e+01 Lhat=0.0000000000e+00
KNUTH_SUBTREE root=3949 depth=26 w=2.7422726050e+36 Shat=5.7148000000e+01 Lhat=0.0000000000e+00
KNUTH_SUBTREE root=3950 depth=26 w=2.9613061234e+36 Shat=3.0000000000e+00 Lhat=0.0000000000e+00
KNUTH_SUBTREE root=3951 depth=26 w=5.8552713812e+35 Shat=1.0000000000e+00 Lhat=0.0000000000e+00
KNUTH_SUBTREE root=3952 depth=26 w=8.3049725990e+36 Shat=7.0000000000e+00 Lhat=0.0000000000e+00
KNUTH_SUBTREE root=3953 depth=26 w=1.1874128839e+37 Shat=4.3920800000e+03 Lhat=0.0000000000e+00
KNUTH_SUBTREE root=3954 depth=26 w=9.5131496809e+36 Shat=1.1511400000e+03 Lhat=0.0000000000e+00
KNUTH_SUBTREE root=3955 depth=26 w=7.7754645479e+36 Shat=1.4537000000e+02 Lhat=0.0000000000e+00
KNUTH_SUBTREE root=3956 depth=26 w=1.8012941557e+36 Shat=7.9000000000e+01 Lhat=0.0000000000e+00
KNUTH_SUBTREE root=3957 depth=26 w=3.6673848833e+35 Shat=1.4968000000e+01 Lhat=0.0000000000e+00
KNUTH_SUBTREE root=3958 depth=26 w=4.8462594297e+36 Shat=6.0797600000e+02 Lhat=0.0000000000e+00
KNUTH_SUBTREE root=3959 depth=26 w=6.8874994924e+36 Shat=1.5284800000e+02 Lhat=0.0000000000e+00
KNUTH_SUBTREE root=3960 depth=26 w=1.4441164084e+37 Shat=8.3395000000e+02 Lhat=0.0000000000e+00
KNUTH_SUBTREE root=3961 depth=26 w=6.8991441691e+36 Shat=2.5276800000e+02 Lhat=0.0000000000e+00
KNUTH_SUBTREE root=3962 depth=26 w=6.7384075012e+35 Shat=1.0000000000e+01 Lhat=0.0000000000e+00
KNUTH_SUBTREE root=3963 depth=26 w=3.2318107207e+37 Shat=5.2946440000e+03 Lhat=0.0000000000e+00
KNUTH_SUBTREE root=3964 depth=26 w=4.2559232765e+36 Shat=6.4845000000e+01 Lhat=0.0000000000e+00
KNUTH_SUBTREE root=3965 depth=26 w=7.5929490594e+36 Shat=3.3337000000e+01 Lhat=0.0000000000e+00
KNUTH_SUBTREE root=3966 depth=26 w=7.0419608013e+36 Shat=3.5439400000e+03 Lhat=0.0000000000e+00
KNUTH_SUBTREE root=3967 depth=26 w=1.5922675066e+36 Shat=2.5140000000e+01 Lhat=0.0000000000e+00
KNUTH_SUBTREE root=3968 depth=26 w=9.1579492348e+36 Shat=1.3630200000e+03 Lhat=0.0000000000e+00
KNUTH_SUBTREE root=3969 depth=26 w=3.3148219348e+37 Shat=9.5015200000e+02 Lhat=0.0000000000e+00
KNUTH_SUBTREE root=3970 depth=26 w=2.8721742893e+37 Shat=5.0791300000e+02 Lhat=0.0000000000e+00
KNUTH_SUBTREE root=3971 depth=26 w=2.4361121003e+36 Shat=4.6034400000e+02 Lhat=0.0000000000e+00
KNUTH_SUBTREE root=3972 depth=26 w=1.1485648089e+37 Shat=1.2000000000e+01 Lhat=0.0000000000e+00
KNUTH_SUBTREE root=3973 depth=26 w=2.1073163896e+36 Shat=8.2480000000e+00 Lhat=0.0000000000e+00
KNUTH_SUBTREE root=3974 depth=26 w=4.5736785479e+36 Shat=1.6682700000e+03 Lhat=0.0000000000e+00
KNUTH_SUBTREE root=3975 depth=26 w=1.4345131584e+37 Shat=8.1472000000e+01 Lhat=0.0000000000e+00
KNUTH_SUBTREE root=3976 depth=26 w=7.5033883941e+36 Shat=1.3784800000e+02 Lhat=0.0000000000e+00
KNUTH_SUBTREE root=3977 depth=26 w=1.5814398265e+37 Shat=6.5138400000e+02 Lhat=0.0000000000e+00
KNUTH_SUBTREE root=3978 depth=26 w=1.2109492751e+37 Shat=3.2580760000e+03 Lhat=0.0000000000e+00
KNUTH_SUBTREE root=3979 depth=26 w=6.3263670021e+36 Shat=1.7000000000e+01 Lhat=0.0000000000e+00
KNUTH_SUBTREE root=3980 depth=26 w=1.1866417762e+37 Shat=2.5796000000e+02 Lhat=0.0000000000e+00
KNUTH_SUBTREE root=3981 depth=26 w=2.5586927053e+37 Shat=8.2816200000e+02 Lhat=0.0000000000e+00
KNUTH_SUBTREE root=3982 depth=26 w=6.4964676260e+36 Shat=6.4788800000e+02 Lhat=0.0000000000e+00
KNUTH_SUBTREE root=3983 depth=26 w=2.0632501052e+37 Shat=3.6480000000e+01 Lhat=0.0000000000e+00
KNUTH_SUBTREE root=3984 depth=26 w=1.5951064319e+37 Shat=7.2437400000e+03 Lhat=0.0000000000e+00
KNUTH_SUBTREE root=3985 depth=26 w=1.3063554659e+37 Shat=2.9753200000e+03 Lhat=0.0000000000e+00
KNUTH_SUBTREE root=3986 depth=26 w=4.3119136677e+36 Shat=4.0000000000e+01 Lhat=0.0000000000e+00
KNUTH_SUBTREE root=3987 depth=26 w=3.2750882305e+37 Shat=1.8258000000e+03 Lhat=0.0000000000e+00
KNUTH_SUBTREE root=3988 depth=26 w=1.7503018524e+37 Shat=1.1772500000e+02 Lhat=0.0000000000e+00
KNUTH_SUBTREE root=3989 depth=26 w=2.9878463598e+37 Shat=3.1285860000e+03 Lhat=0.0000000000e+00
KNUTH_SUBTREE root=3990 depth=26 w=1.7599144081e+36 Shat=5.0000000000e+00 Lhat=0.0000000000e+00
KNUTH_SUBTREE root=3991 depth=26 w=2.6296817100e+36 Shat=1.8331400000e+03 Lhat=0.0000000000e+00
KNUTH_SUBTREE root=3992 depth=26 w=2.8468671239e+37 Shat=2.1347140000e+03 Lhat=0.0000000000e+00
KNUTH_SUBTREE root=3993 depth=26 w=1.5726150254e+34 Shat=4.0000000000e+00 Lhat=0.0000000000e+00
KNUTH_SUBTREE root=3994 depth=26 w=1.7603855411e+37 Shat=8.7186400000e+02 Lhat=0.0000000000e+00
KNUTH_SUBTREE root=3995 depth=26 w=1.0283041781e+37 Shat=6.6976000000e+02 Lhat=0.0000000000e+00
KNUTH_SUBTREE root=3996 depth=26 w=2.0076192568e+36 Shat=1.2024300000e+03 Lhat=0.0000000000e+00
KNUTH_SUBTREE root=3997 depth=26 w=3.2206334743e+37 Shat=3.6352570000e+03 Lhat=0.0000000000e+00
KNUTH_SUBTREE root=3998 depth=26 w=3.0381653961e+37 Shat=2.4856000000e+01 Lhat=0.0000000000e+00
KNUTH_SUBTREE root=3999 depth=26 w=2.7727519652e+36 Shat=2.1024000000e+01 Lhat=0.0000000000e+00
KNUTH_SUBTREE root=4000 depth=26 w=3.6851942857e+36 Shat=4.4340000000e+02 Lhat=0.0000000000e+00
KNUTH_SUBTREE root=4001 depth=26 w=3.6966367471e+37 Shat=7.9000000000e+01 Lhat=0.0000000000e+00
KNUTH_SUBTREE root=4002 depth=26 w=3.3671618185e+37 Shat=5.8358400000e+02 Lhat=0.0000000000e+00
KNUTH_SUBTREE root=4003 depth=26 w=3.1712082955e+37 Shat=8.4945600000e+02 Lhat=0.0000000000e+00
KNUTH_SUBTREE root=4004 depth=26 w=5.1963923328e+36 Shat=7.9620000000e+00 Lhat=0.0000000000e+00
KNUTH_SUBTREE root=4005 depth=26 w=1.7713222122e+36 Shat=2.3164000000e+01 Lhat=0.0000000000e+00
KNUTH_SUBTREE root=4006 depth=26 w=2.9638932935e+36 Shat=2.8076640000e+03 Lhat=2.2680000000e+02
KNUTH_SUBTREE root=4007 depth=26 w=4.4974324118e+36 Shat=1.4120100000e+03 Lhat=0.0000000000e+00
KNUTH_SUBTREE root=4008 depth=26 w=1.3336893835e+37 Shat=4.9504000000e+01 Lhat=0.0000000000e+00
KNUTH_SUBTREE root=4009 depth=26 w=3.8686975526e+37 Shat=5.4508000000e+01 Lhat=0.0000000000e+00
KNUTH_SUBTREE root=4010 depth=26 w=3.6523485152e+37 Shat=1.9666240000e+03 Lhat=0.0000000000e+00
KNUTH_SUBTREE root=4011 depth=26 w=2.3000570248e+36 Shat=7.3050000000e+02 Lhat=0.0000000000e+00
KNUTH_SUBTREE root=4012 depth=26 w=3.9637896799e+36 Shat=1.3571600000e+03 Lhat=0.0000000000e+00
KNUTH_SUBTREE root=4013 depth=26 w=2.8563117280e+36 Shat=3.4981600000e+02 Lhat=0.0000000000e+00
KNUTH_SUBTREE root=4014 depth=26 w=8.9465407531e+36 Shat=2.1905000000e+01 Lhat=0.0000000000e+00
KNUTH_SUBTREE root=4015 depth=26 w=4.6589817555e+36 Shat=2.2404700000e+02 Lhat=0.0000000000e+00
KNUTH_SUBTREE root=4016 depth=26 w=2.5914059515e+36 Shat=7.7037610000e+03 Lhat=0.0000000000e+00
KNUTH_SUBTREE root=4017 depth=26 w=2.6479626192e+34 Shat=6.0000000000e+00 Lhat=0.0000000000e+00
KNUTH_SUBTREE root=4018 depth=26 w=8.0784462250e+36 Shat=7.0000000000e+00 Lhat=0.0000000000e+00
KNUTH_SUBTREE root=4019 depth=26 w=5.3573248829e+35 Shat=1.0845200000e+02 Lhat=0.0000000000e+00
KNUTH_SUBTREE root=4020 depth=26 w=1.1678023750e+37 Shat=9.9001000000e+02 Lhat=0.0000000000e+00
KNUTH_SUBTREE root=4021 depth=26 w=1.5387415755e+37 Shat=1.0000000000e+01 Lhat=0.0000000000e+00
KNUTH_SUBTREE root=4022 depth=26 w=6.7438638917e+35 Shat=1.7856000000e+01 Lhat=0.0000000000e+00
KNUTH_SUBTREE root=4023 depth=26 w=8.6245602730e+36 Shat=1.4277600000e+02 Lhat=0.0000000000e+00
KNUTH_SUBTREE root=4024 depth=26 w=5.5252588442e+36 Shat=1.1267400000e+03 Lhat=0.0000000000e+00
KNUTH_SUBTREE root=4025 depth=26 w=1.2732633517e+37 Shat=4.7816000000e+01 Lhat=0.0000000000e+00
KNUTH_SUBTREE root=4026 depth=26 w=3.2779684989e+36 Shat=2.4638000000e+02 Lhat=0.0000000000e+00
KNUTH_SUBTREE root=4027 depth=26 w=1.1999433909e+37 Shat=5.3249600000e+02 Lhat=0.0000000000e+00
KNUTH_SUBTREE root=4028 depth=26 w=1.1474890857e+37 Shat=2.3440600000e+02 Lhat=0.0000000000e+00
KNUTH_SUBTREE root=4029 depth=26 w=2.2755351919e+37 Shat=3.4872000000e+01 Lhat=0.0000000000e+00
KNUTH_SUBTREE root=4030 depth=26 w=2.0650439351e+36 Shat=4.0000000000e+00 Lhat=0.0000000000e+00
KNUTH_SUBTREE root=4031 depth=26 w=8.2436293761e+36 Shat=2.8085050000e+03 Lhat=0.0000000000e+00
KNUTH_SUBTREE root=4032 depth=26 w=5.5808855630e+36 Shat=5.7393100000e+02 Lhat=0.0000000000e+00
KNUTH_SUBTREE root=4033 depth=26 w=3.7325422517e+36 Shat=4.0843600000e+03 Lhat=0.0000000000e+00
KNUTH_SUBTREE root=4034 depth=26 w=3.6398929100e+36 Shat=1.3000000000e+01 Lhat=0.0000000000e+00
KNUTH_SUBTREE root=4035 depth=26 w=1.2278296565e+37 Shat=1.4122640000e+03 Lhat=0.0000000000e+00
KNUTH_SUBTREE root=4036 depth=26 w=3.1753634213e+37 Shat=2.4644500000e+03 Lhat=0.0000000000e+00
KNUTH_SUBTREE root=4037 depth=26 w=2.5717738704e+37 Shat=1.4625000000e+01 Lhat=0.0000000000e+00
KNUTH_SUBTREE root=4038 depth=26 w=4.9579283591e+36 Shat=2.1790000000e+01 Lhat=0.0000000000e+00
KNUTH_SUBTREE root=4039 depth=26 w=3.4810718872e+37 Shat=2.2160400000e+03 Lhat=0.0000000000e+00
KNUTH_SUBTREE root=4040 depth=26 w=1.9457404058e+36 Shat=4.0409680000e+03 Lhat=0.0000000000e+00
KNUTH_SUBTREE root=4041 depth=26 w=6.7220681831e+36 Shat=6.1016000000e+01 Lhat=0.0000000000e+00
KNUTH_SUBTREE root=4042 depth=26 w=6.2747888332e+36 Shat=4.5599300000e+02 Lhat=0.0000000000e+00
KNUTH_SUBTREE root=4043 depth=26 w=3.9053895874e+36 Shat=1.8626800000e+03 Lhat=0.0000000000e+00
KNUTH_SUBTREE root=4044 depth=26 w=2.8400529908e+37 Shat=3.8933600000e+03 Lhat=0.0000000000e+00
KNUTH_SUBTREE root=4045 depth=26 w=1.0258672060e+37 Shat=9.6562000000e+02 Lhat=0.0000000000e+00
KNUTH_SUBTREE root=4046 depth=26 w=2.0247750057e+36 Shat=2.4689600000e+02 Lhat=0.0000000000e+00
KNUTH_SUBTREE root=4047 depth=26 w=1.6758067126e+37 Shat=2.7596000000e+03 Lhat=0.0000000000e+00
KNUTH_SUBTREE root=4048 depth=26 w=2.6029452871e+37 Shat=1.9651300000e+03 Lhat=0.0000000000e+00
KNUTH_SUBTREE root=4049 depth=26 w=8.2707626737e+36 Shat=1.7403760000e+03 Lhat=0.0000000000e+00
KNUTH_SUBTREE root=4050 depth=26 w=3.3078334592e+37 Shat=7.1963470000e+03 Lhat=0.0000000000e+00
KNUTH_SUBTREE root=4051 depth=26 w=2.7312075178e+36 Shat=5.8823200000e+02 Lhat=0.0000000000e+00
KNUTH_SUBTREE root=4052 depth=26 w=7.1157617012e+36 Shat=2.4700000000e+01 Lhat=0.0000000000e+00
KNUTH_SUBTREE root=4053 depth=26 w=2.9354512933e+36 Shat=4.6005000000e+01 Lhat=0.0000000000e+00
KNUTH_SUBTREE root=4054 depth=26 w=2.6236428221e+36 Shat=6.0338000000e+03 Lhat=0.0000000000e+00
KNUTH_SUBTREE root=4055 depth=26 w=3.3055940108e+37 Shat=9.3985000000e+03 Lhat=0.0000000000e+00
KNUTH_SUBTREE root=4056 depth=26 w=2.4598530801e+36 Shat=1.3000000000e+01 Lhat=0.0000000000e+00
KNUTH_SUBTREE root=4057 depth=26 w=3.4986967898e+36 Shat=1.3000000000e+01 Lhat=0.0000000000e+00
KNUTH_SUBTREE root=4058 depth=26 w=2.0087823185e+37 Shat=4.6864000000e+01 Lhat=0.0000000000e+00
KNUTH_SUBTREE root=4059 depth=26 w=4.1497369887e+36 Shat=1.2986200000e+03 Lhat=0.0000000000e+00
KNUTH_SUBTREE root=4060 depth=26 w=1.3901851121e+37 Shat=9.1690600000e+02 Lhat=0.0000000000e+00
KNUTH_SUBTREE root=4061 depth=26 w=1.7477226582e+37 Shat=7.6297510000e+03 Lhat=0.0000000000e+00
KNUTH_SUBTREE root=4062 depth=26 w=8.8044101274e+36 Shat=1.7524310000e+03 Lhat=0.0000000000e+00
KNUTH_SUBTREE root=4063 depth=26 w=3.9987423491e+36 Shat=1.0465760000e+03 Lhat=0.0000000000e+00
KNUTH_SUBTREE root=4064 depth=26 w=2.9241008714e+36 Shat=1.0292809000e+04 Lhat=0.0000000000e+00
KNUTH_SUBTREE root=4065 depth=26 w=1.6454806690e+36 Shat=4.7099800000e+02 Lhat=0.0000000000e+00
KNUTH_SUBTREE root=4066 depth=26 w=2.8200663407e+36 Shat=1.9187400000e+03 Lhat=0.0000000000e+00
KNUTH_SUBTREE root=4067 depth=26 w=2.9730591870e+37 Shat=2.2147660000e+03 Lhat=0.0000000000e+00
KNUTH_SUBTREE root=4068 depth=26 w=2.2688728884e+36 Shat=1.0000000000e+00 Lhat=0.0000000000e+00
KNUTH_SUBTREE root=4069 depth=26 w=3.9100739348e+36 Shat=7.3324000000e+01 Lhat=0.0000000000e+00
KNUTH_SUBTREE root=4070 depth=26 w=7.2650564949e+36 Shat=8.3732500000e+02 Lhat=0.0000000000e+00
KNUTH_SUBTREE root=4071 depth=26 w=9.1337218537e+35 Shat=1.2456500000e+02 Lhat=0.0000000000e+00
KNUTH_SUBTREE root=4072 depth=26 w=1.4386595012e+37 Shat=3.9130570000e+03 Lhat=0.0000000000e+00
KNUTH_SUBTREE root=4073 depth=26 w=2.9959866554e+37 Shat=8.2254400000e+02 Lhat=0.0000000000e+00
KNUTH_SUBTREE root=4074 depth=26 w=2.6353621301e+36 Shat=2.5729200000e+03 Lhat=0.0000000000e+00
KNUTH_SUBTREE root=4075 depth=26 w=3.9468787988e+36 Shat=3.3616000000e+03 Lhat=0.0000000000e+00
KNUTH_SUBTREE root=4076 depth=26 w=1.7081809555e+36 Shat=8.0200000000e+00 Lhat=0.0000000000e+00
KNUTH_SUBTREE root=4077 depth=26 w=2.2432325838e+37 Shat=4.3980400000e+03 Lhat=0.0000000000e+00
KNUTH_SUBTREE root=4078 depth=26 w=3.3485913318e+36 Shat=1.2785140000e+03 Lhat=0.0000000000e+00
KNUTH_SUBTREE root=4079 depth=26 w=2.9981601706e+37 Shat=2.5190000000e+02 Lhat=0.0000000000e+00
KNUTH_SUBTREE root=4080 depth=26 w=1.9933865936e+37 Shat=6.2318500000e+02 Lhat=0.0000000000e+00
KNUTH_SUBTREE root=4081 depth=26 w=1.6691010035e+37 Shat=1.3114810000e+03 Lhat=0.0000000000e+00
KNUTH_SUBTREE root=4082 depth=26 w=3.0453262435e+37 Shat=3.5019920000e+03 Lhat=0.0000000000e+00
KNUTH_SUBTREE root=4083 depth=26 w=3.5308585531e+35 Shat=1.0000000000e+00 Lhat=0.0000000000e+00
KNUTH_SUBTREE root=4084 depth=26 w=1.4138607898e+37 Shat=2.4094000000e+02 Lhat=0.0000000000e+00
KNUTH_SUBTREE root=4085 depth=26 w=2.7725698210e+37 Shat=5.6475100000e+02 Lhat=0.0000000000e+00
KNUTH_SUBTREE root=4086 depth=26 w=4.3934992752e+36 Shat=4.1536840000e+03 Lhat=0.0000000000e+00
KNUTH_SUBTREE root=4087 depth=26 w=4.3577296603e+36 Shat=3.9660000000e+01 Lhat=0.0000000000e+00
KNUTH_SUBTREE root=4088 depth=26 w=2.0065109677e+36 Shat=1.6119000000e+02 Lhat=0.0000000000e+00
KNUTH_SUBTREE root=4089 depth=26 w=0 Shat=0 Lhat=0 dead=1
KNUTH_SUBTREE root=4090 depth=26 w=1.5830058579e+36 Shat=6.7881840000e+03 Lhat=0.0000000000e+00
KNUTH_SUBTREE root=4091 depth=26 w=3.1550006469e+36 Shat=1.3000000000e+01 Lhat=0.0000000000e+00
KNUTH_SUBTREE root=4092 depth=26 w=2.3109859766e+36 Shat=8.3337160000e+03 Lhat=0.0000000000e+00
KNUTH_SUBTREE root=4093 depth=26 w=2.4728779735e+36 Shat=9.4083200000e+02 Lhat=0.0000000000e+00
KNUTH_SUBTREE root=4094 depth=26 w=1.0091447987e+37 Shat=2.5770460000e+03 Lhat=0.0000000000e+00
KNUTH_SUBTREE root=4095 depth=26 w=8.3696588256e+35 Shat=2.0070000000e+02 Lhat=0.0000000000e+00
KNUTH_SUBTREE root=4096 depth=26 w=1.1058903052e+37 Shat=4.2900160000e+03 Lhat=0.0000000000e+00
KNUTH_SUBTREE root=4097 depth=26 w=7.0628896656e+36 Shat=2.0791600000e+03 Lhat=0.0000000000e+00
KNUTH_SUBTREE root=4098 depth=26 w=2.6027352246e+37 Shat=6.5273920000e+03 Lhat=0.0000000000e+00
KNUTH_SUBTREE root=4099 depth=26 w=2.4366600147e+36 Shat=5.0744000000e+01 Lhat=0.0000000000e+00
KNUTH_SUBTREE root=4100 depth=26 w=3.7749967362e+36 Shat=7.3905000000e+01 Lhat=0.0000000000e+00
KNUTH_SUBTREE root=4101 depth=26 w=2.9669112655e+37 Shat=1.2296560000e+03 Lhat=0.0000000000e+00
KNUTH_SUBTREE root=4102 depth=26 w=2.6003421264e+36 Shat=1.2832000000e+02 Lhat=0.0000000000e+00
KNUTH_SUBTREE root=4103 depth=26 w=7.3691827213e+33 Shat=4.0000000000e+00 Lhat=0.0000000000e+00
KNUTH_SUBTREE root=4104 depth=26 w=3.3532108804e+37 Shat=8.1113200000e+02 Lhat=0.0000000000e+00
KNUTH_SUBTREE root=4105 depth=26 w=1.2558049957e+37 Shat=1.5744280000e+03 Lhat=0.0000000000e+00
KNUTH_SUBTREE root=4106 depth=26 w=5.7059410897e+36 Shat=3.7603000000e+01 Lhat=0.0000000000e+00
KNUTH_SUBTREE root=4107 depth=26 w=5.1556329802e+36 Shat=1.5608720000e+03 Lhat=0.0000000000e+00
KNUTH_SUBTREE root=4108 depth=26 w=7.9135369802e+36 Shat=2.4631200000e+02 Lhat=0.0000000000e+00
KNUTH_SUBTREE root=4109 depth=26 w=4.4491667843e+36 Shat=1.4765800000e+02 Lhat=0.0000000000e+00
KNUTH_SUBTREE root=4110 depth=26 w=2.3281716746e+36 Shat=4.1000000000e+01 Lhat=0.0000000000e+00
KNUTH_SUBTREE root=4111 depth=26 w=3.1413259987e+37 Shat=2.0015000000e+01 Lhat=0.0000000000e+00
KNUTH_SUBTREE root=4112 depth=26 w=2.4591530428e+36 Shat=2.4002000000e+02 Lhat=0.0000000000e+00
KNUTH_SUBTREE root=4113 depth=26 w=1.3023857476e+37 Shat=4.4918200000e+02 Lhat=0.0000000000e+00
KNUTH_SUBTREE root=4114 depth=26 w=1.2413093254e+37 Shat=1.5533020000e+03 Lhat=2.8854000000e+01
KNUTH_SUBTREE root=4115 depth=26 w=1.7830864887e+37 Shat=7.7400000000e+01 Lhat=0.0000000000e+00
KNUTH_SUBTREE root=4116 depth=26 w=3.8655567554e+37 Shat=1.4899060000e+03 Lhat=0.0000000000e+00
KNUTH_SUBTREE root=4117 depth=26 w=2.6811049425e+36 Shat=2.9322100000e+02 Lhat=0.0000000000e+00
KNUTH_SUBTREE root=4118 depth=26 w=4.8463568393e+36 Shat=1.2381360000e+03 Lhat=0.0000000000e+00
KNUTH_SUBTREE root=4119 depth=26 w=2.6952755251e+36 Shat=2.6790400000e+02 Lhat=0.0000000000e+00
KNUTH_SUBTREE root=4120 depth=26 w=5.7926059175e+36 Shat=3.3384560000e+03 Lhat=2.6813600000e+02
KNUTH_SUBTREE root=4121 depth=26 w=6.2627999463e+36 Shat=1.3025000000e+01 Lhat=0.0000000000e+00
KNUTH_SUBTREE root=4122 depth=26 w=1.2755026005e+37 Shat=1.1709930000e+03 Lhat=0.0000000000e+00
KNUTH_SUBTREE root=4123 depth=26 w=3.0844471780e+36 Shat=4.8170400000e+02 Lhat=0.0000000000e+00
KNUTH_SUBTREE root=4124 depth=26 w=1.3777875880e+37 Shat=2.0794600000e+02 Lhat=0.0000000000e+00
KNUTH_SUBTREE root=4125 depth=26 w=2.2449905923e+36 Shat=8.5945000000e+01 Lhat=0.0000000000e+00
KNUTH_SUBTREE root=4126 depth=26 w=2.9345280147e+36 Shat=1.0159000000e+01 Lhat=0.0000000000e+00
KNUTH_SUBTREE root=4127 depth=26 w=4.4000837477e+36 Shat=1.7000000000e+01 Lhat=0.0000000000e+00
KNUTH_SUBTREE root=4128 depth=26 w=4.8994240905e+36 Shat=9.2775040000e+03 Lhat=0.0000000000e+00
KNUTH_SUBTREE root=4129 depth=26 w=3.4898668622e+36 Shat=6.8285000000e+01 Lhat=0.0000000000e+00
KNUTH_SUBTREE root=4130 depth=26 w=3.1761022876e+36 Shat=3.7830000000e+01 Lhat=0.0000000000e+00
KNUTH_SUBTREE root=4131 depth=26 w=7.0164112938e+36 Shat=2.0620000000e+01 Lhat=0.0000000000e+00
KNUTH_SUBTREE root=4132 depth=26 w=1.0224512309e+36 Shat=8.0170000000e+00 Lhat=0.0000000000e+00
KNUTH_SUBTREE root=4133 depth=26 w=1.4028729852e+36 Shat=3.0000000000e+00 Lhat=0.0000000000e+00
KNUTH_SUBTREE root=4134 depth=26 w=1.3562886981e+36 Shat=1.1511440000e+03 Lhat=0.0000000000e+00
KNUTH_SUBTREE root=4135 depth=26 w=7.2416345830e+36 Shat=1.7000000000e+01 Lhat=0.0000000000e+00
KNUTH_SUBTREE root=4136 depth=26 w=9.0316807522e+36 Shat=1.0779800000e+03 Lhat=0.0000000000e+00
KNUTH_SUBTREE root=4137 depth=26 w=1.8585117917e+36 Shat=3.0000000000e+00 Lhat=0.0000000000e+00
KNUTH_SUBTREE root=4138 depth=26 w=5.7165434467e+36 Shat=2.1994900000e+03 Lhat=0.0000000000e+00
KNUTH_SUBTREE root=4139 depth=26 w=3.9477595928e+36 Shat=2.9942870000e+03 Lhat=0.0000000000e+00
KNUTH_SUBTREE root=4140 depth=26 w=9.2458268651e+36 Shat=8.2409000000e+02 Lhat=0.0000000000e+00
KNUTH_SUBTREE root=4141 depth=26 w=4.4554017487e+36 Shat=1.3167600000e+02 Lhat=0.0000000000e+00
KNUTH_SUBTREE root=4142 depth=26 w=9.4346854613e+36 Shat=7.8823900000e+02 Lhat=0.0000000000e+00
KNUTH_SUBTREE root=4143 depth=26 w=4.7506443663e+36 Shat=3.1000000000e+01 Lhat=0.0000000000e+00
KNUTH_SUBTREE root=4144 depth=26 w=7.4971098964e+36 Shat=2.0454400000e+02 Lhat=0.0000000000e+00
KNUTH_SUBTREE root=4145 depth=26 w=5.4053091659e+36 Shat=1.9739530000e+03 Lhat=0.0000000000e+00
KNUTH_SUBTREE root=4146 depth=26 w=4.3039078750e+36 Shat=2.3915440000e+03 Lhat=0.0000000000e+00
KNUTH_SUBTREE root=4147 depth=26 w=2.9310715792e+37 Shat=5.0381000000e+03 Lhat=0.0000000000e+00
KNUTH_SUBTREE root=4148 depth=26 w=1.6458253283e+37 Shat=8.9740000000e+00 Lhat=0.0000000000e+00
KNUTH_SUBTREE root=4149 depth=26 w=1.5395172660e+37 Shat=1.9769120000e+03 Lhat=0.0000000000e+00
KNUTH_SUBTREE root=4150 depth=26 w=1.0850407599e+37 Shat=9.8700000000e+00 Lhat=0.0000000000e+00
KNUTH_SUBTREE root=4151 depth=26 w=7.7492534980e+35 Shat=7.0000000000e+00 Lhat=0.0000000000e+00
KNUTH_SUBTREE root=4152 depth=26 w=5.1087069557e+36 Shat=3.4942560000e+03 Lhat=0.0000000000e+00
KNUTH_SUBTREE root=4153 depth=26 w=7.8240848555e+36 Shat=2.0077000000e+01 Lhat=0.0000000000e+00
KNUTH_SUBTREE root=4154 depth=26 w=4.0007163267e+36 Shat=6.9334000000e+01 Lhat=0.0000000000e+00
KNUTH_SUBTREE root=4155 depth=26 w=6.1667144991e+36 Shat=4.1874480000e+03 Lhat=0.0000000000e+00
KNUTH_SUBTREE root=4156 depth=26 w=2.1010633708e+37 Shat=2.3093600000e+03 Lhat=0.0000000000e+00
KNUTH_SUBTREE root=4157 depth=26 w=3.8084175670e+36 Shat=1.9405200000e+03 Lhat=0.0000000000e+00
KNUTH_SUBTREE root=4158 depth=26 w=3.1292219865e+37 Shat=4.1905900000e+03 Lhat=0.0000000000e+00
KNUTH_SUBTREE root=4159 depth=26 w=3.2903452586e+36 Shat=2.3320000000e+03 Lhat=0.0000000000e+00
KNUTH_SUBTREE root=4160 depth=26 w=1.8705524302e+37 Shat=5.4292000000e+02 Lhat=0.0000000000e+00
KNUTH_SUBTREE root=4161 depth=26 w=8.8811011138e+36 Shat=1.0269260000e+03 Lhat=0.0000000000e+00
KNUTH_SUBTREE root=4162 depth=26 w=8.4921668501e+36 Shat=2.8179000000e+02 Lhat=0.0000000000e+00
KNUTH_SUBTREE root=4163 depth=26 w=1.9463700230e+36 Shat=3.0782080000e+03 Lhat=0.0000000000e+00
KNUTH_SUBTREE root=4164 depth=26 w=1.2512633052e+37 Shat=2.0716400000e+02 Lhat=0.0000000000e+00
KNUTH_SUBTREE root=4165 depth=26 w=4.7258698443e+36 Shat=5.4258400000e+02 Lhat=0.0000000000e+00
KNUTH_SUBTREE root=4166 depth=26 w=2.8321501963e+37 Shat=2.1856720000e+03 Lhat=0.0000000000e+00
KNUTH_SUBTREE root=4167 depth=26 w=9.4413625348e+36 Shat=2.0060800000e+03 Lhat=1.3440000000e+02
KNUTH_SUBTREE root=4168 depth=26 w=3.4655870503e+37 Shat=3.1815000000e+03 Lhat=0.0000000000e+00
KNUTH_SUBTREE root=4169 depth=26 w=1.2999302131e+37 Shat=2.2762840000e+03 Lhat=0.0000000000e+00
KNUTH_SUBTREE root=4170 depth=26 w=3.5428622450e+35 Shat=8.0000000000e+00 Lhat=0.0000000000e+00
KNUTH_SUBTREE root=4171 depth=26 w=2.4912994260e+37 Shat=2.8934560000e+03 Lhat=0.0000000000e+00
KNUTH_SUBTREE root=4172 depth=26 w=3.0474433612e+35 Shat=1.0000000000e+00 Lhat=0.0000000000e+00
KNUTH_SUBTREE root=4173 depth=26 w=2.0924779200e+37 Shat=1.9283200000e+03 Lhat=0.0000000000e+00
KNUTH_SUBTREE root=4174 depth=26 w=9.8202473782e+36 Shat=3.3149200000e+02 Lhat=0.0000000000e+00
KNUTH_SUBTREE root=4175 depth=26 w=3.3190029602e+37 Shat=1.5226000000e+01 Lhat=0.0000000000e+00
KNUTH_SUBTREE root=4176 depth=26 w=2.8568978219e+37 Shat=1.3865590000e+03 Lhat=0.0000000000e+00
KNUTH_SUBTREE root=4177 depth=26 w=2.0307460048e+36 Shat=9.3382000000e+01 Lhat=0.0000000000e+00
KNUTH_SUBTREE root=4178 depth=26 w=6.9767118459e+36 Shat=1.0412000000e+02 Lhat=0.0000000000e+00
KNUTH_SUBTREE root=4179 depth=26 w=2.7344466589e+36 Shat=1.5479200000e+02 Lhat=0.0000000000e+00
KNUTH_SUBTREE root=4180 depth=26 w=2.4408241612e+36 Shat=2.2464240000e+03 Lhat=0.0000000000e+00
KNUTH_SUBTREE root=4181 depth=26 w=3.0743930377e+36 Shat=2.6521100000e+03 Lhat=3.4337600000e+02
KNUTH_SUBTREE root=4182 depth=26 w=1.9489774133e+37 Shat=2.8570600000e+03 Lhat=0.0000000000e+00
KNUTH_SUBTREE root=4183 depth=26 w=2.7064860702e+37 Shat=2.2583320000e+03 Lhat=0.0000000000e+00
KNUTH_SUBTREE root=4184 depth=26 w=1.9659023861e+36 Shat=5.3935000000e+01 Lhat=0.0000000000e+00
KNUTH_SUBTREE root=4185 depth=26 w=3.4802823247e+36 Shat=1.8893200000e+02 Lhat=0.0000000000e+00
KNUTH_SUBTREE root=4186 depth=26 w=3.4159768527e+37 Shat=6.0640000000e+01 Lhat=0.0000000000e+00
KNUTH_SUBTREE root=4187 depth=26 w=1.1674918162e+37 Shat=3.7615370000e+03 Lhat=0.0000000000e+00
KNUTH_SUBTREE root=4188 depth=26 w=4.7033119551e+36 Shat=9.3668000000e+01 Lhat=0.0000000000e+00
KNUTH_SUBTREE root=4189 depth=26 w=1.1423118180e+37 Shat=4.3218800000e+03 Lhat=2.2381000000e+02
KNUTH_SUBTREE root=4190 depth=26 w=3.4886324031e+36 Shat=2.7190270000e+03 Lhat=0.0000000000e+00
KNUTH_SUBTREE root=4191 depth=26 w=9.9995495997e+36 Shat=7.1595600000e+02 Lhat=0.0000000000e+00
KNUTH_SUBTREE root=4192 depth=26 w=8.2750895576e+36 Shat=4.7334800000e+03 Lhat=0.0000000000e+00
KNUTH_SUBTREE root=4193 depth=26 w=3.0179785979e+37 Shat=1.4870670000e+03 Lhat=0.0000000000e+00
KNUTH_SUBTREE root=4194 depth=26 w=2.7170649238e+37 Shat=5.4048760000e+03 Lhat=0.0000000000e+00
KNUTH_SUBTREE root=4195 depth=26 w=2.9635938384e+36 Shat=2.6594500000e+02 Lhat=0.0000000000e+00
KNUTH_SUBTREE root=4196 depth=26 w=1.6673721026e+37 Shat=7.6774000000e+01 Lhat=0.0000000000e+00
KNUTH_SUBTREE root=4197 depth=26 w=5.7046867440e+36 Shat=8.0615600000e+02 Lhat=0.0000000000e+00
KNUTH_SUBTREE root=4198 depth=26 w=4.0039986612e+36 Shat=6.4644640000e+03 Lhat=0.0000000000e+00
KNUTH_SUBTREE root=4199 depth=26 w=3.1257930482e+36 Shat=3.9453000000e+02 Lhat=0.0000000000e+00
KNUTH_SUBTREE root=4200 depth=26 w=3.1000636251e+37 Shat=4.0307950000e+03 Lhat=0.0000000000e+00
KNUTH_SUBTREE root=4201 depth=26 w=2.6359650927e+37 Shat=1.2814400000e+02 Lhat=0.0000000000e+00
KNUTH_SUBTREE root=4202 depth=26 w=6.6388621138e+36 Shat=3.5982160000e+03 Lhat=0.0000000000e+00
KNUTH_SUBTREE root=4203 depth=26 w=8.7860855188e+36 Shat=1.8543520000e+03 Lhat=0.0000000000e+00
KNUTH_SUBTREE root=4204 depth=26 w=1.9638040963e+36 Shat=5.6080800000e+02 Lhat=0.0000000000e+00
KNUTH_SUBTREE root=4205 depth=26 w=1.8711974006e+37 Shat=1.1260000000e+02 Lhat=0.0000000000e+00
KNUTH_SUBTREE root=4206 depth=26 w=3.4465042286e+37 Shat=8.1276000000e+01 Lhat=0.0000000000e+00
KNUTH_SUBTREE root=4207 depth=26 w=1.2969915893e+37 Shat=1.8498800000e+03 Lhat=0.0000000000e+00
KNUTH_SUBTREE root=4208 depth=26 w=1.4575449296e+37 Shat=1.3068000000e+01 Lhat=0.0000000000e+00
KNUTH_SUBTREE root=4209 depth=26 w=5.4737061434e+36 Shat=2.0180590000e+03 Lhat=0.0000000000e+00
KNUTH_SUBTREE root=4210 depth=26 w=1.3834159113e+36 Shat=4.0000000000e+00 Lhat=0.0000000000e+00
KNUTH_SUBTREE root=4211 depth=26 w=5.9321900207e+36 Shat=1.9411200000e+03 Lhat=0.0000000000e+00
KNUTH_SUBTREE root=4212 depth=26 w=3.8651585616e+36 Shat=2.1102310000e+03 Lhat=0.0000000000e+00
KNUTH_SUBTREE root=4213 depth=26 w=5.9666310522e+36 Shat=5.8285000000e+01 Lhat=0.0000000000e+00
KNUTH_SUBTREE root=4214 depth=26 w=2.0772216845e+36 Shat=7.9000000000e+01 Lhat=0.0000000000e+00
KNUTH_SUBTREE root=4215 depth=26 w=6.8336661734e+36 Shat=8.8720800000e+02 Lhat=0.0000000000e+00
KNUTH_SUBTREE root=4216 depth=26 w=1.1653702998e+37 Shat=4.1066400000e+02 Lhat=0.0000000000e+00
KNUTH_SUBTREE root=4217 depth=26 w=8.6530786450e+36 Shat=7.0655900000e+03 Lhat=0.0000000000e+00
KNUTH_SUBTREE root=4218 depth=26 w=4.4418520915e+36 Shat=3.0166400000e+02 Lhat=0.0000000000e+00
KNUTH_SUBTREE root=4219 depth=26 w=4.7180059297e+36 Shat=7.9966000000e+02 Lhat=0.0000000000e+00
KNUTH_SUBTREE root=4220 depth=26 w=1.4843054998e+37 Shat=8.2656000000e+01 Lhat=0.0000000000e+00
KNUTH_SUBTREE root=4221 depth=26 w=1.3566119060e+37 Shat=4.1078480000e+03 Lhat=0.0000000000e+00
KNUTH_SUBTREE root=4222 depth=26 w=2.7315018888e+36 Shat=4.7668700000e+03 Lhat=0.0000000000e+00
KNUTH_SUBTREE root=4223 depth=26 w=5.0828612395e+36 Shat=6.6046510000e+03 Lhat=0.0000000000e+00
KNUTH_SUBTREE root=4224 depth=26 w=2.4643836048e+37 Shat=6.6872290000e+03 Lhat=0.0000000000e+00
KNUTH_SUBTREE root=4225 depth=26 w=1.6494788340e+36 Shat=2.4753600000e+02 Lhat=0.0000000000e+00
KNUTH_SUBTREE root=4226 depth=26 w=2.6650266579e+37 Shat=1.0728960000e+03 Lhat=0.0000000000e+00
KNUTH_SUBTREE root=4227 depth=26 w=7.9402673410e+36 Shat=3.8241500000e+03 Lhat=2.1864000000e+02
KNUTH_SUBTREE root=4228 depth=26 w=2.9753758126e+36 Shat=1.3000000000e+01 Lhat=0.0000000000e+00
KNUTH_SUBTREE root=4229 depth=26 w=4.0719524904e+36 Shat=1.4190400000e+02 Lhat=0.0000000000e+00
KNUTH_SUBTREE root=4230 depth=26 w=3.6072067224e+36 Shat=7.5890530000e+03 Lhat=2.4147200000e+02
KNUTH_SUBTREE root=4231 depth=26 w=1.5371281150e+37 Shat=3.6935800000e+02 Lhat=0.0000000000e+00
KNUTH_SUBTREE root=4232 depth=26 w=6.6695252244e+35 Shat=1.7002000000e+01 Lhat=0.0000000000e+00
KNUTH_SUBTREE root=4233 depth=26 w=2.0089039366e+37 Shat=8.0610000000e+01 Lhat=0.0000000000e+00
KNUTH_SUBTREE root=4234 depth=26 w=3.4719628236e+36 Shat=2.4484240000e+03 Lhat=0.0000000000e+00
KNUTH_SUBTREE root=4235 depth=26 w=2.2618879763e+37 Shat=4.3447600000e+02 Lhat=0.0000000000e+00
KNUTH_SUBTREE root=4236 depth=26 w=1.7631285634e+37 Shat=1.0586200000e+02 Lhat=0.0000000000e+00
KNUTH_SUBTREE root=4237 depth=26 w=2.8078154356e+37 Shat=1.2196700000e+02 Lhat=0.0000000000e+00
KNUTH_SUBTREE root=4238 depth=26 w=1.0677927598e+37 Shat=2.6609900000e+03 Lhat=0.0000000000e+00
KNUTH_SUBTREE root=4239 depth=26 w=2.3974823578e+36 Shat=1.4672000000e+01 Lhat=0.0000000000e+00
KNUTH_SUBTREE root=4240 depth=26 w=3.2799973889e+36 Shat=4.5428800000e+02 Lhat=0.0000000000e+00
KNUTH_SUBTREE root=4241 depth=26 w=8.8874320433e+36 Shat=3.9956000000e+01 Lhat=0.0000000000e+00
KNUTH_SUBTREE root=4242 depth=26 w=5.2584444612e+35 Shat=1.5000000000e+01 Lhat=0.0000000000e+00
KNUTH_SUBTREE root=4243 depth=26 w=3.1715809917e+37 Shat=5.9762990000e+03 Lhat=0.0000000000e+00
KNUTH_SUBTREE root=4244 depth=26 w=3.4036739888e+37 Shat=2.9767120000e+03 Lhat=0.0000000000e+00
KNUTH_SUBTREE root=4245 depth=26 w=2.6114000815e+37 Shat=1.1000000000e+01 Lhat=0.0000000000e+00
KNUTH_SUBTREE root=4246 depth=26 w=1.3623578469e+37 Shat=7.2038000000e+03 Lhat=0.0000000000e+00
KNUTH_SUBTREE root=4247 depth=26 w=4.7906623139e+36 Shat=8.5036960000e+03 Lhat=0.0000000000e+00
KNUTH_SUBTREE root=4248 depth=26 w=9.5898775503e+36 Shat=1.2702700000e+03 Lhat=0.0000000000e+00
KNUTH_SUBTREE root=4249 depth=26 w=2.9274176655e+37 Shat=1.1811100000e+03 Lhat=0.0000000000e+00
KNUTH_SUBTREE root=4250 depth=26 w=5.5833723946e+36 Shat=1.0223520000e+03 Lhat=0.0000000000e+00
KNUTH_SUBTREE root=4251 depth=26 w=2.8104074381e+37 Shat=5.6754400000e+02 Lhat=0.0000000000e+00
KNUTH_SUBTREE root=4252 depth=26 w=5.2907344983e+36 Shat=4.7096200000e+02 Lhat=0.0000000000e+00
KNUTH_SUBTREE root=4253 depth=26 w=7.0792472603e+36 Shat=1.0000000000e+01 Lhat=0.0000000000e+00
KNUTH_SUBTREE root=4254 depth=26 w=1.0685225387e+37 Shat=4.9288000000e+01 Lhat=0.0000000000e+00
KNUTH_SUBTREE root=4255 depth=26 w=6.8580569945e+35 Shat=1.3000000000e+01 Lhat=0.0000000000e+00
KNUTH_SUBTREE root=4256 depth=26 w=4.9464412896e+36 Shat=5.5079600000e+03 Lhat=0.0000000000e+00
KNUTH_SUBTREE root=4257 depth=26 w=3.4870665914e+36 Shat=1.1037830000e+03 Lhat=0.0000000000e+00
KNUTH_SUBTREE root=4258 depth=26 w=3.3167567131e+37 Shat=8.4532000000e+01 Lhat=0.0000000000e+00
KNUTH_SUBTREE root=4259 depth=26 w=1.1677710097e+37 Shat=1.6192400000e+03 Lhat=0.0000000000e+00
KNUTH_SUBTREE root=4260 depth=26 w=2.8570624548e+37 Shat=7.2447500000e+03 Lhat=5.2795000000e+02
KNUTH_SUBTREE root=4261 depth=26 w=1.6381362243e+37 Shat=3.9752000000e+03 Lhat=0.0000000000e+00
KNUTH_SUBTREE root=4262 depth=26 w=3.0042868123e+36 Shat=8.8500000000e+01 Lhat=0.0000000000e+00
KNUTH_SUBTREE root=4263 depth=26 w=5.0521618104e+34 Shat=5.9170000000e+00 Lhat=0.0000000000e+00
KNUTH_SUBTREE root=4264 depth=26 w=1.5883228640e+36 Shat=2.9000000000e+01 Lhat=0.0000000000e+00
KNUTH_SUBTREE root=4265 depth=26 w=3.3936959543e+37 Shat=2.9884100000e+03 Lhat=0.0000000000e+00
KNUTH_SUBTREE root=4266 depth=26 w=7.2942649511e+35 Shat=1.7612800000e+02 Lhat=0.0000000000e+00
KNUTH_SUBTREE root=4267 depth=26 w=3.2254628558e+37 Shat=3.0955000000e+01 Lhat=0.0000000000e+00
KNUTH_SUBTREE root=4268 depth=26 w=2.5850487955e+36 Shat=1.3000000000e+01 Lhat=0.0000000000e+00
KNUTH_SUBTREE root=4269 depth=26 w=1.1941070405e+36 Shat=3.0000000000e+00 Lhat=0.0000000000e+00
KNUTH_SUBTREE root=4270 depth=26 w=2.9195638304e+37 Shat=4.0815490000e+03 Lhat=1.7001600000e+02
KNUTH_SUBTREE root=4271 depth=26 w=6.9933545467e+36 Shat=2.3311200000e+02 Lhat=0.0000000000e+00
KNUTH_SUBTREE root=4272 depth=26 w=6.4417622282e+36 Shat=5.9808000000e+01 Lhat=0.0000000000e+00
KNUTH_SUBTREE root=4273 depth=26 w=2.7354730496e+36 Shat=1.4055940000e+03 Lhat=0.0000000000e+00
KNUTH_SUBTREE root=4274 depth=26 w=2.7890913060e+37 Shat=1.4932450000e+03 Lhat=0.0000000000e+00
KNUTH_SUBTREE root=4275 depth=26 w=1.8937945898e+37 Shat=1.4040000000e+01 Lhat=0.0000000000e+00
KNUTH_SUBTREE root=4276 depth=26 w=7.0701834184e+36 Shat=1.0540600000e+02 Lhat=0.0000000000e+00
KNUTH_SUBTREE root=4277 depth=26 w=4.4645875266e+36 Shat=4.2365000000e+02 Lhat=0.0000000000e+00
KNUTH_SUBTREE root=4278 depth=26 w=1.4888555213e+37 Shat=1.5663000000e+02 Lhat=0.0000000000e+00
KNUTH_SUBTREE root=4279 depth=26 w=1.1880966795e+36 Shat=3.0000000000e+00 Lhat=0.0000000000e+00
KNUTH_SUBTREE root=4280 depth=26 w=6.7006492871e+36 Shat=7.9000000000e+01 Lhat=0.0000000000e+00
KNUTH_SUBTREE root=4281 depth=26 w=1.8119477252e+36 Shat=1.3996000000e+01 Lhat=0.0000000000e+00
KNUTH_SUBTREE root=4282 depth=26 w=1.8135917497e+37 Shat=2.2392000000e+01 Lhat=0.0000000000e+00
KNUTH_SUBTREE root=4283 depth=26 w=4.5378946216e+36 Shat=1.1967800000e+03 Lhat=0.0000000000e+00
KNUTH_SUBTREE root=4284 depth=26 w=5.8142243320e+36 Shat=3.0242170000e+03 Lhat=0.0000000000e+00
KNUTH_SUBTREE root=4285 depth=26 w=9.4832719821e+36 Shat=8.7884000000e+01 Lhat=0.0000000000e+00
KNUTH_SUBTREE root=4286 depth=26 w=5.1907463842e+36 Shat=1.6237090000e+03 Lhat=0.0000000000e+00
KNUTH_SUBTREE root=4287 depth=26 w=1.5971800390e+37 Shat=3.9900000000e+02 Lhat=0.0000000000e+00
KNUTH_SUBTREE root=4288 depth=26 w=3.1726926476e+37 Shat=3.4267960000e+03 Lhat=0.0000000000e+00
KNUTH_SUBTREE root=4289 depth=26 w=9.6196270000e+36 Shat=1.6481800000e+03 Lhat=0.0000000000e+00
KNUTH_SUBTREE root=4290 depth=26 w=3.0536053329e+37 Shat=5.8375800000e+02 Lhat=0.0000000000e+00
KNUTH_SUBTREE root=4291 depth=26 w=1.1173782271e+37 Shat=1.4810680000e+03 Lhat=0.0000000000e+00
KNUTH_SUBTREE root=4292 depth=26 w=2.8743336834e+36 Shat=1.3000000000e+01 Lhat=0.0000000000e+00
KNUTH_SUBTREE root=4293 depth=26 w=1.1814356214e+37 Shat=5.9920000000e+00 Lhat=0.0000000000e+00
KNUTH_SUBTREE root=4294 depth=26 w=3.2326335899e+36 Shat=9.9376800000e+02 Lhat=0.0000000000e+00
KNUTH_SUBTREE root=4295 depth=26 w=5.8431058660e+36 Shat=9.6810000000e+01 Lhat=0.0000000000e+00
KNUTH_SUBTREE root=4296 depth=26 w=3.1545752758e+36 Shat=1.0425700000e+02 Lhat=0.0000000000e+00
KNUTH_SUBTREE root=4297 depth=26 w=2.2041647545e+36 Shat=5.0060000000e+01 Lhat=0.0000000000e+00
KNUTH_SUBTREE root=4298 depth=26 w=5.7148615897e+36 Shat=3.4561110000e+03 Lhat=0.0000000000e+00
KNUTH_SUBTREE root=4299 depth=26 w=1.7999835860e+36 Shat=1.7156000000e+01 Lhat=0.0000000000e+00
KNUTH_SUBTREE root=4300 depth=26 w=7.1712950835e+36 Shat=1.2541000000e+02 Lhat=0.0000000000e+00
KNUTH_SUBTREE root=4301 depth=26 w=7.9907750745e+36 Shat=1.5075270000e+03 Lhat=0.0000000000e+00
KNUTH_SUBTREE root=4302 depth=26 w=3.5894949517e+36 Shat=2.4581900000e+03 Lhat=0.0000000000e+00
KNUTH_SUBTREE root=4303 depth=26 w=1.9237140912e+37 Shat=1.5860000000e+01 Lhat=0.0000000000e+00
KNUTH_SUBTREE root=4304 depth=26 w=2.2741566977e+37 Shat=8.9417200000e+02 Lhat=0.0000000000e+00
KNUTH_SUBTREE root=4305 depth=26 w=4.2085492668e+36 Shat=1.0648420000e+03 Lhat=0.0000000000e+00
KNUTH_SUBTREE root=4306 depth=26 w=1.0845916053e+36 Shat=1.3000000000e+01 Lhat=0.0000000000e+00
KNUTH_SUBTREE root=4307 depth=26 w=1.9664152598e+36 Shat=7.0000000000e+00 Lhat=0.0000000000e+00
KNUTH_SUBTREE root=4308 depth=26 w=2.3292743518e+37 Shat=6.9588000000e+02 Lhat=0.0000000000e+00
KNUTH_SUBTREE root=4309 depth=26 w=5.1962280905e+36 Shat=1.3144870000e+03 Lhat=0.0000000000e+00
KNUTH_SUBTREE root=4310 depth=26 w=3.0745914871e+36 Shat=4.0963000000e+01 Lhat=0.0000000000e+00
KNUTH_SUBTREE root=4311 depth=26 w=2.6549767575e+37 Shat=1.7103760000e+03 Lhat=0.0000000000e+00
KNUTH_SUBTREE root=4312 depth=26 w=7.2344434064e+36 Shat=5.3260000000e+01 Lhat=0.0000000000e+00
KNUTH_SUBTREE root=4313 depth=26 w=2.5181645791e+36 Shat=5.1111400000e+02 Lhat=0.0000000000e+00
KNUTH_SUBTREE root=4314 depth=26 w=7.3166717137e+36 Shat=2.8845500000e+03 Lhat=0.0000000000e+00
KNUTH_SUBTREE root=4315 depth=26 w=3.2048350551e+36 Shat=1.2606400000e+02 Lhat=0.0000000000e+00
KNUTH_SUBTREE root=4316 depth=26 w=3.7316847951e+36 Shat=7.3275000000e+01 Lhat=0.0000000000e+00
KNUTH_SUBTREE root=4317 depth=26 w=6.3118789391e+35 Shat=2.7016000000e+01 Lhat=0.0000000000e+00
KNUTH_SUBTREE root=4318 depth=26 w=5.3281297456e+36 Shat=5.0963200000e+02 Lhat=0.0000000000e+00
KNUTH_SUBTREE root=4319 depth=26 w=1.9246819385e+36 Shat=5.2395000000e+02 Lhat=0.0000000000e+00
KNUTH_SUBTREE root=4320 depth=26 w=3.4990237065e+36 Shat=6.9520000000e+00 Lhat=0.0000000000e+00
KNUTH_SUBTREE root=4321 depth=26 w=4.0688932943e+36 Shat=4.6924000000e+02 Lhat=0.0000000000e+00
KNUTH_SUBTREE root=4322 depth=26 w=2.9196651582e+37 Shat=1.0460800000e+03 Lhat=0.0000000000e+00
KNUTH_SUBTREE root=4323 depth=26 w=2.6737314583e+37 Shat=4.9861800000e+02 Lhat=0.0000000000e+00
KNUTH_SUBTREE root=4324 depth=26 w=1.1169034485e+37 Shat=6.9871100000e+03 Lhat=0.0000000000e+00
KNUTH_SUBTREE root=4325 depth=26 w=4.4490802231e+36 Shat=6.8720000000e+01 Lhat=0.0000000000e+00
KNUTH_SUBTREE root=4326 depth=26 w=1.3964301301e+36 Shat=6.0000000000e+00 Lhat=0.0000000000e+00
KNUTH_SUBTREE root=4327 depth=26 w=2.8319923884e+36 Shat=4.3860000000e+02 Lhat=0.0000000000e+00
KNUTH_SUBTREE root=4328 depth=26 w=2.0525731658e+36 Shat=9.6059000000e+02 Lhat=0.0000000000e+00
KNUTH_SUBTREE root=4329 depth=26 w=1.3892938551e+37 Shat=3.5912800000e+02 Lhat=0.0000000000e+00
KNUTH_SUBTREE root=4330 depth=26 w=2.0015212334e+37 Shat=6.6005800000e+02 Lhat=0.0000000000e+00
KNUTH_SUBTREE root=4331 depth=26 w=1.0184525285e+37 Shat=6.0000000000e+00 Lhat=0.0000000000e+00
KNUTH_SUBTREE root=4332 depth=26 w=1.2708475215e+37 Shat=3.2824600000e+03 Lhat=0.0000000000e+00
KNUTH_SUBTREE root=4333 depth=26 w=8.4885311364e+35 Shat=1.0000000000e+00 Lhat=0.0000000000e+00
KNUTH_SUBTREE root=4334 depth=26 w=5.4506240106e+36 Shat=1.4800000000e+01 Lhat=0.0000000000e+00
KNUTH_SUBTREE root=4335 depth=26 w=8.1914865733e+36 Shat=5.8412350000e+03 Lhat=0.0000000000e+00
KNUTH_SUBTREE root=4336 depth=26 w=1.7695336717e+37 Shat=2.4833100000e+02 Lhat=0.0000000000e+00
KNUTH_SUBTREE root=4337 depth=26 w=2.9855533699e+37 Shat=4.6238160000e+03 Lhat=4.8822400000e+02
KNUTH_SUBTREE root=4338 depth=26 w=3.8645494948e+36 Shat=2.7076000000e+01 Lhat=0.0000000000e+00
KNUTH_SUBTREE root=4339 depth=26 w=6.6160004679e+36 Shat=1.9200600000e+03 Lhat=0.0000000000e+00
KNUTH_SUBTREE root=4340 depth=26 w=9.9479258488e+36 Shat=1.2505600000e+02 Lhat=0.0000000000e+00
KNUTH_SUBTREE root=4341 depth=26 w=9.0010081210e+36 Shat=2.7912400000e+02 Lhat=0.0000000000e+00
KNUTH_SUBTREE root=4342 depth=26 w=2.1592082095e+37 Shat=1.2246000000e+03 Lhat=0.0000000000e+00
KNUTH_SUBTREE root=4343 depth=26 w=6.1139484883e+36 Shat=1.7921600000e+03 Lhat=0.0000000000e+00
KNUTH_SUBTREE root=4344 depth=26 w=2.4989218927e+37 Shat=4.3441190000e+03 Lhat=0.0000000000e+00
KNUTH_SUBTREE root=4345 depth=26 w=7.2692704193e+36 Shat=9.0000000000e+00 Lhat=0.0000000000e+00
KNUTH_SUBTREE root=4346 depth=26 w=1.8585329305e+36 Shat=3.6120000000e+01 Lhat=0.0000000000e+00
KNUTH_SUBTREE root=4347 depth=26 w=3.8284124603e+36 Shat=1.6036000000e+03 Lhat=0.0000000000e+00
KNUTH_SUBTREE root=4348 depth=26 w=2.5744451984e+36 Shat=1.3780840000e+03 Lhat=0.0000000000e+00
KNUTH_SUBTREE root=4349 depth=26 w=5.2189221809e+35 Shat=1.4008000000e+01 Lhat=0.0000000000e+00
KNUTH_SUBTREE root=4350 depth=26 w=9.2598447496e+36 Shat=2.6603000000e+02 Lhat=0.0000000000e+00
KNUTH_SUBTREE root=4351 depth=26 w=5.8062525129e+35 Shat=9.0000000000e+00 Lhat=0.0000000000e+00
KNUTH_SUBTREE root=4352 depth=26 w=1.4301009087e+37 Shat=1.6273240000e+03 Lhat=0.0000000000e+00
KNUTH_SUBTREE root=4353 depth=26 w=2.5706573256e+36 Shat=8.9840000000e+00 Lhat=0.0000000000e+00
KNUTH_SUBTREE root=4354 depth=26 w=2.3063995027e+37 Shat=6.9400000000e+00 Lhat=0.0000000000e+00
KNUTH_SUBTREE root=4355 depth=26 w=7.7157413377e+36 Shat=2.2645900000e+02 Lhat=0.0000000000e+00
KNUTH_SUBTREE root=4356 depth=26 w=3.1165930497e+36 Shat=1.9318960000e+03 Lhat=0.0000000000e+00
KNUTH_SUBTREE root=4357 depth=26 w=1.3534438121e+37 Shat=2.6976800000e+03 Lhat=0.0000000000e+00
KNUTH_SUBTREE root=4358 depth=26 w=6.2614222467e+36 Shat=3.5627500000e+02 Lhat=0.0000000000e+00
KNUTH_SUBTREE root=4359 depth=26 w=1.6467111317e+37 Shat=1.1460000000e+02 Lhat=0.0000000000e+00
KNUTH_SUBTREE root=4360 depth=26 w=2.6191304914e+37 Shat=1.0597000000e+03 Lhat=0.0000000000e+00
KNUTH_SUBTREE root=4361 depth=26 w=7.7124663346e+36 Shat=4.0533560000e+03 Lhat=6.0381200000e+02
KNUTH_SUBTREE root=4362 depth=26 w=1.6263866532e+37 Shat=4.5559400000e+02 Lhat=0.0000000000e+00
KNUTH_SUBTREE root=4363 depth=26 w=1.3983939903e+37 Shat=5.9920800000e+02 Lhat=0.0000000000e+00
KNUTH_SUBTREE root=4364 depth=26 w=3.5274488144e+37 Shat=5.4852500000e+02 Lhat=0.0000000000e+00
KNUTH_SUBTREE root=4365 depth=26 w=8.6237892765e+36 Shat=1.0881410000e+03 Lhat=0.0000000000e+00
KNUTH_SUBTREE root=4366 depth=26 w=3.2876727938e+36 Shat=2.1000000000e+01 Lhat=0.0000000000e+00
KNUTH_SUBTREE root=4367 depth=26 w=1.7551526305e+37 Shat=4.1767210000e+03 Lhat=0.0000000000e+00
KNUTH_SUBTREE root=4368 depth=26 w=5.0793532197e+36 Shat=4.4932000000e+01 Lhat=0.0000000000e+00
KNUTH_SUBTREE root=4369 depth=26 w=6.3664581995e+36 Shat=1.8730000000e+02 Lhat=0.0000000000e+00
KNUTH_SUBTREE root=4370 depth=26 w=2.4513483818e+37 Shat=5.8021480000e+03 Lhat=0.0000000000e+00
KNUTH_SUBTREE root=4371 depth=26 w=2.4530540947e+37 Shat=3.3103630000e+03 Lhat=0.0000000000e+00
KNUTH_SUBTREE root=4372 depth=26 w=3.2243840507e+37 Shat=2.7284300000e+03 Lhat=0.0000000000e+00
KNUTH_SUBTREE root=4373 depth=26 w=4.5997780479e+36 Shat=1.3683400000e+02 Lhat=0.0000000000e+00
KNUTH_SUBTREE root=4374 depth=26 w=5.3076665825e+36 Shat=9.8662510000e+03 Lhat=0.0000000000e+00
KNUTH_SUBTREE root=4375 depth=26 w=8.3767936644e+36 Shat=4.9878200000e+03 Lhat=0.0000000000e+00
KNUTH_SUBTREE root=4376 depth=26 w=1.1836234597e+37 Shat=9.0325300000e+02 Lhat=0.0000000000e+00
KNUTH_SUBTREE root=4377 depth=26 w=1.0881745598e+37 Shat=5.2688000000e+01 Lhat=0.0000000000e+00
KNUTH_SUBTREE root=4378 depth=26 w=4.3344077416e+34 Shat=5.6610000000e+01 Lhat=0.0000000000e+00
KNUTH_SUBTREE root=4379 depth=26 w=3.7236674529e+37 Shat=4.5680920000e+03 Lhat=0.0000000000e+00
KNUTH_SUBTREE root=4380 depth=26 w=5.8134204959e+35 Shat=4.0000000000e+00 Lhat=0.0000000000e+00
KNUTH_SUBTREE root=4381 depth=26 w=4.2662998779e+36 Shat=2.8118260000e+03 Lhat=0.0000000000e+00
KNUTH_SUBTREE root=4382 depth=26 w=2.5536767191e+37 Shat=2.7016000000e+01 Lhat=0.0000000000e+00
KNUTH_SUBTREE root=4383 depth=26 w=7.2010504344e+36 Shat=1.3000000000e+01 Lhat=0.0000000000e+00
KNUTH_SUBTREE root=4384 depth=26 w=3.3957193980e+37 Shat=4.3912600000e+03 Lhat=0.0000000000e+00
KNUTH_SUBTREE root=4385 depth=26 w=4.6455981308e+36 Shat=4.9461400000e+02 Lhat=0.0000000000e+00
KNUTH_SUBTREE root=4386 depth=26 w=4.8493263375e+36 Shat=4.9963780000e+03 Lhat=0.0000000000e+00
KNUTH_SUBTREE root=4387 depth=26 w=2.1423222028e+37 Shat=1.3650160000e+03 Lhat=0.0000000000e+00
KNUTH_SUBTREE root=4388 depth=26 w=1.9861241985e+37 Shat=5.9820400000e+02 Lhat=0.0000000000e+00
KNUTH_SUBTREE root=4389 depth=26 w=7.8507857885e+36 Shat=1.1874000000e+02 Lhat=0.0000000000e+00
KNUTH_SUBTREE root=4390 depth=26 w=8.0344365082e+36 Shat=3.3664000000e+02 Lhat=0.0000000000e+00
KNUTH_SUBTREE root=4391 depth=26 w=2.9196568540e+36 Shat=1.6252800000e+02 Lhat=0.0000000000e+00
KNUTH_SUBTREE root=4392 depth=26 w=5.5565954766e+36 Shat=9.2802400000e+02 Lhat=0.0000000000e+00
KNUTH_SUBTREE root=4393 depth=26 w=2.9220728201e+37 Shat=6.0140000000e+00 Lhat=0.0000000000e+00
KNUTH_SUBTREE root=4394 depth=26 w=9.4946221801e+36 Shat=7.7080000000e+01 Lhat=0.0000000000e+00
KNUTH_SUBTREE root=4395 depth=26 w=2.0422328021e+37 Shat=3.0972000000e+02 Lhat=0.0000000000e+00
KNUTH_SUBTREE root=4396 depth=26 w=3.0130492035e+37 Shat=1.1446700000e+03 Lhat=0.0000000000e+00
KNUTH_SUBTREE root=4397 depth=26 w=1.4372448350e+37 Shat=1.5861250000e+03 Lhat=0.0000000000e+00
KNUTH_SUBTREE root=4398 depth=26 w=1.0332016652e+37 Shat=1.9191800000e+03 Lhat=0.0000000000e+00
KNUTH_SUBTREE root=4399 depth=26 w=1.9432587148e+37 Shat=2.4843800000e+03 Lhat=6.7840000000e+01
KNUTH_SUBTREE root=4400 depth=26 w=3.4275874526e+36 Shat=3.9424480000e+03 Lhat=0.0000000000e+00
KNUTH_SUBTREE root=4401 depth=26 w=2.5765033065e+37 Shat=4.7913500000e+02 Lhat=0.0000000000e+00
KNUTH_SUBTREE root=4402 depth=26 w=5.3705983959e+36 Shat=6.4127800000e+03 Lhat=0.0000000000e+00
KNUTH_SUBTREE root=4403 depth=26 w=3.2183917142e+37 Shat=1.8094770000e+03 Lhat=0.0000000000e+00
KNUTH_SUBTREE root=4404 depth=26 w=9.2541016112e+36 Shat=1.3922400000e+02 Lhat=0.0000000000e+00
KNUTH_SUBTREE root=4405 depth=26 w=3.8937453813e+36 Shat=2.0659600000e+03 Lhat=0.0000000000e+00
KNUTH_SUBTREE root=4406 depth=26 w=6.5461737153e+36 Shat=1.9510000000e+03 Lhat=0.0000000000e+00
KNUTH_SUBTREE root=4407 depth=26 w=4.0663536586e+36 Shat=4.4828380000e+03 Lhat=0.0000000000e+00
KNUTH_SUBTREE root=4408 depth=26 w=4.0475863402e+37 Shat=4.7806570000e+03 Lhat=0.0000000000e+00
KNUTH_SUBTREE root=4409 depth=26 w=1.1830997749e+36 Shat=1.3000000000e+01 Lhat=0.0000000000e+00
KNUTH_SUBTREE root=4410 depth=26 w=2.6542666844e+37 Shat=1.1543800000e+03 Lhat=0.0000000000e+00
KNUTH_SUBTREE root=4411 depth=26 w=7.2946300652e+36 Shat=3.0000000000e+00 Lhat=0.0000000000e+00
KNUTH_SUBTREE root=4412 depth=26 w=1.6044098614e+37 Shat=7.9000000000e+01 Lhat=0.0000000000e+00
KNUTH_SUBTREE root=4413 depth=26 w=2.4205196159e+36 Shat=2.4968800000e+02 Lhat=0.0000000000e+00
KNUTH_SUBTREE root=4414 depth=26 w=7.3277042504e+35 Shat=2.8440000000e+01 Lhat=0.0000000000e+00
KNUTH_SUBTREE root=4415 depth=26 w=1.9137530441e+35 Shat=1.0000000000e+00 Lhat=0.0000000000e+00
KNUTH_SUBTREE root=4416 depth=26 w=3.4112654757e+36 Shat=2.0592960000e+03 Lhat=0.0000000000e+00
KNUTH_SUBTREE root=4417 depth=26 w=3.3309168643e+37 Shat=3.8638120000e+03 Lhat=0.0000000000e+00
KNUTH_SUBTREE root=4418 depth=26 w=2.7285711555e+37 Shat=2.0763500000e+03 Lhat=0.0000000000e+00
KNUTH_SUBTREE root=4419 depth=26 w=9.0799217918e+36 Shat=2.1969880000e+03 Lhat=0.0000000000e+00
KNUTH_SUBTREE root=4420 depth=26 w=4.3368133140e+36 Shat=3.2095900000e+03 Lhat=0.0000000000e+00
KNUTH_SUBTREE root=4421 depth=26 w=5.1808344433e+36 Shat=2.1000000000e+01 Lhat=0.0000000000e+00
KNUTH_SUBTREE root=4422 depth=26 w=2.9694071887e+36 Shat=8.6120000000e+01 Lhat=0.0000000000e+00
KNUTH_SUBTREE root=4423 depth=26 w=2.9221895164e+36 Shat=4.2333710000e+03 Lhat=0.0000000000e+00
KNUTH_SUBTREE root=4424 depth=26 w=2.9077063263e+37 Shat=4.5398530000e+03 Lhat=0.0000000000e+00
KNUTH_SUBTREE root=4425 depth=26 w=2.4968731735e+37 Shat=4.0092130000e+03 Lhat=0.0000000000e+00
KNUTH_SUBTREE root=4426 depth=26 w=1.7483664713e+37 Shat=4.2848200000e+03 Lhat=0.0000000000e+00
KNUTH_SUBTREE root=4427 depth=26 w=1.1694430266e+37 Shat=3.5315820000e+03 Lhat=0.0000000000e+00
KNUTH_SUBTREE root=4428 depth=26 w=1.7704389946e+36 Shat=5.9800000000e+00 Lhat=0.0000000000e+00
KNUTH_SUBTREE root=4429 depth=26 w=3.0662395832e+37 Shat=4.6602500000e+02 Lhat=0.0000000000e+00
KNUTH_SUBTREE root=4430 depth=26 w=2.2645618211e+37 Shat=5.6325380000e+03 Lhat=0.0000000000e+00
KNUTH_SUBTREE root=4431 depth=26 w=7.7569293510e+36 Shat=7.6530000000e+01 Lhat=0.0000000000e+00
KNUTH_SUBTREE root=4432 depth=26 w=6.4677081418e+36 Shat=5.6277600000e+02 Lhat=0.0000000000e+00
KNUTH_SUBTREE root=4433 depth=26 w=1.2226339451e+37 Shat=1.9183100000e+03 Lhat=0.0000000000e+00
KNUTH_SUBTREE root=4434 depth=26 w=1.8828198802e+37 Shat=4.1893520000e+03 Lhat=0.0000000000e+00
KNUTH_SUBTREE root=4435 depth=26 w=4.3747998546e+36 Shat=1.4733100000e+03 Lhat=0.0000000000e+00
KNUTH_SUBTREE root=4436 depth=26 w=1.3885883558e+37 Shat=5.1964000000e+02 Lhat=0.0000000000e+00
KNUTH_SUBTREE root=4437 depth=26 w=6.3169733345e+36 Shat=3.8943100000e+03 Lhat=0.0000000000e+00
KNUTH_SUBTREE root=4438 depth=26 w=6.2107889863e+36 Shat=1.1016000000e+01 Lhat=0.0000000000e+00
KNUTH_SUBTREE root=4439 depth=26 w=3.6324755373e+36 Shat=5.5717840000e+03 Lhat=0.0000000000e+00
KNUTH_SUBTREE root=4440 depth=26 w=7.3240416126e+36 Shat=4.3408000000e+01 Lhat=0.0000000000e+00
KNUTH_SUBTREE root=4441 depth=26 w=1.3794714007e+37 Shat=2.1604160000e+03 Lhat=0.0000000000e+00
KNUTH_SUBTREE root=4442 depth=26 w=8.7050047296e+36 Shat=1.5708520000e+03 Lhat=0.0000000000e+00
KNUTH_SUBTREE root=4443 depth=26 w=4.8827694400e+36 Shat=1.2046600000e+03 Lhat=0.0000000000e+00
KNUTH_SUBTREE root=4444 depth=26 w=5.2051100997e+35 Shat=2.0000000000e+00 Lhat=0.0000000000e+00
KNUTH_SUBTREE root=4445 depth=26 w=1.0718233133e+37 Shat=1.2397480000e+03 Lhat=0.0000000000e+00
KNUTH_SUBTREE root=4446 depth=26 w=8.8725901572e+36 Shat=5.3133100000e+03 Lhat=0.0000000000e+00
KNUTH_SUBTREE root=4447 depth=26 w=9.9484647274e+36 Shat=9.1444240000e+03 Lhat=0.0000000000e+00
KNUTH_SUBTREE root=4448 depth=26 w=5.0277437267e+36 Shat=1.5256960000e+03 Lhat=0.0000000000e+00
KNUTH_SUBTREE root=4449 depth=26 w=2.2402195528e+37 Shat=2.0000000000e+00 Lhat=0.0000000000e+00
KNUTH_SUBTREE root=4450 depth=26 w=4.2705976717e+36 Shat=4.8703500000e+02 Lhat=0.0000000000e+00
KNUTH_SUBTREE root=4451 depth=26 w=2.6497822584e+37 Shat=1.1068880000e+03 Lhat=0.0000000000e+00
KNUTH_SUBTREE root=4452 depth=26 w=1.0551025143e+37 Shat=4.0000000000e+00 Lhat=0.0000000000e+00
KNUTH_SUBTREE root=4453 depth=26 w=1.9090836214e+37 Shat=5.5644150000e+03 Lhat=0.0000000000e+00
KNUTH_SUBTREE root=4454 depth=26 w=2.2372457577e+37 Shat=7.9000000000e+01 Lhat=0.0000000000e+00
KNUTH_SUBTREE root=4455 depth=26 w=1.5655130150e+36 Shat=1.6911400000e+03 Lhat=0.0000000000e+00
KNUTH_SUBTREE root=4456 depth=26 w=2.7156170031e+36 Shat=1.4027600000e+03 Lhat=0.0000000000e+00
KNUTH_SUBTREE root=4457 depth=26 w=1.7157595795e+37 Shat=2.8412650000e+03 Lhat=0.0000000000e+00
KNUTH_SUBTREE root=4458 depth=26 w=8.5535976716e+36 Shat=1.9598860000e+03 Lhat=1.7712000000e+01
KNUTH_SUBTREE root=4459 depth=26 w=7.8674802116e+36 Shat=1.3000000000e+01 Lhat=0.0000000000e+00
KNUTH_SUBTREE root=4460 depth=26 w=4.9885247897e+36 Shat=4.0324000000e+03 Lhat=0.0000000000e+00
KNUTH_SUBTREE root=4461 depth=26 w=7.2305072899e+36 Shat=3.8432450000e+03 Lhat=0.0000000000e+00
KNUTH_SUBTREE root=4462 depth=26 w=5.7665581107e+36 Shat=1.1069200000e+03 Lhat=0.0000000000e+00
KNUTH_SUBTREE root=4463 depth=26 w=1.1188621256e+37 Shat=2.0973070000e+03 Lhat=0.0000000000e+00
KNUTH_SUBTREE root=4464 depth=26 w=3.7864676777e+36 Shat=2.2968760000e+03 Lhat=0.0000000000e+00
KNUTH_SUBTREE root=4465 depth=26 w=1.6108153809e+37 Shat=1.8532720000e+03 Lhat=0.0000000000e+00
KNUTH_SUBTREE root=4466 depth=26 w=5.0480084318e+36 Shat=3.3213600000e+02 Lhat=0.0000000000e+00
KNUTH_SUBTREE root=4467 depth=26 w=2.8520910680e+36 Shat=5.2933720000e+03 Lhat=0.0000000000e+00
KNUTH_SUBTREE root=4468 depth=26 w=1.1749211544e+37 Shat=1.1588590000e+03 Lhat=0.0000000000e+00
KNUTH_SUBTREE root=4469 depth=26 w=1.9999095690e+37 Shat=5.0110710000e+03 Lhat=0.0000000000e+00
KNUTH_SUBTREE root=4470 depth=26 w=2.9178481457e+37 Shat=1.5215630000e+03 Lhat=0.0000000000e+00
KNUTH_SUBTREE root=4471 depth=26 w=1.6989911319e+37 Shat=3.2211730000e+03 Lhat=1.9598400000e+02
KNUTH_SUBTREE root=4472 depth=26 w=1.7878908216e+37 Shat=5.3459440000e+03 Lhat=0.0000000000e+00
KNUTH_SUBTREE root=4473 depth=26 w=7.0645000800e+36 Shat=5.1190000000e+01 Lhat=0.0000000000e+00
KNUTH_SUBTREE root=4474 depth=26 w=7.7070961250e+34 Shat=1.3932000000e+01 Lhat=0.0000000000e+00
KNUTH_SUBTREE root=4475 depth=26 w=6.5890575745e+36 Shat=2.3197280000e+03 Lhat=0.0000000000e+00
KNUTH_SUBTREE root=4476 depth=26 w=6.1358819856e+36 Shat=7.0000000000e+00 Lhat=0.0000000000e+00
KNUTH_SUBTREE root=4477 depth=26 w=2.7326833717e+37 Shat=3.2667280000e+03 Lhat=0.0000000000e+00
KNUTH_SUBTREE root=4478 depth=26 w=1.2543282550e+37 Shat=3.0400400000e+03 Lhat=0.0000000000e+00
KNUTH_SUBTREE root=4479 depth=26 w=4.6842174709e+36 Shat=2.0969600000e+02 Lhat=0.0000000000e+00
KNUTH_SUBTREE root=4480 depth=26 w=3.1224116620e+36 Shat=1.8955200000e+02 Lhat=0.0000000000e+00
KNUTH_SUBTREE root=4481 depth=26 w=2.6145208684e+36 Shat=1.0069600000e+02 Lhat=0.0000000000e+00
KNUTH_SUBTREE root=4482 depth=26 w=3.4860265804e+36 Shat=2.0923200000e+02 Lhat=0.0000000000e+00
KNUTH_SUBTREE root=4483 depth=26 w=7.0197332356e+35 Shat=9.7726200000e+02 Lhat=0.0000000000e+00
KNUTH_SUBTREE root=4484 depth=26 w=1.8911960577e+37 Shat=1.6000000000e+01 Lhat=0.0000000000e+00
KNUTH_SUBTREE root=4485 depth=26 w=1.1620907619e+37 Shat=3.5815200000e+02 Lhat=0.0000000000e+00
KNUTH_SUBTREE root=4486 depth=26 w=2.0600668026e+36 Shat=5.3456000000e+01 Lhat=0.0000000000e+00
KNUTH_SUBTREE root=4487 depth=26 w=1.8736683913e+37 Shat=3.3039400000e+02 Lhat=0.0000000000e+00
KNUTH_SUBTREE root=4488 depth=26 w=1.0274352523e+36 Shat=1.0896000000e+02 Lhat=0.0000000000e+00
KNUTH_SUBTREE root=4489 depth=26 w=1.3284955267e+37 Shat=2.2422000000e+02 Lhat=0.0000000000e+00
KNUTH_SUBTREE root=4490 depth=26 w=3.2889225830e+37 Shat=7.3313800000e+02 Lhat=0.0000000000e+00
KNUTH_SUBTREE root=4491 depth=26 w=3.4100889620e+36 Shat=2.4489180000e+03 Lhat=3.0492000000e+01
KNUTH_SUBTREE root=4492 depth=26 w=6.8162725448e+36 Shat=6.4570000000e+01 Lhat=0.0000000000e+00
KNUTH_SUBTREE root=4493 depth=26 w=8.5426355162e+35 Shat=2.3809600000e+02 Lhat=0.0000000000e+00
KNUTH_SUBTREE root=4494 depth=26 w=3.8859358756e+36 Shat=9.6078700000e+02 Lhat=0.0000000000e+00
KNUTH_SUBTREE root=4495 depth=26 w=9.1681524405e+36 Shat=3.0602350000e+03 Lhat=0.0000000000e+00
KNUTH_SUBTREE root=4496 depth=26 w=2.4724085181e+36 Shat=7.1253600000e+02 Lhat=0.0000000000e+00
KNUTH_SUBTREE root=4497 depth=26 w=7.7234990819e+36 Shat=2.1304600000e+03 Lhat=0.0000000000e+00
KNUTH_SUBTREE root=4498 depth=26 w=3.9495059777e+36 Shat=7.0423000000e+02 Lhat=0.0000000000e+00
KNUTH_SUBTREE root=4499 depth=26 w=1.9617398575e+37 Shat=1.3979900000e+03 Lhat=0.0000000000e+00
KNUTH_SUBTREE root=4500 depth=26 w=2.0059486322e+36 Shat=1.1700000000e+02 Lhat=0.0000000000e+00
KNUTH_SUBTREE root=4501 depth=26 w=1.1650310464e+37 Shat=9.3269800000e+02 Lhat=0.0000000000e+00
KNUTH_SUBTREE root=4502 depth=26 w=4.4234052585e+36 Shat=8.5012000000e+01 Lhat=0.0000000000e+00
KNUTH_SUBTREE root=4503 depth=26 w=1.6182906619e+37 Shat=1.1741720000e+03 Lhat=0.0000000000e+00
KNUTH_SUBTREE root=4504 depth=26 w=2.4163633402e+36 Shat=3.9776400000e+03 Lhat=0.0000000000e+00
KNUTH_SUBTREE root=4505 depth=26 w=1.1234750685e+36 Shat=1.1088000000e+01 Lhat=0.0000000000e+00
KNUTH_SUBTREE root=4506 depth=26 w=2.6738729829e+36 Shat=9.4050400000e+02 Lhat=0.0000000000e+00
KNUTH_SUBTREE root=4507 depth=26 w=4.6426242875e+36 Shat=1.5358080000e+03 Lhat=0.0000000000e+00
KNUTH_SUBTREE root=4508 depth=26 w=1.7820063126e+36 Shat=3.8976000000e+01 Lhat=0.0000000000e+00
KNUTH_SUBTREE root=4509 depth=26 w=1.3521983832e+36 Shat=2.7016000000e+01 Lhat=0.0000000000e+00
KNUTH_SUBTREE root=4510 depth=26 w=3.3823197153e+37 Shat=1.0541440000e+03 Lhat=0.0000000000e+00
KNUTH_SUBTREE root=4511 depth=26 w=2.5960952832e+35 Shat=2.0000000000e+00 Lhat=0.0000000000e+00
KNUTH_SUBTREE root=4512 depth=26 w=3.4152243577e+34 Shat=3.0000000000e+00 Lhat=0.0000000000e+00
KNUTH_SUBTREE root=4513 depth=26 w=6.5785395460e+36 Shat=4.5814600000e+02 Lhat=0.0000000000e+00
KNUTH_SUBTREE root=4514 depth=26 w=2.0312435833e+36 Shat=4.0000000000e+00 Lhat=0.0000000000e+00
KNUTH_SUBTREE root=4515 depth=26 w=1.5716466664e+37 Shat=2.6552800000e+03 Lhat=0.0000000000e+00
KNUTH_SUBTREE root=4516 depth=26 w=3.7045659256e+36 Shat=6.1138000000e+01 Lhat=0.0000000000e+00
KNUTH_SUBTREE root=4517 depth=26 w=3.0088770137e+37 Shat=8.0853000000e+02 Lhat=0.0000000000e+00
KNUTH_SUBTREE root=4518 depth=26 w=2.4861780863e+37 Shat=7.0752650000e+03 Lhat=0.0000000000e+00
KNUTH_SUBTREE root=4519 depth=26 w=7.1135430039e+36 Shat=4.0618600000e+03 Lhat=0.0000000000e+00
KNUTH_SUBTREE root=4520 depth=26 w=6.3234135365e+36 Shat=7.2480000000e+02 Lhat=0.0000000000e+00
KNUTH_SUBTREE root=4521 depth=26 w=5.5824928085e+36 Shat=4.4800700000e+02 Lhat=0.0000000000e+00
KNUTH_SUBTREE root=4522 depth=26 w=1.7530379273e+37 Shat=7.3203800000e+02 Lhat=0.0000000000e+00
KNUTH_SUBTREE root=4523 depth=26 w=8.9136543841e+36 Shat=3.6646750000e+03 Lhat=0.0000000000e+00
KNUTH_SUBTREE root=4524 depth=26 w=4.9332016446e+35 Shat=8.9986000000e+01 Lhat=0.0000000000e+00
KNUTH_SUBTREE root=4525 depth=26 w=2.1308615651e+36 Shat=4.1904000000e+01 Lhat=0.0000000000e+00
KNUTH_SUBTREE root=4526 depth=26 w=1.1654406795e+37 Shat=2.3813680000e+03 Lhat=0.0000000000e+00
KNUTH_SUBTREE root=4527 depth=26 w=4.4356855128e+36 Shat=6.1160000000e+01 Lhat=0.0000000000e+00
KNUTH_SUBTREE root=4528 depth=26 w=4.4338624585e+35 Shat=3.0000000000e+00 Lhat=0.0000000000e+00
KNUTH_SUBTREE root=4529 depth=26 w=1.7553142639e+37 Shat=9.3560000000e+02 Lhat=0.0000000000e+00
KNUTH_SUBTREE root=4530 depth=26 w=8.3620582943e+36 Shat=1.7103700000e+03 Lhat=0.0000000000e+00
KNUTH_SUBTREE root=4531 depth=26 w=8.4808753610e+36 Shat=3.8439440000e+03 Lhat=0.0000000000e+00
KNUTH_SUBTREE root=4532 depth=26 w=1.4488692963e+37 Shat=1.6432400000e+02 Lhat=0.0000000000e+00
KNUTH_SUBTREE root=4533 depth=26 w=9.6052188945e+36 Shat=7.6072000000e+01 Lhat=0.0000000000e+00
KNUTH_SUBTREE root=4534 depth=26 w=2.2044130249e+37 Shat=4.2717000000e+03 Lhat=0.0000000000e+00
KNUTH_SUBTREE root=4535 depth=26 w=1.2806689185e+36 Shat=2.2000000000e+01 Lhat=0.0000000000e+00
KNUTH_SUBTREE root=4536 depth=26 w=3.0411822510e+37 Shat=2.8651030000e+03 Lhat=2.2176000000e+01
KNUTH_SUBTREE root=4537 depth=26 w=1.0660524560e+37 Shat=9.2933200000e+02 Lhat=0.0000000000e+00
KNUTH_SUBTREE root=4538 depth=26 w=2.7740201408e+36 Shat=2.0000000000e+00 Lhat=0.0000000000e+00
KNUTH_SUBTREE root=4539 depth=26 w=2.9251677832e+37 Shat=2.1799790000e+03 Lhat=0.0000000000e+00
KNUTH_SUBTREE root=4540 depth=26 w=3.0540061258e+37 Shat=2.8107100000e+02 Lhat=0.0000000000e+00
KNUTH_SUBTREE root=4541 depth=26 w=4.4403833067e+36 Shat=1.3000000000e+01 Lhat=0.0000000000e+00
KNUTH_SUBTREE root=4542 depth=26 w=1.4362800854e+37 Shat=3.4648000000e+01 Lhat=0.0000000000e+00
KNUTH_SUBTREE root=4543 depth=26 w=3.2507274246e+35 Shat=2.2894000000e+01 Lhat=0.0000000000e+00
KNUTH_SUBTREE root=4544 depth=26 w=2.8669474320e+37 Shat=1.2885580000e+03 Lhat=0.0000000000e+00
KNUTH_SUBTREE root=4545 depth=26 w=1.2420788517e+37 Shat=8.5033900000e+02 Lhat=0.0000000000e+00
KNUTH_SUBTREE root=4546 depth=26 w=2.6379981210e+37 Shat=6.1326400000e+03 Lhat=0.0000000000e+00
KNUTH_SUBTREE root=4547 depth=26 w=1.6453985833e+37 Shat=2.0889900000e+03 Lhat=0.0000000000e+00
KNUTH_SUBTREE root=4548 depth=26 w=8.6425195277e+36 Shat=3.8419100000e+03 Lhat=0.0000000000e+00
KNUTH_SUBTREE root=4549 depth=26 w=1.3585034837e+37 Shat=4.6864000000e+03 Lhat=3.2200000000e+01
KNUTH_SUBTREE root=4550 depth=26 w=9.6247444190e+36 Shat=2.8150120000e+03 Lhat=0.0000000000e+00
KNUTH_SUBTREE root=4551 depth=26 w=6.9537723320e+36 Shat=1.2984000000e+03 Lhat=0.0000000000e+00
KNUTH_SUBTREE root=4552 depth=26 w=2.7473772615e+37 Shat=1.0000000000e+00 Lhat=0.0000000000e+00
KNUTH_SUBTREE root=4553 depth=26 w=1.0181631060e+37 Shat=4.8864000000e+02 Lhat=0.0000000000e+00
KNUTH_SUBTREE root=4554 depth=26 w=1.1335177938e+37 Shat=1.5616000000e+02 Lhat=0.0000000000e+00
KNUTH_SUBTREE root=4555 depth=26 w=1.5076070132e+37 Shat=5.6252000000e+02 Lhat=0.0000000000e+00
KNUTH_SUBTREE root=4556 depth=26 w=1.9609840771e+36 Shat=8.8980000000e+01 Lhat=0.0000000000e+00
KNUTH_SUBTREE root=4557 depth=26 w=1.1035944247e+37 Shat=2.4675520000e+03 Lhat=0.0000000000e+00
KNUTH_SUBTREE root=4558 depth=26 w=1.9353287480e+36 Shat=1.0647400000e+03 Lhat=0.0000000000e+00
KNUTH_SUBTREE root=4559 depth=26 w=2.7870398025e+37 Shat=4.2685900000e+03 Lhat=0.0000000000e+00
KNUTH_SUBTREE root=4560 depth=26 w=2.0172296685e+36 Shat=5.9800000000e+00 Lhat=0.0000000000e+00
KNUTH_SUBTREE root=4561 depth=26 w=2.6573257892e+37 Shat=1.5040450000e+03 Lhat=0.0000000000e+00
KNUTH_SUBTREE root=4562 depth=26 w=6.5585502146e+36 Shat=3.1866700000e+02 Lhat=0.0000000000e+00
KNUTH_SUBTREE root=4563 depth=26 w=9.0417730637e+36 Shat=2.7456000000e+01 Lhat=0.0000000000e+00
KNUTH_SUBTREE root=4564 depth=26 w=5.0477741014e+36 Shat=5.4332200000e+02 Lhat=0.0000000000e+00
KNUTH_SUBTREE root=4565 depth=26 w=2.6780539263e+37 Shat=7.0359500000e+03 Lhat=0.0000000000e+00
KNUTH_SUBTREE root=4566 depth=26 w=2.4881656214e+37 Shat=1.8863700000e+03 Lhat=0.0000000000e+00
KNUTH_SUBTREE root=4567 depth=26 w=2.8307950982e+37 Shat=2.3243000000e+02 Lhat=0.0000000000e+00
KNUTH_SUBTREE root=4568 depth=26 w=3.0247151102e+36 Shat=6.7738000000e+01 Lhat=0.0000000000e+00
KNUTH_SUBTREE root=4569 depth=26 w=3.0459909218e+37 Shat=8.7672400000e+02 Lhat=0.0000000000e+00
KNUTH_SUBTREE root=4570 depth=26 w=8.8796410053e+36 Shat=7.6950000000e+01 Lhat=0.0000000000e+00
KNUTH_SUBTREE root=4571 depth=26 w=3.2486200150e+36 Shat=8.8116600000e+02 Lhat=0.0000000000e+00
KNUTH_SUBTREE root=4572 depth=26 w=2.9137595614e+36 Shat=6.1895100000e+03 Lhat=0.0000000000e+00
KNUTH_SUBTREE root=4573 depth=26 w=8.0090560992e+36 Shat=7.1938900000e+03 Lhat=1.2254700000e+03
KNUTH_SUBTREE root=4574 depth=26 w=6.3660909250e+36 Shat=4.8652000000e+02 Lhat=0.0000000000e+00
KNUTH_SUBTREE root=4575 depth=26 w=2.1402252941e+37 Shat=1.0230700000e+03 Lhat=0.0000000000e+00
KNUTH_SUBTREE root=4576 depth=26 w=1.9680252292e+35 Shat=3.0000000000e+00 Lhat=0.0000000000e+00
KNUTH_SUBTREE root=4577 depth=26 w=2.8959197710e+36 Shat=1.9500800000e+03 Lhat=0.0000000000e+00
KNUTH_SUBTREE root=4578 depth=26 w=7.1273972132e+36 Shat=1.6774160000e+03 Lhat=0.0000000000e+00
KNUTH_SUBTREE root=4579 depth=26 w=5.1163554094e+35 Shat=1.0000000000e+00 Lhat=0.0000000000e+00
KNUTH_SUBTREE root=4580 depth=26 w=2.9474061441e+36 Shat=1.2011000000e+02 Lhat=0.0000000000e+00
KNUTH_SUBTREE root=4581 depth=26 w=5.1048715653e+36 Shat=1.2378000000e+02 Lhat=0.0000000000e+00
KNUTH_SUBTREE root=4582 depth=26 w=6.1531730456e+36 Shat=6.1509610000e+03 Lhat=0.0000000000e+00
KNUTH_SUBTREE root=4583 depth=26 w=2.7660977156e+37 Shat=2.1416200000e+03 Lhat=0.0000000000e+00
KNUTH_SUBTREE root=4584 depth=26 w=4.8452815609e+36 Shat=1.4815000000e+01 Lhat=0.0000000000e+00
KNUTH_SUBTREE root=4585 depth=26 w=7.4018578632e+36 Shat=3.5094100000e+03 Lhat=0.0000000000e+00
KNUTH_SUBTREE root=4586 depth=26 w=1.1117131481e+36 Shat=2.9312000000e+01 Lhat=0.0000000000e+00
KNUTH_SUBTREE root=4587 depth=26 w=3.5815553933e+36 Shat=2.6260800000e+03 Lhat=0.0000000000e+00
KNUTH_SUBTREE root=4588 depth=26 w=1.8677729704e+35 Shat=1.8928000000e+01 Lhat=0.0000000000e+00
KNUTH_SUBTREE root=4589 depth=26 w=2.3224685992e+37 Shat=3.3583120000e+03 Lhat=0.0000000000e+00
KNUTH_SUBTREE root=4590 depth=26 w=1.0209578045e+37 Shat=2.9787400000e+02 Lhat=0.0000000000e+00
KNUTH_SUBTREE root=4591 depth=26 w=2.7505179056e+37 Shat=2.2117910000e+03 Lhat=0.0000000000e+00
KNUTH_SUBTREE root=4592 depth=26 w=1.2107914583e+37 Shat=1.2588220000e+03 Lhat=0.0000000000e+00
KNUTH_SUBTREE root=4593 depth=26 w=1.5037953791e+37 Shat=6.5197000000e+02 Lhat=0.0000000000e+00
KNUTH_SUBTREE root=4594 depth=26 w=4.8308757890e+36 Shat=4.0791000000e+02 Lhat=0.0000000000e+00
KNUTH_SUBTREE root=4595 depth=26 w=2.8308478384e+37 Shat=1.6066000000e+03 Lhat=0.0000000000e+00
KNUTH_SUBTREE root=4596 depth=26 w=3.3893045306e+37 Shat=2.1142430000e+03 Lhat=9.3071000000e+01
KNUTH_SUBTREE root=4597 depth=26 w=4.7972214902e+36 Shat=2.7000000000e+01 Lhat=0.0000000000e+00
KNUTH_SUBTREE root=4598 depth=26 w=7.8901997790e+35 Shat=1.5884800000e+02 Lhat=0.0000000000e+00
KNUTH_SUBTREE root=4599 depth=26 w=2.9040419691e+37 Shat=1.4538400000e+02 Lhat=0.0000000000e+00
KNUTH_SUBTREE root=4600 depth=26 w=2.0961398510e+36 Shat=1.3000000000e+01 Lhat=0.0000000000e+00
KNUTH_SUBTREE root=4601 depth=26 w=7.1125052131e+36 Shat=7.5560000000e+01 Lhat=0.0000000000e+00
KNUTH_SUBTREE root=4602 depth=26 w=1.2268062210e+36 Shat=4.4708000000e+02 Lhat=0.0000000000e+00
KNUTH_SUBTREE root=4603 depth=26 w=6.8862582993e+36 Shat=9.5865040000e+03 Lhat=0.0000000000e+00
KNUTH_SUBTREE root=4604 depth=26 w=1.7016186277e+36 Shat=4.0000000000e+00 Lhat=0.0000000000e+00
KNUTH_SUBTREE root=4605 depth=26 w=7.2418490464e+36 Shat=3.9758080000e+03 Lhat=0.0000000000e+00
KNUTH_SUBTREE root=4606 depth=26 w=3.0595116006e+36 Shat=3.5130160000e+03 Lhat=0.0000000000e+00
KNUTH_SUBTREE root=4607 depth=26 w=3.6507416365e+37 Shat=1.7050080000e+03 Lhat=0.0000000000e+00
KNUTH_SUBTREE root=4608 depth=26 w=4.8639786875e+36 Shat=4.8034000000e+03 Lhat=0.0000000000e+00
KNUTH_SUBTREE root=4609 depth=26 w=5.6724955107e+36 Shat=2.3593280000e+03 Lhat=0.0000000000e+00
KNUTH_SUBTREE root=4610 depth=26 w=6.7505655808e+36 Shat=9.5175900000e+03 Lhat=0.0000000000e+00
KNUTH_SUBTREE root=4611 depth=26 w=2.3044189293e+35 Shat=3.0000000000e+00 Lhat=0.0000000000e+00
KNUTH_SUBTREE root=4612 depth=26 w=2.9830257420e+36 Shat=8.6953000000e+02 Lhat=0.0000000000e+00
KNUTH_SUBTREE root=4613 depth=26 w=8.6625521912e+36 Shat=7.7443000000e+02 Lhat=0.0000000000e+00
KNUTH_SUBTREE root=4614 depth=26 w=3.1438470106e+37 Shat=1.7166760000e+03 Lhat=0.0000000000e+00
KNUTH_SUBTREE root=4615 depth=26 w=4.9852937832e+36 Shat=1.0773390000e+03 Lhat=0.0000000000e+00
KNUTH_SUBTREE root=4616 depth=26 w=2.9683723189e+36 Shat=2.1448900000e+02 Lhat=0.0000000000e+00
KNUTH_SUBTREE root=4617 depth=26 w=2.5034244182e+36 Shat=7.5016000000e+01 Lhat=0.0000000000e+00
KNUTH_SUBTREE root=4618 depth=26 w=8.3202901280e+36 Shat=1.3000000000e+01 Lhat=0.0000000000e+00
KNUTH_SUBTREE root=4619 depth=26 w=3.0735160799e+35 Shat=4.8618400000e+03 Lhat=0.0000000000e+00
KNUTH_SUBTREE root=4620 depth=26 w=2.4279494676e+37 Shat=4.1757400000e+03 Lhat=0.0000000000e+00
KNUTH_SUBTREE root=4621 depth=26 w=2.6240844032e+36 Shat=2.2039560000e+03 Lhat=0.0000000000e+00
KNUTH_SUBTREE root=4622 depth=26 w=1.6899683964e+37 Shat=3.3471460000e+03 Lhat=0.0000000000e+00
KNUTH_SUBTREE root=4623 depth=26 w=1.2012614816e+35 Shat=3.2670000000e+01 Lhat=0.0000000000e+00
KNUTH_SUBTREE root=4624 depth=26 w=4.3908361056e+36 Shat=2.0745900000e+02 Lhat=0.0000000000e+00
KNUTH_SUBTREE root=4625 depth=26 w=5.5475331033e+36 Shat=2.9962000000e+01 Lhat=0.0000000000e+00
KNUTH_SUBTREE root=4626 depth=26 w=9.2395036735e+36 Shat=2.9144000000e+01 Lhat=0.0000000000e+00
KNUTH_SUBTREE root=4627 depth=26 w=5.3009278088e+36 Shat=5.8211200000e+02 Lhat=0.0000000000e+00
KNUTH_SUBTREE root=4628 depth=26 w=1.7900876110e+37 Shat=1.4664100000e+03 Lhat=0.0000000000e+00
KNUTH_SUBTREE root=4629 depth=26 w=8.3153505956e+36 Shat=1.0769800000e+02 Lhat=0.0000000000e+00
KNUTH_SUBTREE root=4630 depth=26 w=3.0305720178e+35 Shat=3.0000000000e+00 Lhat=0.0000000000e+00
KNUTH_SUBTREE root=4631 depth=26 w=1.1300674610e+37 Shat=2.2317000000e+03 Lhat=0.0000000000e+00
KNUTH_SUBTREE root=4632 depth=26 w=1.4835373950e+37 Shat=2.0853800000e+03 Lhat=0.0000000000e+00
KNUTH_SUBTREE root=4633 depth=26 w=2.9345569621e+36 Shat=1.4189410000e+03 Lhat=0.0000000000e+00
KNUTH_SUBTREE root=4634 depth=26 w=4.6116656593e+36 Shat=1.7000000000e+01 Lhat=0.0000000000e+00
KNUTH_SUBTREE root=4635 depth=26 w=2.9159194200e+37 Shat=2.3850300000e+03 Lhat=0.0000000000e+00
KNUTH_SUBTREE root=4636 depth=26 w=2.9641151573e+37 Shat=3.9413200000e+03 Lhat=0.0000000000e+00
KNUTH_SUBTREE root=4637 depth=26 w=3.0191403167e+37 Shat=5.3114500000e+02 Lhat=0.0000000000e+00
KNUTH_SUBTREE root=4638 depth=26 w=3.1823673574e+37 Shat=1.9873200000e+03 Lhat=0.0000000000e+00
KNUTH_SUBTREE root=4639 depth=26 w=1.4033843323e+36 Shat=9.0000000000e+00 Lhat=0.0000000000e+00
KNUTH_SUBTREE root=4640 depth=26 w=8.2520516062e+36 Shat=3.6909600000e+02 Lhat=0.0000000000e+00
KNUTH_SUBTREE root=4641 depth=26 w=2.0639980791e+37 Shat=8.4530800000e+02 Lhat=0.0000000000e+00
KNUTH_SUBTREE root=4642 depth=26 w=2.3982207833e+36 Shat=7.9633000000e+02 Lhat=0.0000000000e+00
KNUTH_SUBTREE root=4643 depth=26 w=3.3571350186e+36 Shat=2.7814240000e+03 Lhat=0.0000000000e+00
KNUTH_SUBTREE root=4644 depth=26 w=2.1494717101e+35 Shat=4.1144000000e+01 Lhat=0.0000000000e+00
KNUTH_SUBTREE root=4645 depth=26 w=1.5187212874e+37 Shat=9.0178000000e+02 Lhat=0.0000000000e+00
KNUTH_SUBTREE root=4646 depth=26 w=2.1864348590e+36 Shat=1.9465360000e+03 Lhat=0.0000000000e+00
KNUTH_SUBTREE root=4647 depth=26 w=6.5082639532e+36 Shat=9.0000000000e+00 Lhat=0.0000000000e+00
KNUTH_SUBTREE root=4648 depth=26 w=6.7978938015e+36 Shat=1.7893680000e+03 Lhat=0.0000000000e+00
KNUTH_SUBTREE root=4649 depth=26 w=9.0918751366e+36 Shat=9.4387200000e+02 Lhat=0.0000000000e+00
KNUTH_SUBTREE root=4650 depth=26 w=1.0131670903e+37 Shat=2.7676000000e+01 Lhat=0.0000000000e+00
KNUTH_SUBTREE root=4651 depth=26 w=1.8748989601e+36 Shat=2.5124000000e+01 Lhat=0.0000000000e+00
KNUTH_SUBTREE root=4652 depth=26 w=2.5277372196e+36 Shat=2.1440200000e+02 Lhat=0.0000000000e+00
KNUTH_SUBTREE root=4653 depth=26 w=2.0979522109e+37 Shat=1.1159700000e+03 Lhat=0.0000000000e+00
KNUTH_SUBTREE root=4654 depth=26 w=6.0692339379e+36 Shat=4.5445000000e+01 Lhat=0.0000000000e+00
KNUTH_SUBTREE root=4655 depth=26 w=7.2235558572e+36 Shat=1.1645470000e+03 Lhat=0.0000000000e+00
KNUTH_SUBTREE root=4656 depth=26 w=3.7116499457e+36 Shat=5.6924000000e+01 Lhat=0.0000000000e+00
KNUTH_SUBTREE root=4657 depth=26 w=7.2356668007e+36 Shat=5.4716400000e+03 Lhat=0.0000000000e+00
KNUTH_SUBTREE root=4658 depth=26 w=1.1403407543e+37 Shat=2.7064000000e+01 Lhat=0.0000000000e+00
KNUTH_SUBTREE root=4659 depth=26 w=1.8893814108e+36 Shat=9.1627000000e+02 Lhat=0.0000000000e+00
KNUTH_SUBTREE root=4660 depth=26 w=1.2013774343e+37 Shat=6.8247000000e+02 Lhat=0.0000000000e+00
KNUTH_SUBTREE root=4661 depth=26 w=3.2795781015e+36 Shat=3.7870000000e+01 Lhat=0.0000000000e+00
KNUTH_SUBTREE root=4662 depth=26 w=1.4573664493e+37 Shat=2.9272600000e+02 Lhat=0.0000000000e+00
KNUTH_SUBTREE root=4663 depth=26 w=1.4887910702e+37 Shat=2.2510400000e+02 Lhat=0.0000000000e+00
KNUTH_SUBTREE root=4664 depth=26 w=2.5076990546e+36 Shat=7.7321200000e+02 Lhat=0.0000000000e+00
KNUTH_SUBTREE root=4665 depth=26 w=9.3937822121e+36 Shat=5.6048800000e+02 Lhat=0.0000000000e+00
KNUTH_SUBTREE root=4666 depth=26 w=3.7967579506e+37 Shat=3.6695260000e+03 Lhat=0.0000000000e+00
KNUTH_SUBTREE root=4667 depth=26 w=1.2097799837e+37 Shat=3.7770000000e+01 Lhat=0.0000000000e+00
KNUTH_SUBTREE root=4668 depth=26 w=2.6336574433e+37 Shat=4.2011100000e+02 Lhat=0.0000000000e+00
KNUTH_SUBTREE root=4669 depth=26 w=4.2659512369e+36 Shat=2.7686440000e+03 Lhat=0.0000000000e+00
KNUTH_SUBTREE root=4670 depth=26 w=2.9548692405e+36 Shat=7.9390000000e+00 Lhat=0.0000000000e+00
KNUTH_SUBTREE root=4671 depth=26 w=2.2579041070e+36 Shat=8.7630000000e+01 Lhat=0.0000000000e+00
KNUTH_SUBTREE root=4672 depth=26 w=1.0264169502e+37 Shat=2.1169270000e+03 Lhat=0.0000000000e+00
KNUTH_SUBTREE root=4673 depth=26 w=2.8216637447e+37 Shat=3.2374000000e+01 Lhat=0.0000000000e+00
KNUTH_SUBTREE root=4674 depth=26 w=2.7636167266e+37 Shat=6.6443800000e+02 Lhat=0.0000000000e+00
KNUTH_SUBTREE root=4675 depth=26 w=2.9675537749e+37 Shat=1.0752930000e+03 Lhat=0.0000000000e+00
KNUTH_SUBTREE root=4676 depth=26 w=2.2081590029e+36 Shat=4.7269100000e+02 Lhat=0.0000000000e+00
KNUTH_SUBTREE root=4677 depth=26 w=1.8225476248e+37 Shat=1.4785300000e+03 Lhat=0.0000000000e+00
KNUTH_SUBTREE root=4678 depth=26 w=1.6178012459e+37 Shat=2.3096000000e+01 Lhat=0.0000000000e+00
KNUTH_SUBTREE root=4679 depth=26 w=2.3013694955e+37 Shat=7.6720500000e+02 Lhat=0.0000000000e+00
KNUTH_SUBTREE root=4680 depth=26 w=5.5636152075e+36 Shat=1.8532000000e+02 Lhat=0.0000000000e+00
KNUTH_SUBTREE root=4681 depth=26 w=3.4642979968e+36 Shat=4.2539560000e+03 Lhat=0.0000000000e+00
KNUTH_SUBTREE root=4682 depth=26 w=1.1767308006e+37 Shat=7.7348500000e+03 Lhat=9.7424000000e+02
KNUTH_SUBTREE root=4683 depth=26 w=1.8308534225e+37 Shat=1.9655800000e+02 Lhat=0.0000000000e+00
KNUTH_SUBTREE root=4684 depth=26 w=2.6475772608e+37 Shat=6.8224240000e+03 Lhat=0.0000000000e+00
KNUTH_SUBTREE root=4685 depth=26 w=2.2106154516e+37 Shat=3.2968000000e+01 Lhat=0.0000000000e+00
KNUTH_SUBTREE root=4686 depth=26 w=2.6619031141e+37 Shat=3.6373300000e+02 Lhat=0.0000000000e+00
KNUTH_SUBTREE root=4687 depth=26 w=4.6141888307e+36 Shat=2.1679200000e+02 Lhat=0.0000000000e+00
KNUTH_SUBTREE root=4688 depth=26 w=1.1406474486e+37 Shat=1.2039280000e+03 Lhat=0.0000000000e+00
KNUTH_SUBTREE root=4689 depth=26 w=2.1268229312e+36 Shat=1.1529600000e+02 Lhat=0.0000000000e+00
KNUTH_SUBTREE root=4690 depth=26 w=1.0694531624e+37 Shat=3.8455500000e+02 Lhat=0.0000000000e+00
KNUTH_SUBTREE root=4691 depth=26 w=2.9025281020e+37 Shat=2.4044050000e+03 Lhat=0.0000000000e+00
KNUTH_SUBTREE root=4692 depth=26 w=9.6537757347e+35 Shat=5.0000000000e+00 Lhat=0.0000000000e+00
KNUTH_SUBTREE root=4693 depth=26 w=3.5876029694e+37 Shat=2.7843190000e+03 Lhat=0.0000000000e+00
KNUTH_SUBTREE root=4694 depth=26 w=6.1702653746e+36 Shat=1.7383960000e+03 Lhat=9.3744000000e+01
KNUTH_SUBTREE root=4695 depth=26 w=2.8063986092e+36 Shat=3.1591500000e+03 Lhat=0.0000000000e+00
KNUTH_SUBTREE root=4696 depth=26 w=1.0823008887e+37 Shat=1.0493120000e+03 Lhat=0.0000000000e+00
KNUTH_SUBTREE root=4697 depth=26 w=2.5874297807e+36 Shat=6.3908000000e+02 Lhat=0.0000000000e+00
KNUTH_SUBTREE root=4698 depth=26 w=1.5347739127e+37 Shat=5.6528740000e+03 Lhat=0.0000000000e+00
KNUTH_SUBTREE root=4699 depth=26 w=9.3215078911e+36 Shat=4.0000000000e+00 Lhat=0.0000000000e+00
KNUTH_SUBTREE root=4700 depth=26 w=6.2726153770e+36 Shat=5.5264000000e+01 Lhat=0.0000000000e+00
KNUTH_SUBTREE root=4701 depth=26 w=1.5518329332e+37 Shat=6.9004000000e+01 Lhat=0.0000000000e+00
KNUTH_SUBTREE root=4702 depth=26 w=5.1847255105e+35 Shat=3.1660000000e+01 Lhat=0.0000000000e+00
KNUTH_SUBTREE root=4703 depth=26 w=1.1251127107e+37 Shat=5.6517770000e+03 Lhat=0.0000000000e+00
KNUTH_SUBTREE root=4704 depth=26 w=8.4353248763e+35 Shat=2.0393200000e+02 Lhat=0.0000000000e+00
KNUTH_SUBTREE root=4705 depth=26 w=1.4548996711e+36 Shat=1.2868000000e+01 Lhat=0.0000000000e+00
KNUTH_SUBTREE root=4706 depth=26 w=4.0716038341e+36 Shat=3.7147600000e+02 Lhat=0.0000000000e+00
KNUTH_SUBTREE root=4707 depth=26 w=2.2796911160e+35 Shat=1.4080000000e+01 Lhat=0.0000000000e+00
KNUTH_SUBTREE root=4708 depth=26 w=2.5012647886e+37 Shat=8.5746400000e+02 Lhat=0.0000000000e+00
KNUTH_SUBTREE root=4709 depth=26 w=4.9738774415e+36 Shat=2.1000000000e+01 Lhat=0.0000000000e+00
KNUTH_SUBTREE root=4710 depth=26 w=2.0973133197e+37 Shat=1.5905900000e+02 Lhat=0.0000000000e+00
KNUTH_SUBTREE root=4711 depth=26 w=3.8610572989e+35 Shat=1.0000000000e+00 Lhat=0.0000000000e+00
KNUTH_SUBTREE root=4712 depth=26 w=8.2738457519e+36 Shat=5.0695000000e+01 Lhat=0.0000000000e+00
KNUTH_SUBTREE root=4713 depth=26 w=1.5389339768e+36 Shat=7.1320000000e+01 Lhat=0.0000000000e+00
KNUTH_SUBTREE root=4714 depth=26 w=2.4433954953e+36 Shat=1.4291200000e+02 Lhat=0.0000000000e+00
KNUTH_SUBTREE root=4715 depth=26 w=1.3187281626e+35 Shat=3.0000000000e+00 Lhat=0.0000000000e+00
KNUTH_SUBTREE root=4716 depth=26 w=1.4520163014e+37 Shat=3.9069900000e+03 Lhat=0.0000000000e+00
KNUTH_SUBTREE root=4717 depth=26 w=5.3522399616e+36 Shat=2.1439200000e+02 Lhat=0.0000000000e+00
KNUTH_SUBTREE root=4718 depth=26 w=5.0601541244e+36 Shat=8.7781600000e+02 Lhat=0.0000000000e+00
KNUTH_SUBTREE root=4719 depth=26 w=6.4057429122e+36 Shat=7.9000000000e+01 Lhat=0.0000000000e+00
KNUTH_SUBTREE root=4720 depth=26 w=7.9151013442e+36 Shat=6.6980000000e+01 Lhat=0.0000000000e+00
KNUTH_SUBTREE root=4721 depth=26 w=7.4794178012e+36 Shat=5.3483200000e+02 Lhat=0.0000000000e+00
KNUTH_SUBTREE root=4722 depth=26 w=4.4154637499e+36 Shat=1.2123300000e+03 Lhat=0.0000000000e+00
KNUTH_SUBTREE root=4723 depth=26 w=9.6269970891e+36 Shat=7.0000000000e+00 Lhat=0.0000000000e+00
KNUTH_SUBTREE root=4724 depth=26 w=3.0412116779e+37 Shat=5.7499700000e+03 Lhat=0.0000000000e+00
KNUTH_SUBTREE root=4725 depth=26 w=3.4183056736e+37 Shat=4.7122000000e+01 Lhat=0.0000000000e+00
KNUTH_SUBTREE root=4726 depth=26 w=1.2418848505e+37 Shat=2.3410000000e+02 Lhat=0.0000000000e+00
KNUTH_SUBTREE root=4727 depth=26 w=9.7540301868e+36 Shat=1.2705280000e+03 Lhat=0.0000000000e+00
KNUTH_SUBTREE root=4728 depth=26 w=8.2290523069e+36 Shat=3.6212500000e+03 Lhat=0.0000000000e+00
KNUTH_SUBTREE root=4729 depth=26 w=2.4922928053e+37 Shat=1.3691620000e+03 Lhat=0.0000000000e+00
KNUTH_SUBTREE root=4730 depth=26 w=1.7293061184e+37 Shat=3.7988000000e+01 Lhat=0.0000000000e+00
KNUTH_SUBTREE root=4731 depth=26 w=2.4181313501e+35 Shat=2.1000000000e+01 Lhat=0.0000000000e+00
KNUTH_SUBTREE root=4732 depth=26 w=4.5029832920e+35 Shat=7.9000000000e+01 Lhat=0.0000000000e+00
KNUTH_SUBTREE root=4733 depth=26 w=1.0816790142e+37 Shat=2.2508500000e+02 Lhat=0.0000000000e+00
KNUTH_SUBTREE root=4734 depth=26 w=1.0976843840e+35 Shat=1.3000000000e+01 Lhat=0.0000000000e+00
KNUTH_SUBTREE root=4735 depth=26 w=1.5856642992e+37 Shat=1.1974780000e+03 Lhat=0.0000000000e+00
KNUTH_SUBTREE root=4736 depth=26 w=3.5214853286e+36 Shat=3.0000000000e+00 Lhat=0.0000000000e+00
KNUTH_SUBTREE root=4737 depth=26 w=8.3625519905e+36 Shat=5.0000000000e+00 Lhat=0.0000000000e+00
KNUTH_SUBTREE root=4738 depth=26 w=3.1131532495e+37 Shat=8.9060000000e+01 Lhat=0.0000000000e+00
KNUTH_SUBTREE root=4739 depth=26 w=1.6125548544e+37 Shat=1.5780000000e+01 Lhat=0.0000000000e+00
KNUTH_SUBTREE root=4740 depth=26 w=2.6612685824e+37 Shat=1.0669760000e+03 Lhat=0.0000000000e+00
KNUTH_SUBTREE root=4741 depth=26 w=2.8693927462e+37 Shat=2.9717500000e+03 Lhat=0.0000000000e+00
KNUTH_SUBTREE root=4742 depth=26 w=9.4142740748e+36 Shat=2.0467640000e+03 Lhat=0.0000000000e+00
KNUTH_SUBTREE root=4743 depth=26 w=3.5409963897e+36 Shat=9.2698000000e+02 Lhat=0.0000000000e+00
KNUTH_SUBTREE root=4744 depth=26 w=1.0953431650e+37 Shat=1.5730100000e+03 Lhat=0.0000000000e+00
KNUTH_SUBTREE root=4745 depth=26 w=3.9184838659e+36 Shat=3.4475200000e+02 Lhat=0.0000000000e+00
KNUTH_SUBTREE root=4746 depth=26 w=3.3445678356e+37 Shat=1.5251120000e+03 Lhat=0.0000000000e+00
KNUTH_SUBTREE root=4747 depth=26 w=2.3853129916e+37 Shat=2.5184400000e+03 Lhat=0.0000000000e+00
KNUTH_SUBTREE root=4748 depth=26 w=5.6831293691e+36 Shat=6.6164000000e+02 Lhat=0.0000000000e+00
KNUTH_SUBTREE root=4749 depth=26 w=9.9241900938e+36 Shat=1.2812560000e+03 Lhat=0.0000000000e+00
KNUTH_SUBTREE root=4750 depth=26 w=7.9244530366e+36 Shat=9.7925600000e+02 Lhat=0.0000000000e+00
KNUTH_SUBTREE root=4751 depth=26 w=7.2425035185e+36 Shat=6.7564000000e+01 Lhat=0.0000000000e+00
KNUTH_SUBTREE root=4752 depth=26 w=3.0709875252e+37 Shat=2.2524300000e+03 Lhat=0.0000000000e+00
KNUTH_SUBTREE root=4753 depth=26 w=9.8771566420e+35 Shat=5.0160000000e+00 Lhat=0.0000000000e+00
KNUTH_SUBTREE root=4754 depth=26 w=3.6697627672e+36 Shat=3.8982900000e+03 Lhat=0.0000000000e+00
KNUTH_SUBTREE root=4755 depth=26 w=3.3816367376e+37 Shat=2.7373160000e+03 Lhat=0.0000000000e+00
KNUTH_SUBTREE root=4756 depth=26 w=2.2466955972e+36 Shat=6.5072800000e+02 Lhat=0.0000000000e+00
KNUTH_SUBTREE root=4757 depth=26 w=4.9849538665e+36 Shat=2.4843000000e+02 Lhat=0.0000000000e+00
KNUTH_SUBTREE root=4758 depth=26 w=2.3570713989e+37 Shat=9.1530000000e+01 Lhat=0.0000000000e+00
KNUTH_SUBTREE root=4759 depth=26 w=5.3532337428e+36 Shat=3.9869040000e+03 Lhat=0.0000000000e+00
KNUTH_SUBTREE root=4760 depth=26 w=6.7671972836e+36 Shat=3.1000000000e+01 Lhat=0.0000000000e+00
KNUTH_SUBTREE root=4761 depth=26 w=3.0262008065e+37 Shat=3.1292290000e+03 Lhat=0.0000000000e+00
KNUTH_SUBTREE root=4762 depth=26 w=3.0208376910e+36 Shat=5.8653600000e+02 Lhat=0.0000000000e+00
KNUTH_SUBTREE root=4763 depth=26 w=6.2493973043e+36 Shat=9.9565000000e+01 Lhat=0.0000000000e+00
KNUTH_SUBTREE root=4764 depth=26 w=5.8350086979e+36 Shat=4.8201660000e+03 Lhat=0.0000000000e+00
KNUTH_SUBTREE root=4765 depth=26 w=2.2951528643e+36 Shat=1.0992000000e+01 Lhat=0.0000000000e+00
KNUTH_SUBTREE root=4766 depth=26 w=1.0591988318e+35 Shat=1.0000000000e+00 Lhat=0.0000000000e+00
KNUTH_SUBTREE root=4767 depth=26 w=1.0770358870e+37 Shat=6.8601000000e+02 Lhat=0.0000000000e+00
KNUTH_SUBTREE root=4768 depth=26 w=2.3864570899e+37 Shat=5.0608600000e+03 Lhat=0.0000000000e+00
KNUTH_SUBTREE root=4769 depth=26 w=3.6509422988e+36 Shat=2.6740000000e+01 Lhat=0.0000000000e+00
KNUTH_SUBTREE root=4770 depth=26 w=9.5673222384e+36 Shat=4.2641600000e+03 Lhat=0.0000000000e+00
KNUTH_SUBTREE root=4771 depth=26 w=2.5233965008e+37 Shat=2.0709000000e+02 Lhat=0.0000000000e+00
KNUTH_SUBTREE root=4772 depth=26 w=1.7578315365e+37 Shat=1.4870860000e+03 Lhat=0.0000000000e+00
KNUTH_SUBTREE root=4773 depth=26 w=3.5285822245e+34 Shat=7.9630000000e+00 Lhat=0.0000000000e+00
KNUTH_SUBTREE root=4774 depth=26 w=3.3251913555e+36 Shat=2.1000000000e+01 Lhat=0.0000000000e+00
KNUTH_SUBTREE root=4775 depth=26 w=1.9721435101e+37 Shat=3.5248800000e+03 Lhat=0.0000000000e+00
KNUTH_SUBTREE root=4776 depth=26 w=1.2425680279e+37 Shat=4.6108000000e+02 Lhat=0.0000000000e+00
KNUTH_SUBTREE root=4777 depth=26 w=1.0988701143e+37 Shat=1.1994580000e+03 Lhat=0.0000000000e+00
KNUTH_SUBTREE root=4778 depth=26 w=1.0077819071e+37 Shat=6.3953900000e+03 Lhat=0.0000000000e+00
KNUTH_SUBTREE root=4779 depth=26 w=8.6927840584e+36 Shat=5.2173000000e+02 Lhat=0.0000000000e+00
KNUTH_SUBTREE root=4780 depth=26 w=2.7871245971e+37 Shat=1.0138400000e+02 Lhat=0.0000000000e+00
KNUTH_SUBTREE root=4781 depth=26 w=2.5117769437e+37 Shat=7.7867320000e+03 Lhat=9.3120000000e+01
KNUTH_SUBTREE root=4782 depth=26 w=2.3834216948e+36 Shat=4.3410000000e+01 Lhat=0.0000000000e+00
KNUTH_SUBTREE root=4783 depth=26 w=2.6629840248e+36 Shat=1.3000000000e+01 Lhat=0.0000000000e+00
KNUTH_SUBTREE root=4784 depth=26 w=2.8725146453e+36 Shat=4.0132630000e+03 Lhat=0.0000000000e+00
KNUTH_SUBTREE root=4785 depth=26 w=7.0099418609e+36 Shat=3.6325900000e+02 Lhat=0.0000000000e+00
KNUTH_SUBTREE root=4786 depth=26 w=3.6580803430e+36 Shat=3.2805100000e+03 Lhat=0.0000000000e+00
KNUTH_SUBTREE root=4787 depth=26 w=4.6847859926e+36 Shat=1.8042000000e+02 Lhat=0.0000000000e+00
KNUTH_SUBTREE root=4788 depth=26 w=3.1068506504e+37 Shat=9.7390000000e+02 Lhat=0.0000000000e+00
KNUTH_SUBTREE root=4789 depth=26 w=3.8067081268e+36 Shat=1.4697280000e+03 Lhat=0.0000000000e+00
KNUTH_SUBTREE root=4790 depth=26 w=1.3619161505e+37 Shat=1.1000000000e+01 Lhat=0.0000000000e+00
KNUTH_SUBTREE root=4791 depth=26 w=4.2074812426e+36 Shat=3.5400000000e+01 Lhat=0.0000000000e+00
KNUTH_SUBTREE root=4792 depth=26 w=8.5654107932e+36 Shat=1.1753820000e+04 Lhat=0.0000000000e+00
KNUTH_SUBTREE root=4793 depth=26 w=6.0950623893e+36 Shat=7.9000000000e+01 Lhat=0.0000000000e+00
KNUTH_SUBTREE root=4794 depth=26 w=2.0223630628e+37 Shat=3.0430060000e+03 Lhat=0.0000000000e+00
KNUTH_SUBTREE root=4795 depth=26 w=3.2820329841e+37 Shat=8.2771600000e+02 Lhat=0.0000000000e+00
KNUTH_SUBTREE root=4796 depth=26 w=3.3055958371e+37 Shat=2.1537900000e+02 Lhat=0.0000000000e+00
KNUTH_SUBTREE root=4797 depth=26 w=2.5260299630e+37 Shat=1.3492360000e+03 Lhat=0.0000000000e+00
KNUTH_SUBTREE root=4798 depth=26 w=1.3406958508e+36 Shat=3.0085000000e+01 Lhat=0.0000000000e+00
KNUTH_SUBTREE root=4799 depth=26 w=3.2464503707e+36 Shat=8.5140000000e+01 Lhat=0.0000000000e+00
KNUTH_SUBTREE root=4800 depth=26 w=6.0045454201e+36 Shat=2.0859510000e+03 Lhat=0.0000000000e+00
KNUTH_SUBTREE root=4801 depth=26 w=6.1436988167e+36 Shat=1.4125840000e+03 Lhat=0.0000000000e+00
KNUTH_SUBTREE root=4802 depth=26 w=2.4736732169e+36 Shat=7.3615000000e+01 Lhat=0.0000000000e+00
KNUTH_SUBTREE root=4803 depth=26 w=2.1048470790e+37 Shat=6.7820000000e+01 Lhat=0.0000000000e+00
KNUTH_SUBTREE root=4804 depth=26 w=2.6437047162e+37 Shat=1.6993000000e+02 Lhat=0.0000000000e+00
KNUTH_SUBTREE root=4805 depth=26 w=2.5327964045e+37 Shat=3.8000000000e+01 Lhat=0.0000000000e+00
KNUTH_SUBTREE root=4806 depth=26 w=1.3893810130e+37 Shat=9.8545600000e+02 Lhat=0.0000000000e+00
KNUTH_SUBTREE root=4807 depth=26 w=2.7662335788e+37 Shat=8.2122160000e+03 Lhat=0.0000000000e+00
KNUTH_SUBTREE root=4808 depth=26 w=2.6505448550e+37 Shat=5.9007000000e+02 Lhat=0.0000000000e+00
KNUTH_SUBTREE root=4809 depth=26 w=5.7232738943e+36 Shat=4.0836880000e+03 Lhat=9.8432000000e+01
KNUTH_SUBTREE root=4810 depth=26 w=1.9434225080e+35 Shat=6.8722000000e+01 Lhat=0.0000000000e+00
KNUTH_SUBTREE root=4811 depth=26 w=5.1084769756e+36 Shat=5.8664440000e+03 Lhat=0.0000000000e+00
KNUTH_SUBTREE root=4812 depth=26 w=1.3971517911e+37 Shat=4.7574900000e+02 Lhat=0.0000000000e+00
KNUTH_SUBTREE root=4813 depth=26 w=2.0563604926e+36 Shat=1.2461400000e+03 Lhat=0.0000000000e+00
KNUTH_SUBTREE root=4814 depth=26 w=5.3204866860e+36 Shat=2.1992180000e+03 Lhat=0.0000000000e+00
KNUTH_SUBTREE root=4815 depth=26 w=3.1371032134e+37 Shat=5.3833330000e+03 Lhat=0.0000000000e+00
KNUTH_SUBTREE root=4816 depth=26 w=6.6771145510e+36 Shat=9.3129300000e+02 Lhat=0.0000000000e+00
KNUTH_SUBTREE root=4817 depth=26 w=1.7931826196e+37 Shat=7.3009200000e+02 Lhat=0.0000000000e+00
KNUTH_SUBTREE root=4818 depth=26 w=4.4915857260e+36 Shat=5.8408000000e+01 Lhat=0.0000000000e+00
KNUTH_SUBTREE root=4819 depth=26 w=3.0876798766e+36 Shat=1.2558340000e+03 Lhat=0.0000000000e+00
KNUTH_SUBTREE root=4820 depth=26 w=3.1746682900e+37 Shat=8.2818400000e+02 Lhat=0.0000000000e+00
KNUTH_SUBTREE root=4821 depth=26 w=6.8081841129e+36 Shat=9.1856000000e+01 Lhat=0.0000000000e+00
KNUTH_SUBTREE root=4822 depth=26 w=2.6059303363e+37 Shat=5.8734100000e+02 Lhat=0.0000000000e+00
KNUTH_SUBTREE root=4823 depth=26 w=2.7330414316e+36 Shat=1.3000000000e+01 Lhat=0.0000000000e+00
KNUTH_SUBTREE root=4824 depth=26 w=2.1603955244e+37 Shat=3.2542000000e+03 Lhat=0.0000000000e+00
KNUTH_SUBTREE root=4825 depth=26 w=5.3293625243e+36 Shat=6.3786400000e+02 Lhat=0.0000000000e+00
KNUTH_SUBTREE root=4826 depth=26 w=1.9342051965e+37 Shat=1.9624240000e+03 Lhat=0.0000000000e+00
KNUTH_SUBTREE root=4827 depth=26 w=3.9419624242e+36 Shat=3.3981120000e+03 Lhat=0.0000000000e+00
KNUTH_SUBTREE root=4828 depth=26 w=4.9493796365e+36 Shat=6.3676000000e+01 Lhat=0.0000000000e+00
KNUTH_SUBTREE root=4829 depth=26 w=1.8362550619e+36 Shat=5.3146000000e+01 Lhat=0.0000000000e+00
KNUTH_SUBTREE root=4830 depth=26 w=5.6726438439e+36 Shat=6.0000000000e+00 Lhat=0.0000000000e+00
KNUTH_SUBTREE root=4831 depth=26 w=1.7754297882e+37 Shat=1.9007510000e+03 Lhat=0.0000000000e+00
KNUTH_SUBTREE root=4832 depth=26 w=3.1359599298e+36 Shat=1.5389400000e+02 Lhat=0.0000000000e+00
KNUTH_SUBTREE root=4833 depth=26 w=1.4049516244e+37 Shat=3.7311110000e+03 Lhat=0.0000000000e+00
KNUTH_SUBTREE root=4834 depth=26 w=1.3883352392e+36 Shat=4.3000000000e+01 Lhat=0.0000000000e+00
KNUTH_SUBTREE root=4835 depth=26 w=5.7608286389e+36 Shat=1.1700000000e+02 Lhat=0.0000000000e+00
KNUTH_SUBTREE root=4836 depth=26 w=4.2992094412e+36 Shat=8.7478000000e+01 Lhat=0.0000000000e+00
KNUTH_SUBTREE root=4837 depth=26 w=7.8356947646e+36 Shat=1.9122000000e+02 Lhat=0.0000000000e+00
KNUTH_SUBTREE root=4838 depth=26 w=3.2459339689e+37 Shat=2.3224600000e+03 Lhat=6.0960000000e+01
KNUTH_SUBTREE root=4839 depth=26 w=1.2876186020e+37 Shat=2.4215700000e+02 Lhat=0.0000000000e+00
KNUTH_SUBTREE root=4840 depth=26 w=4.8395051650e+36 Shat=2.6691400000e+02 Lhat=0.0000000000e+00
KNUTH_SUBTREE root=4841 depth=26 w=9.3057434310e+36 Shat=7.5134000000e+02 Lhat=0.0000000000e+00
KNUTH_SUBTREE root=4842 depth=26 w=1.0910884798e+37 Shat=7.2345000000e+03 Lhat=0.0000000000e+00
KNUTH_SUBTREE root=4843 depth=26 w=4.1975176421e+36 Shat=1.0711400000e+03 Lhat=0.0000000000e+00
KNUTH_SUBTREE root=4844 depth=26 w=6.1392167450e+36 Shat=3.0739000000e+03 Lhat=0.0000000000e+00
KNUTH_SUBTREE root=4845 depth=26 w=0 Shat=0 Lhat=0 dead=1
KNUTH_SUBTREE root=4846 depth=26 w=1.4583949540e+37 Shat=9.6392000000e+02 Lhat=0.0000000000e+00
KNUTH_SUBTREE root=4847 depth=26 w=9.2642286303e+36 Shat=1.2325710000e+03 Lhat=0.0000000000e+00
KNUTH_SUBTREE root=4848 depth=26 w=1.2125609941e+37 Shat=3.1981360000e+03 Lhat=0.0000000000e+00
KNUTH_SUBTREE root=4849 depth=26 w=2.6679403616e+37 Shat=6.6778000000e+01 Lhat=0.0000000000e+00
KNUTH_SUBTREE root=4850 depth=26 w=3.0735241634e+37 Shat=8.5742000000e+02 Lhat=0.0000000000e+00
KNUTH_SUBTREE root=4851 depth=26 w=7.0974883634e+36 Shat=1.2532080000e+03 Lhat=0.0000000000e+00
KNUTH_SUBTREE root=4852 depth=26 w=4.4576134480e+36 Shat=4.9025000000e+01 Lhat=0.0000000000e+00
KNUTH_SUBTREE root=4853 depth=26 w=2.7753462505e+36 Shat=5.0295200000e+02 Lhat=0.0000000000e+00
KNUTH_SUBTREE root=4854 depth=26 w=5.3027373778e+36 Shat=3.7613200000e+02 Lhat=0.0000000000e+00
KNUTH_SUBTREE root=4855 depth=26 w=5.0817018680e+35 Shat=1.8012000000e+01 Lhat=0.0000000000e+00
KNUTH_SUBTREE root=4856 depth=26 w=2.9848537088e+37 Shat=2.1268900000e+02 Lhat=0.0000000000e+00
KNUTH_SUBTREE root=4857 depth=26 w=4.0471002300e+35 Shat=7.7080000000e+01 Lhat=0.0000000000e+00
KNUTH_SUBTREE root=4858 depth=26 w=1.0650342290e+37 Shat=1.1945000000e+02 Lhat=0.0000000000e+00
KNUTH_SUBTREE root=4859 depth=26 w=1.7031170470e+36 Shat=3.0000000000e+00 Lhat=0.0000000000e+00
KNUTH_SUBTREE root=4860 depth=26 w=2.9201677045e+36 Shat=5.2925000000e+01 Lhat=0.0000000000e+00
KNUTH_SUBTREE root=4861 depth=26 w=5.9288589209e+36 Shat=1.3593350000e+03 Lhat=0.0000000000e+00
KNUTH_SUBTREE root=4862 depth=26 w=1.7536477257e+37 Shat=7.3584000000e+02 Lhat=0.0000000000e+00
KNUTH_SUBTREE root=4863 depth=26 w=8.8591250597e+36 Shat=4.9453600000e+02 Lhat=0.0000000000e+00
KNUTH_SUBTREE root=4864 depth=26 w=3.1614314859e+36 Shat=5.3005360000e+03 Lhat=0.0000000000e+00
KNUTH_SUBTREE root=4865 depth=26 w=5.9590612525e+34 Shat=3.0000000000e+00 Lhat=0.0000000000e+00
KNUTH_SUBTREE root=4866 depth=26 w=3.0818917325e+37 Shat=4.0828100000e+03 Lhat=0.0000000000e+00
KNUTH_SUBTREE root=4867 depth=26 w=2.6447212951e+37 Shat=1.9624000000e+01 Lhat=0.0000000000e+00
KNUTH_SUBTREE root=4868 depth=26 w=6.5091396213e+36 Shat=7.9000000000e+01 Lhat=0.0000000000e+00
KNUTH_SUBTREE root=4869 depth=26 w=1.8986195318e+37 Shat=1.2144610000e+03 Lhat=0.0000000000e+00
KNUTH_SUBTREE root=4870 depth=26 w=5.3625880893e+36 Shat=1.9644400000e+02 Lhat=0.0000000000e+00
KNUTH_SUBTREE root=4871 depth=26 w=2.4469263282e+36 Shat=4.5478000000e+01 Lhat=0.0000000000e+00
KNUTH_SUBTREE root=4872 depth=26 w=1.6955995940e+37 Shat=3.0312960000e+03 Lhat=0.0000000000e+00
KNUTH_SUBTREE root=4873 depth=26 w=6.9205589049e+36 Shat=2.6793020000e+03 Lhat=0.0000000000e+00
KNUTH_SUBTREE root=4874 depth=26 w=1.8843388771e+36 Shat=3.0000000000e+00 Lhat=0.0000000000e+00
KNUTH_SUBTREE root=4875 depth=26 w=2.1589423093e+37 Shat=5.8318000000e+01 Lhat=0.0000000000e+00
KNUTH_SUBTREE root=4876 depth=26 w=7.8969858623e+36 Shat=5.5448000000e+01 Lhat=0.0000000000e+00
KNUTH_SUBTREE root=4877 depth=26 w=7.3979491870e+36 Shat=1.9048000000e+01 Lhat=0.0000000000e+00
KNUTH_SUBTREE root=4878 depth=26 w=1.2155160312e+37 Shat=7.6471720000e+03 Lhat=0.0000000000e+00
KNUTH_SUBTREE root=4879 depth=26 w=3.1139722013e+37 Shat=1.4749600000e+03 Lhat=0.0000000000e+00
KNUTH_SUBTREE root=4880 depth=26 w=7.0905784418e+36 Shat=1.1863800000e+03 Lhat=0.0000000000e+00
KNUTH_SUBTREE root=4881 depth=26 w=5.2526935402e+36 Shat=5.6726720000e+03 Lhat=0.0000000000e+00
KNUTH_SUBTREE root=4882 depth=26 w=2.7627982226e+37 Shat=3.8510990000e+03 Lhat=0.0000000000e+00
KNUTH_SUBTREE root=4883 depth=26 w=2.7829536389e+37 Shat=1.6458100000e+02 Lhat=0.0000000000e+00
KNUTH_SUBTREE root=4884 depth=26 w=9.3200669424e+36 Shat=3.2097440000e+03 Lhat=0.0000000000e+00
KNUTH_SUBTREE root=4885 depth=26 w=2.3785363918e+37 Shat=2.3120400000e+03 Lhat=0.0000000000e+00
KNUTH_SUBTREE root=4886 depth=26 w=7.0044264362e+36 Shat=8.5120000000e+01 Lhat=0.0000000000e+00
KNUTH_SUBTREE root=4887 depth=26 w=1.7480474928e+36 Shat=6.1783200000e+02 Lhat=0.0000000000e+00
KNUTH_SUBTREE root=4888 depth=26 w=2.7611469917e+37 Shat=3.0000000000e+00 Lhat=0.0000000000e+00
KNUTH_SUBTREE root=4889 depth=26 w=3.7888158163e+36 Shat=7.3290000000e+01 Lhat=0.0000000000e+00
KNUTH_SUBTREE root=4890 depth=26 w=7.3610834746e+36 Shat=4.8197040000e+03 Lhat=0.0000000000e+00
KNUTH_SUBTREE root=4891 depth=26 w=2.5708185218e+36 Shat=2.4072000000e+01 Lhat=0.0000000000e+00
KNUTH_SUBTREE root=4892 depth=26 w=6.3565909662e+36 Shat=2.9050000000e+01 Lhat=0.0000000000e+00
KNUTH_SUBTREE root=4893 depth=26 w=1.6351972786e+36 Shat=1.2359800000e+02 Lhat=0.0000000000e+00
KNUTH_SUBTREE root=4894 depth=26 w=1.6642482386e+37 Shat=1.1876000000e+02 Lhat=0.0000000000e+00
KNUTH_SUBTREE root=4895 depth=26 w=4.0631404920e+36 Shat=2.8066400000e+02 Lhat=0.0000000000e+00
KNUTH_SUBTREE root=4896 depth=26 w=2.4234215758e+37 Shat=3.0343600000e+02 Lhat=0.0000000000e+00
KNUTH_SUBTREE root=4897 depth=26 w=5.1972599442e+36 Shat=3.5257500000e+02 Lhat=0.0000000000e+00
KNUTH_SUBTREE root=4898 depth=26 w=3.0517867468e+37 Shat=3.1532810000e+03 Lhat=0.0000000000e+00
KNUTH_SUBTREE root=4899 depth=26 w=2.2392679639e+37 Shat=1.5375970000e+03 Lhat=0.0000000000e+00
KNUTH_SUBTREE root=4900 depth=26 w=0 Shat=0 Lhat=0 dead=1
KNUTH_SUBTREE root=4901 depth=26 w=7.8227758272e+35 Shat=6.0580000000e+00 Lhat=0.0000000000e+00
KNUTH_SUBTREE root=4902 depth=26 w=8.0267381215e+36 Shat=4.9396400000e+03 Lhat=0.0000000000e+00
KNUTH_SUBTREE root=4903 depth=26 w=2.3960009371e+37 Shat=1.5051200000e+02 Lhat=0.0000000000e+00
KNUTH_SUBTREE root=4904 depth=26 w=1.3324234175e+37 Shat=2.6270000000e+01 Lhat=0.0000000000e+00
KNUTH_SUBTREE root=4905 depth=26 w=1.2788586636e+36 Shat=5.0000000000e+00 Lhat=0.0000000000e+00
KNUTH_SUBTREE root=4906 depth=26 w=8.2961998120e+36 Shat=8.5156000000e+01 Lhat=0.0000000000e+00
KNUTH_SUBTREE root=4907 depth=26 w=3.6964776983e+36 Shat=2.9050000000e+01 Lhat=0.0000000000e+00
KNUTH_SUBTREE root=4908 depth=26 w=3.0710449385e+37 Shat=8.9028000000e+02 Lhat=0.0000000000e+00
KNUTH_SUBTREE root=4909 depth=26 w=4.1603241458e+36 Shat=6.0337900000e+02 Lhat=0.0000000000e+00
KNUTH_SUBTREE root=4910 depth=26 w=2.4312041477e+37 Shat=3.2943700000e+02 Lhat=0.0000000000e+00
KNUTH_SUBTREE root=4911 depth=26 w=2.2316799882e+36 Shat=6.4690000000e+02 Lhat=0.0000000000e+00
KNUTH_SUBTREE root=4912 depth=26 w=7.9174596826e+36 Shat=1.0000000000e+00 Lhat=0.0000000000e+00
KNUTH_SUBTREE root=4913 depth=26 w=3.4916964686e+36 Shat=2.5624100000e+03 Lhat=0.0000000000e+00
KNUTH_SUBTREE root=4914 depth=26 w=2.3665151821e+36 Shat=2.2152000000e+01 Lhat=0.0000000000e+00
KNUTH_SUBTREE root=4915 depth=26 w=1.3151464947e+37 Shat=9.8919200000e+02 Lhat=0.0000000000e+00
KNUTH_SUBTREE root=4916 depth=26 w=2.3448188976e+37 Shat=8.8678000000e+01 Lhat=0.0000000000e+00
KNUTH_SUBTREE root=4917 depth=26 w=2.5914894455e+36 Shat=3.3628000000e+01 Lhat=0.0000000000e+00
KNUTH_SUBTREE root=4918 depth=26 w=8.7206515147e+33 Shat=3.0000000000e+00 Lhat=0.0000000000e+00
KNUTH_SUBTREE root=4919 depth=26 w=5.8580406397e+36 Shat=8.5825000000e+01 Lhat=0.0000000000e+00
KNUTH_SUBTREE root=4920 depth=26 w=2.5625754688e+37 Shat=4.0000000000e+00 Lhat=0.0000000000e+00
KNUTH_SUBTREE root=4921 depth=26 w=2.9088763489e+34 Shat=1.0000000000e+00 Lhat=0.0000000000e+00
KNUTH_SUBTREE root=4922 depth=26 w=2.9837976719e+36 Shat=7.6704000000e+02 Lhat=0.0000000000e+00
KNUTH_SUBTREE root=4923 depth=26 w=2.1191482170e+36 Shat=9.8416000000e+01 Lhat=0.0000000000e+00
KNUTH_SUBTREE root=4924 depth=26 w=4.2783190570e+35 Shat=3.0000000000e+00 Lhat=0.0000000000e+00
KNUTH_SUBTREE root=4925 depth=26 w=1.9856180416e+36 Shat=5.0000000000e+00 Lhat=0.0000000000e+00
KNUTH_SUBTREE root=4926 depth=26 w=1.0436275619e+37 Shat=1.6802700000e+02 Lhat=0.0000000000e+00
KNUTH_SUBTREE root=4927 depth=26 w=2.6886012523e+36 Shat=1.7957530000e+03 Lhat=0.0000000000e+00
KNUTH_SUBTREE root=4928 depth=26 w=3.1178545773e+36 Shat=3.0000000000e+00 Lhat=0.0000000000e+00
KNUTH_SUBTREE root=4929 depth=26 w=9.9571406809e+36 Shat=7.5258400000e+02 Lhat=0.0000000000e+00
KNUTH_SUBTREE root=4930 depth=26 w=2.4866924157e+36 Shat=2.8110000000e+01 Lhat=0.0000000000e+00
KNUTH_SUBTREE root=4931 depth=26 w=1.8614700784e+37 Shat=1.0000000000e+01 Lhat=0.0000000000e+00
KNUTH_SUBTREE root=4932 depth=26 w=4.2246583104e+36 Shat=2.1962400000e+02 Lhat=0.0000000000e+00
KNUTH_SUBTREE root=4933 depth=26 w=4.6760403956e+36 Shat=2.3876880000e+03 Lhat=0.0000000000e+00
KNUTH_SUBTREE root=4934 depth=26 w=2.6703625317e+37 Shat=2.0421100000e+02 Lhat=0.0000000000e+00
KNUTH_SUBTREE root=4935 depth=26 w=2.3532921660e+37 Shat=2.6729830000e+03 Lhat=0.0000000000e+00
KNUTH_SUBTREE root=4936 depth=26 w=1.7527714685e+37 Shat=1.7954400000e+02 Lhat=0.0000000000e+00
KNUTH_SUBTREE root=4937 depth=26 w=7.7052971581e+36 Shat=7.7414800000e+02 Lhat=0.0000000000e+00
KNUTH_SUBTREE root=4938 depth=26 w=5.6880366278e+36 Shat=2.7084300000e+02 Lhat=0.0000000000e+00
KNUTH_SUBTREE root=4939 depth=26 w=1.5261757802e+37 Shat=6.5954000000e+03 Lhat=0.0000000000e+00
KNUTH_SUBTREE root=4940 depth=26 w=1.1100396295e+37 Shat=4.0635100000e+02 Lhat=0.0000000000e+00
KNUTH_SUBTREE root=4941 depth=26 w=1.4211784931e+35 Shat=1.0000000000e+00 Lhat=0.0000000000e+00
KNUTH_SUBTREE root=4942 depth=26 w=5.1464817682e+36 Shat=5.8670800000e+02 Lhat=0.0000000000e+00
KNUTH_SUBTREE root=4943 depth=26 w=7.9248623909e+36 Shat=2.8136920000e+03 Lhat=0.0000000000e+00
KNUTH_SUBTREE root=4944 depth=26 w=1.0668847091e+36 Shat=9.0000000000e+00 Lhat=0.0000000000e+00
KNUTH_SUBTREE root=4945 depth=26 w=7.0868714103e+36 Shat=5.5557300000e+03 Lhat=0.0000000000e+00
KNUTH_SUBTREE root=4946 depth=26 w=9.4238073099e+36 Shat=2.1217000000e+02 Lhat=0.0000000000e+00
KNUTH_SUBTREE root=4947 depth=26 w=2.8130014157e+37 Shat=8.7229600000e+02 Lhat=0.0000000000e+00
KNUTH_SUBTREE root=4948 depth=26 w=9.7123336384e+34 Shat=4.0000000000e+00 Lhat=0.0000000000e+00
KNUTH_SUBTREE root=4949 depth=26 w=1.2004199295e+37 Shat=4.7040100000e+03 Lhat=0.0000000000e+00
KNUTH_SUBTREE root=4950 depth=26 w=2.9149080867e+37 Shat=2.1688250000e+03 Lhat=0.0000000000e+00
KNUTH_SUBTREE root=4951 depth=26 w=3.0878951281e+37 Shat=8.1303600000e+03 Lhat=3.2464000000e+02
KNUTH_SUBTREE root=4952 depth=26 w=2.5430578785e+36 Shat=2.9965000000e+01 Lhat=0.0000000000e+00
KNUTH_SUBTREE root=4953 depth=26 w=2.2408135966e+37 Shat=3.3171200000e+03 Lhat=0.0000000000e+00
KNUTH_SUBTREE root=4954 depth=26 w=7.3917477365e+36 Shat=8.5524000000e+02 Lhat=0.0000000000e+00
KNUTH_SUBTREE root=4955 depth=26 w=1.3009921644e+37 Shat=2.4648580000e+03 Lhat=0.0000000000e+00
KNUTH_SUBTREE root=4956 depth=26 w=4.9864541708e+36 Shat=1.1062500000e+03 Lhat=0.0000000000e+00
KNUTH_SUBTREE root=4957 depth=26 w=6.4813555068e+36 Shat=3.6441000000e+02 Lhat=0.0000000000e+00
KNUTH_SUBTREE root=4958 depth=26 w=1.4717600529e+36 Shat=3.2948000000e+01 Lhat=0.0000000000e+00
KNUTH_SUBTREE root=4959 depth=26 w=3.3123292652e+36 Shat=1.4380000000e+01 Lhat=0.0000000000e+00
KNUTH_SUBTREE root=4960 depth=26 w=1.1519760867e+37 Shat=3.3473540000e+03 Lhat=0.0000000000e+00
KNUTH_SUBTREE root=4961 depth=26 w=6.1980378218e+36 Shat=7.0000000000e+00 Lhat=0.0000000000e+00
KNUTH_SUBTREE root=4962 depth=26 w=1.2766306030e+37 Shat=2.1556700000e+03 Lhat=0.0000000000e+00
KNUTH_SUBTREE root=4963 depth=26 w=5.5816433244e+36 Shat=3.5123140000e+03 Lhat=0.0000000000e+00
KNUTH_SUBTREE root=4964 depth=26 w=6.3280810953e+36 Shat=3.8539000000e+03 Lhat=0.0000000000e+00
KNUTH_SUBTREE root=4965 depth=26 w=2.0769084340e+37 Shat=2.6210800000e+02 Lhat=0.0000000000e+00
KNUTH_SUBTREE root=4966 depth=26 w=2.3708323469e+36 Shat=1.6033000000e+01 Lhat=0.0000000000e+00
KNUTH_SUBTREE root=4967 depth=26 w=9.7894887546e+36 Shat=2.7720000000e+02 Lhat=0.0000000000e+00
KNUTH_SUBTREE root=4968 depth=26 w=5.4558002201e+36 Shat=5.6920000000e+02 Lhat=0.0000000000e+00
KNUTH_SUBTREE root=4969 depth=26 w=3.1910298904e+37 Shat=1.6645190000e+03 Lhat=0.0000000000e+00
KNUTH_SUBTREE root=4970 depth=26 w=3.5029008302e+36 Shat=3.9840000000e+00 Lhat=0.0000000000e+00
KNUTH_SUBTREE root=4971 depth=26 w=3.4119546481e+37 Shat=9.0560000000e+00 Lhat=0.0000000000e+00
KNUTH_SUBTREE root=4972 depth=26 w=7.5590381451e+36 Shat=2.1000000000e+01 Lhat=0.0000000000e+00
KNUTH_SUBTREE root=4973 depth=26 w=4.5165841596e+36 Shat=1.1284300000e+03 Lhat=0.0000000000e+00
KNUTH_SUBTREE root=4974 depth=26 w=3.9614572214e+36 Shat=3.9516520000e+03 Lhat=0.0000000000e+00
KNUTH_SUBTREE root=4975 depth=26 w=5.8743494406e+35 Shat=3.7730000000e+01 Lhat=0.0000000000e+00
KNUTH_SUBTREE root=4976 depth=26 w=2.9053404792e+37 Shat=4.1275000000e+02 Lhat=0.0000000000e+00
KNUTH_SUBTREE root=4977 depth=26 w=1.0878487642e+37 Shat=4.1656000000e+01 Lhat=0.0000000000e+00
KNUTH_SUBTREE root=4978 depth=26 w=4.7464108270e+35 Shat=2.0000000000e+00 Lhat=0.0000000000e+00
KNUTH_SUBTREE root=4979 depth=26 w=1.8337829277e+35 Shat=1.1748500000e+03 Lhat=0.0000000000e+00
KNUTH_SUBTREE root=4980 depth=26 w=3.6550126882e+37 Shat=1.7971300000e+03 Lhat=0.0000000000e+00
KNUTH_SUBTREE root=4981 depth=26 w=3.1452567336e+37 Shat=1.3000000000e+01 Lhat=0.0000000000e+00
KNUTH_SUBTREE root=4982 depth=26 w=1.5023157496e+37 Shat=1.7926910000e+03 Lhat=0.0000000000e+00
KNUTH_SUBTREE root=4983 depth=26 w=4.4486628135e+35 Shat=1.0000000000e+01 Lhat=0.0000000000e+00
KNUTH_SUBTREE root=4984 depth=26 w=1.2120994682e+37 Shat=2.4058200000e+02 Lhat=0.0000000000e+00
KNUTH_SUBTREE root=4985 depth=26 w=2.9234537858e+37 Shat=7.6901200000e+03 Lhat=0.0000000000e+00
KNUTH_SUBTREE root=4986 depth=26 w=3.2825360193e+36 Shat=8.0967600000e+02 Lhat=0.0000000000e+00
KNUTH_SUBTREE root=4987 depth=26 w=2.3257153238e+37 Shat=3.2138200000e+02 Lhat=0.0000000000e+00
KNUTH_SUBTREE root=4988 depth=26 w=5.8871962708e+36 Shat=1.3353990000e+03 Lhat=0.0000000000e+00
KNUTH_SUBTREE root=4989 depth=26 w=7.7187282940e+36 Shat=2.9338000000e+02 Lhat=0.0000000000e+00
KNUTH_SUBTREE root=4990 depth=26 w=4.3032136323e+36 Shat=4.7750500000e+02 Lhat=0.0000000000e+00
KNUTH_SUBTREE root=4991 depth=26 w=1.3850827301e+37 Shat=1.8012000000e+01 Lhat=0.0000000000e+00
KNUTH_SUBTREE root=4992 depth=26 w=6.4337859301e+36 Shat=7.9600000000e+02 Lhat=0.0000000000e+00
KNUTH_SUBTREE root=4993 depth=26 w=2.9759440543e+37 Shat=1.9904490000e+03 Lhat=0.0000000000e+00
KNUTH_SUBTREE root=4994 depth=26 w=1.2260125266e+37 Shat=1.0336240000e+04 Lhat=0.0000000000e+00
KNUTH_SUBTREE root=4995 depth=26 w=3.0737996549e+37 Shat=7.6306600000e+02 Lhat=0.0000000000e+00
KNUTH_SUBTREE root=4996 depth=26 w=5.5106624549e+36 Shat=7.2640000000e+01 Lhat=0.0000000000e+00
KNUTH_SUBTREE root=4997 depth=26 w=6.8332281321e+35 Shat=1.0000000000e+00 Lhat=0.0000000000e+00
KNUTH_SUBTREE root=4998 depth=26 w=1.8157539196e+37 Shat=8.1992000000e+01 Lhat=0.0000000000e+00
KNUTH_SUBTREE root=4999 depth=26 w=1.2830369311e+37 Shat=1.5449860000e+03 Lhat=0.0000000000e+00
KNUTH_SUBTREE root=5000 depth=26 w=9.7339528701e+36 Shat=2.4160000000e+01 Lhat=0.0000000000e+00
KNUTH_SUBTREE root=5001 depth=26 w=7.4881378261e+36 Shat=5.0000000000e+00 Lhat=0.0000000000e+00
KNUTH_SUBTREE root=5002 depth=26 w=3.4176543157e+36 Shat=2.4475840000e+03 Lhat=0.0000000000e+00
KNUTH_SUBTREE root=5003 depth=26 w=4.6561666216e+36 Shat=8.5336000000e+02 Lhat=0.0000000000e+00
KNUTH_SUBTREE root=5004 depth=26 w=8.4228625362e+35 Shat=1.0920000000e+01 Lhat=0.0000000000e+00
KNUTH_SUBTREE root=5005 depth=26 w=3.0467237783e+37 Shat=2.0993680000e+03 Lhat=0.0000000000e+00
KNUTH_SUBTREE root=5006 depth=26 w=2.3934921602e+37 Shat=1.1605650000e+03 Lhat=0.0000000000e+00
KNUTH_SUBTREE root=5007 depth=26 w=2.6802470832e+37 Shat=3.4616800000e+03 Lhat=0.0000000000e+00
KNUTH_SUBTREE root=5008 depth=26 w=2.3624449543e+37 Shat=6.8296000000e+01 Lhat=0.0000000000e+00
KNUTH_SUBTREE root=5009 depth=26 w=2.7036084961e+37 Shat=1.6198360000e+03 Lhat=0.0000000000e+00
KNUTH_SUBTREE root=5010 depth=26 w=3.7298486675e+36 Shat=6.0253600000e+03 Lhat=0.0000000000e+00
KNUTH_SUBTREE root=5011 depth=26 w=2.8980471553e+37 Shat=1.1780000000e+02 Lhat=0.0000000000e+00
KNUTH_SUBTREE root=5012 depth=26 w=1.6869464522e+37 Shat=1.5008880000e+03 Lhat=0.0000000000e+00
KNUTH_SUBTREE root=5013 depth=26 w=2.8715108801e+37 Shat=4.2437200000e+03 Lhat=0.0000000000e+00
KNUTH_SUBTREE root=5014 depth=26 w=5.2717285603e+36 Shat=3.5504250000e+03 Lhat=0.0000000000e+00
KNUTH_SUBTREE root=5015 depth=26 w=3.2392716202e+37 Shat=7.3720000000e+01 Lhat=0.0000000000e+00
KNUTH_SUBTREE root=5016 depth=26 w=7.2311370398e+36 Shat=3.1575070000e+03 Lhat=0.0000000000e+00
KNUTH_SUBTREE root=5017 depth=26 w=2.9552214244e+37 Shat=6.2859200000e+02 Lhat=0.0000000000e+00
KNUTH_SUBTREE root=5018 depth=26 w=1.2499490995e+37 Shat=6.6077000000e+02 Lhat=0.0000000000e+00
KNUTH_SUBTREE root=5019 depth=26 w=1.1098077301e+37 Shat=4.0739800000e+03 Lhat=0.0000000000e+00
KNUTH_SUBTREE root=5020 depth=26 w=6.6994070234e+36 Shat=7.1985200000e+03 Lhat=0.0000000000e+00
KNUTH_SUBTREE root=5021 depth=26 w=2.3329434192e+37 Shat=4.0285200000e+02 Lhat=0.0000000000e+00
KNUTH_SUBTREE root=5022 depth=26 w=8.1224285830e+36 Shat=1.2381490000e+03 Lhat=0.0000000000e+00
KNUTH_SUBTREE root=5023 depth=26 w=5.0253144162e+36 Shat=4.8090000000e+01 Lhat=0.0000000000e+00
KNUTH_SUBTREE root=5024 depth=26 w=1.3122571611e+37 Shat=6.4009000000e+01 Lhat=0.0000000000e+00
KNUTH_SUBTREE root=5025 depth=26 w=3.1028455113e+37 Shat=1.1875200000e+02 Lhat=0.0000000000e+00
KNUTH_SUBTREE root=5026 depth=26 w=1.2934651621e+37 Shat=2.0335900000e+03 Lhat=0.0000000000e+00
KNUTH_SUBTREE root=5027 depth=26 w=1.8869416773e+36 Shat=9.0920000000e+00 Lhat=0.0000000000e+00
KNUTH_SUBTREE root=5028 depth=26 w=3.7468674930e+36 Shat=1.9226320000e+03 Lhat=0.0000000000e+00
KNUTH_SUBTREE root=5029 depth=26 w=3.5660709800e+36 Shat=3.8960000000e+01 Lhat=0.0000000000e+00
KNUTH_SUBTREE root=5030 depth=26 w=6.9835005791e+36 Shat=1.4029000000e+01 Lhat=0.0000000000e+00
KNUTH_SUBTREE root=5031 depth=26 w=4.5013401534e+36 Shat=3.5377300000e+03 Lhat=0.0000000000e+00
KNUTH_SUBTREE root=5032 depth=26 w=3.9752453519e+36 Shat=5.7308320000e+03 Lhat=0.0000000000e+00
KNUTH_SUBTREE root=5033 depth=26 w=8.4502288912e+36 Shat=1.5586320000e+03 Lhat=0.0000000000e+00
KNUTH_SUBTREE root=5034 depth=26 w=5.2875944581e+36 Shat=1.9192600000e+02 Lhat=0.0000000000e+00
KNUTH_SUBTREE root=5035 depth=26 w=2.5279735226e+37 Shat=8.3346760000e+03 Lhat=0.0000000000e+00
KNUTH_SUBTREE root=5036 depth=26 w=2.3877275421e+37 Shat=6.9956600000e+02 Lhat=0.0000000000e+00
KNUTH_SUBTREE root=5037 depth=26 w=2.8419895168e+37 Shat=3.2410000000e+03 Lhat=0.0000000000e+00
KNUTH_SUBTREE root=5038 depth=26 w=4.7547724069e+36 Shat=1.7138000000e+02 Lhat=0.0000000000e+00
KNUTH_SUBTREE root=5039 depth=26 w=2.7574256689e+37 Shat=2.0324360000e+03 Lhat=0.0000000000e+00
KNUTH_SUBTREE root=5040 depth=26 w=4.4814151257e+36 Shat=8.9031700000e+02 Lhat=0.0000000000e+00
KNUTH_SUBTREE root=5041 depth=26 w=9.0592192314e+36 Shat=8.5048000000e+01 Lhat=0.0000000000e+00
KNUTH_SUBTREE root=5042 depth=26 w=3.4821081046e+37 Shat=1.1551760000e+03 Lhat=0.0000000000e+00
KNUTH_SUBTREE root=5043 depth=26 w=3.2372529453e+37 Shat=6.7934800000e+02 Lhat=0.0000000000e+00
KNUTH_SUBTREE root=5044 depth=26 w=2.7095384699e+37 Shat=3.7990000000e+02 Lhat=0.0000000000e+00
KNUTH_SUBTREE root=5045 depth=26 w=7.3121018394e+35 Shat=1.9096000000e+01 Lhat=0.0000000000e+00
KNUTH_SUBTREE root=5046 depth=26 w=2.9329070270e+36 Shat=3.3101520000e+03 Lhat=0.0000000000e+00
KNUTH_SUBTREE root=5047 depth=26 w=2.4581387227e+35 Shat=3.0000000000e+00 Lhat=0.0000000000e+00
KNUTH_SUBTREE root=5048 depth=26 w=1.0503640298e+37 Shat=4.6008280000e+03 Lhat=0.0000000000e+00
KNUTH_SUBTREE root=5049 depth=26 w=7.4814494425e+36 Shat=4.8832000000e+02 Lhat=0.0000000000e+00
KNUTH_SUBTREE root=5050 depth=26 w=2.8074837857e+37 Shat=1.3000000000e+01 Lhat=0.0000000000e+00
KNUTH_SUBTREE root=5051 depth=26 w=2.5255773188e+36 Shat=2.8184000000e+03 Lhat=0.0000000000e+00
KNUTH_SUBTREE root=5052 depth=26 w=2.6326348181e+36 Shat=7.0060000000e+02 Lhat=0.0000000000e+00
KNUTH_SUBTREE root=5053 depth=26 w=1.9580983973e+37 Shat=1.5850000000e+02 Lhat=0.0000000000e+00
KNUTH_SUBTREE root=5054 depth=26 w=5.1451168055e+36 Shat=6.0235440000e+03 Lhat=0.0000000000e+00
KNUTH_SUBTREE root=5055 depth=26 w=4.3452537319e+34 Shat=1.0000000000e+00 Lhat=0.0000000000e+00
KNUTH_SUBTREE root=5056 depth=26 w=2.9592296912e+36 Shat=7.8153400000e+02 Lhat=0.0000000000e+00
KNUTH_SUBTREE root=5057 depth=26 w=3.9062350053e+35 Shat=4.1676000000e+01 Lhat=0.0000000000e+00
KNUTH_SUBTREE root=5058 depth=26 w=5.6109250671e+36 Shat=6.3002200000e+03 Lhat=0.0000000000e+00
KNUTH_SUBTREE root=5059 depth=26 w=5.4507398693e+36 Shat=7.0024000000e+01 Lhat=0.0000000000e+00
KNUTH_SUBTREE root=5060 depth=26 w=5.1514297999e+35 Shat=1.0000000000e+00 Lhat=0.0000000000e+00
KNUTH_SUBTREE root=5061 depth=26 w=1.8111365442e+37 Shat=7.5396000000e+02 Lhat=0.0000000000e+00
KNUTH_SUBTREE root=5062 depth=26 w=4.7205572414e+36 Shat=7.3544000000e+01 Lhat=0.0000000000e+00
KNUTH_SUBTREE root=5063 depth=26 w=4.4352547132e+36 Shat=3.4019920000e+03 Lhat=0.0000000000e+00
KNUTH_SUBTREE root=5064 depth=26 w=2.0995582051e+37 Shat=1.4212000000e+02 Lhat=0.0000000000e+00
KNUTH_SUBTREE root=5065 depth=26 w=1.7826121628e+37 Shat=1.1017900000e+03 Lhat=0.0000000000e+00
KNUTH_SUBTREE root=5066 depth=26 w=3.1846161068e+37 Shat=6.7638000000e+03 Lhat=0.0000000000e+00
KNUTH_SUBTREE root=5067 depth=26 w=8.1416272619e+36 Shat=9.0414100000e+02 Lhat=0.0000000000e+00
KNUTH_SUBTREE root=5068 depth=26 w=5.4070532294e+35 Shat=1.2113000000e+02 Lhat=0.0000000000e+00
KNUTH_SUBTREE root=5069 depth=26 w=4.5770860932e+36 Shat=5.3126900000e+03 Lhat=0.0000000000e+00
KNUTH_SUBTREE root=5070 depth=26 w=3.4984105633e+35 Shat=1.7970000000e+01 Lhat=0.0000000000e+00
KNUTH_SUBTREE root=5071 depth=26 w=2.6911848974e+37 Shat=3.4900700000e+02 Lhat=0.0000000000e+00
KNUTH_SUBTREE root=5072 depth=26 w=3.3530659755e+37 Shat=3.5404120000e+03 Lhat=0.0000000000e+00
KNUTH_SUBTREE root=5073 depth=26 w=4.9269124068e+36 Shat=1.9488800000e+02 Lhat=0.0000000000e+00
KNUTH_SUBTREE root=5074 depth=26 w=1.1543336981e+37 Shat=8.1160000000e+00 Lhat=0.0000000000e+00
KNUTH_SUBTREE root=5075 depth=26 w=4.2797620810e+36 Shat=2.8992800000e+02 Lhat=0.0000000000e+00
KNUTH_SUBTREE root=5076 depth=26 w=8.8751168030e+36 Shat=2.3564960000e+03 Lhat=0.0000000000e+00
KNUTH_SUBTREE root=5077 depth=26 w=1.1754410704e+36 Shat=1.0000000000e+01 Lhat=0.0000000000e+00
KNUTH_SUBTREE root=5078 depth=26 w=0 Shat=0 Lhat=0 dead=1
KNUTH_SUBTREE root=5079 depth=26 w=1.8777084732e+37 Shat=1.2543680000e+03 Lhat=0.0000000000e+00
KNUTH_SUBTREE root=5080 depth=26 w=3.7931117053e+37 Shat=8.0010400000e+02 Lhat=0.0000000000e+00
KNUTH_SUBTREE root=5081 depth=26 w=2.2243432422e+37 Shat=8.9194600000e+03 Lhat=0.0000000000e+00
KNUTH_SUBTREE root=5082 depth=26 w=5.3830829377e+36 Shat=1.2480000000e+02 Lhat=0.0000000000e+00
KNUTH_SUBTREE root=5083 depth=26 w=5.6115185034e+35 Shat=5.3020000000e+02 Lhat=0.0000000000e+00
KNUTH_SUBTREE root=5084 depth=26 w=9.6627212229e+36 Shat=4.9684700000e+02 Lhat=0.0000000000e+00
KNUTH_SUBTREE root=5085 depth=26 w=2.3625552853e+36 Shat=4.0148020000e+03 Lhat=0.0000000000e+00
KNUTH_SUBTREE root=5086 depth=26 w=2.2032282444e+36 Shat=5.6464000000e+02 Lhat=0.0000000000e+00
KNUTH_SUBTREE root=5087 depth=26 w=3.1851171624e+37 Shat=8.4049800000e+02 Lhat=0.0000000000e+00
KNUTH_SUBTREE root=5088 depth=26 w=4.7670429809e+36 Shat=1.3000000000e+01 Lhat=0.0000000000e+00
KNUTH_SUBTREE root=5089 depth=26 w=5.5741450898e+36 Shat=3.5638000000e+01 Lhat=0.0000000000e+00
KNUTH_SUBTREE root=5090 depth=26 w=3.7666865812e+36 Shat=2.4859920000e+03 Lhat=0.0000000000e+00
KNUTH_SUBTREE root=5091 depth=26 w=1.4273569230e+37 Shat=1.7652400000e+03 Lhat=0.0000000000e+00
KNUTH_SUBTREE root=5092 depth=26 w=7.2760351795e+36 Shat=8.0032600000e+02 Lhat=0.0000000000e+00
KNUTH_SUBTREE root=5093 depth=26 w=2.3905312526e+36 Shat=1.1972000000e+01 Lhat=0.0000000000e+00
KNUTH_SUBTREE root=5094 depth=26 w=7.9787874919e+35 Shat=4.0000000000e+00 Lhat=0.0000000000e+00
KNUTH_SUBTREE root=5095 depth=26 w=1.5054666706e+37 Shat=2.1550000000e+01 Lhat=0.0000000000e+00
KNUTH_SUBTREE root=5096 depth=26 w=3.0129123125e+37 Shat=2.6768400000e+02 Lhat=0.0000000000e+00
KNUTH_SUBTREE root=5097 depth=26 w=3.0077258556e+37 Shat=5.5299000000e+02 Lhat=0.0000000000e+00
KNUTH_SUBTREE root=5098 depth=26 w=5.8857551669e+36 Shat=2.9385460000e+03 Lhat=0.0000000000e+00
KNUTH_SUBTREE root=5099 depth=26 w=3.0992685036e+37 Shat=1.7667040000e+03 Lhat=0.0000000000e+00
KNUTH_SUBTREE root=5100 depth=26 w=2.6608513522e+36 Shat=3.5302300000e+02 Lhat=0.0000000000e+00
KNUTH_SUBTREE root=5101 depth=26 w=4.3684384753e+36 Shat=7.0252000000e+02 Lhat=0.0000000000e+00
KNUTH_SUBTREE root=5102 depth=26 w=2.8133659056e+37 Shat=5.2868000000e+02 Lhat=0.0000000000e+00
KNUTH_SUBTREE root=5103 depth=26 w=3.6080233646e+36 Shat=7.8986800000e+03 Lhat=0.0000000000e+00
KNUTH_SUBTREE root=5104 depth=26 w=3.0201621434e+36 Shat=2.8908550000e+03 Lhat=0.0000000000e+00
KNUTH_SUBTREE root=5105 depth=26 w=3.2127760500e+36 Shat=3.6173200000e+03 Lhat=4.6080000000e+02
KNUTH_SUBTREE root=5106 depth=26 w=2.2105287012e+37 Shat=1.7596400000e+03 Lhat=0.0000000000e+00
KNUTH_SUBTREE root=5107 depth=26 w=2.4655247061e+36 Shat=1.6000000000e+01 Lhat=0.0000000000e+00
KNUTH_SUBTREE root=5108 depth=26 w=1.9490171848e+36 Shat=1.4193460000e+03 Lhat=0.0000000000e+00
KNUTH_SUBTREE root=5109 depth=26 w=3.4780123406e+36 Shat=4.3570000000e+01 Lhat=0.0000000000e+00
KNUTH_SUBTREE root=5110 depth=26 w=1.6674250529e+37 Shat=1.1039080000e+03 Lhat=0.0000000000e+00
KNUTH_SUBTREE root=5111 depth=26 w=9.3375146000e+36 Shat=1.5365000000e+02 Lhat=0.0000000000e+00
KNUTH_SUBTREE root=5112 depth=26 w=4.8199216139e+36 Shat=6.5536000000e+01 Lhat=0.0000000000e+00
KNUTH_SUBTREE root=5113 depth=26 w=1.9862896533e+37 Shat=1.0928800000e+02 Lhat=0.0000000000e+00
KNUTH_SUBTREE root=5114 depth=26 w=3.9005924014e+36 Shat=3.8466000000e+02 Lhat=0.0000000000e+00
KNUTH_SUBTREE root=5115 depth=26 w=5.3534000313e+36 Shat=2.6568350000e+03 Lhat=0.0000000000e+00
KNUTH_SUBTREE root=5116 depth=26 w=2.6956849349e+37 Shat=7.6360600000e+03 Lhat=0.0000000000e+00
KNUTH_SUBTREE root=5117 depth=26 w=9.6355261858e+36 Shat=6.5452000000e+01 Lhat=0.0000000000e+00
KNUTH_SUBTREE root=5118 depth=26 w=3.3478315604e+37 Shat=3.1591110000e+03 Lhat=0.0000000000e+00
KNUTH_SUBTREE root=5119 depth=26 w=2.8299448964e+37 Shat=3.3036000000e+02 Lhat=0.0000000000e+00
KNUTH_SUBTREE root=5120 depth=26 w=4.2220891069e+36 Shat=3.1323000000e+02 Lhat=0.0000000000e+00
KNUTH_SUBTREE root=5121 depth=26 w=6.1003847676e+36 Shat=1.8112000000e+01 Lhat=0.0000000000e+00
KNUTH_SUBTREE root=5122 depth=26 w=1.9808893879e+37 Shat=7.3636000000e+01 Lhat=0.0000000000e+00
KNUTH_SUBTREE root=5123 depth=26 w=2.6672907049e+37 Shat=2.2912990000e+03 Lhat=0.0000000000e+00
KNUTH_SUBTREE root=5124 depth=26 w=3.2181971430e+37 Shat=6.5210600000e+03 Lhat=0.0000000000e+00
KNUTH_SUBTREE root=5125 depth=26 w=7.5981175448e+34 Shat=3.0000000000e+00 Lhat=0.0000000000e+00
KNUTH_SUBTREE root=5126 depth=26 w=2.3742544247e+37 Shat=1.5646200000e+03 Lhat=0.0000000000e+00
KNUTH_SUBTREE root=5127 depth=26 w=2.7027637486e+36 Shat=8.4780000000e+02 Lhat=0.0000000000e+00
KNUTH_SUBTREE root=5128 depth=26 w=1.0106335540e+37 Shat=3.0761490000e+03 Lhat=0.0000000000e+00
KNUTH_SUBTREE root=5129 depth=26 w=2.6125656446e+35 Shat=1.2222400000e+02 Lhat=0.0000000000e+00
KNUTH_SUBTREE root=5130 depth=26 w=7.4860394014e+36 Shat=3.2147680000e+03 Lhat=0.0000000000e+00
KNUTH_SUBTREE root=5131 depth=26 w=2.7719709055e+36 Shat=2.9501800000e+02 Lhat=0.0000000000e+00
KNUTH_SUBTREE root=5132 depth=26 w=8.4483867364e+35 Shat=1.3960000000e+01 Lhat=0.0000000000e+00
KNUTH_SUBTREE root=5133 depth=26 w=1.0265024499e+36 Shat=1.8280000000e+01 Lhat=0.0000000000e+00
KNUTH_SUBTREE root=5134 depth=26 w=2.5462652896e+37 Shat=8.8432200000e+02 Lhat=0.0000000000e+00
KNUTH_SUBTREE root=5135 depth=26 w=5.5365930265e+36 Shat=5.8414960000e+03 Lhat=0.0000000000e+00
KNUTH_SUBTREE root=5136 depth=26 w=8.2594527967e+36 Shat=1.6407000000e+02 Lhat=0.0000000000e+00
KNUTH_SUBTREE root=5137 depth=26 w=2.6867078144e+37 Shat=1.5904480000e+03 Lhat=0.0000000000e+00
KNUTH_SUBTREE root=5138 depth=26 w=3.2127227765e+36 Shat=1.6754320000e+03 Lhat=0.0000000000e+00
KNUTH_SUBTREE root=5139 depth=26 w=1.9263266956e+36 Shat=1.7976000000e+01 Lhat=0.0000000000e+00
KNUTH_SUBTREE root=5140 depth=26 w=2.5569420572e+36 Shat=2.3803000000e+02 Lhat=0.0000000000e+00
KNUTH_SUBTREE root=5141 depth=26 w=7.0431103565e+35 Shat=5.0000000000e+00 Lhat=0.0000000000e+00
KNUTH_SUBTREE root=5142 depth=26 w=1.8613767571e+36 Shat=9.0000000000e+00 Lhat=0.0000000000e+00
KNUTH_SUBTREE root=5143 depth=26 w=7.7803647774e+36 Shat=5.3152000000e+01 Lhat=0.0000000000e+00
KNUTH_SUBTREE root=5144 depth=26 w=7.8206573571e+36 Shat=1.7836300000e+03 Lhat=0.0000000000e+00
KNUTH_SUBTREE root=5145 depth=26 w=2.0561596435e+36 Shat=1.6489870000e+03 Lhat=0.0000000000e+00
KNUTH_SUBTREE root=5146 depth=26 w=3.2743541311e+37 Shat=3.0178710000e+03 Lhat=0.0000000000e+00
KNUTH_SUBTREE root=5147 depth=26 w=1.7711473711e+36 Shat=1.7032000000e+01 Lhat=0.0000000000e+00
KNUTH_SUBTREE root=5148 depth=26 w=1.5785666806e+37 Shat=2.0414800000e+02 Lhat=0.0000000000e+00
KNUTH_SUBTREE root=5149 depth=26 w=4.7798815807e+36 Shat=5.8640000000e+01 Lhat=0.0000000000e+00
KNUTH_SUBTREE root=5150 depth=26 w=2.4144858928e+37 Shat=4.6762000000e+02 Lhat=0.0000000000e+00
KNUTH_SUBTREE root=5151 depth=26 w=1.2804368537e+37 Shat=1.8545200000e+02 Lhat=0.0000000000e+00
KNUTH_SUBTREE root=5152 depth=26 w=2.0861364426e+37 Shat=3.6383920000e+03 Lhat=0.0000000000e+00
KNUTH_SUBTREE root=5153 depth=26 w=6.1090243080e+36 Shat=6.2743200000e+02 Lhat=0.0000000000e+00
KNUTH_SUBTREE root=5154 depth=26 w=1.4625972426e+37 Shat=1.0556060000e+03 Lhat=0.0000000000e+00
KNUTH_SUBTREE root=5155 depth=26 w=2.4246029801e+37 Shat=1.3000000000e+01 Lhat=0.0000000000e+00
KNUTH_SUBTREE root=5156 depth=26 w=5.4160348476e+36 Shat=1.6061640000e+03 Lhat=8.0817000000e+01
KNUTH_SUBTREE root=5157 depth=26 w=3.5188190758e+36 Shat=1.9018000000e+02 Lhat=0.0000000000e+00
KNUTH_SUBTREE root=5158 depth=26 w=2.3233061107e+36 Shat=3.6562700000e+03 Lhat=0.0000000000e+00
KNUTH_SUBTREE root=5159 depth=26 w=2.9841836445e+37 Shat=1.2807520000e+03 Lhat=0.0000000000e+00
KNUTH_SUBTREE root=5160 depth=26 w=4.5834110927e+36 Shat=3.7056900000e+03 Lhat=0.0000000000e+00
KNUTH_SUBTREE root=5161 depth=26 w=2.5547680906e+37 Shat=1.9068400000e+03 Lhat=0.0000000000e+00
KNUTH_SUBTREE root=5162 depth=26 w=4.5178476968e+36 Shat=6.4409700000e+03 Lhat=0.0000000000e+00
KNUTH_SUBTREE root=5163 depth=26 w=4.9031013175e+36 Shat=2.0039040000e+03 Lhat=0.0000000000e+00
KNUTH_SUBTREE root=5164 depth=26 w=2.9462279395e+37 Shat=6.7495000000e+02 Lhat=0.0000000000e+00
KNUTH_SUBTREE root=5165 depth=26 w=9.1456942352e+35 Shat=3.0000000000e+00 Lhat=0.0000000000e+00
KNUTH_SUBTREE root=5166 depth=26 w=6.8844408504e+36 Shat=7.0000000000e+00 Lhat=0.0000000000e+00
KNUTH_SUBTREE root=5167 depth=26 w=9.1884209767e+36 Shat=3.9993000000e+02 Lhat=0.0000000000e+00
KNUTH_SUBTREE root=5168 depth=26 w=6.1529360935e+36 Shat=2.1672200000e+03 Lhat=0.0000000000e+00
KNUTH_SUBTREE root=5169 depth=26 w=1.1432572935e+37 Shat=1.7343880000e+03 Lhat=0.0000000000e+00
KNUTH_SUBTREE root=5170 depth=26 w=3.4492182139e+37 Shat=2.4318100000e+02 Lhat=0.0000000000e+00
KNUTH_SUBTREE root=5171 depth=26 w=2.9158609988e+37 Shat=5.9024230000e+03 Lhat=4.1888000000e+01
KNUTH_SUBTREE root=5172 depth=26 w=3.5636816821e+36 Shat=1.3000000000e+01 Lhat=0.0000000000e+00
KNUTH_SUBTREE root=5173 depth=26 w=5.4933629856e+35 Shat=1.4059000000e+01 Lhat=0.0000000000e+00
KNUTH_SUBTREE root=5174 depth=26 w=3.1448675042e+36 Shat=9.4849600000e+02 Lhat=0.0000000000e+00
KNUTH_SUBTREE root=5175 depth=26 w=1.1671914422e+37 Shat=3.0098000000e+03 Lhat=0.0000000000e+00
KNUTH_SUBTREE root=5176 depth=26 w=3.3853919142e+36 Shat=1.1424100000e+03 Lhat=1.2760000000e+02
KNUTH_SUBTREE root=5177 depth=26 w=5.1616614330e+36 Shat=4.3205000000e+03 Lhat=0.0000000000e+00
KNUTH_SUBTREE root=5178 depth=26 w=9.9977038218e+36 Shat=9.6746000000e+02 Lhat=0.0000000000e+00
KNUTH_SUBTREE root=5179 depth=26 w=1.3830766230e+37 Shat=1.3000000000e+01 Lhat=0.0000000000e+00
KNUTH_SUBTREE root=5180 depth=26 w=1.5544216503e+37 Shat=5.5791900000e+02 Lhat=0.0000000000e+00
KNUTH_SUBTREE root=5181 depth=26 w=9.4790328836e+36 Shat=1.5452140000e+03 Lhat=0.0000000000e+00
KNUTH_SUBTREE root=5182 depth=26 w=1.2455260135e+37 Shat=1.2873200000e+03 Lhat=0.0000000000e+00
KNUTH_SUBTREE root=5183 depth=26 w=7.4234153937e+35 Shat=2.7000000000e+01 Lhat=0.0000000000e+00
KNUTH_SUBTREE root=5184 depth=26 w=1.7844631504e+36 Shat=6.5532640000e+03 Lhat=0.0000000000e+00
KNUTH_SUBTREE root=5185 depth=26 w=7.9902178654e+36 Shat=1.5000030000e+03 Lhat=0.0000000000e+00
KNUTH_SUBTREE root=5186 depth=26 w=2.5982986265e+37 Shat=1.9692960000e+03 Lhat=0.0000000000e+00
KNUTH_SUBTREE root=5187 depth=26 w=1.5386638643e+37 Shat=1.3311100000e+03 Lhat=0.0000000000e+00
KNUTH_SUBTREE root=5188 depth=26 w=3.4379433726e+36 Shat=7.9000000000e+01 Lhat=0.0000000000e+00
KNUTH_SUBTREE root=5189 depth=26 w=5.5934417911e+36 Shat=3.5050000000e+03 Lhat=0.0000000000e+00
KNUTH_SUBTREE root=5190 depth=26 w=4.6217150353e+36 Shat=3.8469900000e+03 Lhat=0.0000000000e+00
KNUTH_SUBTREE root=5191 depth=26 w=2.3970573894e+37 Shat=2.7202660000e+03 Lhat=0.0000000000e+00
KNUTH_SUBTREE root=5192 depth=26 w=1.6569015807e+37 Shat=6.5986000000e+01 Lhat=0.0000000000e+00
KNUTH_SUBTREE root=5193 depth=26 w=2.8557597942e+36 Shat=1.8161800000e+03 Lhat=0.0000000000e+00
KNUTH_SUBTREE root=5194 depth=26 w=2.1232855698e+36 Shat=2.5010000000e+01 Lhat=0.0000000000e+00
KNUTH_SUBTREE root=5195 depth=26 w=2.8510764219e+37 Shat=2.7130280000e+03 Lhat=0.0000000000e+00
KNUTH_SUBTREE root=5196 depth=26 w=3.2969661176e+35 Shat=3.0000000000e+00 Lhat=0.0000000000e+00
KNUTH_SUBTREE root=5197 depth=26 w=3.8840845028e+36 Shat=5.8384800000e+02 Lhat=0.0000000000e+00
KNUTH_SUBTREE root=5198 depth=26 w=1.3512078520e+37 Shat=6.8308000000e+01 Lhat=0.0000000000e+00
KNUTH_SUBTREE root=5199 depth=26 w=7.3587505970e+36 Shat=2.9008000000e+01 Lhat=0.0000000000e+00
KNUTH_SUBTREE root=5200 depth=26 w=7.3029793998e+36 Shat=2.8475000000e+02 Lhat=0.0000000000e+00
KNUTH_SUBTREE root=5201 depth=26 w=6.5494245977e+36 Shat=8.0590000000e+00 Lhat=0.0000000000e+00
KNUTH_SUBTREE root=5202 depth=26 w=3.2732849193e+37 Shat=7.0177000000e+02 Lhat=0.0000000000e+00
KNUTH_SUBTREE root=5203 depth=26 w=8.0549876909e+36 Shat=1.0020000000e+01 Lhat=0.0000000000e+00
KNUTH_SUBTREE root=5204 depth=26 w=6.4838888114e+36 Shat=4.5262360000e+03 Lhat=0.0000000000e+00
KNUTH_SUBTREE root=5205 depth=26 w=2.9257480983e+37 Shat=1.7430400000e+02 Lhat=0.0000000000e+00
KNUTH_SUBTREE root=5206 depth=26 w=2.7625926403e+36 Shat=1.3000000000e+01 Lhat=0.0000000000e+00
KNUTH_SUBTREE root=5207 depth=26 w=1.1502625167e+37 Shat=2.3404000000e+02 Lhat=0.0000000000e+00
KNUTH_SUBTREE root=5208 depth=26 w=1.0478842767e+36 Shat=6.0250000000e+00 Lhat=0.0000000000e+00
KNUTH_SUBTREE root=5209 depth=26 w=4.5614108205e+36 Shat=1.4668000000e+03 Lhat=0.0000000000e+00
KNUTH_SUBTREE root=5210 depth=26 w=3.6104446794e+37 Shat=1.3327660000e+03 Lhat=0.0000000000e+00
KNUTH_SUBTREE root=5211 depth=26 w=1.5769760295e+37 Shat=2.6241000000e+02 Lhat=0.0000000000e+00
KNUTH_SUBTREE root=5212 depth=26 w=6.7118537488e+36 Shat=1.7827200000e+02 Lhat=0.0000000000e+00
KNUTH_SUBTREE root=5213 depth=26 w=6.8444576253e+36 Shat=1.0382920000e+03 Lhat=0.0000000000e+00
KNUTH_SUBTREE root=5214 depth=26 w=8.5995420806e+36 Shat=2.5708000000e+02 Lhat=0.0000000000e+00
KNUTH_SUBTREE root=5215 depth=26 w=1.4527755336e+37 Shat=2.4148000000e+01 Lhat=0.0000000000e+00
KNUTH_SUBTREE root=5216 depth=26 w=7.3973626673e+36 Shat=4.9740000000e+02 Lhat=0.0000000000e+00
KNUTH_SUBTREE root=5217 depth=26 w=2.9471869043e+37 Shat=4.0114800000e+02 Lhat=0.0000000000e+00
KNUTH_SUBTREE root=5218 depth=26 w=3.7268212894e+36 Shat=2.0456030000e+03 Lhat=0.0000000000e+00
KNUTH_SUBTREE root=5219 depth=26 w=5.6427219420e+36 Shat=3.3228800000e+02 Lhat=0.0000000000e+00
KNUTH_SUBTREE root=5220 depth=26 w=3.1606469301e+36 Shat=2.9228800000e+02 Lhat=0.0000000000e+00
KNUTH_SUBTREE root=5221 depth=26 w=4.3335833102e+35 Shat=9.5165000000e+01 Lhat=0.0000000000e+00
KNUTH_SUBTREE root=5222 depth=26 w=1.9455354421e+37 Shat=2.2224600000e+03 Lhat=0.0000000000e+00
KNUTH_SUBTREE root=5223 depth=26 w=2.3192577356e+37 Shat=5.4113000000e+02 Lhat=0.0000000000e+00
KNUTH_SUBTREE root=5224 depth=26 w=5.8193785813e+35 Shat=5.2900000000e+01 Lhat=0.0000000000e+00
KNUTH_SUBTREE root=5225 depth=26 w=9.4408965754e+35 Shat=3.0000000000e+00 Lhat=0.0000000000e+00
KNUTH_SUBTREE root=5226 depth=26 w=1.4646368540e+36 Shat=1.0000000000e+00 Lhat=0.0000000000e+00
KNUTH_SUBTREE root=5227 depth=26 w=2.2663089576e+36 Shat=5.5936000000e+01 Lhat=0.0000000000e+00
KNUTH_SUBTREE root=5228 depth=26 w=8.0359039008e+36 Shat=1.6829200000e+03 Lhat=0.0000000000e+00
KNUTH_SUBTREE root=5229 depth=26 w=7.9085269777e+36 Shat=1.8964300000e+02 Lhat=0.0000000000e+00
KNUTH_SUBTREE root=5230 depth=26 w=2.2573802010e+35 Shat=4.0000000000e+01 Lhat=0.0000000000e+00
KNUTH_SUBTREE root=5231 depth=26 w=1.6094189542e+37 Shat=1.5076000000e+01 Lhat=0.0000000000e+00
KNUTH_SUBTREE root=5232 depth=26 w=2.7722434772e+37 Shat=4.2860500000e+03 Lhat=0.0000000000e+00
KNUTH_SUBTREE root=5233 depth=26 w=3.4014576300e+36 Shat=2.0588240000e+03 Lhat=0.0000000000e+00
KNUTH_SUBTREE root=5234 depth=26 w=2.9445135226e+37 Shat=2.6073190000e+03 Lhat=0.0000000000e+00
KNUTH_SUBTREE root=5235 depth=26 w=2.7297591415e+37 Shat=1.4112720000e+03 Lhat=0.0000000000e+00
KNUTH_SUBTREE root=5236 depth=26 w=4.3683492877e+35 Shat=3.0208000000e+01 Lhat=0.0000000000e+00
KNUTH_SUBTREE root=5237 depth=26 w=1.3888519369e+37 Shat=7.5304000000e+01 Lhat=0.0000000000e+00
KNUTH_SUBTREE root=5238 depth=26 w=2.7702215600e+37 Shat=2.8893600000e+02 Lhat=0.0000000000e+00
KNUTH_SUBTREE root=5239 depth=26 w=1.0046702803e+37 Shat=1.9930000000e+03 Lhat=0.0000000000e+00
KNUTH_SUBTREE root=5240 depth=26 w=2.5430545091e+37 Shat=2.4178600000e+02 Lhat=0.0000000000e+00
KNUTH_SUBTREE root=5241 depth=26 w=6.4560245359e+35 Shat=1.2200000000e+01 Lhat=0.0000000000e+00
KNUTH_SUBTREE root=5242 depth=26 w=8.1212052884e+36 Shat=4.7602000000e+01 Lhat=0.0000000000e+00
KNUTH_SUBTREE root=5243 depth=26 w=8.6573933785e+36 Shat=4.7556800000e+02 Lhat=0.0000000000e+00
KNUTH_SUBTREE root=5244 depth=26 w=1.0207775651e+37 Shat=3.9373240000e+03 Lhat=0.0000000000e+00
KNUTH_SUBTREE root=5245 depth=26 w=1.1093536547e+36 Shat=2.3776000000e+01 Lhat=0.0000000000e+00
KNUTH_SUBTREE root=5246 depth=26 w=4.1851035496e+36 Shat=2.3246640000e+03 Lhat=0.0000000000e+00
KNUTH_SUBTREE root=5247 depth=26 w=2.1888942212e+36 Shat=1.3000000000e+01 Lhat=0.0000000000e+00
KNUTH_SUBTREE root=5248 depth=26 w=1.7629318747e+37 Shat=1.3808620000e+03 Lhat=0.0000000000e+00
KNUTH_SUBTREE root=5249 depth=26 w=2.4284602648e+37 Shat=3.4461000000e+02 Lhat=0.0000000000e+00
KNUTH_SUBTREE root=5250 depth=26 w=2.6499428082e+37 Shat=3.0455600000e+02 Lhat=0.0000000000e+00
KNUTH_SUBTREE root=5251 depth=26 w=3.9596441975e+36 Shat=2.3816800000e+02 Lhat=0.0000000000e+00
KNUTH_SUBTREE root=5252 depth=26 w=4.1269737927e+36 Shat=1.2300880000e+03 Lhat=0.0000000000e+00
KNUTH_SUBTREE root=5253 depth=26 w=3.2808826465e+36 Shat=2.7520980000e+03 Lhat=0.0000000000e+00
KNUTH_SUBTREE root=5254 depth=26 w=3.0251148102e+36 Shat=6.9320000000e+00 Lhat=0.0000000000e+00
KNUTH_SUBTREE root=5255 depth=26 w=4.9799083939e+36 Shat=1.9594840000e+03 Lhat=0.0000000000e+00
KNUTH_SUBTREE root=5256 depth=26 w=2.7077314684e+37 Shat=2.4312280000e+03 Lhat=0.0000000000e+00
KNUTH_SUBTREE root=5257 depth=26 w=2.3683645623e+37 Shat=6.6037300000e+02 Lhat=0.0000000000e+00
KNUTH_SUBTREE root=5258 depth=26 w=2.5363127787e+37 Shat=3.3795950000e+03 Lhat=0.0000000000e+00
KNUTH_SUBTREE root=5259 depth=26 w=1.9546881336e+36 Shat=1.5228500000e+03 Lhat=0.0000000000e+00
KNUTH_SUBTREE root=5260 depth=26 w=6.3042013894e+34 Shat=1.5212400000e+03 Lhat=3.2150400000e+02
KNUTH_SUBTREE root=5261 depth=26 w=6.3543762692e+36 Shat=1.7289040000e+03 Lhat=0.0000000000e+00
KNUTH_SUBTREE root=5262 depth=26 w=4.0899188706e+36 Shat=3.4011400000e+03 Lhat=0.0000000000e+00
KNUTH_SUBTREE root=5263 depth=26 w=6.6989188288e+35 Shat=1.3000000000e+01 Lhat=0.0000000000e+00
KNUTH_SUBTREE root=5264 depth=26 w=1.8474785689e+37 Shat=4.1832880000e+03 Lhat=0.0000000000e+00
KNUTH_SUBTREE root=5265 depth=26 w=2.0052317081e+36 Shat=5.4760000000e+01 Lhat=0.0000000000e+00
KNUTH_SUBTREE root=5266 depth=26 w=4.3539659825e+36 Shat=2.2276000000e+02 Lhat=0.0000000000e+00
KNUTH_SUBTREE root=5267 depth=26 w=5.1777145151e+36 Shat=1.9456390000e+03 Lhat=0.0000000000e+00
KNUTH_SUBTREE root=5268 depth=26 w=7.3570457421e+36 Shat=3.8420100000e+02 Lhat=0.0000000000e+00
KNUTH_SUBTREE root=5269 depth=26 w=3.0124624365e+37 Shat=2.0536990000e+03 Lhat=0.0000000000e+00
KNUTH_SUBTREE root=5270 depth=26 w=2.0568770314e+34 Shat=3.0000000000e+00 Lhat=0.0000000000e+00
KNUTH_SUBTREE root=5271 depth=26 w=1.6831654826e+36 Shat=7.7692600000e+02 Lhat=0.0000000000e+00
KNUTH_SUBTREE root=5272 depth=26 w=7.0039926167e+36 Shat=2.9676000000e+02 Lhat=0.0000000000e+00
KNUTH_SUBTREE root=5273 depth=26 w=2.6939518597e+37 Shat=3.2295200000e+02 Lhat=0.0000000000e+00
KNUTH_SUBTREE root=5274 depth=26 w=1.3735427484e+37 Shat=1.5648700000e+03 Lhat=0.0000000000e+00
KNUTH_SUBTREE root=5275 depth=26 w=2.9465100828e+37 Shat=6.2421580000e+03 Lhat=0.0000000000e+00
KNUTH_SUBTREE root=5276 depth=26 w=1.3783324003e+36 Shat=1.3000000000e+01 Lhat=0.0000000000e+00
KNUTH_SUBTREE root=5277 depth=26 w=5.3790734101e+36 Shat=8.4029800000e+02 Lhat=0.0000000000e+00
KNUTH_SUBTREE root=5278 depth=26 w=1.1086372629e+37 Shat=9.2910000000e+01 Lhat=0.0000000000e+00
KNUTH_SUBTREE root=5279 depth=26 w=1.7201497877e+37 Shat=1.5192700000e+02 Lhat=0.0000000000e+00
KNUTH_SUBTREE root=5280 depth=26 w=3.4417330335e+37 Shat=1.9023800000e+03 Lhat=0.0000000000e+00
KNUTH_SUBTREE root=5281 depth=26 w=3.1647687333e+37 Shat=4.7648100000e+03 Lhat=0.0000000000e+00
KNUTH_SUBTREE root=5282 depth=26 w=1.5057828459e+36 Shat=7.9000000000e+01 Lhat=0.0000000000e+00
KNUTH_SUBTREE root=5283 depth=26 w=8.0554086247e+36 Shat=3.5848220000e+03 Lhat=0.0000000000e+00
KNUTH_SUBTREE root=5284 depth=26 w=1.2826623877e+37 Shat=1.8343000000e+02 Lhat=0.0000000000e+00
KNUTH_SUBTREE root=5285 depth=26 w=5.6871047009e+36 Shat=8.4552000000e+01 Lhat=0.0000000000e+00
KNUTH_SUBTREE root=5286 depth=26 w=3.9322934992e+36 Shat=1.7259700000e+03 Lhat=0.0000000000e+00
KNUTH_SUBTREE root=5287 depth=26 w=2.3106502293e+37 Shat=5.2332400000e+02 Lhat=0.0000000000e+00
KNUTH_SUBTREE root=5288 depth=26 w=2.0943027209e+37 Shat=5.0000000000e+00 Lhat=0.0000000000e+00
KNUTH_SUBTREE root=5289 depth=26 w=1.4329284286e+36 Shat=6.3875000000e+02 Lhat=0.0000000000e+00
KNUTH_SUBTREE root=5290 depth=26 w=9.8839767697e+36 Shat=8.4108200000e+03 Lhat=0.0000000000e+00
KNUTH_SUBTREE root=5291 depth=26 w=1.1199799086e+37 Shat=3.7782190000e+03 Lhat=0.0000000000e+00
KNUTH_SUBTREE root=5292 depth=26 w=1.3442453417e+37 Shat=1.4672980000e+03 Lhat=0.0000000000e+00
KNUTH_SUBTREE root=5293 depth=26 w=2.7232555339e+37 Shat=2.7845720000e+03 Lhat=0.0000000000e+00
KNUTH_SUBTREE root=5294 depth=26 w=2.1444774881e+37 Shat=3.1075120000e+03 Lhat=0.0000000000e+00
KNUTH_SUBTREE root=5295 depth=26 w=1.9411383615e+37 Shat=1.8610300000e+02 Lhat=0.0000000000e+00
KNUTH_SUBTREE root=5296 depth=26 w=3.3830912839e+37 Shat=3.0496500000e+03 Lhat=6.4890000000e+01
KNUTH_SUBTREE root=5297 depth=26 w=5.2094318741e+36 Shat=1.6745400000e+03 Lhat=0.0000000000e+00
KNUTH_SUBTREE root=5298 depth=26 w=9.8270294058e+36 Shat=4.2961500000e+02 Lhat=0.0000000000e+00
KNUTH_SUBTREE root=5299 depth=26 w=9.9148923966e+36 Shat=3.4578600000e+03 Lhat=0.0000000000e+00
KNUTH_SUBTREE root=5300 depth=26 w=6.2551358445e+36 Shat=1.2569230000e+03 Lhat=0.0000000000e+00
KNUTH_SUBTREE root=5301 depth=26 w=2.9503659048e+37 Shat=3.2110200000e+03 Lhat=0.0000000000e+00
KNUTH_SUBTREE root=5302 depth=26 w=1.1716137241e+37 Shat=1.2314314000e+04 Lhat=0.0000000000e+00
KNUTH_SUBTREE root=5303 depth=26 w=7.4327559132e+36 Shat=2.7848600000e+03 Lhat=0.0000000000e+00
KNUTH_SUBTREE root=5304 depth=26 w=5.4992703412e+36 Shat=5.0000000000e+00 Lhat=0.0000000000e+00
KNUTH_SUBTREE root=5305 depth=26 w=1.3445344208e+37 Shat=3.8436000000e+01 Lhat=0.0000000000e+00
KNUTH_SUBTREE root=5306 depth=26 w=5.5163397034e+36 Shat=1.5270040000e+03 Lhat=0.0000000000e+00
KNUTH_SUBTREE root=5307 depth=26 w=1.0028846766e+37 Shat=9.5686300000e+02 Lhat=0.0000000000e+00
KNUTH_SUBTREE root=5308 depth=26 w=2.1839964826e+36 Shat=1.9140000000e+01 Lhat=0.0000000000e+00
KNUTH_SUBTREE root=5309 depth=26 w=1.8637959126e+37 Shat=2.0516200000e+03 Lhat=0.0000000000e+00
KNUTH_SUBTREE root=5310 depth=26 w=5.3857576632e+36 Shat=5.3013970000e+03 Lhat=0.0000000000e+00
KNUTH_SUBTREE root=5311 depth=26 w=6.9461487346e+34 Shat=9.0000000000e+00 Lhat=0.0000000000e+00
KNUTH_SUBTREE root=5312 depth=26 w=1.4014326864e+37 Shat=5.8785600000e+02 Lhat=0.0000000000e+00
KNUTH_SUBTREE root=5313 depth=26 w=3.0215161518e+36 Shat=1.4403460000e+03 Lhat=0.0000000000e+00
KNUTH_SUBTREE root=5314 depth=26 w=7.0787462205e+36 Shat=2.9143830000e+03 Lhat=0.0000000000e+00
KNUTH_SUBTREE root=5315 depth=26 w=1.1593266826e+36 Shat=3.0000000000e+00 Lhat=0.0000000000e+00
KNUTH_SUBTREE root=5316 depth=26 w=9.8271428302e+35 Shat=1.0492000000e+02 Lhat=0.0000000000e+00
KNUTH_SUBTREE root=5317 depth=26 w=6.8067084516e+36 Shat=8.0664000000e+02 Lhat=0.0000000000e+00
KNUTH_SUBTREE root=5318 depth=26 w=7.3890379301e+36 Shat=8.9168000000e+02 Lhat=0.0000000000e+00
KNUTH_SUBTREE root=5319 depth=26 w=4.8890640620e+36 Shat=1.3336480000e+03 Lhat=0.0000000000e+00
KNUTH_SUBTREE root=5320 depth=26 w=9.3843399180e+35 Shat=1.0000000000e+00 Lhat=0.0000000000e+00
KNUTH_SUBTREE root=5321 depth=26 w=3.3959534514e+36 Shat=1.4612720000e+03 Lhat=0.0000000000e+00
KNUTH_SUBTREE root=5322 depth=26 w=3.3402258783e+36 Shat=4.7839320000e+03 Lhat=0.0000000000e+00
KNUTH_SUBTREE root=5323 depth=26 w=1.0755621952e+36 Shat=5.8496000000e+01 Lhat=0.0000000000e+00
KNUTH_SUBTREE root=5324 depth=26 w=3.3173647353e+36 Shat=8.5347200000e+02 Lhat=0.0000000000e+00
KNUTH_SUBTREE root=5325 depth=26 w=2.9692448397e+37 Shat=1.7767300000e+02 Lhat=0.0000000000e+00
KNUTH_SUBTREE root=5326 depth=26 w=1.0980009323e+37 Shat=1.0365760000e+03 Lhat=0.0000000000e+00
KNUTH_SUBTREE root=5327 depth=26 w=1.5657906042e+37 Shat=8.9360000000e+00 Lhat=0.0000000000e+00
KNUTH_SUBTREE root=5328 depth=26 w=2.7108998632e+37 Shat=3.6551450000e+03 Lhat=0.0000000000e+00
KNUTH_SUBTREE root=5329 depth=26 w=1.0140405177e+37 Shat=4.0942000000e+01 Lhat=0.0000000000e+00
KNUTH_SUBTREE root=5330 depth=26 w=1.0602253180e+37 Shat=1.0883440000e+03 Lhat=0.0000000000e+00
KNUTH_SUBTREE root=5331 depth=26 w=5.6068620664e+35 Shat=1.1000000000e+01 Lhat=0.0000000000e+00
KNUTH_SUBTREE root=5332 depth=26 w=2.9604379400e+36 Shat=3.9752000000e+01 Lhat=0.0000000000e+00
KNUTH_SUBTREE root=5333 depth=26 w=2.4946011294e+37 Shat=2.1150400000e+03 Lhat=0.0000000000e+00
KNUTH_SUBTREE root=5334 depth=26 w=6.7721819130e+36 Shat=2.3392920000e+03 Lhat=0.0000000000e+00
KNUTH_SUBTREE root=5335 depth=26 w=2.7060408540e+37 Shat=2.1878770000e+03 Lhat=0.0000000000e+00
KNUTH_SUBTREE root=5336 depth=26 w=9.2443281059e+36 Shat=2.2853200000e+03 Lhat=0.0000000000e+00
KNUTH_SUBTREE root=5337 depth=26 w=4.6106984043e+36 Shat=2.3391270000e+03 Lhat=0.0000000000e+00
KNUTH_SUBTREE root=5338 depth=26 w=1.4917473715e+37 Shat=4.1898520000e+03 Lhat=0.0000000000e+00
KNUTH_SUBTREE root=5339 depth=26 w=4.3708497314e+36 Shat=2.6065000000e+01 Lhat=0.0000000000e+00
KNUTH_SUBTREE root=5340 depth=26 w=6.7530978345e+36 Shat=1.9159600000e+02 Lhat=0.0000000000e+00
KNUTH_SUBTREE root=5341 depth=26 w=2.6693610218e+37 Shat=3.6116000000e+02 Lhat=0.0000000000e+00
KNUTH_SUBTREE root=5342 depth=26 w=4.8368822756e+36 Shat=1.9153000000e+01 Lhat=0.0000000000e+00
KNUTH_SUBTREE root=5343 depth=26 w=5.9954879412e+36 Shat=4.1017200000e+03 Lhat=0.0000000000e+00
KNUTH_SUBTREE root=5344 depth=26 w=1.0432379867e+37 Shat=1.0696560000e+03 Lhat=0.0000000000e+00
KNUTH_SUBTREE root=5345 depth=26 w=6.4191331540e+36 Shat=2.8145000000e+01 Lhat=0.0000000000e+00
KNUTH_SUBTREE root=5346 depth=26 w=2.8986938783e+37 Shat=7.0000000000e+00 Lhat=0.0000000000e+00
KNUTH_SUBTREE root=5347 depth=26 w=1.0512430513e+36 Shat=1.9844200000e+02 Lhat=0.0000000000e+00
KNUTH_SUBTREE root=5348 depth=26 w=1.6687315978e+36 Shat=1.2155680000e+03 Lhat=0.0000000000e+00
KNUTH_SUBTREE root=5349 depth=26 w=3.0176605391e+37 Shat=4.0518050000e+03 Lhat=0.0000000000e+00
KNUTH_SUBTREE root=5350 depth=26 w=2.7780193059e+37 Shat=1.8909700000e+03 Lhat=0.0000000000e+00
KNUTH_SUBTREE root=5351 depth=26 w=7.8695759184e+35 Shat=1.3000000000e+01 Lhat=0.0000000000e+00
KNUTH_SUBTREE root=5352 depth=26 w=4.8297884050e+36 Shat=4.1982400000e+02 Lhat=0.0000000000e+00
KNUTH_SUBTREE root=5353 depth=26 w=2.8915221130e+36 Shat=9.6955200000e+02 Lhat=0.0000000000e+00
KNUTH_SUBTREE root=5354 depth=26 w=6.2457716230e+36 Shat=7.7505900000e+02 Lhat=0.0000000000e+00
KNUTH_SUBTREE root=5355 depth=26 w=3.3478294855e+37 Shat=7.0197150000e+03 Lhat=2.6877400000e+02
KNUTH_SUBTREE root=5356 depth=26 w=2.3687472130e+37 Shat=1.3702120000e+03 Lhat=0.0000000000e+00
KNUTH_SUBTREE root=5357 depth=26 w=2.6546933152e+36 Shat=7.9000000000e+01 Lhat=0.0000000000e+00
KNUTH_SUBTREE root=5358 depth=26 w=3.6777633861e+36 Shat=1.8276000000e+02 Lhat=0.0000000000e+00
KNUTH_SUBTREE root=5359 depth=26 w=3.3618154590e+36 Shat=1.3919800000e+03 Lhat=0.0000000000e+00
KNUTH_SUBTREE root=5360 depth=26 w=4.7919014887e+36 Shat=8.9280000000e+00 Lhat=0.0000000000e+00
KNUTH_SUBTREE root=5361 depth=26 w=1.0483080213e+37 Shat=9.4150000000e+01 Lhat=0.0000000000e+00
KNUTH_SUBTREE root=5362 depth=26 w=1.4880954657e+36 Shat=4.9124000000e+01 Lhat=0.0000000000e+00
KNUTH_SUBTREE root=5363 depth=26 w=1.5586023593e+37 Shat=3.2712000000e+03 Lhat=0.0000000000e+00
KNUTH_SUBTREE root=5364 depth=26 w=3.1066211857e+37 Shat=2.2797400000e+02 Lhat=0.0000000000e+00
KNUTH_SUBTREE root=5365 depth=26 w=3.8177213351e+35 Shat=7.0000000000e+00 Lhat=0.0000000000e+00
KNUTH_SUBTREE root=5366 depth=26 w=4.2946052136e+36 Shat=1.1667600000e+02 Lhat=0.0000000000e+00
KNUTH_SUBTREE root=5367 depth=26 w=5.0077874692e+36 Shat=3.4594400000e+02 Lhat=0.0000000000e+00
KNUTH_SUBTREE root=5368 depth=26 w=4.8682398597e+36 Shat=1.4597800000e+02 Lhat=0.0000000000e+00
KNUTH_SUBTREE root=5369 depth=26 w=1.5221961322e+37 Shat=8.8011000000e+02 Lhat=0.0000000000e+00
KNUTH_SUBTREE root=5370 depth=26 w=2.3236276111e+36 Shat=8.5119000000e+02 Lhat=0.0000000000e+00
KNUTH_SUBTREE root=5371 depth=26 w=6.8633097225e+36 Shat=1.2608200000e+02 Lhat=0.0000000000e+00
KNUTH_SUBTREE root=5372 depth=26 w=1.1424299557e+37 Shat=5.2950000000e+01 Lhat=0.0000000000e+00
KNUTH_SUBTREE root=5373 depth=26 w=1.0082289288e+37 Shat=6.0441470000e+03 Lhat=1.3978800000e+02
KNUTH_SUBTREE root=5374 depth=26 w=6.9823001095e+36 Shat=9.5170400000e+02 Lhat=0.0000000000e+00
KNUTH_SUBTREE root=5375 depth=26 w=1.9269106374e+37 Shat=2.2652000000e+02 Lhat=0.0000000000e+00
KNUTH_SUBTREE root=5376 depth=26 w=1.0819953678e+37 Shat=1.2093000000e+03 Lhat=0.0000000000e+00
KNUTH_SUBTREE root=5377 depth=26 w=4.9673909893e+36 Shat=2.9187300000e+02 Lhat=0.0000000000e+00
KNUTH_SUBTREE root=5378 depth=26 w=3.7802738423e+36 Shat=1.7056000000e+01 Lhat=0.0000000000e+00
KNUTH_SUBTREE root=5379 depth=26 w=1.4880581535e+37 Shat=4.6608090000e+03 Lhat=3.3044000000e+02
KNUTH_SUBTREE root=5380 depth=26 w=7.0564135175e+36 Shat=4.2514000000e+02 Lhat=0.0000000000e+00
KNUTH_SUBTREE root=5381 depth=26 w=1.9145709647e+36 Shat=1.2333200000e+03 Lhat=0.0000000000e+00
KNUTH_SUBTREE root=5382 depth=26 w=1.0879114210e+37 Shat=5.5856800000e+02 Lhat=0.0000000000e+00
KNUTH_SUBTREE root=5383 depth=26 w=9.8569264165e+36 Shat=1.7892000000e+02 Lhat=0.0000000000e+00
KNUTH_SUBTREE root=5384 depth=26 w=2.8200016781e+35 Shat=5.9672000000e+01 Lhat=0.0000000000e+00
KNUTH_SUBTREE root=5385 depth=26 w=2.9366282468e+36 Shat=1.3000000000e+01 Lhat=0.0000000000e+00
KNUTH_SUBTREE root=5386 depth=26 w=1.5462847503e+36 Shat=3.0000000000e+00 Lhat=0.0000000000e+00
KNUTH_SUBTREE root=5387 depth=26 w=6.8783688273e+36 Shat=4.5953200000e+02 Lhat=0.0000000000e+00
KNUTH_SUBTREE root=5388 depth=26 w=5.7324354261e+36 Shat=1.3000000000e+01 Lhat=0.0000000000e+00
KNUTH_SUBTREE root=5389 depth=26 w=1.5995576420e+36 Shat=8.0840000000e+01 Lhat=0.0000000000e+00
KNUTH_SUBTREE root=5390 depth=26 w=3.0567598599e+37 Shat=2.6285600000e+03 Lhat=0.0000000000e+00
KNUTH_SUBTREE root=5391 depth=26 w=1.2879793464e+37 Shat=4.2852000000e+01 Lhat=0.0000000000e+00
KNUTH_SUBTREE root=5392 depth=26 w=4.0628975086e+35 Shat=3.0000000000e+00 Lhat=0.0000000000e+00
KNUTH_SUBTREE root=5393 depth=26 w=5.5997689836e+36 Shat=6.3957100000e+03 Lhat=0.0000000000e+00
KNUTH_SUBTREE root=5394 depth=26 w=1.0507426346e+37 Shat=1.8297000000e+01 Lhat=0.0000000000e+00
KNUTH_SUBTREE root=5395 depth=26 w=8.7105405725e+36 Shat=4.8689800000e+02 Lhat=0.0000000000e+00
KNUTH_SUBTREE root=5396 depth=26 w=5.0690927054e+36 Shat=1.3264400000e+02 Lhat=0.0000000000e+00
KNUTH_SUBTREE root=5397 depth=26 w=8.0613525178e+36 Shat=3.2150000000e+01 Lhat=0.0000000000e+00
KNUTH_SUBTREE root=5398 depth=26 w=6.7403723446e+36 Shat=1.5285000000e+02 Lhat=0.0000000000e+00
KNUTH_SUBTREE root=5399 depth=26 w=1.4983431839e+37 Shat=1.7556500000e+02 Lhat=0.0000000000e+00
KNUTH_SUBTREE root=5400 depth=26 w=3.1925315863e+37 Shat=1.6960700000e+03 Lhat=0.0000000000e+00
KNUTH_SUBTREE root=5401 depth=26 w=1.0712771588e+36 Shat=7.7554000000e+01 Lhat=0.0000000000e+00
KNUTH_SUBTREE root=5402 depth=26 w=1.0601233654e+37 Shat=5.1310600000e+02 Lhat=0.0000000000e+00
KNUTH_SUBTREE root=5403 depth=26 w=3.0250937844e+37 Shat=5.9482400000e+02 Lhat=0.0000000000e+00
KNUTH_SUBTREE root=5404 depth=26 w=1.0599573465e+37 Shat=1.5862150000e+03 Lhat=0.0000000000e+00
KNUTH_SUBTREE root=5405 depth=26 w=2.0620704550e+36 Shat=6.0797200000e+02 Lhat=0.0000000000e+00
KNUTH_SUBTREE root=5406 depth=26 w=2.3839540282e+36 Shat=1.6502800000e+02 Lhat=0.0000000000e+00
KNUTH_SUBTREE root=5407 depth=26 w=5.3586176077e+35 Shat=1.9114000000e+01 Lhat=0.0000000000e+00
KNUTH_SUBTREE root=5408 depth=26 w=1.4682515707e+37 Shat=1.6001470000e+03 Lhat=0.0000000000e+00
KNUTH_SUBTREE root=5409 depth=26 w=9.0698376175e+36 Shat=1.9551200000e+03 Lhat=0.0000000000e+00
KNUTH_SUBTREE root=5410 depth=26 w=2.6064145031e+37 Shat=2.5642750000e+03 Lhat=0.0000000000e+00
KNUTH_SUBTREE root=5411 depth=26 w=2.8574461328e+37 Shat=5.3158400000e+02 Lhat=0.0000000000e+00
KNUTH_SUBTREE root=5412 depth=26 w=7.8853739663e+36 Shat=2.2742960000e+03 Lhat=0.0000000000e+00
KNUTH_SUBTREE root=5413 depth=26 w=2.2144215641e+36 Shat=6.6914100000e+03 Lhat=0.0000000000e+00
KNUTH_SUBTREE root=5414 depth=26 w=3.6665666763e+36 Shat=1.0000000000e+00 Lhat=0.0000000000e+00
KNUTH_SUBTREE root=5415 depth=26 w=2.4084168837e+36 Shat=8.9920000000e+00 Lhat=0.0000000000e+00
KNUTH_SUBTREE root=5416 depth=26 w=2.9018173634e+37 Shat=1.1863540000e+03 Lhat=0.0000000000e+00
KNUTH_SUBTREE root=5417 depth=26 w=3.6622837207e+36 Shat=4.1249600000e+03 Lhat=0.0000000000e+00
KNUTH_SUBTREE root=5418 depth=26 w=2.9339660116e+37 Shat=5.1546100000e+03 Lhat=0.0000000000e+00
KNUTH_SUBTREE root=5419 depth=26 w=7.5340001855e+36 Shat=6.9857100000e+02 Lhat=0.0000000000e+00
KNUTH_SUBTREE root=5420 depth=26 w=5.7947035272e+36 Shat=5.0654200000e+03 Lhat=0.0000000000e+00
KNUTH_SUBTREE root=5421 depth=26 w=8.8231517780e+36 Shat=3.5771860000e+03 Lhat=0.0000000000e+00
KNUTH_SUBTREE root=5422 depth=26 w=7.5553194896e+36 Shat=2.1000000000e+01 Lhat=0.0000000000e+00
KNUTH_SUBTREE root=5423 depth=26 w=5.4184560304e+36 Shat=7.5483200000e+02 Lhat=0.0000000000e+00
KNUTH_SUBTREE root=5424 depth=26 w=5.6247391358e+36 Shat=1.3568820000e+03 Lhat=0.0000000000e+00
KNUTH_SUBTREE root=5425 depth=26 w=1.6200270869e+36 Shat=5.5054000000e+02 Lhat=0.0000000000e+00
KNUTH_SUBTREE root=5426 depth=26 w=2.9432054357e+37 Shat=4.3689160000e+03 Lhat=8.8584000000e+01
KNUTH_SUBTREE root=5427 depth=26 w=1.1322144712e+37 Shat=9.5116000000e+01 Lhat=0.0000000000e+00
KNUTH_SUBTREE root=5428 depth=26 w=2.1464629061e+37 Shat=9.0215170000e+03 Lhat=0.0000000000e+00
KNUTH_SUBTREE root=5429 depth=26 w=1.0929599853e+37 Shat=3.6572000000e+02 Lhat=0.0000000000e+00
KNUTH_SUBTREE root=5430 depth=26 w=5.7767446101e+36 Shat=1.3712000000e+02 Lhat=0.0000000000e+00
KNUTH_SUBTREE root=5431 depth=26 w=1.8248748800e+36 Shat=4.2400900000e+02 Lhat=0.0000000000e+00
KNUTH_SUBTREE root=5432 depth=26 w=2.5939041149e+37 Shat=4.6563160000e+03 Lhat=0.0000000000e+00
KNUTH_SUBTREE root=5433 depth=26 w=4.6684015348e+36 Shat=1.5561910000e+03 Lhat=0.0000000000e+00
KNUTH_SUBTREE root=5434 depth=26 w=2.7491620005e+36 Shat=1.2915520000e+03 Lhat=0.0000000000e+00
KNUTH_SUBTREE root=5435 depth=26 w=3.4807186094e+37 Shat=1.2319300000e+02 Lhat=0.0000000000e+00
KNUTH_SUBTREE root=5436 depth=26 w=1.0458165452e+37 Shat=8.8490000000e+01 Lhat=0.0000000000e+00
KNUTH_SUBTREE root=5437 depth=26 w=6.3998328116e+35 Shat=6.7530000000e+01 Lhat=0.0000000000e+00
KNUTH_SUBTREE root=5438 depth=26 w=1.3798090614e+37 Shat=1.2559000000e+02 Lhat=0.0000000000e+00
KNUTH_SUBTREE root=5439 depth=26 w=4.8471028342e+35 Shat=1.0000000000e+00 Lhat=0.0000000000e+00
KNUTH_SUBTREE root=5440 depth=26 w=1.1990989333e+37 Shat=2.3879000000e+02 Lhat=0.0000000000e+00
KNUTH_SUBTREE root=5441 depth=26 w=1.4937511249e+37 Shat=3.1255300000e+03 Lhat=0.0000000000e+00
KNUTH_SUBTREE root=5442 depth=26 w=1.3430999840e+37 Shat=3.9500000000e+00 Lhat=0.0000000000e+00
KNUTH_SUBTREE root=5443 depth=26 w=3.1028915017e+37 Shat=4.3983100000e+03 Lhat=0.0000000000e+00
KNUTH_SUBTREE root=5444 depth=26 w=1.4304075860e+37 Shat=3.4132870000e+03 Lhat=0.0000000000e+00
KNUTH_SUBTREE root=5445 depth=26 w=1.6592236239e+35 Shat=2.1000000000e+01 Lhat=0.0000000000e+00
KNUTH_SUBTREE root=5446 depth=26 w=3.1041264757e+37 Shat=3.9434400000e+03 Lhat=1.2270000000e+02
KNUTH_SUBTREE root=5447 depth=26 w=5.5207485009e+36 Shat=1.3069450000e+03 Lhat=0.0000000000e+00
KNUTH_SUBTREE root=5448 depth=26 w=1.2038051027e+37 Shat=7.3862200000e+03 Lhat=2.3468400000e+02
KNUTH_SUBTREE root=5449 depth=26 w=1.7490810823e+37 Shat=4.7325600000e+02 Lhat=0.0000000000e+00
KNUTH_SUBTREE root=5450 depth=26 w=4.6213439378e+36 Shat=2.2273120000e+03 Lhat=0.0000000000e+00
KNUTH_SUBTREE root=5451 depth=26 w=1.8307332718e+37 Shat=1.1604200000e+04 Lhat=0.0000000000e+00
KNUTH_SUBTREE root=5452 depth=26 w=7.8647208698e+36 Shat=7.9000000000e+01 Lhat=0.0000000000e+00
KNUTH_SUBTREE root=5453 depth=26 w=2.0389131292e+36 Shat=1.1026000000e+02 Lhat=0.0000000000e+00
KNUTH_SUBTREE root=5454 depth=26 w=9.5755511295e+36 Shat=4.0480000000e+03 Lhat=0.0000000000e+00
KNUTH_SUBTREE root=5455 depth=26 w=2.7300441472e+37 Shat=2.4560200000e+02 Lhat=0.0000000000e+00
KNUTH_SUBTREE root=5456 depth=26 w=2.8122641009e+37 Shat=2.8432800000e+02 Lhat=0.0000000000e+00
KNUTH_SUBTREE root=5457 depth=26 w=3.2635869559e+36 Shat=2.3781600000e+03 Lhat=0.0000000000e+00
KNUTH_SUBTREE root=5458 depth=26 w=1.8364867652e+37 Shat=2.8612000000e+02 Lhat=0.0000000000e+00
KNUTH_SUBTREE root=5459 depth=26 w=9.5394989364e+36 Shat=2.2067200000e+03 Lhat=0.0000000000e+00
KNUTH_SUBTREE root=5460 depth=26 w=3.4654510658e+37 Shat=4.0526800000e+03 Lhat=0.0000000000e+00
KNUTH_SUBTREE root=5461 depth=26 w=2.3692633907e+36 Shat=3.0087160000e+03 Lhat=0.0000000000e+00
KNUTH_SUBTREE root=5462 depth=26 w=3.7965518647e+36 Shat=2.2747120000e+03 Lhat=0.0000000000e+00
KNUTH_SUBTREE root=5463 depth=26 w=5.7525645477e+36 Shat=7.7757000000e+02 Lhat=0.0000000000e+00
KNUTH_SUBTREE root=5464 depth=26 w=6.5149410378e+36 Shat=4.4732000000e+01 Lhat=0.0000000000e+00
KNUTH_SUBTREE root=5465 depth=26 w=1.1864714344e+37 Shat=1.1920000000e+01 Lhat=0.0000000000e+00
KNUTH_SUBTREE root=5466 depth=26 w=1.0491976769e+37 Shat=3.6112200000e+02 Lhat=0.0000000000e+00
KNUTH_SUBTREE root=5467 depth=26 w=6.3839207985e+36 Shat=1.3809100000e+03 Lhat=0.0000000000e+00
KNUTH_SUBTREE root=5468 depth=26 w=4.5713318396e+36 Shat=7.5754400000e+02 Lhat=0.0000000000e+00
KNUTH_SUBTREE root=5469 depth=26 w=4.3496891325e+36 Shat=1.1340760000e+03 Lhat=1.6320000000e+01
KNUTH_SUBTREE root=5470 depth=26 w=2.5511282946e+36 Shat=5.3755120000e+03 Lhat=0.0000000000e+00
KNUTH_SUBTREE root=5471 depth=26 w=1.8400081493e+36 Shat=3.0076000000e+02 Lhat=0.0000000000e+00
KNUTH_SUBTREE root=5472 depth=26 w=2.6404671420e+36 Shat=9.5218960000e+03 Lhat=0.0000000000e+00
KNUTH_SUBTREE root=5473 depth=26 w=7.9902424320e+36 Shat=8.6581360000e+03 Lhat=1.7266560000e+03
KNUTH_SUBTREE root=5474 depth=26 w=7.0388174784e+36 Shat=2.7194000000e+02 Lhat=0.0000000000e+00
KNUTH_SUBTREE root=5475 depth=26 w=5.5513694561e+36 Shat=3.4956700000e+03 Lhat=0.0000000000e+00
KNUTH_SUBTREE root=5476 depth=26 w=2.9656851455e+37 Shat=2.1491680000e+03 Lhat=0.0000000000e+00
KNUTH_SUBTREE root=5477 depth=26 w=1.7494200460e+37 Shat=2.0093680000e+03 Lhat=0.0000000000e+00
KNUTH_SUBTREE root=5478 depth=26 w=1.7744654550e+37 Shat=3.1615300000e+02 Lhat=0.0000000000e+00
KNUTH_SUBTREE root=5479 depth=26 w=1.7931205263e+37 Shat=2.1136870000e+03 Lhat=0.0000000000e+00
KNUTH_SUBTREE root=5480 depth=26 w=7.4381724121e+36 Shat=5.4312000000e+01 Lhat=0.0000000000e+00
KNUTH_SUBTREE root=5481 depth=26 w=8.6077476099e+36 Shat=6.4858200000e+03 Lhat=0.0000000000e+00
KNUTH_SUBTREE root=5482 depth=26 w=3.6078919732e+37 Shat=3.9915900000e+03 Lhat=0.0000000000e+00
KNUTH_SUBTREE root=5483 depth=26 w=1.0048560442e+37 Shat=2.4280400000e+03 Lhat=0.0000000000e+00
KNUTH_SUBTREE root=5484 depth=26 w=1.7000617864e+37 Shat=1.7105770000e+03 Lhat=0.0000000000e+00
KNUTH_SUBTREE root=5485 depth=26 w=7.1188360160e+36 Shat=7.0663800000e+03 Lhat=0.0000000000e+00
KNUTH_SUBTREE root=5486 depth=26 w=5.2060396232e+36 Shat=1.6272300000e+03 Lhat=0.0000000000e+00
KNUTH_SUBTREE root=5487 depth=26 w=3.5665185834e+36 Shat=1.0973600000e+02 Lhat=0.0000000000e+00
KNUTH_SUBTREE root=5488 depth=26 w=5.8565964198e+36 Shat=2.3976800000e+02 Lhat=0.0000000000e+00
KNUTH_SUBTREE root=5489 depth=26 w=1.0311490652e+37 Shat=5.0948000000e+01 Lhat=0.0000000000e+00
KNUTH_SUBTREE root=5490 depth=26 w=4.9345476648e+35 Shat=3.7884000000e+01 Lhat=0.0000000000e+00
KNUTH_SUBTREE root=5491 depth=26 w=2.9401640256e+37 Shat=7.8844400000e+03 Lhat=0.0000000000e+00
KNUTH_SUBTREE root=5492 depth=26 w=3.0471864572e+37 Shat=4.5619390000e+03 Lhat=0.0000000000e+00
KNUTH_SUBTREE root=5493 depth=26 w=8.0053214882e+35 Shat=6.5435000000e+01 Lhat=0.0000000000e+00
KNUTH_SUBTREE root=5494 depth=26 w=2.3983121248e+36 Shat=2.8000000000e+01 Lhat=0.0000000000e+00
KNUTH_SUBTREE root=5495 depth=26 w=5.1073435920e+36 Shat=7.9000000000e+01 Lhat=0.0000000000e+00
KNUTH_SUBTREE root=5496 depth=26 w=2.1903384968e+37 Shat=5.0495200000e+02 Lhat=0.0000000000e+00
KNUTH_SUBTREE root=5497 depth=26 w=5.5065830957e+36 Shat=1.0764520000e+03 Lhat=0.0000000000e+00
KNUTH_SUBTREE root=5498 depth=26 w=3.0515371695e+36 Shat=8.3088800000e+02 Lhat=0.0000000000e+00
KNUTH_SUBTREE root=5499 depth=26 w=4.9393167107e+36 Shat=3.3486850000e+03 Lhat=0.0000000000e+00
KNUTH_SUBTREE root=5500 depth=26 w=3.4995811987e+37 Shat=5.5967990000e+03 Lhat=0.0000000000e+00
KNUTH_SUBTREE root=5501 depth=26 w=2.7553141572e+36 Shat=1.2184660000e+03 Lhat=0.0000000000e+00
KNUTH_SUBTREE root=5502 depth=26 w=1.2220601327e+37 Shat=9.8404000000e+01 Lhat=0.0000000000e+00
KNUTH_SUBTREE root=5503 depth=26 w=2.0802495693e+35 Shat=1.2106000000e+01 Lhat=0.0000000000e+00
KNUTH_SUBTREE root=5504 depth=26 w=6.0416435744e+36 Shat=5.9685000000e+01 Lhat=0.0000000000e+00
KNUTH_SUBTREE root=5505 depth=26 w=3.9633175778e+36 Shat=4.2556400000e+03 Lhat=0.0000000000e+00
KNUTH_SUBTREE root=5506 depth=26 w=8.2660738206e+36 Shat=2.5364010000e+03 Lhat=0.0000000000e+00
KNUTH_SUBTREE root=5507 depth=26 w=2.1034410658e+37 Shat=2.7456670000e+03 Lhat=0.0000000000e+00
KNUTH_SUBTREE root=5508 depth=26 w=9.9306260152e+34 Shat=7.0000000000e+00 Lhat=0.0000000000e+00
KNUTH_SUBTREE root=5509 depth=26 w=2.1400417449e+37 Shat=6.6046000000e+02 Lhat=0.0000000000e+00
KNUTH_SUBTREE root=5510 depth=26 w=3.3359935479e+36 Shat=2.2840000000e+01 Lhat=0.0000000000e+00
KNUTH_SUBTREE root=5511 depth=26 w=6.9966893393e+36 Shat=5.9201680000e+03 Lhat=0.0000000000e+00
KNUTH_SUBTREE root=5512 depth=26 w=2.4690391148e+36 Shat=1.4007620000e+03 Lhat=0.0000000000e+00
KNUTH_SUBTREE root=5513 depth=26 w=5.9738997887e+36 Shat=2.2452000000e+02 Lhat=0.0000000000e+00
KNUTH_SUBTREE root=5514 depth=26 w=4.9176789892e+35 Shat=1.6000000000e+01 Lhat=0.0000000000e+00
KNUTH_SUBTREE root=5515 depth=26 w=4.0569260870e+36 Shat=3.5262400000e+03 Lhat=0.0000000000e+00
KNUTH_SUBTREE root=5516 depth=26 w=3.3483654093e+37 Shat=9.6653000000e+02 Lhat=0.0000000000e+00
KNUTH_SUBTREE root=5517 depth=26 w=1.7082860490e+36 Shat=1.4100000000e+02 Lhat=0.0000000000e+00
KNUTH_SUBTREE root=5518 depth=26 w=2.6882998012e+36 Shat=3.6092200000e+03 Lhat=0.0000000000e+00
KNUTH_SUBTREE root=5519 depth=26 w=3.2792785698e+37 Shat=5.8434160000e+03 Lhat=0.0000000000e+00
KNUTH_SUBTREE root=5520 depth=26 w=2.9860243404e+37 Shat=7.1397690000e+03 Lhat=0.0000000000e+00
KNUTH_SUBTREE root=5521 depth=26 w=1.7355620493e+37 Shat=3.1749000000e+03 Lhat=0.0000000000e+00
KNUTH_SUBTREE root=5522 depth=26 w=8.4295388253e+36 Shat=1.4644400000e+03 Lhat=0.0000000000e+00
KNUTH_SUBTREE root=5523 depth=26 w=2.1523200025e+36 Shat=1.0000000000e+00 Lhat=0.0000000000e+00
KNUTH_SUBTREE root=5524 depth=26 w=3.9899837257e+36 Shat=1.9042000000e+02 Lhat=0.0000000000e+00
KNUTH_SUBTREE root=5525 depth=26 w=4.0072922636e+36 Shat=4.9217600000e+03 Lhat=0.0000000000e+00
KNUTH_SUBTREE root=5526 depth=26 w=3.8596346322e+36 Shat=3.9953200000e+03 Lhat=0.0000000000e+00
KNUTH_SUBTREE root=5527 depth=26 w=6.8451046569e+36 Shat=4.0991400000e+02 Lhat=0.0000000000e+00
KNUTH_SUBTREE root=5528 depth=26 w=3.1855845811e+37 Shat=5.9305600000e+02 Lhat=0.0000000000e+00
KNUTH_SUBTREE root=5529 depth=26 w=8.4641073202e+36 Shat=6.0980200000e+03 Lhat=0.0000000000e+00
KNUTH_SUBTREE root=5530 depth=26 w=5.2361955284e+36 Shat=8.6460000000e+00 Lhat=0.0000000000e+00
KNUTH_SUBTREE root=5531 depth=26 w=4.8959713968e+35 Shat=3.0000000000e+00 Lhat=0.0000000000e+00
KNUTH_SUBTREE root=5532 depth=26 w=4.4668836252e+34 Shat=1.0000000000e+00 Lhat=0.0000000000e+00
KNUTH_SUBTREE root=5533 depth=26 w=2.4388058606e+37 Shat=1.1889000000e+02 Lhat=0.0000000000e+00
KNUTH_SUBTREE root=5534 depth=26 w=1.0917750531e+37 Shat=4.0492200000e+03 Lhat=0.0000000000e+00
KNUTH_SUBTREE root=5535 depth=26 w=4.3136673235e+36 Shat=1.0589100000e+03 Lhat=0.0000000000e+00
KNUTH_SUBTREE root=5536 depth=26 w=3.3897862744e+36 Shat=2.0257240000e+03 Lhat=0.0000000000e+00
KNUTH_SUBTREE root=5537 depth=26 w=2.4517500003e+37 Shat=4.2779900000e+03 Lhat=0.0000000000e+00
KNUTH_SUBTREE root=5538 depth=26 w=2.9212176506e+37 Shat=4.7687800000e+03 Lhat=0.0000000000e+00
KNUTH_SUBTREE root=5539 depth=26 w=2.9562032619e+36 Shat=1.1171710000e+03 Lhat=0.0000000000e+00
KNUTH_SUBTREE root=5540 depth=26 w=8.1492995855e+36 Shat=4.4362800000e+03 Lhat=0.0000000000e+00
KNUTH_SUBTREE root=5541 depth=26 w=8.6994458444e+36 Shat=7.0000000000e+00 Lhat=0.0000000000e+00
KNUTH_SUBTREE root=5542 depth=26 w=6.0303198989e+36 Shat=5.0359200000e+02 Lhat=0.0000000000e+00
KNUTH_SUBTREE root=5543 depth=26 w=2.4117863413e+36 Shat=1.8030000000e+01 Lhat=0.0000000000e+00
KNUTH_SUBTREE root=5544 depth=26 w=1.7617695132e+37 Shat=3.3380800000e+02 Lhat=0.0000000000e+00
KNUTH_SUBTREE root=5545 depth=26 w=5.8013869587e+36 Shat=7.9221000000e+02 Lhat=0.0000000000e+00
KNUTH_SUBTREE root=5546 depth=26 w=1.0121267256e+36 Shat=1.0279000000e+02 Lhat=0.0000000000e+00
KNUTH_SUBTREE root=5547 depth=26 w=8.9201902494e+34 Shat=1.3000000000e+01 Lhat=0.0000000000e+00
KNUTH_SUBTREE root=5548 depth=26 w=2.5767467100e+37 Shat=8.2840000000e+01 Lhat=0.0000000000e+00
KNUTH_SUBTREE root=5549 depth=26 w=6.0839200409e+35 Shat=2.0000000000e+00 Lhat=0.0000000000e+00
KNUTH_SUBTREE root=5550 depth=26 w=2.2130966473e+36 Shat=2.5624800000e+02 Lhat=0.0000000000e+00
KNUTH_SUBTREE root=5551 depth=26 w=7.4084126702e+36 Shat=2.5346800000e+03 Lhat=0.0000000000e+00
KNUTH_SUBTREE root=5552 depth=26 w=7.0227003947e+36 Shat=5.8059810000e+03 Lhat=0.0000000000e+00
KNUTH_SUBTREE root=5553 depth=26 w=3.3278381008e+37 Shat=6.2483300000e+02 Lhat=0.0000000000e+00
KNUTH_SUBTREE root=5554 depth=26 w=2.9273012607e+36 Shat=7.1032000000e+01 Lhat=0.0000000000e+00
KNUTH_SUBTREE root=5555 depth=26 w=1.3887619992e+37 Shat=9.8907000000e+02 Lhat=0.0000000000e+00
KNUTH_SUBTREE root=5556 depth=26 w=2.9003619502e+37 Shat=3.6319130000e+03 Lhat=1.6423000000e+02
KNUTH_SUBTREE root=5557 depth=26 w=7.5548404867e+36 Shat=1.8794200000e+02 Lhat=0.0000000000e+00
KNUTH_SUBTREE root=5558 depth=26 w=4.6818495291e+36 Shat=3.2380840000e+03 Lhat=0.0000000000e+00
KNUTH_SUBTREE root=5559 depth=26 w=7.3349935692e+36 Shat=2.4106000000e+01 Lhat=0.0000000000e+00
KNUTH_SUBTREE root=5560 depth=26 w=6.3145874135e+36 Shat=7.6741720000e+03 Lhat=0.0000000000e+00
KNUTH_SUBTREE root=5561 depth=26 w=2.9412917738e+37 Shat=1.6911840000e+03 Lhat=0.0000000000e+00
KNUTH_SUBTREE root=5562 depth=26 w=1.8050706928e+37 Shat=5.8526500000e+02 Lhat=0.0000000000e+00
KNUTH_SUBTREE root=5563 depth=26 w=8.2189235438e+35 Shat=1.0000000000e+00 Lhat=0.0000000000e+00
KNUTH_SUBTREE root=5564 depth=26 w=2.3574539450e+37 Shat=7.0061400000e+03 Lhat=0.0000000000e+00
KNUTH_SUBTREE root=5565 depth=26 w=4.3552776706e+36 Shat=2.2312090000e+03 Lhat=0.0000000000e+00
KNUTH_SUBTREE root=5566 depth=26 w=8.8136477513e+36 Shat=1.5103800000e+02 Lhat=0.0000000000e+00
KNUTH_SUBTREE root=5567 depth=26 w=8.5084562977e+36 Shat=3.6004420000e+03 Lhat=0.0000000000e+00
KNUTH_SUBTREE root=5568 depth=26 w=3.2589333229e+36 Shat=1.0000000000e+01 Lhat=0.0000000000e+00
KNUTH_SUBTREE root=5569 depth=26 w=1.3111437580e+37 Shat=1.6478200000e+02 Lhat=0.0000000000e+00
KNUTH_SUBTREE root=5570 depth=26 w=5.7176302279e+36 Shat=3.6910000000e+02 Lhat=0.0000000000e+00
KNUTH_SUBTREE root=5571 depth=26 w=1.3532315709e+35 Shat=6.0000000000e+00 Lhat=0.0000000000e+00
KNUTH_SUBTREE root=5572 depth=26 w=2.3723795303e+36 Shat=1.5645800000e+03 Lhat=0.0000000000e+00
KNUTH_SUBTREE root=5573 depth=26 w=7.2298375195e+36 Shat=9.9380000000e+01 Lhat=0.0000000000e+00
KNUTH_SUBTREE root=5574 depth=26 w=2.8314259236e+36 Shat=5.9586700000e+03 Lhat=0.0000000000e+00
KNUTH_SUBTREE root=5575 depth=26 w=5.5006584113e+35 Shat=1.6948000000e+01 Lhat=0.0000000000e+00
KNUTH_SUBTREE root=5576 depth=26 w=8.6164071058e+34 Shat=1.3957000000e+01 Lhat=0.0000000000e+00
KNUTH_SUBTREE root=5577 depth=26 w=2.5834000578e+36 Shat=2.0998800000e+03 Lhat=0.0000000000e+00
KNUTH_SUBTREE root=5578 depth=26 w=8.5034001182e+35 Shat=1.3283040000e+03 Lhat=0.0000000000e+00
KNUTH_SUBTREE root=5579 depth=26 w=3.0408186779e+37 Shat=4.1743800000e+02 Lhat=0.0000000000e+00
KNUTH_SUBTREE root=5580 depth=26 w=3.7965326966e+35 Shat=2.0704000000e+01 Lhat=0.0000000000e+00
KNUTH_SUBTREE root=5581 depth=26 w=1.7624325233e+35 Shat=6.0000000000e+00 Lhat=0.0000000000e+00
KNUTH_SUBTREE root=5582 depth=26 w=2.9335873107e+36 Shat=2.2194080000e+03 Lhat=0.0000000000e+00
KNUTH_SUBTREE root=5583 depth=26 w=3.5775246165e+36 Shat=1.5759040000e+03 Lhat=0.0000000000e+00
KNUTH_SUBTREE root=5584 depth=26 w=4.8923955744e+36 Shat=3.3029380000e+03 Lhat=0.0000000000e+00
KNUTH_SUBTREE root=5585 depth=26 w=3.0336938185e+36 Shat=1.5342000000e+02 Lhat=0.0000000000e+00
KNUTH_SUBTREE root=5586 depth=26 w=1.0027355605e+37 Shat=6.8092300000e+03 Lhat=0.0000000000e+00
KNUTH_SUBTREE root=5587 depth=26 w=4.5710131357e+36 Shat=1.5132800000e+02 Lhat=0.0000000000e+00
KNUTH_SUBTREE root=5588 depth=26 w=1.8621123149e+36 Shat=1.0000000000e+00 Lhat=0.0000000000e+00
KNUTH_SUBTREE root=5589 depth=26 w=1.2489050609e+37 Shat=2.1226300000e+03 Lhat=1.5187200000e+02
KNUTH_SUBTREE root=5590 depth=26 w=1.1125295787e+37 Shat=4.9290000000e+02 Lhat=0.0000000000e+00
KNUTH_SUBTREE root=5591 depth=26 w=7.4510531093e+36 Shat=1.2965680000e+03 Lhat=0.0000000000e+00
KNUTH_SUBTREE root=5592 depth=26 w=1.4352471687e+37 Shat=3.4366520000e+03 Lhat=2.7766200000e+02
KNUTH_SUBTREE root=5593 depth=26 w=2.7163956550e+37 Shat=1.3937540000e+03 Lhat=0.0000000000e+00
KNUTH_SUBTREE root=5594 depth=26 w=8.8740040797e+34 Shat=3.8652400000e+02 Lhat=0.0000000000e+00
KNUTH_SUBTREE root=5595 depth=26 w=3.3879785410e+37 Shat=3.6267650000e+03 Lhat=0.0000000000e+00
KNUTH_SUBTREE root=5596 depth=26 w=1.1709101772e+36 Shat=4.3035000000e+01 Lhat=0.0000000000e+00
KNUTH_SUBTREE root=5597 depth=26 w=5.2232561721e+35 Shat=5.0000000000e+00 Lhat=0.0000000000e+00
KNUTH_SUBTREE root=5598 depth=26 w=3.6091188711e+36 Shat=3.2734630000e+03 Lhat=0.0000000000e+00
KNUTH_SUBTREE root=5599 depth=26 w=4.1536922577e+35 Shat=7.0000000000e+00 Lhat=0.0000000000e+00
KNUTH_SUBTREE root=5600 depth=26 w=5.4205237165e+36 Shat=5.3171560000e+03 Lhat=0.0000000000e+00
KNUTH_SUBTREE root=5601 depth=26 w=1.8712667469e+35 Shat=8.0000000000e+00 Lhat=0.0000000000e+00
KNUTH_SUBTREE root=5602 depth=26 w=2.2724464337e+37 Shat=2.1818500000e+02 Lhat=0.0000000000e+00
KNUTH_SUBTREE root=5603 depth=26 w=1.0185299020e+34 Shat=4.0000000000e+00 Lhat=0.0000000000e+00
KNUTH_SUBTREE root=5604 depth=26 w=2.0666732098e+37 Shat=1.4640040000e+03 Lhat=0.0000000000e+00
KNUTH_SUBTREE root=5605 depth=26 w=2.3159316615e+37 Shat=8.4265200000e+02 Lhat=0.0000000000e+00
KNUTH_SUBTREE root=5606 depth=26 w=1.1333525449e+37 Shat=3.8513800000e+02 Lhat=0.0000000000e+00
KNUTH_SUBTREE root=5607 depth=26 w=4.2698969495e+36 Shat=9.0000000000e+00 Lhat=0.0000000000e+00
KNUTH_SUBTREE root=5608 depth=26 w=2.7833930800e+36 Shat=5.4904000000e+01 Lhat=0.0000000000e+00
KNUTH_SUBTREE root=5609 depth=26 w=1.1147834289e+37 Shat=7.2848000000e+01 Lhat=0.0000000000e+00
KNUTH_SUBTREE root=5610 depth=26 w=1.3865182450e+37 Shat=1.0944000000e+01 Lhat=0.0000000000e+00
KNUTH_SUBTREE root=5611 depth=26 w=1.1044728440e+37 Shat=9.5414100000e+02 Lhat=0.0000000000e+00
KNUTH_SUBTREE root=5612 depth=26 w=3.1942748411e+37 Shat=1.4347730000e+03 Lhat=0.0000000000e+00
KNUTH_SUBTREE root=5613 depth=26 w=2.6341967650e+37 Shat=1.0702920000e+03 Lhat=0.0000000000e+00
KNUTH_SUBTREE root=5614 depth=26 w=1.0181903746e+37 Shat=3.6725900000e+03 Lhat=0.0000000000e+00
KNUTH_SUBTREE root=5615 depth=26 w=3.7331222134e+36 Shat=7.4390000000e+01 Lhat=0.0000000000e+00
KNUTH_SUBTREE root=5616 depth=26 w=4.0622908760e+36 Shat=1.7544700000e+02 Lhat=0.0000000000e+00
KNUTH_SUBTREE root=5617 depth=26 w=1.1996800829e+37 Shat=2.8465700000e+03 Lhat=2.4804000000e+02
KNUTH_SUBTREE root=5618 depth=26 w=3.0830133853e+36 Shat=2.4427600000e+03 Lhat=0.0000000000e+00
KNUTH_SUBTREE root=5619 depth=26 w=3.2673696080e+37 Shat=1.4834000000e+02 Lhat=0.0000000000e+00
KNUTH_SUBTREE root=5620 depth=26 w=1.0190520659e+37 Shat=2.9001280000e+03 Lhat=0.0000000000e+00
KNUTH_SUBTREE root=5621 depth=26 w=4.7121108967e+34 Shat=3.0000000000e+00 Lhat=0.0000000000e+00
KNUTH_SUBTREE root=5622 depth=26 w=2.0302665600e+36 Shat=5.7383800000e+02 Lhat=0.0000000000e+00
KNUTH_SUBTREE root=5623 depth=26 w=1.5582323800e+37 Shat=3.1757800000e+03 Lhat=0.0000000000e+00
KNUTH_SUBTREE root=5624 depth=26 w=3.0274681357e+37 Shat=1.0866160000e+03 Lhat=0.0000000000e+00
KNUTH_SUBTREE root=5625 depth=26 w=1.9301779948e+36 Shat=1.3000000000e+01 Lhat=0.0000000000e+00
KNUTH_SUBTREE root=5626 depth=26 w=2.8233412062e+37 Shat=2.8628000000e+01 Lhat=0.0000000000e+00
KNUTH_SUBTREE root=5627 depth=26 w=9.1562781091e+36 Shat=8.0803200000e+02 Lhat=0.0000000000e+00
KNUTH_SUBTREE root=5628 depth=26 w=3.8637498072e+36 Shat=7.9096000000e+01 Lhat=0.0000000000e+00
KNUTH_SUBTREE root=5629 depth=26 w=2.2774676244e+36 Shat=1.3000000000e+01 Lhat=0.0000000000e+00
KNUTH_SUBTREE root=5630 depth=26 w=2.1848794617e+36 Shat=1.1606080000e+03 Lhat=0.0000000000e+00
KNUTH_SUBTREE root=5631 depth=26 w=2.7246340283e+37 Shat=3.8011260000e+03 Lhat=0.0000000000e+00
KNUTH_SUBTREE root=5632 depth=26 w=7.8987572668e+36 Shat=9.0000000000e+00 Lhat=0.0000000000e+00
KNUTH_SUBTREE root=5633 depth=26 w=5.0238946938e+36 Shat=2.2633360000e+03 Lhat=0.0000000000e+00
KNUTH_SUBTREE root=5634 depth=26 w=2.5140991832e+36 Shat=5.5234000000e+01 Lhat=0.0000000000e+00
KNUTH_SUBTREE root=5635 depth=26 w=3.2633683205e+36 Shat=2.8068940000e+03 Lhat=0.0000000000e+00
KNUTH_SUBTREE root=5636 depth=26 w=5.8758923996e+36 Shat=1.0026900000e+03 Lhat=0.0000000000e+00
KNUTH_SUBTREE root=5637 depth=26 w=6.1794139071e+36 Shat=7.0512000000e+01 Lhat=0.0000000000e+00
KNUTH_SUBTREE root=5638 depth=26 w=7.3831046567e+36 Shat=1.5592870000e+03 Lhat=0.0000000000e+00
KNUTH_SUBTREE root=5639 depth=26 w=1.5123454581e+37 Shat=1.8890480000e+03 Lhat=0.0000000000e+00
KNUTH_SUBTREE root=5640 depth=26 w=3.4227558999e+36 Shat=6.1060000000e+00 Lhat=0.0000000000e+00
KNUTH_SUBTREE root=5641 depth=26 w=8.2702255276e+36 Shat=5.9515600000e+02 Lhat=0.0000000000e+00
KNUTH_SUBTREE root=5642 depth=26 w=4.6856318957e+36 Shat=1.9927540000e+03 Lhat=0.0000000000e+00
KNUTH_SUBTREE root=5643 depth=26 w=4.3318811818e+36 Shat=1.6000000000e+01 Lhat=0.0000000000e+00
KNUTH_SUBTREE root=5644 depth=26 w=1.0176440150e+37 Shat=2.3000200000e+03 Lhat=0.0000000000e+00
KNUTH_SUBTREE root=5645 depth=26 w=2.7853541282e+36 Shat=3.1690000000e+02 Lhat=0.0000000000e+00
KNUTH_SUBTREE root=5646 depth=26 w=2.3273166381e+37 Shat=2.0858000000e+02 Lhat=0.0000000000e+00
KNUTH_SUBTREE root=5647 depth=26 w=1.3395262347e+37 Shat=2.2690000000e+01 Lhat=0.0000000000e+00
KNUTH_SUBTREE root=5648 depth=26 w=2.7706684606e+36 Shat=1.3445500000e+03 Lhat=0.0000000000e+00
KNUTH_SUBTREE root=5649 depth=26 w=2.8412111677e+36 Shat=6.0646600000e+03 Lhat=0.0000000000e+00
KNUTH_SUBTREE root=5650 depth=26 w=2.8311547531e+37 Shat=1.5060200000e+03 Lhat=0.0000000000e+00
KNUTH_SUBTREE root=5651 depth=26 w=5.2234193253e+36 Shat=2.4880800000e+03 Lhat=0.0000000000e+00
KNUTH_SUBTREE root=5652 depth=26 w=7.4518217437e+36 Shat=5.9761000000e+02 Lhat=0.0000000000e+00
KNUTH_SUBTREE root=5653 depth=26 w=3.0368562415e+37 Shat=2.9417000000e+02 Lhat=0.0000000000e+00
KNUTH_SUBTREE root=5654 depth=26 w=2.0676855580e+36 Shat=3.8716640000e+03 Lhat=0.0000000000e+00
KNUTH_SUBTREE root=5655 depth=26 w=5.6754286961e+36 Shat=1.5715200000e+03 Lhat=0.0000000000e+00
KNUTH_SUBTREE root=5656 depth=26 w=1.0658113438e+37 Shat=4.9003300000e+03 Lhat=0.0000000000e+00
KNUTH_SUBTREE root=5657 depth=26 w=2.1750402321e+36 Shat=1.3000000000e+01 Lhat=0.0000000000e+00
KNUTH_SUBTREE root=5658 depth=26 w=1.6297525824e+37 Shat=1.9651380000e+03 Lhat=0.0000000000e+00
KNUTH_SUBTREE root=5659 depth=26 w=4.9513410779e+36 Shat=2.0018980000e+03 Lhat=0.0000000000e+00
KNUTH_SUBTREE root=5660 depth=26 w=2.0909282466e+37 Shat=1.4831920000e+03 Lhat=0.0000000000e+00
KNUTH_SUBTREE root=5661 depth=26 w=7.3162994713e+35 Shat=9.0000000000e+00 Lhat=0.0000000000e+00
KNUTH_SUBTREE root=5662 depth=26 w=2.7595114168e+36 Shat=8.1096000000e+01 Lhat=0.0000000000e+00
KNUTH_SUBTREE root=5663 depth=26 w=2.8222020054e+37 Shat=4.7404800000e+03 Lhat=0.0000000000e+00
KNUTH_SUBTREE root=5664 depth=26 w=2.9377423863e+37 Shat=1.2832000000e+02 Lhat=0.0000000000e+00
KNUTH_SUBTREE root=5665 depth=26 w=3.0247100652e+36 Shat=5.1961240000e+03 Lhat=0.0000000000e+00
KNUTH_SUBTREE root=5666 depth=26 w=3.9381609245e+36 Shat=6.7054000000e+01 Lhat=0.0000000000e+00
KNUTH_SUBTREE root=5667 depth=26 w=1.3197823346e+37 Shat=4.3834000000e+01 Lhat=0.0000000000e+00
KNUTH_SUBTREE root=5668 depth=26 w=2.5586665936e+36 Shat=3.6053080000e+03 Lhat=0.0000000000e+00
KNUTH_SUBTREE root=5669 depth=26 w=2.7101312886e+37 Shat=2.1295900000e+02 Lhat=0.0000000000e+00
KNUTH_SUBTREE root=5670 depth=26 w=3.2909723837e+37 Shat=4.7243680000e+03 Lhat=0.0000000000e+00
KNUTH_SUBTREE root=5671 depth=26 w=2.6559931107e+37 Shat=3.6802600000e+02 Lhat=0.0000000000e+00
KNUTH_SUBTREE root=5672 depth=26 w=4.0565488084e+36 Shat=6.5614600000e+02 Lhat=0.0000000000e+00
KNUTH_SUBTREE root=5673 depth=26 w=3.8284070352e+35 Shat=7.2595600000e+02 Lhat=0.0000000000e+00
KNUTH_SUBTREE root=5674 depth=26 w=1.1145387842e+37 Shat=3.7601920000e+03 Lhat=0.0000000000e+00
KNUTH_SUBTREE root=5675 depth=26 w=2.0905330255e+36 Shat=6.0729040000e+03 Lhat=0.0000000000e+00
KNUTH_SUBTREE root=5676 depth=26 w=6.4559628497e+36 Shat=5.8698100000e+02 Lhat=0.0000000000e+00
KNUTH_SUBTREE root=5677 depth=26 w=1.9628781789e+37 Shat=1.7667400000e+02 Lhat=0.0000000000e+00
KNUTH_SUBTREE root=5678 depth=26 w=8.9521182015e+36 Shat=1.2036700000e+02 Lhat=0.0000000000e+00
KNUTH_SUBTREE root=5679 depth=26 w=3.6579354831e+36 Shat=5.1145600000e+03 Lhat=0.0000000000e+00
KNUTH_SUBTREE root=5680 depth=26 w=7.8783933019e+36 Shat=2.9060670000e+03 Lhat=0.0000000000e+00
KNUTH_SUBTREE root=5681 depth=26 w=1.2767200703e+37 Shat=3.4058080000e+03 Lhat=0.0000000000e+00
KNUTH_SUBTREE root=5682 depth=26 w=1.7325244419e+37 Shat=5.8014100000e+02 Lhat=0.0000000000e+00
KNUTH_SUBTREE root=5683 depth=26 w=2.7185787164e+37 Shat=1.2891990000e+03 Lhat=0.0000000000e+00
KNUTH_SUBTREE root=5684 depth=26 w=1.7517375930e+37 Shat=4.7346960000e+03 Lhat=0.0000000000e+00
KNUTH_SUBTREE root=5685 depth=26 w=3.7076827948e+36 Shat=1.2858300000e+03 Lhat=0.0000000000e+00
KNUTH_SUBTREE root=5686 depth=26 w=1.8794781229e+36 Shat=7.0088000000e+01 Lhat=0.0000000000e+00
KNUTH_SUBTREE root=5687 depth=26 w=2.5129134846e+37 Shat=6.8746240000e+03 Lhat=0.0000000000e+00
KNUTH_SUBTREE root=5688 depth=26 w=8.6025964057e+36 Shat=3.9032000000e+01 Lhat=0.0000000000e+00
KNUTH_SUBTREE root=5689 depth=26 w=5.2482093481e+36 Shat=7.9000000000e+01 Lhat=0.0000000000e+00
KNUTH_SUBTREE root=5690 depth=26 w=3.5892962314e+36 Shat=3.0000000000e+00 Lhat=0.0000000000e+00
KNUTH_SUBTREE root=5691 depth=26 w=3.2834855365e+37 Shat=2.4321430000e+03 Lhat=0.0000000000e+00
KNUTH_SUBTREE root=5692 depth=26 w=3.0208819350e+37 Shat=3.2180920000e+03 Lhat=0.0000000000e+00
KNUTH_SUBTREE root=5693 depth=26 w=1.4783859577e+37 Shat=5.3944320000e+03 Lhat=0.0000000000e+00
KNUTH_SUBTREE root=5694 depth=26 w=2.4484993834e+37 Shat=2.2032400000e+02 Lhat=0.0000000000e+00
KNUTH_SUBTREE root=5695 depth=26 w=3.5399013578e+34 Shat=1.0000000000e+00 Lhat=0.0000000000e+00
KNUTH_SUBTREE root=5696 depth=26 w=2.8352099816e+36 Shat=2.2778320000e+03 Lhat=0.0000000000e+00
KNUTH_SUBTREE root=5697 depth=26 w=2.9517626498e+36 Shat=3.0000000000e+00 Lhat=0.0000000000e+00
KNUTH_SUBTREE root=5698 depth=26 w=3.1435581346e+37 Shat=1.3593700000e+04 Lhat=1.4004000000e+03
KNUTH_SUBTREE root=5699 depth=26 w=2.9947907118e+37 Shat=6.0536800000e+02 Lhat=0.0000000000e+00
KNUTH_SUBTREE root=5700 depth=26 w=3.2123615998e+36 Shat=1.2126800000e+03 Lhat=0.0000000000e+00
KNUTH_SUBTREE root=5701 depth=26 w=2.8364987017e+36 Shat=1.0904000000e+01 Lhat=0.0000000000e+00
KNUTH_SUBTREE root=5702 depth=26 w=1.1239690742e+37 Shat=1.4497520000e+03 Lhat=0.0000000000e+00
KNUTH_SUBTREE root=5703 depth=26 w=2.3893216209e+37 Shat=1.1968650000e+03 Lhat=0.0000000000e+00
KNUTH_SUBTREE root=5704 depth=26 w=1.8663567385e+37 Shat=1.4255000000e+03 Lhat=0.0000000000e+00
KNUTH_SUBTREE root=5705 depth=26 w=3.7559947226e+37 Shat=4.8467200000e+02 Lhat=0.0000000000e+00
KNUTH_SUBTREE root=5706 depth=26 w=2.8796527991e+36 Shat=1.3000000000e+01 Lhat=0.0000000000e+00
KNUTH_SUBTREE root=5707 depth=26 w=3.5956050139e+36 Shat=1.2217910000e+03 Lhat=0.0000000000e+00
KNUTH_SUBTREE root=5708 depth=26 w=1.3944539976e+37 Shat=3.3931900000e+03 Lhat=0.0000000000e+00
KNUTH_SUBTREE root=5709 depth=26 w=5.9763818175e+36 Shat=1.8468900000e+03 Lhat=0.0000000000e+00
KNUTH_SUBTREE root=5710 depth=26 w=2.8745589147e+37 Shat=5.3615800000e+02 Lhat=0.0000000000e+00
KNUTH_SUBTREE root=5711 depth=26 w=1.1083190718e+37 Shat=3.3535600000e+02 Lhat=0.0000000000e+00
KNUTH_SUBTREE root=5712 depth=26 w=5.0818212295e+36 Shat=3.7800000000e+02 Lhat=0.0000000000e+00
KNUTH_SUBTREE root=5713 depth=26 w=4.9539012033e+36 Shat=1.4832280000e+03 Lhat=0.0000000000e+00
KNUTH_SUBTREE root=5714 depth=26 w=2.1276422383e+36 Shat=2.3130300000e+03 Lhat=0.0000000000e+00
KNUTH_SUBTREE root=5715 depth=26 w=1.3135483458e+35 Shat=4.2559000000e+01 Lhat=0.0000000000e+00
KNUTH_SUBTREE root=5716 depth=26 w=2.3279201918e+37 Shat=3.6118800000e+03 Lhat=0.0000000000e+00
KNUTH_SUBTREE root=5717 depth=26 w=1.7981882603e+37 Shat=1.7908400000e+03 Lhat=0.0000000000e+00
KNUTH_SUBTREE root=5718 depth=26 w=3.3592348254e+36 Shat=3.1000000000e+01 Lhat=0.0000000000e+00
KNUTH_SUBTREE root=5719 depth=26 w=1.2834278780e+37 Shat=1.9000000000e+01 Lhat=0.0000000000e+00
KNUTH_SUBTREE root=5720 depth=26 w=8.4924900455e+36 Shat=4.2846530000e+03 Lhat=0.0000000000e+00
KNUTH_SUBTREE root=5721 depth=26 w=3.7208924696e+37 Shat=8.9446600000e+02 Lhat=0.0000000000e+00
KNUTH_SUBTREE root=5722 depth=26 w=4.6481728380e+36 Shat=5.2303600000e+03 Lhat=0.0000000000e+00
KNUTH_SUBTREE root=5723 depth=26 w=8.4551699442e+36 Shat=5.0621200000e+03 Lhat=0.0000000000e+00
KNUTH_SUBTREE root=5724 depth=26 w=1.3008157771e+37 Shat=5.5266100000e+02 Lhat=0.0000000000e+00
KNUTH_SUBTREE root=5725 depth=26 w=6.3861714629e+36 Shat=1.0000000000e+00 Lhat=0.0000000000e+00
KNUTH_SUBTREE root=5726 depth=26 w=1.9876276545e+35 Shat=5.0000000000e+00 Lhat=0.0000000000e+00
KNUTH_SUBTREE root=5727 depth=26 w=1.6369925208e+37 Shat=1.6613110000e+03 Lhat=0.0000000000e+00
KNUTH_SUBTREE root=5728 depth=26 w=5.4475410831e+36 Shat=3.7570400000e+02 Lhat=0.0000000000e+00
KNUTH_SUBTREE root=5729 depth=26 w=4.5652455147e+36 Shat=5.4085960000e+03 Lhat=0.0000000000e+00
KNUTH_SUBTREE root=5730 depth=26 w=9.1008214617e+36 Shat=3.8716300000e+02 Lhat=0.0000000000e+00
KNUTH_SUBTREE root=5731 depth=26 w=9.3885737393e+35 Shat=2.5150000000e+01 Lhat=0.0000000000e+00
KNUTH_SUBTREE root=5732 depth=26 w=3.4779235970e+37 Shat=2.0526080000e+03 Lhat=0.0000000000e+00
KNUTH_SUBTREE root=5733 depth=26 w=1.9206706458e+36 Shat=4.6952000000e+01 Lhat=0.0000000000e+00
KNUTH_SUBTREE root=5734 depth=26 w=3.3853896255e+35 Shat=3.0000000000e+00 Lhat=0.0000000000e+00
KNUTH_SUBTREE root=5735 depth=26 w=2.5000256986e+37 Shat=1.3456000000e+02 Lhat=0.0000000000e+00
KNUTH_SUBTREE root=5736 depth=26 w=5.9190573347e+36 Shat=5.7565100000e+02 Lhat=0.0000000000e+00
KNUTH_SUBTREE root=5737 depth=26 w=8.5006482524e+36 Shat=1.8422800000e+03 Lhat=0.0000000000e+00
KNUTH_SUBTREE root=5738 depth=26 w=2.2127343584e+37 Shat=4.0000000000e+00 Lhat=0.0000000000e+00
KNUTH_SUBTREE root=5739 depth=26 w=1.8809916893e+37 Shat=4.1107400000e+02 Lhat=0.0000000000e+00
KNUTH_SUBTREE root=5740 depth=26 w=2.5621709243e+37 Shat=5.0343600000e+02 Lhat=0.0000000000e+00
KNUTH_SUBTREE root=5741 depth=26 w=2.7334589972e+37 Shat=2.7157240000e+03 Lhat=0.0000000000e+00
KNUTH_SUBTREE root=5742 depth=26 w=4.8873195123e+35 Shat=1.7851000000e+02 Lhat=0.0000000000e+00
KNUTH_SUBTREE root=5743 depth=26 w=6.6019204123e+36 Shat=9.7849000000e+01 Lhat=0.0000000000e+00
KNUTH_SUBTREE root=5744 depth=26 w=5.1601806255e+35 Shat=2.4994000000e+01 Lhat=0.0000000000e+00
KNUTH_SUBTREE root=5745 depth=26 w=1.0433150903e+37 Shat=3.1807200000e+02 Lhat=0.0000000000e+00
KNUTH_SUBTREE root=5746 depth=26 w=3.3175703193e+37 Shat=5.6772000000e+02 Lhat=0.0000000000e+00
KNUTH_SUBTREE root=5747 depth=26 w=2.6154483923e+36 Shat=1.0425040000e+03 Lhat=0.0000000000e+00
KNUTH_SUBTREE root=5748 depth=26 w=3.5171280391e+36 Shat=1.9474000000e+02 Lhat=0.0000000000e+00
KNUTH_SUBTREE root=5749 depth=26 w=6.5968696426e+36 Shat=4.3905100000e+03 Lhat=0.0000000000e+00
KNUTH_SUBTREE root=5750 depth=26 w=9.9925710895e+36 Shat=1.9534800000e+02 Lhat=0.0000000000e+00
KNUTH_SUBTREE root=5751 depth=26 w=5.5870288271e+36 Shat=1.3000000000e+01 Lhat=0.0000000000e+00
KNUTH_SUBTREE root=5752 depth=26 w=6.1487170225e+36 Shat=2.9708500000e+03 Lhat=0.0000000000e+00
KNUTH_SUBTREE root=5753 depth=26 w=2.1143111443e+37 Shat=1.5884560000e+03 Lhat=0.0000000000e+00
KNUTH_SUBTREE root=5754 depth=26 w=1.4567427283e+37 Shat=2.5790040000e+03 Lhat=0.0000000000e+00
KNUTH_SUBTREE root=5755 depth=26 w=4.3541349133e+36 Shat=1.2890200000e+03 Lhat=0.0000000000e+00
KNUTH_SUBTREE root=5756 depth=26 w=1.4770483938e+36 Shat=3.7888000000e+01 Lhat=0.0000000000e+00
KNUTH_SUBTREE root=5757 depth=26 w=3.7325996050e+36 Shat=7.3858300000e+02 Lhat=0.0000000000e+00
KNUTH_SUBTREE root=5758 depth=26 w=3.5107262109e+36 Shat=6.1953000000e+02 Lhat=0.0000000000e+00
KNUTH_SUBTREE root=5759 depth=26 w=9.6746891200e+36 Shat=3.8301600000e+02 Lhat=0.0000000000e+00
KNUTH_SUBTREE root=5760 depth=26 w=9.5195420144e+36 Shat=4.1741110000e+03 Lhat=0.0000000000e+00
KNUTH_SUBTREE root=5761 depth=26 w=1.6790777908e+36 Shat=1.2792000000e+01 Lhat=0.0000000000e+00
KNUTH_SUBTREE root=5762 depth=26 w=9.4891118430e+36 Shat=1.4411200000e+02 Lhat=0.0000000000e+00
KNUTH_SUBTREE root=5763 depth=26 w=5.2629351635e+36 Shat=7.0000000000e+00 Lhat=0.0000000000e+00
KNUTH_SUBTREE root=5764 depth=26 w=7.4865533062e+35 Shat=6.0792000000e+01 Lhat=0.0000000000e+00
KNUTH_SUBTREE root=5765 depth=26 w=3.0539832622e+37 Shat=3.6198040000e+03 Lhat=0.0000000000e+00
KNUTH_SUBTREE root=5766 depth=26 w=1.9982687431e+35 Shat=9.0000000000e+00 Lhat=0.0000000000e+00
KNUTH_SUBTREE root=5767 depth=26 w=5.2803477611e+36 Shat=6.1467400000e+02 Lhat=0.0000000000e+00
KNUTH_SUBTREE root=5768 depth=26 w=8.2960132156e+36 Shat=1.8933600000e+02 Lhat=0.0000000000e+00
KNUTH_SUBTREE root=5769 depth=26 w=6.9471000603e+36 Shat=2.8863700000e+02 Lhat=0.0000000000e+00
KNUTH_SUBTREE root=5770 depth=26 w=1.6436463262e+37 Shat=3.1662000000e+02 Lhat=0.0000000000e+00
KNUTH_SUBTREE root=5771 depth=26 w=2.3831743481e+37 Shat=3.5495200000e+03 Lhat=0.0000000000e+00
KNUTH_SUBTREE root=5772 depth=26 w=3.3352401270e+37 Shat=2.3613600000e+02 Lhat=0.0000000000e+00
KNUTH_SUBTREE root=5773 depth=26 w=1.5929350702e+37 Shat=7.4741680000e+03 Lhat=0.0000000000e+00
KNUTH_SUBTREE root=5774 depth=26 w=1.3679698922e+37 Shat=2.5556320000e+03 Lhat=0.0000000000e+00
KNUTH_SUBTREE root=5775 depth=26 w=2.8941279792e+37 Shat=4.9396480000e+03 Lhat=0.0000000000e+00
KNUTH_SUBTREE root=5776 depth=26 w=9.0309232208e+36 Shat=1.6370400000e+02 Lhat=0.0000000000e+00
KNUTH_SUBTREE root=5777 depth=26 w=3.2559666841e+36 Shat=1.9700000000e+02 Lhat=0.0000000000e+00
KNUTH_SUBTREE root=5778 depth=26 w=4.2247383598e+36 Shat=5.4181000000e+02 Lhat=0.0000000000e+00
KNUTH_SUBTREE root=5779 depth=26 w=8.4770570826e+36 Shat=1.9840240000e+03 Lhat=0.0000000000e+00
KNUTH_SUBTREE root=5780 depth=26 w=2.5807485556e+36 Shat=1.3000000000e+01 Lhat=0.0000000000e+00
KNUTH_SUBTREE root=5781 depth=26 w=3.9563596268e+36 Shat=2.7698800000e+02 Lhat=0.0000000000e+00
KNUTH_SUBTREE root=5782 depth=26 w=1.8645671414e+37 Shat=2.1367000000e+03 Lhat=0.0000000000e+00
KNUTH_SUBTREE root=5783 depth=26 w=3.0776624496e+37 Shat=5.9975800000e+03 Lhat=0.0000000000e+00
KNUTH_SUBTREE root=5784 depth=26 w=2.4466378040e+37 Shat=2.0517040000e+03 Lhat=0.0000000000e+00
KNUTH_SUBTREE root=5785 depth=26 w=7.9742500028e+36 Shat=1.8706500000e+02 Lhat=0.0000000000e+00
KNUTH_SUBTREE root=5786 depth=26 w=1.4558711177e+36 Shat=1.3000000000e+01 Lhat=0.0000000000e+00
KNUTH_SUBTREE root=5787 depth=26 w=3.3533563334e+36 Shat=4.3420000000e+01 Lhat=0.0000000000e+00
KNUTH_SUBTREE root=5788 depth=26 w=4.5923137090e+36 Shat=1.8052000000e+01 Lhat=0.0000000000e+00
KNUTH_SUBTREE root=5789 depth=26 w=2.4506181488e+36 Shat=1.3000000000e+01 Lhat=0.0000000000e+00
KNUTH_SUBTREE root=5790 depth=26 w=1.1109149761e+37 Shat=1.8211840000e+03 Lhat=0.0000000000e+00
KNUTH_SUBTREE root=5791 depth=26 w=5.8797897963e+36 Shat=8.1539200000e+02 Lhat=0.0000000000e+00
KNUTH_SUBTREE root=5792 depth=26 w=2.5088674452e+36 Shat=2.4627800000e+02 Lhat=0.0000000000e+00
KNUTH_SUBTREE root=5793 depth=26 w=1.1840324880e+37 Shat=1.7099020000e+03 Lhat=0.0000000000e+00
KNUTH_SUBTREE root=5794 depth=26 w=6.6459058054e+36 Shat=3.2590000000e+03 Lhat=0.0000000000e+00
KNUTH_SUBTREE root=5795 depth=26 w=1.1452524713e+37 Shat=1.4840560000e+03 Lhat=0.0000000000e+00
KNUTH_SUBTREE root=5796 depth=26 w=1.5376405501e+37 Shat=1.1636200000e+02 Lhat=0.0000000000e+00
KNUTH_SUBTREE root=5797 depth=26 w=4.3820773657e+35 Shat=7.9660000000e+00 Lhat=0.0000000000e+00
KNUTH_SUBTREE root=5798 depth=26 w=1.3035904213e+37 Shat=2.1764240000e+03 Lhat=0.0000000000e+00
KNUTH_SUBTREE root=5799 depth=26 w=7.2569171990e+36 Shat=1.4916000000e+01 Lhat=0.0000000000e+00
KNUTH_SUBTREE root=5800 depth=26 w=2.6530587098e+37 Shat=2.2160300000e+03 Lhat=0.0000000000e+00
KNUTH_SUBTREE root=5801 depth=26 w=3.5499598528e+36 Shat=2.1000000000e+01 Lhat=0.0000000000e+00
KNUTH_SUBTREE root=5802 depth=26 w=5.5942576248e+34 Shat=2.0000000000e+00 Lhat=0.0000000000e+00
KNUTH_SUBTREE root=5803 depth=26 w=1.1292613211e+37 Shat=2.6589150000e+03 Lhat=0.0000000000e+00
KNUTH_SUBTREE root=5804 depth=26 w=2.8117338959e+36 Shat=9.8923720000e+03 Lhat=0.0000000000e+00
KNUTH_SUBTREE root=5805 depth=26 w=1.4538560371e+37 Shat=1.2307500000e+02 Lhat=0.0000000000e+00
KNUTH_SUBTREE root=5806 depth=26 w=1.0264903891e+37 Shat=1.8246600000e+03 Lhat=0.0000000000e+00
KNUTH_SUBTREE root=5807 depth=26 w=1.5762254850e+36 Shat=2.9225200000e+03 Lhat=0.0000000000e+00
KNUTH_SUBTREE root=5808 depth=26 w=2.8392776354e+37 Shat=2.3052500000e+03 Lhat=9.4620000000e+01
KNUTH_SUBTREE root=5809 depth=26 w=2.5975409227e+37 Shat=4.0900600000e+02 Lhat=0.0000000000e+00
KNUTH_SUBTREE root=5810 depth=26 w=1.4493582604e+37 Shat=1.4141560000e+04 Lhat=0.0000000000e+00
KNUTH_SUBTREE root=5811 depth=26 w=1.4959091979e+36 Shat=1.0616044000e+04 Lhat=0.0000000000e+00
KNUTH_SUBTREE root=5812 depth=26 w=7.9460267779e+36 Shat=2.0598320000e+03 Lhat=0.0000000000e+00
KNUTH_SUBTREE root=5813 depth=26 w=2.4639159250e+37 Shat=1.8023800000e+03 Lhat=0.0000000000e+00
KNUTH_SUBTREE root=5814 depth=26 w=1.1955856698e+36 Shat=3.0000000000e+00 Lhat=0.0000000000e+00
KNUTH_SUBTREE root=5815 depth=26 w=1.1212527167e+37 Shat=2.3755100000e+03 Lhat=0.0000000000e+00
KNUTH_SUBTREE root=5816 depth=26 w=3.3683008793e+36 Shat=5.0271000000e+02 Lhat=0.0000000000e+00
KNUTH_SUBTREE root=5817 depth=26 w=9.3796502383e+36 Shat=1.1749920000e+03 Lhat=0.0000000000e+00
KNUTH_SUBTREE root=5818 depth=26 w=2.5656607905e+37 Shat=5.0602120000e+03 Lhat=0.0000000000e+00
KNUTH_SUBTREE root=5819 depth=26 w=2.7435262652e+36 Shat=5.0000000000e+00 Lhat=0.0000000000e+00
KNUTH_SUBTREE root=5820 depth=26 w=3.8811669833e+36 Shat=1.6239000000e+02 Lhat=0.0000000000e+00
KNUTH_SUBTREE root=5821 depth=26 w=4.1510796284e+36 Shat=1.7776000000e+02 Lhat=0.0000000000e+00
KNUTH_SUBTREE root=5822 depth=26 w=5.0713663376e+36 Shat=1.9593190000e+03 Lhat=0.0000000000e+00
KNUTH_SUBTREE root=5823 depth=26 w=6.3194824413e+36 Shat=3.0000000000e+00 Lhat=0.0000000000e+00
KNUTH_SUBTREE root=5824 depth=26 w=2.9519203006e+36 Shat=3.5680720000e+03 Lhat=0.0000000000e+00
KNUTH_SUBTREE root=5825 depth=26 w=1.3883930613e+36 Shat=1.7536000000e+01 Lhat=0.0000000000e+00
KNUTH_SUBTREE root=5826 depth=26 w=4.0718963750e+37 Shat=5.9140000000e+01 Lhat=0.0000000000e+00
KNUTH_SUBTREE root=5827 depth=26 w=2.0227379801e+37 Shat=1.5353920000e+03 Lhat=0.0000000000e+00
KNUTH_SUBTREE root=5828 depth=26 w=3.0696055070e+37 Shat=4.4380000000e+02 Lhat=0.0000000000e+00
KNUTH_SUBTREE root=5829 depth=26 w=4.0933812187e+36 Shat=8.5495000000e+02 Lhat=0.0000000000e+00
KNUTH_SUBTREE root=5830 depth=26 w=3.8176398182e+36 Shat=2.2208000000e+02 Lhat=0.0000000000e+00
KNUTH_SUBTREE root=5831 depth=26 w=3.0949202521e+37 Shat=1.7231000000e+03 Lhat=0.0000000000e+00
KNUTH_SUBTREE root=5832 depth=26 w=5.6557125483e+36 Shat=2.5680300000e+03 Lhat=0.0000000000e+00
KNUTH_SUBTREE root=5833 depth=26 w=5.6837666746e+36 Shat=4.3790500000e+03 Lhat=0.0000000000e+00
KNUTH_SUBTREE root=5834 depth=26 w=5.6677119918e+36 Shat=7.9000000000e+01 Lhat=0.0000000000e+00
KNUTH_SUBTREE root=5835 depth=26 w=3.1675328711e+36 Shat=2.2025000000e+01 Lhat=0.0000000000e+00
KNUTH_SUBTREE root=5836 depth=26 w=8.8308490390e+36 Shat=1.5932000000e+01 Lhat=0.0000000000e+00
KNUTH_SUBTREE root=5837 depth=26 w=8.0181261467e+36 Shat=3.6806800000e+03 Lhat=0.0000000000e+00
KNUTH_SUBTREE root=5838 depth=26 w=2.3106683074e+36 Shat=2.4850000000e+01 Lhat=0.0000000000e+00
KNUTH_SUBTREE root=5839 depth=26 w=1.1716418629e+37 Shat=1.2024000000e+01 Lhat=0.0000000000e+00
KNUTH_SUBTREE root=5840 depth=26 w=2.0323101479e+36 Shat=6.1060000000e+00 Lhat=0.0000000000e+00
KNUTH_SUBTREE root=5841 depth=26 w=8.3916360757e+36 Shat=3.9836080000e+03 Lhat=0.0000000000e+00
KNUTH_SUBTREE root=5842 depth=26 w=1.0189599463e+37 Shat=2.2163000000e+03 Lhat=0.0000000000e+00
KNUTH_SUBTREE root=5843 depth=26 w=1.0520082084e+37 Shat=7.0000000000e+00 Lhat=0.0000000000e+00
KNUTH_SUBTREE root=5844 depth=26 w=2.1934158958e+37 Shat=8.5040000000e+01 Lhat=0.0000000000e+00
KNUTH_SUBTREE root=5845 depth=26 w=1.9976969738e+37 Shat=2.4250690000e+03 Lhat=0.0000000000e+00
KNUTH_SUBTREE root=5846 depth=26 w=2.6529942203e+36 Shat=4.0000000000e+00 Lhat=0.0000000000e+00
KNUTH_SUBTREE root=5847 depth=26 w=1.2656618797e+37 Shat=1.7128600000e+03 Lhat=0.0000000000e+00
KNUTH_SUBTREE root=5848 depth=26 w=3.2456176197e+37 Shat=1.9257300000e+03 Lhat=0.0000000000e+00
KNUTH_SUBTREE root=5849 depth=26 w=2.9355626350e+36 Shat=3.4344800000e+02 Lhat=0.0000000000e+00
KNUTH_SUBTREE root=5850 depth=26 w=2.2125418952e+37 Shat=1.1989600000e+03 Lhat=0.0000000000e+00
KNUTH_SUBTREE root=5851 depth=26 w=3.4806273875e+36 Shat=1.4329000000e+02 Lhat=0.0000000000e+00
KNUTH_SUBTREE root=5852 depth=26 w=1.9726487479e+37 Shat=1.3016200000e+02 Lhat=0.0000000000e+00
KNUTH_SUBTREE root=5853 depth=26 w=2.3352022214e+37 Shat=8.0305000000e+01 Lhat=0.0000000000e+00
KNUTH_SUBTREE root=5854 depth=26 w=8.9456402688e+36 Shat=3.5268000000e+02 Lhat=0.0000000000e+00
KNUTH_SUBTREE root=5855 depth=26 w=2.2208255254e+36 Shat=3.1563200000e+02 Lhat=0.0000000000e+00
KNUTH_SUBTREE root=5856 depth=26 w=6.6660388743e+36 Shat=1.4497200000e+03 Lhat=0.0000000000e+00
KNUTH_SUBTREE root=5857 depth=26 w=2.6533409513e+36 Shat=7.2970000000e+01 Lhat=0.0000000000e+00
KNUTH_SUBTREE root=5858 depth=26 w=2.5034915533e+37 Shat=3.5016700000e+03 Lhat=0.0000000000e+00
KNUTH_SUBTREE root=5859 depth=26 w=2.2534481476e+36 Shat=7.1928000000e+01 Lhat=0.0000000000e+00
KNUTH_SUBTREE root=5860 depth=26 w=2.3723396627e+36 Shat=1.5585800000e+03 Lhat=0.0000000000e+00
KNUTH_SUBTREE root=5861 depth=26 w=2.8011646725e+37 Shat=2.1457720000e+03 Lhat=0.0000000000e+00
KNUTH_SUBTREE root=5862 depth=26 w=2.2838367138e+37 Shat=9.0927200000e+02 Lhat=0.0000000000e+00
KNUTH_SUBTREE root=5863 depth=26 w=3.8761062898e+36 Shat=1.0720150000e+03 Lhat=0.0000000000e+00
KNUTH_SUBTREE root=5864 depth=26 w=8.0452325215e+36 Shat=6.8913520000e+03 Lhat=1.2001920000e+03
KNUTH_SUBTREE root=5865 depth=26 w=3.9295420565e+36 Shat=5.2490000000e+01 Lhat=0.0000000000e+00
KNUTH_SUBTREE root=5866 depth=26 w=2.4465787474e+36 Shat=2.8422400000e+02 Lhat=0.0000000000e+00
KNUTH_SUBTREE root=5867 depth=26 w=9.0626060439e+36 Shat=3.3946840000e+03 Lhat=0.0000000000e+00
KNUTH_SUBTREE root=5868 depth=26 w=2.3266958101e+37 Shat=9.9250000000e+02 Lhat=0.0000000000e+00
KNUTH_SUBTREE root=5869 depth=26 w=2.8925210180e+36 Shat=5.9800000000e+00 Lhat=0.0000000000e+00
KNUTH_SUBTREE root=5870 depth=26 w=1.1223385043e+36 Shat=5.0000000000e+00 Lhat=0.0000000000e+00
KNUTH_SUBTREE root=5871 depth=26 w=2.2077398639e+36 Shat=2.6246400000e+02 Lhat=0.0000000000e+00
KNUTH_SUBTREE root=5872 depth=26 w=7.9898143573e+36 Shat=5.3562000000e+02 Lhat=0.0000000000e+00
KNUTH_SUBTREE root=5873 depth=26 w=1.4899457788e+36 Shat=7.4985200000e+02 Lhat=0.0000000000e+00
KNUTH_SUBTREE root=5874 depth=26 w=4.5147564946e+36 Shat=1.2160000000e+01 Lhat=0.0000000000e+00
KNUTH_SUBTREE root=5875 depth=26 w=2.5104092269e+37 Shat=5.6446000000e+01 Lhat=0.0000000000e+00
KNUTH_SUBTREE root=5876 depth=26 w=1.3433077596e+36 Shat=2.1957000000e+02 Lhat=0.0000000000e+00
KNUTH_SUBTREE root=5877 depth=26 w=2.7653972966e+36 Shat=2.7700000000e+01 Lhat=0.0000000000e+00
KNUTH_SUBTREE root=5878 depth=26 w=3.1583515253e+36 Shat=2.8706800000e+02 Lhat=0.0000000000e+00
KNUTH_SUBTREE root=5879 depth=26 w=8.4524579345e+36 Shat=3.0000000000e+00 Lhat=0.0000000000e+00
KNUTH_SUBTREE root=5880 depth=26 w=2.3603114135e+37 Shat=2.2804000000e+02 Lhat=0.0000000000e+00
KNUTH_SUBTREE root=5881 depth=26 w=2.6034297220e+37 Shat=2.6487100000e+03 Lhat=0.0000000000e+00
KNUTH_SUBTREE root=5882 depth=26 w=1.9655865640e+36 Shat=3.6348400000e+03 Lhat=0.0000000000e+00
KNUTH_SUBTREE root=5883 depth=26 w=3.2343509977e+36 Shat=5.4178570000e+03 Lhat=0.0000000000e+00
KNUTH_SUBTREE root=5884 depth=26 w=2.7356069072e+37 Shat=1.1904080000e+03 Lhat=0.0000000000e+00
KNUTH_SUBTREE root=5885 depth=26 w=3.3036622240e+36 Shat=1.5433600000e+02 Lhat=0.0000000000e+00
KNUTH_SUBTREE root=5886 depth=26 w=2.6695267765e+37 Shat=1.5315760000e+03 Lhat=0.0000000000e+00
KNUTH_SUBTREE root=5887 depth=26 w=1.2104018499e+37 Shat=1.7640400000e+03 Lhat=0.0000000000e+00
KNUTH_SUBTREE root=5888 depth=26 w=7.3341157291e+36 Shat=1.3826890000e+03 Lhat=0.0000000000e+00
KNUTH_SUBTREE root=5889 depth=26 w=3.0765540056e+36 Shat=2.2172160000e+03 Lhat=0.0000000000e+00
KNUTH_SUBTREE root=5890 depth=26 w=4.0877033016e+36 Shat=2.6263720000e+03 Lhat=0.0000000000e+00
KNUTH_SUBTREE root=5891 depth=26 w=2.7998482656e+37 Shat=3.1066520000e+03 Lhat=0.0000000000e+00
KNUTH_SUBTREE root=5892 depth=26 w=2.4964326271e+37 Shat=1.0776868000e+04 Lhat=0.0000000000e+00
KNUTH_SUBTREE root=5893 depth=26 w=3.1978334116e+36 Shat=2.4743300000e+02 Lhat=0.0000000000e+00
KNUTH_SUBTREE root=5894 depth=26 w=4.9395619366e+36 Shat=6.2434120000e+03 Lhat=2.7362500000e+02
KNUTH_SUBTREE root=5895 depth=26 w=4.1490406497e+36 Shat=5.0398000000e+01 Lhat=0.0000000000e+00
KNUTH_SUBTREE root=5896 depth=26 w=2.0234454580e+37 Shat=1.2682900000e+02 Lhat=0.0000000000e+00
KNUTH_SUBTREE root=5897 depth=26 w=4.4852200635e+36 Shat=7.9000000000e+01 Lhat=0.0000000000e+00
KNUTH_SUBTREE root=5898 depth=26 w=3.9408432439e+36 Shat=4.9478000000e+02 Lhat=0.0000000000e+00
KNUTH_SUBTREE root=5899 depth=26 w=1.8636366589e+37 Shat=2.5272100000e+03 Lhat=0.0000000000e+00
KNUTH_SUBTREE root=5900 depth=26 w=2.6355349398e+37 Shat=1.0099000000e+02 Lhat=0.0000000000e+00
KNUTH_SUBTREE root=5901 depth=26 w=1.4526495807e+37 Shat=1.3089040000e+03 Lhat=0.0000000000e+00
KNUTH_SUBTREE root=5902 depth=26 w=9.4359361014e+36 Shat=7.9000000000e+01 Lhat=0.0000000000e+00
KNUTH_SUBTREE root=5903 depth=26 w=1.7424976812e+37 Shat=1.2400350000e+03 Lhat=0.0000000000e+00
KNUTH_SUBTREE root=5904 depth=26 w=2.9509489293e+36 Shat=5.5992000000e+01 Lhat=0.0000000000e+00
KNUTH_SUBTREE root=5905 depth=26 w=9.9066693741e+36 Shat=1.8120430000e+03 Lhat=0.0000000000e+00
KNUTH_SUBTREE root=5906 depth=26 w=9.8320198242e+36 Shat=4.3000000000e+01 Lhat=0.0000000000e+00
KNUTH_SUBTREE root=5907 depth=26 w=4.2545315509e+36 Shat=1.9000000000e+02 Lhat=0.0000000000e+00
KNUTH_SUBTREE root=5908 depth=26 w=7.4359262694e+36 Shat=4.1259500000e+02 Lhat=0.0000000000e+00
KNUTH_SUBTREE root=5909 depth=26 w=3.5408501486e+36 Shat=2.1868000000e+01 Lhat=0.0000000000e+00
KNUTH_SUBTREE root=5910 depth=26 w=1.5582789898e+37 Shat=3.8716000000e+02 Lhat=0.0000000000e+00
KNUTH_SUBTREE root=5911 depth=26 w=2.1915481927e+37 Shat=1.1702000000e+03 Lhat=0.0000000000e+00
KNUTH_SUBTREE root=5912 depth=26 w=2.6280522242e+37 Shat=2.4325200000e+03 Lhat=0.0000000000e+00
KNUTH_SUBTREE root=5913 depth=26 w=3.2315481134e+36 Shat=1.0317920000e+03 Lhat=0.0000000000e+00
KNUTH_SUBTREE root=5914 depth=26 w=6.9465046007e+36 Shat=5.2846720000e+03 Lhat=0.0000000000e+00
KNUTH_SUBTREE root=5915 depth=26 w=2.0763818201e+37 Shat=1.0198900000e+02 Lhat=0.0000000000e+00
KNUTH_SUBTREE root=5916 depth=26 w=4.1403708824e+36 Shat=4.5712720000e+03 Lhat=0.0000000000e+00
KNUTH_SUBTREE root=5917 depth=26 w=3.3978567255e+37 Shat=2.2395880000e+03 Lhat=0.0000000000e+00
KNUTH_SUBTREE root=5918 depth=26 w=2.5090998921e+37 Shat=6.4479700000e+02 Lhat=0.0000000000e+00
KNUTH_SUBTREE root=5919 depth=26 w=1.9468849743e+36 Shat=8.0254000000e+01 Lhat=0.0000000000e+00
KNUTH_SUBTREE root=5920 depth=26 w=3.1449770130e+37 Shat=6.2555800000e+02 Lhat=0.0000000000e+00
KNUTH_SUBTREE root=5921 depth=26 w=2.3348289510e+36 Shat=5.8490000000e+01 Lhat=0.0000000000e+00
KNUTH_SUBTREE root=5922 depth=26 w=2.0382884121e+37 Shat=1.1838700000e+03 Lhat=0.0000000000e+00
KNUTH_SUBTREE root=5923 depth=26 w=3.1534379979e+37 Shat=3.4754320000e+03 Lhat=0.0000000000e+00
KNUTH_SUBTREE root=5924 depth=26 w=1.4008460171e+37 Shat=3.7750120000e+03 Lhat=0.0000000000e+00
KNUTH_SUBTREE root=5925 depth=26 w=6.6665542214e+34 Shat=3.0000000000e+00 Lhat=0.0000000000e+00
KNUTH_SUBTREE root=5926 depth=26 w=8.8762133593e+36 Shat=4.3000000000e+01 Lhat=0.0000000000e+00
KNUTH_SUBTREE root=5927 depth=26 w=1.7365292991e+37 Shat=4.7825110000e+03 Lhat=0.0000000000e+00
KNUTH_SUBTREE root=5928 depth=26 w=3.7878251086e+35 Shat=7.6220000000e+01 Lhat=0.0000000000e+00
KNUTH_SUBTREE root=5929 depth=26 w=5.9333959397e+36 Shat=1.3589800000e+02 Lhat=0.0000000000e+00
KNUTH_SUBTREE root=5930 depth=26 w=7.8775466015e+36 Shat=7.9000000000e+01 Lhat=0.0000000000e+00
KNUTH_SUBTREE root=5931 depth=26 w=1.7117385844e+36 Shat=7.7180000000e+01 Lhat=0.0000000000e+00
KNUTH_SUBTREE root=5932 depth=26 w=1.2328885972e+37 Shat=9.2740000000e+01 Lhat=0.0000000000e+00
KNUTH_SUBTREE root=5933 depth=26 w=2.1996126048e+36 Shat=2.8058000000e+02 Lhat=0.0000000000e+00
KNUTH_SUBTREE root=5934 depth=26 w=3.2098175468e+36 Shat=4.5188800000e+02 Lhat=0.0000000000e+00
KNUTH_SUBTREE root=5935 depth=26 w=5.8830114894e+36 Shat=2.1457910000e+03 Lhat=0.0000000000e+00
KNUTH_SUBTREE root=5936 depth=26 w=2.3450083493e+36 Shat=3.5241700000e+03 Lhat=0.0000000000e+00
KNUTH_SUBTREE root=5937 depth=26 w=1.0401042014e+36 Shat=3.0000000000e+00 Lhat=0.0000000000e+00
KNUTH_SUBTREE root=5938 depth=26 w=9.5183301900e+35 Shat=2.6892000000e+01 Lhat=0.0000000000e+00
KNUTH_SUBTREE root=5939 depth=26 w=2.4410821322e+36 Shat=1.2119800000e+04 Lhat=0.0000000000e+00
KNUTH_SUBTREE root=5940 depth=26 w=2.8126100648e+37 Shat=8.9668000000e+01 Lhat=0.0000000000e+00
KNUTH_SUBTREE root=5941 depth=26 w=5.8033285754e+36 Shat=7.6816000000e+02 Lhat=0.0000000000e+00
KNUTH_SUBTREE root=5942 depth=26 w=1.9042205010e+37 Shat=2.5047880000e+03 Lhat=0.0000000000e+00
KNUTH_SUBTREE root=5943 depth=26 w=2.3983101757e+37 Shat=3.8211200000e+02 Lhat=0.0000000000e+00
KNUTH_SUBTREE root=5944 depth=26 w=1.7174792432e+36 Shat=1.9277000000e+01 Lhat=0.0000000000e+00
KNUTH_SUBTREE root=5945 depth=26 w=2.1793772911e+37 Shat=1.1301400000e+02 Lhat=0.0000000000e+00
KNUTH_SUBTREE root=5946 depth=26 w=3.2137734925e+37 Shat=4.6084000000e+01 Lhat=0.0000000000e+00
KNUTH_SUBTREE root=5947 depth=26 w=3.0161613435e+37 Shat=3.8927670000e+03 Lhat=0.0000000000e+00
KNUTH_SUBTREE root=5948 depth=26 w=1.7910053710e+37 Shat=1.0926400000e+03 Lhat=0.0000000000e+00
KNUTH_SUBTREE root=5949 depth=26 w=2.0730942847e+37 Shat=9.2104000000e+02 Lhat=0.0000000000e+00
KNUTH_SUBTREE root=5950 depth=26 w=1.0274645646e+37 Shat=1.2253000000e+02 Lhat=0.0000000000e+00
KNUTH_SUBTREE root=5951 depth=26 w=3.7851308196e+35 Shat=1.5022000000e+01 Lhat=0.0000000000e+00
KNUTH_SUBTREE root=5952 depth=26 w=2.6487193204e+36 Shat=2.0516100000e+03 Lhat=0.0000000000e+00
KNUTH_SUBTREE root=5953 depth=26 w=7.2652310324e+36 Shat=1.7814700000e+03 Lhat=0.0000000000e+00
KNUTH_SUBTREE root=5954 depth=26 w=2.2322037983e+37 Shat=1.7645600000e+03 Lhat=0.0000000000e+00
KNUTH_SUBTREE root=5955 depth=26 w=9.2720715216e+36 Shat=4.8656800000e+02 Lhat=0.0000000000e+00
KNUTH_SUBTREE root=5956 depth=26 w=2.6378954125e+37 Shat=1.1753000000e+02 Lhat=0.0000000000e+00
KNUTH_SUBTREE root=5957 depth=26 w=2.7637398299e+36 Shat=1.0381600000e+02 Lhat=0.0000000000e+00
KNUTH_SUBTREE root=5958 depth=26 w=1.0831651457e+37 Shat=8.2370000000e+01 Lhat=0.0000000000e+00
KNUTH_SUBTREE root=5959 depth=26 w=5.4797587129e+36 Shat=2.0463200000e+02 Lhat=0.0000000000e+00
KNUTH_SUBTREE root=5960 depth=26 w=1.0732681784e+37 Shat=4.4001860000e+03 Lhat=0.0000000000e+00
KNUTH_SUBTREE root=5961 depth=26 w=3.4813512324e+37 Shat=6.5092800000e+02 Lhat=0.0000000000e+00
KNUTH_SUBTREE root=5962 depth=26 w=3.1159642757e+37 Shat=7.8071300000e+02 Lhat=0.0000000000e+00
KNUTH_SUBTREE root=5963 depth=26 w=2.4270187245e+37 Shat=8.4791200000e+02 Lhat=0.0000000000e+00
KNUTH_SUBTREE root=5964 depth=26 w=4.5402092686e+36 Shat=1.7426000000e+02 Lhat=0.0000000000e+00
KNUTH_SUBTREE root=5965 depth=26 w=4.3461439941e+36 Shat=6.1576000000e+01 Lhat=0.0000000000e+00
KNUTH_SUBTREE root=5966 depth=26 w=1.0917358319e+37 Shat=1.0263440000e+03 Lhat=0.0000000000e+00
KNUTH_SUBTREE root=5967 depth=26 w=4.1797581125e+36 Shat=1.8688000000e+01 Lhat=0.0000000000e+00
KNUTH_SUBTREE root=5968 depth=26 w=3.1716070050e+37 Shat=1.3048540000e+04 Lhat=0.0000000000e+00
KNUTH_SUBTREE root=5969 depth=26 w=3.2610782223e+36 Shat=7.5716000000e+02 Lhat=0.0000000000e+00
KNUTH_SUBTREE root=5970 depth=26 w=5.9583089427e+36 Shat=1.4905700000e+03 Lhat=0.0000000000e+00
KNUTH_SUBTREE root=5971 depth=26 w=2.9715794341e+37 Shat=5.0136800000e+02 Lhat=0.0000000000e+00
KNUTH_SUBTREE root=5972 depth=26 w=2.3048996754e+36 Shat=2.5134770000e+03 Lhat=0.0000000000e+00
KNUTH_SUBTREE root=5973 depth=26 w=7.5480889454e+36 Shat=4.8792000000e+01 Lhat=0.0000000000e+00
KNUTH_SUBTREE root=5974 depth=26 w=6.8585690561e+36 Shat=4.8280800000e+02 Lhat=0.0000000000e+00
KNUTH_SUBTREE root=5975 depth=26 w=3.1821360729e+37 Shat=3.0125360000e+03 Lhat=9.5320000000e+01
KNUTH_SUBTREE root=5976 depth=26 w=3.2417236743e+37 Shat=5.5111000000e+02 Lhat=0.0000000000e+00
KNUTH_SUBTREE root=5977 depth=26 w=1.1562112397e+37 Shat=6.7839200000e+02 Lhat=0.0000000000e+00
KNUTH_SUBTREE root=5978 depth=26 w=3.4202292681e+36 Shat=7.2256000000e+01 Lhat=0.0000000000e+00
KNUTH_SUBTREE root=5979 depth=26 w=3.4944601218e+37 Shat=4.1904500000e+03 Lhat=0.0000000000e+00
KNUTH_SUBTREE root=5980 depth=26 w=1.3097775939e+37 Shat=1.5856000000e+01 Lhat=0.0000000000e+00
KNUTH_SUBTREE root=5981 depth=26 w=6.7738099179e+36 Shat=4.5601800000e+03 Lhat=0.0000000000e+00
KNUTH_SUBTREE root=5982 depth=26 w=4.5665233737e+36 Shat=1.3317910000e+03 Lhat=0.0000000000e+00
KNUTH_SUBTREE root=5983 depth=26 w=2.1229332568e+37 Shat=1.4518000000e+03 Lhat=0.0000000000e+00
KNUTH_SUBTREE root=5984 depth=26 w=2.3000769242e+36 Shat=1.3913200000e+03 Lhat=0.0000000000e+00
KNUTH_SUBTREE root=5985 depth=26 w=2.8809951103e+36 Shat=4.0880000000e+01 Lhat=0.0000000000e+00
KNUTH_SUBTREE root=5986 depth=26 w=1.4520306393e+36 Shat=4.1895640000e+03 Lhat=0.0000000000e+00
KNUTH_SUBTREE root=5987 depth=26 w=1.0123574808e+37 Shat=1.3489000000e+02 Lhat=0.0000000000e+00
KNUTH_SUBTREE root=5988 depth=26 w=6.7451474958e+36 Shat=3.5541760000e+03 Lhat=0.0000000000e+00
KNUTH_SUBTREE root=5989 depth=26 w=3.2258136857e+37 Shat=7.5010420000e+03 Lhat=0.0000000000e+00
KNUTH_SUBTREE root=5990 depth=26 w=1.3024916239e+37 Shat=4.6638800000e+02 Lhat=0.0000000000e+00
KNUTH_SUBTREE root=5991 depth=26 w=2.1152722120e+36 Shat=1.6867000000e+01 Lhat=0.0000000000e+00
KNUTH_SUBTREE root=5992 depth=26 w=4.3747646227e+36 Shat=1.0404700000e+03 Lhat=0.0000000000e+00
KNUTH_SUBTREE root=5993 depth=26 w=2.5745986351e+37 Shat=2.3647960000e+03 Lhat=0.0000000000e+00
KNUTH_SUBTREE root=5994 depth=26 w=9.7944881059e+36 Shat=7.0000000000e+00 Lhat=0.0000000000e+00
KNUTH_SUBTREE root=5995 depth=26 w=1.2787319187e+37 Shat=3.3923000000e+03 Lhat=0.0000000000e+00
KNUTH_SUBTREE root=5996 depth=26 w=8.9900972149e+36 Shat=9.6450310000e+03 Lhat=0.0000000000e+00
KNUTH_SUBTREE root=5997 depth=26 w=5.2820855631e+36 Shat=1.1017680000e+03 Lhat=0.0000000000e+00
KNUTH_SUBTREE root=5998 depth=26 w=2.3582272327e+37 Shat=7.9262200000e+02 Lhat=0.0000000000e+00
KNUTH_SUBTREE root=5999 depth=26 w=1.4582820440e+37 Shat=7.5656000000e+01 Lhat=0.0000000000e+00
KNUTH_SUBTREE root=6000 depth=26 w=2.8922190480e+36 Shat=4.3012500000e+03 Lhat=0.0000000000e+00
KNUTH_SUBTREE root=6001 depth=26 w=1.2972764483e+36 Shat=7.8560000000e+01 Lhat=0.0000000000e+00
KNUTH_SUBTREE root=6002 depth=26 w=3.7350201929e+36 Shat=1.9770700000e+03 Lhat=0.0000000000e+00
KNUTH_SUBTREE root=6003 depth=26 w=6.0086319434e+34 Shat=9.0560000000e+00 Lhat=0.0000000000e+00
KNUTH_SUBTREE root=6004 depth=26 w=2.3496857724e+35 Shat=6.5555000000e+01 Lhat=0.0000000000e+00
KNUTH_SUBTREE root=6005 depth=26 w=3.4369049045e+36 Shat=2.0000000000e+00 Lhat=0.0000000000e+00
KNUTH_SUBTREE root=6006 depth=26 w=6.8782864430e+36 Shat=2.1571760000e+03 Lhat=0.0000000000e+00
KNUTH_SUBTREE root=6007 depth=26 w=7.1676584905e+36 Shat=3.7827230000e+03 Lhat=0.0000000000e+00
KNUTH_SUBTREE root=6008 depth=26 w=2.0511126477e+37 Shat=1.0000000000e+01 Lhat=0.0000000000e+00
KNUTH_SUBTREE root=6009 depth=26 w=2.1400660497e+36 Shat=5.6741200000e+03 Lhat=0.0000000000e+00
KNUTH_SUBTREE root=6010 depth=26 w=2.3195516877e+37 Shat=6.5108000000e+02 Lhat=0.0000000000e+00
KNUTH_SUBTREE root=6011 depth=26 w=1.0530776994e+35 Shat=1.0000000000e+01 Lhat=0.0000000000e+00
KNUTH_SUBTREE root=6012 depth=26 w=2.6940272234e+37 Shat=1.5754400000e+02 Lhat=0.0000000000e+00
KNUTH_SUBTREE root=6013 depth=26 w=4.1562826380e+36 Shat=7.5074550000e+03 Lhat=0.0000000000e+00
KNUTH_SUBTREE root=6014 depth=26 w=3.3657261604e+37 Shat=7.8837000000e+02 Lhat=0.0000000000e+00
KNUTH_SUBTREE root=6015 depth=26 w=2.8713467263e+37 Shat=2.1530400000e+02 Lhat=0.0000000000e+00
KNUTH_SUBTREE root=6016 depth=26 w=6.3014944467e+36 Shat=1.8258220000e+03 Lhat=0.0000000000e+00
KNUTH_SUBTREE root=6017 depth=26 w=7.2515441955e+36 Shat=2.6511860000e+03 Lhat=2.7244800000e+02
KNUTH_SUBTREE root=6018 depth=26 w=1.7440793086e+37 Shat=7.7983600000e+02 Lhat=0.0000000000e+00
KNUTH_SUBTREE root=6019 depth=26 w=2.8693597144e+37 Shat=2.0072560000e+03 Lhat=0.0000000000e+00
KNUTH_SUBTREE root=6020 depth=26 w=3.0428744097e+37 Shat=4.8484910000e+03 Lhat=0.0000000000e+00
KNUTH_SUBTREE root=6021 depth=26 w=1.3772933003e+37 Shat=1.6569300000e+03 Lhat=0.0000000000e+00
KNUTH_SUBTREE root=6022 depth=26 w=7.2483405484e+36 Shat=1.1104000000e+01 Lhat=0.0000000000e+00
KNUTH_SUBTREE root=6023 depth=26 w=1.1682153086e+37 Shat=3.4232800000e+02 Lhat=0.0000000000e+00
KNUTH_SUBTREE root=6024 depth=26 w=2.6523351451e+37 Shat=5.5134520000e+03 Lhat=0.0000000000e+00
KNUTH_SUBTREE root=6025 depth=26 w=1.2904661594e+36 Shat=2.1925000000e+01 Lhat=0.0000000000e+00
KNUTH_SUBTREE root=6026 depth=26 w=4.8852673746e+36 Shat=1.5575000000e+01 Lhat=0.0000000000e+00
KNUTH_SUBTREE root=6027 depth=26 w=1.1049687825e+36 Shat=6.0236000000e+01 Lhat=0.0000000000e+00
KNUTH_SUBTREE root=6028 depth=26 w=6.1691839381e+36 Shat=5.0680000000e+00 Lhat=0.0000000000e+00
KNUTH_SUBTREE root=6029 depth=26 w=9.0025724026e+36 Shat=3.9019200000e+03 Lhat=0.0000000000e+00
KNUTH_SUBTREE root=6030 depth=26 w=1.5119087074e+37 Shat=1.5914100000e+03 Lhat=0.0000000000e+00
KNUTH_SUBTREE root=6031 depth=26 w=1.5569420718e+37 Shat=2.5037000000e+02 Lhat=0.0000000000e+00
KNUTH_SUBTREE root=6032 depth=26 w=3.2160417402e+36 Shat=6.8551500000e+02 Lhat=0.0000000000e+00
KNUTH_SUBTREE root=6033 depth=26 w=1.6052995738e+37 Shat=6.1853600000e+02 Lhat=0.0000000000e+00
KNUTH_SUBTREE root=6034 depth=26 w=2.6334576648e+37 Shat=9.0743000000e+03 Lhat=0.0000000000e+00
KNUTH_SUBTREE root=6035 depth=26 w=7.6216294974e+36 Shat=1.7000000000e+01 Lhat=0.0000000000e+00
KNUTH_SUBTREE root=6036 depth=26 w=2.0303458793e+37 Shat=1.1053090000e+03 Lhat=0.0000000000e+00
KNUTH_SUBTREE root=6037 depth=26 w=2.2693322024e+37 Shat=9.2200000000e+02 Lhat=0.0000000000e+00
KNUTH_SUBTREE root=6038 depth=26 w=5.3233700400e+36 Shat=1.5587200000e+02 Lhat=0.0000000000e+00
KNUTH_SUBTREE root=6039 depth=26 w=2.4398412233e+36 Shat=1.4502800000e+03 Lhat=0.0000000000e+00
KNUTH_SUBTREE root=6040 depth=26 w=2.6754218127e+36 Shat=6.2215000000e+02 Lhat=0.0000000000e+00
KNUTH_SUBTREE root=6041 depth=26 w=5.3750853869e+36 Shat=3.2674600000e+02 Lhat=0.0000000000e+00
KNUTH_SUBTREE root=6042 depth=26 w=3.0799366651e+37 Shat=3.3758800000e+03 Lhat=0.0000000000e+00
KNUTH_SUBTREE root=6043 depth=26 w=1.4089471491e+37 Shat=2.6906400000e+02 Lhat=0.0000000000e+00
KNUTH_SUBTREE root=6044 depth=26 w=9.1637775053e+36 Shat=6.5764000000e+02 Lhat=0.0000000000e+00
KNUTH_SUBTREE root=6045 depth=26 w=2.6922286147e+37 Shat=5.8527600000e+02 Lhat=0.0000000000e+00
KNUTH_SUBTREE root=6046 depth=26 w=1.1495810976e+37 Shat=2.7903300000e+02 Lhat=0.0000000000e+00
KNUTH_SUBTREE root=6047 depth=26 w=5.7767859003e+36 Shat=1.3384720000e+03 Lhat=0.0000000000e+00
KNUTH_SUBTREE root=6048 depth=26 w=3.6084470525e+36 Shat=5.0000000000e+00 Lhat=0.0000000000e+00
KNUTH_SUBTREE root=6049 depth=26 w=5.6049731665e+36 Shat=1.6676000000e+02 Lhat=0.0000000000e+00
KNUTH_SUBTREE root=6050 depth=26 w=4.5901062237e+36 Shat=2.3282880000e+03 Lhat=0.0000000000e+00
KNUTH_SUBTREE root=6051 depth=26 w=2.2393990185e+35 Shat=1.0000000000e+00 Lhat=0.0000000000e+00
KNUTH_SUBTREE root=6052 depth=26 w=4.8792279507e+36 Shat=5.6476000000e+02 Lhat=0.0000000000e+00
KNUTH_SUBTREE root=6053 depth=26 w=2.5653921630e+36 Shat=6.0964000000e+02 Lhat=0.0000000000e+00
KNUTH_SUBTREE root=6054 depth=26 w=4.4192747720e+36 Shat=3.0000000000e+00 Lhat=0.0000000000e+00
KNUTH_SUBTREE root=6055 depth=26 w=3.5595382341e+36 Shat=1.2483550000e+03 Lhat=0.0000000000e+00
KNUTH_SUBTREE root=6056 depth=26 w=4.2861886715e+36 Shat=5.6082880000e+03 Lhat=0.0000000000e+00
KNUTH_SUBTREE root=6057 depth=26 w=5.9823098487e+36 Shat=1.5118400000e+03 Lhat=0.0000000000e+00
KNUTH_SUBTREE root=6058 depth=26 w=4.4996434159e+36 Shat=2.2465500000e+03 Lhat=0.0000000000e+00
KNUTH_SUBTREE root=6059 depth=26 w=3.7367375252e+36 Shat=1.3382400000e+02 Lhat=0.0000000000e+00
KNUTH_SUBTREE root=6060 depth=26 w=2.4029908695e+35 Shat=3.0000000000e+00 Lhat=0.0000000000e+00
KNUTH_SUBTREE root=6061 depth=26 w=1.5264332555e+37 Shat=8.4236000000e+02 Lhat=0.0000000000e+00
KNUTH_SUBTREE root=6062 depth=26 w=9.7119741193e+36 Shat=9.7483000000e+02 Lhat=0.0000000000e+00
KNUTH_SUBTREE root=6063 depth=26 w=3.0144250836e+37 Shat=6.9413000000e+02 Lhat=0.0000000000e+00
KNUTH_SUBTREE root=6064 depth=26 w=4.1436048384e+36 Shat=6.7968760000e+03 Lhat=0.0000000000e+00
KNUTH_SUBTREE root=6065 depth=26 w=2.1946130371e+36 Shat=1.9028000000e+01 Lhat=0.0000000000e+00
KNUTH_SUBTREE root=6066 depth=26 w=1.7361625453e+36 Shat=8.3380000000e+01 Lhat=0.0000000000e+00
KNUTH_SUBTREE root=6067 depth=26 w=6.3254717738e+35 Shat=8.0230000000e+00 Lhat=0.0000000000e+00
KNUTH_SUBTREE root=6068 depth=26 w=9.0995890248e+36 Shat=1.3354000000e+02 Lhat=0.0000000000e+00
KNUTH_SUBTREE root=6069 depth=26 w=5.0239254068e+36 Shat=1.3000000000e+01 Lhat=0.0000000000e+00
KNUTH_SUBTREE root=6070 depth=26 w=1.9362987844e+37 Shat=4.4328160000e+03 Lhat=0.0000000000e+00
KNUTH_SUBTREE root=6071 depth=26 w=2.4324872167e+37 Shat=6.4888000000e+02 Lhat=0.0000000000e+00
KNUTH_SUBTREE root=6072 depth=26 w=2.2089686512e+37 Shat=5.2111000000e+01 Lhat=0.0000000000e+00
KNUTH_SUBTREE root=6073 depth=26 w=5.0603847801e+36 Shat=1.3128000000e+01 Lhat=0.0000000000e+00
KNUTH_SUBTREE root=6074 depth=26 w=4.0827250860e+37 Shat=5.0320000000e+02 Lhat=0.0000000000e+00
KNUTH_SUBTREE root=6075 depth=26 w=8.5899405933e+35 Shat=2.9633200000e+02 Lhat=0.0000000000e+00
KNUTH_SUBTREE root=6076 depth=26 w=2.1578516948e+36 Shat=7.9978000000e+02 Lhat=3.2640000000e+01
KNUTH_SUBTREE root=6077 depth=26 w=1.2013876377e+37 Shat=7.2616000000e+01 Lhat=0.0000000000e+00
KNUTH_SUBTREE root=6078 depth=26 w=3.7010980093e+36 Shat=3.0000000000e+00 Lhat=0.0000000000e+00
KNUTH_SUBTREE root=6079 depth=26 w=3.3255303155e+37 Shat=2.1596800000e+03 Lhat=0.0000000000e+00
KNUTH_SUBTREE root=6080 depth=26 w=4.2577619130e+36 Shat=8.5233280000e+03 Lhat=0.0000000000e+00
KNUTH_SUBTREE root=6081 depth=26 w=2.1284992234e+37 Shat=9.3885000000e+01 Lhat=0.0000000000e+00
KNUTH_SUBTREE root=6082 depth=26 w=4.3262918157e+36 Shat=9.6987400000e+03 Lhat=0.0000000000e+00
KNUTH_SUBTREE root=6083 depth=26 w=2.8158808832e+37 Shat=1.9353500000e+03 Lhat=0.0000000000e+00
KNUTH_SUBTREE root=6084 depth=26 w=2.0674546920e+36 Shat=2.2622920000e+03 Lhat=0.0000000000e+00
KNUTH_SUBTREE root=6085 depth=26 w=1.5814614225e+36 Shat=7.7268000000e+02 Lhat=0.0000000000e+00
KNUTH_SUBTREE root=6086 depth=26 w=4.4789473149e+36 Shat=7.0600000000e+02 Lhat=0.0000000000e+00
KNUTH_SUBTREE root=6087 depth=26 w=5.8365039291e+36 Shat=1.6454800000e+02 Lhat=0.0000000000e+00
KNUTH_SUBTREE root=6088 depth=26 w=5.8380404257e+36 Shat=3.2192200000e+03 Lhat=5.1624000000e+02
KNUTH_SUBTREE root=6089 depth=26 w=2.3748492018e+37 Shat=5.8274500000e+02 Lhat=0.0000000000e+00
KNUTH_SUBTREE root=6090 depth=26 w=7.3009511680e+36 Shat=1.7419600000e+02 Lhat=0.0000000000e+00
KNUTH_SUBTREE root=6091 depth=26 w=2.4477695681e+37 Shat=6.6818530000e+03 Lhat=0.0000000000e+00
KNUTH_SUBTREE root=6092 depth=26 w=2.6888459090e+37 Shat=2.4905200000e+03 Lhat=0.0000000000e+00
KNUTH_SUBTREE root=6093 depth=26 w=3.1848464167e+37 Shat=5.6037200000e+02 Lhat=0.0000000000e+00
KNUTH_SUBTREE root=6094 depth=26 w=9.1529257686e+36 Shat=8.3191400000e+02 Lhat=0.0000000000e+00
KNUTH_SUBTREE root=6095 depth=26 w=3.3554155216e+36 Shat=1.0172350000e+03 Lhat=0.0000000000e+00
KNUTH_SUBTREE root=6096 depth=26 w=1.5882122157e+36 Shat=2.0406000000e+02 Lhat=0.0000000000e+00
KNUTH_SUBTREE root=6097 depth=26 w=8.9539603347e+36 Shat=8.4460000000e+02 Lhat=0.0000000000e+00
KNUTH_SUBTREE root=6098 depth=26 w=4.6585775423e+36 Shat=1.0859380000e+04 Lhat=5.3736000000e+02
KNUTH_SUBTREE root=6099 depth=26 w=1.3189416063e+37 Shat=4.7506000000e+01 Lhat=0.0000000000e+00
KNUTH_SUBTREE root=6100 depth=26 w=5.7514537185e+36 Shat=1.1886760000e+03 Lhat=0.0000000000e+00
KNUTH_SUBTREE root=6101 depth=26 w=1.8758751971e+37 Shat=3.8739600000e+03 Lhat=0.0000000000e+00
KNUTH_SUBTREE root=6102 depth=26 w=4.8171181677e+36 Shat=3.9076000000e+02 Lhat=0.0000000000e+00
KNUTH_SUBTREE root=6103 depth=26 w=1.0044564151e+36 Shat=2.9977000000e+01 Lhat=0.0000000000e+00
KNUTH_SUBTREE root=6104 depth=26 w=7.0220814020e+36 Shat=1.3917520000e+03 Lhat=0.0000000000e+00
KNUTH_SUBTREE root=6105 depth=26 w=1.2371682094e+36 Shat=7.0000000000e+00 Lhat=0.0000000000e+00
KNUTH_SUBTREE root=6106 depth=26 w=2.8776376480e+36 Shat=3.0000000000e+00 Lhat=0.0000000000e+00
KNUTH_SUBTREE root=6107 depth=26 w=2.4504924981e+37 Shat=1.2008800000e+02 Lhat=0.0000000000e+00
KNUTH_SUBTREE root=6108 depth=26 w=2.4272160743e+37 Shat=8.2991600000e+02 Lhat=0.0000000000e+00
KNUTH_SUBTREE root=6109 depth=26 w=2.6075674222e+36 Shat=5.0979970000e+03 Lhat=0.0000000000e+00
KNUTH_SUBTREE root=6110 depth=26 w=8.2630308371e+36 Shat=7.3664200000e+02 Lhat=0.0000000000e+00
KNUTH_SUBTREE root=6111 depth=26 w=5.7098797242e+36 Shat=5.2296000000e+02 Lhat=0.0000000000e+00
KNUTH_SUBTREE root=6112 depth=26 w=7.9562358551e+36 Shat=2.4932700000e+03 Lhat=0.0000000000e+00
KNUTH_SUBTREE root=6113 depth=26 w=3.2840659742e+36 Shat=1.9000000000e+01 Lhat=0.0000000000e+00
KNUTH_SUBTREE root=6114 depth=26 w=1.3874557950e+37 Shat=2.7355000000e+01 Lhat=0.0000000000e+00
KNUTH_SUBTREE root=6115 depth=26 w=3.4664011271e+37 Shat=5.5282400000e+02 Lhat=0.0000000000e+00
KNUTH_SUBTREE root=6116 depth=26 w=1.2410545064e+37 Shat=1.4230480000e+03 Lhat=0.0000000000e+00
KNUTH_SUBTREE root=6117 depth=26 w=1.0494719566e+37 Shat=1.8423040000e+03 Lhat=0.0000000000e+00
KNUTH_SUBTREE root=6118 depth=26 w=6.5185316380e+36 Shat=6.0000000000e+00 Lhat=0.0000000000e+00
KNUTH_SUBTREE root=6119 depth=26 w=6.6508050297e+36 Shat=3.6087200000e+02 Lhat=0.0000000000e+00
KNUTH_SUBTREE root=6120 depth=26 w=3.2255011162e+36 Shat=4.0000000000e+00 Lhat=0.0000000000e+00
KNUTH_SUBTREE root=6121 depth=26 w=1.5292890855e+36 Shat=7.1680000000e+00 Lhat=0.0000000000e+00
KNUTH_SUBTREE root=6122 depth=26 w=3.6157871216e+36 Shat=1.7000000000e+01 Lhat=0.0000000000e+00
KNUTH_SUBTREE root=6123 depth=26 w=1.6757861278e+36 Shat=1.4014000000e+01 Lhat=0.0000000000e+00
KNUTH_SUBTREE root=6124 depth=26 w=2.2004854607e+35 Shat=1.1000000000e+01 Lhat=0.0000000000e+00
KNUTH_SUBTREE root=6125 depth=26 w=3.0630014491e+37 Shat=2.0209600000e+02 Lhat=0.0000000000e+00
KNUTH_SUBTREE root=6126 depth=26 w=3.6223774986e+36 Shat=4.0555000000e+01 Lhat=0.0000000000e+00
KNUTH_SUBTREE root=6127 depth=26 w=1.3676049073e+37 Shat=3.5856300000e+03 Lhat=0.0000000000e+00
KNUTH_SUBTREE root=6128 depth=26 w=1.4970543913e+37 Shat=2.9000000000e+01 Lhat=0.0000000000e+00
KNUTH_SUBTREE root=6129 depth=26 w=4.4659294369e+36 Shat=7.9000000000e+01 Lhat=0.0000000000e+00
KNUTH_SUBTREE root=6130 depth=26 w=1.1333874373e+37 Shat=2.3292820000e+03 Lhat=0.0000000000e+00
KNUTH_SUBTREE root=6131 depth=26 w=2.3459377180e+37 Shat=1.3000000000e+01 Lhat=0.0000000000e+00
KNUTH_SUBTREE root=6132 depth=26 w=6.9511672325e+35 Shat=7.0000000000e+00 Lhat=0.0000000000e+00
KNUTH_SUBTREE root=6133 depth=26 w=3.5987459585e+36 Shat=1.0000000000e+01 Lhat=0.0000000000e+00
KNUTH_SUBTREE root=6134 depth=26 w=8.7046965845e+36 Shat=1.3080000000e+01 Lhat=0.0000000000e+00
KNUTH_SUBTREE root=6135 depth=26 w=5.6086013220e+36 Shat=8.0844000000e+02 Lhat=0.0000000000e+00
KNUTH_SUBTREE root=6136 depth=26 w=3.7016421691e+36 Shat=7.3336000000e+01 Lhat=0.0000000000e+00
KNUTH_SUBTREE root=6137 depth=26 w=8.0901318941e+36 Shat=3.3016000000e+01 Lhat=0.0000000000e+00
KNUTH_SUBTREE root=6138 depth=26 w=3.5414571511e+37 Shat=1.5637200000e+02 Lhat=0.0000000000e+00
KNUTH_SUBTREE root=6139 depth=26 w=3.9064816139e+36 Shat=8.1968800000e+02 Lhat=0.0000000000e+00
KNUTH_SUBTREE root=6140 depth=26 w=9.3553598253e+35 Shat=1.8574000000e+01 Lhat=0.0000000000e+00
KNUTH_SUBTREE root=6141 depth=26 w=1.0717688715e+37 Shat=6.8425000000e+01 Lhat=0.0000000000e+00
KNUTH_SUBTREE root=6142 depth=26 w=4.4106965752e+36 Shat=4.8600240000e+03 Lhat=0.0000000000e+00
KNUTH_SUBTREE root=6143 depth=26 w=3.6469100913e+36 Shat=1.0918000000e+01 Lhat=0.0000000000e+00
KNUTH_SUBTREE root=6144 depth=26 w=6.9583012092e+36 Shat=2.8915600000e+02 Lhat=0.0000000000e+00
KNUTH_SUBTREE root=6145 depth=26 w=9.0378477883e+35 Shat=5.1344000000e+01 Lhat=0.0000000000e+00
KNUTH_SUBTREE root=6146 depth=26 w=3.3203901992e+37 Shat=4.7941510000e+03 Lhat=0.0000000000e+00
KNUTH_SUBTREE root=6147 depth=26 w=8.3477504288e+36 Shat=2.9260000000e+02 Lhat=0.0000000000e+00
KNUTH_SUBTREE root=6148 depth=26 w=8.4770329126e+36 Shat=1.7922700000e+03 Lhat=0.0000000000e+00
KNUTH_SUBTREE root=6149 depth=26 w=1.6462894223e+36 Shat=1.0812000000e+01 Lhat=0.0000000000e+00
KNUTH_SUBTREE root=6150 depth=26 w=1.7457809578e+37 Shat=2.4421060000e+03 Lhat=0.0000000000e+00
KNUTH_SUBTREE root=6151 depth=26 w=4.6018998204e+36 Shat=2.7056000000e+01 Lhat=0.0000000000e+00
KNUTH_SUBTREE root=6152 depth=26 w=1.2863520109e+37 Shat=1.2901360000e+03 Lhat=0.0000000000e+00
KNUTH_SUBTREE root=6153 depth=26 w=1.6019419387e+37 Shat=2.0175530000e+03 Lhat=0.0000000000e+00
KNUTH_SUBTREE root=6154 depth=26 w=2.5671716064e+36 Shat=3.6000000000e+01 Lhat=0.0000000000e+00
KNUTH_SUBTREE root=6155 depth=26 w=1.1882951264e+37 Shat=1.6826500000e+02 Lhat=0.0000000000e+00
KNUTH_SUBTREE root=6156 depth=26 w=2.6030138803e+37 Shat=8.9788000000e+02 Lhat=0.0000000000e+00
KNUTH_SUBTREE root=6157 depth=26 w=6.8667498179e+36 Shat=7.9000000000e+01 Lhat=0.0000000000e+00
KNUTH_SUBTREE root=6158 depth=26 w=4.1542479987e+35 Shat=1.3224000000e+01 Lhat=0.0000000000e+00
KNUTH_SUBTREE root=6159 depth=26 w=3.4638866692e+36 Shat=2.8371200000e+02 Lhat=0.0000000000e+00
KNUTH_SUBTREE root=6160 depth=26 w=3.3253036941e+37 Shat=3.4486300000e+03 Lhat=0.0000000000e+00
KNUTH_SUBTREE root=6161 depth=26 w=7.6617968424e+36 Shat=1.2872170000e+03 Lhat=0.0000000000e+00
KNUTH_SUBTREE root=6162 depth=26 w=4.3993685520e+36 Shat=3.7151800000e+03 Lhat=0.0000000000e+00
KNUTH_SUBTREE root=6163 depth=26 w=1.9320995513e+37 Shat=4.5174800000e+03 Lhat=0.0000000000e+00
KNUTH_SUBTREE root=6164 depth=26 w=2.0154646596e+36 Shat=7.9000000000e+01 Lhat=0.0000000000e+00
KNUTH_SUBTREE root=6165 depth=26 w=6.2042949650e+36 Shat=4.8195000000e+03 Lhat=0.0000000000e+00
KNUTH_SUBTREE root=6166 depth=26 w=3.7193754648e+36 Shat=6.2968000000e+01 Lhat=0.0000000000e+00
KNUTH_SUBTREE root=6167 depth=26 w=2.9742575007e+36 Shat=2.0038000000e+01 Lhat=0.0000000000e+00
KNUTH_SUBTREE root=6168 depth=26 w=2.6297255525e+37 Shat=5.7591000000e+02 Lhat=0.0000000000e+00
KNUTH_SUBTREE root=6169 depth=26 w=2.0796862290e+36 Shat=1.4374720000e+03 Lhat=0.0000000000e+00
KNUTH_SUBTREE root=6170 depth=26 w=2.6794979402e+36 Shat=5.4001810000e+03 Lhat=0.0000000000e+00
KNUTH_SUBTREE root=6171 depth=26 w=3.8871168096e+36 Shat=4.2947200000e+03 Lhat=0.0000000000e+00
KNUTH_SUBTREE root=6172 depth=26 w=1.1507395422e+37 Shat=2.0052000000e+01 Lhat=0.0000000000e+00
KNUTH_SUBTREE root=6173 depth=26 w=1.0236075686e+37 Shat=4.6428310000e+03 Lhat=0.0000000000e+00
KNUTH_SUBTREE root=6174 depth=26 w=2.0342422329e+37 Shat=2.5955200000e+02 Lhat=0.0000000000e+00
KNUTH_SUBTREE root=6175 depth=26 w=3.5777709122e+37 Shat=7.1245000000e+01 Lhat=0.0000000000e+00
KNUTH_SUBTREE root=6176 depth=26 w=3.2884140102e+36 Shat=3.6049000000e+01 Lhat=0.0000000000e+00
KNUTH_SUBTREE root=6177 depth=26 w=6.5457629326e+36 Shat=4.9788960000e+03 Lhat=0.0000000000e+00
KNUTH_SUBTREE root=6178 depth=26 w=1.2306449394e+37 Shat=1.9800580000e+03 Lhat=0.0000000000e+00
KNUTH_SUBTREE root=6179 depth=26 w=3.2476393496e+36 Shat=1.7758000000e+01 Lhat=0.0000000000e+00
KNUTH_SUBTREE root=6180 depth=26 w=2.5725410993e+37 Shat=3.6706000000e+01 Lhat=0.0000000000e+00
KNUTH_SUBTREE root=6181 depth=26 w=3.6986756259e+36 Shat=1.5223500000e+02 Lhat=0.0000000000e+00
KNUTH_SUBTREE root=6182 depth=26 w=1.4698715374e+37 Shat=3.3653000000e+02 Lhat=0.0000000000e+00
KNUTH_SUBTREE root=6183 depth=26 w=1.9843395857e+36 Shat=4.1137000000e+01 Lhat=0.0000000000e+00
KNUTH_SUBTREE root=6184 depth=26 w=2.1502640980e+37 Shat=5.8984000000e+01 Lhat=0.0000000000e+00
KNUTH_SUBTREE root=6185 depth=26 w=1.8344021897e+37 Shat=2.2528800000e+03 Lhat=0.0000000000e+00
KNUTH_SUBTREE root=6186 depth=26 w=1.2467592921e+36 Shat=2.0888000000e+01 Lhat=0.0000000000e+00
KNUTH_SUBTREE root=6187 depth=26 w=4.3528428035e+36 Shat=2.0170000000e+01 Lhat=0.0000000000e+00
KNUTH_SUBTREE root=6188 depth=26 w=3.2501310682e+37 Shat=3.4867500000e+03 Lhat=0.0000000000e+00
KNUTH_SUBTREE root=6189 depth=26 w=4.1432170920e+36 Shat=2.2568690000e+03 Lhat=0.0000000000e+00
KNUTH_SUBTREE root=6190 depth=26 w=1.1294080738e+37 Shat=3.1467250000e+03 Lhat=0.0000000000e+00
KNUTH_SUBTREE root=6191 depth=26 w=1.0118037691e+37 Shat=5.2279400000e+02 Lhat=0.0000000000e+00
KNUTH_SUBTREE root=6192 depth=26 w=4.9723184836e+36 Shat=1.0000000000e+01 Lhat=0.0000000000e+00
KNUTH_SUBTREE root=6193 depth=26 w=3.3567844336e+36 Shat=1.7791280000e+03 Lhat=0.0000000000e+00
KNUTH_SUBTREE root=6194 depth=26 w=1.0211888996e+37 Shat=2.6090080000e+03 Lhat=2.9240000000e+02
KNUTH_SUBTREE root=6195 depth=26 w=5.1820142078e+36 Shat=7.9000000000e+01 Lhat=0.0000000000e+00
KNUTH_SUBTREE root=6196 depth=26 w=3.0150780522e+37 Shat=3.6970000000e+02 Lhat=0.0000000000e+00
KNUTH_SUBTREE root=6197 depth=26 w=5.8277668008e+36 Shat=1.1032600000e+02 Lhat=0.0000000000e+00
KNUTH_SUBTREE root=6198 depth=26 w=3.2700953590e+36 Shat=1.5868900000e+03 Lhat=0.0000000000e+00
KNUTH_SUBTREE root=6199 depth=26 w=5.6096353405e+36 Shat=3.5676800000e+02 Lhat=0.0000000000e+00
KNUTH_SUBTREE root=6200 depth=26 w=3.1704785435e+36 Shat=2.1297040000e+03 Lhat=0.0000000000e+00
KNUTH_SUBTREE root=6201 depth=26 w=1.6674238391e+37 Shat=1.6553620000e+03 Lhat=0.0000000000e+00
KNUTH_SUBTREE root=6202 depth=26 w=2.9251706653e+37 Shat=9.0193360000e+03 Lhat=0.0000000000e+00
KNUTH_SUBTREE root=6203 depth=26 w=1.7910421176e+37 Shat=2.0371540000e+03 Lhat=0.0000000000e+00
KNUTH_SUBTREE root=6204 depth=26 w=1.2299115511e+37 Shat=8.0780000000e+00 Lhat=0.0000000000e+00
KNUTH_SUBTREE root=6205 depth=26 w=2.9752221290e+37 Shat=1.1000000000e+01 Lhat=0.0000000000e+00
KNUTH_SUBTREE root=6206 depth=26 w=9.7312863555e+36 Shat=1.1009800000e+02 Lhat=0.0000000000e+00
KNUTH_SUBTREE root=6207 depth=26 w=7.6941489266e+36 Shat=2.0000000000e+00 Lhat=0.0000000000e+00
KNUTH_SUBTREE root=6208 depth=26 w=1.5707689397e+37 Shat=1.1608790000e+03 Lhat=4.9070000000e+01
KNUTH_SUBTREE root=6209 depth=26 w=8.0361513299e+36 Shat=5.1650400000e+02 Lhat=0.0000000000e+00
KNUTH_SUBTREE root=6210 depth=26 w=4.2737004726e+36 Shat=2.3554400000e+03 Lhat=0.0000000000e+00
KNUTH_SUBTREE root=6211 depth=26 w=3.8954212149e+36 Shat=1.7717620000e+03 Lhat=0.0000000000e+00
KNUTH_SUBTREE root=6212 depth=26 w=3.4937442664e+36 Shat=3.2895700000e+03 Lhat=0.0000000000e+00
KNUTH_SUBTREE root=6213 depth=26 w=1.3508822004e+37 Shat=2.3411980000e+03 Lhat=0.0000000000e+00
KNUTH_SUBTREE root=6214 depth=26 w=2.9221749679e+36 Shat=2.8059120000e+03 Lhat=0.0000000000e+00
KNUTH_SUBTREE root=6215 depth=26 w=2.7182358557e+37 Shat=1.3985600000e+02 Lhat=0.0000000000e+00
KNUTH_SUBTREE root=6216 depth=26 w=8.7481235112e+36 Shat=1.7072000000e+01 Lhat=0.0000000000e+00
KNUTH_SUBTREE root=6217 depth=26 w=2.2554500540e+37 Shat=1.6528100000e+03 Lhat=0.0000000000e+00
KNUTH_SUBTREE root=6218 depth=26 w=1.5136933029e+37 Shat=2.0210770000e+03 Lhat=0.0000000000e+00
KNUTH_SUBTREE root=6219 depth=26 w=1.3036376488e+37 Shat=3.5306000000e+03 Lhat=0.0000000000e+00
KNUTH_SUBTREE root=6220 depth=26 w=2.3014577850e+36 Shat=2.9232000000e+01 Lhat=0.0000000000e+00
KNUTH_SUBTREE root=6221 depth=26 w=9.7703886888e+36 Shat=5.0819800000e+03 Lhat=0.0000000000e+00
KNUTH_SUBTREE root=6222 depth=26 w=2.6986140218e+37 Shat=3.7282360000e+03 Lhat=0.0000000000e+00
KNUTH_SUBTREE root=6223 depth=26 w=2.9586708163e+37 Shat=1.9910680000e+03 Lhat=0.0000000000e+00
KNUTH_SUBTREE root=6224 depth=26 w=3.0230074453e+36 Shat=1.5370000000e+02 Lhat=0.0000000000e+00
KNUTH_SUBTREE root=6225 depth=26 w=7.5193619002e+36 Shat=3.0000000000e+01 Lhat=0.0000000000e+00
KNUTH_SUBTREE root=6226 depth=26 w=3.1667487514e+36 Shat=8.3295200000e+02 Lhat=0.0000000000e+00
KNUTH_SUBTREE root=6227 depth=26 w=4.4241342300e+36 Shat=5.2100000000e+01 Lhat=0.0000000000e+00
KNUTH_SUBTREE root=6228 depth=26 w=8.5547663112e+34 Shat=4.0000000000e+00 Lhat=0.0000000000e+00
KNUTH_SUBTREE root=6229 depth=26 w=2.4446418025e+37 Shat=1.9377260000e+03 Lhat=0.0000000000e+00
KNUTH_SUBTREE root=6230 depth=26 w=5.1804214496e+36 Shat=4.0205320000e+03 Lhat=0.0000000000e+00
KNUTH_SUBTREE root=6231 depth=26 w=4.5671459387e+36 Shat=6.5000000000e+01 Lhat=0.0000000000e+00
KNUTH_SUBTREE root=6232 depth=26 w=3.3527502799e+37 Shat=6.3740000000e+02 Lhat=0.0000000000e+00
KNUTH_SUBTREE root=6233 depth=26 w=1.5595439477e+37 Shat=1.9712620000e+03 Lhat=0.0000000000e+00
KNUTH_SUBTREE root=6234 depth=26 w=2.0821029703e+37 Shat=4.8494530000e+03 Lhat=0.0000000000e+00
KNUTH_SUBTREE root=6235 depth=26 w=2.6129128807e+37 Shat=2.4130960000e+03 Lhat=0.0000000000e+00
KNUTH_SUBTREE root=6236 depth=26 w=1.3765583868e+36 Shat=1.4408000000e+02 Lhat=0.0000000000e+00
KNUTH_SUBTREE root=6237 depth=26 w=2.4963186069e+36 Shat=3.4976000000e+01 Lhat=0.0000000000e+00
KNUTH_SUBTREE root=6238 depth=26 w=2.8966421048e+37 Shat=4.6414270000e+03 Lhat=0.0000000000e+00
KNUTH_SUBTREE root=6239 depth=26 w=1.4372952726e+36 Shat=5.0416000000e+01 Lhat=0.0000000000e+00
KNUTH_SUBTREE root=6240 depth=26 w=3.5167856089e+36 Shat=1.8970000000e+03 Lhat=0.0000000000e+00
KNUTH_SUBTREE root=6241 depth=26 w=3.3365255430e+36 Shat=1.6067080000e+04 Lhat=0.0000000000e+00
KNUTH_SUBTREE root=6242 depth=26 w=2.1507316088e+37 Shat=6.1414000000e+01 Lhat=0.0000000000e+00
KNUTH_SUBTREE root=6243 depth=26 w=2.8093438824e+36 Shat=7.9000000000e+01 Lhat=0.0000000000e+00
KNUTH_SUBTREE root=6244 depth=26 w=2.7281663395e+37 Shat=2.3974840000e+03 Lhat=0.0000000000e+00
KNUTH_SUBTREE root=6245 depth=26 w=6.8991143341e+36 Shat=1.2416940000e+03 Lhat=0.0000000000e+00
KNUTH_SUBTREE root=6246 depth=26 w=1.5789296312e+36 Shat=3.0000000000e+00 Lhat=0.0000000000e+00
KNUTH_SUBTREE root=6247 depth=26 w=7.1722544194e+36 Shat=1.7279800000e+03 Lhat=0.0000000000e+00
KNUTH_SUBTREE root=6248 depth=26 w=2.5846442716e+36 Shat=4.0496000000e+02 Lhat=0.0000000000e+00
KNUTH_SUBTREE root=6249 depth=26 w=2.9172505391e+37 Shat=7.0000000000e+00 Lhat=0.0000000000e+00
KNUTH_SUBTREE root=6250 depth=26 w=2.6903617142e+36 Shat=5.6722000000e+01 Lhat=0.0000000000e+00
KNUTH_SUBTREE root=6251 depth=26 w=1.7344379077e+37 Shat=8.0698000000e+02 Lhat=0.0000000000e+00
KNUTH_SUBTREE root=6252 depth=26 w=4.2451990533e+36 Shat=8.9670000000e+02 Lhat=0.0000000000e+00
KNUTH_SUBTREE root=6253 depth=26 w=1.3883136625e+37 Shat=4.1076000000e+01 Lhat=0.0000000000e+00
KNUTH_SUBTREE root=6254 depth=26 w=2.4352904197e+37 Shat=8.3688000000e+02 Lhat=1.9200000000e+00
KNUTH_SUBTREE root=6255 depth=26 w=2.0803273750e+37 Shat=5.9298400000e+02 Lhat=0.0000000000e+00
KNUTH_SUBTREE root=6256 depth=26 w=3.0132378862e+37 Shat=2.4948800000e+03 Lhat=0.0000000000e+00
KNUTH_SUBTREE root=6257 depth=26 w=2.2494039539e+36 Shat=1.3000000000e+01 Lhat=0.0000000000e+00
KNUTH_SUBTREE root=6258 depth=26 w=3.7201581959e+36 Shat=3.3967220000e+03 Lhat=0.0000000000e+00
KNUTH_SUBTREE root=6259 depth=26 w=5.4860353713e+36 Shat=3.2367600000e+03 Lhat=0.0000000000e+00
KNUTH_SUBTREE root=6260 depth=26 w=1.9341255179e+37 Shat=1.0025440000e+03 Lhat=0.0000000000e+00
KNUTH_SUBTREE root=6261 depth=26 w=3.7969712840e+37 Shat=1.6361200000e+02 Lhat=0.0000000000e+00
KNUTH_SUBTREE root=6262 depth=26 w=1.8050713457e+36 Shat=9.9150000000e+00 Lhat=0.0000000000e+00
KNUTH_SUBTREE root=6263 depth=26 w=4.7537274534e+35 Shat=5.0000000000e+00 Lhat=0.0000000000e+00
KNUTH_SUBTREE root=6264 depth=26 w=1.7000687946e+37 Shat=3.4252720000e+03 Lhat=0.0000000000e+00
KNUTH_SUBTREE root=6265 depth=26 w=3.4816664951e+36 Shat=4.4032600000e+02 Lhat=0.0000000000e+00
KNUTH_SUBTREE root=6266 depth=26 w=1.4311705395e+36 Shat=7.0000000000e+00 Lhat=0.0000000000e+00
KNUTH_SUBTREE root=6267 depth=26 w=1.2596302268e+37 Shat=3.0426870000e+03 Lhat=0.0000000000e+00
KNUTH_SUBTREE root=6268 depth=26 w=5.4135225229e+36 Shat=2.1740300000e+03 Lhat=0.0000000000e+00
KNUTH_SUBTREE root=6269 depth=26 w=3.3982704680e+36 Shat=8.8936000000e+01 Lhat=0.0000000000e+00
KNUTH_SUBTREE root=6270 depth=26 w=2.6855697220e+37 Shat=9.6707200000e+02 Lhat=0.0000000000e+00
KNUTH_SUBTREE root=6271 depth=26 w=5.8875128330e+36 Shat=3.3363880000e+03 Lhat=0.0000000000e+00
KNUTH_SUBTREE root=6272 depth=26 w=3.3199370677e+36 Shat=5.0106700000e+02 Lhat=0.0000000000e+00
KNUTH_SUBTREE root=6273 depth=26 w=3.3100534577e+37 Shat=6.3210700000e+03 Lhat=0.0000000000e+00
KNUTH_SUBTREE root=6274 depth=26 w=1.9514244176e+37 Shat=1.6754800000e+03 Lhat=0.0000000000e+00
KNUTH_SUBTREE root=6275 depth=26 w=2.2119176822e+35 Shat=2.0000000000e+00 Lhat=0.0000000000e+00
KNUTH_SUBTREE root=6276 depth=26 w=2.9867833261e+37 Shat=3.6079600000e+02 Lhat=0.0000000000e+00
KNUTH_SUBTREE root=6277 depth=26 w=7.9368040409e+36 Shat=3.2882800000e+03 Lhat=0.0000000000e+00
KNUTH_SUBTREE root=6278 depth=26 w=7.8732566412e+36 Shat=2.0956000000e+01 Lhat=0.0000000000e+00
KNUTH_SUBTREE root=6279 depth=26 w=9.1495387542e+35 Shat=6.4039000000e+02 Lhat=0.0000000000e+00
KNUTH_SUBTREE root=6280 depth=26 w=5.6795272673e+36 Shat=1.0765630000e+03 Lhat=0.0000000000e+00
KNUTH_SUBTREE root=6281 depth=26 w=3.8562362883e+36 Shat=4.1256550000e+03 Lhat=0.0000000000e+00
KNUTH_SUBTREE root=6282 depth=26 w=3.7955615291e+36 Shat=2.4530080000e+03 Lhat=0.0000000000e+00
KNUTH_SUBTREE root=6283 depth=26 w=2.9148162184e+36 Shat=1.0643520000e+03 Lhat=0.0000000000e+00
KNUTH_SUBTREE root=6284 depth=26 w=1.2373976015e+36 Shat=1.0226500000e+02 Lhat=0.0000000000e+00
KNUTH_SUBTREE root=6285 depth=26 w=1.0851991646e+37 Shat=5.1898600000e+02 Lhat=0.0000000000e+00
KNUTH_SUBTREE root=6286 depth=26 w=3.2870100784e+34 Shat=1.5000000000e+01 Lhat=0.0000000000e+00
KNUTH_SUBTREE root=6287 depth=26 w=1.2066855048e+37 Shat=1.7508340000e+03 Lhat=0.0000000000e+00
KNUTH_SUBTREE root=6288 depth=26 w=5.6589572011e+36 Shat=5.8864100000e+03 Lhat=0.0000000000e+00
KNUTH_SUBTREE root=6289 depth=26 w=1.0318478798e+37 Shat=7.8575520000e+03 Lhat=0.0000000000e+00
KNUTH_SUBTREE root=6290 depth=26 w=6.2873429969e+36 Shat=1.7669600000e+03 Lhat=0.0000000000e+00
KNUTH_SUBTREE root=6291 depth=26 w=3.9646281457e+36 Shat=5.9416000000e+01 Lhat=0.0000000000e+00
KNUTH_SUBTREE root=6292 depth=26 w=1.5132433561e+37 Shat=3.2147000000e+02 Lhat=0.0000000000e+00
KNUTH_SUBTREE root=6293 depth=26 w=9.2089424584e+36 Shat=3.3404260000e+03 Lhat=0.0000000000e+00
KNUTH_SUBTREE root=6294 depth=26 w=5.7589381905e+35 Shat=3.9048000000e+01 Lhat=0.0000000000e+00
KNUTH_SUBTREE root=6295 depth=26 w=2.1618580857e+37 Shat=1.6396500000e+02 Lhat=0.0000000000e+00
KNUTH_SUBTREE root=6296 depth=26 w=3.0856587639e+36 Shat=7.4752000000e+01 Lhat=0.0000000000e+00
KNUTH_SUBTREE root=6297 depth=26 w=2.6712187108e+37 Shat=2.3082700000e+03 Lhat=0.0000000000e+00
KNUTH_SUBTREE root=6298 depth=26 w=5.9208515192e+35 Shat=3.0000000000e+00 Lhat=0.0000000000e+00
KNUTH_SUBTREE root=6299 depth=26 w=1.2877055454e+37 Shat=2.3694400000e+02 Lhat=0.0000000000e+00
KNUTH_SUBTREE root=6300 depth=26 w=4.3984349323e+36 Shat=1.1133420000e+03 Lhat=0.0000000000e+00
KNUTH_SUBTREE root=6301 depth=26 w=1.0520768933e+36 Shat=6.8232000000e+02 Lhat=0.0000000000e+00
KNUTH_SUBTREE root=6302 depth=26 w=1.4208181677e+37 Shat=1.3685820000e+04 Lhat=0.0000000000e+00
KNUTH_SUBTREE root=6303 depth=26 w=1.1360537468e+37 Shat=1.1128500000e+02 Lhat=0.0000000000e+00
KNUTH_SUBTREE root=6304 depth=26 w=2.1650985388e+37 Shat=1.1940050000e+03 Lhat=0.0000000000e+00
KNUTH_SUBTREE root=6305 depth=26 w=6.4776091292e+36 Shat=2.9115120000e+03 Lhat=0.0000000000e+00
KNUTH_SUBTREE root=6306 depth=26 w=2.1361324832e+37 Shat=8.2947100000e+03 Lhat=0.0000000000e+00
KNUTH_SUBTREE root=6307 depth=26 w=5.9984307889e+36 Shat=2.4992000000e+01 Lhat=0.0000000000e+00
KNUTH_SUBTREE root=6308 depth=26 w=3.3257868819e+37 Shat=3.7853800000e+03 Lhat=0.0000000000e+00
KNUTH_SUBTREE root=6309 depth=26 w=8.4036898232e+35 Shat=1.3000000000e+01 Lhat=0.0000000000e+00
KNUTH_SUBTREE root=6310 depth=26 w=2.7536712836e+36 Shat=2.0258500000e+02 Lhat=0.0000000000e+00
KNUTH_SUBTREE root=6311 depth=26 w=5.6692267469e+36 Shat=8.8745200000e+02 Lhat=0.0000000000e+00
KNUTH_SUBTREE root=6312 depth=26 w=4.7414816361e+36 Shat=3.5894000000e+02 Lhat=0.0000000000e+00
KNUTH_SUBTREE root=6313 depth=26 w=2.6841197549e+37 Shat=1.5105520000e+03 Lhat=0.0000000000e+00
KNUTH_SUBTREE root=6314 depth=26 w=1.7629904625e+37 Shat=4.8888000000e+01 Lhat=0.0000000000e+00
KNUTH_SUBTREE root=6315 depth=26 w=8.7589868636e+36 Shat=1.3984000000e+01 Lhat=0.0000000000e+00
KNUTH_SUBTREE root=6316 depth=26 w=1.7379661557e+37 Shat=1.5133300000e+03 Lhat=0.0000000000e+00
KNUTH_SUBTREE root=6317 depth=26 w=3.3091812058e+37 Shat=8.2927000000e+02 Lhat=0.0000000000e+00
KNUTH_SUBTREE root=6318 depth=26 w=2.5897214369e+36 Shat=1.3802680000e+03 Lhat=0.0000000000e+00
KNUTH_SUBTREE root=6319 depth=26 w=4.7241370634e+36 Shat=2.4870000000e+02 Lhat=0.0000000000e+00
KNUTH_SUBTREE root=6320 depth=26 w=7.3398693261e+36 Shat=1.2516160000e+03 Lhat=0.0000000000e+00
KNUTH_SUBTREE root=6321 depth=26 w=4.6593043066e+36 Shat=3.8828560000e+03 Lhat=0.0000000000e+00
KNUTH_SUBTREE root=6322 depth=26 w=1.7202189078e+37 Shat=2.2081600000e+02 Lhat=0.0000000000e+00
KNUTH_SUBTREE root=6323 depth=26 w=2.2410365066e+36 Shat=1.0178800000e+02 Lhat=0.0000000000e+00
KNUTH_SUBTREE root=6324 depth=26 w=5.8593540769e+36 Shat=1.0128400000e+02 Lhat=0.0000000000e+00
KNUTH_SUBTREE root=6325 depth=26 w=1.3311179841e+36 Shat=4.0040000000e+00 Lhat=0.0000000000e+00
KNUTH_SUBTREE root=6326 depth=26 w=1.5940847920e+37 Shat=1.0000530000e+04 Lhat=0.0000000000e+00
KNUTH_SUBTREE root=6327 depth=26 w=4.9069920624e+36 Shat=6.4075000000e+01 Lhat=0.0000000000e+00
KNUTH_SUBTREE root=6328 depth=26 w=6.7672636490e+36 Shat=3.5388910000e+03 Lhat=0.0000000000e+00
KNUTH_SUBTREE root=6329 depth=26 w=8.4594056135e+36 Shat=5.5828960000e+03 Lhat=0.0000000000e+00
KNUTH_SUBTREE root=6330 depth=26 w=4.0410232584e+36 Shat=2.1314640000e+03 Lhat=0.0000000000e+00
KNUTH_SUBTREE root=6331 depth=26 w=3.2590904490e+36 Shat=2.2075000000e+01 Lhat=0.0000000000e+00
KNUTH_SUBTREE root=6332 depth=26 w=7.1679960198e+36 Shat=1.6044000000e+02 Lhat=0.0000000000e+00
KNUTH_SUBTREE root=6333 depth=26 w=4.8785131080e+36 Shat=9.7264000000e+01 Lhat=0.0000000000e+00
KNUTH_SUBTREE root=6334 depth=26 w=2.0405107003e+37 Shat=1.0060100000e+03 Lhat=0.0000000000e+00
KNUTH_SUBTREE root=6335 depth=26 w=3.5205436741e+36 Shat=2.3277000000e+02 Lhat=0.0000000000e+00
KNUTH_SUBTREE root=6336 depth=26 w=1.5941209327e+37 Shat=1.1840000000e+01 Lhat=0.0000000000e+00
KNUTH_SUBTREE root=6337 depth=26 w=3.0420113747e+37 Shat=8.0407570000e+03 Lhat=0.0000000000e+00
KNUTH_SUBTREE root=6338 depth=26 w=1.1041323483e+37 Shat=2.5172000000e+02 Lhat=0.0000000000e+00
KNUTH_SUBTREE root=6339 depth=26 w=2.6471709041e+37 Shat=8.8600000000e+00 Lhat=0.0000000000e+00
KNUTH_SUBTREE root=6340 depth=26 w=5.0499871941e+36 Shat=7.6605160000e+03 Lhat=0.0000000000e+00
KNUTH_SUBTREE root=6341 depth=26 w=1.2666561813e+36 Shat=2.4824000000e+02 Lhat=0.0000000000e+00
KNUTH_SUBTREE root=6342 depth=26 w=1.8243750685e+36 Shat=7.9000000000e+01 Lhat=0.0000000000e+00
KNUTH_SUBTREE root=6343 depth=26 w=4.7800053567e+36 Shat=7.5952000000e+01 Lhat=0.0000000000e+00
KNUTH_SUBTREE root=6344 depth=26 w=5.4372478372e+36 Shat=2.0953360000e+03 Lhat=0.0000000000e+00
KNUTH_SUBTREE root=6345 depth=26 w=8.6494844774e+36 Shat=2.2624570000e+03 Lhat=0.0000000000e+00
KNUTH_SUBTREE root=6346 depth=26 w=1.3214683951e+37 Shat=7.1513800000e+02 Lhat=0.0000000000e+00
KNUTH_SUBTREE root=6347 depth=26 w=1.0910431580e+37 Shat=1.5039850000e+03 Lhat=0.0000000000e+00
KNUTH_SUBTREE root=6348 depth=26 w=4.1099932500e+36 Shat=2.8269900000e+02 Lhat=0.0000000000e+00
KNUTH_SUBTREE root=6349 depth=26 w=2.7566845643e+37 Shat=4.3530950000e+03 Lhat=0.0000000000e+00
KNUTH_SUBTREE root=6350 depth=26 w=2.9102858068e+36 Shat=4.2852640000e+03 Lhat=3.8870400000e+02
KNUTH_SUBTREE root=6351 depth=26 w=2.8418571133e+37 Shat=3.1988080000e+03 Lhat=0.0000000000e+00
KNUTH_SUBTREE root=6352 depth=26 w=1.4240494222e+37 Shat=2.4064390000e+03 Lhat=6.7968000000e+01
KNUTH_SUBTREE root=6353 depth=26 w=1.5180981571e+35 Shat=5.0000000000e+00 Lhat=0.0000000000e+00
KNUTH_SUBTREE root=6354 depth=26 w=3.5247086199e+36 Shat=3.1606600000e+03 Lhat=0.0000000000e+00
KNUTH_SUBTREE root=6355 depth=26 w=3.5918177213e+37 Shat=4.3832700000e+02 Lhat=0.0000000000e+00
KNUTH_SUBTREE root=6356 depth=26 w=7.0180471756e+36 Shat=2.4518100000e+02 Lhat=0.0000000000e+00
KNUTH_SUBTREE root=6357 depth=26 w=3.5362130072e+36 Shat=2.4560800000e+02 Lhat=0.0000000000e+00
KNUTH_SUBTREE root=6358 depth=26 w=2.9958972040e+37 Shat=3.6189110000e+03 Lhat=0.0000000000e+00
KNUTH_SUBTREE root=6359 depth=26 w=3.2105727274e+37 Shat=1.3347712000e+04 Lhat=0.0000000000e+00
KNUTH_SUBTREE root=6360 depth=26 w=1.0435503174e+37 Shat=3.9888000000e+01 Lhat=0.0000000000e+00
KNUTH_SUBTREE root=6361 depth=26 w=4.0764152906e+36 Shat=1.0900000000e+01 Lhat=0.0000000000e+00
KNUTH_SUBTREE root=6362 depth=26 w=5.6955077589e+36 Shat=5.9125000000e+01 Lhat=0.0000000000e+00
KNUTH_SUBTREE root=6363 depth=26 w=1.0052159977e+36 Shat=3.0000000000e+00 Lhat=0.0000000000e+00
KNUTH_SUBTREE root=6364 depth=26 w=2.9557178491e+37 Shat=3.0406960000e+03 Lhat=2.7035800000e+02
KNUTH_SUBTREE root=6365 depth=26 w=2.5621616024e+37 Shat=4.6409210000e+03 Lhat=0.0000000000e+00
KNUTH_SUBTREE root=6366 depth=26 w=1.4180036259e+37 Shat=1.3606160000e+03 Lhat=0.0000000000e+00
KNUTH_SUBTREE root=6367 depth=26 w=2.4662895524e+36 Shat=7.6768000000e+02 Lhat=0.0000000000e+00
KNUTH_SUBTREE root=6368 depth=26 w=2.5089462348e+36 Shat=1.2470140000e+03 Lhat=0.0000000000e+00
KNUTH_SUBTREE root=6369 depth=26 w=2.8653488959e+37 Shat=3.0369400000e+03 Lhat=0.0000000000e+00
KNUTH_SUBTREE root=6370 depth=26 w=8.9203051339e+36 Shat=2.8201000000e+02 Lhat=0.0000000000e+00
KNUTH_SUBTREE root=6371 depth=26 w=4.6313557745e+36 Shat=1.2689040000e+03 Lhat=0.0000000000e+00
KNUTH_SUBTREE root=6372 depth=26 w=1.0139723435e+37 Shat=3.4124000000e+02 Lhat=0.0000000000e+00
KNUTH_SUBTREE root=6373 depth=26 w=2.9215801067e+36 Shat=1.5950500000e+03 Lhat=0.0000000000e+00
KNUTH_SUBTREE root=6374 depth=26 w=1.3840289470e+37 Shat=1.0346500000e+02 Lhat=0.0000000000e+00
KNUTH_SUBTREE root=6375 depth=26 w=5.4850852442e+36 Shat=3.7845000000e+01 Lhat=0.0000000000e+00
KNUTH_SUBTREE root=6376 depth=26 w=2.4045434112e+37 Shat=9.4315000000e+02 Lhat=0.0000000000e+00
KNUTH_SUBTREE root=6377 depth=26 w=1.0399415979e+37 Shat=4.5125600000e+02 Lhat=0.0000000000e+00
KNUTH_SUBTREE root=6378 depth=26 w=4.9723564624e+36 Shat=1.9876420000e+03 Lhat=0.0000000000e+00
KNUTH_SUBTREE root=6379 depth=26 w=3.0651548898e+37 Shat=1.3850640000e+03 Lhat=0.0000000000e+00
KNUTH_SUBTREE root=6380 depth=26 w=3.1211774482e+37 Shat=1.4941600000e+02 Lhat=0.0000000000e+00
KNUTH_SUBTREE root=6381 depth=26 w=3.2142749644e+36 Shat=2.1451400000e+02 Lhat=0.0000000000e+00
KNUTH_SUBTREE root=6382 depth=26 w=3.1471644668e+37 Shat=2.0753690000e+03 Lhat=0.0000000000e+00
KNUTH_SUBTREE root=6383 depth=26 w=1.4048806681e+37 Shat=1.0533400000e+02 Lhat=0.0000000000e+00
KNUTH_SUBTREE root=6384 depth=26 w=4.9641790026e+36 Shat=4.1942400000e+03 Lhat=0.0000000000e+00
KNUTH_SUBTREE root=6385 depth=26 w=2.6017266148e+37 Shat=5.2138000000e+01 Lhat=0.0000000000e+00
KNUTH_SUBTREE root=6386 depth=26 w=1.7011016043e+37 Shat=1.7670160000e+03 Lhat=0.0000000000e+00
KNUTH_SUBTREE root=6387 depth=26 w=4.1154748715e+36 Shat=1.9247600000e+03 Lhat=0.0000000000e+00
KNUTH_SUBTREE root=6388 depth=26 w=4.1419582936e+36 Shat=6.0832000000e+01 Lhat=0.0000000000e+00
KNUTH_SUBTREE root=6389 depth=26 w=1.1525903807e+37 Shat=1.3032640000e+03 Lhat=0.0000000000e+00
KNUTH_SUBTREE root=6390 depth=26 w=8.2924380499e+36 Shat=2.9938000000e+01 Lhat=0.0000000000e+00
KNUTH_SUBTREE root=6391 depth=26 w=1.8153269894e+37 Shat=3.9328000000e+02 Lhat=0.0000000000e+00
KNUTH_SUBTREE root=6392 depth=26 w=1.9025916982e+37 Shat=1.4738480000e+03 Lhat=0.0000000000e+00
KNUTH_SUBTREE root=6393 depth=26 w=2.6063405311e+36 Shat=1.6146910000e+03 Lhat=0.0000000000e+00
KNUTH_SUBTREE root=6394 depth=26 w=4.9456402871e+36 Shat=1.7875720000e+03 Lhat=0.0000000000e+00
KNUTH_SUBTREE root=6395 depth=26 w=5.8532806177e+36 Shat=5.7637000000e+01 Lhat=0.0000000000e+00
KNUTH_SUBTREE root=6396 depth=26 w=9.5862581257e+36 Shat=4.8972000000e+03 Lhat=0.0000000000e+00
KNUTH_SUBTREE root=6397 depth=26 w=7.2471760166e+36 Shat=7.5401200000e+02 Lhat=0.0000000000e+00
KNUTH_SUBTREE root=6398 depth=26 w=2.1113670525e+36 Shat=3.8980000000e+01 Lhat=0.0000000000e+00
KNUTH_SUBTREE root=6399 depth=26 w=3.8783148339e+36 Shat=1.1157640000e+03 Lhat=0.0000000000e+00
KNUTH_SUBTREE root=6400 depth=26 w=3.0413113803e+37 Shat=4.0000000000e+00 Lhat=0.0000000000e+00
KNUTH_SUBTREE root=6401 depth=26 w=2.3417070532e+37 Shat=2.5743050000e+03 Lhat=0.0000000000e+00
KNUTH_SUBTREE root=6402 depth=26 w=5.4390738301e+36 Shat=4.5902900000e+02 Lhat=0.0000000000e+00
KNUTH_SUBTREE root=6403 depth=26 w=5.0445462781e+36 Shat=1.2899000000e+03 Lhat=0.0000000000e+00
KNUTH_SUBTREE root=6404 depth=26 w=3.0465568168e+35 Shat=3.0000000000e+00 Lhat=0.0000000000e+00
KNUTH_SUBTREE root=6405 depth=26 w=9.6775949197e+36 Shat=7.0000000000e+00 Lhat=0.0000000000e+00
KNUTH_SUBTREE root=6406 depth=26 w=1.4389191479e+37 Shat=1.4077600000e+02 Lhat=0.0000000000e+00
KNUTH_SUBTREE root=6407 depth=26 w=1.1535628679e+37 Shat=3.0424150000e+03 Lhat=0.0000000000e+00
KNUTH_SUBTREE root=6408 depth=26 w=1.8386845831e+37 Shat=1.0590160000e+03 Lhat=0.0000000000e+00
KNUTH_SUBTREE root=6409 depth=26 w=4.7400563046e+36 Shat=1.4267200000e+02 Lhat=0.0000000000e+00
KNUTH_SUBTREE root=6410 depth=26 w=2.9879512115e+37 Shat=1.0036000000e+02 Lhat=0.0000000000e+00
KNUTH_SUBTREE root=6411 depth=26 w=2.6144638837e+36 Shat=7.6582000000e+02 Lhat=0.0000000000e+00
KNUTH_SUBTREE root=6412 depth=26 w=1.3972736764e+36 Shat=1.3000000000e+01 Lhat=0.0000000000e+00
KNUTH_SUBTREE root=6413 depth=26 w=1.8009635167e+37 Shat=1.2531600000e+02 Lhat=0.0000000000e+00
KNUTH_SUBTREE root=6414 depth=26 w=4.7062950173e+36 Shat=6.4088740000e+03 Lhat=1.1880000000e+01
KNUTH_SUBTREE root=6415 depth=26 w=1.3221911421e+37 Shat=1.1648000000e+02 Lhat=0.0000000000e+00
KNUTH_SUBTREE root=6416 depth=26 w=1.6691872122e+37 Shat=2.1757000000e+01 Lhat=0.0000000000e+00
KNUTH_SUBTREE root=6417 depth=26 w=5.5726509381e+36 Shat=7.0937000000e+01 Lhat=0.0000000000e+00
KNUTH_SUBTREE root=6418 depth=26 w=2.0835079547e+36 Shat=5.1297060000e+03 Lhat=0.0000000000e+00
KNUTH_SUBTREE root=6419 depth=26 w=2.9838936109e+37 Shat=4.1001200000e+03 Lhat=0.0000000000e+00
KNUTH_SUBTREE root=6420 depth=26 w=5.4852672518e+35 Shat=1.5000000000e+01 Lhat=0.0000000000e+00
KNUTH_SUBTREE root=6421 depth=26 w=3.5997375224e+37 Shat=4.0745000000e+02 Lhat=0.0000000000e+00
KNUTH_SUBTREE root=6422 depth=26 w=9.6889486267e+35 Shat=1.3030000000e+01 Lhat=0.0000000000e+00
KNUTH_SUBTREE root=6423 depth=26 w=3.2603352747e+37 Shat=3.6792000000e+01 Lhat=0.0000000000e+00
KNUTH_SUBTREE root=6424 depth=26 w=6.8704752376e+36 Shat=4.0000000000e+00 Lhat=0.0000000000e+00
KNUTH_SUBTREE root=6425 depth=26 w=1.5195447231e+37 Shat=3.1612400000e+03 Lhat=0.0000000000e+00
KNUTH_SUBTREE root=6426 depth=26 w=1.5136201370e+37 Shat=1.7730460000e+03 Lhat=0.0000000000e+00
KNUTH_SUBTREE root=6427 depth=26 w=4.6328043461e+36 Shat=1.3294270000e+03 Lhat=0.0000000000e+00
KNUTH_SUBTREE root=6428 depth=26 w=1.0854631551e+37 Shat=1.1247500000e+03 Lhat=0.0000000000e+00
KNUTH_SUBTREE root=6429 depth=26 w=2.7488733038e+37 Shat=1.6646200000e+03 Lhat=0.0000000000e+00
KNUTH_SUBTREE root=6430 depth=26 w=2.6175092869e+36 Shat=1.7189200000e+02 Lhat=0.0000000000e+00
KNUTH_SUBTREE root=6431 depth=26 w=3.0295260597e+37 Shat=3.4268000000e+02 Lhat=0.0000000000e+00
KNUTH_SUBTREE root=6432 depth=26 w=3.0853975937e+36 Shat=2.5721200000e+02 Lhat=0.0000000000e+00
KNUTH_SUBTREE root=6433 depth=26 w=1.9579954780e+37 Shat=5.0409000000e+02 Lhat=0.0000000000e+00
KNUTH_SUBTREE root=6434 depth=26 w=1.0384112113e+37 Shat=1.7452700000e+03 Lhat=0.0000000000e+00
KNUTH_SUBTREE root=6435 depth=26 w=2.0770446598e+34 Shat=9.0000000000e+00 Lhat=0.0000000000e+00
KNUTH_SUBTREE root=6436 depth=26 w=2.8441394581e+37 Shat=3.6917200000e+03 Lhat=0.0000000000e+00
KNUTH_SUBTREE root=6437 depth=26 w=3.1493622760e+37 Shat=3.5773700000e+03 Lhat=0.0000000000e+00
KNUTH_SUBTREE root=6438 depth=26 w=6.0150932968e+36 Shat=1.0000000000e+01 Lhat=0.0000000000e+00
KNUTH_SUBTREE root=6439 depth=26 w=8.0430114506e+35 Shat=4.1290000000e+01 Lhat=0.0000000000e+00
KNUTH_SUBTREE root=6440 depth=26 w=1.4827378034e+37 Shat=4.0798400000e+02 Lhat=0.0000000000e+00
KNUTH_SUBTREE root=6441 depth=26 w=7.1528218756e+36 Shat=3.5368240000e+03 Lhat=0.0000000000e+00
KNUTH_SUBTREE root=6442 depth=26 w=4.4959545711e+36 Shat=3.2616100000e+02 Lhat=0.0000000000e+00
KNUTH_SUBTREE root=6443 depth=26 w=4.9556473042e+35 Shat=1.3153600000e+02 Lhat=0.0000000000e+00
KNUTH_SUBTREE root=6444 depth=26 w=2.2448304611e+37 Shat=6.5795200000e+03 Lhat=0.0000000000e+00
KNUTH_SUBTREE root=6445 depth=26 w=2.3663591079e+37 Shat=5.8559100000e+02 Lhat=0.0000000000e+00
KNUTH_SUBTREE root=6446 depth=26 w=1.6806505323e+36 Shat=5.9825000000e+01 Lhat=0.0000000000e+00
KNUTH_SUBTREE root=6447 depth=26 w=5.6875848150e+36 Shat=7.7992000000e+01 Lhat=0.0000000000e+00
KNUTH_SUBTREE root=6448 depth=26 w=2.5465702053e+36 Shat=4.5196000000e+01 Lhat=0.0000000000e+00
KNUTH_SUBTREE root=6449 depth=26 w=7.4040899097e+36 Shat=2.0000000000e+00 Lhat=0.0000000000e+00
KNUTH_SUBTREE root=6450 depth=26 w=1.8583932879e+37 Shat=2.4420520000e+03 Lhat=0.0000000000e+00
KNUTH_SUBTREE root=6451 depth=26 w=2.3629732713e+37 Shat=5.3000000000e+01 Lhat=0.0000000000e+00
KNUTH_SUBTREE root=6452 depth=26 w=8.2568641934e+35 Shat=7.3336000000e+01 Lhat=0.0000000000e+00
KNUTH_SUBTREE root=6453 depth=26 w=2.9121084393e+37 Shat=2.5065700000e+03 Lhat=0.0000000000e+00
KNUTH_SUBTREE root=6454 depth=26 w=1.1561371077e+37 Shat=1.2557360000e+03 Lhat=0.0000000000e+00
KNUTH_SUBTREE root=6455 depth=26 w=4.0042856599e+36 Shat=1.6129000000e+01 Lhat=0.0000000000e+00
KNUTH_SUBTREE root=6456 depth=26 w=2.5154404231e+37 Shat=2.5853120000e+03 Lhat=0.0000000000e+00
KNUTH_SUBTREE root=6457 depth=26 w=2.6673148465e+37 Shat=4.3250000000e+02 Lhat=0.0000000000e+00
KNUTH_SUBTREE root=6458 depth=26 w=1.9320501177e+37 Shat=4.0832000000e+01 Lhat=0.0000000000e+00
KNUTH_SUBTREE root=6459 depth=26 w=2.3622825045e+37 Shat=2.8495000000e+02 Lhat=0.0000000000e+00
KNUTH_SUBTREE root=6460 depth=26 w=3.9573397773e+36 Shat=1.5481600000e+02 Lhat=0.0000000000e+00
KNUTH_SUBTREE root=6461 depth=26 w=2.8808979702e+36 Shat=2.1240100000e+02 Lhat=0.0000000000e+00
KNUTH_SUBTREE root=6462 depth=26 w=2.3004220770e+36 Shat=7.4122000000e+01 Lhat=0.0000000000e+00
KNUTH_SUBTREE root=6463 depth=26 w=8.8662426785e+35 Shat=1.5040000000e+01 Lhat=0.0000000000e+00
KNUTH_SUBTREE root=6464 depth=26 w=2.3109580593e+37 Shat=1.6857100000e+02 Lhat=0.0000000000e+00
KNUTH_SUBTREE root=6465 depth=26 w=1.0314577033e+37 Shat=4.7824800000e+02 Lhat=0.0000000000e+00
KNUTH_SUBTREE root=6466 depth=26 w=3.5280354750e+37 Shat=3.9397600000e+02 Lhat=0.0000000000e+00
KNUTH_SUBTREE root=6467 depth=26 w=2.7506400902e+36 Shat=1.5809400000e+03 Lhat=0.0000000000e+00
KNUTH_SUBTREE root=6468 depth=26 w=4.0539072608e+36 Shat=2.2235390000e+03 Lhat=0.0000000000e+00
KNUTH_SUBTREE root=6469 depth=26 w=6.9936819601e+36 Shat=7.9000000000e+01 Lhat=0.0000000000e+00
KNUTH_SUBTREE root=6470 depth=26 w=3.2247425339e+37 Shat=6.3372600000e+03 Lhat=0.0000000000e+00
KNUTH_SUBTREE root=6471 depth=26 w=2.6243039709e+36 Shat=2.5747600000e+03 Lhat=0.0000000000e+00
KNUTH_SUBTREE root=6472 depth=26 w=1.0726385167e+36 Shat=1.3000000000e+01 Lhat=0.0000000000e+00
KNUTH_SUBTREE root=6473 depth=26 w=9.9031305310e+36 Shat=9.9479200000e+02 Lhat=0.0000000000e+00
KNUTH_SUBTREE root=6474 depth=26 w=1.8101487590e+37 Shat=7.3394300000e+03 Lhat=0.0000000000e+00
KNUTH_SUBTREE root=6475 depth=26 w=2.6084197391e+36 Shat=3.2976000000e+01 Lhat=0.0000000000e+00
KNUTH_SUBTREE root=6476 depth=26 w=2.5407723887e+36 Shat=1.3000000000e+01 Lhat=0.0000000000e+00
KNUTH_SUBTREE root=6477 depth=26 w=2.9123226013e+36 Shat=6.0000000000e+00 Lhat=0.0000000000e+00
KNUTH_SUBTREE root=6478 depth=26 w=1.7344691165e+37 Shat=2.4749680000e+03 Lhat=0.0000000000e+00
KNUTH_SUBTREE root=6479 depth=26 w=5.7361790279e+36 Shat=2.4264160000e+03 Lhat=0.0000000000e+00
KNUTH_SUBTREE root=6480 depth=26 w=6.5906152738e+36 Shat=2.7533170000e+03 Lhat=0.0000000000e+00
KNUTH_SUBTREE root=6481 depth=26 w=3.2737289855e+36 Shat=3.1661200000e+03 Lhat=0.0000000000e+00
KNUTH_SUBTREE root=6482 depth=26 w=1.0713276797e+37 Shat=1.1000000000e+01 Lhat=0.0000000000e+00
KNUTH_SUBTREE root=6483 depth=26 w=2.7255202835e+36 Shat=2.0665900000e+03 Lhat=0.0000000000e+00
KNUTH_SUBTREE root=6484 depth=26 w=3.3053359879e+35 Shat=1.0000000000e+01 Lhat=0.0000000000e+00
KNUTH_SUBTREE root=6485 depth=26 w=1.0617101328e+37 Shat=5.1316000000e+01 Lhat=0.0000000000e+00
KNUTH_SUBTREE root=6486 depth=26 w=1.2135535778e+37 Shat=3.2619600000e+03 Lhat=0.0000000000e+00
KNUTH_SUBTREE root=6487 depth=26 w=6.5077428176e+36 Shat=3.7871200000e+03 Lhat=0.0000000000e+00
KNUTH_SUBTREE root=6488 depth=26 w=2.5392901275e+37 Shat=1.2627990000e+03 Lhat=0.0000000000e+00
KNUTH_SUBTREE root=6489 depth=26 w=3.1206059102e+35 Shat=8.9830000000e+00 Lhat=0.0000000000e+00
KNUTH_SUBTREE root=6490 depth=26 w=3.9632800892e+36 Shat=6.2685600000e+02 Lhat=0.0000000000e+00
KNUTH_SUBTREE root=6491 depth=26 w=1.5558570569e+37 Shat=7.4276000000e+02 Lhat=0.0000000000e+00
KNUTH_SUBTREE root=6492 depth=26 w=3.1937887327e+36 Shat=2.2228800000e+02 Lhat=0.0000000000e+00
KNUTH_SUBTREE root=6493 depth=26 w=1.0685472719e+37 Shat=1.4693700000e+02 Lhat=0.0000000000e+00
KNUTH_SUBTREE root=6494 depth=26 w=4.4040119871e+36 Shat=7.9000000000e+01 Lhat=0.0000000000e+00
KNUTH_SUBTREE root=6495 depth=26 w=3.0399406965e+37 Shat=2.9274950000e+03 Lhat=0.0000000000e+00
KNUTH_SUBTREE root=6496 depth=26 w=4.1311341081e+36 Shat=3.6079200000e+02 Lhat=0.0000000000e+00
KNUTH_SUBTREE root=6497 depth=26 w=3.8253854766e+37 Shat=1.7437600000e+03 Lhat=0.0000000000e+00
KNUTH_SUBTREE root=6498 depth=26 w=2.2955680226e+37 Shat=1.3000000000e+01 Lhat=0.0000000000e+00
KNUTH_SUBTREE root=6499 depth=26 w=3.0331638301e+37 Shat=5.8963330000e+03 Lhat=2.1153600000e+02
KNUTH_SUBTREE root=6500 depth=26 w=4.5416320717e+36 Shat=7.9000000000e+01 Lhat=0.0000000000e+00
KNUTH_SUBTREE root=6501 depth=26 w=2.5796851480e+37 Shat=3.9565720000e+03 Lhat=0.0000000000e+00
KNUTH_SUBTREE root=6502 depth=26 w=4.9376560848e+36 Shat=5.6769000000e+01 Lhat=0.0000000000e+00
KNUTH_SUBTREE root=6503 depth=26 w=2.7095985388e+36 Shat=1.5000000000e+01 Lhat=0.0000000000e+00
KNUTH_SUBTREE root=6504 depth=26 w=8.4113577828e+36 Shat=1.4031280000e+03 Lhat=0.0000000000e+00
KNUTH_SUBTREE root=6505 depth=26 w=6.3656149192e+36 Shat=5.0020000000e+01 Lhat=0.0000000000e+00
KNUTH_SUBTREE root=6506 depth=26 w=7.9421374678e+36 Shat=5.8763100000e+03 Lhat=0.0000000000e+00
KNUTH_SUBTREE root=6507 depth=26 w=1.0485202622e+36 Shat=2.1000000000e+01 Lhat=0.0000000000e+00
KNUTH_SUBTREE root=6508 depth=26 w=7.4570312189e+35 Shat=4.0000000000e+01 Lhat=0.0000000000e+00
KNUTH_SUBTREE root=6509 depth=26 w=1.2757795239e+37 Shat=1.8829000000e+01 Lhat=0.0000000000e+00
KNUTH_SUBTREE root=6510 depth=26 w=2.8902152245e+36 Shat=1.3000000000e+01 Lhat=0.0000000000e+00
KNUTH_SUBTREE root=6511 depth=26 w=6.7317207284e+36 Shat=5.2001600000e+02 Lhat=0.0000000000e+00
KNUTH_SUBTREE root=6512 depth=26 w=8.2382297013e+36 Shat=3.9589800000e+02 Lhat=0.0000000000e+00
KNUTH_SUBTREE root=6513 depth=26 w=1.2511168036e+37 Shat=2.0000000000e+00 Lhat=0.0000000000e+00
KNUTH_SUBTREE root=6514 depth=26 w=1.2637643397e+37 Shat=7.2627000000e+02 Lhat=0.0000000000e+00
KNUTH_SUBTREE root=6515 depth=26 w=5.8420032020e+36 Shat=1.1556590000e+03 Lhat=0.0000000000e+00
KNUTH_SUBTREE root=6516 depth=26 w=7.0293518985e+36 Shat=2.0036800000e+02 Lhat=0.0000000000e+00
KNUTH_SUBTREE root=6517 depth=26 w=2.2936632239e+37 Shat=1.5258000000e+02 Lhat=0.0000000000e+00
KNUTH_SUBTREE root=6518 depth=26 w=1.0648058947e+37 Shat=1.5056000000e+01 Lhat=0.0000000000e+00
KNUTH_SUBTREE root=6519 depth=26 w=2.7595280353e+37 Shat=1.3647000000e+03 Lhat=0.0000000000e+00
KNUTH_SUBTREE root=6520 depth=26 w=3.1622066528e+37 Shat=2.0847000000e+02 Lhat=0.0000000000e+00
KNUTH_SUBTREE root=6521 depth=26 w=9.3728826786e+36 Shat=6.8770000000e+03 Lhat=0.0000000000e+00
KNUTH_SUBTREE root=6522 depth=26 w=1.1089739864e+37 Shat=3.5894800000e+03 Lhat=0.0000000000e+00
KNUTH_SUBTREE root=6523 depth=26 w=4.4857348728e+36 Shat=8.4720000000e+01 Lhat=0.0000000000e+00
KNUTH_SUBTREE root=6524 depth=26 w=1.0792246010e+37 Shat=2.2335490000e+03 Lhat=0.0000000000e+00
KNUTH_SUBTREE root=6525 depth=26 w=1.7964846124e+37 Shat=3.7925000000e+01 Lhat=0.0000000000e+00
KNUTH_SUBTREE root=6526 depth=26 w=2.4823632392e+37 Shat=5.0047000000e+02 Lhat=0.0000000000e+00
KNUTH_SUBTREE root=6527 depth=26 w=4.6264257411e+36 Shat=2.3344630000e+03 Lhat=0.0000000000e+00
KNUTH_SUBTREE root=6528 depth=26 w=6.0496291503e+36 Shat=1.1840000000e+01 Lhat=0.0000000000e+00
KNUTH_SUBTREE root=6529 depth=26 w=6.2040223025e+36 Shat=4.3338400000e+02 Lhat=0.0000000000e+00
KNUTH_SUBTREE root=6530 depth=26 w=1.7288480421e+36 Shat=1.3000000000e+01 Lhat=0.0000000000e+00
KNUTH_SUBTREE root=6531 depth=26 w=2.5501124274e+37 Shat=6.5826000000e+02 Lhat=0.0000000000e+00
KNUTH_SUBTREE root=6532 depth=26 w=6.0934144207e+36 Shat=1.1587600000e+03 Lhat=0.0000000000e+00
KNUTH_SUBTREE root=6533 depth=26 w=2.2103001019e+37 Shat=1.5071200000e+02 Lhat=0.0000000000e+00
KNUTH_SUBTREE root=6534 depth=26 w=1.0234553757e+37 Shat=1.5045900000e+03 Lhat=8.9056000000e+01
KNUTH_SUBTREE root=6535 depth=26 w=8.2394486743e+36 Shat=7.9000000000e+01 Lhat=0.0000000000e+00
KNUTH_SUBTREE root=6536 depth=26 w=3.2881337100e+36 Shat=6.4470400000e+02 Lhat=0.0000000000e+00
KNUTH_SUBTREE root=6537 depth=26 w=2.6752631219e+36 Shat=2.2154000000e+01 Lhat=0.0000000000e+00
KNUTH_SUBTREE root=6538 depth=26 w=7.4869375002e+35 Shat=2.0000000000e+00 Lhat=0.0000000000e+00
KNUTH_SUBTREE root=6539 depth=26 w=7.0599203828e+36 Shat=7.7815900000e+03 Lhat=0.0000000000e+00
KNUTH_SUBTREE root=6540 depth=26 w=2.2429135712e+36 Shat=3.1568000000e+02 Lhat=0.0000000000e+00
KNUTH_SUBTREE root=6541 depth=26 w=2.8617510855e+36 Shat=3.0414320000e+03 Lhat=0.0000000000e+00
KNUTH_SUBTREE root=6542 depth=26 w=2.6292550028e+37 Shat=1.6356520000e+03 Lhat=0.0000000000e+00
KNUTH_SUBTREE root=6543 depth=26 w=3.4233604686e+36 Shat=3.7599000000e+03 Lhat=9.4560000000e+01
KNUTH_SUBTREE root=6544 depth=26 w=5.6560869364e+36 Shat=6.2957500000e+03 Lhat=0.0000000000e+00
KNUTH_SUBTREE root=6545 depth=26 w=5.4160366078e+36 Shat=1.7626400000e+02 Lhat=0.0000000000e+00
KNUTH_SUBTREE root=6546 depth=26 w=1.0981502628e+37 Shat=1.0230000000e+02 Lhat=0.0000000000e+00
KNUTH_SUBTREE root=6547 depth=26 w=2.7064689163e+37 Shat=2.1996560000e+03 Lhat=0.0000000000e+00
KNUTH_SUBTREE root=6548 depth=26 w=1.0647202282e+37 Shat=2.5368000000e+01 Lhat=0.0000000000e+00
KNUTH_SUBTREE root=6549 depth=26 w=2.7181651089e+37 Shat=1.3355500000e+02 Lhat=0.0000000000e+00
KNUTH_SUBTREE root=6550 depth=26 w=9.2670368042e+36 Shat=3.3208000000e+01 Lhat=0.0000000000e+00
KNUTH_SUBTREE root=6551 depth=26 w=2.0172810671e+36 Shat=1.3000000000e+01 Lhat=0.0000000000e+00
KNUTH_SUBTREE root=6552 depth=26 w=2.7826365487e+36 Shat=6.0281100000e+02 Lhat=0.0000000000e+00
KNUTH_SUBTREE root=6553 depth=26 w=3.9042025679e+36 Shat=1.0000000000e+00 Lhat=0.0000000000e+00
KNUTH_SUBTREE root=6554 depth=26 w=6.2591557981e+36 Shat=4.0904800000e+02 Lhat=0.0000000000e+00
KNUTH_SUBTREE root=6555 depth=26 w=1.5094534948e+37 Shat=3.7096000000e+01 Lhat=0.0000000000e+00
KNUTH_SUBTREE root=6556 depth=26 w=1.9561454367e+36 Shat=1.1613000000e+02 Lhat=0.0000000000e+00
KNUTH_SUBTREE root=6557 depth=26 w=4.8806861524e+36 Shat=4.3742370000e+03 Lhat=0.0000000000e+00
KNUTH_SUBTREE root=6558 depth=26 w=4.5879907639e+36 Shat=3.2819770000e+03 Lhat=0.0000000000e+00
KNUTH_SUBTREE root=6559 depth=26 w=4.8608514191e+36 Shat=3.1068000000e+02 Lhat=0.0000000000e+00
KNUTH_SUBTREE root=6560 depth=26 w=1.8403849581e+37 Shat=3.1146400000e+03 Lhat=0.0000000000e+00
KNUTH_SUBTREE root=6561 depth=26 w=6.2074499457e+36 Shat=5.0000000000e+00 Lhat=0.0000000000e+00
KNUTH_SUBTREE root=6562 depth=26 w=1.0765830613e+36 Shat=5.0000000000e+00 Lhat=0.0000000000e+00
KNUTH_SUBTREE root=6563 depth=26 w=8.6686576962e+36 Shat=3.4036800000e+02 Lhat=0.0000000000e+00
KNUTH_SUBTREE root=6564 depth=26 w=2.0713817561e+36 Shat=6.0130000000e+01 Lhat=0.0000000000e+00
KNUTH_SUBTREE root=6565 depth=26 w=4.7187674010e+36 Shat=1.8600000000e+01 Lhat=0.0000000000e+00
KNUTH_SUBTREE root=6566 depth=26 w=1.5856664884e+37 Shat=4.0684800000e+03 Lhat=0.0000000000e+00
KNUTH_SUBTREE root=6567 depth=26 w=2.6667362921e+37 Shat=9.1792000000e+01 Lhat=0.0000000000e+00
KNUTH_SUBTREE root=6568 depth=26 w=2.6487934105e+37 Shat=2.1213680000e+03 Lhat=0.0000000000e+00
KNUTH_SUBTREE root=6569 depth=26 w=5.0602936274e+36 Shat=9.4586700000e+02 Lhat=0.0000000000e+00
KNUTH_SUBTREE root=6570 depth=26 w=3.0446321786e+37 Shat=4.1718700000e+02 Lhat=0.0000000000e+00
KNUTH_SUBTREE root=6571 depth=26 w=1.8351437729e+37 Shat=1.1452120000e+03 Lhat=0.0000000000e+00
KNUTH_SUBTREE root=6572 depth=26 w=7.9902136404e+35 Shat=1.5000000000e+01 Lhat=0.0000000000e+00
KNUTH_SUBTREE root=6573 depth=26 w=2.7495589018e+37 Shat=3.0400000000e+02 Lhat=0.0000000000e+00
KNUTH_SUBTREE root=6574 depth=26 w=1.5223170916e+36 Shat=3.0000000000e+00 Lhat=0.0000000000e+00
KNUTH_SUBTREE root=6575 depth=26 w=2.2288647406e+37 Shat=2.1512620000e+03 Lhat=0.0000000000e+00
KNUTH_SUBTREE root=6576 depth=26 w=7.9285129831e+36 Shat=1.0904950000e+03 Lhat=0.0000000000e+00
KNUTH_SUBTREE root=6577 depth=26 w=2.3584325595e+37 Shat=1.1286400000e+02 Lhat=0.0000000000e+00
KNUTH_SUBTREE root=6578 depth=26 w=2.1307939352e+37 Shat=1.1000000000e+01 Lhat=0.0000000000e+00
KNUTH_SUBTREE root=6579 depth=26 w=1.3141559432e+36 Shat=4.7440000000e+01 Lhat=0.0000000000e+00
KNUTH_SUBTREE root=6580 depth=26 w=4.4374006272e+36 Shat=4.7912770000e+03 Lhat=0.0000000000e+00
KNUTH_SUBTREE root=6581 depth=26 w=2.7684852410e+37 Shat=6.8604000000e+02 Lhat=0.0000000000e+00
KNUTH_SUBTREE root=6582 depth=26 w=4.7885942751e+36 Shat=1.3350800000e+03 Lhat=0.0000000000e+00
KNUTH_SUBTREE root=6583 depth=26 w=4.6436756592e+36 Shat=4.1314600000e+02 Lhat=0.0000000000e+00
KNUTH_SUBTREE root=6584 depth=26 w=6.2934084585e+36 Shat=3.1979200000e+03 Lhat=0.0000000000e+00
KNUTH_SUBTREE root=6585 depth=26 w=1.8907902085e+36 Shat=3.0000000000e+00 Lhat=0.0000000000e+00
KNUTH_SUBTREE root=6586 depth=26 w=2.9753193101e+36 Shat=2.2712020000e+03 Lhat=0.0000000000e+00
KNUTH_SUBTREE root=6587 depth=26 w=4.9799553239e+36 Shat=2.1909840000e+03 Lhat=0.0000000000e+00
KNUTH_SUBTREE root=6588 depth=26 w=2.2258283177e+36 Shat=1.0000000000e+00 Lhat=0.0000000000e+00
KNUTH_SUBTREE root=6589 depth=26 w=5.6531582371e+36 Shat=8.9131000000e+02 Lhat=0.0000000000e+00
KNUTH_SUBTREE root=6590 depth=26 w=2.5590824988e+37 Shat=1.9046400000e+02 Lhat=0.0000000000e+00
KNUTH_SUBTREE root=6591 depth=26 w=4.2816282125e+36 Shat=4.6579600000e+02 Lhat=0.0000000000e+00
KNUTH_SUBTREE root=6592 depth=26 w=1.5055560624e+37 Shat=3.9288280000e+03 Lhat=1.9099200000e+02
KNUTH_SUBTREE root=6593 depth=26 w=4.1259177546e+36 Shat=2.6374500000e+02 Lhat=0.0000000000e+00
KNUTH_SUBTREE root=6594 depth=26 w=2.6615878175e+37 Shat=1.2575920000e+03 Lhat=0.0000000000e+00
KNUTH_SUBTREE root=6595 depth=26 w=2.1010843232e+36 Shat=3.5632000000e+01 Lhat=0.0000000000e+00
KNUTH_SUBTREE root=6596 depth=26 w=3.0014761455e+37 Shat=4.9591240000e+03 Lhat=0.0000000000e+00
KNUTH_SUBTREE root=6597 depth=26 w=5.5639887964e+36 Shat=9.5717920000e+03 Lhat=0.0000000000e+00
KNUTH_SUBTREE root=6598 depth=26 w=6.0847646173e+35 Shat=6.9454000000e+01 Lhat=0.0000000000e+00
KNUTH_SUBTREE root=6599 depth=26 w=4.7721407791e+36 Shat=1.3094940000e+03 Lhat=0.0000000000e+00
KNUTH_SUBTREE root=6600 depth=26 w=1.8183458049e+37 Shat=1.3752800000e+02 Lhat=0.0000000000e+00
KNUTH_SUBTREE root=6601 depth=26 w=2.8852466775e+37 Shat=4.8113900000e+02 Lhat=0.0000000000e+00
KNUTH_SUBTREE root=6602 depth=26 w=4.2267169733e+36 Shat=1.0896400000e+02 Lhat=0.0000000000e+00
KNUTH_SUBTREE root=6603 depth=26 w=2.8523723738e+37 Shat=7.0975600000e+02 Lhat=0.0000000000e+00
KNUTH_SUBTREE root=6604 depth=26 w=4.5411656971e+36 Shat=1.1981111000e+04 Lhat=0.0000000000e+00
KNUTH_SUBTREE root=6605 depth=26 w=1.8601310577e+37 Shat=3.0030000000e+01 Lhat=0.0000000000e+00
KNUTH_SUBTREE root=6606 depth=26 w=1.1546237077e+37 Shat=2.4600900000e+03 Lhat=0.0000000000e+00
KNUTH_SUBTREE root=6607 depth=26 w=6.4540025165e+36 Shat=4.9707200000e+03 Lhat=0.0000000000e+00
KNUTH_SUBTREE root=6608 depth=26 w=2.7969356993e+37 Shat=6.4254040000e+03 Lhat=2.4969600000e+02
KNUTH_SUBTREE root=6609 depth=26 w=1.2998578917e+37 Shat=7.8067000000e+02 Lhat=0.0000000000e+00
KNUTH_SUBTREE root=6610 depth=26 w=1.2353248378e+37 Shat=2.9129700000e+02 Lhat=0.0000000000e+00
KNUTH_SUBTREE root=6611 depth=26 w=4.5888036700e+36 Shat=8.1912000000e+01 Lhat=0.0000000000e+00
KNUTH_SUBTREE root=6612 depth=26 w=1.5247961393e+37 Shat=2.9343160000e+03 Lhat=0.0000000000e+00
KNUTH_SUBTREE root=6613 depth=26 w=2.0033586976e+36 Shat=4.3085200000e+03 Lhat=0.0000000000e+00
KNUTH_SUBTREE root=6614 depth=26 w=2.8505636657e+37 Shat=1.0930545000e+04 Lhat=1.9591330000e+03
KNUTH_SUBTREE root=6615 depth=26 w=3.6617268166e+36 Shat=3.4776000000e+02 Lhat=0.0000000000e+00
KNUTH_SUBTREE root=6616 depth=26 w=1.4167718089e+37 Shat=1.2882800000e+03 Lhat=0.0000000000e+00
KNUTH_SUBTREE root=6617 depth=26 w=2.2128285382e+37 Shat=5.8243600000e+02 Lhat=0.0000000000e+00
KNUTH_SUBTREE root=6618 depth=26 w=5.0686578111e+36 Shat=2.8438400000e+02 Lhat=0.0000000000e+00
KNUTH_SUBTREE root=6619 depth=26 w=1.2183759415e+37 Shat=1.8130000000e+01 Lhat=0.0000000000e+00
KNUTH_SUBTREE root=6620 depth=26 w=1.5997157255e+36 Shat=1.1804560000e+04 Lhat=0.0000000000e+00
KNUTH_SUBTREE root=6621 depth=26 w=7.1758281890e+36 Shat=1.3093068000e+04 Lhat=3.7515720000e+03
KNUTH_SUBTREE root=6622 depth=26 w=2.2465147236e+37 Shat=1.6843300000e+03 Lhat=0.0000000000e+00
KNUTH_SUBTREE root=6623 depth=26 w=3.2251131569e+37 Shat=1.1465470000e+03 Lhat=0.0000000000e+00
KNUTH_SUBTREE root=6624 depth=26 w=1.6954722303e+37 Shat=1.4832520000e+03 Lhat=0.0000000000e+00
KNUTH_SUBTREE root=6625 depth=26 w=1.6584812959e+35 Shat=8.5549000000e+01 Lhat=0.0000000000e+00
KNUTH_SUBTREE root=6626 depth=26 w=6.7304005797e+36 Shat=2.4452000000e+01 Lhat=0.0000000000e+00
KNUTH_SUBTREE root=6627 depth=26 w=8.1217420141e+36 Shat=1.4453600000e+03 Lhat=0.0000000000e+00
KNUTH_SUBTREE root=6628 depth=26 w=3.2872696326e+37 Shat=5.2651900000e+02 Lhat=0.0000000000e+00
KNUTH_SUBTREE root=6629 depth=26 w=1.1817316010e+37 Shat=5.6230000000e+01 Lhat=0.0000000000e+00
KNUTH_SUBTREE root=6630 depth=26 w=1.0367022262e+37 Shat=5.8224000000e+01 Lhat=0.0000000000e+00
KNUTH_SUBTREE root=6631 depth=26 w=7.7314961573e+36 Shat=6.6285900000e+02 Lhat=0.0000000000e+00
KNUTH_SUBTREE root=6632 depth=26 w=1.0290727860e+37 Shat=6.6000000000e+01 Lhat=0.0000000000e+00
KNUTH_SUBTREE root=6633 depth=26 w=6.0740462842e+36 Shat=3.6286000000e+02 Lhat=0.0000000000e+00
KNUTH_SUBTREE root=6634 depth=26 w=5.1537569743e+35 Shat=1.7022000000e+01 Lhat=0.0000000000e+00
KNUTH_SUBTREE root=6635 depth=26 w=2.8886063981e+37 Shat=5.0769100000e+02 Lhat=0.0000000000e+00
KNUTH_SUBTREE root=6636 depth=26 w=5.5584721689e+36 Shat=5.8772000000e+03 Lhat=0.0000000000e+00
KNUTH_SUBTREE root=6637 depth=26 w=1.9056228309e+35 Shat=5.9500000000e+00 Lhat=0.0000000000e+00
KNUTH_SUBTREE root=6638 depth=26 w=3.1932862746e+37 Shat=6.3640400000e+02 Lhat=0.0000000000e+00
KNUTH_SUBTREE root=6639 depth=26 w=7.5515420020e+34 Shat=8.0050000000e+00 Lhat=0.0000000000e+00
KNUTH_SUBTREE root=6640 depth=26 w=1.2182880688e+37 Shat=1.1650400000e+03 Lhat=0.0000000000e+00
KNUTH_SUBTREE root=6641 depth=26 w=2.6324357899e+37 Shat=2.2660500000e+03 Lhat=0.0000000000e+00
KNUTH_SUBTREE root=6642 depth=26 w=3.1402045543e+36 Shat=3.7764800000e+02 Lhat=0.0000000000e+00
KNUTH_SUBTREE root=6643 depth=26 w=3.7855006534e+36 Shat=2.8221940000e+03 Lhat=0.0000000000e+00
KNUTH_SUBTREE root=6644 depth=26 w=3.9829117355e+36 Shat=1.7026480000e+03 Lhat=0.0000000000e+00
KNUTH_SUBTREE root=6645 depth=26 w=2.6590672601e+36 Shat=5.7476800000e+02 Lhat=0.0000000000e+00
KNUTH_SUBTREE root=6646 depth=26 w=2.9644493903e+36 Shat=1.0386190000e+03 Lhat=0.0000000000e+00
KNUTH_SUBTREE root=6647 depth=26 w=3.8364599754e+36 Shat=9.6668000000e+02 Lhat=0.0000000000e+00
KNUTH_SUBTREE root=6648 depth=26 w=9.5721855059e+36 Shat=4.9909330000e+03 Lhat=1.6848000000e+02
KNUTH_SUBTREE root=6649 depth=26 w=3.3926030136e+36 Shat=5.8903200000e+02 Lhat=0.0000000000e+00
KNUTH_SUBTREE root=6650 depth=26 w=3.8032462903e+36 Shat=2.0000000000e+00 Lhat=0.0000000000e+00
KNUTH_SUBTREE root=6651 depth=26 w=2.9657058884e+37 Shat=4.6061000000e+02 Lhat=0.0000000000e+00
KNUTH_SUBTREE root=6652 depth=26 w=6.1274100355e+36 Shat=1.6355440000e+03 Lhat=0.0000000000e+00
KNUTH_SUBTREE root=6653 depth=26 w=6.6513628225e+36 Shat=2.3040000000e+01 Lhat=0.0000000000e+00
KNUTH_SUBTREE root=6654 depth=26 w=2.6782147066e+37 Shat=1.6178200000e+02 Lhat=0.0000000000e+00
KNUTH_SUBTREE root=6655 depth=26 w=1.1760885297e+37 Shat=4.0683970000e+03 Lhat=0.0000000000e+00
KNUTH_SUBTREE root=6656 depth=26 w=1.0736692891e+36 Shat=1.0000000000e+00 Lhat=0.0000000000e+00
KNUTH_SUBTREE root=6657 depth=26 w=1.0287213418e+36 Shat=3.8992000000e+01 Lhat=0.0000000000e+00
KNUTH_SUBTREE root=6658 depth=26 w=2.0851346215e+36 Shat=6.0847480000e+03 Lhat=0.0000000000e+00
KNUTH_SUBTREE root=6659 depth=26 w=2.4220808023e+35 Shat=4.5415000000e+01 Lhat=0.0000000000e+00
KNUTH_SUBTREE root=6660 depth=26 w=2.6381132893e+36 Shat=8.2426000000e+01 Lhat=0.0000000000e+00
KNUTH_SUBTREE root=6661 depth=26 w=2.0580586165e+36 Shat=5.0000000000e+00 Lhat=0.0000000000e+00
KNUTH_SUBTREE root=6662 depth=26 w=2.8052000218e+37 Shat=3.3681400000e+03 Lhat=0.0000000000e+00
KNUTH_SUBTREE root=6663 depth=26 w=2.3252527676e+35 Shat=4.6840000000e+01 Lhat=0.0000000000e+00
KNUTH_SUBTREE root=6664 depth=26 w=2.9480008700e+37 Shat=6.5049400000e+03 Lhat=0.0000000000e+00
KNUTH_SUBTREE root=6665 depth=26 w=3.4547235181e+37 Shat=3.0596700000e+03 Lhat=0.0000000000e+00
KNUTH_SUBTREE root=6666 depth=26 w=6.4467573533e+36 Shat=2.6044570000e+03 Lhat=0.0000000000e+00
KNUTH_SUBTREE root=6667 depth=26 w=9.8314004258e+36 Shat=5.6566000000e+01 Lhat=0.0000000000e+00
KNUTH_SUBTREE root=6668 depth=26 w=5.4546013253e+36 Shat=3.3439000000e+03 Lhat=0.0000000000e+00
KNUTH_SUBTREE root=6669 depth=26 w=1.6869643277e+37 Shat=5.2093900000e+02 Lhat=0.0000000000e+00
KNUTH_SUBTREE root=6670 depth=26 w=8.1709390245e+36 Shat=1.2748000000e+02 Lhat=0.0000000000e+00
KNUTH_SUBTREE root=6671 depth=26 w=3.0126385493e+37 Shat=3.7304000000e+01 Lhat=0.0000000000e+00
KNUTH_SUBTREE root=6672 depth=26 w=4.2983643670e+36 Shat=4.9422900000e+02 Lhat=0.0000000000e+00
KNUTH_SUBTREE root=6673 depth=26 w=5.0282006057e+36 Shat=2.2437370000e+03 Lhat=0.0000000000e+00
KNUTH_SUBTREE root=6674 depth=26 w=2.6165649884e+37 Shat=3.4264900000e+02 Lhat=0.0000000000e+00
KNUTH_SUBTREE root=6675 depth=26 w=7.9235855888e+34 Shat=3.8988000000e+01 Lhat=0.0000000000e+00
KNUTH_SUBTREE root=6676 depth=26 w=8.6938624133e+36 Shat=7.6440000000e+02 Lhat=0.0000000000e+00
KNUTH_SUBTREE root=6677 depth=26 w=2.0975899591e+36 Shat=1.5427600000e+02 Lhat=0.0000000000e+00
KNUTH_SUBTREE root=6678 depth=26 w=7.7621422130e+36 Shat=6.6062000000e+02 Lhat=0.0000000000e+00
KNUTH_SUBTREE root=6679 depth=26 w=4.2286803289e+36 Shat=2.0950900000e+02 Lhat=0.0000000000e+00
KNUTH_SUBTREE root=6680 depth=26 w=1.0553069821e+37 Shat=1.3988440000e+03 Lhat=0.0000000000e+00
KNUTH_SUBTREE root=6681 depth=26 w=2.0079929555e+37 Shat=6.7147600000e+03 Lhat=8.0006400000e+02
KNUTH_SUBTREE root=6682 depth=26 w=0 Shat=0 Lhat=0 dead=1
KNUTH_SUBTREE root=6683 depth=26 w=5.7776711713e+36 Shat=4.3863370000e+03 Lhat=0.0000000000e+00
KNUTH_SUBTREE root=6684 depth=26 w=5.3506035855e+36 Shat=4.6417100000e+03 Lhat=0.0000000000e+00
KNUTH_SUBTREE root=6685 depth=26 w=2.0808939757e+37 Shat=8.8990900000e+02 Lhat=0.0000000000e+00
KNUTH_SUBTREE root=6686 depth=26 w=4.6089255656e+36 Shat=2.5426160000e+03 Lhat=0.0000000000e+00
KNUTH_SUBTREE root=6687 depth=26 w=2.8563358188e+37 Shat=8.1218920000e+03 Lhat=0.0000000000e+00
KNUTH_SUBTREE root=6688 depth=26 w=2.3948139595e+35 Shat=4.0000000000e+00 Lhat=0.0000000000e+00
KNUTH_SUBTREE root=6689 depth=26 w=1.3586609232e+36 Shat=9.0836200000e+02 Lhat=0.0000000000e+00
KNUTH_SUBTREE root=6690 depth=26 w=8.9181777542e+36 Shat=1.2766600000e+02 Lhat=0.0000000000e+00
KNUTH_SUBTREE root=6691 depth=26 w=7.8953690592e+36 Shat=1.0903500000e+02 Lhat=0.0000000000e+00
KNUTH_SUBTREE root=6692 depth=26 w=4.4274847185e+36 Shat=3.6032400000e+02 Lhat=0.0000000000e+00
KNUTH_SUBTREE root=6693 depth=26 w=3.2617308026e+36 Shat=2.5559500000e+03 Lhat=0.0000000000e+00
KNUTH_SUBTREE root=6694 depth=26 w=2.9650646392e+36 Shat=6.6179200000e+02 Lhat=0.0000000000e+00
KNUTH_SUBTREE root=6695 depth=26 w=3.4443009266e+37 Shat=2.8736390000e+03 Lhat=0.0000000000e+00
KNUTH_SUBTREE root=6696 depth=26 w=2.8378898268e+37 Shat=1.0687500000e+02 Lhat=0.0000000000e+00
KNUTH_SUBTREE root=6697 depth=26 w=9.2690205320e+36 Shat=3.0411040000e+03 Lhat=0.0000000000e+00
KNUTH_SUBTREE root=6698 depth=26 w=1.8530218494e+37 Shat=1.9468300000e+03 Lhat=0.0000000000e+00
KNUTH_SUBTREE root=6699 depth=26 w=7.5161903700e+33 Shat=7.0000000000e+00 Lhat=0.0000000000e+00
KNUTH_SUBTREE root=6700 depth=26 w=3.0254101188e+36 Shat=3.9170800000e+02 Lhat=0.0000000000e+00
KNUTH_SUBTREE root=6701 depth=26 w=3.5857725169e+37 Shat=3.5069750000e+03 Lhat=0.0000000000e+00
KNUTH_SUBTREE root=6702 depth=26 w=3.3528810289e+36 Shat=3.1729200000e+02 Lhat=0.0000000000e+00
KNUTH_SUBTREE root=6703 depth=26 w=7.5908673921e+36 Shat=3.5379190000e+03 Lhat=0.0000000000e+00
KNUTH_SUBTREE root=6704 depth=26 w=1.4990093994e+36 Shat=1.7537200000e+02 Lhat=0.0000000000e+00
KNUTH_SUBTREE root=6705 depth=26 w=8.5501798917e+36 Shat=3.9440000000e+01 Lhat=0.0000000000e+00
KNUTH_SUBTREE root=6706 depth=26 w=6.3279741308e+35 Shat=2.5618000000e+01 Lhat=0.0000000000e+00
KNUTH_SUBTREE root=6707 depth=26 w=9.1056030653e+36 Shat=1.8341500000e+02 Lhat=0.0000000000e+00
KNUTH_SUBTREE root=6708 depth=26 w=8.9862507173e+36 Shat=2.9202590000e+03 Lhat=0.0000000000e+00
KNUTH_SUBTREE root=6709 depth=26 w=3.2920428993e+36 Shat=1.0726510000e+03 Lhat=0.0000000000e+00
KNUTH_SUBTREE root=6710 depth=26 w=2.2755329498e+37 Shat=1.6600800000e+02 Lhat=0.0000000000e+00
KNUTH_SUBTREE root=6711 depth=26 w=2.3900340090e+36 Shat=3.5228400000e+03 Lhat=0.0000000000e+00
KNUTH_SUBTREE root=6712 depth=26 w=7.5948900781e+36 Shat=1.3000000000e+01 Lhat=0.0000000000e+00
KNUTH_SUBTREE root=6713 depth=26 w=3.4003148172e+36 Shat=1.1335000000e+02 Lhat=0.0000000000e+00
KNUTH_SUBTREE root=6714 depth=26 w=2.1826999865e+36 Shat=1.5124600000e+03 Lhat=0.0000000000e+00
KNUTH_SUBTREE root=6715 depth=26 w=1.1658842815e+37 Shat=3.3553500000e+03 Lhat=0.0000000000e+00
KNUTH_SUBTREE root=6716 depth=26 w=1.0129303975e+36 Shat=4.0000000000e+01 Lhat=0.0000000000e+00
KNUTH_SUBTREE root=6717 depth=26 w=5.8722216949e+36 Shat=5.1029110000e+03 Lhat=0.0000000000e+00
KNUTH_SUBTREE root=6718 depth=26 w=9.0922391443e+36 Shat=4.0180620000e+03 Lhat=6.2966400000e+02
KNUTH_SUBTREE root=6719 depth=26 w=1.7473630947e+36 Shat=3.4828000000e+01 Lhat=0.0000000000e+00
KNUTH_SUBTREE root=6720 depth=26 w=2.7426285715e+36 Shat=9.8120800000e+02 Lhat=0.0000000000e+00
KNUTH_SUBTREE root=6721 depth=26 w=5.7109690923e+36 Shat=2.4238000000e+02 Lhat=0.0000000000e+00
KNUTH_SUBTREE root=6722 depth=26 w=2.6786064111e+37 Shat=1.0162000000e+02 Lhat=0.0000000000e+00
KNUTH_SUBTREE root=6723 depth=26 w=3.7968726330e+36 Shat=6.1670000000e+01 Lhat=0.0000000000e+00
KNUTH_SUBTREE root=6724 depth=26 w=1.2404238713e+36 Shat=3.0000000000e+00 Lhat=0.0000000000e+00
KNUTH_SUBTREE root=6725 depth=26 w=1.1396864003e+37 Shat=8.1434400000e+02 Lhat=0.0000000000e+00
KNUTH_SUBTREE root=6726 depth=26 w=3.6377416254e+37 Shat=1.9416200000e+03 Lhat=0.0000000000e+00
KNUTH_SUBTREE root=6727 depth=26 w=8.5655850872e+36 Shat=3.0324000000e+03 Lhat=0.0000000000e+00
KNUTH_SUBTREE root=6728 depth=26 w=5.5605981023e+36 Shat=5.1948000000e+02 Lhat=0.0000000000e+00
KNUTH_SUBTREE root=6729 depth=26 w=8.3599577438e+36 Shat=8.4821600000e+02 Lhat=0.0000000000e+00
KNUTH_SUBTREE root=6730 depth=26 w=1.1740584119e+37 Shat=3.2568000000e+01 Lhat=0.0000000000e+00
KNUTH_SUBTREE root=6731 depth=26 w=2.9415838089e+36 Shat=3.4822480000e+03 Lhat=0.0000000000e+00
KNUTH_SUBTREE root=6732 depth=26 w=5.1401390171e+36 Shat=8.7766600000e+02 Lhat=0.0000000000e+00
KNUTH_SUBTREE root=6733 depth=26 w=3.1001307052e+36 Shat=1.5052280000e+03 Lhat=0.0000000000e+00
KNUTH_SUBTREE root=6734 depth=26 w=3.2313918023e+36 Shat=6.1476000000e+02 Lhat=0.0000000000e+00
KNUTH_SUBTREE root=6735 depth=26 w=1.2938701196e+36 Shat=7.0000000000e+00 Lhat=0.0000000000e+00
KNUTH_SUBTREE root=6736 depth=26 w=6.3638349272e+36 Shat=1.1002000000e+02 Lhat=0.0000000000e+00
KNUTH_SUBTREE root=6737 depth=26 w=3.7472707133e+36 Shat=1.6214000000e+02 Lhat=0.0000000000e+00
KNUTH_SUBTREE root=6738 depth=26 w=1.6167685128e+36 Shat=5.5142000000e+02 Lhat=0.0000000000e+00
KNUTH_SUBTREE root=6739 depth=26 w=4.5089079134e+36 Shat=4.9369800000e+03 Lhat=0.0000000000e+00
KNUTH_SUBTREE root=6740 depth=26 w=7.7011139685e+36 Shat=1.3335500000e+03 Lhat=0.0000000000e+00
KNUTH_SUBTREE root=6741 depth=26 w=2.9654387352e+37 Shat=2.1405770000e+03 Lhat=0.0000000000e+00
KNUTH_SUBTREE root=6742 depth=26 w=6.1455525364e+36 Shat=2.6673670000e+03 Lhat=0.0000000000e+00
KNUTH_SUBTREE root=6743 depth=26 w=1.3176643982e+37 Shat=5.7339000000e+02 Lhat=0.0000000000e+00
KNUTH_SUBTREE root=6744 depth=26 w=2.8607833869e+37 Shat=4.0356000000e+03 Lhat=0.0000000000e+00
KNUTH_SUBTREE root=6745 depth=26 w=2.3150187367e+37 Shat=1.7959800000e+02 Lhat=0.0000000000e+00
KNUTH_SUBTREE root=6746 depth=26 w=1.1120551241e+37 Shat=4.0642600000e+03 Lhat=0.0000000000e+00
KNUTH_SUBTREE root=6747 depth=26 w=2.9477703379e+37 Shat=1.6868200000e+03 Lhat=0.0000000000e+00
KNUTH_SUBTREE root=6748 depth=26 w=2.0768546694e+37 Shat=1.2718100000e+02 Lhat=0.0000000000e+00
KNUTH_SUBTREE root=6749 depth=26 w=5.2523690548e+36 Shat=2.2000000000e+01 Lhat=0.0000000000e+00
KNUTH_SUBTREE root=6750 depth=26 w=2.9255418140e+36 Shat=1.4157400000e+02 Lhat=0.0000000000e+00
KNUTH_SUBTREE root=6751 depth=26 w=9.0628806280e+36 Shat=2.0717200000e+02 Lhat=0.0000000000e+00
KNUTH_SUBTREE root=6752 depth=26 w=1.1239535648e+37 Shat=3.4423280000e+03 Lhat=0.0000000000e+00
KNUTH_SUBTREE root=6753 depth=26 w=2.6914167066e+37 Shat=1.0934870000e+03 Lhat=0.0000000000e+00
KNUTH_SUBTREE root=6754 depth=26 w=7.5861062684e+36 Shat=4.5513590000e+03 Lhat=1.2953600000e+02
KNUTH_SUBTREE root=6755 depth=26 w=2.2933247233e+37 Shat=4.8655240000e+03 Lhat=0.0000000000e+00
KNUTH_SUBTREE root=6756 depth=26 w=9.3861963072e+36 Shat=1.7457850000e+03 Lhat=0.0000000000e+00
KNUTH_SUBTREE root=6757 depth=26 w=6.3274741845e+36 Shat=2.3750000000e+02 Lhat=0.0000000000e+00
KNUTH_SUBTREE root=6758 depth=26 w=3.0282853529e+37 Shat=2.1760000000e+02 Lhat=0.0000000000e+00
KNUTH_SUBTREE root=6759 depth=26 w=3.7798646274e+36 Shat=1.2840700000e+02 Lhat=0.0000000000e+00
KNUTH_SUBTREE root=6760 depth=26 w=4.8758125324e+36 Shat=1.3818000000e+02 Lhat=0.0000000000e+00
KNUTH_SUBTREE root=6761 depth=26 w=3.3575363922e+37 Shat=3.9120000000e+03 Lhat=0.0000000000e+00
KNUTH_SUBTREE root=6762 depth=26 w=2.9809070417e+36 Shat=1.1521000000e+02 Lhat=0.0000000000e+00
KNUTH_SUBTREE root=6763 depth=26 w=1.1540855941e+37 Shat=1.5866800000e+03 Lhat=0.0000000000e+00
KNUTH_SUBTREE root=6764 depth=26 w=2.7069826893e+36 Shat=2.6447900000e+03 Lhat=0.0000000000e+00
KNUTH_SUBTREE root=6765 depth=26 w=5.2258077893e+36 Shat=6.7382400000e+02 Lhat=0.0000000000e+00
KNUTH_SUBTREE root=6766 depth=26 w=1.7373694919e+36 Shat=1.1143480000e+03 Lhat=0.0000000000e+00
KNUTH_SUBTREE root=6767 depth=26 w=1.7595475913e+36 Shat=4.7890000000e+02 Lhat=0.0000000000e+00
KNUTH_SUBTREE root=6768 depth=26 w=8.5668074402e+36 Shat=1.7977950000e+03 Lhat=0.0000000000e+00
KNUTH_SUBTREE root=6769 depth=26 w=8.6567815215e+36 Shat=7.4011200000e+02 Lhat=0.0000000000e+00
KNUTH_SUBTREE root=6770 depth=26 w=3.9008080243e+36 Shat=1.0056000000e+02 Lhat=0.0000000000e+00
KNUTH_SUBTREE root=6771 depth=26 w=2.4214018676e+37 Shat=2.6701420000e+03 Lhat=0.0000000000e+00
KNUTH_SUBTREE root=6772 depth=26 w=3.6790746106e+37 Shat=1.4128500000e+03 Lhat=0.0000000000e+00
KNUTH_SUBTREE root=6773 depth=26 w=3.1046041776e+37 Shat=8.0726680000e+03 Lhat=0.0000000000e+00
KNUTH_SUBTREE root=6774 depth=26 w=4.1962744896e+36 Shat=6.4233000000e+02 Lhat=0.0000000000e+00
KNUTH_SUBTREE root=6775 depth=26 w=5.7885459250e+36 Shat=1.5910000000e+01 Lhat=0.0000000000e+00
KNUTH_SUBTREE root=6776 depth=26 w=2.2920550111e+37 Shat=8.2354000000e+01 Lhat=0.0000000000e+00
KNUTH_SUBTREE root=6777 depth=26 w=1.9469381692e+36 Shat=2.0699080000e+03 Lhat=0.0000000000e+00
KNUTH_SUBTREE root=6778 depth=26 w=3.6182499371e+36 Shat=1.3342880000e+03 Lhat=0.0000000000e+00
KNUTH_SUBTREE root=6779 depth=26 w=2.3902936532e+37 Shat=1.4308600000e+02 Lhat=0.0000000000e+00
KNUTH_SUBTREE root=6780 depth=26 w=5.9839852892e+36 Shat=6.2493600000e+02 Lhat=0.0000000000e+00
KNUTH_SUBTREE root=6781 depth=26 w=5.2973692405e+36 Shat=9.6550000000e+01 Lhat=0.0000000000e+00
KNUTH_SUBTREE root=6782 depth=26 w=3.0046950869e+37 Shat=2.1466710000e+03 Lhat=0.0000000000e+00
KNUTH_SUBTREE root=6783 depth=26 w=1.7012507783e+36 Shat=3.8965000000e+01 Lhat=0.0000000000e+00
KNUTH_SUBTREE root=6784 depth=26 w=8.0822133800e+36 Shat=7.5772960000e+03 Lhat=0.0000000000e+00
KNUTH_SUBTREE root=6785 depth=26 w=7.1952647506e+36 Shat=3.9541600000e+03 Lhat=0.0000000000e+00
KNUTH_SUBTREE root=6786 depth=26 w=6.3816124794e+36 Shat=4.2566320000e+03 Lhat=0.0000000000e+00
KNUTH_SUBTREE root=6787 depth=26 w=1.7823358636e+37 Shat=5.1298000000e+02 Lhat=0.0000000000e+00
KNUTH_SUBTREE root=6788 depth=26 w=3.2613771409e+36 Shat=3.6410500000e+02 Lhat=0.0000000000e+00
KNUTH_SUBTREE root=6789 depth=26 w=6.0152214539e+36 Shat=5.4668000000e+02 Lhat=0.0000000000e+00
KNUTH_SUBTREE root=6790 depth=26 w=1.6087218252e+37 Shat=4.4758000000e+01 Lhat=0.0000000000e+00
KNUTH_SUBTREE root=6791 depth=26 w=1.4804157067e+37 Shat=1.0260000000e+02 Lhat=0.0000000000e+00
KNUTH_SUBTREE root=6792 depth=26 w=1.2713788164e+37 Shat=3.1712800000e+02 Lhat=0.0000000000e+00
KNUTH_SUBTREE root=6793 depth=26 w=2.7198893855e+37 Shat=2.9533200000e+03 Lhat=0.0000000000e+00
KNUTH_SUBTREE root=6794 depth=26 w=2.1977742656e+37 Shat=3.3098560000e+03 Lhat=0.0000000000e+00
KNUTH_SUBTREE root=6795 depth=26 w=6.8872799758e+36 Shat=6.0212800000e+03 Lhat=0.0000000000e+00
KNUTH_SUBTREE root=6796 depth=26 w=2.5607601438e+37 Shat=2.1807100000e+02 Lhat=0.0000000000e+00
KNUTH_SUBTREE root=6797 depth=26 w=2.6713699129e+37 Shat=1.2889460000e+03 Lhat=0.0000000000e+00
KNUTH_SUBTREE root=6798 depth=26 w=2.2664879245e+36 Shat=7.5376000000e+01 Lhat=0.0000000000e+00
KNUTH_SUBTREE root=6799 depth=26 w=2.8253899406e+37 Shat=7.9749280000e+03 Lhat=0.0000000000e+00
KNUTH_SUBTREE root=6800 depth=26 w=2.3585739421e+36 Shat=7.2912000000e+01 Lhat=0.0000000000e+00
KNUTH_SUBTREE root=6801 depth=26 w=1.4355017362e+37 Shat=5.5154320000e+03 Lhat=0.0000000000e+00
KNUTH_SUBTREE root=6802 depth=26 w=1.6421323977e+37 Shat=1.9883120000e+03 Lhat=0.0000000000e+00
KNUTH_SUBTREE root=6803 depth=26 w=2.0291237255e+36 Shat=3.2574400000e+02 Lhat=0.0000000000e+00
KNUTH_SUBTREE root=6804 depth=26 w=2.5326983088e+37 Shat=1.1952640000e+03 Lhat=0.0000000000e+00
KNUTH_SUBTREE root=6805 depth=26 w=8.3849585470e+36 Shat=8.4331700000e+02 Lhat=0.0000000000e+00
KNUTH_SUBTREE root=6806 depth=26 w=2.8863261085e+37 Shat=4.0650000000e+01 Lhat=0.0000000000e+00
KNUTH_SUBTREE root=6807 depth=26 w=3.0229713365e+37 Shat=6.5846760000e+03 Lhat=0.0000000000e+00
KNUTH_SUBTREE root=6808 depth=26 w=5.2519164298e+36 Shat=1.0047280000e+03 Lhat=0.0000000000e+00
KNUTH_SUBTREE root=6809 depth=26 w=4.2214061495e+36 Shat=9.5276000000e+01 Lhat=0.0000000000e+00
KNUTH_SUBTREE root=6810 depth=26 w=3.8230510554e+36 Shat=3.4154300000e+02 Lhat=0.0000000000e+00
KNUTH_SUBTREE root=6811 depth=26 w=4.0062696726e+37 Shat=6.4127200000e+02 Lhat=0.0000000000e+00
KNUTH_SUBTREE root=6812 depth=26 w=5.3210390783e+36 Shat=2.8966000000e+02 Lhat=0.0000000000e+00
KNUTH_SUBTREE root=6813 depth=26 w=2.9686502023e+37 Shat=5.1188500000e+02 Lhat=0.0000000000e+00
KNUTH_SUBTREE root=6814 depth=26 w=2.0162934108e+37 Shat=2.1491600000e+03 Lhat=0.0000000000e+00
KNUTH_SUBTREE root=6815 depth=26 w=2.8181444746e+37 Shat=2.0764800000e+03 Lhat=0.0000000000e+00
KNUTH_SUBTREE root=6816 depth=26 w=2.7452410259e+36 Shat=1.0000000000e+01 Lhat=0.0000000000e+00
KNUTH_SUBTREE root=6817 depth=26 w=3.3468513891e+37 Shat=1.3913500000e+03 Lhat=0.0000000000e+00
KNUTH_SUBTREE root=6818 depth=26 w=2.7190841776e+37 Shat=8.9760000000e+00 Lhat=0.0000000000e+00
KNUTH_SUBTREE root=6819 depth=26 w=2.8160076337e+36 Shat=1.1000000000e+01 Lhat=0.0000000000e+00
KNUTH_SUBTREE root=6820 depth=26 w=2.9801800963e+37 Shat=2.0954220000e+03 Lhat=0.0000000000e+00
KNUTH_SUBTREE root=6821 depth=26 w=5.8523846748e+36 Shat=1.4115190000e+03 Lhat=0.0000000000e+00
KNUTH_SUBTREE root=6822 depth=26 w=3.6827415094e+36 Shat=1.6209400000e+02 Lhat=0.0000000000e+00
KNUTH_SUBTREE root=6823 depth=26 w=7.0224389166e+36 Shat=3.6863840000e+03 Lhat=0.0000000000e+00
KNUTH_SUBTREE root=6824 depth=26 w=2.7091165764e+37 Shat=7.5485730000e+03 Lhat=0.0000000000e+00
KNUTH_SUBTREE root=6825 depth=26 w=3.7939057561e+36 Shat=4.2292000000e+01 Lhat=0.0000000000e+00
KNUTH_SUBTREE root=6826 depth=26 w=1.2818766215e+37 Shat=1.1249600000e+03 Lhat=0.0000000000e+00
KNUTH_SUBTREE root=6827 depth=26 w=6.4481643475e+36 Shat=2.9563660000e+03 Lhat=0.0000000000e+00
KNUTH_SUBTREE root=6828 depth=26 w=6.4730589504e+36 Shat=1.1017540000e+03 Lhat=0.0000000000e+00
KNUTH_SUBTREE root=6829 depth=26 w=1.7789006205e+36 Shat=2.0782200000e+02 Lhat=0.0000000000e+00
KNUTH_SUBTREE root=6830 depth=26 w=4.5417633185e+36 Shat=7.6515940000e+03 Lhat=0.0000000000e+00
KNUTH_SUBTREE root=6831 depth=26 w=3.5219797356e+37 Shat=4.4288410000e+03 Lhat=0.0000000000e+00
KNUTH_SUBTREE root=6832 depth=26 w=5.6441636046e+35 Shat=3.7384600000e+03 Lhat=0.0000000000e+00
KNUTH_SUBTREE root=6833 depth=26 w=2.5138844985e+36 Shat=2.1471400000e+02 Lhat=0.0000000000e+00
KNUTH_SUBTREE root=6834 depth=26 w=2.9964263938e+37 Shat=1.9179640000e+03 Lhat=0.0000000000e+00
KNUTH_SUBTREE root=6835 depth=26 w=2.3107958272e+37 Shat=3.5152000000e+01 Lhat=0.0000000000e+00
KNUTH_SUBTREE root=6836 depth=26 w=8.3630307090e+36 Shat=2.4277530000e+03 Lhat=0.0000000000e+00
KNUTH_SUBTREE root=6837 depth=26 w=5.6043035385e+36 Shat=5.6744000000e+01 Lhat=0.0000000000e+00
KNUTH_SUBTREE root=6838 depth=26 w=6.9449035706e+35 Shat=1.9980000000e+01 Lhat=0.0000000000e+00
KNUTH_SUBTREE root=6839 depth=26 w=3.6964101309e+36 Shat=9.9049600000e+02 Lhat=0.0000000000e+00
KNUTH_SUBTREE root=6840 depth=26 w=1.2630783548e+37 Shat=2.6316500000e+03 Lhat=0.0000000000e+00
KNUTH_SUBTREE root=6841 depth=26 w=2.7963163778e+36 Shat=7.4660000000e+01 Lhat=0.0000000000e+00
KNUTH_SUBTREE root=6842 depth=26 w=3.0146217865e+36 Shat=8.0332000000e+01 Lhat=0.0000000000e+00
KNUTH_SUBTREE root=6843 depth=26 w=2.9518368525e+36 Shat=6.6760000000e+01 Lhat=0.0000000000e+00
KNUTH_SUBTREE root=6844 depth=26 w=2.8958712122e+37 Shat=9.4788800000e+03 Lhat=0.0000000000e+00
KNUTH_SUBTREE root=6845 depth=26 w=3.2559439150e+36 Shat=6.8392000000e+01 Lhat=0.0000000000e+00
KNUTH_SUBTREE root=6846 depth=26 w=2.9180523623e+36 Shat=1.0064000000e+01 Lhat=0.0000000000e+00
KNUTH_SUBTREE root=6847 depth=26 w=3.6320733003e+37 Shat=9.9784900000e+02 Lhat=0.0000000000e+00
KNUTH_SUBTREE root=6848 depth=26 w=7.8479812897e+36 Shat=4.2936400000e+02 Lhat=0.0000000000e+00
KNUTH_SUBTREE root=6849 depth=26 w=8.9308853823e+36 Shat=5.4220060000e+03 Lhat=0.0000000000e+00
KNUTH_SUBTREE root=6850 depth=26 w=8.1082538668e+35 Shat=1.1779600000e+02 Lhat=0.0000000000e+00
KNUTH_SUBTREE root=6851 depth=26 w=1.1265849214e+37 Shat=4.0039900000e+02 Lhat=0.0000000000e+00
KNUTH_SUBTREE root=6852 depth=26 w=8.7754666841e+36 Shat=9.0716000000e+02 Lhat=0.0000000000e+00
KNUTH_SUBTREE root=6853 depth=26 w=2.7355028952e+37 Shat=1.6459200000e+02 Lhat=0.0000000000e+00
KNUTH_SUBTREE root=6854 depth=26 w=2.3536431739e+37 Shat=3.5943300000e+03 Lhat=0.0000000000e+00
KNUTH_SUBTREE root=6855 depth=26 w=3.0737440766e+37 Shat=2.6000000000e+01 Lhat=0.0000000000e+00
KNUTH_SUBTREE root=6856 depth=26 w=2.6459227917e+36 Shat=1.5033340000e+03 Lhat=0.0000000000e+00
KNUTH_SUBTREE root=6857 depth=26 w=1.2038354803e+37 Shat=1.8992000000e+01 Lhat=0.0000000000e+00
KNUTH_SUBTREE root=6858 depth=26 w=2.2101821758e+36 Shat=7.0000000000e+00 Lhat=0.0000000000e+00
KNUTH_SUBTREE root=6859 depth=26 w=5.1347891890e+36 Shat=8.8525130000e+03 Lhat=0.0000000000e+00
KNUTH_SUBTREE root=6860 depth=26 w=4.3965615441e+36 Shat=2.2918480000e+03 Lhat=0.0000000000e+00
KNUTH_SUBTREE root=6861 depth=26 w=2.9618701241e+37 Shat=2.0102160000e+03 Lhat=0.0000000000e+00
KNUTH_SUBTREE root=6862 depth=26 w=2.3479308353e+37 Shat=2.0992000000e+01 Lhat=0.0000000000e+00
KNUTH_SUBTREE root=6863 depth=26 w=2.9754967876e+37 Shat=1.3676992000e+04 Lhat=0.0000000000e+00
KNUTH_SUBTREE root=6864 depth=26 w=4.3635826337e+35 Shat=3.0000000000e+00 Lhat=0.0000000000e+00
KNUTH_SUBTREE root=6865 depth=26 w=7.4085264047e+36 Shat=2.0025500000e+02 Lhat=0.0000000000e+00
KNUTH_SUBTREE root=6866 depth=26 w=4.3751666690e+34 Shat=2.1010400000e+02 Lhat=0.0000000000e+00
KNUTH_SUBTREE root=6867 depth=26 w=3.6181813459e+36 Shat=2.7295400000e+03 Lhat=0.0000000000e+00
KNUTH_SUBTREE root=6868 depth=26 w=1.7682517118e+35 Shat=3.9480000000e+00 Lhat=0.0000000000e+00
KNUTH_SUBTREE root=6869 depth=26 w=1.1923292796e+36 Shat=5.2016000000e+01 Lhat=0.0000000000e+00
KNUTH_SUBTREE root=6870 depth=26 w=7.6213180442e+35 Shat=6.8008000000e+02 Lhat=0.0000000000e+00
KNUTH_SUBTREE root=6871 depth=26 w=1.7167995416e+36 Shat=1.2238360000e+04 Lhat=3.8039280000e+03
KNUTH_SUBTREE root=6872 depth=26 w=2.6208771551e+36 Shat=7.7152000000e+01 Lhat=0.0000000000e+00
KNUTH_SUBTREE root=6873 depth=26 w=1.0853824068e+37 Shat=1.1000000000e+01 Lhat=0.0000000000e+00
KNUTH_SUBTREE root=6874 depth=26 w=6.5557209102e+36 Shat=7.8241000000e+02 Lhat=0.0000000000e+00
KNUTH_SUBTREE root=6875 depth=26 w=1.1079026109e+37 Shat=1.2354900000e+03 Lhat=0.0000000000e+00
KNUTH_SUBTREE root=6876 depth=26 w=1.0353820932e+37 Shat=4.0262000000e+03 Lhat=0.0000000000e+00
KNUTH_SUBTREE root=6877 depth=26 w=7.1006346244e+35 Shat=3.8252270000e+03 Lhat=0.0000000000e+00
KNUTH_SUBTREE root=6878 depth=26 w=5.5583625176e+36 Shat=5.4746400000e+02 Lhat=0.0000000000e+00
KNUTH_SUBTREE root=6879 depth=26 w=1.3570752391e+36 Shat=8.0000000000e+00 Lhat=0.0000000000e+00
KNUTH_SUBTREE root=6880 depth=26 w=4.4489730136e+35 Shat=3.0000000000e+00 Lhat=0.0000000000e+00
KNUTH_SUBTREE root=6881 depth=26 w=4.9390718241e+36 Shat=8.0160000000e+00 Lhat=0.0000000000e+00
KNUTH_SUBTREE root=6882 depth=26 w=3.6486127065e+37 Shat=2.6116600000e+02 Lhat=0.0000000000e+00
KNUTH_SUBTREE root=6883 depth=26 w=2.8645576064e+37 Shat=3.7725590000e+03 Lhat=0.0000000000e+00
KNUTH_SUBTREE root=6884 depth=26 w=2.6821359593e+37 Shat=2.1229500000e+02 Lhat=0.0000000000e+00
KNUTH_SUBTREE root=6885 depth=26 w=1.4298259607e+37 Shat=5.3162400000e+02 Lhat=0.0000000000e+00
KNUTH_SUBTREE root=6886 depth=26 w=1.8740973965e+37 Shat=1.0618888000e+04 Lhat=1.5568320000e+03
KNUTH_SUBTREE root=6887 depth=26 w=1.2672921348e+37 Shat=2.2763150000e+03 Lhat=0.0000000000e+00
KNUTH_SUBTREE root=6888 depth=26 w=2.7879481780e+37 Shat=6.8232000000e+01 Lhat=0.0000000000e+00
KNUTH_SUBTREE root=6889 depth=26 w=1.5082168721e+37 Shat=1.3996000000e+02 Lhat=0.0000000000e+00
KNUTH_SUBTREE root=6890 depth=26 w=1.4109233206e+37 Shat=7.4640000000e+01 Lhat=0.0000000000e+00
KNUTH_SUBTREE root=6891 depth=26 w=3.0856445948e+36 Shat=3.0000000000e+00 Lhat=0.0000000000e+00
KNUTH_SUBTREE root=6892 depth=26 w=4.6150538256e+36 Shat=9.2178700000e+03 Lhat=0.0000000000e+00
KNUTH_SUBTREE root=6893 depth=26 w=9.6479642033e+36 Shat=5.8807900000e+03 Lhat=0.0000000000e+00
KNUTH_SUBTREE root=6894 depth=26 w=9.5092394141e+36 Shat=1.8025000000e+01 Lhat=0.0000000000e+00
KNUTH_SUBTREE root=6895 depth=26 w=3.4851023638e+37 Shat=7.6863500000e+02 Lhat=0.0000000000e+00
KNUTH_SUBTREE root=6896 depth=26 w=1.6989303500e+37 Shat=7.8851200000e+02 Lhat=0.0000000000e+00
KNUTH_SUBTREE root=6897 depth=26 w=1.0806502558e+37 Shat=1.3000000000e+01 Lhat=0.0000000000e+00
KNUTH_SUBTREE root=6898 depth=26 w=2.4743063606e+37 Shat=2.4523440000e+03 Lhat=0.0000000000e+00
KNUTH_SUBTREE root=6899 depth=26 w=2.9975606911e+36 Shat=6.6205000000e+01 Lhat=0.0000000000e+00
KNUTH_SUBTREE root=6900 depth=26 w=1.3672920952e+37 Shat=5.9288000000e+01 Lhat=0.0000000000e+00
KNUTH_SUBTREE root=6901 depth=26 w=4.0163788372e+36 Shat=1.1488900000e+03 Lhat=0.0000000000e+00
KNUTH_SUBTREE root=6902 depth=26 w=4.6136926836e+35 Shat=1.7000000000e+01 Lhat=0.0000000000e+00
KNUTH_SUBTREE root=6903 depth=26 w=2.4632588930e+37 Shat=1.6471500000e+03 Lhat=0.0000000000e+00
KNUTH_SUBTREE root=6904 depth=26 w=2.0091557635e+37 Shat=4.5654800000e+02 Lhat=0.0000000000e+00
KNUTH_SUBTREE root=6905 depth=26 w=4.1495625449e+36 Shat=4.2045580000e+03 Lhat=0.0000000000e+00
KNUTH_SUBTREE root=6906 depth=26 w=1.4880069632e+36 Shat=6.6594100000e+03 Lhat=0.0000000000e+00
KNUTH_SUBTREE root=6907 depth=26 w=6.3192494664e+36 Shat=4.1992400000e+03 Lhat=0.0000000000e+00
KNUTH_SUBTREE root=6908 depth=26 w=2.4834540660e+36 Shat=3.7780200000e+03 Lhat=0.0000000000e+00
KNUTH_SUBTREE root=6909 depth=26 w=2.4078422403e+37 Shat=2.1000000000e+01 Lhat=0.0000000000e+00
KNUTH_SUBTREE root=6910 depth=26 w=3.3409379967e+36 Shat=2.9304600000e+03 Lhat=0.0000000000e+00
KNUTH_SUBTREE root=6911 depth=26 w=1.8441907883e+36 Shat=3.9004000000e+01 Lhat=0.0000000000e+00
KNUTH_SUBTREE root=6912 depth=26 w=4.2167573939e+36 Shat=3.5746910000e+03 Lhat=0.0000000000e+00
KNUTH_SUBTREE root=6913 depth=26 w=5.8326572775e+36 Shat=1.3618540000e+03 Lhat=0.0000000000e+00
KNUTH_SUBTREE root=6914 depth=26 w=1.4819274590e+36 Shat=4.7601000000e+02 Lhat=0.0000000000e+00
KNUTH_SUBTREE root=6915 depth=26 w=5.9128738342e+36 Shat=1.4047000000e+01 Lhat=0.0000000000e+00
KNUTH_SUBTREE root=6916 depth=26 w=9.8688990118e+36 Shat=1.0317652000e+04 Lhat=1.7745360000e+03
KNUTH_SUBTREE root=6917 depth=26 w=3.2930743168e+36 Shat=2.4082000000e+01 Lhat=0.0000000000e+00
KNUTH_SUBTREE root=6918 depth=26 w=1.5442886495e+37 Shat=1.9216000000e+01 Lhat=0.0000000000e+00
KNUTH_SUBTREE root=6919 depth=26 w=1.0384180940e+37 Shat=2.1070000000e+01 Lhat=0.0000000000e+00
KNUTH_SUBTREE root=6920 depth=26 w=3.6890234098e+37 Shat=6.4632200000e+03 Lhat=0.0000000000e+00
KNUTH_SUBTREE root=6921 depth=26 w=1.9560682999e+37 Shat=1.6266400000e+03 Lhat=0.0000000000e+00
KNUTH_SUBTREE root=6922 depth=26 w=1.5394872784e+37 Shat=2.1469000000e+01 Lhat=0.0000000000e+00
KNUTH_SUBTREE root=6923 depth=26 w=1.4363685828e+37 Shat=1.3000000000e+01 Lhat=0.0000000000e+00
KNUTH_SUBTREE root=6924 depth=26 w=3.7910766354e+36 Shat=3.5794240000e+03 Lhat=0.0000000000e+00
KNUTH_SUBTREE root=6925 depth=26 w=2.7488319152e+37 Shat=4.3490000000e+02 Lhat=0.0000000000e+00
KNUTH_SUBTREE root=6926 depth=26 w=8.2917279424e+36 Shat=2.3776710000e+03 Lhat=0.0000000000e+00
KNUTH_SUBTREE root=6927 depth=26 w=3.2019374140e+36 Shat=2.1653680000e+03 Lhat=0.0000000000e+00
KNUTH_SUBTREE root=6928 depth=26 w=1.8741552567e+36 Shat=2.5184300000e+03 Lhat=0.0000000000e+00
KNUTH_SUBTREE root=6929 depth=26 w=2.3420728066e+36 Shat=6.9783900000e+02 Lhat=0.0000000000e+00
KNUTH_SUBTREE root=6930 depth=26 w=2.1310514199e+37 Shat=1.9105000000e+02 Lhat=0.0000000000e+00
KNUTH_SUBTREE root=6931 depth=26 w=4.6426161278e+36 Shat=5.1684000000e+01 Lhat=0.0000000000e+00
KNUTH_SUBTREE root=6932 depth=26 w=2.0873702819e+37 Shat=2.0633500000e+02 Lhat=0.0000000000e+00
KNUTH_SUBTREE root=6933 depth=26 w=9.5251917224e+36 Shat=8.3309600000e+02 Lhat=0.0000000000e+00
KNUTH_SUBTREE root=6934 depth=26 w=4.4790784389e+36 Shat=4.7587530000e+03 Lhat=0.0000000000e+00
KNUTH_SUBTREE root=6935 depth=26 w=4.2199661133e+36 Shat=1.5407560000e+03 Lhat=0.0000000000e+00
KNUTH_SUBTREE root=6936 depth=26 w=3.0056666320e+37 Shat=1.0437280000e+03 Lhat=0.0000000000e+00
KNUTH_SUBTREE root=6937 depth=26 w=2.4614116805e+36 Shat=1.3727110000e+03 Lhat=0.0000000000e+00
KNUTH_SUBTREE root=6938 depth=26 w=2.7032349033e+37 Shat=9.2200400000e+02 Lhat=0.0000000000e+00
KNUTH_SUBTREE root=6939 depth=26 w=3.3952928502e+36 Shat=1.0965196000e+04 Lhat=0.0000000000e+00
KNUTH_SUBTREE root=6940 depth=26 w=1.6023059933e+36 Shat=1.3942000000e+01 Lhat=0.0000000000e+00
KNUTH_SUBTREE root=6941 depth=26 w=2.4363137331e+37 Shat=7.1558800000e+02 Lhat=0.0000000000e+00
KNUTH_SUBTREE root=6942 depth=26 w=3.5863169098e+36 Shat=1.0812800000e+03 Lhat=0.0000000000e+00
KNUTH_SUBTREE root=6943 depth=26 w=1.9599024484e+36 Shat=3.0000000000e+00 Lhat=0.0000000000e+00
KNUTH_SUBTREE root=6944 depth=26 w=3.4469919695e+36 Shat=2.3419000000e+02 Lhat=0.0000000000e+00
KNUTH_SUBTREE root=6945 depth=26 w=2.5237134191e+36 Shat=2.9591000000e+02 Lhat=0.0000000000e+00
KNUTH_SUBTREE root=6946 depth=26 w=7.5142033046e+36 Shat=2.7712180000e+03 Lhat=0.0000000000e+00
KNUTH_SUBTREE root=6947 depth=26 w=7.7601540611e+36 Shat=4.5968230000e+03 Lhat=0.0000000000e+00
KNUTH_SUBTREE root=6948 depth=26 w=4.2269099796e+35 Shat=5.0000000000e+00 Lhat=0.0000000000e+00
KNUTH_SUBTREE root=6949 depth=26 w=2.5566243113e+37 Shat=1.9771610000e+03 Lhat=0.0000000000e+00
KNUTH_SUBTREE root=6950 depth=26 w=5.4593352630e+36 Shat=1.0770100000e+02 Lhat=0.0000000000e+00
KNUTH_SUBTREE root=6951 depth=26 w=1.2371552917e+37 Shat=9.0786000000e+02 Lhat=0.0000000000e+00
KNUTH_SUBTREE root=6952 depth=26 w=1.1360332281e+37 Shat=1.8198000000e+03 Lhat=0.0000000000e+00
KNUTH_SUBTREE root=6953 depth=26 w=1.9341906686e+37 Shat=2.5916800000e+02 Lhat=0.0000000000e+00
KNUTH_SUBTREE root=6954 depth=26 w=5.3714859107e+36 Shat=1.2501360000e+03 Lhat=0.0000000000e+00
KNUTH_SUBTREE root=6955 depth=26 w=2.1945273478e+36 Shat=1.5092920000e+03 Lhat=0.0000000000e+00
KNUTH_SUBTREE root=6956 depth=26 w=3.3108799090e+37 Shat=4.8287800000e+02 Lhat=0.0000000000e+00
KNUTH_SUBTREE root=6957 depth=26 w=1.5617957017e+37 Shat=2.6150600000e+03 Lhat=0.0000000000e+00
KNUTH_SUBTREE root=6958 depth=26 w=1.7656809727e+37 Shat=3.2224000000e+01 Lhat=0.0000000000e+00
KNUTH_SUBTREE root=6959 depth=26 w=9.0170366963e+36 Shat=1.7000000000e+01 Lhat=0.0000000000e+00
KNUTH_SUBTREE root=6960 depth=26 w=2.1462520699e+36 Shat=3.3152000000e+01 Lhat=0.0000000000e+00
KNUTH_SUBTREE root=6961 depth=26 w=2.0126411497e+37 Shat=3.5402950000e+03 Lhat=0.0000000000e+00
KNUTH_SUBTREE root=6962 depth=26 w=5.7531395710e+36 Shat=2.6270200000e+03 Lhat=0.0000000000e+00
KNUTH_SUBTREE root=6963 depth=26 w=2.9456638166e+37 Shat=3.4993960000e+03 Lhat=0.0000000000e+00
KNUTH_SUBTREE root=6964 depth=26 w=5.9820286254e+36 Shat=3.7156780000e+03 Lhat=0.0000000000e+00
KNUTH_SUBTREE root=6965 depth=26 w=4.9419537079e+36 Shat=1.2772600000e+02 Lhat=0.0000000000e+00
KNUTH_SUBTREE root=6966 depth=26 w=2.6244373758e+37 Shat=4.2912800000e+02 Lhat=0.0000000000e+00
KNUTH_SUBTREE root=6967 depth=26 w=7.1515211481e+36 Shat=1.0500080000e+03 Lhat=0.0000000000e+00
KNUTH_SUBTREE root=6968 depth=26 w=2.1231660558e+36 Shat=8.0904000000e+01 Lhat=0.0000000000e+00
KNUTH_SUBTREE root=6969 depth=26 w=2.6415239961e+37 Shat=2.9992000000e+01 Lhat=0.0000000000e+00
KNUTH_SUBTREE root=6970 depth=26 w=2.6829945687e+36 Shat=6.1864000000e+01 Lhat=0.0000000000e+00
KNUTH_SUBTREE root=6971 depth=26 w=3.7785864447e+36 Shat=6.2762400000e+02 Lhat=0.0000000000e+00
KNUTH_SUBTREE root=6972 depth=26 w=7.6727961858e+36 Shat=3.9248000000e+01 Lhat=0.0000000000e+00
KNUTH_SUBTREE root=6973 depth=26 w=1.5481321360e+37 Shat=2.2211200000e+02 Lhat=0.0000000000e+00
KNUTH_SUBTREE root=6974 depth=26 w=3.4391370881e+37 Shat=4.3153120000e+03 Lhat=0.0000000000e+00
KNUTH_SUBTREE root=6975 depth=26 w=8.8199953397e+36 Shat=4.8988000000e+01 Lhat=0.0000000000e+00
KNUTH_SUBTREE root=6976 depth=26 w=7.3114948712e+36 Shat=2.9573200000e+02 Lhat=0.0000000000e+00
KNUTH_SUBTREE root=6977 depth=26 w=8.3549953762e+36 Shat=8.6270600000e+03 Lhat=1.5162000000e+02
KNUTH_SUBTREE root=6978 depth=26 w=2.3231501067e+37 Shat=3.1820500000e+02 Lhat=0.0000000000e+00
KNUTH_SUBTREE root=6979 depth=26 w=1.7475393482e+36 Shat=1.4020000000e+01 Lhat=0.0000000000e+00
KNUTH_SUBTREE root=6980 depth=26 w=1.5837772272e+37 Shat=8.6443600000e+02 Lhat=0.0000000000e+00
KNUTH_SUBTREE root=6981 depth=26 w=6.1000309420e+34 Shat=4.0000000000e+00 Lhat=0.0000000000e+00
KNUTH_SUBTREE root=6982 depth=26 w=4.1884647998e+36 Shat=5.1208480000e+03 Lhat=0.0000000000e+00
KNUTH_SUBTREE root=6983 depth=26 w=2.4395785156e+37 Shat=1.7095510000e+03 Lhat=0.0000000000e+00
KNUTH_SUBTREE root=6984 depth=26 w=2.7235899583e+36 Shat=2.9648800000e+02 Lhat=0.0000000000e+00
KNUTH_SUBTREE root=6985 depth=26 w=1.1968187890e+37 Shat=8.8843000000e+01 Lhat=0.0000000000e+00
KNUTH_SUBTREE root=6986 depth=26 w=9.8429780990e+36 Shat=1.8454700000e+03 Lhat=0.0000000000e+00
KNUTH_SUBTREE root=6987 depth=26 w=1.6337169568e+37 Shat=2.6695520000e+03 Lhat=0.0000000000e+00
KNUTH_SUBTREE root=6988 depth=26 w=5.3391237714e+36 Shat=2.0000000000e+00 Lhat=0.0000000000e+00
KNUTH_SUBTREE root=6989 depth=26 w=2.7493233434e+36 Shat=3.6000000000e+01 Lhat=0.0000000000e+00
KNUTH_SUBTREE root=6990 depth=26 w=0 Shat=0 Lhat=0 dead=1
KNUTH_SUBTREE root=6991 depth=26 w=1.6239138578e+36 Shat=1.3000000000e+01 Lhat=0.0000000000e+00
KNUTH_SUBTREE root=6992 depth=26 w=3.7484531154e+36 Shat=5.2854640000e+03 Lhat=0.0000000000e+00
KNUTH_SUBTREE root=6993 depth=26 w=6.5698784015e+35 Shat=4.1000000000e+01 Lhat=0.0000000000e+00
KNUTH_SUBTREE root=6994 depth=26 w=2.7040881263e+37 Shat=7.6859100000e+02 Lhat=0.0000000000e+00
KNUTH_SUBTREE root=6995 depth=26 w=2.5617781250e+37 Shat=3.0000000000e+00 Lhat=0.0000000000e+00
KNUTH_SUBTREE root=6996 depth=26 w=8.9153969721e+35 Shat=1.4442400000e+02 Lhat=0.0000000000e+00
KNUTH_SUBTREE root=6997 depth=26 w=5.2964474696e+35 Shat=5.9110000000e+00 Lhat=0.0000000000e+00
KNUTH_SUBTREE root=6998 depth=26 w=1.3725326973e+37 Shat=4.4301500000e+03 Lhat=0.0000000000e+00
KNUTH_SUBTREE root=6999 depth=26 w=5.9231633568e+36 Shat=6.3060800000e+02 Lhat=0.0000000000e+00
KNUTH_SUBTREE root=7000 depth=26 w=1.8746537669e+36 Shat=3.1180000000e+02 Lhat=0.0000000000e+00
KNUTH_SUBTREE root=7001 depth=26 w=1.5430256279e+37 Shat=5.4530400000e+02 Lhat=0.0000000000e+00
KNUTH_SUBTREE root=7002 depth=26 w=2.3936719868e+37 Shat=1.4723300000e+03 Lhat=0.0000000000e+00
KNUTH_SUBTREE root=7003 depth=26 w=4.9175886771e+36 Shat=2.3892700000e+03 Lhat=0.0000000000e+00
KNUTH_SUBTREE root=7004 depth=26 w=3.0011219303e+36 Shat=6.5448480000e+03 Lhat=0.0000000000e+00
KNUTH_SUBTREE root=7005 depth=26 w=3.1547377294e+36 Shat=3.1000000000e+01 Lhat=0.0000000000e+00
KNUTH_SUBTREE root=7006 depth=26 w=3.3003018331e+37 Shat=1.1755000000e+03 Lhat=0.0000000000e+00
KNUTH_SUBTREE root=7007 depth=26 w=3.6540530942e+36 Shat=2.8003150000e+03 Lhat=0.0000000000e+00
KNUTH_SUBTREE root=7008 depth=26 w=9.1788697313e+36 Shat=2.0547400000e+03 Lhat=0.0000000000e+00
KNUTH_SUBTREE root=7009 depth=26 w=2.4960457230e+36 Shat=8.6897000000e+01 Lhat=0.0000000000e+00
KNUTH_SUBTREE root=7010 depth=26 w=3.2202826275e+36 Shat=1.5669000000e+02 Lhat=0.0000000000e+00
KNUTH_SUBTREE root=7011 depth=26 w=2.4711823013e+37 Shat=1.3000000000e+01 Lhat=0.0000000000e+00
KNUTH_SUBTREE root=7012 depth=26 w=8.0860869500e+34 Shat=3.0000000000e+00 Lhat=0.0000000000e+00
KNUTH_SUBTREE root=7013 depth=26 w=3.9844838024e+36 Shat=2.6793600000e+02 Lhat=0.0000000000e+00
KNUTH_SUBTREE root=7014 depth=26 w=5.9159481320e+36 Shat=1.5847400000e+03 Lhat=7.7280000000e+01
KNUTH_SUBTREE root=7015 depth=26 w=1.8205577177e+37 Shat=3.1167920000e+03 Lhat=0.0000000000e+00
KNUTH_SUBTREE root=7016 depth=26 w=8.0405723078e+35 Shat=7.0000000000e+00 Lhat=0.0000000000e+00
KNUTH_SUBTREE root=7017 depth=26 w=8.7172891687e+35 Shat=7.9000000000e+01 Lhat=0.0000000000e+00
KNUTH_SUBTREE root=7018 depth=26 w=1.5455383348e+37 Shat=2.7203500000e+03 Lhat=0.0000000000e+00
KNUTH_SUBTREE root=7019 depth=26 w=2.0755472299e+37 Shat=2.7490300000e+02 Lhat=0.0000000000e+00
KNUTH_SUBTREE root=7020 depth=26 w=2.9242715504e+37 Shat=2.9931900000e+03 Lhat=0.0000000000e+00
KNUTH_SUBTREE root=7021 depth=26 w=6.6890303368e+35 Shat=1.3000000000e+01 Lhat=0.0000000000e+00
KNUTH_SUBTREE root=7022 depth=26 w=4.8329037832e+36 Shat=9.1927000000e+02 Lhat=0.0000000000e+00
KNUTH_SUBTREE root=7023 depth=26 w=2.1487600060e+36 Shat=1.7000000000e+01 Lhat=0.0000000000e+00
KNUTH_SUBTREE root=7024 depth=26 w=7.5562857250e+36 Shat=9.7761200000e+02 Lhat=0.0000000000e+00
KNUTH_SUBTREE root=7025 depth=26 w=6.0740785026e+36 Shat=3.2854000000e+01 Lhat=0.0000000000e+00
KNUTH_SUBTREE root=7026 depth=26 w=6.1830551168e+36 Shat=8.6376400000e+02 Lhat=0.0000000000e+00
KNUTH_SUBTREE root=7027 depth=26 w=2.0975850555e+36 Shat=1.3000000000e+01 Lhat=0.0000000000e+00
KNUTH_SUBTREE root=7028 depth=26 w=2.4594776082e+36 Shat=4.8466000000e+01 Lhat=0.0000000000e+00
KNUTH_SUBTREE root=7029 depth=26 w=1.9163919209e+37 Shat=1.1080800000e+02 Lhat=0.0000000000e+00
KNUTH_SUBTREE root=7030 depth=26 w=2.5723625171e+37 Shat=1.0462720000e+03 Lhat=0.0000000000e+00
KNUTH_SUBTREE root=7031 depth=26 w=3.4829720608e+37 Shat=1.7932900000e+03 Lhat=0.0000000000e+00
KNUTH_SUBTREE root=7032 depth=26 w=2.4280950216e+37 Shat=1.2232240000e+03 Lhat=0.0000000000e+00
KNUTH_SUBTREE root=7033 depth=26 w=4.3932493372e+36 Shat=7.3650520000e+03 Lhat=7.2372000000e+02
KNUTH_SUBTREE root=7034 depth=26 w=2.8097585302e+37 Shat=3.0817200000e+03 Lhat=0.0000000000e+00
KNUTH_SUBTREE root=7035 depth=26 w=1.4660517265e+37 Shat=4.2098000000e+02 Lhat=0.0000000000e+00
KNUTH_SUBTREE root=7036 depth=26 w=2.8758357215e+37 Shat=7.1186230000e+03 Lhat=0.0000000000e+00
KNUTH_SUBTREE root=7037 depth=26 w=1.6808265303e+37 Shat=2.6712000000e+01 Lhat=0.0000000000e+00
KNUTH_SUBTREE root=7038 depth=26 w=3.1492038179e+36 Shat=7.9000000000e+01 Lhat=0.0000000000e+00
KNUTH_SUBTREE root=7039 depth=26 w=2.0082910116e+37 Shat=1.4572000000e+02 Lhat=0.0000000000e+00
KNUTH_SUBTREE root=7040 depth=26 w=1.7308765950e+37 Shat=1.0066970000e+03 Lhat=0.0000000000e+00
KNUTH_SUBTREE root=7041 depth=26 w=7.7955322647e+36 Shat=1.2519200000e+02 Lhat=0.0000000000e+00
KNUTH_SUBTREE root=7042 depth=26 w=2.2968269365e+37 Shat=7.6429000000e+02 Lhat=0.0000000000e+00
KNUTH_SUBTREE root=7043 depth=26 w=6.4110202685e+36 Shat=7.9000000000e+01 Lhat=0.0000000000e+00
KNUTH_SUBTREE root=7044 depth=26 w=4.2509357988e+36 Shat=5.7784000000e+01 Lhat=0.0000000000e+00
KNUTH_SUBTREE root=7045 depth=26 w=9.3813922456e+36 Shat=1.5762160000e+03 Lhat=0.0000000000e+00
KNUTH_SUBTREE root=7046 depth=26 w=8.3490182368e+36 Shat=3.8504000000e+01 Lhat=0.0000000000e+00
KNUTH_SUBTREE root=7047 depth=26 w=5.6439245360e+35 Shat=5.8072000000e+01 Lhat=0.0000000000e+00
KNUTH_SUBTREE root=7048 depth=26 w=3.1211171378e+37 Shat=1.1719800000e+03 Lhat=0.0000000000e+00
KNUTH_SUBTREE root=7049 depth=26 w=4.7503421135e+36 Shat=2.3994950000e+03 Lhat=0.0000000000e+00
KNUTH_SUBTREE root=7050 depth=26 w=1.4031959818e+37 Shat=8.1048000000e+01 Lhat=0.0000000000e+00
KNUTH_SUBTREE root=7051 depth=26 w=3.3235714797e+37 Shat=3.3697000000e+02 Lhat=0.0000000000e+00
KNUTH_SUBTREE root=7052 depth=26 w=3.7782275795e+36 Shat=3.3823000000e+01 Lhat=0.0000000000e+00
KNUTH_SUBTREE root=7053 depth=26 w=7.9118119275e+36 Shat=1.2127576000e+04 Lhat=0.0000000000e+00
KNUTH_SUBTREE root=7054 depth=26 w=2.5361085025e+36 Shat=6.8830000000e+01 Lhat=0.0000000000e+00
KNUTH_SUBTREE root=7055 depth=26 w=1.4908876784e+36 Shat=1.6132000000e+01 Lhat=0.0000000000e+00
KNUTH_SUBTREE root=7056 depth=26 w=1.9634964948e+36 Shat=1.2627900000e+02 Lhat=0.0000000000e+00
KNUTH_SUBTREE root=7057 depth=26 w=1.1231821898e+36 Shat=7.9000000000e+01 Lhat=0.0000000000e+00
KNUTH_SUBTREE root=7058 depth=26 w=2.4256248830e+37 Shat=2.3292820000e+03 Lhat=0.0000000000e+00
KNUTH_SUBTREE root=7059 depth=26 w=0 Shat=0 Lhat=0 dead=1
KNUTH_SUBTREE root=7060 depth=26 w=1.5834459586e+37 Shat=5.2280000000e+01 Lhat=0.0000000000e+00
KNUTH_SUBTREE root=7061 depth=26 w=3.0528837116e+36 Shat=5.5621600000e+03 Lhat=0.0000000000e+00
KNUTH_SUBTREE root=7062 depth=26 w=3.1509014823e+37 Shat=2.9592400000e+02 Lhat=0.0000000000e+00
KNUTH_SUBTREE root=7063 depth=26 w=1.1777293825e+37 Shat=1.7334100000e+03 Lhat=0.0000000000e+00
KNUTH_SUBTREE root=7064 depth=26 w=1.6531515311e+37 Shat=1.0052600000e+03 Lhat=0.0000000000e+00
KNUTH_SUBTREE root=7065 depth=26 w=2.2945492547e+37 Shat=2.4694110000e+03 Lhat=0.0000000000e+00
KNUTH_SUBTREE root=7066 depth=26 w=1.1988017353e+37 Shat=2.6216620000e+03 Lhat=0.0000000000e+00
KNUTH_SUBTREE root=7067 depth=26 w=2.9770279277e+37 Shat=2.1545360000e+03 Lhat=0.0000000000e+00
KNUTH_SUBTREE root=7068 depth=26 w=2.5219960837e+37 Shat=2.2260600000e+02 Lhat=0.0000000000e+00
KNUTH_SUBTREE root=7069 depth=26 w=9.4863418197e+36 Shat=3.2017680000e+03 Lhat=0.0000000000e+00
KNUTH_SUBTREE root=7070 depth=26 w=3.6474711597e+36 Shat=4.1734400000e+03 Lhat=0.0000000000e+00
KNUTH_SUBTREE root=7071 depth=26 w=3.3201101591e+36 Shat=2.1798400000e+03 Lhat=0.0000000000e+00
KNUTH_SUBTREE root=7072 depth=26 w=1.8031506788e+36 Shat=7.0000000000e+00 Lhat=0.0000000000e+00
KNUTH_SUBTREE root=7073 depth=26 w=2.8929918548e+36 Shat=1.3811800000e+03 Lhat=0.0000000000e+00
KNUTH_SUBTREE root=7074 depth=26 w=3.0783956465e+37 Shat=3.2234940000e+03 Lhat=0.0000000000e+00
KNUTH_SUBTREE root=7075 depth=26 w=2.7087581445e+37 Shat=9.9877600000e+02 Lhat=0.0000000000e+00
KNUTH_SUBTREE root=7076 depth=26 w=8.6521557594e+35 Shat=7.0000000000e+00 Lhat=0.0000000000e+00
KNUTH_SUBTREE root=7077 depth=26 w=2.5417917583e+37 Shat=2.7169480000e+03 Lhat=0.0000000000e+00
KNUTH_SUBTREE root=7078 depth=26 w=8.6463814122e+36 Shat=4.5893700000e+03 Lhat=0.0000000000e+00
KNUTH_SUBTREE root=7079 depth=26 w=1.8696132512e+37 Shat=1.7798000000e+02 Lhat=0.0000000000e+00
KNUTH_SUBTREE root=7080 depth=26 w=3.1936393856e+37 Shat=4.1566350000e+03 Lhat=0.0000000000e+00
KNUTH_SUBTREE root=7081 depth=26 w=1.0508478331e+37 Shat=4.2904000000e+01 Lhat=0.0000000000e+00
KNUTH_SUBTREE root=7082 depth=26 w=7.4348960770e+35 Shat=1.0000000000e+00 Lhat=0.0000000000e+00
KNUTH_SUBTREE root=7083 depth=26 w=1.1282548698e+37 Shat=7.3005800000e+02 Lhat=0.0000000000e+00
KNUTH_SUBTREE root=7084 depth=26 w=2.5400738542e+37 Shat=6.4110000000e+01 Lhat=0.0000000000e+00
KNUTH_SUBTREE root=7085 depth=26 w=1.3992530300e+37 Shat=1.7000000000e+01 Lhat=0.0000000000e+00
KNUTH_SUBTREE root=7086 depth=26 w=5.3525183548e+36 Shat=3.1896000000e+01 Lhat=0.0000000000e+00
KNUTH_SUBTREE root=7087 depth=26 w=7.8801321344e+36 Shat=5.0000000000e+00 Lhat=0.0000000000e+00
KNUTH_SUBTREE root=7088 depth=26 w=2.7718447511e+37 Shat=1.0609120000e+03 Lhat=0.0000000000e+00
KNUTH_SUBTREE root=7089 depth=26 w=3.7638600138e+36 Shat=2.8692910000e+03 Lhat=4.5198000000e+02
KNUTH_SUBTREE root=7090 depth=26 w=4.9999210052e+36 Shat=8.1772000000e+01 Lhat=0.0000000000e+00
KNUTH_SUBTREE root=7091 depth=26 w=4.5363687163e+36 Shat=4.2796000000e+02 Lhat=0.0000000000e+00
KNUTH_SUBTREE root=7092 depth=26 w=2.9574060958e+37 Shat=5.2941600000e+03 Lhat=0.0000000000e+00
KNUTH_SUBTREE root=7093 depth=26 w=1.1646940401e+37 Shat=5.0000000000e+00 Lhat=0.0000000000e+00
KNUTH_SUBTREE root=7094 depth=26 w=4.1220628558e+36 Shat=2.9064000000e+01 Lhat=0.0000000000e+00
KNUTH_SUBTREE root=7095 depth=26 w=6.1695032155e+36 Shat=1.0000000000e+00 Lhat=0.0000000000e+00
KNUTH_SUBTREE root=7096 depth=26 w=7.8361291215e+36 Shat=1.4461500000e+02 Lhat=0.0000000000e+00
KNUTH_SUBTREE root=7097 depth=26 w=3.4711131746e+36 Shat=1.2598400000e+03 Lhat=0.0000000000e+00
KNUTH_SUBTREE root=7098 depth=26 w=2.6196293469e+37 Shat=5.1070500000e+02 Lhat=0.0000000000e+00
KNUTH_SUBTREE root=7099 depth=26 w=3.1954920704e+37 Shat=7.0514920000e+03 Lhat=0.0000000000e+00
KNUTH_SUBTREE root=7100 depth=26 w=1.5715827820e+37 Shat=2.1821860000e+03 Lhat=0.0000000000e+00
KNUTH_SUBTREE root=7101 depth=26 w=2.9348383869e+37 Shat=8.5859200000e+03 Lhat=0.0000000000e+00
KNUTH_SUBTREE root=7102 depth=26 w=4.0733028011e+36 Shat=6.2762400000e+02 Lhat=0.0000000000e+00
KNUTH_SUBTREE root=7103 depth=26 w=3.3302800192e+36 Shat=2.0744000000e+01 Lhat=0.0000000000e+00
KNUTH_SUBTREE root=7104 depth=26 w=1.1738662986e+37 Shat=6.5176000000e+01 Lhat=0.0000000000e+00
KNUTH_SUBTREE root=7105 depth=26 w=3.6566907061e+37 Shat=4.1868800000e+03 Lhat=0.0000000000e+00
KNUTH_SUBTREE root=7106 depth=26 w=6.5601900314e+36 Shat=1.8751200000e+02 Lhat=0.0000000000e+00
KNUTH_SUBTREE root=7107 depth=26 w=1.5999185647e+37 Shat=6.1248000000e+01 Lhat=0.0000000000e+00
KNUTH_SUBTREE root=7108 depth=26 w=4.4237229038e+36 Shat=4.3056280000e+03 Lhat=0.0000000000e+00
KNUTH_SUBTREE root=7109 depth=26 w=6.2491751131e+36 Shat=2.5657600000e+03 Lhat=0.0000000000e+00
KNUTH_SUBTREE root=7110 depth=26 w=2.6611938633e+36 Shat=2.3984830000e+03 Lhat=0.0000000000e+00
KNUTH_SUBTREE root=7111 depth=26 w=1.2567837322e+37 Shat=6.2828000000e+03 Lhat=0.0000000000e+00
KNUTH_SUBTREE root=7112 depth=26 w=2.2551838349e+37 Shat=2.5268200000e+02 Lhat=0.0000000000e+00
KNUTH_SUBTREE root=7113 depth=26 w=8.8385078815e+36 Shat=7.3237000000e+02 Lhat=0.0000000000e+00
KNUTH_SUBTREE root=7114 depth=26 w=2.7122772036e+36 Shat=2.4353400000e+03 Lhat=0.0000000000e+00
KNUTH_SUBTREE root=7115 depth=26 w=6.2698892189e+36 Shat=4.0020400000e+03 Lhat=0.0000000000e+00
KNUTH_SUBTREE root=7116 depth=26 w=2.9067121262e+37 Shat=6.6892000000e+02 Lhat=0.0000000000e+00
KNUTH_SUBTREE root=7117 depth=26 w=3.8023551757e+36 Shat=1.2836500000e+02 Lhat=0.0000000000e+00
KNUTH_SUBTREE root=7118 depth=26 w=8.5074517154e+36 Shat=7.7054000000e+02 Lhat=0.0000000000e+00
KNUTH_SUBTREE root=7119 depth=26 w=1.6509410367e+36 Shat=1.0000000000e+00 Lhat=0.0000000000e+00
KNUTH_SUBTREE root=7120 depth=26 w=3.7297182963e+36 Shat=6.0429500000e+02 Lhat=0.0000000000e+00
KNUTH_SUBTREE root=7121 depth=26 w=1.0684090616e+37 Shat=1.3000000000e+01 Lhat=0.0000000000e+00
KNUTH_SUBTREE root=7122 depth=26 w=6.8423746921e+36 Shat=6.2390200000e+02 Lhat=0.0000000000e+00
KNUTH_SUBTREE root=7123 depth=26 w=8.8354487001e+36 Shat=6.9206100000e+02 Lhat=0.0000000000e+00
KNUTH_SUBTREE root=7124 depth=26 w=4.4256757898e+36 Shat=8.6830300000e+02 Lhat=0.0000000000e+00
KNUTH_SUBTREE root=7125 depth=26 w=1.7117524023e+36 Shat=1.6000000000e+01 Lhat=0.0000000000e+00
KNUTH_SUBTREE root=7126 depth=26 w=4.7613074323e+36 Shat=2.6199900000e+03 Lhat=0.0000000000e+00
KNUTH_SUBTREE root=7127 depth=26 w=6.1257313535e+36 Shat=5.2003000000e+02 Lhat=0.0000000000e+00
KNUTH_SUBTREE root=7128 depth=26 w=7.3384413554e+36 Shat=6.2551200000e+02 Lhat=0.0000000000e+00
KNUTH_SUBTREE root=7129 depth=26 w=6.0784408349e+36 Shat=1.1164200000e+03 Lhat=0.0000000000e+00
KNUTH_SUBTREE root=7130 depth=26 w=3.1804177366e+37 Shat=1.0908000000e+02 Lhat=0.0000000000e+00
KNUTH_SUBTREE root=7131 depth=26 w=3.8434623442e+36 Shat=5.0000000000e+00 Lhat=0.0000000000e+00
KNUTH_SUBTREE root=7132 depth=26 w=3.4254617976e+36 Shat=5.5400000000e+02 Lhat=0.0000000000e+00
KNUTH_SUBTREE root=7133 depth=26 w=8.8106394362e+36 Shat=7.5563080000e+03 Lhat=0.0000000000e+00
KNUTH_SUBTREE root=7134 depth=26 w=9.2619151088e+36 Shat=1.5710230000e+03 Lhat=0.0000000000e+00
KNUTH_SUBTREE root=7135 depth=26 w=8.6747109175e+36 Shat=2.5354100000e+03 Lhat=0.0000000000e+00
KNUTH_SUBTREE root=7136 depth=26 w=6.2038463354e+36 Shat=2.6970080000e+03 Lhat=0.0000000000e+00
KNUTH_SUBTREE root=7137 depth=26 w=1.1938078984e+36 Shat=5.2680000000e+01 Lhat=0.0000000000e+00
KNUTH_SUBTREE root=7138 depth=26 w=8.9681952359e+36 Shat=9.3230000000e+01 Lhat=0.0000000000e+00
KNUTH_SUBTREE root=7139 depth=26 w=4.1894232770e+36 Shat=7.9000000000e+01 Lhat=0.0000000000e+00
KNUTH_SUBTREE root=7140 depth=26 w=5.2053775467e+36 Shat=6.8382400000e+03 Lhat=0.0000000000e+00
KNUTH_SUBTREE root=7141 depth=26 w=3.3679381388e+37 Shat=6.6956000000e+02 Lhat=0.0000000000e+00
KNUTH_SUBTREE root=7142 depth=26 w=1.0073131641e+37 Shat=1.6127000000e+02 Lhat=0.0000000000e+00
KNUTH_SUBTREE root=7143 depth=26 w=4.6004106779e+36 Shat=2.7094120000e+03 Lhat=0.0000000000e+00
KNUTH_SUBTREE root=7144 depth=26 w=2.1090271142e+37 Shat=1.2163920000e+03 Lhat=0.0000000000e+00
KNUTH_SUBTREE root=7145 depth=26 w=2.6276278930e+37 Shat=4.9914600000e+02 Lhat=0.0000000000e+00
KNUTH_SUBTREE root=7146 depth=26 w=9.0955976550e+36 Shat=2.8661200000e+03 Lhat=6.1824000000e+01
KNUTH_SUBTREE root=7147 depth=26 w=2.7952588090e+37 Shat=3.4985200000e+02 Lhat=0.0000000000e+00
KNUTH_SUBTREE root=7148 depth=26 w=3.1456674585e+37 Shat=2.9356000000e+02 Lhat=0.0000000000e+00
KNUTH_SUBTREE root=7149 depth=26 w=6.5956730149e+36 Shat=3.7632500000e+03 Lhat=0.0000000000e+00
KNUTH_SUBTREE root=7150 depth=26 w=1.9723250365e+36 Shat=5.8960000000e+00 Lhat=0.0000000000e+00
KNUTH_SUBTREE root=7151 depth=26 w=3.2228558378e+36 Shat=5.2018000000e+01 Lhat=0.0000000000e+00
KNUTH_SUBTREE root=7152 depth=26 w=1.6641974186e+37 Shat=1.8649360000e+03 Lhat=0.0000000000e+00
KNUTH_SUBTREE root=7153 depth=26 w=4.3571353388e+36 Shat=4.2649520000e+03 Lhat=0.0000000000e+00
KNUTH_SUBTREE root=7154 depth=26 w=2.5603101994e+37 Shat=2.8062000000e+02 Lhat=0.0000000000e+00
KNUTH_SUBTREE root=7155 depth=26 w=1.3019329347e+37 Shat=2.2617700000e+03 Lhat=0.0000000000e+00
KNUTH_SUBTREE root=7156 depth=26 w=2.9124878120e+37 Shat=1.8800900000e+03 Lhat=0.0000000000e+00
KNUTH_SUBTREE root=7157 depth=26 w=2.4585484758e+36 Shat=7.9128000000e+01 Lhat=0.0000000000e+00
KNUTH_SUBTREE root=7158 depth=26 w=3.1364070606e+37 Shat=1.9793100000e+02 Lhat=0.0000000000e+00
KNUTH_SUBTREE root=7159 depth=26 w=2.1702675197e+37 Shat=1.3000000000e+01 Lhat=0.0000000000e+00
KNUTH_SUBTREE root=7160 depth=26 w=1.2408704997e+37 Shat=7.7056000000e+01 Lhat=0.0000000000e+00
KNUTH_SUBTREE root=7161 depth=26 w=1.5222072553e+37 Shat=1.0000000000e+00 Lhat=0.0000000000e+00
KNUTH_SUBTREE root=7162 depth=26 w=2.3200266102e+37 Shat=8.3826400000e+02 Lhat=0.0000000000e+00
KNUTH_SUBTREE root=7163 depth=26 w=6.5991119448e+36 Shat=8.2624000000e+02 Lhat=0.0000000000e+00
KNUTH_SUBTREE root=7164 depth=26 w=3.1224296336e+37 Shat=7.2661600000e+03 Lhat=0.0000000000e+00
KNUTH_SUBTREE root=7165 depth=26 w=1.6311858291e+37 Shat=1.0353070000e+03 Lhat=0.0000000000e+00
KNUTH_SUBTREE root=7166 depth=26 w=1.4225164815e+37 Shat=2.1052000000e+02 Lhat=0.0000000000e+00
KNUTH_SUBTREE root=7167 depth=26 w=2.7113548669e+37 Shat=4.2103840000e+03 Lhat=0.0000000000e+00
KNUTH_SUBTREE root=7168 depth=26 w=1.2950379777e+36 Shat=1.4032000000e+01 Lhat=0.0000000000e+00
KNUTH_SUBTREE root=7169 depth=26 w=0 Shat=0 Lhat=0 dead=1
KNUTH_SUBTREE root=7170 depth=26 w=2.2311360372e+37 Shat=2.3846000000e+02 Lhat=0.0000000000e+00
KNUTH_SUBTREE root=7171 depth=26 w=4.5685917943e+36 Shat=3.2883300000e+02 Lhat=0.0000000000e+00
KNUTH_SUBTREE root=7172 depth=26 w=1.9739597956e+35 Shat=1.7578600000e+02 Lhat=0.0000000000e+00
KNUTH_SUBTREE root=7173 depth=26 w=1.2824598390e+37 Shat=4.3970560000e+03 Lhat=0.0000000000e+00
KNUTH_SUBTREE root=7174 depth=26 w=1.2026451714e+37 Shat=2.7475270000e+03 Lhat=0.0000000000e+00
KNUTH_SUBTREE root=7175 depth=26 w=6.3724909196e+35 Shat=1.2000000000e+01 Lhat=0.0000000000e+00
KNUTH_SUBTREE root=7176 depth=26 w=5.1835972286e+36 Shat=8.6600350000e+03 Lhat=0.0000000000e+00
KNUTH_SUBTREE root=7177 depth=26 w=7.9561749876e+36 Shat=1.1502750000e+03 Lhat=0.0000000000e+00
KNUTH_SUBTREE root=7178 depth=26 w=5.8057526675e+36 Shat=2.0323270000e+03 Lhat=0.0000000000e+00
KNUTH_SUBTREE root=7179 depth=26 w=6.9179445277e+36 Shat=1.6619760000e+03 Lhat=0.0000000000e+00
KNUTH_SUBTREE root=7180 depth=26 w=7.8337254146e+36 Shat=3.6928000000e+01 Lhat=0.0000000000e+00
KNUTH_SUBTREE root=7181 depth=26 w=1.0170683602e+37 Shat=1.2250270000e+03 Lhat=0.0000000000e+00
KNUTH_SUBTREE root=7182 depth=26 w=7.3084738530e+36 Shat=2.4116800000e+03 Lhat=8.1860000000e+01
KNUTH_SUBTREE root=7183 depth=26 w=5.4475679884e+36 Shat=8.6365000000e+01 Lhat=0.0000000000e+00
KNUTH_SUBTREE root=7184 depth=26 w=2.9458988289e+37 Shat=2.0716300000e+02 Lhat=0.0000000000e+00
KNUTH_SUBTREE root=7185 depth=26 w=8.8694209072e+36 Shat=9.9097300000e+02 Lhat=0.0000000000e+00
KNUTH_SUBTREE root=7186 depth=26 w=2.9557458476e+37 Shat=8.6341400000e+02 Lhat=0.0000000000e+00
KNUTH_SUBTREE root=7187 depth=26 w=3.8640501380e+36 Shat=3.1059700000e+03 Lhat=0.0000000000e+00
KNUTH_SUBTREE root=7188 depth=26 w=2.9450221453e+37 Shat=1.9733600000e+02 Lhat=0.0000000000e+00
KNUTH_SUBTREE root=7189 depth=26 w=1.0077599365e+35 Shat=4.9000000000e+01 Lhat=0.0000000000e+00
KNUTH_SUBTREE root=7190 depth=26 w=2.6757314964e+37 Shat=1.5258320000e+03 Lhat=0.0000000000e+00
KNUTH_SUBTREE root=7191 depth=26 w=2.0744451025e+37 Shat=1.3000000000e+01 Lhat=0.0000000000e+00
KNUTH_SUBTREE root=7192 depth=26 w=4.0653410813e+36 Shat=1.3061060000e+03 Lhat=0.0000000000e+00
KNUTH_SUBTREE root=7193 depth=26 w=2.3007019350e+36 Shat=9.3340000000e+01 Lhat=0.0000000000e+00
KNUTH_SUBTREE root=7194 depth=26 w=1.2762773883e+37 Shat=1.2722400000e+02 Lhat=0.0000000000e+00
KNUTH_SUBTREE root=7195 depth=26 w=2.6829557691e+37 Shat=2.1189180000e+03 Lhat=0.0000000000e+00
KNUTH_SUBTREE root=7196 depth=26 w=2.6044190010e+37 Shat=1.9698600000e+03 Lhat=1.2048000000e+02
KNUTH_SUBTREE root=7197 depth=26 w=2.2153043965e+37 Shat=4.1553300000e+02 Lhat=0.0000000000e+00
KNUTH_SUBTREE root=7198 depth=26 w=2.9291800027e+37 Shat=7.1083240000e+03 Lhat=0.0000000000e+00
KNUTH_SUBTREE root=7199 depth=26 w=3.2741148264e+36 Shat=9.2128000000e+01 Lhat=0.0000000000e+00
KNUTH_SUBTREE root=7200 depth=26 w=2.8514732316e+36 Shat=7.2205700000e+03 Lhat=0.0000000000e+00
KNUTH_SUBTREE root=7201 depth=26 w=3.1062608134e+36 Shat=4.3620000000e+01 Lhat=0.0000000000e+00
KNUTH_SUBTREE root=7202 depth=26 w=2.5475948209e+37 Shat=3.8847200000e+02 Lhat=0.0000000000e+00
KNUTH_SUBTREE root=7203 depth=26 w=1.0881912267e+37 Shat=9.5458000000e+01 Lhat=0.0000000000e+00
KNUTH_SUBTREE root=7204 depth=26 w=2.7791554020e+37 Shat=2.9288710000e+03 Lhat=0.0000000000e+00
KNUTH_SUBTREE root=7205 depth=26 w=4.3504964659e+36 Shat=1.3000000000e+01 Lhat=0.0000000000e+00
KNUTH_SUBTREE root=7206 depth=26 w=1.6749635853e+36 Shat=1.6116000000e+02 Lhat=0.0000000000e+00
KNUTH_SUBTREE root=7207 depth=26 w=3.4679004832e+37 Shat=1.9916900000e+03 Lhat=0.0000000000e+00
KNUTH_SUBTREE root=7208 depth=26 w=6.4481238405e+35 Shat=1.2000000000e+01 Lhat=0.0000000000e+00
KNUTH_SUBTREE root=7209 depth=26 w=5.7008885992e+36 Shat=2.7978000000e+01 Lhat=0.0000000000e+00
KNUTH_SUBTREE root=7210 depth=26 w=3.1129487485e+37 Shat=1.8132160000e+03 Lhat=0.0000000000e+00
KNUTH_SUBTREE root=7211 depth=26 w=1.1459689428e+37 Shat=2.3080000000e+01 Lhat=0.0000000000e+00
KNUTH_SUBTREE root=7212 depth=26 w=3.5661764445e+37 Shat=2.1000000000e+01 Lhat=0.0000000000e+00
KNUTH_SUBTREE root=7213 depth=26 w=1.9573356873e+36 Shat=1.2355600000e+02 Lhat=0.0000000000e+00
KNUTH_SUBTREE root=7214 depth=26 w=7.4836735751e+35 Shat=3.0000000000e+00 Lhat=0.0000000000e+00
KNUTH_SUBTREE root=7215 depth=26 w=5.5162682409e+36 Shat=3.9767770000e+03 Lhat=0.0000000000e+00
KNUTH_SUBTREE root=7216 depth=26 w=4.7075794106e+36 Shat=2.2102480000e+03 Lhat=0.0000000000e+00
KNUTH_SUBTREE root=7217 depth=26 w=3.6765068799e+36 Shat=3.3980000000e+02 Lhat=0.0000000000e+00
KNUTH_SUBTREE root=7218 depth=26 w=3.0250688157e+37 Shat=4.4570800000e+02 Lhat=0.0000000000e+00
KNUTH_SUBTREE root=7219 depth=26 w=1.0105429927e+37 Shat=6.4840000000e+01 Lhat=0.0000000000e+00
KNUTH_SUBTREE root=7220 depth=26 w=2.5821902932e+37 Shat=1.1779200000e+02 Lhat=0.0000000000e+00
KNUTH_SUBTREE root=7221 depth=26 w=1.0063236623e+37 Shat=6.9075150000e+03 Lhat=3.8555000000e+02
KNUTH_SUBTREE root=7222 depth=26 w=1.8449812814e+37 Shat=1.2304080000e+03 Lhat=0.0000000000e+00
KNUTH_SUBTREE root=7223 depth=26 w=7.8842366146e+36 Shat=6.2052000000e+02 Lhat=0.0000000000e+00
KNUTH_SUBTREE root=7224 depth=26 w=6.6330155705e+36 Shat=9.4402000000e+02 Lhat=0.0000000000e+00
KNUTH_SUBTREE root=7225 depth=26 w=3.9306778700e+36 Shat=2.8663790000e+03 Lhat=0.0000000000e+00
KNUTH_SUBTREE root=7226 depth=26 w=6.4329115467e+35 Shat=1.2028000000e+01 Lhat=0.0000000000e+00
KNUTH_SUBTREE root=7227 depth=26 w=1.1436706342e+37 Shat=7.9000000000e+01 Lhat=0.0000000000e+00
KNUTH_SUBTREE root=7228 depth=26 w=1.9125002999e+37 Shat=2.7844120000e+03 Lhat=0.0000000000e+00
KNUTH_SUBTREE root=7229 depth=26 w=2.1977305781e+34 Shat=1.0000000000e+00 Lhat=0.0000000000e+00
KNUTH_SUBTREE root=7230 depth=26 w=7.6042042076e+35 Shat=3.0000000000e+00 Lhat=0.0000000000e+00
KNUTH_SUBTREE root=7231 depth=26 w=1.3844302423e+35 Shat=3.1800000000e+01 Lhat=0.0000000000e+00
KNUTH_SUBTREE root=7232 depth=26 w=1.7685700142e+37 Shat=2.0579600000e+03 Lhat=0.0000000000e+00
KNUTH_SUBTREE root=7233 depth=26 w=8.5457079462e+36 Shat=6.5704000000e+01 Lhat=0.0000000000e+00
KNUTH_SUBTREE root=7234 depth=26 w=4.4763739292e+36 Shat=2.6638000000e+02 Lhat=0.0000000000e+00
KNUTH_SUBTREE root=7235 depth=26 w=5.1744512589e+36 Shat=1.2584400000e+03 Lhat=0.0000000000e+00
KNUTH_SUBTREE root=7236 depth=26 w=3.5370750213e+37 Shat=4.7983840000e+03 Lhat=0.0000000000e+00
KNUTH_SUBTREE root=7237 depth=26 w=5.4112077291e+36 Shat=2.2545400000e+03 Lhat=0.0000000000e+00
KNUTH_SUBTREE root=7238 depth=26 w=2.4368093908e+36 Shat=1.3628680000e+04 Lhat=0.0000000000e+00
KNUTH_SUBTREE root=7239 depth=26 w=3.4974555651e+37 Shat=1.4127600000e+03 Lhat=0.0000000000e+00
KNUTH_SUBTREE root=7240 depth=26 w=2.5117603857e+36 Shat=8.9776000000e+01 Lhat=0.0000000000e+00
KNUTH_SUBTREE root=7241 depth=26 w=2.9496444820e+36 Shat=4.4378440000e+03 Lhat=0.0000000000e+00
KNUTH_SUBTREE root=7242 depth=26 w=1.0688058705e+37 Shat=8.4782820000e+03 Lhat=0.0000000000e+00
KNUTH_SUBTREE root=7243 depth=26 w=2.9783131602e+37 Shat=3.3192520000e+03 Lhat=0.0000000000e+00
KNUTH_SUBTREE root=7244 depth=26 w=1.1976043741e+37 Shat=1.6558100000e+03 Lhat=0.0000000000e+00
KNUTH_SUBTREE root=7245 depth=26 w=8.7884856294e+35 Shat=1.2254400000e+02 Lhat=0.0000000000e+00
KNUTH_SUBTREE root=7246 depth=26 w=2.2333237182e+36 Shat=1.3948000000e+01 Lhat=0.0000000000e+00
KNUTH_SUBTREE root=7247 depth=26 w=2.5320925947e+37 Shat=1.2781900000e+03 Lhat=0.0000000000e+00
KNUTH_SUBTREE root=7248 depth=26 w=4.8023396344e+36 Shat=1.6988060000e+03 Lhat=0.0000000000e+00
KNUTH_SUBTREE root=7249 depth=26 w=2.3356071918e+37 Shat=2.0471400000e+02 Lhat=0.0000000000e+00
KNUTH_SUBTREE root=7250 depth=26 w=3.3934851224e+37 Shat=7.8252200000e+02 Lhat=0.0000000000e+00
KNUTH_SUBTREE root=7251 depth=26 w=5.9808154165e+36 Shat=2.7766480000e+03 Lhat=0.0000000000e+00
KNUTH_SUBTREE root=7252 depth=26 w=2.7059966878e+37 Shat=8.4226000000e+02 Lhat=0.0000000000e+00
KNUTH_SUBTREE root=7253 depth=26 w=8.2801811399e+36 Shat=9.9250000000e+00 Lhat=0.0000000000e+00
KNUTH_SUBTREE root=7254 depth=26 w=2.9577088572e+36 Shat=6.9790000000e+01 Lhat=0.0000000000e+00
KNUTH_SUBTREE root=7255 depth=26 w=1.0890436463e+37 Shat=7.9000000000e+01 Lhat=0.0000000000e+00
KNUTH_SUBTREE root=7256 depth=26 w=9.2480109776e+36 Shat=7.0280440000e+03 Lhat=0.0000000000e+00
KNUTH_SUBTREE root=7257 depth=26 w=8.9479252756e+36 Shat=1.3520000000e+01 Lhat=0.0000000000e+00
KNUTH_SUBTREE root=7258 depth=26 w=5.1756415994e+36 Shat=2.0118880000e+03 Lhat=0.0000000000e+00
KNUTH_SUBTREE root=7259 depth=26 w=5.3143267819e+36 Shat=5.1640000000e+01 Lhat=0.0000000000e+00
KNUTH_SUBTREE root=7260 depth=26 w=5.0008898280e+36 Shat=7.6265200000e+03 Lhat=0.0000000000e+00
KNUTH_SUBTREE root=7261 depth=26 w=4.3400171230e+36 Shat=1.6075720000e+03 Lhat=0.0000000000e+00
KNUTH_SUBTREE root=7262 depth=26 w=4.9099370009e+36 Shat=8.9840000000e+00 Lhat=0.0000000000e+00
KNUTH_SUBTREE root=7263 depth=26 w=6.4866264729e+36 Shat=5.0647200000e+02 Lhat=0.0000000000e+00
KNUTH_SUBTREE root=7264 depth=26 w=2.8597104504e+36 Shat=8.2148000000e+01 Lhat=0.0000000000e+00
KNUTH_SUBTREE root=7265 depth=26 w=1.0062256755e+37 Shat=5.4310000000e+02 Lhat=0.0000000000e+00
KNUTH_SUBTREE root=7266 depth=26 w=1.0521001620e+35 Shat=5.0000000000e+00 Lhat=0.0000000000e+00
KNUTH_SUBTREE root=7267 depth=26 w=4.4981002400e+36 Shat=1.5813810000e+03 Lhat=0.0000000000e+00
KNUTH_SUBTREE root=7268 depth=26 w=3.1568490432e+36 Shat=5.9479200000e+02 Lhat=0.0000000000e+00
KNUTH_SUBTREE root=7269 depth=26 w=2.7623414262e+36 Shat=2.7126980000e+03 Lhat=0.0000000000e+00
KNUTH_SUBTREE root=7270 depth=26 w=0 Shat=0 Lhat=0 dead=1
KNUTH_SUBTREE root=7271 depth=26 w=1.4311998334e+37 Shat=4.7563330000e+03 Lhat=0.0000000000e+00
KNUTH_SUBTREE root=7272 depth=26 w=2.2566459460e+35 Shat=3.0000000000e+00 Lhat=0.0000000000e+00
KNUTH_SUBTREE root=7273 depth=26 w=3.7941907021e+35 Shat=1.2950000000e+01 Lhat=0.0000000000e+00
KNUTH_SUBTREE root=7274 depth=26 w=4.4478926410e+36 Shat=4.1934900000e+03 Lhat=0.0000000000e+00
KNUTH_SUBTREE root=7275 depth=26 w=2.7431837216e+37 Shat=2.4553640000e+03 Lhat=0.0000000000e+00
KNUTH_SUBTREE root=7276 depth=26 w=3.0582493129e+37 Shat=1.7405400000e+02 Lhat=0.0000000000e+00
KNUTH_SUBTREE root=7277 depth=26 w=1.3078827732e+36 Shat=1.3000000000e+01 Lhat=0.0000000000e+00
KNUTH_SUBTREE root=7278 depth=26 w=2.5833716904e+36 Shat=4.4849920000e+03 Lhat=9.9796800000e+02
KNUTH_SUBTREE root=7279 depth=26 w=7.5782575916e+36 Shat=1.6781560000e+04 Lhat=0.0000000000e+00
KNUTH_SUBTREE root=7280 depth=26 w=3.1377795704e+37 Shat=1.1334100000e+03 Lhat=0.0000000000e+00
KNUTH_SUBTREE root=7281 depth=26 w=2.0030871298e+36 Shat=6.9780000000e+01 Lhat=0.0000000000e+00
KNUTH_SUBTREE root=7282 depth=26 w=4.7879864039e+36 Shat=1.8052000000e+01 Lhat=0.0000000000e+00
KNUTH_SUBTREE root=7283 depth=26 w=9.6256035784e+36 Shat=2.9619600000e+02 Lhat=0.0000000000e+00
KNUTH_SUBTREE root=7284 depth=26 w=2.9905372257e+37 Shat=1.4680400000e+03 Lhat=0.0000000000e+00
KNUTH_SUBTREE root=7285 depth=26 w=2.5611802483e+37 Shat=1.5695840000e+03 Lhat=0.0000000000e+00
KNUTH_SUBTREE root=7286 depth=26 w=4.0691557372e+36 Shat=4.6048800000e+02 Lhat=0.0000000000e+00
KNUTH_SUBTREE root=7287 depth=26 w=7.8285389372e+36 Shat=3.8688000000e+03 Lhat=0.0000000000e+00
KNUTH_SUBTREE root=7288 depth=26 w=7.8869240968e+36 Shat=9.0915000000e+02 Lhat=2.3240000000e+01
KNUTH_SUBTREE root=7289 depth=26 w=8.8940490848e+35 Shat=3.0000000000e+00 Lhat=0.0000000000e+00
KNUTH_SUBTREE root=7290 depth=26 w=1.4345701834e+36 Shat=4.0000000000e+00 Lhat=0.0000000000e+00
KNUTH_SUBTREE root=7291 depth=26 w=1.6439853926e+37 Shat=3.4805600000e+02 Lhat=0.0000000000e+00
KNUTH_SUBTREE root=7292 depth=26 w=2.5267130568e+36 Shat=6.9480000000e+00 Lhat=0.0000000000e+00
KNUTH_SUBTREE root=7293 depth=26 w=3.9351857806e+37 Shat=3.0277710000e+03 Lhat=0.0000000000e+00
KNUTH_SUBTREE root=7294 depth=26 w=1.9219987119e+36 Shat=2.0250000000e+03 Lhat=0.0000000000e+00
KNUTH_SUBTREE root=7295 depth=26 w=1.5204219728e+36 Shat=7.3037200000e+02 Lhat=0.0000000000e+00
KNUTH_SUBTREE root=7296 depth=26 w=5.0246026833e+36 Shat=1.1833500000e+03 Lhat=0.0000000000e+00
KNUTH_SUBTREE root=7297 depth=26 w=1.8924506378e+36 Shat=1.3000000000e+01 Lhat=0.0000000000e+00
KNUTH_SUBTREE root=7298 depth=26 w=1.9364242226e+36 Shat=1.1880000000e+01 Lhat=0.0000000000e+00
KNUTH_SUBTREE root=7299 depth=26 w=1.1300254017e+37 Shat=4.9663800000e+02 Lhat=0.0000000000e+00
KNUTH_SUBTREE root=7300 depth=26 w=1.1491586494e+37 Shat=9.8541400000e+02 Lhat=0.0000000000e+00
KNUTH_SUBTREE root=7301 depth=26 w=2.5334649397e+37 Shat=1.4195000000e+02 Lhat=0.0000000000e+00
KNUTH_SUBTREE root=7302 depth=26 w=2.7702186359e+36 Shat=3.7642500000e+02 Lhat=0.0000000000e+00
KNUTH_SUBTREE root=7303 depth=26 w=3.3699453605e+36 Shat=4.9327600000e+02 Lhat=0.0000000000e+00
KNUTH_SUBTREE root=7304 depth=26 w=6.9098661456e+36 Shat=3.2091400000e+02 Lhat=0.0000000000e+00
KNUTH_SUBTREE root=7305 depth=26 w=3.0850594659e+37 Shat=5.1471100000e+02 Lhat=0.0000000000e+00
KNUTH_SUBTREE root=7306 depth=26 w=2.0450005817e+37 Shat=2.2944000000e+01 Lhat=0.0000000000e+00
KNUTH_SUBTREE root=7307 depth=26 w=6.1312337073e+35 Shat=3.9068000000e+01 Lhat=0.0000000000e+00
KNUTH_SUBTREE root=7308 depth=26 w=3.3168626558e+36 Shat=1.4023150000e+03 Lhat=1.0386000000e+02
KNUTH_SUBTREE root=7309 depth=26 w=2.9298746571e+37 Shat=2.8921000000e+02 Lhat=0.0000000000e+00
KNUTH_SUBTREE root=7310 depth=26 w=3.0975665801e+37 Shat=1.4613500000e+03 Lhat=0.0000000000e+00
KNUTH_SUBTREE root=7311 depth=26 w=1.1890278257e+37 Shat=1.2046960000e+03 Lhat=0.0000000000e+00
KNUTH_SUBTREE root=7312 depth=26 w=3.1006540423e+37 Shat=4.1201560000e+03 Lhat=0.0000000000e+00
KNUTH_SUBTREE root=7313 depth=26 w=3.3759744900e+37 Shat=9.1510000000e+02 Lhat=0.0000000000e+00
KNUTH_SUBTREE root=7314 depth=26 w=1.3345635399e+37 Shat=1.5090000000e+03 Lhat=0.0000000000e+00
KNUTH_SUBTREE root=7315 depth=26 w=6.9855072362e+35 Shat=3.0000000000e+00 Lhat=0.0000000000e+00
KNUTH_SUBTREE root=7316 depth=26 w=2.9371461335e+37 Shat=7.1061200000e+03 Lhat=0.0000000000e+00
KNUTH_SUBTREE root=7317 depth=26 w=3.0982239442e+37 Shat=1.0880080000e+03 Lhat=0.0000000000e+00
KNUTH_SUBTREE root=7318 depth=26 w=9.0978988344e+36 Shat=6.2996320000e+03 Lhat=0.0000000000e+00
KNUTH_SUBTREE root=7319 depth=26 w=2.1556660989e+36 Shat=2.6554480000e+03 Lhat=0.0000000000e+00
KNUTH_SUBTREE root=7320 depth=26 w=5.1721028829e+36 Shat=4.5275200000e+02 Lhat=0.0000000000e+00
KNUTH_SUBTREE root=7321 depth=26 w=1.9230583102e+36 Shat=7.9000000000e+01 Lhat=0.0000000000e+00
KNUTH_SUBTREE root=7322 depth=26 w=1.3515419844e+37 Shat=2.5411000000e+02 Lhat=0.0000000000e+00
KNUTH_SUBTREE root=7323 depth=26 w=1.4406971549e+37 Shat=5.0945280000e+03 Lhat=0.0000000000e+00
KNUTH_SUBTREE root=7324 depth=26 w=1.2031394433e+37 Shat=4.5750000000e+01 Lhat=0.0000000000e+00
KNUTH_SUBTREE root=7325 depth=26 w=1.0059765923e+37 Shat=1.3000000000e+01 Lhat=0.0000000000e+00
KNUTH_SUBTREE root=7326 depth=26 w=2.3750572134e+37 Shat=3.0562080000e+03 Lhat=0.0000000000e+00
KNUTH_SUBTREE root=7327 depth=26 w=1.2795625697e+36 Shat=1.4141300000e+02 Lhat=0.0000000000e+00
KNUTH_SUBTREE root=7328 depth=26 w=5.1848698980e+36 Shat=3.2674330000e+03 Lhat=0.0000000000e+00
KNUTH_SUBTREE root=7329 depth=26 w=7.9380257530e+36 Shat=1.0903400000e+03 Lhat=5.4480000000e+01
KNUTH_SUBTREE root=7330 depth=26 w=7.2027423506e+36 Shat=6.6293920000e+03 Lhat=8.5365600000e+02
KNUTH_SUBTREE root=7331 depth=26 w=2.0576787681e+37 Shat=1.4409190000e+03 Lhat=0.0000000000e+00
KNUTH_SUBTREE root=7332 depth=26 w=3.0940596518e+36 Shat=2.6638600000e+03 Lhat=0.0000000000e+00
KNUTH_SUBTREE root=7333 depth=26 w=8.4646465117e+36 Shat=1.3404500000e+03 Lhat=0.0000000000e+00
KNUTH_SUBTREE root=7334 depth=26 w=1.1177723021e+36 Shat=1.3975000000e+01 Lhat=0.0000000000e+00
KNUTH_SUBTREE root=7335 depth=26 w=3.2615864544e+36 Shat=9.6001000000e+02 Lhat=0.0000000000e+00
KNUTH_SUBTREE root=7336 depth=26 w=2.1806925174e+37 Shat=7.4157900000e+02 Lhat=0.0000000000e+00
KNUTH_SUBTREE root=7337 depth=26 w=3.9076386755e+34 Shat=1.0936000000e+01 Lhat=0.0000000000e+00
KNUTH_SUBTREE root=7338 depth=26 w=1.1699401046e+35 Shat=1.5002200000e+03 Lhat=0.0000000000e+00
KNUTH_SUBTREE root=7339 depth=26 w=2.6742319571e+37 Shat=6.1039360000e+03 Lhat=0.0000000000e+00
KNUTH_SUBTREE root=7340 depth=26 w=5.8323318901e+36 Shat=3.9280690000e+03 Lhat=0.0000000000e+00
KNUTH_SUBTREE root=7341 depth=26 w=8.7765715034e+36 Shat=2.4640000000e+01 Lhat=0.0000000000e+00
KNUTH_SUBTREE root=7342 depth=26 w=1.9958929912e+37 Shat=2.6000000000e+01 Lhat=0.0000000000e+00
KNUTH_SUBTREE root=7343 depth=26 w=6.3246410085e+36 Shat=4.7851000000e+02 Lhat=0.0000000000e+00
KNUTH_SUBTREE root=7344 depth=26 w=9.2645054564e+35 Shat=5.0000000000e+00 Lhat=0.0000000000e+00
KNUTH_SUBTREE root=7345 depth=26 w=5.5062491641e+36 Shat=5.7213600000e+02 Lhat=0.0000000000e+00
KNUTH_SUBTREE root=7346 depth=26 w=2.3294977957e+37 Shat=1.2638800000e+03 Lhat=0.0000000000e+00
KNUTH_SUBTREE root=7347 depth=26 w=3.0155185526e+36 Shat=5.1120000000e+01 Lhat=0.0000000000e+00
KNUTH_SUBTREE root=7348 depth=26 w=1.9385299676e+37 Shat=2.7724240000e+03 Lhat=0.0000000000e+00
KNUTH_SUBTREE root=7349 depth=26 w=1.5763319696e+36 Shat=2.3885000000e+02 Lhat=0.0000000000e+00
KNUTH_SUBTREE root=7350 depth=26 w=3.0542487236e+36 Shat=6.5640000000e+01 Lhat=0.0000000000e+00
KNUTH_SUBTREE root=7351 depth=26 w=4.3937320281e+35 Shat=7.9810000000e+00 Lhat=0.0000000000e+00
KNUTH_SUBTREE root=7352 depth=26 w=2.0166262157e+37 Shat=9.3729700000e+02 Lhat=0.0000000000e+00
KNUTH_SUBTREE root=7353 depth=26 w=3.7588985322e+36 Shat=1.3964000000e+01 Lhat=0.0000000000e+00
KNUTH_SUBTREE root=7354 depth=26 w=3.5807142015e+36 Shat=1.5049200000e+02 Lhat=0.0000000000e+00
KNUTH_SUBTREE root=7355 depth=26 w=2.7630619268e+37 Shat=5.1945000000e+02 Lhat=0.0000000000e+00
KNUTH_SUBTREE root=7356 depth=26 w=1.7526563912e+37 Shat=1.7918200000e+02 Lhat=0.0000000000e+00
KNUTH_SUBTREE root=7357 depth=26 w=7.3501823662e+36 Shat=8.0339200000e+02 Lhat=0.0000000000e+00
KNUTH_SUBTREE root=7358 depth=26 w=1.4346363839e+37 Shat=7.4171800000e+02 Lhat=0.0000000000e+00
KNUTH_SUBTREE root=7359 depth=26 w=4.1586382751e+37 Shat=4.3246050000e+03 Lhat=0.0000000000e+00
KNUTH_SUBTREE root=7360 depth=26 w=1.7198332459e+36 Shat=2.9080000000e+01 Lhat=0.0000000000e+00
KNUTH_SUBTREE root=7361 depth=26 w=3.2244259698e+37 Shat=1.4137410000e+03 Lhat=0.0000000000e+00
KNUTH_SUBTREE root=7362 depth=26 w=1.6331451717e+37 Shat=2.0404600000e+02 Lhat=0.0000000000e+00
KNUTH_SUBTREE root=7363 depth=26 w=3.3737288013e+37 Shat=3.9956300000e+02 Lhat=0.0000000000e+00
KNUTH_SUBTREE root=7364 depth=26 w=6.4013763619e+36 Shat=4.0000000000e+00 Lhat=0.0000000000e+00
KNUTH_SUBTREE root=7365 depth=26 w=4.0768897137e+36 Shat=1.4884000000e+02 Lhat=0.0000000000e+00
KNUTH_SUBTREE root=7366 depth=26 w=2.4230975069e+37 Shat=6.1161860000e+03 Lhat=0.0000000000e+00
KNUTH_SUBTREE root=7367 depth=26 w=3.6147307266e+36 Shat=2.6093200000e+02 Lhat=0.0000000000e+00
KNUTH_SUBTREE root=7368 depth=26 w=2.1525213624e+36 Shat=4.4584000000e+01 Lhat=0.0000000000e+00
KNUTH_SUBTREE root=7369 depth=26 w=4.5685709044e+36 Shat=1.8044800000e+03 Lhat=0.0000000000e+00
KNUTH_SUBTREE root=7370 depth=26 w=2.5224441319e+37 Shat=5.6391400000e+02 Lhat=0.0000000000e+00
KNUTH_SUBTREE root=7371 depth=26 w=1.4797834232e+37 Shat=6.1379920000e+03 Lhat=0.0000000000e+00
KNUTH_SUBTREE root=7372 depth=26 w=2.7621011494e+36 Shat=3.1048000000e+01 Lhat=0.0000000000e+00
KNUTH_SUBTREE root=7373 depth=26 w=7.3256775015e+36 Shat=2.8965840000e+03 Lhat=0.0000000000e+00
KNUTH_SUBTREE root=7374 depth=26 w=2.1475271912e+37 Shat=1.9025400000e+03 Lhat=0.0000000000e+00
KNUTH_SUBTREE root=7375 depth=26 w=1.8592936016e+37 Shat=7.9972000000e+01 Lhat=0.0000000000e+00
KNUTH_SUBTREE root=7376 depth=26 w=3.5496182224e+37 Shat=2.2616830000e+03 Lhat=0.0000000000e+00
KNUTH_SUBTREE root=7377 depth=26 w=1.2119899617e+37 Shat=7.5556000000e+02 Lhat=0.0000000000e+00
KNUTH_SUBTREE root=7378 depth=26 w=4.8338312136e+36 Shat=3.4030480000e+03 Lhat=0.0000000000e+00
KNUTH_SUBTREE root=7379 depth=26 w=3.7962148462e+36 Shat=4.2935000000e+02 Lhat=0.0000000000e+00
KNUTH_SUBTREE root=7380 depth=26 w=3.1412607391e+36 Shat=8.0140000000e+00 Lhat=0.0000000000e+00
KNUTH_SUBTREE root=7381 depth=26 w=7.5977658179e+36 Shat=7.4920000000e+01 Lhat=0.0000000000e+00
KNUTH_SUBTREE root=7382 depth=26 w=3.8758667741e+36 Shat=1.0384100000e+03 Lhat=0.0000000000e+00
KNUTH_SUBTREE root=7383 depth=26 w=5.2072543255e+36 Shat=2.0895000000e+01 Lhat=0.0000000000e+00
KNUTH_SUBTREE root=7384 depth=26 w=1.5902364320e+36 Shat=1.3000000000e+01 Lhat=0.0000000000e+00
KNUTH_SUBTREE root=7385 depth=26 w=7.9850941741e+36 Shat=7.9900000000e+02 Lhat=0.0000000000e+00
KNUTH_SUBTREE root=7386 depth=26 w=8.5435170629e+34 Shat=5.0000000000e+00 Lhat=0.0000000000e+00
KNUTH_SUBTREE root=7387 depth=26 w=1.6166275902e+37 Shat=7.9000000000e+01 Lhat=0.0000000000e+00
KNUTH_SUBTREE root=7388 depth=26 w=2.6157003937e+37 Shat=2.8650500000e+02 Lhat=0.0000000000e+00
KNUTH_SUBTREE root=7389 depth=26 w=2.2031676307e+36 Shat=2.4813100000e+03 Lhat=0.0000000000e+00
KNUTH_SUBTREE root=7390 depth=26 w=3.6566164569e+37 Shat=1.1690700000e+03 Lhat=0.0000000000e+00
KNUTH_SUBTREE root=7391 depth=26 w=3.2794610667e+37 Shat=3.2864320000e+03 Lhat=0.0000000000e+00
KNUTH_SUBTREE root=7392 depth=26 w=6.1212530542e+36 Shat=3.6169000000e+02 Lhat=0.0000000000e+00
KNUTH_SUBTREE root=7393 depth=26 w=3.2889450169e+37 Shat=1.0525720000e+03 Lhat=0.0000000000e+00
KNUTH_SUBTREE root=7394 depth=26 w=2.5741004987e+37 Shat=3.2922910000e+03 Lhat=0.0000000000e+00
KNUTH_SUBTREE root=7395 depth=26 w=3.8945100682e+36 Shat=1.3000000000e+01 Lhat=0.0000000000e+00
KNUTH_SUBTREE root=7396 depth=26 w=3.6973346499e+36 Shat=4.9584400000e+02 Lhat=0.0000000000e+00
KNUTH_SUBTREE root=7397 depth=26 w=3.2175493230e+37 Shat=2.1958000000e+02 Lhat=0.0000000000e+00
KNUTH_SUBTREE root=7398 depth=26 w=1.3380543313e+36 Shat=5.0944000000e+01 Lhat=0.0000000000e+00
KNUTH_SUBTREE root=7399 depth=26 w=2.9420658373e+36 Shat=1.6255000000e+01 Lhat=0.0000000000e+00
KNUTH_SUBTREE root=7400 depth=26 w=5.8609328021e+35 Shat=7.6605000000e+01 Lhat=0.0000000000e+00
KNUTH_SUBTREE root=7401 depth=26 w=1.7172005239e+37 Shat=2.4616060000e+03 Lhat=0.0000000000e+00
KNUTH_SUBTREE root=7402 depth=26 w=8.7266527163e+36 Shat=7.0760000000e+00 Lhat=0.0000000000e+00
KNUTH_SUBTREE root=7403 depth=26 w=1.4349997039e+37 Shat=2.5329520000e+03 Lhat=0.0000000000e+00
KNUTH_SUBTREE root=7404 depth=26 w=2.0014825663e+36 Shat=2.0033800000e+02 Lhat=0.0000000000e+00
KNUTH_SUBTREE root=7405 depth=26 w=1.9758553794e+37 Shat=1.3319000000e+02 Lhat=0.0000000000e+00
KNUTH_SUBTREE root=7406 depth=26 w=1.3298202621e+37 Shat=3.9336000000e+02 Lhat=0.0000000000e+00
KNUTH_SUBTREE root=7407 depth=26 w=5.6962607505e+36 Shat=2.0512800000e+02 Lhat=0.0000000000e+00
KNUTH_SUBTREE root=7408 depth=26 w=6.7624577834e+36 Shat=3.3582000000e+03 Lhat=0.0000000000e+00
KNUTH_SUBTREE root=7409 depth=26 w=1.0695716027e+37 Shat=2.5482150000e+03 Lhat=0.0000000000e+00
KNUTH_SUBTREE root=7410 depth=26 w=1.1460701673e+37 Shat=4.0222000000e+03 Lhat=0.0000000000e+00
KNUTH_SUBTREE root=7411 depth=26 w=4.7020972857e+36 Shat=1.3568270000e+03 Lhat=0.0000000000e+00
KNUTH_SUBTREE root=7412 depth=26 w=1.3383172764e+36 Shat=1.3000000000e+01 Lhat=0.0000000000e+00
KNUTH_SUBTREE root=7413 depth=26 w=9.6950497263e+36 Shat=4.4856000000e+01 Lhat=0.0000000000e+00
KNUTH_SUBTREE root=7414 depth=26 w=5.3600546052e+36 Shat=3.6981600000e+02 Lhat=0.0000000000e+00
KNUTH_SUBTREE root=7415 depth=26 w=2.7048067354e+37 Shat=4.6339600000e+03 Lhat=0.0000000000e+00
KNUTH_SUBTREE root=7416 depth=26 w=4.8306875439e+34 Shat=2.0020000000e+01 Lhat=0.0000000000e+00
KNUTH_SUBTREE root=7417 depth=26 w=3.6426064321e+36 Shat=2.2260500000e+03 Lhat=0.0000000000e+00
KNUTH_SUBTREE root=7418 depth=26 w=5.2528856258e+36 Shat=7.0470000000e+01 Lhat=0.0000000000e+00
KNUTH_SUBTREE root=7419 depth=26 w=1.7275884028e+37 Shat=7.6127000000e+02 Lhat=0.0000000000e+00
KNUTH_SUBTREE root=7420 depth=26 w=2.8783051733e+37 Shat=5.8203000000e+02 Lhat=0.0000000000e+00
KNUTH_SUBTREE root=7421 depth=26 w=6.2491761227e+36 Shat=5.0380000000e+01 Lhat=0.0000000000e+00
KNUTH_SUBTREE root=7422 depth=26 w=3.0496854942e+37 Shat=3.3454720000e+03 Lhat=0.0000000000e+00
KNUTH_SUBTREE root=7423 depth=26 w=5.4324113856e+36 Shat=2.7116400000e+03 Lhat=0.0000000000e+00
KNUTH_SUBTREE root=7424 depth=26 w=5.3846063822e+36 Shat=7.0734400000e+02 Lhat=0.0000000000e+00
KNUTH_SUBTREE root=7425 depth=26 w=4.2428238976e+36 Shat=4.6270450000e+03 Lhat=0.0000000000e+00
KNUTH_SUBTREE root=7426 depth=26 w=6.5319166240e+36 Shat=4.2118000000e+01 Lhat=0.0000000000e+00
KNUTH_SUBTREE root=7427 depth=26 w=4.5820078789e+36 Shat=1.5101380000e+03 Lhat=0.0000000000e+00
KNUTH_SUBTREE root=7428 depth=26 w=2.7090121994e+37 Shat=1.4772000000e+02 Lhat=0.0000000000e+00
KNUTH_SUBTREE root=7429 depth=26 w=9.1197976912e+36 Shat=6.4200500000e+03 Lhat=0.0000000000e+00
KNUTH_SUBTREE root=7430 depth=26 w=1.6177637227e+37 Shat=1.9026600000e+02 Lhat=0.0000000000e+00
KNUTH_SUBTREE root=7431 depth=26 w=1.4587017170e+37 Shat=7.8360000000e+00 Lhat=0.0000000000e+00
KNUTH_SUBTREE root=7432 depth=26 w=4.6417445850e+36 Shat=1.4436390000e+03 Lhat=0.0000000000e+00
KNUTH_SUBTREE root=7433 depth=26 w=2.6078911379e+36 Shat=1.3678660000e+03 Lhat=0.0000000000e+00
KNUTH_SUBTREE root=7434 depth=26 w=1.9839016159e+37 Shat=2.3924330000e+03 Lhat=0.0000000000e+00
KNUTH_SUBTREE root=7435 depth=26 w=6.1555516898e+36 Shat=1.5055590000e+03 Lhat=0.0000000000e+00
KNUTH_SUBTREE root=7436 depth=26 w=1.6877821072e+36 Shat=3.8920000000e+01 Lhat=0.0000000000e+00
KNUTH_SUBTREE root=7437 depth=26 w=2.8491639784e+37 Shat=1.9822400000e+02 Lhat=0.0000000000e+00
KNUTH_SUBTREE root=7438 depth=26 w=9.9549154001e+36 Shat=6.0704800000e+02 Lhat=0.0000000000e+00
KNUTH_SUBTREE root=7439 depth=26 w=1.2757096974e+37 Shat=1.0000000000e+01 Lhat=0.0000000000e+00
KNUTH_SUBTREE root=7440 depth=26 w=3.4517638077e+36 Shat=3.9476440000e+03 Lhat=0.0000000000e+00
KNUTH_SUBTREE root=7441 depth=26 w=3.2112590432e+37 Shat=1.4726020000e+03 Lhat=0.0000000000e+00
KNUTH_SUBTREE root=7442 depth=26 w=3.3147385652e+36 Shat=5.1676800000e+02 Lhat=0.0000000000e+00
KNUTH_SUBTREE root=7443 depth=26 w=5.6994107400e+36 Shat=1.8511600000e+02 Lhat=0.0000000000e+00
KNUTH_SUBTREE root=7444 depth=26 w=1.0050591518e+35 Shat=3.0000000000e+00 Lhat=0.0000000000e+00
KNUTH_SUBTREE root=7445 depth=26 w=3.5952957979e+36 Shat=3.6328900000e+03 Lhat=0.0000000000e+00
KNUTH_SUBTREE root=7446 depth=26 w=2.3459074473e+35 Shat=1.1282400000e+02 Lhat=0.0000000000e+00
KNUTH_SUBTREE root=7447 depth=26 w=2.0388371902e+37 Shat=2.2065000000e+01 Lhat=0.0000000000e+00
KNUTH_SUBTREE root=7448 depth=26 w=3.3418546322e+36 Shat=1.3271200000e+03 Lhat=0.0000000000e+00
KNUTH_SUBTREE root=7449 depth=26 w=1.0390589565e+37 Shat=8.3251200000e+03 Lhat=0.0000000000e+00
KNUTH_SUBTREE root=7450 depth=26 w=5.7367571497e+36 Shat=8.0750000000e+03 Lhat=0.0000000000e+00
KNUTH_SUBTREE root=7451 depth=26 w=1.9621419572e+37 Shat=9.3703500000e+03 Lhat=0.0000000000e+00
KNUTH_SUBTREE root=7452 depth=26 w=2.6712662612e+37 Shat=2.0837000000e+02 Lhat=0.0000000000e+00
KNUTH_SUBTREE root=7453 depth=26 w=5.8392505402e+36 Shat=4.9562000000e+03 Lhat=0.0000000000e+00
KNUTH_SUBTREE root=7454 depth=26 w=3.9268331647e+36 Shat=3.0391480000e+03 Lhat=0.0000000000e+00
KNUTH_SUBTREE root=7455 depth=26 w=2.7508650749e+36 Shat=2.0809000000e+02 Lhat=0.0000000000e+00
KNUTH_SUBTREE root=7456 depth=26 w=1.2072064356e+37 Shat=1.9133000000e+02 Lhat=0.0000000000e+00
KNUTH_SUBTREE root=7457 depth=26 w=8.5466571132e+36 Shat=4.9201600000e+02 Lhat=0.0000000000e+00
KNUTH_SUBTREE root=7458 depth=26 w=3.0466969469e+36 Shat=6.1605000000e+02 Lhat=0.0000000000e+00
KNUTH_SUBTREE root=7459 depth=26 w=4.7965711130e+36 Shat=2.7794890000e+03 Lhat=0.0000000000e+00
KNUTH_SUBTREE root=7460 depth=26 w=2.7285190469e+37 Shat=2.8658200000e+03 Lhat=0.0000000000e+00
KNUTH_SUBTREE root=7461 depth=26 w=1.6405498200e+37 Shat=4.0000000000e+00 Lhat=0.0000000000e+00
KNUTH_SUBTREE root=7462 depth=26 w=1.3741392986e+37 Shat=2.7152800000e+02 Lhat=0.0000000000e+00
KNUTH_SUBTREE root=7463 depth=26 w=7.6598130071e+36 Shat=3.3556600000e+02 Lhat=0.0000000000e+00
KNUTH_SUBTREE root=7464 depth=26 w=1.1609013281e+37 Shat=1.4378300000e+03 Lhat=0.0000000000e+00
KNUTH_SUBTREE root=7465 depth=26 w=2.7787336763e+37 Shat=1.2760660000e+03 Lhat=0.0000000000e+00
KNUTH_SUBTREE root=7466 depth=26 w=7.6102703882e+36 Shat=1.9152910000e+03 Lhat=0.0000000000e+00
KNUTH_SUBTREE root=7467 depth=26 w=7.2105878421e+36 Shat=4.1980000000e+01 Lhat=0.0000000000e+00
KNUTH_SUBTREE root=7468 depth=26 w=4.6567685897e+36 Shat=1.2519800000e+03 Lhat=0.0000000000e+00
KNUTH_SUBTREE root=7469 depth=26 w=2.6345877365e+37 Shat=3.3385000000e+03 Lhat=0.0000000000e+00
KNUTH_SUBTREE root=7470 depth=26 w=1.7925332491e+37 Shat=3.0629200000e+03 Lhat=0.0000000000e+00
KNUTH_SUBTREE root=7471 depth=26 w=1.2481983473e+37 Shat=6.3699000000e+01 Lhat=0.0000000000e+00
KNUTH_SUBTREE root=7472 depth=26 w=9.6042816796e+36 Shat=3.0316800000e+03 Lhat=0.0000000000e+00
KNUTH_SUBTREE root=7473 depth=26 w=5.7366017140e+36 Shat=9.7687600000e+02 Lhat=0.0000000000e+00
KNUTH_SUBTREE root=7474 depth=26 w=7.0472066059e+36 Shat=1.2011680000e+03 Lhat=0.0000000000e+00
KNUTH_SUBTREE root=7475 depth=26 w=4.6283999443e+36 Shat=4.0000000000e+00 Lhat=0.0000000000e+00
KNUTH_SUBTREE root=7476 depth=26 w=5.0743993023e+36 Shat=3.9059000000e+03 Lhat=0.0000000000e+00
KNUTH_SUBTREE root=7477 depth=26 w=3.2750608753e+36 Shat=1.0776000000e+01 Lhat=0.0000000000e+00
KNUTH_SUBTREE root=7478 depth=26 w=2.2579762255e+37 Shat=4.4277200000e+03 Lhat=0.0000000000e+00
KNUTH_SUBTREE root=7479 depth=26 w=3.1125612867e+37 Shat=4.6572120000e+03 Lhat=0.0000000000e+00
KNUTH_SUBTREE root=7480 depth=26 w=1.2470730734e+37 Shat=2.5153800000e+03 Lhat=0.0000000000e+00
KNUTH_SUBTREE root=7481 depth=26 w=8.3988215536e+36 Shat=3.9128000000e+01 Lhat=0.0000000000e+00
KNUTH_SUBTREE root=7482 depth=26 w=8.3647205245e+35 Shat=1.0000000000e+00 Lhat=0.0000000000e+00
KNUTH_SUBTREE root=7483 depth=26 w=2.6577502035e+36 Shat=2.0552800000e+02 Lhat=0.0000000000e+00
KNUTH_SUBTREE root=7484 depth=26 w=2.4529269846e+36 Shat=1.4134000000e+01 Lhat=0.0000000000e+00
KNUTH_SUBTREE root=7485 depth=26 w=1.5067079677e+37 Shat=2.6578400000e+02 Lhat=0.0000000000e+00
KNUTH_SUBTREE root=7486 depth=26 w=3.8870944833e+36 Shat=2.3867120000e+03 Lhat=0.0000000000e+00
KNUTH_SUBTREE root=7487 depth=26 w=2.7208984090e+37 Shat=1.5187800000e+03 Lhat=0.0000000000e+00
KNUTH_SUBTREE root=7488 depth=26 w=3.0376946395e+36 Shat=7.3738050000e+03 Lhat=0.0000000000e+00
KNUTH_SUBTREE root=7489 depth=26 w=3.1511601507e+37 Shat=2.4194500000e+02 Lhat=0.0000000000e+00
KNUTH_SUBTREE root=7490 depth=26 w=8.7575854805e+36 Shat=1.5482100000e+03 Lhat=0.0000000000e+00
KNUTH_SUBTREE root=7491 depth=26 w=2.1325417073e+37 Shat=7.8867000000e+02 Lhat=0.0000000000e+00
KNUTH_SUBTREE root=7492 depth=26 w=1.3620125867e+37 Shat=1.6952200000e+03 Lhat=0.0000000000e+00
KNUTH_SUBTREE root=7493 depth=26 w=3.2748501474e+37 Shat=9.6207530000e+03 Lhat=0.0000000000e+00
KNUTH_SUBTREE root=7494 depth=26 w=8.8645460195e+36 Shat=1.8488800000e+03 Lhat=0.0000000000e+00
KNUTH_SUBTREE root=7495 depth=26 w=6.8374211445e+36 Shat=1.0885600000e+02 Lhat=0.0000000000e+00
KNUTH_SUBTREE root=7496 depth=26 w=1.3751026647e+37 Shat=2.1091000000e+01 Lhat=0.0000000000e+00
KNUTH_SUBTREE root=7497 depth=26 w=4.8893963252e+36 Shat=7.1897270000e+03 Lhat=0.0000000000e+00
KNUTH_SUBTREE root=7498 depth=26 w=2.4092271108e+36 Shat=1.7373200000e+03 Lhat=0.0000000000e+00
KNUTH_SUBTREE root=7499 depth=26 w=3.7673893417e+36 Shat=2.6928000000e+01 Lhat=0.0000000000e+00
KNUTH_SUBTREE root=7500 depth=26 w=1.3989976104e+37 Shat=1.0242000000e+02 Lhat=0.0000000000e+00
KNUTH_SUBTREE root=7501 depth=26 w=1.0724142726e+37 Shat=4.7657200000e+03 Lhat=0.0000000000e+00
KNUTH_SUBTREE root=7502 depth=26 w=6.0646495705e+36 Shat=1.7000000000e+01 Lhat=0.0000000000e+00
KNUTH_SUBTREE root=7503 depth=26 w=4.3387323524e+36 Shat=1.5223200000e+03 Lhat=0.0000000000e+00
KNUTH_SUBTREE root=7504 depth=26 w=6.8296962506e+36 Shat=9.4300000000e+01 Lhat=0.0000000000e+00
KNUTH_SUBTREE root=7505 depth=26 w=1.8771906758e+37 Shat=1.1599900000e+03 Lhat=0.0000000000e+00
KNUTH_SUBTREE root=7506 depth=26 w=7.8776096117e+36 Shat=3.4599280000e+03 Lhat=1.8345600000e+02
KNUTH_SUBTREE root=7507 depth=26 w=1.5000039261e+37 Shat=8.3210000000e+02 Lhat=0.0000000000e+00
KNUTH_SUBTREE root=7508 depth=26 w=3.9394234591e+36 Shat=5.8820000000e+01 Lhat=0.0000000000e+00
KNUTH_SUBTREE root=7509 depth=26 w=4.0420081692e+36 Shat=5.8920000000e+01 Lhat=0.0000000000e+00
KNUTH_SUBTREE root=7510 depth=26 w=3.6559150118e+36 Shat=5.7402040000e+03 Lhat=2.4160800000e+02
KNUTH_SUBTREE root=7511 depth=26 w=9.8588844433e+36 Shat=2.4011600000e+03 Lhat=0.0000000000e+00
KNUTH_SUBTREE root=7512 depth=26 w=2.1248634216e+37 Shat=4.0000000000e+00 Lhat=0.0000000000e+00
KNUTH_SUBTREE root=7513 depth=26 w=2.8261183245e+37 Shat=3.5429890000e+03 Lhat=0.0000000000e+00
KNUTH_SUBTREE root=7514 depth=26 w=4.0010275752e+36 Shat=5.7587080000e+03 Lhat=0.0000000000e+00
KNUTH_SUBTREE root=7515 depth=26 w=6.5660285198e+36 Shat=2.3008000000e+01 Lhat=0.0000000000e+00
KNUTH_SUBTREE root=7516 depth=26 w=6.2101367578e+36 Shat=1.4593000000e+03 Lhat=0.0000000000e+00
KNUTH_SUBTREE root=7517 depth=26 w=5.5988962320e+36 Shat=5.1778310000e+03 Lhat=0.0000000000e+00
KNUTH_SUBTREE root=7518 depth=26 w=2.2867486909e+36 Shat=4.6974830000e+03 Lhat=0.0000000000e+00
KNUTH_SUBTREE root=7519 depth=26 w=2.5706276584e+37 Shat=3.0028000000e+01 Lhat=0.0000000000e+00
KNUTH_SUBTREE root=7520 depth=26 w=7.4991110067e+36 Shat=5.9884000000e+02 Lhat=0.0000000000e+00
KNUTH_SUBTREE root=7521 depth=26 w=1.6701010833e+37 Shat=4.9380000000e+02 Lhat=0.0000000000e+00
KNUTH_SUBTREE root=7522 depth=26 w=2.3857300773e+36 Shat=3.7430100000e+03 Lhat=0.0000000000e+00
KNUTH_SUBTREE root=7523 depth=26 w=8.1617599960e+36 Shat=8.3332000000e+02 Lhat=0.0000000000e+00
KNUTH_SUBTREE root=7524 depth=26 w=1.6437827521e+37 Shat=2.2483000000e+01 Lhat=0.0000000000e+00
KNUTH_SUBTREE root=7525 depth=26 w=8.8634005482e+35 Shat=7.9000000000e+01 Lhat=0.0000000000e+00
KNUTH_SUBTREE root=7526 depth=26 w=7.7625941312e+36 Shat=2.7453600000e+03 Lhat=0.0000000000e+00
KNUTH_SUBTREE root=7527 depth=26 w=2.8596978638e+36 Shat=1.7235280000e+03 Lhat=0.0000000000e+00
KNUTH_SUBTREE root=7528 depth=26 w=1.8121058764e+36 Shat=2.9959000000e+01 Lhat=0.0000000000e+00
KNUTH_SUBTREE root=7529 depth=26 w=1.7488235008e+36 Shat=3.0055200000e+02 Lhat=0.0000000000e+00
KNUTH_SUBTREE root=7530 depth=26 w=5.0477600317e+36 Shat=5.0060000000e+01 Lhat=0.0000000000e+00
KNUTH_SUBTREE root=7531 depth=26 w=1.6674901289e+36 Shat=4.3717600000e+03 Lhat=0.0000000000e+00
KNUTH_SUBTREE root=7532 depth=26 w=1.9691952142e+36 Shat=1.0000000000e+00 Lhat=0.0000000000e+00
KNUTH_SUBTREE root=7533 depth=26 w=3.8820744000e+36 Shat=4.0000000000e+00 Lhat=0.0000000000e+00
KNUTH_SUBTREE root=7534 depth=26 w=1.9956877865e+35 Shat=3.0000000000e+00 Lhat=0.0000000000e+00
KNUTH_SUBTREE root=7535 depth=26 w=3.0909703640e+36 Shat=6.0632000000e+01 Lhat=0.0000000000e+00
KNUTH_SUBTREE root=7536 depth=26 w=4.0256721782e+36 Shat=2.0393000000e+03 Lhat=0.0000000000e+00
KNUTH_SUBTREE root=7537 depth=26 w=1.0825572719e+36 Shat=2.0000000000e+00 Lhat=0.0000000000e+00
KNUTH_SUBTREE root=7538 depth=26 w=3.3551029637e+37 Shat=3.9981140000e+03 Lhat=0.0000000000e+00
KNUTH_SUBTREE root=7539 depth=26 w=0 Shat=0 Lhat=0 dead=1
KNUTH_SUBTREE root=7540 depth=26 w=1.7806357700e+36 Shat=1.3466100000e+03 Lhat=0.0000000000e+00
KNUTH_SUBTREE root=7541 depth=26 w=5.7166802608e+36 Shat=7.8638600000e+02 Lhat=0.0000000000e+00
KNUTH_SUBTREE root=7542 depth=26 w=3.4951425529e+37 Shat=4.5897400000e+02 Lhat=0.0000000000e+00
KNUTH_SUBTREE root=7543 depth=26 w=5.1517967088e+36 Shat=1.5100570000e+03 Lhat=0.0000000000e+00
KNUTH_SUBTREE root=7544 depth=26 w=2.3862542426e+36 Shat=3.9864000000e+01 Lhat=0.0000000000e+00
KNUTH_SUBTREE root=7545 depth=26 w=1.4113048144e+37 Shat=1.5515800000e+03 Lhat=0.0000000000e+00
KNUTH_SUBTREE root=7546 depth=26 w=6.2248322864e+36 Shat=4.1702800000e+02 Lhat=0.0000000000e+00
KNUTH_SUBTREE root=7547 depth=26 w=2.5060453182e+36 Shat=1.3000000000e+01 Lhat=0.0000000000e+00
KNUTH_SUBTREE root=7548 depth=26 w=2.5896535563e+37 Shat=2.1520240000e+03 Lhat=0.0000000000e+00
KNUTH_SUBTREE root=7549 depth=26 w=3.1968080793e+36 Shat=6.3992600000e+03 Lhat=0.0000000000e+00
KNUTH_SUBTREE root=7550 depth=26 w=3.5339129126e+36 Shat=2.1795000000e+01 Lhat=0.0000000000e+00
KNUTH_SUBTREE root=7551 depth=26 w=1.6007931558e+37 Shat=2.3340000000e+02 Lhat=0.0000000000e+00
KNUTH_SUBTREE root=7552 depth=26 w=4.7961086138e+36 Shat=1.0913950000e+03 Lhat=0.0000000000e+00
KNUTH_SUBTREE root=7553 depth=26 w=1.4643645544e+36 Shat=4.4630000000e+02 Lhat=0.0000000000e+00
KNUTH_SUBTREE root=7554 depth=26 w=7.3364537102e+35 Shat=3.0000000000e+00 Lhat=0.0000000000e+00
KNUTH_SUBTREE root=7555 depth=26 w=4.3099495866e+36 Shat=1.5239200000e+02 Lhat=0.0000000000e+00
KNUTH_SUBTREE root=7556 depth=26 w=4.5567736123e+36 Shat=1.0000000000e+00 Lhat=0.0000000000e+00
KNUTH_SUBTREE root=7557 depth=26 w=4.0525122388e+36 Shat=2.3976800000e+02 Lhat=0.0000000000e+00
KNUTH_SUBTREE root=7558 depth=26 w=2.8687274319e+37 Shat=1.5620300000e+03 Lhat=0.0000000000e+00
KNUTH_SUBTREE root=7559 depth=26 w=2.7924321179e+36 Shat=6.1917600000e+02 Lhat=0.0000000000e+00
KNUTH_SUBTREE root=7560 depth=26 w=6.5512614451e+36 Shat=1.7348900000e+03 Lhat=0.0000000000e+00
KNUTH_SUBTREE root=7561 depth=26 w=1.4120754610e+37 Shat=1.1430200000e+02 Lhat=0.0000000000e+00
KNUTH_SUBTREE root=7562 depth=26 w=1.6467120931e+36 Shat=4.8740000000e+01 Lhat=0.0000000000e+00
KNUTH_SUBTREE root=7563 depth=26 w=9.5958801612e+36 Shat=2.3198600000e+03 Lhat=0.0000000000e+00
KNUTH_SUBTREE root=7564 depth=26 w=1.0760068900e+37 Shat=2.0788240000e+03 Lhat=1.0998400000e+02
KNUTH_SUBTREE root=7565 depth=26 w=1.3497251856e+37 Shat=7.3516000000e+01 Lhat=0.0000000000e+00
KNUTH_SUBTREE root=7566 depth=26 w=6.5933814871e+36 Shat=6.2304800000e+02 Lhat=0.0000000000e+00
KNUTH_SUBTREE root=7567 depth=26 w=1.6890525918e+37 Shat=5.2434680000e+03 Lhat=0.0000000000e+00
KNUTH_SUBTREE root=7568 depth=26 w=7.1847979684e+36 Shat=1.1522200000e+03 Lhat=0.0000000000e+00
KNUTH_SUBTREE root=7569 depth=26 w=2.8704701906e+37 Shat=4.0685910000e+03 Lhat=0.0000000000e+00
KNUTH_SUBTREE root=7570 depth=26 w=3.1671311142e+37 Shat=3.3645500000e+02 Lhat=0.0000000000e+00
KNUTH_SUBTREE root=7571 depth=26 w=1.4620496383e+36 Shat=1.0000000000e+00 Lhat=0.0000000000e+00
KNUTH_SUBTREE root=7572 depth=26 w=5.3386604536e+36 Shat=7.2486030000e+03 Lhat=0.0000000000e+00
KNUTH_SUBTREE root=7573 depth=26 w=2.5480072619e+37 Shat=3.2326600000e+02 Lhat=0.0000000000e+00
KNUTH_SUBTREE root=7574 depth=26 w=3.0564643546e+36 Shat=1.0000000000e+00 Lhat=0.0000000000e+00
KNUTH_SUBTREE root=7575 depth=26 w=4.7471254282e+36 Shat=1.0453300000e+02 Lhat=0.0000000000e+00
KNUTH_SUBTREE root=7576 depth=26 w=3.4767550883e+36 Shat=5.7428130000e+03 Lhat=0.0000000000e+00
KNUTH_SUBTREE root=7577 depth=26 w=4.4400903983e+36 Shat=6.2644000000e+01 Lhat=0.0000000000e+00
KNUTH_SUBTREE root=7578 depth=26 w=3.4834969827e+36 Shat=5.8061800000e+03 Lhat=0.0000000000e+00
KNUTH_SUBTREE root=7579 depth=26 w=2.8529251851e+36 Shat=2.9136040000e+03 Lhat=0.0000000000e+00
KNUTH_SUBTREE root=7580 depth=26 w=3.2631443215e+36 Shat=1.4073400000e+02 Lhat=0.0000000000e+00
KNUTH_SUBTREE root=7581 depth=26 w=3.2455665822e+36 Shat=3.3992600000e+02 Lhat=0.0000000000e+00
KNUTH_SUBTREE root=7582 depth=26 w=2.2724971494e+36 Shat=3.3200200000e+03 Lhat=0.0000000000e+00
KNUTH_SUBTREE root=7583 depth=26 w=3.5004203688e+36 Shat=1.7656030000e+03 Lhat=0.0000000000e+00
KNUTH_SUBTREE root=7584 depth=26 w=3.2007414198e+37 Shat=1.9852130000e+03 Lhat=0.0000000000e+00
KNUTH_SUBTREE root=7585 depth=26 w=2.0595248646e+37 Shat=1.6343500000e+02 Lhat=0.0000000000e+00
KNUTH_SUBTREE root=7586 depth=26 w=6.1558315141e+36 Shat=9.6719500000e+02 Lhat=0.0000000000e+00
KNUTH_SUBTREE root=7587 depth=26 w=4.3701571036e+36 Shat=7.6976200000e+02 Lhat=0.0000000000e+00
KNUTH_SUBTREE root=7588 depth=26 w=6.6911703600e+36 Shat=5.6770000000e+01 Lhat=0.0000000000e+00
KNUTH_SUBTREE root=7589 depth=26 w=2.9155275590e+37 Shat=4.1244520000e+03 Lhat=3.9374400000e+02
KNUTH_SUBTREE root=7590 depth=26 w=1.6835842454e+36 Shat=1.5335000000e+03 Lhat=0.0000000000e+00
KNUTH_SUBTREE root=7591 depth=26 w=2.4689054254e+36 Shat=1.2129200000e+02 Lhat=0.0000000000e+00
KNUTH_SUBTREE root=7592 depth=26 w=1.7359067169e+37 Shat=1.8046000000e+02 Lhat=0.0000000000e+00
KNUTH_SUBTREE root=7593 depth=26 w=8.7104768354e+36 Shat=5.8250000000e+02 Lhat=0.0000000000e+00
KNUTH_SUBTREE root=7594 depth=26 w=2.6601291432e+37 Shat=1.3528540000e+03 Lhat=0.0000000000e+00
KNUTH_SUBTREE root=7595 depth=26 w=1.0166263518e+37 Shat=9.7552000000e+01 Lhat=0.0000000000e+00
KNUTH_SUBTREE root=7596 depth=26 w=7.0679533463e+36 Shat=4.5824300000e+03 Lhat=0.0000000000e+00
KNUTH_SUBTREE root=7597 depth=26 w=1.9987175219e+37 Shat=4.5099000000e+01 Lhat=0.0000000000e+00
KNUTH_SUBTREE root=7598 depth=26 w=5.4017883371e+36 Shat=2.2000000000e+01 Lhat=0.0000000000e+00
KNUTH_SUBTREE root=7599 depth=26 w=4.2392046979e+36 Shat=3.0000000000e+00 Lhat=0.0000000000e+00
KNUTH_SUBTREE root=7600 depth=26 w=3.2136376226e+36 Shat=3.6919900000e+03 Lhat=0.0000000000e+00
KNUTH_SUBTREE root=7601 depth=26 w=4.0726527712e+36 Shat=2.2168900000e+02 Lhat=0.0000000000e+00
KNUTH_SUBTREE root=7602 depth=26 w=1.2702462795e+37 Shat=1.5913000000e+01 Lhat=0.0000000000e+00
KNUTH_SUBTREE root=7603 depth=26 w=1.0846816637e+37 Shat=2.3779840000e+03 Lhat=0.0000000000e+00
KNUTH_SUBTREE root=7604 depth=26 w=2.7977598600e+34 Shat=4.0000000000e+00 Lhat=0.0000000000e+00
KNUTH_SUBTREE root=7605 depth=26 w=9.5678599482e+36 Shat=1.9594480000e+03 Lhat=0.0000000000e+00
KNUTH_SUBTREE root=7606 depth=26 w=1.8217312315e+37 Shat=8.4596000000e+02 Lhat=5.2240000000e+01
KNUTH_SUBTREE root=7607 depth=26 w=6.9966592619e+36 Shat=2.4690960000e+03 Lhat=0.0000000000e+00
KNUTH_SUBTREE root=7608 depth=26 w=4.1174936567e+36 Shat=7.9036000000e+01 Lhat=0.0000000000e+00
KNUTH_SUBTREE root=7609 depth=26 w=1.4246403298e+36 Shat=3.0000000000e+00 Lhat=0.0000000000e+00
KNUTH_SUBTREE root=7610 depth=26 w=3.3376862579e+36 Shat=2.5230400000e+02 Lhat=0.0000000000e+00
KNUTH_SUBTREE root=7611 depth=26 w=1.6049905061e+37 Shat=5.8475800000e+02 Lhat=0.0000000000e+00
KNUTH_SUBTREE root=7612 depth=26 w=4.9073547075e+36 Shat=7.9460000000e+01 Lhat=0.0000000000e+00
KNUTH_SUBTREE root=7613 depth=26 w=7.2671366523e+36 Shat=2.7105000000e+01 Lhat=0.0000000000e+00
KNUTH_SUBTREE root=7614 depth=26 w=4.0397998144e+36 Shat=7.9000000000e+01 Lhat=0.0000000000e+00
KNUTH_SUBTREE root=7615 depth=26 w=1.4588389303e+37 Shat=7.3459200000e+02 Lhat=0.0000000000e+00
KNUTH_SUBTREE root=7616 depth=26 w=1.1887549452e+37 Shat=4.6192500000e+02 Lhat=0.0000000000e+00
KNUTH_SUBTREE root=7617 depth=26 w=2.3794322596e+37 Shat=1.5137600000e+02 Lhat=0.0000000000e+00
KNUTH_SUBTREE root=7618 depth=26 w=2.9635756459e+37 Shat=6.1978000000e+02 Lhat=0.0000000000e+00
KNUTH_SUBTREE root=7619 depth=26 w=3.1643234042e+37 Shat=2.7350200000e+03 Lhat=0.0000000000e+00
KNUTH_SUBTREE root=7620 depth=26 w=1.1249393059e+37 Shat=4.4584400000e+03 Lhat=0.0000000000e+00
KNUTH_SUBTREE root=7621 depth=26 w=3.1861151887e+36 Shat=8.4876400000e+02 Lhat=0.0000000000e+00
KNUTH_SUBTREE root=7622 depth=26 w=2.1319011215e+36 Shat=2.9428600000e+02 Lhat=0.0000000000e+00
KNUTH_SUBTREE root=7623 depth=26 w=8.1533290377e+36 Shat=6.9971000000e+02 Lhat=0.0000000000e+00
KNUTH_SUBTREE root=7624 depth=26 w=4.4096245473e+35 Shat=2.3071000000e+01 Lhat=0.0000000000e+00
KNUTH_SUBTREE root=7625 depth=26 w=3.3988539545e+36 Shat=4.4536000000e+01 Lhat=0.0000000000e+00
KNUTH_SUBTREE root=7626 depth=26 w=8.3254454021e+35 Shat=7.9000000000e+01 Lhat=0.0000000000e+00
KNUTH_SUBTREE root=7627 depth=26 w=5.2182736817e+36 Shat=4.5148160000e+03 Lhat=0.0000000000e+00
KNUTH_SUBTREE root=7628 depth=26 w=1.2063013612e+36 Shat=9.0910000000e+00 Lhat=0.0000000000e+00
KNUTH_SUBTREE root=7629 depth=26 w=1.7536559427e+36 Shat=8.0120000000e+00 Lhat=0.0000000000e+00
KNUTH_SUBTREE root=7630 depth=26 w=3.2168182533e+37 Shat=6.4196000000e+01 Lhat=0.0000000000e+00
KNUTH_SUBTREE root=7631 depth=26 w=7.1111655914e+36 Shat=3.8130000000e+01 Lhat=0.0000000000e+00
KNUTH_SUBTREE root=7632 depth=26 w=4.2256724128e+36 Shat=1.2090700000e+02 Lhat=0.0000000000e+00
KNUTH_SUBTREE root=7633 depth=26 w=2.3029102665e+37 Shat=3.8803900000e+03 Lhat=0.0000000000e+00
KNUTH_SUBTREE root=7634 depth=26 w=4.1059704473e+36 Shat=9.6416000000e+02 Lhat=0.0000000000e+00
KNUTH_SUBTREE root=7635 depth=26 w=8.0501169258e+36 Shat=6.7738000000e+01 Lhat=0.0000000000e+00
KNUTH_SUBTREE root=7636 depth=26 w=2.2014840280e+37 Shat=1.3355000000e+02 Lhat=0.0000000000e+00
KNUTH_SUBTREE root=7637 depth=26 w=1.4435908859e+36 Shat=1.3000000000e+01 Lhat=0.0000000000e+00
KNUTH_SUBTREE root=7638 depth=26 w=3.8205011069e+36 Shat=1.2090960000e+03 Lhat=0.0000000000e+00
KNUTH_SUBTREE root=7639 depth=26 w=2.1574581962e+37 Shat=4.3345440000e+03 Lhat=0.0000000000e+00
KNUTH_SUBTREE root=7640 depth=26 w=1.2918758722e+36 Shat=4.0000000000e+00 Lhat=0.0000000000e+00
KNUTH_SUBTREE root=7641 depth=26 w=6.7175481164e+36 Shat=3.5082500000e+02 Lhat=0.0000000000e+00
KNUTH_SUBTREE root=7642 depth=26 w=1.1513075103e+37 Shat=3.7790800000e+02 Lhat=0.0000000000e+00
KNUTH_SUBTREE root=7643 depth=26 w=7.4430447841e+36 Shat=1.7874150000e+03 Lhat=0.0000000000e+00
KNUTH_SUBTREE root=7644 depth=26 w=4.0465244638e+36 Shat=7.0892200000e+02 Lhat=0.0000000000e+00
KNUTH_SUBTREE root=7645 depth=26 w=6.1620207489e+36 Shat=1.3803940000e+03 Lhat=0.0000000000e+00
KNUTH_SUBTREE root=7646 depth=26 w=1.5455768421e+37 Shat=3.4754000000e+02 Lhat=0.0000000000e+00
KNUTH_SUBTREE root=7647 depth=26 w=3.8957019760e+36 Shat=8.5719000000e+02 Lhat=0.0000000000e+00
KNUTH_SUBTREE root=7648 depth=26 w=1.3794168455e+36 Shat=8.8696000000e+01 Lhat=0.0000000000e+00
KNUTH_SUBTREE root=7649 depth=26 w=2.1742496212e+37 Shat=2.4861600000e+02 Lhat=0.0000000000e+00
KNUTH_SUBTREE root=7650 depth=26 w=4.5276954935e+36 Shat=6.0322780000e+03 Lhat=0.0000000000e+00
KNUTH_SUBTREE root=7651 depth=26 w=1.0843921518e+37 Shat=4.5320980000e+03 Lhat=0.0000000000e+00
KNUTH_SUBTREE root=7652 depth=26 w=1.1161415828e+37 Shat=3.4331680000e+03 Lhat=0.0000000000e+00
KNUTH_SUBTREE root=7653 depth=26 w=2.6528274191e+36 Shat=7.9000000000e+01 Lhat=0.0000000000e+00
KNUTH_SUBTREE root=7654 depth=26 w=2.6525494976e+37 Shat=1.6858700000e+03 Lhat=0.0000000000e+00
KNUTH_SUBTREE root=7655 depth=26 w=7.2867562044e+36 Shat=3.6429600000e+02 Lhat=0.0000000000e+00
KNUTH_SUBTREE root=7656 depth=26 w=6.2397927801e+36 Shat=6.6924000000e+02 Lhat=0.0000000000e+00
KNUTH_SUBTREE root=7657 depth=26 w=3.7719326661e+36 Shat=7.9009120000e+03 Lhat=0.0000000000e+00
KNUTH_SUBTREE root=7658 depth=26 w=5.3245944308e+35 Shat=5.0000000000e+00 Lhat=0.0000000000e+00
KNUTH_SUBTREE root=7659 depth=26 w=7.8234621858e+36 Shat=1.7618680000e+03 Lhat=0.0000000000e+00
KNUTH_SUBTREE root=7660 depth=26 w=3.7146888888e+36 Shat=6.0000000000e+00 Lhat=0.0000000000e+00
KNUTH_SUBTREE root=7661 depth=26 w=8.3412902162e+36 Shat=2.0740000000e+01 Lhat=0.0000000000e+00
KNUTH_SUBTREE root=7662 depth=26 w=2.4594308289e+37 Shat=6.6461000000e+01 Lhat=0.0000000000e+00
KNUTH_SUBTREE root=7663 depth=26 w=9.7441443107e+35 Shat=6.7704000000e+01 Lhat=0.0000000000e+00
KNUTH_SUBTREE root=7664 depth=26 w=2.8509806361e+37 Shat=1.6761790000e+03 Lhat=0.0000000000e+00
KNUTH_SUBTREE root=7665 depth=26 w=2.8879212902e+37 Shat=6.1992000000e+02 Lhat=0.0000000000e+00
KNUTH_SUBTREE root=7666 depth=26 w=1.1020681995e+37 Shat=7.2624800000e+02 Lhat=0.0000000000e+00
KNUTH_SUBTREE root=7667 depth=26 w=1.3224174813e+37 Shat=1.1964000000e+01 Lhat=0.0000000000e+00
KNUTH_SUBTREE root=7668 depth=26 w=2.1470881881e+37 Shat=6.9176900000e+03 Lhat=0.0000000000e+00
KNUTH_SUBTREE root=7669 depth=26 w=3.2001135598e+36 Shat=3.4445940000e+03 Lhat=0.0000000000e+00
KNUTH_SUBTREE root=7670 depth=26 w=2.5930556774e+37 Shat=3.4040000000e+01 Lhat=0.0000000000e+00
KNUTH_SUBTREE root=7671 depth=26 w=5.7264956253e+36 Shat=1.0625500000e+03 Lhat=0.0000000000e+00
KNUTH_SUBTREE root=7672 depth=26 w=2.5320130712e+37 Shat=5.6545710000e+03 Lhat=0.0000000000e+00
KNUTH_SUBTREE root=7673 depth=26 w=4.2516332711e+36 Shat=8.0621800000e+03 Lhat=7.9680000000e+01
KNUTH_SUBTREE root=7674 depth=26 w=3.3842168343e+36 Shat=4.7464800000e+02 Lhat=0.0000000000e+00
KNUTH_SUBTREE root=7675 depth=26 w=2.0781375405e+37 Shat=6.4693300000e+03 Lhat=0.0000000000e+00
KNUTH_SUBTREE root=7676 depth=26 w=2.6396382812e+36 Shat=9.3183880000e+03 Lhat=0.0000000000e+00
KNUTH_SUBTREE root=7677 depth=26 w=2.7732359158e+37 Shat=5.0438900000e+03 Lhat=0.0000000000e+00
KNUTH_SUBTREE root=7678 depth=26 w=6.2074691817e+36 Shat=1.0689060000e+03 Lhat=0.0000000000e+00
KNUTH_SUBTREE root=7679 depth=26 w=5.0163436129e+36 Shat=2.4123300000e+03 Lhat=0.0000000000e+00
KNUTH_SUBTREE root=7680 depth=26 w=1.9299421749e+36 Shat=5.3601600000e+02 Lhat=0.0000000000e+00
KNUTH_SUBTREE root=7681 depth=26 w=1.3344638729e+37 Shat=9.5318200000e+02 Lhat=0.0000000000e+00
KNUTH_SUBTREE root=7682 depth=26 w=1.3883269258e+37 Shat=9.0160000000e+00 Lhat=0.0000000000e+00
KNUTH_SUBTREE root=7683 depth=26 w=3.0791354466e+37 Shat=1.0532320000e+03 Lhat=0.0000000000e+00
KNUTH_SUBTREE root=7684 depth=26 w=5.0392278468e+35 Shat=3.9090700000e+02 Lhat=0.0000000000e+00
KNUTH_SUBTREE root=7685 depth=26 w=2.1597491815e+37 Shat=1.0843840000e+03 Lhat=0.0000000000e+00
KNUTH_SUBTREE root=7686 depth=26 w=2.5764388960e+36 Shat=2.7561250000e+03 Lhat=0.0000000000e+00
KNUTH_SUBTREE root=7687 depth=26 w=3.1491783413e+36 Shat=3.2796900000e+03 Lhat=0.0000000000e+00
KNUTH_SUBTREE root=7688 depth=26 w=1.1520519883e+37 Shat=2.5422400000e+02 Lhat=0.0000000000e+00
KNUTH_SUBTREE root=7689 depth=26 w=8.7889842860e+36 Shat=1.8817530000e+03 Lhat=0.0000000000e+00
KNUTH_SUBTREE root=7690 depth=26 w=8.3176455212e+36 Shat=2.3544960000e+03 Lhat=0.0000000000e+00
KNUTH_SUBTREE root=7691 depth=26 w=7.9366362788e+36 Shat=4.0125400000e+02 Lhat=0.0000000000e+00
KNUTH_SUBTREE root=7692 depth=26 w=1.4232574688e+37 Shat=1.9776600000e+03 Lhat=0.0000000000e+00
KNUTH_SUBTREE root=7693 depth=26 w=1.3257291026e+37 Shat=7.1912680000e+03 Lhat=0.0000000000e+00
KNUTH_SUBTREE root=7694 depth=26 w=3.6176651300e+36 Shat=4.3238200000e+02 Lhat=0.0000000000e+00
KNUTH_SUBTREE root=7695 depth=26 w=4.8957794186e+36 Shat=2.1425660000e+03 Lhat=0.0000000000e+00
KNUTH_SUBTREE root=7696 depth=26 w=2.4571263096e+36 Shat=3.9558760000e+03 Lhat=0.0000000000e+00
KNUTH_SUBTREE root=7697 depth=26 w=1.8456390294e+37 Shat=3.2605640000e+03 Lhat=0.0000000000e+00
KNUTH_SUBTREE root=7698 depth=26 w=3.1740401611e+37 Shat=2.1989800000e+03 Lhat=0.0000000000e+00
KNUTH_SUBTREE root=7699 depth=26 w=1.0946926796e+36 Shat=6.0280000000e+00 Lhat=0.0000000000e+00
KNUTH_SUBTREE root=7700 depth=26 w=3.1575946476e+37 Shat=2.5640800000e+03 Lhat=0.0000000000e+00
KNUTH_SUBTREE root=7701 depth=26 w=2.1497398744e+37 Shat=7.1790000000e+01 Lhat=0.0000000000e+00
KNUTH_SUBTREE root=7702 depth=26 w=4.2343222345e+36 Shat=7.9708000000e+01 Lhat=0.0000000000e+00
KNUTH_SUBTREE root=7703 depth=26 w=2.5119436588e+36 Shat=4.7997600000e+03 Lhat=0.0000000000e+00
KNUTH_SUBTREE root=7704 depth=26 w=2.8754304455e+36 Shat=2.8397600000e+02 Lhat=0.0000000000e+00
KNUTH_SUBTREE root=7705 depth=26 w=5.9398797807e+35 Shat=5.9950000000e+00 Lhat=0.0000000000e+00
KNUTH_SUBTREE root=7706 depth=26 w=2.6025131694e+37 Shat=4.5591040000e+03 Lhat=0.0000000000e+00
KNUTH_SUBTREE root=7707 depth=26 w=3.0440844684e+37 Shat=3.6785000000e+02 Lhat=0.0000000000e+00
KNUTH_SUBTREE root=7708 depth=26 w=1.2679389437e+35 Shat=5.0000000000e+00 Lhat=0.0000000000e+00
KNUTH_SUBTREE root=7709 depth=26 w=3.1031760441e+37 Shat=3.9634300000e+03 Lhat=0.0000000000e+00
KNUTH_SUBTREE root=7710 depth=26 w=6.1617249802e+36 Shat=1.4155960000e+03 Lhat=0.0000000000e+00
KNUTH_SUBTREE root=7711 depth=26 w=2.6798055634e+37 Shat=4.9631200000e+03 Lhat=0.0000000000e+00
KNUTH_SUBTREE root=7712 depth=26 w=4.2454302508e+36 Shat=5.6056600000e+03 Lhat=0.0000000000e+00
KNUTH_SUBTREE root=7713 depth=26 w=1.1832079579e+37 Shat=8.7553300000e+03 Lhat=1.0713700000e+03
KNUTH_SUBTREE root=7714 depth=26 w=4.7768083559e+36 Shat=4.4797300000e+03 Lhat=0.0000000000e+00
KNUTH_SUBTREE root=7715 depth=26 w=2.5029926217e+37 Shat=1.8598350000e+03 Lhat=0.0000000000e+00
KNUTH_SUBTREE root=7716 depth=26 w=1.4517425123e+35 Shat=8.8080000000e+00 Lhat=0.0000000000e+00
KNUTH_SUBTREE root=7717 depth=26 w=1.9054648595e+37 Shat=9.8927400000e+02 Lhat=0.0000000000e+00
KNUTH_SUBTREE root=7718 depth=26 w=1.4378618990e+37 Shat=2.8340000000e+01 Lhat=0.0000000000e+00
KNUTH_SUBTREE root=7719 depth=26 w=2.4501092518e+37 Shat=1.6733000000e+03 Lhat=0.0000000000e+00
KNUTH_SUBTREE root=7720 depth=26 w=3.2579354059e+36 Shat=2.5534480000e+03 Lhat=0.0000000000e+00
KNUTH_SUBTREE root=7721 depth=26 w=9.5268417784e+36 Shat=1.3422700000e+03 Lhat=0.0000000000e+00
KNUTH_SUBTREE root=7722 depth=26 w=2.7780196933e+36 Shat=8.6591900000e+02 Lhat=0.0000000000e+00
KNUTH_SUBTREE root=7723 depth=26 w=5.7517633694e+36 Shat=1.3996000000e+01 Lhat=0.0000000000e+00
KNUTH_SUBTREE root=7724 depth=26 w=3.3562707953e+36 Shat=2.0612010000e+03 Lhat=0.0000000000e+00
KNUTH_SUBTREE root=7725 depth=26 w=1.7465484978e+37 Shat=3.0470400000e+02 Lhat=0.0000000000e+00
KNUTH_SUBTREE root=7726 depth=26 w=1.8348141413e+37 Shat=3.5462800000e+02 Lhat=0.0000000000e+00
KNUTH_SUBTREE root=7727 depth=26 w=2.5387043685e+36 Shat=3.0000000000e+00 Lhat=0.0000000000e+00
KNUTH_SUBTREE root=7728 depth=26 w=1.7396273672e+37 Shat=1.0162360000e+03 Lhat=0.0000000000e+00
KNUTH_SUBTREE root=7729 depth=26 w=7.7699196532e+36 Shat=6.8830300000e+02 Lhat=0.0000000000e+00
KNUTH_SUBTREE root=7730 depth=26 w=3.9060802027e+36 Shat=4.8314400000e+03 Lhat=0.0000000000e+00
KNUTH_SUBTREE root=7731 depth=26 w=8.7765519586e+36 Shat=7.6756000000e+01 Lhat=0.0000000000e+00
KNUTH_SUBTREE root=7732 depth=26 w=4.9041792754e+36 Shat=7.5500800000e+02 Lhat=0.0000000000e+00
KNUTH_SUBTREE root=7733 depth=26 w=1.9490663830e+35 Shat=1.0000000000e+00 Lhat=0.0000000000e+00
KNUTH_SUBTREE root=7734 depth=26 w=1.5621063894e+36 Shat=3.8668600000e+02 Lhat=0.0000000000e+00
KNUTH_SUBTREE root=7735 depth=26 w=3.8481732645e+36 Shat=8.1700000000e+01 Lhat=0.0000000000e+00
KNUTH_SUBTREE root=7736 depth=26 w=3.4116234494e+37 Shat=1.0231200000e+03 Lhat=0.0000000000e+00
KNUTH_SUBTREE root=7737 depth=26 w=1.9269764972e+36 Shat=1.3000000000e+01 Lhat=0.0000000000e+00
KNUTH_SUBTREE root=7738 depth=26 w=4.9330021390e+36 Shat=9.3600000000e+01 Lhat=0.0000000000e+00
KNUTH_SUBTREE root=7739 depth=26 w=1.4356907831e+37 Shat=9.6253400000e+02 Lhat=0.0000000000e+00
KNUTH_SUBTREE root=7740 depth=26 w=4.1839681068e+36 Shat=5.5245600000e+02 Lhat=0.0000000000e+00
KNUTH_SUBTREE root=7741 depth=26 w=2.6736366694e+37 Shat=5.2388680000e+03 Lhat=0.0000000000e+00
KNUTH_SUBTREE root=7742 depth=26 w=1.9778829680e+37 Shat=1.1389600000e+02 Lhat=0.0000000000e+00
KNUTH_SUBTREE root=7743 depth=26 w=1.5897485017e+37 Shat=5.9410900000e+02 Lhat=0.0000000000e+00
KNUTH_SUBTREE root=7744 depth=26 w=1.0715120770e+37 Shat=3.9834800000e+03 Lhat=0.0000000000e+00
KNUTH_SUBTREE root=7745 depth=26 w=5.6751067203e+36 Shat=1.6440880000e+03 Lhat=6.9888000000e+01
KNUTH_SUBTREE root=7746 depth=26 w=3.1925265762e+36 Shat=4.6603270000e+03 Lhat=0.0000000000e+00
KNUTH_SUBTREE root=7747 depth=26 w=1.8962924952e+36 Shat=1.9233400000e+03 Lhat=0.0000000000e+00
KNUTH_SUBTREE root=7748 depth=26 w=5.6264534115e+36 Shat=2.8240000000e+01 Lhat=0.0000000000e+00
KNUTH_SUBTREE root=7749 depth=26 w=3.3272906994e+36 Shat=4.8330000000e+01 Lhat=0.0000000000e+00
KNUTH_SUBTREE root=7750 depth=26 w=4.6285939720e+36 Shat=1.3000000000e+01 Lhat=0.0000000000e+00
KNUTH_SUBTREE root=7751 depth=26 w=3.2253848991e+36 Shat=1.2852040000e+03 Lhat=0.0000000000e+00
KNUTH_SUBTREE root=7752 depth=26 w=3.4597965488e+37 Shat=4.1718520000e+03 Lhat=0.0000000000e+00
KNUTH_SUBTREE root=7753 depth=26 w=1.4161023152e+36 Shat=3.8332000000e+02 Lhat=0.0000000000e+00
KNUTH_SUBTREE root=7754 depth=26 w=5.1463220415e+36 Shat=2.5878880000e+03 Lhat=0.0000000000e+00
KNUTH_SUBTREE root=7755 depth=26 w=7.5528550460e+36 Shat=3.3304800000e+03 Lhat=0.0000000000e+00
KNUTH_SUBTREE root=7756 depth=26 w=2.3317604096e+36 Shat=4.1979100000e+03 Lhat=0.0000000000e+00
KNUTH_SUBTREE root=7757 depth=26 w=5.1509096808e+36 Shat=4.0000000000e+00 Lhat=0.0000000000e+00
KNUTH_SUBTREE root=7758 depth=26 w=3.2004013339e+36 Shat=2.4960160000e+03 Lhat=2.8512000000e+02
KNUTH_SUBTREE root=7759 depth=26 w=3.3493979092e+37 Shat=6.9335200000e+02 Lhat=0.0000000000e+00
KNUTH_SUBTREE root=7760 depth=26 w=3.5405869803e+37 Shat=1.1690470000e+03 Lhat=0.0000000000e+00
KNUTH_SUBTREE root=7761 depth=26 w=3.9728842367e+36 Shat=1.3000000000e+01 Lhat=0.0000000000e+00
KNUTH_SUBTREE root=7762 depth=26 w=5.8069588367e+35 Shat=6.0220000000e+00 Lhat=0.0000000000e+00
KNUTH_SUBTREE root=7763 depth=26 w=4.0329806043e+36 Shat=1.1701440000e+03 Lhat=0.0000000000e+00
KNUTH_SUBTREE root=7764 depth=26 w=2.8299541955e+36 Shat=1.8503470000e+03 Lhat=0.0000000000e+00
KNUTH_SUBTREE root=7765 depth=26 w=5.6881236639e+35 Shat=5.0000000000e+00 Lhat=0.0000000000e+00
KNUTH_SUBTREE root=7766 depth=26 w=1.8279776150e+36 Shat=2.4863400000e+03 Lhat=0.0000000000e+00
KNUTH_SUBTREE root=7767 depth=26 w=4.2242106230e+36 Shat=1.6123200000e+03 Lhat=0.0000000000e+00
KNUTH_SUBTREE root=7768 depth=26 w=8.7975773989e+36 Shat=6.3285000000e+01 Lhat=0.0000000000e+00
KNUTH_SUBTREE root=7769 depth=26 w=4.0036579074e+36 Shat=1.8428300000e+03 Lhat=0.0000000000e+00
KNUTH_SUBTREE root=7770 depth=26 w=8.6613902762e+36 Shat=2.7596100000e+03 Lhat=0.0000000000e+00
KNUTH_SUBTREE root=7771 depth=26 w=2.4036490837e+37 Shat=7.3442100000e+03 Lhat=0.0000000000e+00
KNUTH_SUBTREE root=7772 depth=26 w=8.2720842129e+35 Shat=3.0000000000e+00 Lhat=0.0000000000e+00
KNUTH_SUBTREE root=7773 depth=26 w=2.4249516332e+36 Shat=1.9118500000e+03 Lhat=0.0000000000e+00
KNUTH_SUBTREE root=7774 depth=26 w=2.0213268178e+36 Shat=4.7112000000e+01 Lhat=0.0000000000e+00
KNUTH_SUBTREE root=7775 depth=26 w=1.9222358422e+36 Shat=5.3383980000e+03 Lhat=0.0000000000e+00
KNUTH_SUBTREE root=7776 depth=26 w=1.4166611919e+37 Shat=2.1800000000e+01 Lhat=0.0000000000e+00
KNUTH_SUBTREE root=7777 depth=26 w=1.3378287550e+37 Shat=1.9348030000e+03 Lhat=0.0000000000e+00
KNUTH_SUBTREE root=7778 depth=26 w=3.2525742016e+37 Shat=3.7713400000e+03 Lhat=0.0000000000e+00
KNUTH_SUBTREE root=7779 depth=26 w=3.3985541734e+36 Shat=3.1146930000e+03 Lhat=0.0000000000e+00
KNUTH_SUBTREE root=7780 depth=26 w=1.6987018402e+37 Shat=1.0516000000e+03 Lhat=0.0000000000e+00
KNUTH_SUBTREE root=7781 depth=26 w=1.4294036426e+37 Shat=1.0000000000e+00 Lhat=0.0000000000e+00
KNUTH_SUBTREE root=7782 depth=26 w=1.4953008160e+37 Shat=4.8170310000e+03 Lhat=0.0000000000e+00
KNUTH_SUBTREE root=7783 depth=26 w=1.7077291478e+37 Shat=1.8060148000e+04 Lhat=0.0000000000e+00
KNUTH_SUBTREE root=7784 depth=26 w=2.8959272520e+37 Shat=1.6642330000e+03 Lhat=0.0000000000e+00
KNUTH_SUBTREE root=7785 depth=26 w=8.8584825262e+35 Shat=1.3000000000e+01 Lhat=0.0000000000e+00
KNUTH_SUBTREE root=7786 depth=26 w=6.4495379927e+36 Shat=2.8803400000e+02 Lhat=0.0000000000e+00
KNUTH_SUBTREE root=7787 depth=26 w=2.7894234272e+37 Shat=1.4627460000e+03 Lhat=0.0000000000e+00
KNUTH_SUBTREE root=7788 depth=26 w=2.6825484015e+37 Shat=5.5246300000e+02 Lhat=0.0000000000e+00
KNUTH_SUBTREE root=7789 depth=26 w=1.2875910064e+36 Shat=2.4614800000e+03 Lhat=0.0000000000e+00
KNUTH_SUBTREE root=7790 depth=26 w=9.9971000764e+36 Shat=1.8375000000e+01 Lhat=0.0000000000e+00
KNUTH_SUBTREE root=7791 depth=26 w=1.1541184349e+37 Shat=5.6207800000e+02 Lhat=0.0000000000e+00
KNUTH_SUBTREE root=7792 depth=26 w=2.8026745198e+36 Shat=5.0000000000e+00 Lhat=0.0000000000e+00
KNUTH_SUBTREE root=7793 depth=26 w=3.0682039311e+36 Shat=3.3143600000e+03 Lhat=8.4864000000e+01
KNUTH_SUBTREE root=7794 depth=26 w=1.0667230228e+37 Shat=4.6849600000e+02 Lhat=0.0000000000e+00
KNUTH_SUBTREE root=7795 depth=26 w=6.8894619198e+36 Shat=9.5925120000e+03 Lhat=0.0000000000e+00
KNUTH_SUBTREE root=7796 depth=26 w=2.3225971694e+37 Shat=4.6652000000e+02 Lhat=0.0000000000e+00
KNUTH_SUBTREE root=7797 depth=26 w=2.4194084471e+36 Shat=4.1471070000e+03 Lhat=0.0000000000e+00
KNUTH_SUBTREE root=7798 depth=26 w=3.7159459173e+36 Shat=2.2025000000e+01 Lhat=0.0000000000e+00
KNUTH_SUBTREE root=7799 depth=26 w=3.0192207583e+37 Shat=2.9699550000e+03 Lhat=0.0000000000e+00
KNUTH_SUBTREE root=7800 depth=26 w=8.3819502603e+36 Shat=2.6118730000e+03 Lhat=0.0000000000e+00
KNUTH_SUBTREE root=7801 depth=26 w=4.4553931237e+36 Shat=5.9141500000e+03 Lhat=0.0000000000e+00
KNUTH_SUBTREE root=7802 depth=26 w=2.8782097406e+36 Shat=7.0000000000e+00 Lhat=0.0000000000e+00
KNUTH_SUBTREE root=7803 depth=26 w=6.0334711367e+36 Shat=2.4624500000e+02 Lhat=0.0000000000e+00
KNUTH_SUBTREE root=7804 depth=26 w=7.0422725634e+33 Shat=1.0000000000e+01 Lhat=0.0000000000e+00
KNUTH_SUBTREE root=7805 depth=26 w=3.9755433424e+36 Shat=1.7484080000e+03 Lhat=0.0000000000e+00
KNUTH_SUBTREE root=7806 depth=26 w=3.3185511671e+36 Shat=1.5088000000e+01 Lhat=0.0000000000e+00
KNUTH_SUBTREE root=7807 depth=26 w=1.0371612404e+35 Shat=7.0000000000e+00 Lhat=0.0000000000e+00
KNUTH_SUBTREE root=7808 depth=26 w=1.6371585695e+35 Shat=2.9000000000e+01 Lhat=0.0000000000e+00
KNUTH_SUBTREE root=7809 depth=26 w=2.6174820568e+37 Shat=8.6923530000e+03 Lhat=0.0000000000e+00
KNUTH_SUBTREE root=7810 depth=26 w=2.2946272546e+37 Shat=9.0440000000e+00 Lhat=0.0000000000e+00
KNUTH_SUBTREE root=7811 depth=26 w=1.2364212348e+37 Shat=8.8892000000e+01 Lhat=0.0000000000e+00
KNUTH_SUBTREE root=7812 depth=26 w=4.7595852962e+36 Shat=4.0000000000e+00 Lhat=0.0000000000e+00
KNUTH_SUBTREE root=7813 depth=26 w=4.1377622429e+36 Shat=1.3000000000e+01 Lhat=0.0000000000e+00
KNUTH_SUBTREE root=7814 depth=26 w=2.3687242942e+37 Shat=2.1078640000e+03 Lhat=0.0000000000e+00
KNUTH_SUBTREE root=7815 depth=26 w=9.6283416232e+36 Shat=4.7289000000e+02 Lhat=3.0960000000e+01
KNUTH_SUBTREE root=7816 depth=26 w=6.9953051505e+36 Shat=3.6499300000e+02 Lhat=0.0000000000e+00
KNUTH_SUBTREE root=7817 depth=26 w=9.6373935545e+36 Shat=1.5201460000e+03 Lhat=0.0000000000e+00
KNUTH_SUBTREE root=7818 depth=26 w=3.9551334683e+36 Shat=1.8490880000e+03 Lhat=0.0000000000e+00
KNUTH_SUBTREE root=7819 depth=26 w=0 Shat=0 Lhat=0 dead=1
KNUTH_SUBTREE root=7820 depth=26 w=1.5695713665e+36 Shat=5.0000000000e+00 Lhat=0.0000000000e+00
KNUTH_SUBTREE root=7821 depth=26 w=2.0770595626e+37 Shat=8.5352680000e+03 Lhat=9.2582400000e+02
KNUTH_SUBTREE root=7822 depth=26 w=1.4146459546e+37 Shat=3.6618330000e+03 Lhat=0.0000000000e+00
KNUTH_SUBTREE root=7823 depth=26 w=5.0589908436e+36 Shat=7.9036000000e+02 Lhat=0.0000000000e+00
KNUTH_SUBTREE root=7824 depth=26 w=4.5628767852e+35 Shat=2.0000000000e+00 Lhat=0.0000000000e+00
KNUTH_SUBTREE root=7825 depth=26 w=2.9752893680e+37 Shat=3.4046800000e+02 Lhat=0.0000000000e+00
KNUTH_SUBTREE root=7826 depth=26 w=1.0911730696e+37 Shat=3.6124640000e+03 Lhat=0.0000000000e+00
KNUTH_SUBTREE root=7827 depth=26 w=4.3497593874e+36 Shat=3.7521100000e+02 Lhat=0.0000000000e+00
KNUTH_SUBTREE root=7828 depth=26 w=2.2474502815e+37 Shat=8.0000000000e+00 Lhat=0.0000000000e+00
KNUTH_SUBTREE root=7829 depth=26 w=3.4000486226e+36 Shat=1.7686560000e+03 Lhat=0.0000000000e+00
KNUTH_SUBTREE root=7830 depth=26 w=5.9317239937e+35 Shat=1.0000000000e+00 Lhat=0.0000000000e+00
KNUTH_SUBTREE root=7831 depth=26 w=3.5679167994e+36 Shat=1.4651920000e+03 Lhat=0.0000000000e+00
KNUTH_SUBTREE root=7832 depth=26 w=3.5078488289e+36 Shat=2.5000000000e+01 Lhat=0.0000000000e+00
KNUTH_SUBTREE root=7833 depth=26 w=3.0077196650e+36 Shat=2.7227200000e+03 Lhat=0.0000000000e+00
KNUTH_SUBTREE root=7834 depth=26 w=1.7885013935e+37 Shat=8.2307200000e+02 Lhat=0.0000000000e+00
KNUTH_SUBTREE root=7835 depth=26 w=7.0118978310e+36 Shat=2.0507840000e+03 Lhat=0.0000000000e+00
KNUTH_SUBTREE root=7836 depth=26 w=1.7017480121e+37 Shat=6.3300000000e+02 Lhat=0.0000000000e+00
KNUTH_SUBTREE root=7837 depth=26 w=8.2901294344e+36 Shat=7.0370290000e+03 Lhat=0.0000000000e+00
KNUTH_SUBTREE root=7838 depth=26 w=4.1181024517e+36 Shat=2.2978000000e+02 Lhat=0.0000000000e+00
KNUTH_SUBTREE root=7839 depth=26 w=7.7714313650e+35 Shat=8.8300000000e+00 Lhat=0.0000000000e+00
KNUTH_SUBTREE root=7840 depth=26 w=8.3389735322e+36 Shat=4.9759600000e+02 Lhat=0.0000000000e+00
KNUTH_SUBTREE root=7841 depth=26 w=6.8178064705e+36 Shat=2.4153020000e+03 Lhat=0.0000000000e+00
KNUTH_SUBTREE root=7842 depth=26 w=9.5692925663e+36 Shat=9.9560000000e+00 Lhat=0.0000000000e+00
KNUTH_SUBTREE root=7843 depth=26 w=2.8382329473e+37 Shat=3.1865320000e+03 Lhat=0.0000000000e+00
KNUTH_SUBTREE root=7844 depth=26 w=4.0193296461e+36 Shat=1.2619200000e+03 Lhat=0.0000000000e+00
KNUTH_SUBTREE root=7845 depth=26 w=2.1296066744e+36 Shat=9.0000000000e+00 Lhat=0.0000000000e+00
KNUTH_SUBTREE root=7846 depth=26 w=1.1965611321e+37 Shat=5.6784900000e+03 Lhat=0.0000000000e+00
KNUTH_SUBTREE root=7847 depth=26 w=3.1063938788e+36 Shat=3.4770000000e+01 Lhat=0.0000000000e+00
KNUTH_SUBTREE root=7848 depth=26 w=2.9189258110e+37 Shat=1.2911790000e+03 Lhat=0.0000000000e+00
KNUTH_SUBTREE root=7849 depth=26 w=2.3801960667e+37 Shat=5.0000000000e+00 Lhat=0.0000000000e+00
KNUTH_SUBTREE root=7850 depth=26 w=4.1461253771e+36 Shat=2.0393000000e+02 Lhat=0.0000000000e+00
KNUTH_SUBTREE root=7851 depth=26 w=2.0636588449e+36 Shat=5.9104800000e+02 Lhat=0.0000000000e+00
KNUTH_SUBTREE root=7852 depth=26 w=4.1525913666e+36 Shat=6.4496890000e+03 Lhat=0.0000000000e+00
KNUTH_SUBTREE root=7853 depth=26 w=3.2793900673e+37 Shat=4.3582100000e+03 Lhat=0.0000000000e+00
KNUTH_SUBTREE root=7854 depth=26 w=2.1264791969e+36 Shat=7.4116000000e+01 Lhat=0.0000000000e+00
KNUTH_SUBTREE root=7855 depth=26 w=4.1090807706e+36 Shat=1.0000000000e+01 Lhat=0.0000000000e+00
KNUTH_SUBTREE root=7856 depth=26 w=4.5272728334e+34 Shat=7.0000000000e+00 Lhat=0.0000000000e+00
KNUTH_SUBTREE root=7857 depth=26 w=7.7876667099e+36 Shat=2.5358290000e+03 Lhat=0.0000000000e+00
KNUTH_SUBTREE root=7858 depth=26 w=7.8460856795e+36 Shat=1.2577170000e+03 Lhat=0.0000000000e+00
KNUTH_SUBTREE root=7859 depth=26 w=1.1891386675e+37 Shat=7.4302020000e+03 Lhat=0.0000000000e+00
KNUTH_SUBTREE root=7860 depth=26 w=3.0185395860e+37 Shat=2.0354300000e+02 Lhat=0.0000000000e+00
KNUTH_SUBTREE root=7861 depth=26 w=5.7580006170e+36 Shat=1.5510700000e+03 Lhat=0.0000000000e+00
KNUTH_SUBTREE root=7862 depth=26 w=2.1891834073e+37 Shat=1.2712580000e+03 Lhat=0.0000000000e+00
KNUTH_SUBTREE root=7863 depth=26 w=1.6233084753e+36 Shat=8.6900000000e+01 Lhat=0.0000000000e+00
KNUTH_SUBTREE root=7864 depth=26 w=2.3481326825e+37 Shat=9.3467800000e+02 Lhat=0.0000000000e+00
KNUTH_SUBTREE root=7865 depth=26 w=3.8243719591e+37 Shat=4.3079800000e+03 Lhat=0.0000000000e+00
KNUTH_SUBTREE root=7866 depth=26 w=1.2608530997e+37 Shat=1.3000000000e+01 Lhat=0.0000000000e+00
KNUTH_SUBTREE root=7867 depth=26 w=4.1932961628e+35 Shat=3.4691000000e+01 Lhat=0.0000000000e+00
KNUTH_SUBTREE root=7868 depth=26 w=0 Shat=0 Lhat=0 dead=1
KNUTH_SUBTREE root=7869 depth=26 w=3.1721996221e+37 Shat=2.7438000000e+03 Lhat=0.0000000000e+00
KNUTH_SUBTREE root=7870 depth=26 w=2.6178831592e+36 Shat=1.0000000000e+00 Lhat=0.0000000000e+00
KNUTH_SUBTREE root=7871 depth=26 w=5.4692492329e+36 Shat=5.0531790000e+03 Lhat=0.0000000000e+00
KNUTH_SUBTREE root=7872 depth=26 w=2.4526480726e+36 Shat=2.7375120000e+03 Lhat=0.0000000000e+00
KNUTH_SUBTREE root=7873 depth=26 w=1.4538407617e+37 Shat=9.9064000000e+01 Lhat=0.0000000000e+00
KNUTH_SUBTREE root=7874 depth=26 w=1.2877036373e+37 Shat=6.5128600000e+02 Lhat=0.0000000000e+00
KNUTH_SUBTREE root=7875 depth=26 w=6.1668497557e+36 Shat=9.0000000000e+00 Lhat=0.0000000000e+00
KNUTH_SUBTREE root=7876 depth=26 w=3.5671599803e+36 Shat=3.0000000000e+00 Lhat=0.0000000000e+00
KNUTH_SUBTREE root=7877 depth=26 w=2.9044119815e+37 Shat=1.9298280000e+03 Lhat=0.0000000000e+00
KNUTH_SUBTREE root=7878 depth=26 w=2.9588956559e+37 Shat=9.9113600000e+02 Lhat=0.0000000000e+00
KNUTH_SUBTREE root=7879 depth=26 w=3.7423162846e+36 Shat=1.7102000000e+02 Lhat=0.0000000000e+00
KNUTH_SUBTREE root=7880 depth=26 w=3.0377174420e+36 Shat=8.8243200000e+02 Lhat=0.0000000000e+00
KNUTH_SUBTREE root=7881 depth=26 w=2.8465366710e+36 Shat=7.0000000000e+00 Lhat=0.0000000000e+00
KNUTH_SUBTREE root=7882 depth=26 w=8.1258798104e+36 Shat=5.4517200000e+03 Lhat=0.0000000000e+00
KNUTH_SUBTREE root=7883 depth=26 w=3.1794812031e+37 Shat=2.4745900000e+03 Lhat=0.0000000000e+00
KNUTH_SUBTREE root=7884 depth=26 w=3.9089943625e+36 Shat=4.6792000000e+01 Lhat=0.0000000000e+00
KNUTH_SUBTREE root=7885 depth=26 w=4.9525902112e+36 Shat=2.2140000000e+01 Lhat=0.0000000000e+00
KNUTH_SUBTREE root=7886 depth=26 w=1.4343976230e+37 Shat=4.1573300000e+03 Lhat=0.0000000000e+00
KNUTH_SUBTREE root=7887 depth=26 w=3.7035419409e+36 Shat=3.3273100000e+03 Lhat=0.0000000000e+00
KNUTH_SUBTREE root=7888 depth=26 w=8.4612766626e+36 Shat=7.9000000000e+01 Lhat=0.0000000000e+00
KNUTH_SUBTREE root=7889 depth=26 w=3.1303452288e+37 Shat=5.5105500000e+02 Lhat=0.0000000000e+00
KNUTH_SUBTREE root=7890 depth=26 w=2.9137842362e+37 Shat=2.0072200000e+02 Lhat=0.0000000000e+00
KNUTH_SUBTREE root=7891 depth=26 w=4.5552227716e+36 Shat=4.3318000000e+02 Lhat=0.0000000000e+00
KNUTH_SUBTREE root=7892 depth=26 w=2.7926186264e+37 Shat=3.5218700000e+03 Lhat=2.6580000000e+01
KNUTH_SUBTREE root=7893 depth=26 w=7.9711035808e+36 Shat=3.1280000000e+01 Lhat=0.0000000000e+00
KNUTH_SUBTREE root=7894 depth=26 w=6.4129594262e+36 Shat=2.2913600000e+03 Lhat=0.0000000000e+00
KNUTH_SUBTREE root=7895 depth=26 w=2.9044555782e+36 Shat=2.1950000000e+01 Lhat=0.0000000000e+00
KNUTH_SUBTREE root=7896 depth=26 w=1.4414428730e+37 Shat=1.8786640000e+03 Lhat=0.0000000000e+00
KNUTH_SUBTREE root=7897 depth=26 w=1.0286970294e+37 Shat=1.2698470000e+03 Lhat=0.0000000000e+00
KNUTH_SUBTREE root=7898 depth=26 w=6.6991012042e+34 Shat=2.9000000000e+01 Lhat=0.0000000000e+00
KNUTH_SUBTREE root=7899 depth=26 w=2.5181281699e+34 Shat=5.0000000000e+00 Lhat=0.0000000000e+00
KNUTH_SUBTREE root=7900 depth=26 w=2.4258145443e+35 Shat=1.3948000000e+01 Lhat=0.0000000000e+00
KNUTH_SUBTREE root=7901 depth=26 w=6.4741787671e+36 Shat=2.8853800000e+03 Lhat=0.0000000000e+00
KNUTH_SUBTREE root=7902 depth=26 w=2.7848335750e+37 Shat=2.8562800000e+03 Lhat=1.6087000000e+02
KNUTH_SUBTREE root=7903 depth=26 w=5.8176782197e+35 Shat=1.6153000000e+01 Lhat=0.0000000000e+00
KNUTH_SUBTREE root=7904 depth=26 w=7.4044867102e+36 Shat=1.5988000000e+01 Lhat=0.0000000000e+00
KNUTH_SUBTREE root=7905 depth=26 w=2.8214102786e+37 Shat=7.4707800000e+03 Lhat=0.0000000000e+00
KNUTH_SUBTREE root=7906 depth=26 w=1.9443121970e+36 Shat=2.1000000000e+01 Lhat=0.0000000000e+00
KNUTH_SUBTREE root=7907 depth=26 w=1.1707366857e+37 Shat=3.0000000000e+00 Lhat=0.0000000000e+00
KNUTH_SUBTREE root=7908 depth=26 w=2.8583030219e+36 Shat=4.7080000000e+01 Lhat=0.0000000000e+00
KNUTH_SUBTREE root=7909 depth=26 w=1.2934634456e+37 Shat=1.3816800000e+02 Lhat=0.0000000000e+00
KNUTH_SUBTREE root=7910 depth=26 w=3.8937385101e+36 Shat=1.7529300000e+02 Lhat=0.0000000000e+00
KNUTH_SUBTREE root=7911 depth=26 w=4.5320718736e+36 Shat=7.9000000000e+01 Lhat=0.0000000000e+00
KNUTH_SUBTREE root=7912 depth=26 w=6.3138691775e+36 Shat=1.0944000000e+01 Lhat=0.0000000000e+00
KNUTH_SUBTREE root=7913 depth=26 w=1.5103904078e+36 Shat=2.2045000000e+01 Lhat=0.0000000000e+00
KNUTH_SUBTREE root=7914 depth=26 w=1.6249373776e+37 Shat=3.3785300000e+02 Lhat=0.0000000000e+00
KNUTH_SUBTREE root=7915 depth=26 w=2.4216548041e+37 Shat=4.0804270000e+03 Lhat=0.0000000000e+00
KNUTH_SUBTREE root=7916 depth=26 w=5.9342299994e+36 Shat=1.4436100000e+02 Lhat=0.0000000000e+00
KNUTH_SUBTREE root=7917 depth=26 w=2.3177368188e+35 Shat=4.1000000000e+01 Lhat=0.0000000000e+00
KNUTH_SUBTREE root=7918 depth=26 w=5.6146167844e+36 Shat=2.4728650000e+03 Lhat=0.0000000000e+00
KNUTH_SUBTREE root=7919 depth=26 w=1.0744121671e+37 Shat=5.8908000000e+01 Lhat=0.0000000000e+00
KNUTH_SUBTREE root=7920 depth=26 w=9.1602214345e+36 Shat=2.2804000000e+01 Lhat=0.0000000000e+00
KNUTH_SUBTREE root=7921 depth=26 w=6.6652437910e+36 Shat=1.0967600000e+03 Lhat=0.0000000000e+00
KNUTH_SUBTREE root=7922 depth=26 w=2.6554950339e+37 Shat=6.3153520000e+03 Lhat=0.0000000000e+00
KNUTH_SUBTREE root=7923 depth=26 w=1.5114564217e+37 Shat=4.5422800000e+03 Lhat=0.0000000000e+00
KNUTH_SUBTREE root=7924 depth=26 w=3.5673159992e+36 Shat=1.9812000000e+01 Lhat=0.0000000000e+00
KNUTH_SUBTREE root=7925 depth=26 w=5.8894978460e+36 Shat=1.1740000000e+02 Lhat=0.0000000000e+00
KNUTH_SUBTREE root=7926 depth=26 w=1.0118291776e+35 Shat=2.1000000000e+01 Lhat=0.0000000000e+00
KNUTH_SUBTREE root=7927 depth=26 w=5.9570896530e+36 Shat=2.7085840000e+03 Lhat=0.0000000000e+00
KNUTH_SUBTREE root=7928 depth=26 w=2.2083631648e+36 Shat=3.0504400000e+02 Lhat=0.0000000000e+00
KNUTH_SUBTREE root=7929 depth=26 w=5.0895985371e+36 Shat=4.7431200000e+02 Lhat=0.0000000000e+00
KNUTH_SUBTREE root=7930 depth=26 w=2.1599107383e+37 Shat=1.3234000000e+02 Lhat=0.0000000000e+00
KNUTH_SUBTREE root=7931 depth=26 w=6.3994483732e+36 Shat=1.6030000000e+01 Lhat=0.0000000000e+00
KNUTH_SUBTREE root=7932 depth=26 w=1.0983318040e+37 Shat=1.1480770000e+03 Lhat=0.0000000000e+00
KNUTH_SUBTREE root=7933 depth=26 w=2.5206228878e+37 Shat=2.7887200000e+03 Lhat=0.0000000000e+00
KNUTH_SUBTREE root=7934 depth=26 w=2.9326645992e+37 Shat=3.0188800000e+02 Lhat=0.0000000000e+00
KNUTH_SUBTREE root=7935 depth=26 w=1.0454733621e+37 Shat=5.8028730000e+03 Lhat=0.0000000000e+00
KNUTH_SUBTREE root=7936 depth=26 w=1.0528739226e+36 Shat=3.8812000000e+01 Lhat=0.0000000000e+00
KNUTH_SUBTREE root=7937 depth=26 w=2.6654108262e+37 Shat=7.8796120000e+03 Lhat=0.0000000000e+00
KNUTH_SUBTREE root=7938 depth=26 w=3.1611349074e+37 Shat=3.1123600000e+02 Lhat=0.0000000000e+00
KNUTH_SUBTREE root=7939 depth=26 w=2.8043899410e+36 Shat=1.8944920000e+03 Lhat=0.0000000000e+00
KNUTH_SUBTREE root=7940 depth=26 w=3.0007362482e+37 Shat=8.6304800000e+02 Lhat=0.0000000000e+00
KNUTH_SUBTREE root=7941 depth=26 w=1.8992081288e+37 Shat=3.9828520000e+03 Lhat=1.1377800000e+02
KNUTH_SUBTREE root=7942 depth=26 w=2.6421749982e+37 Shat=2.8156600000e+02 Lhat=0.0000000000e+00
KNUTH_SUBTREE root=7943 depth=26 w=4.1906920389e+36 Shat=2.3490400000e+02 Lhat=0.0000000000e+00
KNUTH_SUBTREE root=7944 depth=26 w=1.4307148156e+37 Shat=6.9450000000e+01 Lhat=0.0000000000e+00
KNUTH_SUBTREE root=7945 depth=26 w=4.1814758177e+36 Shat=2.1000000000e+01 Lhat=0.0000000000e+00
KNUTH_SUBTREE root=7946 depth=26 w=2.7427007985e+37 Shat=1.9524000000e+02 Lhat=0.0000000000e+00
KNUTH_SUBTREE root=7947 depth=26 w=8.0262849715e+36 Shat=6.3590000000e+01 Lhat=0.0000000000e+00
KNUTH_SUBTREE root=7948 depth=26 w=6.1011957654e+36 Shat=7.9000000000e+01 Lhat=0.0000000000e+00
KNUTH_SUBTREE root=7949 depth=26 w=8.5914254597e+34 Shat=1.0000000000e+00 Lhat=0.0000000000e+00
KNUTH_SUBTREE root=7950 depth=26 w=3.7416922725e+36 Shat=1.9399000000e+03 Lhat=0.0000000000e+00
KNUTH_SUBTREE root=7951 depth=26 w=3.3935662780e+36 Shat=3.3322600000e+02 Lhat=0.0000000000e+00
KNUTH_SUBTREE root=7952 depth=26 w=3.1701732831e+37 Shat=1.0223210000e+04 Lhat=0.0000000000e+00
KNUTH_SUBTREE root=7953 depth=26 w=2.7559793309e+37 Shat=6.5484700000e+03 Lhat=0.0000000000e+00
KNUTH_SUBTREE root=7954 depth=26 w=1.8862084774e+37 Shat=5.3633800000e+02 Lhat=0.0000000000e+00
KNUTH_SUBTREE root=7955 depth=26 w=2.6102791297e+36 Shat=5.5581600000e+02 Lhat=0.0000000000e+00
KNUTH_SUBTREE root=7956 depth=26 w=9.4037649873e+34 Shat=1.3942000000e+01 Lhat=0.0000000000e+00
KNUTH_SUBTREE root=7957 depth=26 w=3.5068064456e+37 Shat=8.1961600000e+02 Lhat=0.0000000000e+00
KNUTH_SUBTREE root=7958 depth=26 w=2.1778634080e+36 Shat=1.5364000000e+02 Lhat=0.0000000000e+00
KNUTH_SUBTREE root=7959 depth=26 w=5.4875980677e+36 Shat=1.0651680000e+03 Lhat=0.0000000000e+00
KNUTH_SUBTREE root=7960 depth=26 w=1.5096490896e+35 Shat=4.7101000000e+01 Lhat=0.0000000000e+00
KNUTH_SUBTREE root=7961 depth=26 w=1.0760312685e+37 Shat=6.0500000000e+00 Lhat=0.0000000000e+00
KNUTH_SUBTREE root=7962 depth=26 w=6.2808601351e+36 Shat=6.4133200000e+02 Lhat=0.0000000000e+00
KNUTH_SUBTREE root=7963 depth=26 w=2.6874827915e+37 Shat=2.6933200000e+03 Lhat=0.0000000000e+00
KNUTH_SUBTREE root=7964 depth=26 w=4.4273077685e+36 Shat=7.4020000000e+01 Lhat=0.0000000000e+00
KNUTH_SUBTREE root=7965 depth=26 w=3.3821495225e+36 Shat=7.6816000000e+01 Lhat=0.0000000000e+00
KNUTH_SUBTREE root=7966 depth=26 w=1.8449405996e+37 Shat=3.6890800000e+03 Lhat=3.8016000000e+02
KNUTH_SUBTREE root=7967 depth=26 w=1.4515270546e+37 Shat=7.7488000000e+01 Lhat=0.0000000000e+00
KNUTH_SUBTREE root=7968 depth=26 w=1.5567823905e+37 Shat=1.2132100000e+03 Lhat=0.0000000000e+00
KNUTH_SUBTREE root=7969 depth=26 w=2.6578532232e+36 Shat=7.9000000000e+01 Lhat=0.0000000000e+00
KNUTH_SUBTREE root=7970 depth=26 w=5.2430834693e+36 Shat=1.3311090000e+03 Lhat=0.0000000000e+00
KNUTH_SUBTREE root=7971 depth=26 w=3.3975045184e+37 Shat=1.3587400000e+03 Lhat=0.0000000000e+00
KNUTH_SUBTREE root=7972 depth=26 w=1.9577520621e+37 Shat=5.8170000000e+01 Lhat=0.0000000000e+00
KNUTH_SUBTREE root=7973 depth=26 w=6.1680131742e+36 Shat=4.0730350000e+03 Lhat=0.0000000000e+00
KNUTH_SUBTREE root=7974 depth=26 w=2.5649127402e+37 Shat=9.4434400000e+02 Lhat=0.0000000000e+00
KNUTH_SUBTREE root=7975 depth=26 w=2.1208401208e+36 Shat=1.1712500000e+02 Lhat=0.0000000000e+00
KNUTH_SUBTREE root=7976 depth=26 w=1.5001358394e+37 Shat=1.0000000000e+01 Lhat=0.0000000000e+00
KNUTH_SUBTREE root=7977 depth=26 w=5.4671910736e+36 Shat=9.1640000000e+01 Lhat=0.0000000000e+00
KNUTH_SUBTREE root=7978 depth=26 w=5.1405864677e+36 Shat=8.0260800000e+02 Lhat=0.0000000000e+00
KNUTH_SUBTREE root=7979 depth=26 w=9.1752886790e+35 Shat=1.1000000000e+01 Lhat=0.0000000000e+00
KNUTH_SUBTREE root=7980 depth=26 w=3.2539212242e+36 Shat=3.2455000000e+02 Lhat=0.0000000000e+00
KNUTH_SUBTREE root=7981 depth=26 w=3.0745182182e+37 Shat=2.5987600000e+03 Lhat=0.0000000000e+00
KNUTH_SUBTREE root=7982 depth=26 w=2.2013308726e+37 Shat=3.6180000000e+01 Lhat=0.0000000000e+00
KNUTH_SUBTREE root=7983 depth=26 w=2.7836602057e+37 Shat=6.3739800000e+03 Lhat=0.0000000000e+00
KNUTH_SUBTREE root=7984 depth=26 w=2.5537017161e+37 Shat=1.3423100000e+02 Lhat=0.0000000000e+00
KNUTH_SUBTREE root=7985 depth=26 w=8.1988959817e+35 Shat=3.0000000000e+00 Lhat=0.0000000000e+00
KNUTH_SUBTREE root=7986 depth=26 w=2.8063877331e+37 Shat=3.2989240000e+03 Lhat=0.0000000000e+00
KNUTH_SUBTREE root=7987 depth=26 w=4.8391494679e+36 Shat=1.0912000000e+01 Lhat=0.0000000000e+00
KNUTH_SUBTREE root=7988 depth=26 w=2.8049583434e+37 Shat=7.9468960000e+03 Lhat=0.0000000000e+00
KNUTH_SUBTREE root=7989 depth=26 w=3.7131613156e+37 Shat=2.9360750000e+03 Lhat=0.0000000000e+00
KNUTH_SUBTREE root=7990 depth=26 w=1.0710656822e+37 Shat=8.4490300000e+02 Lhat=0.0000000000e+00
KNUTH_SUBTREE root=7991 depth=26 w=2.9191068570e+35 Shat=5.0000000000e+00 Lhat=0.0000000000e+00
KNUTH_SUBTREE root=7992 depth=26 w=7.8066885106e+36 Shat=6.0328600000e+02 Lhat=0.0000000000e+00
KNUTH_SUBTREE root=7993 depth=26 w=3.1797354362e+37 Shat=2.3966240000e+03 Lhat=0.0000000000e+00
KNUTH_SUBTREE root=7994 depth=26 w=1.4243680638e+36 Shat=5.9920000000e+00 Lhat=0.0000000000e+00
KNUTH_SUBTREE root=7995 depth=26 w=5.3643992281e+36 Shat=1.0630060000e+03 Lhat=0.0000000000e+00
KNUTH_SUBTREE root=7996 depth=26 w=1.7163255445e+37 Shat=1.4152480000e+03 Lhat=0.0000000000e+00
KNUTH_SUBTREE root=7997 depth=26 w=2.4972050735e+37 Shat=2.8233100000e+02 Lhat=0.0000000000e+00
KNUTH_SUBTREE root=7998 depth=26 w=5.7156434663e+36 Shat=1.8398400000e+03 Lhat=0.0000000000e+00
KNUTH_SUBTREE root=7999 depth=26 w=4.5382154422e+36 Shat=1.3428370000e+03 Lhat=0.0000000000e+00
KNUTH_SUBTREE root=8000 depth=26 w=2.0359031076e+37 Shat=1.6062800000e+02 Lhat=0.0000000000e+00
KNUTH_SUBTREE root=8001 depth=26 w=2.5341830735e+36 Shat=1.5056000000e+01 Lhat=0.0000000000e+00
KNUTH_SUBTREE root=8002 depth=26 w=9.0676661796e+34 Shat=3.0000000000e+00 Lhat=0.0000000000e+00
KNUTH_SUBTREE root=8003 depth=26 w=3.8759571635e+36 Shat=3.2752000000e+01 Lhat=0.0000000000e+00
KNUTH_SUBTREE root=8004 depth=26 w=1.5224669211e+37 Shat=5.2268200000e+03 Lhat=0.0000000000e+00
KNUTH_SUBTREE root=8005 depth=26 w=2.1475487759e+36 Shat=5.5720000000e+01 Lhat=0.0000000000e+00
KNUTH_SUBTREE root=8006 depth=26 w=9.8838792609e+36 Shat=4.6050000000e+01 Lhat=0.0000000000e+00
KNUTH_SUBTREE root=8007 depth=26 w=1.0406228109e+37 Shat=1.1251990000e+03 Lhat=0.0000000000e+00
KNUTH_SUBTREE root=8008 depth=26 w=6.0093266880e+36 Shat=1.9004000000e+01 Lhat=0.0000000000e+00
KNUTH_SUBTREE root=8009 depth=26 w=3.5737993253e+36 Shat=3.2140900000e+02 Lhat=0.0000000000e+00
KNUTH_SUBTREE root=8010 depth=26 w=2.7490337370e+37 Shat=3.0510000000e+02 Lhat=0.0000000000e+00
KNUTH_SUBTREE root=8011 depth=26 w=2.7472967069e+36 Shat=3.2564300000e+02 Lhat=0.0000000000e+00
KNUTH_SUBTREE root=8012 depth=26 w=7.3021633164e+35 Shat=3.0000000000e+00 Lhat=0.0000000000e+00
KNUTH_SUBTREE root=8013 depth=26 w=2.0097710618e+36 Shat=2.1371200000e+02 Lhat=0.0000000000e+00
KNUTH_SUBTREE root=8014 depth=26 w=8.0457718371e+36 Shat=3.1686800000e+02 Lhat=0.0000000000e+00
KNUTH_SUBTREE root=8015 depth=26 w=2.6008111037e+36 Shat=9.7126000000e+01 Lhat=0.0000000000e+00
KNUTH_SUBTREE root=8016 depth=26 w=1.6969606767e+37 Shat=2.2881900000e+03 Lhat=2.0528000000e+02
KNUTH_SUBTREE root=8017 depth=26 w=1.1795283857e+37 Shat=2.4973600000e+02 Lhat=0.0000000000e+00
KNUTH_SUBTREE root=8018 depth=26 w=5.1395926240e+36 Shat=1.0855120000e+03 Lhat=0.0000000000e+00
KNUTH_SUBTREE root=8019 depth=26 w=2.7240076123e+37 Shat=1.3365980000e+03 Lhat=0.0000000000e+00
KNUTH_SUBTREE root=8020 depth=26 w=6.1271159427e+36 Shat=1.9704880000e+03 Lhat=0.0000000000e+00
KNUTH_SUBTREE root=8021 depth=26 w=8.1131168869e+36 Shat=5.1081000000e+02 Lhat=0.0000000000e+00
KNUTH_SUBTREE root=8022 depth=26 w=4.2602387265e+36 Shat=3.4475600000e+03 Lhat=0.0000000000e+00
KNUTH_SUBTREE root=8023 depth=26 w=1.2121768092e+37 Shat=8.7933700000e+02 Lhat=0.0000000000e+00
KNUTH_SUBTREE root=8024 depth=26 w=3.0122465511e+37 Shat=1.0182760000e+03 Lhat=0.0000000000e+00
KNUTH_SUBTREE root=8025 depth=26 w=1.9083446039e+35 Shat=1.7955000000e+01 Lhat=0.0000000000e+00
KNUTH_SUBTREE root=8026 depth=26 w=2.0965818858e+37 Shat=8.9840000000e+00 Lhat=0.0000000000e+00
KNUTH_SUBTREE root=8027 depth=26 w=3.2556523598e+37 Shat=1.6613560000e+03 Lhat=0.0000000000e+00
KNUTH_SUBTREE root=8028 depth=26 w=9.0391425906e+36 Shat=1.7644150000e+03 Lhat=0.0000000000e+00
KNUTH_SUBTREE root=8029 depth=26 w=2.6712614955e+36 Shat=3.0000000000e+00 Lhat=0.0000000000e+00
KNUTH_SUBTREE root=8030 depth=26 w=1.2699647943e+37 Shat=1.4764400000e+03 Lhat=0.0000000000e+00
KNUTH_SUBTREE root=8031 depth=26 w=3.0891771978e+37 Shat=7.4196000000e+02 Lhat=0.0000000000e+00
KNUTH_SUBTREE root=8032 depth=26 w=1.3796776387e+37 Shat=8.3682400000e+02 Lhat=0.0000000000e+00
KNUTH_SUBTREE root=8033 depth=26 w=8.1466854401e+36 Shat=1.0262800000e+03 Lhat=0.0000000000e+00
KNUTH_SUBTREE root=8034 depth=26 w=2.6260715134e+35 Shat=3.0000000000e+00 Lhat=0.0000000000e+00
KNUTH_SUBTREE root=8035 depth=26 w=5.3344966560e+36 Shat=9.0260000000e+01 Lhat=0.0000000000e+00
KNUTH_SUBTREE root=8036 depth=26 w=6.4572570422e+36 Shat=5.3614000000e+01 Lhat=0.0000000000e+00
KNUTH_SUBTREE root=8037 depth=26 w=4.6457855245e+36 Shat=5.3342000000e+02 Lhat=0.0000000000e+00
KNUTH_SUBTREE root=8038 depth=26 w=1.1382684461e+37 Shat=6.1422400000e+02 Lhat=0.0000000000e+00
KNUTH_SUBTREE root=8039 depth=26 w=3.1514694901e+37 Shat=4.5372400000e+02 Lhat=0.0000000000e+00
KNUTH_SUBTREE root=8040 depth=26 w=4.9270917911e+35 Shat=5.0000000000e+00 Lhat=0.0000000000e+00
KNUTH_SUBTREE root=8041 depth=26 w=2.6816249865e+36 Shat=3.4956640000e+03 Lhat=0.0000000000e+00
KNUTH_SUBTREE root=8042 depth=26 w=1.1263372149e+37 Shat=3.8294200000e+03 Lhat=1.6041600000e+02
KNUTH_SUBTREE root=8043 depth=26 w=6.8615806137e+36 Shat=6.5954800000e+03 Lhat=0.0000000000e+00
KNUTH_SUBTREE root=8044 depth=26 w=1.2370079638e+37 Shat=5.0944000000e+01 Lhat=0.0000000000e+00
KNUTH_SUBTREE root=8045 depth=26 w=8.6822409855e+35 Shat=7.9960000000e+00 Lhat=0.0000000000e+00
KNUTH_SUBTREE root=8046 depth=26 w=4.4207722488e+36 Shat=2.2300000000e+01 Lhat=0.0000000000e+00
KNUTH_SUBTREE root=8047 depth=26 w=4.1824177119e+36 Shat=8.0000000000e+00 Lhat=0.0000000000e+00
KNUTH_SUBTREE root=8048 depth=26 w=6.8393786727e+36 Shat=1.2381920000e+03 Lhat=0.0000000000e+00
KNUTH_SUBTREE root=8049 depth=26 w=1.3504321265e+37 Shat=8.0200000000e+00 Lhat=0.0000000000e+00
KNUTH_SUBTREE root=8050 depth=26 w=2.8549421892e+37 Shat=4.1290600000e+02 Lhat=0.0000000000e+00
KNUTH_SUBTREE root=8051 depth=26 w=5.3086240372e+36 Shat=3.1815300000e+03 Lhat=0.0000000000e+00
KNUTH_SUBTREE root=8052 depth=26 w=2.9121912292e+36 Shat=7.9000000000e+01 Lhat=0.0000000000e+00
KNUTH_SUBTREE root=8053 depth=26 w=2.2031982971e+37 Shat=4.0984000000e+01 Lhat=0.0000000000e+00
KNUTH_SUBTREE root=8054 depth=26 w=2.0774765521e+36 Shat=2.7064000000e+01 Lhat=0.0000000000e+00
KNUTH_SUBTREE root=8055 depth=26 w=1.7598461709e+37 Shat=6.0000000000e+00 Lhat=0.0000000000e+00
KNUTH_SUBTREE root=8056 depth=26 w=1.8179442189e+36 Shat=2.3483230000e+03 Lhat=0.0000000000e+00
KNUTH_SUBTREE root=8057 depth=26 w=2.0702298837e+36 Shat=2.6566420000e+03 Lhat=1.4731200000e+02
KNUTH_SUBTREE root=8058 depth=26 w=2.1823290658e+36 Shat=2.2441920000e+03 Lhat=0.0000000000e+00
KNUTH_SUBTREE root=8059 depth=26 w=2.5966663734e+36 Shat=3.5925800000e+03 Lhat=0.0000000000e+00
KNUTH_SUBTREE root=8060 depth=26 w=8.5694949644e+36 Shat=3.6784720000e+03 Lhat=0.0000000000e+00
KNUTH_SUBTREE root=8061 depth=26 w=8.9645136815e+36 Shat=7.2170550000e+03 Lhat=0.0000000000e+00
KNUTH_SUBTREE root=8062 depth=26 w=3.6869559239e+36 Shat=1.2410020000e+03 Lhat=0.0000000000e+00
KNUTH_SUBTREE root=8063 depth=26 w=2.7646359109e+37 Shat=5.1677000000e+02 Lhat=0.0000000000e+00
KNUTH_SUBTREE root=8064 depth=26 w=1.9944678732e+37 Shat=7.5353950000e+03 Lhat=0.0000000000e+00
KNUTH_SUBTREE root=8065 depth=26 w=6.9578866695e+36 Shat=2.5436000000e+01 Lhat=0.0000000000e+00
KNUTH_SUBTREE root=8066 depth=26 w=9.9271942300e+36 Shat=1.3000000000e+01 Lhat=0.0000000000e+00
KNUTH_SUBTREE root=8067 depth=26 w=7.5715448675e+36 Shat=3.5112640000e+03 Lhat=0.0000000000e+00
KNUTH_SUBTREE root=8068 depth=26 w=6.7357102958e+36 Shat=9.9972100000e+02 Lhat=0.0000000000e+00
KNUTH_SUBTREE root=8069 depth=26 w=3.9281976401e+36 Shat=2.8382200000e+03 Lhat=0.0000000000e+00
KNUTH_SUBTREE root=8070 depth=26 w=1.1015045382e+36 Shat=1.2632000000e+01 Lhat=0.0000000000e+00
KNUTH_SUBTREE root=8071 depth=26 w=2.3773639799e+36 Shat=2.7729890000e+03 Lhat=0.0000000000e+00
KNUTH_SUBTREE root=8072 depth=26 w=1.8535309405e+37 Shat=6.2549200000e+02 Lhat=0.0000000000e+00
KNUTH_SUBTREE root=8073 depth=26 w=1.6927951643e+36 Shat=6.0010000000e+00 Lhat=0.0000000000e+00
KNUTH_SUBTREE root=8074 depth=26 w=2.8071525544e+37 Shat=2.8263100000e+02 Lhat=0.0000000000e+00
KNUTH_SUBTREE root=8075 depth=26 w=3.4341708113e+36 Shat=1.0313830000e+03 Lhat=0.0000000000e+00
KNUTH_SUBTREE root=8076 depth=26 w=2.4142746963e+37 Shat=1.9775260000e+03 Lhat=0.0000000000e+00
KNUTH_SUBTREE root=8077 depth=26 w=6.1095130855e+36 Shat=4.0000000000e+00 Lhat=0.0000000000e+00
KNUTH_SUBTREE root=8078 depth=26 w=2.8108370300e+37 Shat=3.4440000000e+01 Lhat=0.0000000000e+00
KNUTH_SUBTREE root=8079 depth=26 w=2.6252208362e+37 Shat=1.5673910000e+04 Lhat=0.0000000000e+00
KNUTH_SUBTREE root=8080 depth=26 w=6.7969491192e+36 Shat=1.7136800000e+02 Lhat=0.0000000000e+00
KNUTH_SUBTREE root=8081 depth=26 w=3.2792864879e+36 Shat=4.0950400000e+02 Lhat=0.0000000000e+00
KNUTH_SUBTREE root=8082 depth=26 w=1.9797230931e+36 Shat=3.9897210000e+03 Lhat=0.0000000000e+00
KNUTH_SUBTREE root=8083 depth=26 w=3.2436595338e+36 Shat=5.8458200000e+03 Lhat=0.0000000000e+00
KNUTH_SUBTREE root=8084 depth=26 w=6.3292446095e+36 Shat=5.0499800000e+02 Lhat=0.0000000000e+00
KNUTH_SUBTREE root=8085 depth=26 w=6.0322037026e+36 Shat=1.5505000000e+02 Lhat=0.0000000000e+00
KNUTH_SUBTREE root=8086 depth=26 w=6.0035975192e+36 Shat=1.4456080000e+03 Lhat=0.0000000000e+00
KNUTH_SUBTREE root=8087 depth=26 w=3.8237311184e+36 Shat=1.3000000000e+01 Lhat=0.0000000000e+00
KNUTH_SUBTREE root=8088 depth=26 w=3.3000298875e+37 Shat=2.0233300000e+02 Lhat=0.0000000000e+00
KNUTH_SUBTREE root=8089 depth=26 w=1.6607228696e+36 Shat=7.5901000000e+01 Lhat=0.0000000000e+00
KNUTH_SUBTREE root=8090 depth=26 w=3.1378423780e+36 Shat=1.6200760000e+03 Lhat=0.0000000000e+00
KNUTH_SUBTREE root=8091 depth=26 w=2.6577336836e+36 Shat=5.0165200000e+03 Lhat=0.0000000000e+00
KNUTH_SUBTREE root=8092 depth=26 w=6.1273621930e+36 Shat=5.3145000000e+02 Lhat=0.0000000000e+00
KNUTH_SUBTREE root=8093 depth=26 w=9.8495089007e+36 Shat=1.3000000000e+01 Lhat=0.0000000000e+00
KNUTH_SUBTREE root=8094 depth=26 w=2.8178936542e+37 Shat=6.3301000000e+03 Lhat=0.0000000000e+00
KNUTH_SUBTREE root=8095 depth=26 w=2.9047248708e+36 Shat=1.3000000000e+01 Lhat=0.0000000000e+00
KNUTH_SUBTREE root=8096 depth=26 w=1.1892088146e+37 Shat=1.7097950000e+03 Lhat=0.0000000000e+00
KNUTH_SUBTREE root=8097 depth=26 w=2.4869152184e+37 Shat=1.8931700000e+03 Lhat=0.0000000000e+00
KNUTH_SUBTREE root=8098 depth=26 w=3.0784057959e+37 Shat=3.8924440000e+03 Lhat=0.0000000000e+00
KNUTH_SUBTREE root=8099 depth=26 w=3.3100989026e+36 Shat=3.1795000000e+02 Lhat=0.0000000000e+00
KNUTH_SUBTREE root=8100 depth=26 w=5.4100485765e+34 Shat=4.0000000000e+00 Lhat=0.0000000000e+00
KNUTH_SUBTREE root=8101 depth=26 w=3.0991699586e+37 Shat=5.0048300000e+03 Lhat=0.0000000000e+00
KNUTH_SUBTREE root=8102 depth=26 w=1.4807660738e+36 Shat=3.0000000000e+00 Lhat=0.0000000000e+00
KNUTH_SUBTREE root=8103 depth=26 w=3.0474087145e+37 Shat=6.0762450000e+03 Lhat=0.0000000000e+00
KNUTH_SUBTREE root=8104 depth=26 w=1.0489690281e+37 Shat=1.1152700000e+04 Lhat=1.8201600000e+03
KNUTH_SUBTREE root=8105 depth=26 w=8.4835988922e+36 Shat=2.4188000000e+01 Lhat=0.0000000000e+00
KNUTH_SUBTREE root=8106 depth=26 w=1.6689256062e+37 Shat=3.9764800000e+03 Lhat=0.0000000000e+00
KNUTH_SUBTREE root=8107 depth=26 w=8.5839284559e+36 Shat=3.1955200000e+02 Lhat=0.0000000000e+00
KNUTH_SUBTREE root=8108 depth=26 w=6.5241199677e+36 Shat=5.4769000000e+02 Lhat=0.0000000000e+00
KNUTH_SUBTREE root=8109 depth=26 w=4.6125577135e+36 Shat=1.1956000000e+01 Lhat=0.0000000000e+00
KNUTH_SUBTREE root=8110 depth=26 w=4.9397687060e+36 Shat=3.0747600000e+02 Lhat=0.0000000000e+00
KNUTH_SUBTREE root=8111 depth=26 w=2.1760545174e+37 Shat=1.4543000000e+02 Lhat=0.0000000000e+00
KNUTH_SUBTREE root=8112 depth=26 w=1.4911855125e+36 Shat=2.0000000000e+00 Lhat=0.0000000000e+00
KNUTH_SUBTREE root=8113 depth=26 w=5.5221405827e+36 Shat=8.9280000000e+01 Lhat=0.0000000000e+00
KNUTH_SUBTREE root=8114 depth=26 w=3.3130276099e+37 Shat=4.7018000000e+01 Lhat=0.0000000000e+00
KNUTH_SUBTREE root=8115 depth=26 w=2.4681260673e+37 Shat=2.3076370000e+03 Lhat=0.0000000000e+00
KNUTH_SUBTREE root=8116 depth=26 w=9.7379141408e+36 Shat=1.5247000000e+03 Lhat=0.0000000000e+00
KNUTH_SUBTREE root=8117 depth=26 w=2.8590115701e+37 Shat=6.1851880000e+03 Lhat=0.0000000000e+00
KNUTH_SUBTREE root=8118 depth=26 w=1.6045351347e+37 Shat=2.0877760000e+03 Lhat=0.0000000000e+00
KNUTH_SUBTREE root=8119 depth=26 w=4.8649546990e+36 Shat=8.2127970000e+03 Lhat=2.0070820000e+03
KNUTH_SUBTREE root=8120 depth=26 w=1.4828047584e+36 Shat=6.0810000000e+01 Lhat=0.0000000000e+00
KNUTH_SUBTREE root=8121 depth=26 w=2.9073673072e+37 Shat=4.9972360000e+03 Lhat=0.0000000000e+00
KNUTH_SUBTREE root=8122 depth=26 w=2.5539348208e+37 Shat=4.0407000000e+02 Lhat=0.0000000000e+00
KNUTH_SUBTREE root=8123 depth=26 w=1.3063362627e+37 Shat=1.4714410000e+03 Lhat=0.0000000000e+00
KNUTH_SUBTREE root=8124 depth=26 w=8.5145997397e+36 Shat=9.3893200000e+02 Lhat=0.0000000000e+00
KNUTH_SUBTREE root=8125 depth=26 w=4.2079400802e+36 Shat=4.0080000000e+00 Lhat=0.0000000000e+00
KNUTH_SUBTREE root=8126 depth=26 w=3.0772852055e+36 Shat=1.7001600000e+03 Lhat=0.0000000000e+00
KNUTH_SUBTREE root=8127 depth=26 w=2.8323565976e+37 Shat=6.7024000000e+02 Lhat=0.0000000000e+00
KNUTH_SUBTREE root=8128 depth=26 w=1.8572608545e+37 Shat=1.7992720000e+03 Lhat=0.0000000000e+00
KNUTH_SUBTREE root=8129 depth=26 w=2.2926725974e+36 Shat=4.0000000000e+00 Lhat=0.0000000000e+00
KNUTH_SUBTREE root=8130 depth=26 w=2.5793212439e+36 Shat=3.1370320000e+03 Lhat=0.0000000000e+00
KNUTH_SUBTREE root=8131 depth=26 w=3.0430447676e+37 Shat=1.8860700000e+03 Lhat=0.0000000000e+00
KNUTH_SUBTREE root=8132 depth=26 w=3.0534363482e+37 Shat=2.3904000000e+01 Lhat=0.0000000000e+00
KNUTH_SUBTREE root=8133 depth=26 w=9.1229729762e+36 Shat=1.9578200000e+02 Lhat=0.0000000000e+00
KNUTH_SUBTREE root=8134 depth=26 w=1.6178421679e+37 Shat=1.4166820000e+03 Lhat=0.0000000000e+00
KNUTH_SUBTREE root=8135 depth=26 w=3.0098664989e+37 Shat=4.3276000000e+02 Lhat=0.0000000000e+00
KNUTH_SUBTREE root=8136 depth=26 w=9.1533624613e+36 Shat=1.4167240000e+03 Lhat=0.0000000000e+00
KNUTH_SUBTREE root=8137 depth=26 w=1.1569999819e+37 Shat=1.3574260000e+03 Lhat=0.0000000000e+00
KNUTH_SUBTREE root=8138 depth=26 w=8.8289830134e+36 Shat=2.8249000000e+02 Lhat=0.0000000000e+00
KNUTH_SUBTREE root=8139 depth=26 w=3.0543290988e+36 Shat=4.6650250000e+03 Lhat=0.0000000000e+00
KNUTH_SUBTREE root=8140 depth=26 w=4.4060867117e+36 Shat=4.7486500000e+02 Lhat=0.0000000000e+00
KNUTH_SUBTREE root=8141 depth=26 w=2.8180481919e+37 Shat=2.0260200000e+03 Lhat=0.0000000000e+00
KNUTH_SUBTREE root=8142 depth=26 w=3.3037147205e+36 Shat=2.9170000000e+02 Lhat=0.0000000000e+00
KNUTH_SUBTREE root=8143 depth=26 w=1.1762844856e+37 Shat=6.1423200000e+02 Lhat=0.0000000000e+00
KNUTH_SUBTREE root=8144 depth=26 w=2.8254645839e+37 Shat=1.1680400000e+03 Lhat=0.0000000000e+00
KNUTH_SUBTREE root=8145 depth=26 w=3.2574989277e+36 Shat=4.3324000000e+02 Lhat=0.0000000000e+00
KNUTH_SUBTREE root=8146 depth=26 w=2.4923370378e+37 Shat=7.0548000000e+02 Lhat=0.0000000000e+00
KNUTH_SUBTREE root=8147 depth=26 w=6.1745228714e+36 Shat=3.5590000000e+01 Lhat=0.0000000000e+00
KNUTH_SUBTREE root=8148 depth=26 w=7.2832374020e+36 Shat=1.7478000000e+03 Lhat=0.0000000000e+00
KNUTH_SUBTREE root=8149 depth=26 w=1.6086392775e+36 Shat=1.4940400000e+02 Lhat=0.0000000000e+00
KNUTH_SUBTREE root=8150 depth=26 w=6.7231205813e+35 Shat=1.7960000000e+01 Lhat=0.0000000000e+00
KNUTH_SUBTREE root=8151 depth=26 w=3.9255519871e+36 Shat=4.1270120000e+03 Lhat=0.0000000000e+00
KNUTH_SUBTREE root=8152 depth=26 w=3.0168974851e+37 Shat=1.7595040000e+03 Lhat=0.0000000000e+00
KNUTH_SUBTREE root=8153 depth=26 w=2.0595625873e+37 Shat=4.7728500000e+03 Lhat=0.0000000000e+00
KNUTH_SUBTREE root=8154 depth=26 w=2.0284071247e+37 Shat=2.7831200000e+02 Lhat=0.0000000000e+00
KNUTH_SUBTREE root=8155 depth=26 w=5.5440989152e+36 Shat=4.7432000000e+01 Lhat=0.0000000000e+00
KNUTH_SUBTREE root=8156 depth=26 w=2.8092487122e+37 Shat=3.3593830000e+03 Lhat=0.0000000000e+00
KNUTH_SUBTREE root=8157 depth=26 w=1.0299612395e+36 Shat=1.0000000000e+00 Lhat=0.0000000000e+00
KNUTH_SUBTREE root=8158 depth=26 w=6.7257963825e+35 Shat=1.3000000000e+01 Lhat=0.0000000000e+00
KNUTH_SUBTREE root=8159 depth=26 w=5.8356894194e+36 Shat=6.1883200000e+02 Lhat=0.0000000000e+00
KNUTH_SUBTREE root=8160 depth=26 w=5.5364331147e+36 Shat=3.6368880000e+03 Lhat=0.0000000000e+00
KNUTH_SUBTREE root=8161 depth=26 w=4.2605305073e+37 Shat=1.0975960000e+03 Lhat=0.0000000000e+00
KNUTH_SUBTREE root=8162 depth=26 w=6.3958717092e+36 Shat=1.4523200000e+02 Lhat=0.0000000000e+00
KNUTH_SUBTREE root=8163 depth=26 w=4.0472973138e+36 Shat=4.3840000000e+01 Lhat=0.0000000000e+00
KNUTH_SUBTREE root=8164 depth=26 w=9.1325626371e+36 Shat=4.9005000000e+01 Lhat=0.0000000000e+00
KNUTH_SUBTREE root=8165 depth=26 w=0 Shat=0 Lhat=0 dead=1
KNUTH_SUBTREE root=8166 depth=26 w=5.8532881626e+36 Shat=1.3000000000e+01 Lhat=0.0000000000e+00
KNUTH_SUBTREE root=8167 depth=26 w=6.8413687122e+36 Shat=7.0795990000e+03 Lhat=0.0000000000e+00
KNUTH_SUBTREE root=8168 depth=26 w=6.4399747142e+36 Shat=2.6416000000e+02 Lhat=0.0000000000e+00
KNUTH_SUBTREE root=8169 depth=26 w=5.0547327273e+36 Shat=1.0236520000e+03 Lhat=0.0000000000e+00
KNUTH_SUBTREE root=8170 depth=26 w=1.4373945518e+37 Shat=5.9155500000e+02 Lhat=0.0000000000e+00
KNUTH_SUBTREE root=8171 depth=26 w=2.5582261225e+37 Shat=9.7583500000e+02 Lhat=0.0000000000e+00
KNUTH_SUBTREE root=8172 depth=26 w=2.5463842366e+37 Shat=3.9394120000e+03 Lhat=0.0000000000e+00
KNUTH_SUBTREE root=8173 depth=26 w=2.3396613999e+36 Shat=1.9004800000e+03 Lhat=0.0000000000e+00
KNUTH_SUBTREE root=8174 depth=26 w=8.3118894420e+36 Shat=1.9667170000e+03 Lhat=0.0000000000e+00
KNUTH_SUBTREE root=8175 depth=26 w=2.8924192581e+37 Shat=7.3799000000e+02 Lhat=0.0000000000e+00
KNUTH_SUBTREE root=8176 depth=26 w=3.9461582210e+36 Shat=2.3009240000e+03 Lhat=0.0000000000e+00
KNUTH_SUBTREE root=8177 depth=26 w=9.2084831505e+36 Shat=4.7168440000e+03 Lhat=0.0000000000e+00
KNUTH_SUBTREE root=8178 depth=26 w=6.0547069825e+36 Shat=3.1996000000e+01 Lhat=0.0000000000e+00
KNUTH_SUBTREE root=8179 depth=26 w=7.3624049949e+36 Shat=3.2877500000e+02 Lhat=0.0000000000e+00
KNUTH_SUBTREE root=8180 depth=26 w=1.3880351014e+37 Shat=1.2841230000e+04 Lhat=1.7236400000e+03
KNUTH_SUBTREE root=8181 depth=26 w=5.7042531813e+36 Shat=5.6030300000e+03 Lhat=1.8560000000e+02
KNUTH_SUBTREE root=8182 depth=26 w=5.4795436267e+36 Shat=2.9910400000e+02 Lhat=0.0000000000e+00
KNUTH_SUBTREE root=8183 depth=26 w=5.8834045130e+36 Shat=1.2027600000e+03 Lhat=0.0000000000e+00
KNUTH_SUBTREE root=8184 depth=26 w=1.1213946995e+37 Shat=2.1997000000e+01 Lhat=0.0000000000e+00
KNUTH_SUBTREE root=8185 depth=26 w=1.0114849548e+37 Shat=7.8627000000e+01 Lhat=0.0000000000e+00
KNUTH_SUBTREE root=8186 depth=26 w=5.9904013246e+36 Shat=4.1240000000e+01 Lhat=0.0000000000e+00
KNUTH_SUBTREE root=8187 depth=26 w=4.1397554193e+35 Shat=2.3080000000e+01 Lhat=0.0000000000e+00
KNUTH_SUBTREE root=8188 depth=26 w=6.9458349364e+36 Shat=5.7094000000e+01 Lhat=0.0000000000e+00
KNUTH_SUBTREE root=8189 depth=26 w=3.3726004889e+37 Shat=4.2060640000e+03 Lhat=0.0000000000e+00
KNUTH_SUBTREE root=8190 depth=26 w=2.1884629935e+37 Shat=1.1011800000e+03 Lhat=0.0000000000e+00
KNUTH_SUBTREE root=8191 depth=26 w=3.4239520374e+35 Shat=1.0000000000e+00 Lhat=0.0000000000e+00
KNUTH_SUBTREE root=8192 depth=26 w=2.7147902154e+36 Shat=8.8720000000e+00 Lhat=0.0000000000e+00
KNUTH_SUBTREE root=8193 depth=26 w=3.0035016613e+36 Shat=4.4254600000e+03 Lhat=0.0000000000e+00
KNUTH_SUBTREE root=8194 depth=26 w=2.5559059248e+36 Shat=3.8903690000e+03 Lhat=0.0000000000e+00
KNUTH_SUBTREE root=8195 depth=26 w=2.8850883673e+37 Shat=3.2983120000e+03 Lhat=0.0000000000e+00
KNUTH_SUBTREE root=8196 depth=26 w=2.3954136412e+36 Shat=1.7613100000e+03 Lhat=0.0000000000e+00
KNUTH_SUBTREE root=8197 depth=26 w=4.1556543502e+36 Shat=1.6811100000e+02 Lhat=0.0000000000e+00
KNUTH_SUBTREE root=8198 depth=26 w=4.1605219310e+36 Shat=4.6177990000e+03 Lhat=5.4654600000e+02
KNUTH_SUBTREE root=8199 depth=26 w=1.9186919352e+36 Shat=1.3000000000e+01 Lhat=0.0000000000e+00
KNUTH_SUBTREE root=8200 depth=26 w=4.9408594942e+36 Shat=3.9168500000e+03 Lhat=0.0000000000e+00
KNUTH_SUBTREE root=8201 depth=26 w=2.0840859311e+36 Shat=1.3980000000e+01 Lhat=0.0000000000e+00
KNUTH_SUBTREE root=8202 depth=26 w=2.5284572377e+37 Shat=1.1323500000e+02 Lhat=0.0000000000e+00
KNUTH_SUBTREE root=8203 depth=26 w=3.1110071625e+36 Shat=1.3220560000e+03 Lhat=0.0000000000e+00
KNUTH_SUBTREE root=8204 depth=26 w=5.2528360206e+36 Shat=1.2004000000e+01 Lhat=0.0000000000e+00
KNUTH_SUBTREE root=8205 depth=26 w=1.0066650935e+37 Shat=6.0880800000e+02 Lhat=0.0000000000e+00
KNUTH_SUBTREE root=8206 depth=26 w=3.2371156296e+36 Shat=1.2641220000e+03 Lhat=0.0000000000e+00
KNUTH_SUBTREE root=8207 depth=26 w=1.0415218660e+37 Shat=1.6833300000e+03 Lhat=0.0000000000e+00
KNUTH_SUBTREE root=8208 depth=26 w=2.9875333930e+36 Shat=2.6968000000e+01 Lhat=0.0000000000e+00
KNUTH_SUBTREE root=8209 depth=26 w=2.1836394400e+36 Shat=2.1000000000e+01 Lhat=0.0000000000e+00
KNUTH_SUBTREE root=8210 depth=26 w=3.2676608194e+37 Shat=1.0001900000e+03 Lhat=0.0000000000e+00
KNUTH_SUBTREE root=8211 depth=26 w=2.4880015811e+37 Shat=7.3531960000e+03 Lhat=0.0000000000e+00
KNUTH_SUBTREE root=8212 depth=26 w=1.2663946439e+37 Shat=5.8975300000e+02 Lhat=0.0000000000e+00
KNUTH_SUBTREE root=8213 depth=26 w=8.2610855992e+36 Shat=1.5959920000e+03 Lhat=0.0000000000e+00
KNUTH_SUBTREE root=8214 depth=26 w=1.9216851211e+37 Shat=5.2421500000e+02 Lhat=0.0000000000e+00
KNUTH_SUBTREE root=8215 depth=26 w=2.0757867350e+37 Shat=1.6376240000e+03 Lhat=0.0000000000e+00
KNUTH_SUBTREE root=8216 depth=26 w=2.7536929824e+37 Shat=3.4523200000e+03 Lhat=0.0000000000e+00
KNUTH_SUBTREE root=8217 depth=26 w=8.7291325662e+36 Shat=1.0992000000e+01 Lhat=0.0000000000e+00
KNUTH_SUBTREE root=8218 depth=26 w=1.0693166523e+37 Shat=5.9440000000e+01 Lhat=0.0000000000e+00
KNUTH_SUBTREE root=8219 depth=26 w=3.5915383712e+36 Shat=3.4424200000e+02 Lhat=0.0000000000e+00
KNUTH_SUBTREE root=8220 depth=26 w=0 Shat=0 Lhat=0 dead=1
KNUTH_SUBTREE root=8221 depth=26 w=2.9589020104e+36 Shat=4.2500700000e+03 Lhat=0.0000000000e+00
KNUTH_SUBTREE root=8222 depth=26 w=2.6849827112e+37 Shat=9.1985200000e+02 Lhat=0.0000000000e+00
KNUTH_SUBTREE root=8223 depth=26 w=1.3786083979e+37 Shat=4.8451000000e+01 Lhat=0.0000000000e+00
KNUTH_SUBTREE root=8224 depth=26 w=3.7340867515e+36 Shat=3.6055000000e+02 Lhat=0.0000000000e+00
KNUTH_SUBTREE root=8225 depth=26 w=3.7305361689e+37 Shat=3.4306000000e+01 Lhat=0.0000000000e+00
KNUTH_SUBTREE root=8226 depth=26 w=3.7060703208e+36 Shat=1.2927628000e+04 Lhat=0.0000000000e+00
KNUTH_SUBTREE root=8227 depth=26 w=1.6961777910e+37 Shat=3.8280800000e+02 Lhat=0.0000000000e+00
KNUTH_SUBTREE root=8228 depth=26 w=5.0285538407e+34 Shat=1.0000000000e+00 Lhat=0.0000000000e+00
KNUTH_SUBTREE root=8229 depth=26 w=7.1598687807e+36 Shat=5.3665300000e+03 Lhat=0.0000000000e+00
KNUTH_SUBTREE root=8230 depth=26 w=4.5616085873e+36 Shat=5.5581600000e+02 Lhat=0.0000000000e+00
KNUTH_SUBTREE root=8231 depth=26 w=2.1447982766e+37 Shat=6.9216000000e+01 Lhat=0.0000000000e+00
KNUTH_SUBTREE root=8232 depth=26 w=7.0616368134e+35 Shat=1.3831000000e+02 Lhat=0.0000000000e+00
KNUTH_SUBTREE root=8233 depth=26 w=3.3286257527e+36 Shat=1.8022800000e+02 Lhat=0.0000000000e+00
KNUTH_SUBTREE root=8234 depth=26 w=8.1630181265e+36 Shat=1.5041940000e+03 Lhat=0.0000000000e+00
KNUTH_SUBTREE root=8235 depth=26 w=6.7763496216e+36 Shat=7.3620000000e+01 Lhat=0.0000000000e+00
KNUTH_SUBTREE root=8236 depth=26 w=1.4037201784e+36 Shat=8.8835000000e+01 Lhat=0.0000000000e+00
KNUTH_SUBTREE root=8237 depth=26 w=1.4285864862e+37 Shat=2.2565390000e+03 Lhat=0.0000000000e+00
KNUTH_SUBTREE root=8238 depth=26 w=4.3188096122e+36 Shat=9.9898000000e+02 Lhat=0.0000000000e+00
KNUTH_SUBTREE root=8239 depth=26 w=2.8875523741e+37 Shat=3.0728270000e+03 Lhat=0.0000000000e+00
KNUTH_SUBTREE root=8240 depth=26 w=2.5158361719e+37 Shat=2.1786700000e+03 Lhat=4.3868000000e+01
KNUTH_SUBTREE root=8241 depth=26 w=2.9162250014e+36 Shat=3.6654740000e+03 Lhat=0.0000000000e+00
KNUTH_SUBTREE root=8242 depth=26 w=3.6887887365e+36 Shat=4.5592600000e+03 Lhat=4.2260000000e+02
KNUTH_SUBTREE root=8243 depth=26 w=4.5782000687e+36 Shat=5.4507400000e+03 Lhat=0.0000000000e+00
KNUTH_SUBTREE root=8244 depth=26 w=4.6073637062e+36 Shat=1.6427080000e+03 Lhat=0.0000000000e+00
KNUTH_SUBTREE root=8245 depth=26 w=2.7997119504e+36 Shat=2.9575120000e+03 Lhat=0.0000000000e+00
KNUTH_SUBTREE root=8246 depth=26 w=2.9180692671e+36 Shat=1.1128100000e+03 Lhat=0.0000000000e+00
KNUTH_SUBTREE root=8247 depth=26 w=2.6100744716e+37 Shat=5.0014000000e+02 Lhat=0.0000000000e+00
KNUTH_SUBTREE root=8248 depth=26 w=2.0566424976e+36 Shat=4.1845000000e+01 Lhat=0.0000000000e+00
KNUTH_SUBTREE root=8249 depth=26 w=2.6015047080e+37 Shat=1.0139884000e+04 Lhat=0.0000000000e+00
KNUTH_SUBTREE root=8250 depth=26 w=4.1407286786e+36 Shat=4.7168560000e+03 Lhat=0.0000000000e+00
KNUTH_SUBTREE root=8251 depth=26 w=6.7714399815e+36 Shat=5.0397600000e+02 Lhat=0.0000000000e+00
KNUTH_SUBTREE root=8252 depth=26 w=3.4519581378e+37 Shat=1.1304010000e+03 Lhat=0.0000000000e+00
KNUTH_SUBTREE root=8253 depth=26 w=2.8209692456e+36 Shat=7.0000000000e+00 Lhat=0.0000000000e+00
KNUTH_SUBTREE root=8254 depth=26 w=8.0821147557e+35 Shat=1.4000000000e+01 Lhat=0.0000000000e+00
KNUTH_SUBTREE root=8255 depth=26 w=1.6884996608e+37 Shat=5.6837600000e+02 Lhat=0.0000000000e+00
KNUTH_SUBTREE root=8256 depth=26 w=3.0085014687e+37 Shat=4.8787630000e+03 Lhat=0.0000000000e+00
KNUTH_SUBTREE root=8257 depth=26 w=1.5136021456e+37 Shat=3.6354700000e+03 Lhat=0.0000000000e+00
KNUTH_SUBTREE root=8258 depth=26 w=3.4904915701e+36 Shat=2.2823200000e+02 Lhat=0.0000000000e+00
KNUTH_SUBTREE root=8259 depth=26 w=1.2525917619e+37 Shat=2.0106400000e+03 Lhat=0.0000000000e+00
KNUTH_SUBTREE root=8260 depth=26 w=3.7155634406e+36 Shat=1.1004000000e+01 Lhat=0.0000000000e+00
KNUTH_SUBTREE root=8261 depth=26 w=1.5789628051e+37 Shat=2.1522480000e+03 Lhat=0.0000000000e+00
KNUTH_SUBTREE root=8262 depth=26 w=1.3695108433e+37 Shat=4.3147000000e+02 Lhat=0.0000000000e+00
KNUTH_SUBTREE root=8263 depth=26 w=8.0657054604e+36 Shat=2.8580800000e+03 Lhat=0.0000000000e+00
KNUTH_SUBTREE root=8264 depth=26 w=1.0072383782e+37 Shat=5.8118480000e+03 Lhat=0.0000000000e+00
KNUTH_SUBTREE root=8265 depth=26 w=8.7772994333e+36 Shat=2.9828000000e+02 Lhat=0.0000000000e+00
KNUTH_SUBTREE root=8266 depth=26 w=6.9160417349e+36 Shat=2.6076400000e+03 Lhat=0.0000000000e+00
KNUTH_SUBTREE root=8267 depth=26 w=8.9647662082e+36 Shat=1.3057750000e+03 Lhat=0.0000000000e+00
KNUTH_SUBTREE root=8268 depth=26 w=4.4803269301e+36 Shat=1.8693720000e+03 Lhat=0.0000000000e+00
KNUTH_SUBTREE root=8269 depth=26 w=1.6290442964e+35 Shat=3.0000000000e+00 Lhat=0.0000000000e+00
KNUTH_SUBTREE root=8270 depth=26 w=3.0018963758e+37 Shat=2.2896930000e+03 Lhat=0.0000000000e+00
KNUTH_SUBTREE root=8271 depth=26 w=3.1728430549e+36 Shat=2.2396640000e+03 Lhat=0.0000000000e+00
KNUTH_SUBTREE root=8272 depth=26 w=1.4250494209e+36 Shat=6.0000000000e+00 Lhat=0.0000000000e+00
KNUTH_SUBTREE root=8273 depth=26 w=3.1712723011e+37 Shat=6.6664000000e+01 Lhat=0.0000000000e+00
KNUTH_SUBTREE root=8274 depth=26 w=3.2946950489e+36 Shat=3.3028000000e+01 Lhat=0.0000000000e+00
KNUTH_SUBTREE root=8275 depth=26 w=6.9188559567e+36 Shat=2.2288600000e+02 Lhat=0.0000000000e+00
KNUTH_SUBTREE root=8276 depth=26 w=1.6233682282e+37 Shat=3.6063640000e+03 Lhat=0.0000000000e+00
KNUTH_SUBTREE root=8277 depth=26 w=8.1304696603e+36 Shat=5.2850800000e+02 Lhat=0.0000000000e+00
KNUTH_SUBTREE root=8278 depth=26 w=7.1960688982e+36 Shat=1.2042400000e+03 Lhat=0.0000000000e+00
KNUTH_SUBTREE root=8279 depth=26 w=2.5868888709e+37 Shat=2.1964460000e+03 Lhat=0.0000000000e+00
KNUTH_SUBTREE root=8280 depth=26 w=1.9224634934e+36 Shat=5.9440000000e+00 Lhat=0.0000000000e+00
KNUTH_SUBTREE root=8281 depth=26 w=2.8090993848e+37 Shat=7.9412920000e+03 Lhat=0.0000000000e+00
KNUTH_SUBTREE root=8282 depth=26 w=2.1642225577e+37 Shat=5.9210000000e+02 Lhat=1.3500000000e+00
KNUTH_SUBTREE root=8283 depth=26 w=9.0914846919e+36 Shat=5.3336000000e+01 Lhat=0.0000000000e+00
KNUTH_SUBTREE root=8284 depth=26 w=5.4122008504e+36 Shat=2.5359040000e+03 Lhat=0.0000000000e+00
KNUTH_SUBTREE root=8285 depth=26 w=1.3303096638e+37 Shat=4.3081200000e+03 Lhat=0.0000000000e+00
KNUTH_SUBTREE root=8286 depth=26 w=1.3265977176e+37 Shat=5.0248800000e+02 Lhat=0.0000000000e+00
KNUTH_SUBTREE root=8287 depth=26 w=7.8543416847e+36 Shat=1.2836300000e+03 Lhat=0.0000000000e+00
KNUTH_SUBTREE root=8288 depth=26 w=2.3708435201e+36 Shat=7.1245600000e+03 Lhat=8.1513600000e+02
KNUTH_SUBTREE root=8289 depth=26 w=9.2238104777e+36 Shat=1.9078960000e+03 Lhat=0.0000000000e+00
KNUTH_SUBTREE root=8290 depth=26 w=3.3127575865e+37 Shat=4.7477260000e+03 Lhat=0.0000000000e+00
KNUTH_SUBTREE root=8291 depth=26 w=3.1634284402e+36 Shat=4.9899160000e+03 Lhat=0.0000000000e+00
KNUTH_SUBTREE root=8292 depth=26 w=3.5739283984e+37 Shat=7.5100120000e+03 Lhat=0.0000000000e+00
KNUTH_SUBTREE root=8293 depth=26 w=3.6021135058e+37 Shat=3.7522000000e+03 Lhat=0.0000000000e+00
KNUTH_SUBTREE root=8294 depth=26 w=3.2055781173e+37 Shat=6.8156470000e+03 Lhat=0.0000000000e+00
KNUTH_SUBTREE root=8295 depth=26 w=3.7367294908e+36 Shat=2.8656320000e+03 Lhat=0.0000000000e+00
KNUTH_SUBTREE root=8296 depth=26 w=4.8560469272e+36 Shat=1.1000000000e+01 Lhat=0.0000000000e+00
KNUTH_SUBTREE root=8297 depth=26 w=2.6799280850e+36 Shat=3.1067120000e+03 Lhat=0.0000000000e+00
KNUTH_SUBTREE root=8298 depth=26 w=2.4407387411e+37 Shat=2.1152350000e+03 Lhat=0.0000000000e+00
KNUTH_SUBTREE root=8299 depth=26 w=8.0105287343e+36 Shat=1.6408000000e+02 Lhat=0.0000000000e+00
KNUTH_SUBTREE root=8300 depth=26 w=2.5398556452e+37 Shat=6.1406200000e+02 Lhat=0.0000000000e+00
KNUTH_SUBTREE root=8301 depth=26 w=1.5503748642e+36 Shat=3.9910000000e+01 Lhat=0.0000000000e+00
KNUTH_SUBTREE root=8302 depth=26 w=2.7008738150e+36 Shat=8.5630700000e+03 Lhat=0.0000000000e+00
KNUTH_SUBTREE root=8303 depth=26 w=4.6568716652e+36 Shat=7.4500300000e+02 Lhat=0.0000000000e+00
KNUTH_SUBTREE root=8304 depth=26 w=2.5229374093e+37 Shat=1.1897200000e+02 Lhat=0.0000000000e+00
KNUTH_SUBTREE root=8305 depth=26 w=3.2775158596e+37 Shat=7.1356000000e+02 Lhat=0.0000000000e+00
KNUTH_SUBTREE root=8306 depth=26 w=2.8980181099e+37 Shat=2.2634800000e+02 Lhat=0.0000000000e+00
KNUTH_SUBTREE root=8307 depth=26 w=1.7710861611e+37 Shat=1.3035200000e+03 Lhat=0.0000000000e+00
KNUTH_SUBTREE root=8308 depth=26 w=2.4352668841e+37 Shat=1.7459440000e+03 Lhat=0.0000000000e+00
KNUTH_SUBTREE root=8309 depth=26 w=4.2952688131e+36 Shat=9.3697660000e+03 Lhat=1.0048060000e+03
KNUTH_SUBTREE root=8310 depth=26 w=1.0232833250e+37 Shat=1.0156780000e+03 Lhat=0.0000000000e+00
KNUTH_SUBTREE root=8311 depth=26 w=5.2617339319e+36 Shat=7.9850000000e+01 Lhat=0.0000000000e+00
KNUTH_SUBTREE root=8312 depth=26 w=3.4140445904e+37 Shat=4.4947240000e+03 Lhat=0.0000000000e+00
KNUTH_SUBTREE root=8313 depth=26 w=5.4182394332e+36 Shat=2.0728300000e+03 Lhat=0.0000000000e+00
KNUTH_SUBTREE root=8314 depth=26 w=1.1768618213e+36 Shat=1.7032000000e+01 Lhat=0.0000000000e+00
KNUTH_SUBTREE root=8315 depth=26 w=2.7206585109e+37 Shat=3.3517600000e+02 Lhat=0.0000000000e+00
KNUTH_SUBTREE root=8316 depth=26 w=1.8547503108e+37 Shat=2.7985600000e+02 Lhat=0.0000000000e+00
KNUTH_SUBTREE root=8317 depth=26 w=3.1172234592e+37 Shat=3.7249300000e+03 Lhat=0.0000000000e+00
KNUTH_SUBTREE root=8318 depth=26 w=2.6963593928e+36 Shat=4.3987300000e+03 Lhat=0.0000000000e+00
KNUTH_SUBTREE root=8319 depth=26 w=4.9869787717e+34 Shat=4.0000000000e+00 Lhat=0.0000000000e+00
KNUTH_SUBTREE root=8320 depth=26 w=7.7777383789e+36 Shat=1.2064980000e+03 Lhat=0.0000000000e+00
KNUTH_SUBTREE root=8321 depth=26 w=1.0138803837e+37 Shat=7.5913600000e+02 Lhat=0.0000000000e+00
KNUTH_SUBTREE root=8322 depth=26 w=1.7847431144e+37 Shat=3.9146000000e+02 Lhat=0.0000000000e+00
KNUTH_SUBTREE root=8323 depth=26 w=4.4599885610e+36 Shat=2.4798400000e+03 Lhat=0.0000000000e+00
KNUTH_SUBTREE root=8324 depth=26 w=2.1526319288e+37 Shat=6.8748000000e+01 Lhat=0.0000000000e+00
KNUTH_SUBTREE root=8325 depth=26 w=7.9318916923e+36 Shat=4.9499400000e+03 Lhat=0.0000000000e+00
KNUTH_SUBTREE root=8326 depth=26 w=3.2014777663e+36 Shat=1.5657280000e+03 Lhat=0.0000000000e+00
KNUTH_SUBTREE root=8327 depth=26 w=3.1202204688e+36 Shat=7.1338000000e+01 Lhat=0.0000000000e+00
KNUTH_SUBTREE root=8328 depth=26 w=2.4587152915e+37 Shat=1.0800560000e+03 Lhat=0.0000000000e+00
KNUTH_SUBTREE root=8329 depth=26 w=2.6523943837e+37 Shat=6.3044800000e+02 Lhat=0.0000000000e+00
KNUTH_SUBTREE root=8330 depth=26 w=1.8449696353e+36 Shat=1.3000000000e+01 Lhat=0.0000000000e+00
KNUTH_SUBTREE root=8331 depth=26 w=6.9671102988e+36 Shat=3.0000000000e+00 Lhat=0.0000000000e+00
KNUTH_SUBTREE root=8332 depth=26 w=6.7440682612e+36 Shat=1.3578600000e+03 Lhat=0.0000000000e+00
KNUTH_SUBTREE root=8333 depth=26 w=1.9392305602e+36 Shat=5.0826800000e+03 Lhat=0.0000000000e+00
KNUTH_SUBTREE root=8334 depth=26 w=2.5790075201e+37 Shat=4.9697700000e+03 Lhat=0.0000000000e+00
KNUTH_SUBTREE root=8335 depth=26 w=1.2683278442e+37 Shat=2.1000000000e+01 Lhat=0.0000000000e+00
KNUTH_SUBTREE root=8336 depth=26 w=2.5013459022e+36 Shat=1.5980680000e+03 Lhat=0.0000000000e+00
KNUTH_SUBTREE root=8337 depth=26 w=5.0410117893e+36 Shat=3.3588160000e+03 Lhat=0.0000000000e+00
KNUTH_SUBTREE root=8338 depth=26 w=1.3114956360e+37 Shat=1.9800000000e+01 Lhat=0.0000000000e+00
KNUTH_SUBTREE root=8339 depth=26 w=1.3419715951e+37 Shat=3.7886190000e+03 Lhat=0.0000000000e+00
KNUTH_SUBTREE root=8340 depth=26 w=2.7048959596e+36 Shat=9.6276000000e+02 Lhat=0.0000000000e+00
KNUTH_SUBTREE root=8341 depth=26 w=4.0313928454e+35 Shat=1.7940000000e+01 Lhat=0.0000000000e+00
KNUTH_SUBTREE root=8342 depth=26 w=1.9363742562e+35 Shat=3.0000000000e+00 Lhat=0.0000000000e+00
KNUTH_SUBTREE root=8343 depth=26 w=5.7589963059e+36 Shat=3.5498000000e+02 Lhat=0.0000000000e+00
KNUTH_SUBTREE root=8344 depth=26 w=6.6704594052e+36 Shat=9.7516000000e+02 Lhat=0.0000000000e+00
KNUTH_SUBTREE root=8345 depth=26 w=1.9853165988e+37 Shat=9.5956000000e+01 Lhat=0.0000000000e+00
KNUTH_SUBTREE root=8346 depth=26 w=1.1232055288e+37 Shat=3.8590630000e+03 Lhat=0.0000000000e+00
KNUTH_SUBTREE root=8347 depth=26 w=1.7051422701e+37 Shat=1.7233200000e+03 Lhat=0.0000000000e+00
KNUTH_SUBTREE root=8348 depth=26 w=4.1602061286e+36 Shat=7.1344000000e+01 Lhat=0.0000000000e+00
KNUTH_SUBTREE root=8349 depth=26 w=3.4177595313e+37 Shat=6.1257800000e+02 Lhat=0.0000000000e+00
KNUTH_SUBTREE root=8350 depth=26 w=9.1289710393e+36 Shat=8.9760000000e+00 Lhat=0.0000000000e+00
KNUTH_SUBTREE root=8351 depth=26 w=2.5356645025e+37 Shat=3.9161600000e+02 Lhat=0.0000000000e+00
KNUTH_SUBTREE root=8352 depth=26 w=5.3898514083e+35 Shat=3.0000000000e+00 Lhat=0.0000000000e+00
KNUTH_SUBTREE root=8353 depth=26 w=8.9316316988e+36 Shat=1.5535000000e+02 Lhat=0.0000000000e+00
KNUTH_SUBTREE root=8354 depth=26 w=2.0088441336e+36 Shat=2.2888000000e+01 Lhat=0.0000000000e+00
KNUTH_SUBTREE root=8355 depth=26 w=4.5687023735e+36 Shat=2.4025500000e+02 Lhat=0.0000000000e+00
KNUTH_SUBTREE root=8356 depth=26 w=2.9498000905e+35 Shat=5.0000000000e+00 Lhat=0.0000000000e+00
KNUTH_SUBTREE root=8357 depth=26 w=1.9739158990e+36 Shat=3.2412700000e+02 Lhat=0.0000000000e+00
KNUTH_SUBTREE root=8358 depth=26 w=1.6873720684e+37 Shat=2.8746960000e+03 Lhat=0.0000000000e+00
KNUTH_SUBTREE root=8359 depth=26 w=3.2039461230e+37 Shat=2.5291840000e+03 Lhat=0.0000000000e+00
KNUTH_SUBTREE root=8360 depth=26 w=3.3111198403e+36 Shat=5.4129000000e+02 Lhat=0.0000000000e+00
KNUTH_SUBTREE root=8361 depth=26 w=7.3696168119e+36 Shat=1.2748800000e+03 Lhat=0.0000000000e+00
KNUTH_SUBTREE root=8362 depth=26 w=5.0859080380e+36 Shat=2.1588900000e+03 Lhat=0.0000000000e+00
KNUTH_SUBTREE root=8363 depth=26 w=7.9956698990e+36 Shat=2.1016720000e+03 Lhat=0.0000000000e+00
KNUTH_SUBTREE root=8364 depth=26 w=2.5953804472e+37 Shat=2.8068760000e+03 Lhat=0.0000000000e+00
KNUTH_SUBTREE root=8365 depth=26 w=7.1449723731e+36 Shat=9.3723200000e+02 Lhat=0.0000000000e+00
KNUTH_SUBTREE root=8366 depth=26 w=1.5169660369e+37 Shat=4.9937920000e+03 Lhat=0.0000000000e+00
KNUTH_SUBTREE root=8367 depth=26 w=1.8269433054e+37 Shat=5.3951000000e+02 Lhat=0.0000000000e+00
KNUTH_SUBTREE root=8368 depth=26 w=7.7543084198e+36 Shat=1.3903000000e+02 Lhat=0.0000000000e+00
KNUTH_SUBTREE root=8369 depth=26 w=7.2822220139e+36 Shat=2.1000000000e+01 Lhat=0.0000000000e+00
KNUTH_SUBTREE root=8370 depth=26 w=2.0481877658e+37 Shat=1.4497840000e+03 Lhat=0.0000000000e+00
KNUTH_SUBTREE root=8371 depth=26 w=9.1141699834e+36 Shat=7.9000000000e+01 Lhat=0.0000000000e+00
KNUTH_SUBTREE root=8372 depth=26 w=1.0235236277e+37 Shat=7.1950600000e+02 Lhat=0.0000000000e+00
KNUTH_SUBTREE root=8373 depth=26 w=1.3925869698e+36 Shat=1.6034800000e+02 Lhat=0.0000000000e+00
KNUTH_SUBTREE root=8374 depth=26 w=3.2732141142e+36 Shat=2.3331600000e+03 Lhat=0.0000000000e+00
KNUTH_SUBTREE root=8375 depth=26 w=8.8034559530e+36 Shat=3.3172000000e+01 Lhat=0.0000000000e+00
KNUTH_SUBTREE root=8376 depth=26 w=3.2616753644e+37 Shat=5.8880080000e+03 Lhat=0.0000000000e+00
KNUTH_SUBTREE root=8377 depth=26 w=3.3660463402e+36 Shat=2.5053600000e+02 Lhat=0.0000000000e+00
KNUTH_SUBTREE root=8378 depth=26 w=1.0776915059e+35 Shat=2.1028000000e+01 Lhat=0.0000000000e+00
KNUTH_SUBTREE root=8379 depth=26 w=1.1657850808e+36 Shat=1.4932000000e+01 Lhat=0.0000000000e+00
KNUTH_SUBTREE root=8380 depth=26 w=9.7987813753e+36 Shat=4.5777800000e+03 Lhat=0.0000000000e+00
KNUTH_SUBTREE root=8381 depth=26 w=1.2516569016e+37 Shat=4.0070640000e+03 Lhat=0.0000000000e+00
KNUTH_SUBTREE root=8382 depth=26 w=4.0418162318e+36 Shat=3.5394800000e+03 Lhat=0.0000000000e+00
KNUTH_SUBTREE root=8383 depth=26 w=6.2325519839e+36 Shat=1.9089040000e+03 Lhat=0.0000000000e+00
KNUTH_SUBTREE root=8384 depth=26 w=3.9583090438e+36 Shat=2.5382640000e+03 Lhat=0.0000000000e+00
KNUTH_SUBTREE root=8385 depth=26 w=4.1516956534e+36 Shat=3.5604240000e+03 Lhat=0.0000000000e+00
KNUTH_SUBTREE root=8386 depth=26 w=2.7420471518e+36 Shat=5.0896000000e+01 Lhat=0.0000000000e+00
KNUTH_SUBTREE root=8387 depth=26 w=2.2743755165e+37 Shat=3.7763200000e+02 Lhat=0.0000000000e+00
KNUTH_SUBTREE root=8388 depth=26 w=3.3278429734e+37 Shat=4.2108900000e+03 Lhat=0.0000000000e+00
KNUTH_SUBTREE root=8389 depth=26 w=1.7472803650e+37 Shat=1.6002700000e+03 Lhat=0.0000000000e+00
KNUTH_SUBTREE root=8390 depth=26 w=3.0704269607e+37 Shat=3.7060100000e+03 Lhat=0.0000000000e+00
KNUTH_SUBTREE root=8391 depth=26 w=2.9658476795e+37 Shat=3.3019350000e+03 Lhat=0.0000000000e+00
KNUTH_SUBTREE root=8392 depth=26 w=8.6125291634e+36 Shat=3.6432100000e+03 Lhat=0.0000000000e+00
KNUTH_SUBTREE root=8393 depth=26 w=1.3923227558e+37 Shat=4.9608500000e+03 Lhat=0.0000000000e+00
KNUTH_SUBTREE root=8394 depth=26 w=1.5676130482e+37 Shat=3.5599200000e+03 Lhat=0.0000000000e+00
KNUTH_SUBTREE root=8395 depth=26 w=3.9419005911e+36 Shat=1.3000000000e+01 Lhat=0.0000000000e+00
KNUTH_SUBTREE root=8396 depth=26 w=1.4071409269e+36 Shat=1.3272000000e+01 Lhat=0.0000000000e+00
KNUTH_SUBTREE root=8397 depth=26 w=2.5347163223e+36 Shat=2.4360000000e+02 Lhat=0.0000000000e+00
KNUTH_SUBTREE root=8398 depth=26 w=2.2690415389e+36 Shat=4.8991840000e+03 Lhat=3.5030400000e+02
KNUTH_SUBTREE root=8399 depth=26 w=7.5703107215e+36 Shat=1.1748500000e+03 Lhat=0.0000000000e+00
KNUTH_SUBTREE root=8400 depth=26 w=1.8792641361e+37 Shat=6.1804000000e+02 Lhat=0.0000000000e+00
KNUTH_SUBTREE root=8401 depth=26 w=2.8573191105e+36 Shat=3.3324400000e+03 Lhat=0.0000000000e+00
KNUTH_SUBTREE root=8402 depth=26 w=9.0032546804e+36 Shat=2.8319560000e+03 Lhat=0.0000000000e+00
KNUTH_SUBTREE root=8403 depth=26 w=1.2144909034e+36 Shat=7.0000000000e+00 Lhat=0.0000000000e+00
KNUTH_SUBTREE root=8404 depth=26 w=1.2862942084e+37 Shat=5.7964000000e+01 Lhat=0.0000000000e+00
KNUTH_SUBTREE root=8405 depth=26 w=6.7844050431e+36 Shat=6.1442020000e+03 Lhat=0.0000000000e+00
KNUTH_SUBTREE root=8406 depth=26 w=2.5390836942e+37 Shat=2.4956000000e+02 Lhat=0.0000000000e+00
KNUTH_SUBTREE root=8407 depth=26 w=3.8751206228e+36 Shat=1.4610800000e+03 Lhat=0.0000000000e+00
KNUTH_SUBTREE root=8408 depth=26 w=3.4878392760e+37 Shat=1.7064070000e+03 Lhat=0.0000000000e+00
KNUTH_SUBTREE root=8409 depth=26 w=3.3182796898e+35 Shat=5.0000000000e+00 Lhat=0.0000000000e+00
KNUTH_SUBTREE root=8410 depth=26 w=4.0822450824e+36 Shat=4.6598080000e+03 Lhat=0.0000000000e+00
KNUTH_SUBTREE root=8411 depth=26 w=3.7405362252e+36 Shat=1.7430520000e+03 Lhat=0.0000000000e+00
KNUTH_SUBTREE root=8412 depth=26 w=3.1078152821e+37 Shat=1.5122680000e+03 Lhat=0.0000000000e+00
KNUTH_SUBTREE root=8413 depth=26 w=7.4359786840e+35 Shat=7.0560000000e+00 Lhat=0.0000000000e+00
KNUTH_SUBTREE root=8414 depth=26 w=5.0056464114e+36 Shat=2.8182600000e+02 Lhat=0.0000000000e+00
KNUTH_SUBTREE root=8415 depth=26 w=7.0833584994e+36 Shat=8.4989600000e+02 Lhat=0.0000000000e+00
KNUTH_SUBTREE root=8416 depth=26 w=2.0053391086e+37 Shat=6.6000000000e+01 Lhat=0.0000000000e+00
KNUTH_SUBTREE root=8417 depth=26 w=1.1800510949e+37 Shat=1.2702940000e+03 Lhat=0.0000000000e+00
KNUTH_SUBTREE root=8418 depth=26 w=3.2171373877e+36 Shat=2.3655710000e+03 Lhat=0.0000000000e+00
KNUTH_SUBTREE root=8419 depth=26 w=2.8260368844e+36 Shat=3.2806300000e+03 Lhat=0.0000000000e+00
KNUTH_SUBTREE root=8420 depth=26 w=9.6183943972e+36 Shat=8.8500000000e+01 Lhat=0.0000000000e+00
KNUTH_SUBTREE root=8421 depth=26 w=1.9830544251e+36 Shat=8.6125600000e+02 Lhat=0.0000000000e+00
KNUTH_SUBTREE root=8422 depth=26 w=1.9232558834e+36 Shat=7.1765000000e+01 Lhat=0.0000000000e+00
KNUTH_SUBTREE root=8423 depth=26 w=7.1063743665e+36 Shat=6.5666200000e+02 Lhat=0.0000000000e+00
KNUTH_SUBTREE root=8424 depth=26 w=9.3850413479e+35 Shat=9.0000000000e+00 Lhat=0.0000000000e+00
KNUTH_SUBTREE root=8425 depth=26 w=3.1819446630e+36 Shat=3.9969600000e+02 Lhat=0.0000000000e+00
KNUTH_SUBTREE root=8426 depth=26 w=3.0443068440e+37 Shat=3.0503870000e+03 Lhat=0.0000000000e+00
KNUTH_SUBTREE root=8427 depth=26 w=9.4634330074e+36 Shat=8.8408720000e+03 Lhat=0.0000000000e+00
KNUTH_SUBTREE root=8428 depth=26 w=3.4688048604e+36 Shat=4.9118000000e+01 Lhat=0.0000000000e+00
KNUTH_SUBTREE root=8429 depth=26 w=7.3364349092e+36 Shat=1.1411610000e+03 Lhat=0.0000000000e+00
KNUTH_SUBTREE root=8430 depth=26 w=3.0162344169e+36 Shat=2.4920000000e+01 Lhat=0.0000000000e+00
KNUTH_SUBTREE root=8431 depth=26 w=7.3179244727e+36 Shat=7.0000000000e+00 Lhat=0.0000000000e+00
KNUTH_SUBTREE root=8432 depth=26 w=3.2320996233e+37 Shat=1.0441840000e+03 Lhat=5.1552000000e+01
KNUTH_SUBTREE root=8433 depth=26 w=2.4769914781e+37 Shat=4.6111900000e+03 Lhat=0.0000000000e+00
KNUTH_SUBTREE root=8434 depth=26 w=3.2977897306e+37 Shat=3.5879200000e+02 Lhat=0.0000000000e+00
KNUTH_SUBTREE root=8435 depth=26 w=3.6612867527e+36 Shat=1.0098190000e+03 Lhat=0.0000000000e+00
KNUTH_SUBTREE root=8436 depth=26 w=1.3178654437e+34 Shat=1.0000000000e+00 Lhat=0.0000000000e+00
KNUTH_SUBTREE root=8437 depth=26 w=7.1027127451e+36 Shat=9.8489200000e+03 Lhat=0.0000000000e+00
KNUTH_SUBTREE root=8438 depth=26 w=5.9263497991e+36 Shat=1.1354630000e+03 Lhat=0.0000000000e+00
KNUTH_SUBTREE root=8439 depth=26 w=6.6551424623e+36 Shat=1.9097040000e+03 Lhat=1.8144000000e+01
KNUTH_SUBTREE root=8440 depth=26 w=1.9122866781e+36 Shat=1.9440400000e+03 Lhat=0.0000000000e+00
KNUTH_SUBTREE root=8441 depth=26 w=1.9357718701e+36 Shat=1.3922400000e+02 Lhat=0.0000000000e+00
KNUTH_SUBTREE root=8442 depth=26 w=1.2946763055e+36 Shat=2.3070000000e+01 Lhat=0.0000000000e+00
KNUTH_SUBTREE root=8443 depth=26 w=7.1845947518e+36 Shat=1.6697800000e+02 Lhat=0.0000000000e+00
KNUTH_SUBTREE root=8444 depth=26 w=2.1744140516e+37 Shat=2.0700760000e+03 Lhat=0.0000000000e+00
KNUTH_SUBTREE root=8445 depth=26 w=7.7973802120e+36 Shat=1.0000000000e+00 Lhat=0.0000000000e+00
KNUTH_SUBTREE root=8446 depth=26 w=1.3271955546e+37 Shat=1.9631440000e+03 Lhat=0.0000000000e+00
KNUTH_SUBTREE root=8447 depth=26 w=2.7739432317e+37 Shat=3.7391000000e+02 Lhat=0.0000000000e+00
KNUTH_SUBTREE root=8448 depth=26 w=2.2342456340e+37 Shat=1.2026200000e+02 Lhat=0.0000000000e+00
KNUTH_SUBTREE root=8449 depth=26 w=2.8114108607e+36 Shat=1.1899000000e+02 Lhat=0.0000000000e+00
KNUTH_SUBTREE root=8450 depth=26 w=2.0231806690e+36 Shat=1.3469320000e+03 Lhat=0.0000000000e+00
KNUTH_SUBTREE root=8451 depth=26 w=4.0762093405e+36 Shat=1.6381000000e+02 Lhat=0.0000000000e+00
KNUTH_SUBTREE root=8452 depth=26 w=1.8807030763e+37 Shat=2.7829600000e+02 Lhat=0.0000000000e+00
KNUTH_SUBTREE root=8453 depth=26 w=1.7890078808e+37 Shat=1.4637200000e+02 Lhat=0.0000000000e+00
KNUTH_SUBTREE root=8454 depth=26 w=4.3833907621e+36 Shat=5.0938000000e+01 Lhat=0.0000000000e+00
KNUTH_SUBTREE root=8455 depth=26 w=1.2403715701e+37 Shat=1.3809520000e+03 Lhat=0.0000000000e+00
KNUTH_SUBTREE root=8456 depth=26 w=3.4683980741e+37 Shat=4.0197700000e+02 Lhat=0.0000000000e+00
KNUTH_SUBTREE root=8457 depth=26 w=2.9025556965e+36 Shat=9.5416000000e+01 Lhat=0.0000000000e+00
KNUTH_SUBTREE root=8458 depth=26 w=4.8681303165e+36 Shat=1.8100000000e+01 Lhat=0.0000000000e+00
KNUTH_SUBTREE root=8459 depth=26 w=3.1341456302e+37 Shat=3.2616600000e+03 Lhat=0.0000000000e+00
KNUTH_SUBTREE root=8460 depth=26 w=6.0479768402e+36 Shat=5.1456000000e+01 Lhat=0.0000000000e+00
KNUTH_SUBTREE root=8461 depth=26 w=2.8378428291e+37 Shat=1.3000000000e+01 Lhat=0.0000000000e+00
KNUTH_SUBTREE root=8462 depth=26 w=2.6387379161e+36 Shat=7.0000000000e+00 Lhat=0.0000000000e+00
KNUTH_SUBTREE root=8463 depth=26 w=1.0331915328e+37 Shat=5.0713730000e+03 Lhat=7.3075200000e+02
KNUTH_SUBTREE root=8464 depth=26 w=1.9486012982e+36 Shat=4.0234400000e+02 Lhat=0.0000000000e+00
KNUTH_SUBTREE root=8465 depth=26 w=1.0863524564e+36 Shat=2.3267500000e+02 Lhat=0.0000000000e+00
KNUTH_SUBTREE root=8466 depth=26 w=5.5750325474e+36 Shat=1.3000000000e+01 Lhat=0.0000000000e+00
KNUTH_SUBTREE root=8467 depth=26 w=8.0834548430e+36 Shat=1.4230480000e+03 Lhat=0.0000000000e+00
KNUTH_SUBTREE root=8468 depth=26 w=1.8433995255e+37 Shat=7.6335500000e+02 Lhat=0.0000000000e+00
KNUTH_SUBTREE root=8469 depth=26 w=3.0629861498e+37 Shat=1.2008600000e+02 Lhat=0.0000000000e+00
KNUTH_SUBTREE root=8470 depth=26 w=6.0370679531e+36 Shat=3.2626600000e+03 Lhat=0.0000000000e+00
KNUTH_SUBTREE root=8471 depth=26 w=5.7546611831e+36 Shat=2.2759200000e+02 Lhat=0.0000000000e+00
KNUTH_SUBTREE root=8472 depth=26 w=6.2172386020e+35 Shat=1.3528000000e+01 Lhat=0.0000000000e+00
KNUTH_SUBTREE root=8473 depth=26 w=6.0679417030e+36 Shat=4.7752080000e+03 Lhat=0.0000000000e+00
KNUTH_SUBTREE root=8474 depth=26 w=6.7744243782e+36 Shat=1.7902000000e+01 Lhat=0.0000000000e+00
KNUTH_SUBTREE root=8475 depth=26 w=7.2912824813e+36 Shat=5.5789600000e+02 Lhat=0.0000000000e+00
KNUTH_SUBTREE root=8476 depth=26 w=2.9434594011e+36 Shat=1.5072000000e+01 Lhat=0.0000000000e+00
KNUTH_SUBTREE root=8477 depth=26 w=3.4977704212e+37 Shat=2.6475840000e+03 Lhat=0.0000000000e+00
KNUTH_SUBTREE root=8478 depth=26 w=1.3663156258e+37 Shat=1.0330100000e+03 Lhat=0.0000000000e+00
KNUTH_SUBTREE root=8479 depth=26 w=5.0318365858e+35 Shat=5.7260000000e+01 Lhat=0.0000000000e+00
KNUTH_SUBTREE root=8480 depth=26 w=5.3872793784e+36 Shat=3.0394000000e+02 Lhat=0.0000000000e+00
KNUTH_SUBTREE root=8481 depth=26 w=4.9853616060e+36 Shat=1.7890000000e+01 Lhat=0.0000000000e+00
KNUTH_SUBTREE root=8482 depth=26 w=1.9511542988e+37 Shat=5.0000000000e+00 Lhat=0.0000000000e+00
KNUTH_SUBTREE root=8483 depth=26 w=1.8732426574e+36 Shat=5.2744000000e+01 Lhat=0.0000000000e+00
KNUTH_SUBTREE root=8484 depth=26 w=1.8331393778e+37 Shat=2.7008000000e+01 Lhat=0.0000000000e+00
KNUTH_SUBTREE root=8485 depth=26 w=2.5182714036e+37 Shat=9.0578300000e+02 Lhat=0.0000000000e+00
KNUTH_SUBTREE root=8486 depth=26 w=2.3363153698e+37 Shat=8.4292000000e+01 Lhat=0.0000000000e+00
KNUTH_SUBTREE root=8487 depth=26 w=4.7512056456e+36 Shat=3.5599240000e+03 Lhat=0.0000000000e+00
KNUTH_SUBTREE root=8488 depth=26 w=3.1626825989e+36 Shat=1.0995400000e+02 Lhat=0.0000000000e+00
KNUTH_SUBTREE root=8489 depth=26 w=4.5993374553e+36 Shat=1.9013000000e+02 Lhat=0.0000000000e+00
KNUTH_SUBTREE root=8490 depth=26 w=3.3799023712e+36 Shat=1.4467600000e+03 Lhat=0.0000000000e+00
KNUTH_SUBTREE root=8491 depth=26 w=2.9669111267e+37 Shat=2.9147680000e+03 Lhat=0.0000000000e+00
KNUTH_SUBTREE root=8492 depth=26 w=1.0824450648e+37 Shat=8.1949000000e+02 Lhat=0.0000000000e+00
KNUTH_SUBTREE root=8493 depth=26 w=2.3091675559e+37 Shat=1.1392400000e+03 Lhat=0.0000000000e+00
KNUTH_SUBTREE root=8494 depth=26 w=1.3439627301e+36 Shat=4.6658800000e+03 Lhat=0.0000000000e+00
KNUTH_SUBTREE root=8495 depth=26 w=2.0984285746e+37 Shat=2.2306400000e+02 Lhat=0.0000000000e+00
KNUTH_SUBTREE root=8496 depth=26 w=1.9850196369e+37 Shat=1.2525670000e+03 Lhat=0.0000000000e+00
KNUTH_SUBTREE root=8497 depth=26 w=1.9766192290e+36 Shat=7.7030000000e+01 Lhat=0.0000000000e+00
KNUTH_SUBTREE root=8498 depth=26 w=1.3610553357e+37 Shat=9.0855200000e+02 Lhat=0.0000000000e+00
KNUTH_SUBTREE root=8499 depth=26 w=2.5021586858e+37 Shat=2.9044900000e+03 Lhat=0.0000000000e+00
KNUTH_SUBTREE root=8500 depth=26 w=5.9057905419e+36 Shat=4.3767340000e+03 Lhat=0.0000000000e+00
KNUTH_SUBTREE root=8501 depth=26 w=2.3254939070e+37 Shat=7.9143100000e+03 Lhat=1.8240000000e+02
KNUTH_SUBTREE root=8502 depth=26 w=8.7567180364e+36 Shat=3.2642500000e+03 Lhat=0.0000000000e+00
KNUTH_SUBTREE root=8503 depth=26 w=1.0469301090e+36 Shat=4.0000000000e+00 Lhat=0.0000000000e+00
KNUTH_SUBTREE root=8504 depth=26 w=7.6195511420e+36 Shat=3.0711200000e+02 Lhat=0.0000000000e+00
KNUTH_SUBTREE root=8505 depth=26 w=2.2518498703e+37 Shat=1.5206200000e+02 Lhat=0.0000000000e+00
KNUTH_SUBTREE root=8506 depth=26 w=5.5841294436e+36 Shat=1.3000000000e+01 Lhat=0.0000000000e+00
KNUTH_SUBTREE root=8507 depth=26 w=1.9557962089e+37 Shat=4.9894340000e+03 Lhat=0.0000000000e+00
KNUTH_SUBTREE root=8508 depth=26 w=1.4185104019e+36 Shat=5.6140000000e+01 Lhat=0.0000000000e+00
KNUTH_SUBTREE root=8509 depth=26 w=1.4590399761e+37 Shat=4.2494970000e+03 Lhat=0.0000000000e+00
KNUTH_SUBTREE root=8510 depth=26 w=2.0756290721e+36 Shat=3.4976800000e+03 Lhat=0.0000000000e+00
KNUTH_SUBTREE root=8511 depth=26 w=2.5227664173e+36 Shat=6.4996000000e+01 Lhat=0.0000000000e+00
KNUTH_SUBTREE root=8512 depth=26 w=7.2451257881e+36 Shat=1.3693360000e+03 Lhat=5.4720000000e+01
KNUTH_SUBTREE root=8513 depth=26 w=2.4319608072e+37 Shat=2.1735040000e+03 Lhat=2.0620800000e+02
KNUTH_SUBTREE root=8514 depth=26 w=3.5141923724e+36 Shat=4.6666000000e+01 Lhat=0.0000000000e+00
KNUTH_SUBTREE root=8515 depth=26 w=4.4846601779e+36 Shat=1.0000000000e+00 Lhat=0.0000000000e+00
KNUTH_SUBTREE root=8516 depth=26 w=7.9607120630e+35 Shat=2.0000000000e+00 Lhat=0.0000000000e+00
KNUTH_SUBTREE root=8517 depth=26 w=1.2370434276e+37 Shat=2.4116770000e+03 Lhat=0.0000000000e+00
KNUTH_SUBTREE root=8518 depth=26 w=3.9524097884e+36 Shat=5.4937700000e+03 Lhat=0.0000000000e+00
KNUTH_SUBTREE root=8519 depth=26 w=3.1564530963e+37 Shat=2.4724100000e+03 Lhat=0.0000000000e+00
KNUTH_SUBTREE root=8520 depth=26 w=8.4733771304e+36 Shat=2.7875800000e+02 Lhat=0.0000000000e+00
KNUTH_SUBTREE root=8521 depth=26 w=1.0919384997e+37 Shat=1.6847200000e+03 Lhat=6.4728000000e+01
KNUTH_SUBTREE root=8522 depth=26 w=2.0923738850e+36 Shat=1.6106200000e+03 Lhat=0.0000000000e+00
KNUTH_SUBTREE root=8523 depth=26 w=2.9023076912e+37 Shat=3.9798900000e+03 Lhat=0.0000000000e+00
KNUTH_SUBTREE root=8524 depth=26 w=2.0746513478e+36 Shat=7.2361990000e+03 Lhat=0.0000000000e+00
KNUTH_SUBTREE root=8525 depth=26 w=3.6028619677e+36 Shat=3.2788400000e+03 Lhat=0.0000000000e+00
KNUTH_SUBTREE root=8526 depth=26 w=2.8626217937e+36 Shat=1.0233610000e+04 Lhat=0.0000000000e+00
KNUTH_SUBTREE root=8527 depth=26 w=3.0125575543e+37 Shat=5.9638000000e+02 Lhat=0.0000000000e+00
KNUTH_SUBTREE root=8528 depth=26 w=2.3924881304e+37 Shat=5.2384000000e+02 Lhat=0.0000000000e+00
KNUTH_SUBTREE root=8529 depth=26 w=2.7565051832e+36 Shat=4.5524800000e+02 Lhat=0.0000000000e+00
KNUTH_SUBTREE root=8530 depth=26 w=5.3349707197e+36 Shat=2.1000000000e+01 Lhat=0.0000000000e+00
KNUTH_SUBTREE root=8531 depth=26 w=2.2735680352e+37 Shat=2.6773600000e+02 Lhat=0.0000000000e+00
KNUTH_SUBTREE root=8532 depth=26 w=4.2023219628e+36 Shat=1.7941600000e+03 Lhat=0.0000000000e+00
KNUTH_SUBTREE root=8533 depth=26 w=3.1024616749e+37 Shat=2.4622840000e+03 Lhat=0.0000000000e+00
KNUTH_SUBTREE root=8534 depth=26 w=7.6567648271e+36 Shat=4.8328210000e+03 Lhat=0.0000000000e+00
KNUTH_SUBTREE root=8535 depth=26 w=2.8602915830e+36 Shat=4.9537000000e+02 Lhat=0.0000000000e+00
KNUTH_SUBTREE root=8536 depth=26 w=2.4516579328e+36 Shat=7.3868300000e+03 Lhat=4.4536000000e+02
KNUTH_SUBTREE root=8537 depth=26 w=1.3986789775e+37 Shat=2.7355600000e+02 Lhat=0.0000000000e+00
KNUTH_SUBTREE root=8538 depth=26 w=3.1683110093e+37 Shat=6.4489600000e+02 Lhat=0.0000000000e+00
KNUTH_SUBTREE root=8539 depth=26 w=3.8846979889e+37 Shat=2.7137600000e+02 Lhat=0.0000000000e+00
KNUTH_SUBTREE root=8540 depth=26 w=7.4332510255e+36 Shat=3.7276000000e+03 Lhat=0.0000000000e+00
KNUTH_SUBTREE root=8541 depth=26 w=1.5329170038e+37 Shat=3.0000000000e+00 Lhat=0.0000000000e+00
KNUTH_SUBTREE root=8542 depth=26 w=4.8529145341e+36 Shat=1.4682400000e+02 Lhat=0.0000000000e+00
KNUTH_SUBTREE root=8543 depth=26 w=6.2526178119e+36 Shat=1.4180640000e+03 Lhat=0.0000000000e+00
KNUTH_SUBTREE root=8544 depth=26 w=3.1858204191e+36 Shat=1.3000000000e+01 Lhat=0.0000000000e+00
KNUTH_SUBTREE root=8545 depth=26 w=3.4584731535e+37 Shat=3.1681000000e+03 Lhat=0.0000000000e+00
KNUTH_SUBTREE root=8546 depth=26 w=1.6738991179e+36 Shat=2.8158000000e+02 Lhat=0.0000000000e+00
KNUTH_SUBTREE root=8547 depth=26 w=6.7336752411e+36 Shat=5.2832440000e+03 Lhat=0.0000000000e+00
KNUTH_SUBTREE root=8548 depth=26 w=3.1984202728e+37 Shat=2.9704600000e+02 Lhat=0.0000000000e+00
KNUTH_SUBTREE root=8549 depth=26 w=1.1911139072e+36 Shat=1.3000000000e+01 Lhat=0.0000000000e+00
KNUTH_SUBTREE root=8550 depth=26 w=3.4838247217e+36 Shat=1.9909000000e+02 Lhat=0.0000000000e+00
KNUTH_SUBTREE root=8551 depth=26 w=2.9113768827e+36 Shat=1.2858900000e+02 Lhat=0.0000000000e+00
KNUTH_SUBTREE root=8552 depth=26 w=6.4827288879e+36 Shat=1.6130000000e+01 Lhat=0.0000000000e+00
KNUTH_SUBTREE root=8553 depth=26 w=1.5889996309e+36 Shat=5.4000000000e+01 Lhat=0.0000000000e+00
KNUTH_SUBTREE root=8554 depth=26 w=3.3873355623e+34 Shat=4.0000000000e+00 Lhat=0.0000000000e+00
KNUTH_SUBTREE root=8555 depth=26 w=2.4452659391e+37 Shat=5.2506640000e+03 Lhat=7.1060000000e+02
KNUTH_SUBTREE root=8556 depth=26 w=5.8759876856e+36 Shat=1.5472200000e+03 Lhat=0.0000000000e+00
KNUTH_SUBTREE root=8557 depth=26 w=2.6994169393e+37 Shat=7.3316000000e+02 Lhat=0.0000000000e+00
KNUTH_SUBTREE root=8558 depth=26 w=2.8931841697e+37 Shat=2.9610040000e+03 Lhat=0.0000000000e+00
KNUTH_SUBTREE root=8559 depth=26 w=4.2804530697e+36 Shat=3.6428160000e+03 Lhat=0.0000000000e+00
KNUTH_SUBTREE root=8560 depth=26 w=6.4684149572e+36 Shat=1.5052000000e+01 Lhat=0.0000000000e+00
KNUTH_SUBTREE root=8561 depth=26 w=2.2853118643e+37 Shat=1.6051600000e+03 Lhat=0.0000000000e+00
KNUTH_SUBTREE root=8562 depth=26 w=2.3459720536e+36 Shat=3.4937860000e+03 Lhat=0.0000000000e+00
KNUTH_SUBTREE root=8563 depth=26 w=2.6129393914e+36 Shat=3.7350820000e+03 Lhat=0.0000000000e+00
KNUTH_SUBTREE root=8564 depth=26 w=2.9197792789e+36 Shat=1.2061800000e+03 Lhat=0.0000000000e+00
KNUTH_SUBTREE root=8565 depth=26 w=1.5427954164e+37 Shat=4.2782400000e+03 Lhat=0.0000000000e+00
KNUTH_SUBTREE root=8566 depth=26 w=1.6071001904e+37 Shat=5.1200000000e+00 Lhat=0.0000000000e+00
KNUTH_SUBTREE root=8567 depth=26 w=2.8740880261e+37 Shat=4.2955600000e+02 Lhat=0.0000000000e+00
KNUTH_SUBTREE root=8568 depth=26 w=1.0947998659e+37 Shat=7.0000000000e+00 Lhat=0.0000000000e+00
KNUTH_SUBTREE root=8569 depth=26 w=9.5589071259e+36 Shat=9.2472800000e+02 Lhat=0.0000000000e+00
KNUTH_SUBTREE root=8570 depth=26 w=2.0273162838e+37 Shat=7.7018500000e+02 Lhat=0.0000000000e+00
KNUTH_SUBTREE root=8571 depth=26 w=1.2470460736e+36 Shat=1.3000000000e+01 Lhat=0.0000000000e+00
KNUTH_SUBTREE root=8572 depth=26 w=1.8076540926e+37 Shat=4.8407580000e+03 Lhat=0.0000000000e+00
KNUTH_SUBTREE root=8573 depth=26 w=2.7076339447e+37 Shat=3.4427000000e+02 Lhat=0.0000000000e+00
KNUTH_SUBTREE root=8574 depth=26 w=2.2595008494e+36 Shat=2.2444000000e+02 Lhat=0.0000000000e+00
KNUTH_SUBTREE root=8575 depth=26 w=2.1863288009e+37 Shat=4.2651830000e+03 Lhat=0.0000000000e+00
KNUTH_SUBTREE root=8576 depth=26 w=3.7550403602e+37 Shat=4.3452460000e+03 Lhat=0.0000000000e+00
KNUTH_SUBTREE root=8577 depth=26 w=3.5860257201e+36 Shat=2.8414600000e+03 Lhat=0.0000000000e+00
KNUTH_SUBTREE root=8578 depth=26 w=7.6163040191e+36 Shat=3.5286600000e+03 Lhat=0.0000000000e+00
KNUTH_SUBTREE root=8579 depth=26 w=1.5562610117e+37 Shat=2.4954100000e+03 Lhat=0.0000000000e+00
KNUTH_SUBTREE root=8580 depth=26 w=2.6943671317e+37 Shat=1.3494700000e+03 Lhat=1.5120000000e+01
KNUTH_SUBTREE root=8581 depth=26 w=3.8687546690e+36 Shat=2.9294800000e+03 Lhat=0.0000000000e+00
KNUTH_SUBTREE root=8582 depth=26 w=3.5496620483e+35 Shat=2.0047000000e+01 Lhat=0.0000000000e+00
KNUTH_SUBTREE root=8583 depth=26 w=7.4466954123e+36 Shat=1.6141900000e+03 Lhat=0.0000000000e+00
KNUTH_SUBTREE root=8584 depth=26 w=1.1133516822e+37 Shat=5.5789600000e+02 Lhat=0.0000000000e+00
KNUTH_SUBTREE root=8585 depth=26 w=4.4627337079e+36 Shat=3.9000000000e+01 Lhat=0.0000000000e+00
KNUTH_SUBTREE root=8586 depth=26 w=1.2479051280e+37 Shat=1.0655920000e+03 Lhat=0.0000000000e+00
KNUTH_SUBTREE root=8587 depth=26 w=7.6070889262e+36 Shat=2.9330480000e+03 Lhat=0.0000000000e+00
KNUTH_SUBTREE root=8588 depth=26 w=3.3306264597e+36 Shat=6.6583600000e+03 Lhat=0.0000000000e+00
KNUTH_SUBTREE root=8589 depth=26 w=3.0076435240e+36 Shat=1.2100000000e+01 Lhat=0.0000000000e+00
KNUTH_SUBTREE root=8590 depth=26 w=7.0672930352e+36 Shat=1.7063920000e+03 Lhat=0.0000000000e+00
KNUTH_SUBTREE root=8591 depth=26 w=1.0872976104e+36 Shat=1.3000000000e+01 Lhat=0.0000000000e+00
KNUTH_SUBTREE root=8592 depth=26 w=2.9418719108e+37 Shat=1.2457000000e+02 Lhat=0.0000000000e+00
KNUTH_SUBTREE root=8593 depth=26 w=1.0798967283e+37 Shat=2.4559600000e+03 Lhat=0.0000000000e+00
KNUTH_SUBTREE root=8594 depth=26 w=1.0364957837e+37 Shat=4.6206000000e+02 Lhat=0.0000000000e+00
KNUTH_SUBTREE root=8595 depth=26 w=4.5099159000e+36 Shat=6.1117000000e+02 Lhat=0.0000000000e+00
KNUTH_SUBTREE root=8596 depth=26 w=2.9134444649e+36 Shat=1.1082800000e+03 Lhat=0.0000000000e+00
KNUTH_SUBTREE root=8597 depth=26 w=3.2888760059e+37 Shat=4.6876000000e+01 Lhat=0.0000000000e+00
KNUTH_SUBTREE root=8598 depth=26 w=2.4135777208e+37 Shat=1.1366200000e+03 Lhat=0.0000000000e+00
KNUTH_SUBTREE root=8599 depth=26 w=1.9979920301e+37 Shat=6.8928000000e+01 Lhat=0.0000000000e+00
KNUTH_SUBTREE root=8600 depth=26 w=1.8719839289e+37 Shat=1.7740300000e+03 Lhat=0.0000000000e+00
KNUTH_SUBTREE root=8601 depth=26 w=8.6333493405e+36 Shat=4.6744000000e+01 Lhat=0.0000000000e+00
KNUTH_SUBTREE root=8602 depth=26 w=5.5297339389e+36 Shat=7.9000000000e+01 Lhat=0.0000000000e+00
KNUTH_SUBTREE root=8603 depth=26 w=3.2276892546e+37 Shat=5.4949300000e+02 Lhat=0.0000000000e+00
KNUTH_SUBTREE root=8604 depth=26 w=2.7473976543e+37 Shat=9.6930800000e+02 Lhat=0.0000000000e+00
KNUTH_SUBTREE root=8605 depth=26 w=2.9452134949e+36 Shat=1.6145630000e+03 Lhat=0.0000000000e+00
KNUTH_SUBTREE root=8606 depth=26 w=3.5717242488e+37 Shat=4.0745000000e+02 Lhat=0.0000000000e+00
KNUTH_SUBTREE root=8607 depth=26 w=3.9258991188e+36 Shat=1.0000000000e+00 Lhat=0.0000000000e+00
KNUTH_SUBTREE root=8608 depth=26 w=2.9975875559e+37 Shat=1.5131920000e+03 Lhat=0.0000000000e+00
KNUTH_SUBTREE root=8609 depth=26 w=7.8577420820e+36 Shat=3.2282790000e+03 Lhat=0.0000000000e+00
KNUTH_SUBTREE root=8610 depth=26 w=6.2725791083e+35 Shat=3.0000000000e+00 Lhat=0.0000000000e+00
KNUTH_SUBTREE root=8611 depth=26 w=2.2845417648e+36 Shat=1.4443760000e+03 Lhat=0.0000000000e+00
KNUTH_SUBTREE root=8612 depth=26 w=2.8264596670e+37 Shat=3.3250240000e+03 Lhat=0.0000000000e+00
KNUTH_SUBTREE root=8613 depth=26 w=2.0933277831e+37 Shat=1.6531660000e+03 Lhat=0.0000000000e+00
KNUTH_SUBTREE root=8614 depth=26 w=1.6264437160e+35 Shat=1.0000000000e+00 Lhat=0.0000000000e+00
KNUTH_SUBTREE root=8615 depth=26 w=2.9087704416e+37 Shat=4.1645000000e+03 Lhat=0.0000000000e+00
KNUTH_SUBTREE root=8616 depth=26 w=3.2035231995e+36 Shat=5.9950000000e+03 Lhat=0.0000000000e+00
KNUTH_SUBTREE root=8617 depth=26 w=1.6286879273e+37 Shat=3.4677900000e+03 Lhat=0.0000000000e+00
KNUTH_SUBTREE root=8618 depth=26 w=9.2048107697e+36 Shat=2.7040000000e+01 Lhat=0.0000000000e+00
KNUTH_SUBTREE root=8619 depth=26 w=1.9919643265e+37 Shat=3.3804000000e+02 Lhat=0.0000000000e+00
KNUTH_SUBTREE root=8620 depth=26 w=1.6595512353e+37 Shat=4.6773200000e+03 Lhat=0.0000000000e+00
KNUTH_SUBTREE root=8621 depth=26 w=3.4297796903e+36 Shat=1.6000000000e+01 Lhat=0.0000000000e+00
KNUTH_SUBTREE root=8622 depth=26 w=3.3317193177e+37 Shat=2.1000000000e+01 Lhat=0.0000000000e+00
KNUTH_SUBTREE root=8623 depth=26 w=3.1322920400e+37 Shat=2.0428000000e+02 Lhat=0.0000000000e+00
KNUTH_SUBTREE root=8624 depth=26 w=1.0873731562e+37 Shat=2.1920000000e+01 Lhat=0.0000000000e+00
KNUTH_SUBTREE root=8625 depth=26 w=3.0103109123e+37 Shat=1.9347900000e+02 Lhat=0.0000000000e+00
KNUTH_SUBTREE root=8626 depth=26 w=3.8494328822e+36 Shat=5.0794000000e+01 Lhat=0.0000000000e+00
KNUTH_SUBTREE root=8627 depth=26 w=2.3478486569e+36 Shat=1.1391000000e+03 Lhat=0.0000000000e+00
KNUTH_SUBTREE root=8628 depth=26 w=2.0826031596e+37 Shat=1.5777400000e+02 Lhat=0.0000000000e+00
KNUTH_SUBTREE root=8629 depth=26 w=8.2402944806e+34 Shat=4.0000000000e+00 Lhat=0.0000000000e+00
KNUTH_SUBTREE root=8630 depth=26 w=1.3579327143e+37 Shat=3.3560400000e+03 Lhat=0.0000000000e+00
KNUTH_SUBTREE root=8631 depth=26 w=2.9896523337e+36 Shat=3.6984520000e+03 Lhat=0.0000000000e+00
KNUTH_SUBTREE root=8632 depth=26 w=1.0591948770e+37 Shat=1.6789360000e+03 Lhat=0.0000000000e+00
KNUTH_SUBTREE root=8633 depth=26 w=4.1449047581e+36 Shat=5.5250000000e+02 Lhat=0.0000000000e+00
KNUTH_SUBTREE root=8634 depth=26 w=1.3036781834e+37 Shat=1.9957900000e+03 Lhat=0.0000000000e+00
KNUTH_SUBTREE root=8635 depth=26 w=1.6482805154e+36 Shat=5.0000000000e+00 Lhat=0.0000000000e+00
KNUTH_SUBTREE root=8636 depth=26 w=1.6789668896e+36 Shat=1.3000000000e+01 Lhat=0.0000000000e+00
KNUTH_SUBTREE root=8637 depth=26 w=3.2427325875e+36 Shat=1.3073500000e+02 Lhat=0.0000000000e+00
KNUTH_SUBTREE root=8638 depth=26 w=2.9205262986e+37 Shat=1.9681840000e+03 Lhat=0.0000000000e+00
KNUTH_SUBTREE root=8639 depth=26 w=4.5090633897e+36 Shat=2.5603100000e+02 Lhat=0.0000000000e+00
KNUTH_SUBTREE root=8640 depth=26 w=4.9496132677e+36 Shat=4.3000000000e+01 Lhat=0.0000000000e+00
KNUTH_SUBTREE root=8641 depth=26 w=7.3057544017e+36 Shat=3.5733600000e+02 Lhat=0.0000000000e+00
KNUTH_SUBTREE root=8642 depth=26 w=2.7080739786e+36 Shat=8.4457000000e+01 Lhat=0.0000000000e+00
KNUTH_SUBTREE root=8643 depth=26 w=1.0761608499e+37 Shat=1.6854900000e+03 Lhat=0.0000000000e+00
KNUTH_SUBTREE root=8644 depth=26 w=1.3143330082e+36 Shat=7.9492500000e+02 Lhat=0.0000000000e+00
KNUTH_SUBTREE root=8645 depth=26 w=3.0053996510e+37 Shat=1.9957300000e+03 Lhat=0.0000000000e+00
KNUTH_SUBTREE root=8646 depth=26 w=2.0289126543e+37 Shat=4.9165000000e+01 Lhat=0.0000000000e+00
KNUTH_SUBTREE root=8647 depth=26 w=2.4480489809e+35 Shat=1.6000000000e+01 Lhat=0.0000000000e+00
KNUTH_SUBTREE root=8648 depth=26 w=1.2255627965e+37 Shat=2.2171510000e+03 Lhat=3.2734800000e+02
KNUTH_SUBTREE root=8649 depth=26 w=9.6299285896e+36 Shat=3.3424000000e+02 Lhat=0.0000000000e+00
KNUTH_SUBTREE root=8650 depth=26 w=2.8134987540e+36 Shat=2.1864000000e+03 Lhat=0.0000000000e+00
KNUTH_SUBTREE root=8651 depth=26 w=5.1587449315e+36 Shat=3.9780000000e+00 Lhat=0.0000000000e+00
KNUTH_SUBTREE root=8652 depth=26 w=5.0794207723e+35 Shat=8.0000000000e+00 Lhat=0.0000000000e+00
KNUTH_SUBTREE root=8653 depth=26 w=1.1997857762e+37 Shat=4.6917000000e+02 Lhat=0.0000000000e+00
KNUTH_SUBTREE root=8654 depth=26 w=2.8265156160e+37 Shat=9.0152000000e+02 Lhat=0.0000000000e+00
KNUTH_SUBTREE root=8655 depth=26 w=4.0875584593e+36 Shat=1.8495680000e+03 Lhat=0.0000000000e+00
KNUTH_SUBTREE root=8656 depth=26 w=2.9937118860e+37 Shat=4.5634260000e+03 Lhat=0.0000000000e+00
KNUTH_SUBTREE root=8657 depth=26 w=1.3463415524e+37 Shat=1.0446480000e+03 Lhat=8.4032000000e+01
KNUTH_SUBTREE root=8658 depth=26 w=6.7957060240e+36 Shat=1.3559200000e+02 Lhat=0.0000000000e+00
KNUTH_SUBTREE root=8659 depth=26 w=1.2774629099e+37 Shat=1.5391000000e+02 Lhat=0.0000000000e+00
KNUTH_SUBTREE root=8660 depth=26 w=2.1705737942e+36 Shat=5.3225830000e+03 Lhat=0.0000000000e+00
KNUTH_SUBTREE root=8661 depth=26 w=2.3330646118e+37 Shat=1.1000000000e+01 Lhat=0.0000000000e+00
KNUTH_SUBTREE root=8662 depth=26 w=3.0336744603e+37 Shat=1.1082430000e+03 Lhat=0.0000000000e+00
KNUTH_SUBTREE root=8663 depth=26 w=3.5462649992e+36 Shat=2.3021230000e+03 Lhat=0.0000000000e+00
KNUTH_SUBTREE root=8664 depth=26 w=1.7480758189e+37 Shat=2.2926080000e+03 Lhat=0.0000000000e+00
KNUTH_SUBTREE root=8665 depth=26 w=3.7181273914e+36 Shat=8.5583560000e+03 Lhat=0.0000000000e+00
KNUTH_SUBTREE root=8666 depth=26 w=2.5780743168e+37 Shat=4.1460860000e+03 Lhat=0.0000000000e+00
KNUTH_SUBTREE root=8667 depth=26 w=4.6572583417e+36 Shat=1.3472800000e+02 Lhat=0.0000000000e+00
KNUTH_SUBTREE root=8668 depth=26 w=5.5921612934e+36 Shat=3.1732000000e+01 Lhat=0.0000000000e+00
KNUTH_SUBTREE root=8669 depth=26 w=4.1937406388e+36 Shat=3.3071200000e+02 Lhat=0.0000000000e+00
KNUTH_SUBTREE root=8670 depth=26 w=1.2647690771e+37 Shat=3.6629400000e+03 Lhat=0.0000000000e+00
KNUTH_SUBTREE root=8671 depth=26 w=3.6033333887e+36 Shat=1.0337120000e+03 Lhat=0.0000000000e+00
KNUTH_SUBTREE root=8672 depth=26 w=1.8724720102e+37 Shat=1.5916110000e+03 Lhat=0.0000000000e+00
KNUTH_SUBTREE root=8673 depth=26 w=3.0880888569e+37 Shat=4.7912800000e+03 Lhat=6.8948000000e+01
KNUTH_SUBTREE root=8674 depth=26 w=1.9194202070e+37 Shat=2.0545480000e+03 Lhat=0.0000000000e+00
KNUTH_SUBTREE root=8675 depth=26 w=2.9911013983e+37 Shat=2.5665850000e+03 Lhat=0.0000000000e+00
KNUTH_SUBTREE root=8676 depth=26 w=2.7148792812e+37 Shat=1.2365280000e+03 Lhat=0.0000000000e+00
KNUTH_SUBTREE root=8677 depth=26 w=9.9776619746e+36 Shat=3.9023000000e+02 Lhat=0.0000000000e+00
KNUTH_SUBTREE root=8678 depth=26 w=5.9395945147e+34 Shat=4.0000000000e+00 Lhat=0.0000000000e+00
KNUTH_SUBTREE root=8679 depth=26 w=4.6234632789e+36 Shat=3.1566690000e+03 Lhat=0.0000000000e+00
KNUTH_SUBTREE root=8680 depth=26 w=4.7452888070e+36 Shat=2.4651040000e+03 Lhat=0.0000000000e+00
KNUTH_SUBTREE root=8681 depth=26 w=1.1843459193e+37 Shat=7.0000000000e+00 Lhat=0.0000000000e+00
KNUTH_SUBTREE root=8682 depth=26 w=2.2493464730e+36 Shat=1.5216400000e+02 Lhat=0.0000000000e+00
KNUTH_SUBTREE root=8683 depth=26 w=1.2159645813e+37 Shat=4.3112000000e+01 Lhat=0.0000000000e+00
KNUTH_SUBTREE root=8684 depth=26 w=4.6676357815e+36 Shat=4.1180800000e+02 Lhat=0.0000000000e+00
KNUTH_SUBTREE root=8685 depth=26 w=2.9080341304e+37 Shat=1.1976490000e+03 Lhat=0.0000000000e+00
KNUTH_SUBTREE root=8686 depth=26 w=1.5329514538e+37 Shat=5.3374900000e+02 Lhat=0.0000000000e+00
KNUTH_SUBTREE root=8687 depth=26 w=1.1139096213e+37 Shat=8.8843600000e+02 Lhat=0.0000000000e+00
KNUTH_SUBTREE root=8688 depth=26 w=5.2213299576e+36 Shat=3.1900000000e+01 Lhat=0.0000000000e+00
KNUTH_SUBTREE root=8689 depth=26 w=3.0559747816e+37 Shat=4.0107200000e+02 Lhat=0.0000000000e+00
KNUTH_SUBTREE root=8690 depth=26 w=9.7934834218e+36 Shat=6.0274180000e+03 Lhat=0.0000000000e+00
KNUTH_SUBTREE root=8691 depth=26 w=9.4220089617e+36 Shat=1.8595700000e+03 Lhat=0.0000000000e+00
KNUTH_SUBTREE root=8692 depth=26 w=4.6034800216e+36 Shat=4.0184000000e+02 Lhat=0.0000000000e+00
KNUTH_SUBTREE root=8693 depth=26 w=3.9160383578e+36 Shat=6.6000800000e+02 Lhat=0.0000000000e+00
KNUTH_SUBTREE root=8694 depth=26 w=1.0702849657e+37 Shat=2.3626000000e+01 Lhat=0.0000000000e+00
KNUTH_SUBTREE root=8695 depth=26 w=4.3472561664e+36 Shat=2.4912000000e+01 Lhat=0.0000000000e+00
KNUTH_SUBTREE root=8696 depth=26 w=1.1344612840e+37 Shat=3.8808000000e+01 Lhat=0.0000000000e+00
KNUTH_SUBTREE root=8697 depth=26 w=2.6267856650e+35 Shat=3.8740000000e+01 Lhat=0.0000000000e+00
KNUTH_SUBTREE root=8698 depth=26 w=1.4507123102e+37 Shat=2.1258500000e+02 Lhat=0.0000000000e+00
KNUTH_SUBTREE root=8699 depth=26 w=6.7104480778e+34 Shat=1.4564000000e+02 Lhat=0.0000000000e+00
KNUTH_SUBTREE root=8700 depth=26 w=3.0299962760e+37 Shat=3.2312900000e+03 Lhat=0.0000000000e+00
KNUTH_SUBTREE root=8701 depth=26 w=8.5779961324e+36 Shat=1.5849000000e+03 Lhat=0.0000000000e+00
KNUTH_SUBTREE root=8702 depth=26 w=3.0843925422e+37 Shat=1.4323750000e+03 Lhat=5.1964000000e+01
KNUTH_SUBTREE root=8703 depth=26 w=0 Shat=0 Lhat=0 dead=1
KNUTH_SUBTREE root=8704 depth=26 w=5.0790628422e+36 Shat=3.7148000000e+01 Lhat=0.0000000000e+00
KNUTH_SUBTREE root=8705 depth=26 w=3.4617013517e+37 Shat=2.4233870000e+03 Lhat=0.0000000000e+00
KNUTH_SUBTREE root=8706 depth=26 w=2.6339953721e+37 Shat=1.4383360000e+03 Lhat=0.0000000000e+00
KNUTH_SUBTREE root=8707 depth=26 w=2.7851434003e+36 Shat=4.0520100000e+02 Lhat=0.0000000000e+00
KNUTH_SUBTREE root=8708 depth=26 w=9.0549989636e+36 Shat=3.4260000000e+01 Lhat=0.0000000000e+00
KNUTH_SUBTREE root=8709 depth=26 w=1.3439694942e+37 Shat=2.0107450000e+03 Lhat=0.0000000000e+00
KNUTH_SUBTREE root=8710 depth=26 w=1.5605901236e+36 Shat=3.7840000000e+01 Lhat=0.0000000000e+00
KNUTH_SUBTREE root=8711 depth=26 w=1.5692965436e+37 Shat=1.2614350000e+03 Lhat=0.0000000000e+00
KNUTH_SUBTREE root=8712 depth=26 w=2.4591284495e+36 Shat=3.2783000000e+02 Lhat=0.0000000000e+00
KNUTH_SUBTREE root=8713 depth=26 w=4.2829472151e+36 Shat=2.3874000000e+03 Lhat=0.0000000000e+00
KNUTH_SUBTREE root=8714 depth=26 w=1.9266535534e+36 Shat=1.4489200000e+03 Lhat=0.0000000000e+00
KNUTH_SUBTREE root=8715 depth=26 w=1.4985377109e+37 Shat=2.9670320000e+03 Lhat=0.0000000000e+00
KNUTH_SUBTREE root=8716 depth=26 w=2.3455488998e+36 Shat=1.3000000000e+01 Lhat=0.0000000000e+00
KNUTH_SUBTREE root=8717 depth=26 w=3.1610718911e+37 Shat=5.5626440000e+03 Lhat=0.0000000000e+00
KNUTH_SUBTREE root=8718 depth=26 w=1.8201128247e+37 Shat=7.9103100000e+02 Lhat=0.0000000000e+00
KNUTH_SUBTREE root=8719 depth=26 w=4.3777331795e+36 Shat=4.7485800000e+03 Lhat=0.0000000000e+00
KNUTH_SUBTREE root=8720 depth=26 w=4.9031927961e+36 Shat=1.6948000000e+01 Lhat=0.0000000000e+00
KNUTH_SUBTREE root=8721 depth=26 w=2.8405287537e+37 Shat=2.6423200000e+03 Lhat=0.0000000000e+00
KNUTH_SUBTREE root=8722 depth=26 w=3.7347602662e+36 Shat=6.1671800000e+03 Lhat=0.0000000000e+00
KNUTH_SUBTREE root=8723 depth=26 w=4.0903788349e+36 Shat=1.0000000000e+00 Lhat=0.0000000000e+00
KNUTH_SUBTREE root=8724 depth=26 w=1.9128160365e+36 Shat=1.3000000000e+01 Lhat=0.0000000000e+00
KNUTH_SUBTREE root=8725 depth=26 w=2.1709526147e+36 Shat=1.0000000000e+01 Lhat=0.0000000000e+00
KNUTH_SUBTREE root=8726 depth=26 w=7.8248842482e+36 Shat=3.6818380000e+03 Lhat=0.0000000000e+00
KNUTH_SUBTREE root=8727 depth=26 w=4.9311952323e+36 Shat=2.0862000000e+03 Lhat=0.0000000000e+00
KNUTH_SUBTREE root=8728 depth=26 w=1.5187347569e+37 Shat=3.7204100000e+03 Lhat=0.0000000000e+00
KNUTH_SUBTREE root=8729 depth=26 w=2.8699367859e+36 Shat=4.3424800000e+02 Lhat=0.0000000000e+00
KNUTH_SUBTREE root=8730 depth=26 w=3.7107574045e+36 Shat=2.4808000000e+01 Lhat=0.0000000000e+00
KNUTH_SUBTREE root=8731 depth=26 w=2.5761158397e+36 Shat=1.0873710000e+03 Lhat=0.0000000000e+00
KNUTH_SUBTREE root=8732 depth=26 w=9.0555203539e+36 Shat=2.4485440000e+03 Lhat=0.0000000000e+00
KNUTH_SUBTREE root=8733 depth=26 w=6.8325909417e+36 Shat=5.6773000000e+01 Lhat=0.0000000000e+00
KNUTH_SUBTREE root=8734 depth=26 w=8.3772878942e+36 Shat=3.4816800000e+02 Lhat=1.6640000000e+01
KNUTH_SUBTREE root=8735 depth=26 w=3.3744624053e+36 Shat=1.1148160000e+03 Lhat=0.0000000000e+00
KNUTH_SUBTREE root=8736 depth=26 w=1.1656351033e+37 Shat=1.0616200000e+02 Lhat=0.0000000000e+00
KNUTH_SUBTREE root=8737 depth=26 w=2.0040196444e+36 Shat=1.0052000000e+02 Lhat=0.0000000000e+00
KNUTH_SUBTREE root=8738 depth=26 w=1.3263331959e+37 Shat=4.0000000000e+00 Lhat=0.0000000000e+00
KNUTH_SUBTREE root=8739 depth=26 w=3.3279827828e+36 Shat=1.8509040000e+03 Lhat=0.0000000000e+00
KNUTH_SUBTREE root=8740 depth=26 w=9.0968894403e+36 Shat=5.2090000000e+01 Lhat=0.0000000000e+00
KNUTH_SUBTREE root=8741 depth=26 w=1.0429559153e+36 Shat=3.9964300000e+02 Lhat=0.0000000000e+00
KNUTH_SUBTREE root=8742 depth=26 w=7.2602998851e+36 Shat=2.6108720000e+03 Lhat=7.2960000000e+01
KNUTH_SUBTREE root=8743 depth=26 w=2.1731788228e+36 Shat=5.1492000000e+02 Lhat=0.0000000000e+00
KNUTH_SUBTREE root=8744 depth=26 w=1.6058209544e+37 Shat=9.3555600000e+02 Lhat=0.0000000000e+00
KNUTH_SUBTREE root=8745 depth=26 w=1.7982496464e+37 Shat=1.5969200000e+03 Lhat=0.0000000000e+00
KNUTH_SUBTREE root=8746 depth=26 w=1.5022729528e+37 Shat=3.5918920000e+03 Lhat=0.0000000000e+00
KNUTH_SUBTREE root=8747 depth=26 w=2.2932185828e+37 Shat=1.9399960000e+03 Lhat=0.0000000000e+00
KNUTH_SUBTREE root=8748 depth=26 w=1.5358391970e+35 Shat=5.0000000000e+00 Lhat=0.0000000000e+00
KNUTH_SUBTREE root=8749 depth=26 w=1.1599982857e+37 Shat=1.6094080000e+03 Lhat=0.0000000000e+00
KNUTH_SUBTREE root=8750 depth=26 w=2.2262532311e+36 Shat=1.4497900000e+02 Lhat=0.0000000000e+00
KNUTH_SUBTREE root=8751 depth=26 w=1.9627032164e+37 Shat=5.5105000000e+01 Lhat=0.0000000000e+00
KNUTH_SUBTREE root=8752 depth=26 w=8.8711846659e+36 Shat=5.1447280000e+03 Lhat=0.0000000000e+00
KNUTH_SUBTREE root=8753 depth=26 w=2.6217605168e+37 Shat=1.6000000000e+01 Lhat=0.0000000000e+00
KNUTH_SUBTREE root=8754 depth=26 w=2.2643960703e+36 Shat=4.2202000000e+01 Lhat=0.0000000000e+00
KNUTH_SUBTREE root=8755 depth=26 w=7.9102717375e+36 Shat=1.8512800000e+02 Lhat=0.0000000000e+00
KNUTH_SUBTREE root=8756 depth=26 w=4.3833606645e+35 Shat=1.2184000000e+02 Lhat=0.0000000000e+00
KNUTH_SUBTREE root=8757 depth=26 w=9.2393521626e+36 Shat=3.1996000000e+03 Lhat=0.0000000000e+00
KNUTH_SUBTREE root=8758 depth=26 w=1.6960978386e+37 Shat=4.1149000000e+02 Lhat=0.0000000000e+00
KNUTH_SUBTREE root=8759 depth=26 w=2.3838345690e+37 Shat=6.5790000000e+02 Lhat=0.0000000000e+00
KNUTH_SUBTREE root=8760 depth=26 w=3.0177374908e+37 Shat=2.8269000000e+02 Lhat=0.0000000000e+00
KNUTH_SUBTREE root=8761 depth=26 w=2.7013992817e+37 Shat=9.5298400000e+02 Lhat=0.0000000000e+00
KNUTH_SUBTREE root=8762 depth=26 w=3.6858910644e+36 Shat=2.0341520000e+03 Lhat=0.0000000000e+00
KNUTH_SUBTREE root=8763 depth=26 w=5.6890877738e+36 Shat=1.2083500000e+02 Lhat=0.0000000000e+00
KNUTH_SUBTREE root=8764 depth=26 w=1.4895976305e+37 Shat=1.4230500000e+03 Lhat=0.0000000000e+00
KNUTH_SUBTREE root=8765 depth=26 w=1.0015239966e+37 Shat=1.5497320000e+03 Lhat=0.0000000000e+00
KNUTH_SUBTREE root=8766 depth=26 w=8.0911455641e+36 Shat=3.5963100000e+03 Lhat=0.0000000000e+00
KNUTH_SUBTREE root=8767 depth=26 w=2.3313735021e+34 Shat=1.0000000000e+00 Lhat=0.0000000000e+00
KNUTH_SUBTREE root=8768 depth=26 w=8.9622030988e+36 Shat=1.8057260000e+03 Lhat=0.0000000000e+00
KNUTH_SUBTREE root=8769 depth=26 w=7.9299327232e+36 Shat=1.3330000000e+02 Lhat=0.0000000000e+00
KNUTH_SUBTREE root=8770 depth=26 w=3.3849240782e+37 Shat=2.2666600000e+02 Lhat=0.0000000000e+00
KNUTH_SUBTREE root=8771 depth=26 w=1.8333745935e+37 Shat=7.5711000000e+02 Lhat=0.0000000000e+00
KNUTH_SUBTREE root=8772 depth=26 w=1.8083327991e+37 Shat=2.2679120000e+03 Lhat=0.0000000000e+00
KNUTH_SUBTREE root=8773 depth=26 w=1.3403652428e+36 Shat=1.3000000000e+01 Lhat=0.0000000000e+00
KNUTH_SUBTREE root=8774 depth=26 w=5.7446842071e+34 Shat=2.0000000000e+00 Lhat=0.0000000000e+00
KNUTH_SUBTREE root=8775 depth=26 w=2.3855052662e+37 Shat=8.3477200000e+02 Lhat=0.0000000000e+00
KNUTH_SUBTREE root=8776 depth=26 w=5.6764921869e+36 Shat=5.0381290000e+03 Lhat=0.0000000000e+00
KNUTH_SUBTREE root=8777 depth=26 w=8.3776967377e+36 Shat=1.0766900000e+03 Lhat=0.0000000000e+00
KNUTH_SUBTREE root=8778 depth=26 w=2.8079816242e+37 Shat=2.5312000000e+01 Lhat=0.0000000000e+00
KNUTH_SUBTREE root=8779 depth=26 w=2.5151377355e+36 Shat=2.2670660000e+03 Lhat=0.0000000000e+00
KNUTH_SUBTREE root=8780 depth=26 w=6.2617905496e+36 Shat=8.7363600000e+02 Lhat=9.6000000000e+00
KNUTH_SUBTREE root=8781 depth=26 w=2.7828546299e+37 Shat=2.9899240000e+03 Lhat=0.0000000000e+00
KNUTH_SUBTREE root=8782 depth=26 w=1.0400372516e+37 Shat=1.1675800000e+02 Lhat=0.0000000000e+00
KNUTH_SUBTREE root=8783 depth=26 w=2.5363052485e+37 Shat=2.6914000000e+02 Lhat=0.0000000000e+00
KNUTH_SUBTREE root=8784 depth=26 w=2.3891551359e+37 Shat=5.5648330000e+03 Lhat=0.0000000000e+00
KNUTH_SUBTREE root=8785 depth=26 w=7.1649648406e+36 Shat=3.3603940000e+03 Lhat=0.0000000000e+00
KNUTH_SUBTREE root=8786 depth=26 w=5.1157535342e+36 Shat=7.9840000000e+00 Lhat=0.0000000000e+00
KNUTH_SUBTREE root=8787 depth=26 w=5.0473283570e+36 Shat=2.4722270000e+03 Lhat=0.0000000000e+00
KNUTH_SUBTREE root=8788 depth=26 w=1.5686741737e+36 Shat=1.7080600000e+02 Lhat=0.0000000000e+00
KNUTH_SUBTREE root=8789 depth=26 w=6.7459610382e+36 Shat=4.3081600000e+02 Lhat=0.0000000000e+00
KNUTH_SUBTREE root=8790 depth=26 w=2.7113475859e+36 Shat=1.5749000000e+02 Lhat=0.0000000000e+00
KNUTH_SUBTREE root=8791 depth=26 w=2.0190018478e+36 Shat=1.3674000000e+02 Lhat=0.0000000000e+00
KNUTH_SUBTREE root=8792 depth=26 w=3.0149704793e+36 Shat=9.0000000000e+00 Lhat=0.0000000000e+00
KNUTH_SUBTREE root=8793 depth=26 w=2.6075463748e+37 Shat=2.1517760000e+03 Lhat=0.0000000000e+00
KNUTH_SUBTREE root=8794 depth=26 w=4.9775560623e+36 Shat=2.7423760000e+03 Lhat=0.0000000000e+00
KNUTH_SUBTREE root=8795 depth=26 w=1.0590763668e+37 Shat=2.8244800000e+03 Lhat=0.0000000000e+00
KNUTH_SUBTREE root=8796 depth=26 w=2.7672170599e+36 Shat=6.4857430000e+03 Lhat=0.0000000000e+00
KNUTH_SUBTREE root=8797 depth=26 w=1.0185916542e+37 Shat=2.6928400000e+03 Lhat=0.0000000000e+00
KNUTH_SUBTREE root=8798 depth=26 w=9.7583508212e+36 Shat=5.3981900000e+03 Lhat=0.0000000000e+00
KNUTH_SUBTREE root=8799 depth=26 w=1.8174338568e+35 Shat=4.6300000000e+01 Lhat=0.0000000000e+00
KNUTH_SUBTREE root=8800 depth=26 w=3.9564583603e+36 Shat=3.3128000000e+01 Lhat=0.0000000000e+00
KNUTH_SUBTREE root=8801 depth=26 w=1.5452814069e+37 Shat=1.5388000000e+01 Lhat=0.0000000000e+00
KNUTH_SUBTREE root=8802 depth=26 w=6.2890457069e+36 Shat=8.8884000000e+02 Lhat=0.0000000000e+00
KNUTH_SUBTREE root=8803 depth=26 w=2.7606194622e+37 Shat=2.7694400000e+03 Lhat=0.0000000000e+00
KNUTH_SUBTREE root=8804 depth=26 w=4.4589970041e+36 Shat=1.7089700000e+03 Lhat=0.0000000000e+00
KNUTH_SUBTREE root=8805 depth=26 w=1.5874226286e+37 Shat=4.0602160000e+03 Lhat=0.0000000000e+00
KNUTH_SUBTREE root=8806 depth=26 w=1.8681794425e+37 Shat=4.3635120000e+03 Lhat=0.0000000000e+00
KNUTH_SUBTREE root=8807 depth=26 w=3.1385632163e+37 Shat=3.6968500000e+03 Lhat=0.0000000000e+00
KNUTH_SUBTREE root=8808 depth=26 w=3.4797088374e+36 Shat=2.9000000000e+01 Lhat=0.0000000000e+00
KNUTH_SUBTREE root=8809 depth=26 w=3.4843772465e+37 Shat=8.0803200000e+02 Lhat=0.0000000000e+00
KNUTH_SUBTREE root=8810 depth=26 w=1.7863500655e+37 Shat=2.0836000000e+01 Lhat=0.0000000000e+00
KNUTH_SUBTREE root=8811 depth=26 w=3.0918175193e+37 Shat=2.0276100000e+02 Lhat=0.0000000000e+00
KNUTH_SUBTREE root=8812 depth=26 w=2.9291067739e+37 Shat=1.0581900000e+03 Lhat=0.0000000000e+00
KNUTH_SUBTREE root=8813 depth=26 w=6.4954257199e+36 Shat=1.4488000000e+02 Lhat=0.0000000000e+00
KNUTH_SUBTREE root=8814 depth=26 w=4.3512695863e+36 Shat=4.5224000000e+01 Lhat=0.0000000000e+00
KNUTH_SUBTREE root=8815 depth=26 w=5.7135278933e+36 Shat=1.3024540000e+03 Lhat=0.0000000000e+00
KNUTH_SUBTREE root=8816 depth=26 w=3.0259307319e+37 Shat=1.1602816000e+04 Lhat=0.0000000000e+00
KNUTH_SUBTREE root=8817 depth=26 w=1.6172025857e+36 Shat=2.5546490000e+03 Lhat=0.0000000000e+00
KNUTH_SUBTREE root=8818 depth=26 w=1.9726939588e+37 Shat=7.9344400000e+02 Lhat=0.0000000000e+00
KNUTH_SUBTREE root=8819 depth=26 w=4.0022115742e+36 Shat=3.4331000000e+02 Lhat=0.0000000000e+00
KNUTH_SUBTREE root=8820 depth=26 w=4.8874469665e+36 Shat=6.1368640000e+03 Lhat=0.0000000000e+00
KNUTH_SUBTREE root=8821 depth=26 w=4.2917239874e+36 Shat=1.8750300000e+03 Lhat=0.0000000000e+00
KNUTH_SUBTREE root=8822 depth=26 w=3.8255078212e+36 Shat=1.2007720000e+03 Lhat=0.0000000000e+00
KNUTH_SUBTREE root=8823 depth=26 w=5.0200205962e+36 Shat=4.5552000000e+01 Lhat=0.0000000000e+00
KNUTH_SUBTREE root=8824 depth=26 w=1.6690833269e+36 Shat=5.3995000000e+01 Lhat=0.0000000000e+00
KNUTH_SUBTREE root=8825 depth=26 w=2.5864181374e+36 Shat=5.2094800000e+03 Lhat=0.0000000000e+00
KNUTH_SUBTREE root=8826 depth=26 w=6.8138242205e+36 Shat=2.8871030000e+03 Lhat=0.0000000000e+00
KNUTH_SUBTREE root=8827 depth=26 w=3.9837206615e+36 Shat=1.0884675000e+04 Lhat=2.3134100000e+03
KNUTH_SUBTREE root=8828 depth=26 w=2.2518192977e+36 Shat=1.0000000000e+01 Lhat=0.0000000000e+00
KNUTH_SUBTREE root=8829 depth=26 w=1.8624428932e+36 Shat=6.8192800000e+02 Lhat=0.0000000000e+00
KNUTH_SUBTREE root=8830 depth=26 w=2.0318155831e+36 Shat=9.3208600000e+02 Lhat=0.0000000000e+00
KNUTH_SUBTREE root=8831 depth=26 w=2.6536810344e+36 Shat=8.4340070000e+03 Lhat=1.0919480000e+03
KNUTH_SUBTREE root=8832 depth=26 w=4.8746822192e+36 Shat=4.0057500000e+02 Lhat=0.0000000000e+00
KNUTH_SUBTREE root=8833 depth=26 w=7.9375551650e+36 Shat=1.6452010000e+03 Lhat=0.0000000000e+00
KNUTH_SUBTREE root=8834 depth=26 w=4.8672527611e+36 Shat=7.3390400000e+02 Lhat=0.0000000000e+00
KNUTH_SUBTREE root=8835 depth=26 w=2.3480646157e+36 Shat=2.6358000000e+02 Lhat=0.0000000000e+00
KNUTH_SUBTREE root=8836 depth=26 w=3.6352195679e+36 Shat=3.7586600000e+03 Lhat=0.0000000000e+00
KNUTH_SUBTREE root=8837 depth=26 w=3.1133241008e+37 Shat=1.0690300000e+03 Lhat=0.0000000000e+00
KNUTH_SUBTREE root=8838 depth=26 w=3.2426404973e+36 Shat=7.0918640000e+03 Lhat=0.0000000000e+00
KNUTH_SUBTREE root=8839 depth=26 w=5.8343433625e+36 Shat=3.4525600000e+02 Lhat=0.0000000000e+00
KNUTH_SUBTREE root=8840 depth=26 w=1.3436423155e+37 Shat=6.8217000000e+02 Lhat=0.0000000000e+00
KNUTH_SUBTREE root=8841 depth=26 w=3.4274286321e+37 Shat=2.8329100000e+03 Lhat=0.0000000000e+00
KNUTH_SUBTREE root=8842 depth=26 w=2.4864141928e+37 Shat=4.8194400000e+02 Lhat=0.0000000000e+00
KNUTH_SUBTREE root=8843 depth=26 w=4.9976061104e+36 Shat=4.4975800000e+03 Lhat=0.0000000000e+00
KNUTH_SUBTREE root=8844 depth=26 w=3.9803144154e+36 Shat=2.2772000000e+01 Lhat=0.0000000000e+00
KNUTH_SUBTREE root=8845 depth=26 w=3.7011502565e+37 Shat=7.6025280000e+03 Lhat=0.0000000000e+00
KNUTH_SUBTREE root=8846 depth=26 w=3.8056464875e+37 Shat=3.8771200000e+02 Lhat=0.0000000000e+00
KNUTH_SUBTREE root=8847 depth=26 w=3.3625113969e+37 Shat=4.7926000000e+02 Lhat=0.0000000000e+00
KNUTH_SUBTREE root=8848 depth=26 w=2.5098733127e+36 Shat=6.9219280000e+03 Lhat=0.0000000000e+00
KNUTH_SUBTREE root=8849 depth=26 w=7.0739071607e+35 Shat=2.7000000000e+01 Lhat=0.0000000000e+00
KNUTH_SUBTREE root=8850 depth=26 w=1.1581081815e+37 Shat=2.1331600000e+02 Lhat=0.0000000000e+00
KNUTH_SUBTREE root=8851 depth=26 w=6.0494973388e+36 Shat=1.0077860000e+03 Lhat=0.0000000000e+00
KNUTH_SUBTREE root=8852 depth=26 w=4.9689464904e+36 Shat=2.4996000000e+01 Lhat=0.0000000000e+00
KNUTH_SUBTREE root=8853 depth=26 w=4.0347232116e+37 Shat=4.0000000000e+00 Lhat=0.0000000000e+00
KNUTH_SUBTREE root=8854 depth=26 w=1.7060417598e+36 Shat=3.0000000000e+00 Lhat=0.0000000000e+00
KNUTH_SUBTREE root=8855 depth=26 w=1.1885424177e+37 Shat=2.3271400000e+02 Lhat=0.0000000000e+00
KNUTH_SUBTREE root=8856 depth=26 w=2.9654502805e+37 Shat=1.4754620000e+03 Lhat=0.0000000000e+00
KNUTH_SUBTREE root=8857 depth=26 w=1.4440546964e+37 Shat=5.3544800000e+03 Lhat=0.0000000000e+00
KNUTH_SUBTREE root=8858 depth=26 w=1.2122176719e+37 Shat=1.2493120000e+03 Lhat=0.0000000000e+00
KNUTH_SUBTREE root=8859 depth=26 w=4.0468264512e+36 Shat=5.2992000000e+01 Lhat=0.0000000000e+00
KNUTH_SUBTREE root=8860 depth=26 w=1.1479947381e+37 Shat=1.8392640000e+03 Lhat=0.0000000000e+00
KNUTH_SUBTREE root=8861 depth=26 w=1.8801428445e+36 Shat=2.4341200000e+03 Lhat=0.0000000000e+00
KNUTH_SUBTREE root=8862 depth=26 w=1.1448201890e+37 Shat=5.4678880000e+03 Lhat=0.0000000000e+00
KNUTH_SUBTREE root=8863 depth=26 w=3.3635482737e+36 Shat=1.3972000000e+01 Lhat=0.0000000000e+00
KNUTH_SUBTREE root=8864 depth=26 w=4.7548192231e+36 Shat=7.2485200000e+02 Lhat=0.0000000000e+00
KNUTH_SUBTREE root=8865 depth=26 w=1.5231491503e+37 Shat=7.0433680000e+03 Lhat=0.0000000000e+00
KNUTH_SUBTREE root=8866 depth=26 w=5.7016715000e+36 Shat=2.1772000000e+03 Lhat=0.0000000000e+00
KNUTH_SUBTREE root=8867 depth=26 w=3.5217827796e+34 Shat=1.0000000000e+00 Lhat=0.0000000000e+00
KNUTH_SUBTREE root=8868 depth=26 w=2.0543804524e+36 Shat=4.1809000000e+03 Lhat=0.0000000000e+00
KNUTH_SUBTREE root=8869 depth=26 w=2.6346772237e+37 Shat=8.7560000000e+01 Lhat=0.0000000000e+00
KNUTH_SUBTREE root=8870 depth=26 w=2.8929497367e+37 Shat=4.0045490000e+03 Lhat=0.0000000000e+00
KNUTH_SUBTREE root=8871 depth=26 w=2.6760493011e+37 Shat=5.3263600000e+02 Lhat=0.0000000000e+00
KNUTH_SUBTREE root=8872 depth=26 w=3.1243218908e+37 Shat=1.0445800000e+02 Lhat=0.0000000000e+00
KNUTH_SUBTREE root=8873 depth=26 w=1.1267122599e+37 Shat=9.5024000000e+01 Lhat=0.0000000000e+00
KNUTH_SUBTREE root=8874 depth=26 w=4.4597865586e+36 Shat=7.3600000000e+01 Lhat=0.0000000000e+00
KNUTH_SUBTREE root=8875 depth=26 w=2.9814766787e+37 Shat=2.2536680000e+03 Lhat=0.0000000000e+00
KNUTH_SUBTREE root=8876 depth=26 w=2.7752362532e+37 Shat=1.2868450000e+03 Lhat=0.0000000000e+00
KNUTH_SUBTREE root=8877 depth=26 w=2.5339295987e+36 Shat=5.9930190000e+03 Lhat=0.0000000000e+00
KNUTH_SUBTREE root=8878 depth=26 w=2.0549034489e+36 Shat=6.1564000000e+01 Lhat=0.0000000000e+00
KNUTH_SUBTREE root=8879 depth=26 w=5.6114133268e+36 Shat=5.5120000000e+01 Lhat=0.0000000000e+00
KNUTH_SUBTREE root=8880 depth=26 w=3.4264638867e+36 Shat=3.9373200000e+03 Lhat=0.0000000000e+00
KNUTH_SUBTREE root=8881 depth=26 w=6.6388030588e+36 Shat=1.5712000000e+02 Lhat=0.0000000000e+00
KNUTH_SUBTREE root=8882 depth=26 w=8.8262372913e+36 Shat=2.4630000000e+02 Lhat=0.0000000000e+00
KNUTH_SUBTREE root=8883 depth=26 w=6.8686216279e+35 Shat=2.7940000000e+01 Lhat=0.0000000000e+00
KNUTH_SUBTREE root=8884 depth=26 w=3.2946851578e+37 Shat=5.7126070000e+03 Lhat=0.0000000000e+00
KNUTH_SUBTREE root=8885 depth=26 w=5.1647838578e+36 Shat=1.0523600000e+02 Lhat=0.0000000000e+00
KNUTH_SUBTREE root=8886 depth=26 w=1.0973006749e+37 Shat=7.2596880000e+03 Lhat=0.0000000000e+00
KNUTH_SUBTREE root=8887 depth=26 w=8.4913380941e+36 Shat=1.3220800000e+02 Lhat=0.0000000000e+00
KNUTH_SUBTREE root=8888 depth=26 w=5.3955603032e+36 Shat=1.1035360000e+03 Lhat=0.0000000000e+00
KNUTH_SUBTREE root=8889 depth=26 w=3.2677152423e+37 Shat=1.7464800000e+03 Lhat=0.0000000000e+00
KNUTH_SUBTREE root=8890 depth=26 w=0 Shat=0 Lhat=0 dead=1
KNUTH_SUBTREE root=8891 depth=26 w=2.8934920762e+36 Shat=1.7218540000e+03 Lhat=0.0000000000e+00
KNUTH_SUBTREE root=8892 depth=26 w=2.1784555825e+36 Shat=2.5966000000e+02 Lhat=0.0000000000e+00
KNUTH_SUBTREE root=8893 depth=26 w=1.8433905706e+36 Shat=8.5089600000e+02 Lhat=0.0000000000e+00
KNUTH_SUBTREE root=8894 depth=26 w=2.8178204060e+36 Shat=5.7148570000e+03 Lhat=4.2920100000e+02
KNUTH_SUBTREE root=8895 depth=26 w=1.3404481816e+36 Shat=3.0000000000e+00 Lhat=0.0000000000e+00
KNUTH_SUBTREE root=8896 depth=26 w=4.4511807610e+36 Shat=2.2366000000e+02 Lhat=0.0000000000e+00
KNUTH_SUBTREE root=8897 depth=26 w=2.0761413329e+37 Shat=1.0000000000e+01 Lhat=0.0000000000e+00
KNUTH_SUBTREE root=8898 depth=26 w=1.7430975227e+37 Shat=1.1338480000e+03 Lhat=0.0000000000e+00
KNUTH_SUBTREE root=8899 depth=26 w=3.1872691016e+36 Shat=8.9584000000e+01 Lhat=0.0000000000e+00
KNUTH_SUBTREE root=8900 depth=26 w=2.1901222123e+36 Shat=1.3990000000e+01 Lhat=0.0000000000e+00
KNUTH_SUBTREE root=8901 depth=26 w=1.9514138189e+37 Shat=2.5280000000e+01 Lhat=0.0000000000e+00
KNUTH_SUBTREE root=8902 depth=26 w=4.5352901890e+36 Shat=1.3000000000e+01 Lhat=0.0000000000e+00
KNUTH_SUBTREE root=8903 depth=26 w=4.2973100694e+36 Shat=3.0662400000e+02 Lhat=0.0000000000e+00
KNUTH_SUBTREE root=8904 depth=26 w=4.6502012210e+36 Shat=3.1063820000e+03 Lhat=0.0000000000e+00
KNUTH_SUBTREE root=8905 depth=26 w=1.8464069054e+37 Shat=3.2647880000e+03 Lhat=0.0000000000e+00
KNUTH_SUBTREE root=8906 depth=26 w=3.9868522629e+36 Shat=5.7598800000e+03 Lhat=0.0000000000e+00
KNUTH_SUBTREE root=8907 depth=26 w=1.5426842571e+37 Shat=5.4399720000e+03 Lhat=0.0000000000e+00
KNUTH_SUBTREE root=8908 depth=26 w=1.4815964426e+37 Shat=2.7562240000e+03 Lhat=0.0000000000e+00
KNUTH_SUBTREE root=8909 depth=26 w=3.4810188637e+36 Shat=5.0301200000e+02 Lhat=0.0000000000e+00
KNUTH_SUBTREE root=8910 depth=26 w=2.7526212400e+37 Shat=3.5310800000e+03 Lhat=0.0000000000e+00
KNUTH_SUBTREE root=8911 depth=26 w=5.8059585995e+36 Shat=3.7298200000e+03 Lhat=0.0000000000e+00
KNUTH_SUBTREE root=8912 depth=26 w=3.8828808654e+36 Shat=4.3519780000e+03 Lhat=0.0000000000e+00
KNUTH_SUBTREE root=8913 depth=26 w=2.6655701396e+36 Shat=4.2752500000e+03 Lhat=0.0000000000e+00
KNUTH_SUBTREE root=8914 depth=26 w=3.9296776206e+37 Shat=6.6343700000e+03 Lhat=0.0000000000e+00
KNUTH_SUBTREE root=8915 depth=26 w=9.5006088479e+36 Shat=2.0000000000e+00 Lhat=0.0000000000e+00
KNUTH_SUBTREE root=8916 depth=26 w=1.0768026750e+34 Shat=3.0000000000e+00 Lhat=0.0000000000e+00
KNUTH_SUBTREE root=8917 depth=26 w=1.4024785426e+37 Shat=2.1159280000e+03 Lhat=0.0000000000e+00
KNUTH_SUBTREE root=8918 depth=26 w=1.2333476932e+36 Shat=1.5179100000e+03 Lhat=0.0000000000e+00
KNUTH_SUBTREE root=8919 depth=26 w=1.0151479785e+37 Shat=1.3969000000e+01 Lhat=0.0000000000e+00
KNUTH_SUBTREE root=8920 depth=26 w=1.3179004472e+37 Shat=1.3745440000e+03 Lhat=4.3632000000e+01
KNUTH_SUBTREE root=8921 depth=26 w=3.2166925970e+37 Shat=1.0237600000e+02 Lhat=0.0000000000e+00
KNUTH_SUBTREE root=8922 depth=26 w=3.0205120270e+37 Shat=1.2543400000e+03 Lhat=0.0000000000e+00
KNUTH_SUBTREE root=8923 depth=26 w=3.6483792182e+36 Shat=2.6747200000e+02 Lhat=0.0000000000e+00
KNUTH_SUBTREE root=8924 depth=26 w=9.3977062957e+36 Shat=6.7449500000e+03 Lhat=0.0000000000e+00
KNUTH_SUBTREE root=8925 depth=26 w=1.2002004523e+37 Shat=4.1750400000e+02 Lhat=0.0000000000e+00
KNUTH_SUBTREE root=8926 depth=26 w=3.1992884423e+36 Shat=8.6495000000e+01 Lhat=0.0000000000e+00
KNUTH_SUBTREE root=8927 depth=26 w=2.9642259066e+36 Shat=1.2844000000e+01 Lhat=0.0000000000e+00
KNUTH_SUBTREE root=8928 depth=26 w=3.1783206213e+37 Shat=1.7478660000e+03 Lhat=0.0000000000e+00
KNUTH_SUBTREE root=8929 depth=26 w=2.5790807443e+36 Shat=1.8887860000e+03 Lhat=0.0000000000e+00
KNUTH_SUBTREE root=8930 depth=26 w=2.0052344677e+37 Shat=1.8824000000e+01 Lhat=0.0000000000e+00
KNUTH_SUBTREE root=8931 depth=26 w=8.3531799166e+36 Shat=1.4238720000e+03 Lhat=0.0000000000e+00
KNUTH_SUBTREE root=8932 depth=26 w=6.0301521801e+35 Shat=1.3846240000e+03 Lhat=0.0000000000e+00
KNUTH_SUBTREE root=8933 depth=26 w=4.8688442588e+36 Shat=6.0602000000e+02 Lhat=0.0000000000e+00
KNUTH_SUBTREE root=8934 depth=26 w=2.1586695706e+37 Shat=9.0983920000e+03 Lhat=0.0000000000e+00
KNUTH_SUBTREE root=8935 depth=26 w=6.6526727691e+36 Shat=4.7731410000e+03 Lhat=0.0000000000e+00
KNUTH_SUBTREE root=8936 depth=26 w=9.3199840089e+35 Shat=1.9052000000e+01 Lhat=0.0000000000e+00
KNUTH_SUBTREE root=8937 depth=26 w=9.7875603634e+36 Shat=2.8472000000e+01 Lhat=0.0000000000e+00
KNUTH_SUBTREE root=8938 depth=26 w=5.5677284507e+36 Shat=4.6322900000e+03 Lhat=0.0000000000e+00
KNUTH_SUBTREE root=8939 depth=26 w=2.8728421116e+37 Shat=1.7398672000e+04 Lhat=0.0000000000e+00
KNUTH_SUBTREE root=8940 depth=26 w=1.4450010772e+36 Shat=2.0078400000e+02 Lhat=0.0000000000e+00
KNUTH_SUBTREE root=8941 depth=26 w=3.1669558991e+36 Shat=3.0000000000e+00 Lhat=0.0000000000e+00
KNUTH_SUBTREE root=8942 depth=26 w=2.3691419613e+36 Shat=8.8940000000e+01 Lhat=0.0000000000e+00
KNUTH_SUBTREE root=8943 depth=26 w=2.0545809542e+36 Shat=1.4187640000e+03 Lhat=0.0000000000e+00
KNUTH_SUBTREE root=8944 depth=26 w=5.8895324530e+36 Shat=8.5750600000e+02 Lhat=0.0000000000e+00
KNUTH_SUBTREE root=8945 depth=26 w=2.7166296249e+37 Shat=6.7462120000e+03 Lhat=0.0000000000e+00
KNUTH_SUBTREE root=8946 depth=26 w=3.8715424008e+36 Shat=3.1599250000e+03 Lhat=0.0000000000e+00
KNUTH_SUBTREE root=8947 depth=26 w=2.2236920511e+37 Shat=9.8808000000e+01 Lhat=0.0000000000e+00
KNUTH_SUBTREE root=8948 depth=26 w=1.8231228573e+37 Shat=5.2532030000e+03 Lhat=0.0000000000e+00
KNUTH_SUBTREE root=8949 depth=26 w=7.8530725373e+35 Shat=1.3000000000e+01 Lhat=0.0000000000e+00
KNUTH_SUBTREE root=8950 depth=26 w=3.0038975196e+37 Shat=3.7698800000e+03 Lhat=0.0000000000e+00
KNUTH_SUBTREE root=8951 depth=26 w=2.8133813337e+36 Shat=6.4470000000e+01 Lhat=0.0000000000e+00
KNUTH_SUBTREE root=8952 depth=26 w=1.3041826688e+37 Shat=2.6004700000e+02 Lhat=0.0000000000e+00
KNUTH_SUBTREE root=8953 depth=26 w=3.5908515035e+36 Shat=4.3008000000e+01 Lhat=0.0000000000e+00
KNUTH_SUBTREE root=8954 depth=26 w=3.8164701282e+36 Shat=4.3660000000e+02 Lhat=0.0000000000e+00
KNUTH_SUBTREE root=8955 depth=26 w=8.1006146350e+36 Shat=1.3000000000e+01 Lhat=0.0000000000e+00
KNUTH_SUBTREE root=8956 depth=26 w=2.4341567072e+36 Shat=1.4914800000e+03 Lhat=0.0000000000e+00
KNUTH_SUBTREE root=8957 depth=26 w=1.5300718925e+37 Shat=3.8682700000e+03 Lhat=0.0000000000e+00
KNUTH_SUBTREE root=8958 depth=26 w=1.7065999864e+37 Shat=2.2793840000e+03 Lhat=0.0000000000e+00
KNUTH_SUBTREE root=8959 depth=26 w=4.8154912155e+36 Shat=4.9024000000e+01 Lhat=0.0000000000e+00
KNUTH_SUBTREE root=8960 depth=26 w=3.5541017148e+36 Shat=5.1328000000e+02 Lhat=0.0000000000e+00
KNUTH_SUBTREE root=8961 depth=26 w=2.0433394821e+37 Shat=4.9344000000e+02 Lhat=0.0000000000e+00
KNUTH_SUBTREE root=8962 depth=26 w=2.8883994296e+37 Shat=5.4030010000e+03 Lhat=0.0000000000e+00
KNUTH_SUBTREE root=8963 depth=26 w=3.7104480047e+36 Shat=4.5859700000e+02 Lhat=0.0000000000e+00
KNUTH_SUBTREE root=8964 depth=26 w=8.9476166468e+36 Shat=2.0440000000e+01 Lhat=0.0000000000e+00
KNUTH_SUBTREE root=8965 depth=26 w=2.7900821710e+37 Shat=5.4866560000e+03 Lhat=0.0000000000e+00
KNUTH_SUBTREE root=8966 depth=26 w=2.8684034998e+36 Shat=1.3000000000e+01 Lhat=0.0000000000e+00
KNUTH_SUBTREE root=8967 depth=26 w=7.7617456214e+36 Shat=4.7304900000e+03 Lhat=0.0000000000e+00
KNUTH_SUBTREE root=8968 depth=26 w=1.0605742742e+37 Shat=5.1323410000e+03 Lhat=0.0000000000e+00
KNUTH_SUBTREE root=8969 depth=26 w=3.8460926123e+36 Shat=4.8811600000e+03 Lhat=0.0000000000e+00
KNUTH_SUBTREE root=8970 depth=26 w=3.6757996683e+37 Shat=6.3095900000e+03 Lhat=0.0000000000e+00
KNUTH_SUBTREE root=8971 depth=26 w=4.6155241752e+36 Shat=3.3257600000e+02 Lhat=0.0000000000e+00
KNUTH_SUBTREE root=8972 depth=26 w=2.6150408389e+37 Shat=5.1687800000e+02 Lhat=0.0000000000e+00
KNUTH_SUBTREE root=8973 depth=26 w=2.3016928886e+37 Shat=3.0316000000e+01 Lhat=0.0000000000e+00
KNUTH_SUBTREE root=8974 depth=26 w=1.7863490742e+37 Shat=4.5195630000e+03 Lhat=0.0000000000e+00
KNUTH_SUBTREE root=8975 depth=26 w=3.1313744918e+36 Shat=4.5382200000e+03 Lhat=0.0000000000e+00
KNUTH_SUBTREE root=8976 depth=26 w=3.2143950269e+37 Shat=1.6138400000e+02 Lhat=0.0000000000e+00
KNUTH_SUBTREE root=8977 depth=26 w=3.7084690600e+37 Shat=9.5210800000e+02 Lhat=0.0000000000e+00
KNUTH_SUBTREE root=8978 depth=26 w=1.2469224490e+36 Shat=5.9320000000e+00 Lhat=0.0000000000e+00
KNUTH_SUBTREE root=8979 depth=26 w=5.2454918874e+36 Shat=4.4162900000e+03 Lhat=0.0000000000e+00
KNUTH_SUBTREE root=8980 depth=26 w=2.8606135666e+36 Shat=6.4921900000e+02 Lhat=0.0000000000e+00
KNUTH_SUBTREE root=8981 depth=26 w=5.0725061092e+36 Shat=7.0000000000e+00 Lhat=0.0000000000e+00
KNUTH_SUBTREE root=8982 depth=26 w=2.7204612423e+37 Shat=3.4298500000e+02 Lhat=0.0000000000e+00
KNUTH_SUBTREE root=8983 depth=26 w=3.0341795865e+37 Shat=3.2120800000e+03 Lhat=0.0000000000e+00
KNUTH_SUBTREE root=8984 depth=26 w=2.6283562804e+36 Shat=1.6535000000e+02 Lhat=0.0000000000e+00
KNUTH_SUBTREE root=8985 depth=26 w=2.3372204099e+37 Shat=3.0672550000e+03 Lhat=0.0000000000e+00
KNUTH_SUBTREE root=8986 depth=26 w=2.5644752678e+37 Shat=2.1569600000e+03 Lhat=0.0000000000e+00
KNUTH_SUBTREE root=8987 depth=26 w=7.9667364220e+36 Shat=7.9810000000e+01 Lhat=0.0000000000e+00
KNUTH_SUBTREE root=8988 depth=26 w=2.7669383052e+37 Shat=6.8054240000e+03 Lhat=0.0000000000e+00
KNUTH_SUBTREE root=8989 depth=26 w=6.4889939672e+36 Shat=1.1487512000e+04 Lhat=0.0000000000e+00
KNUTH_SUBTREE root=8990 depth=26 w=3.9861225339e+36 Shat=1.5909200000e+03 Lhat=0.0000000000e+00
KNUTH_SUBTREE root=8991 depth=26 w=2.1267082878e+37 Shat=3.3894640000e+03 Lhat=0.0000000000e+00
KNUTH_SUBTREE root=8992 depth=26 w=6.9831891381e+36 Shat=9.6502600000e+02 Lhat=0.0000000000e+00
KNUTH_SUBTREE root=8993 depth=26 w=3.4796810672e+36 Shat=7.3318000000e+01 Lhat=0.0000000000e+00
KNUTH_SUBTREE root=8994 depth=26 w=2.6143321863e+36 Shat=2.5856000000e+02 Lhat=0.0000000000e+00
KNUTH_SUBTREE root=8995 depth=26 w=9.2432338756e+36 Shat=1.4192830000e+03 Lhat=0.0000000000e+00
KNUTH_SUBTREE root=8996 depth=26 w=2.4032749157e+37 Shat=2.2020000000e+01 Lhat=0.0000000000e+00
KNUTH_SUBTREE root=8997 depth=26 w=3.5592172043e+37 Shat=2.0115640000e+03 Lhat=0.0000000000e+00
KNUTH_SUBTREE root=8998 depth=26 w=1.9147957426e+36 Shat=1.0000000000e+00 Lhat=0.0000000000e+00
KNUTH_SUBTREE root=8999 depth=26 w=2.6723546446e+37 Shat=2.6896840000e+03 Lhat=0.0000000000e+00
KNUTH_SUBTREE root=9000 depth=26 w=4.9951378246e+36 Shat=8.2370000000e+01 Lhat=0.0000000000e+00
KNUTH_SUBTREE root=9001 depth=26 w=2.8227894840e+37 Shat=3.2409000000e+01 Lhat=0.0000000000e+00
KNUTH_SUBTREE root=9002 depth=26 w=2.7526739312e+36 Shat=1.0691580000e+03 Lhat=0.0000000000e+00
KNUTH_SUBTREE root=9003 depth=26 w=8.4182105512e+36 Shat=7.9000000000e+01 Lhat=0.0000000000e+00
KNUTH_SUBTREE root=9004 depth=26 w=3.1747122698e+36 Shat=1.3405600000e+02 Lhat=0.0000000000e+00
KNUTH_SUBTREE root=9005 depth=26 w=4.4054200806e+36 Shat=2.0017900000e+03 Lhat=1.1352000000e+02
KNUTH_SUBTREE root=9006 depth=26 w=7.4771085432e+36 Shat=3.9252800000e+02 Lhat=0.0000000000e+00
KNUTH_SUBTREE root=9007 depth=26 w=3.6657787875e+36 Shat=5.7681400000e+03 Lhat=8.9816000000e+02
KNUTH_SUBTREE root=9008 depth=26 w=3.3360018474e+37 Shat=1.8509600000e+03 Lhat=0.0000000000e+00
KNUTH_SUBTREE root=9009 depth=26 w=3.7737670895e+36 Shat=4.7272500000e+03 Lhat=2.5004000000e+02
KNUTH_SUBTREE root=9010 depth=26 w=5.0429470599e+35 Shat=1.8380000000e+01 Lhat=0.0000000000e+00
KNUTH_SUBTREE root=9011 depth=26 w=3.1989131638e+36 Shat=2.3491500000e+03 Lhat=0.0000000000e+00
KNUTH_SUBTREE root=9012 depth=26 w=1.2623636816e+37 Shat=8.6256700000e+02 Lhat=0.0000000000e+00
KNUTH_SUBTREE root=9013 depth=26 w=2.7005235989e+36 Shat=1.0047360000e+03 Lhat=0.0000000000e+00
KNUTH_SUBTREE root=9014 depth=26 w=1.7878536677e+36 Shat=1.8753600000e+02 Lhat=0.0000000000e+00
KNUTH_SUBTREE root=9015 depth=26 w=1.2727396879e+37 Shat=1.7810110000e+03 Lhat=0.0000000000e+00
KNUTH_SUBTREE root=9016 depth=26 w=3.2924171252e+37 Shat=2.5973800000e+03 Lhat=0.0000000000e+00
KNUTH_SUBTREE root=9017 depth=26 w=2.5499807034e+36 Shat=1.0000000000e+00 Lhat=0.0000000000e+00
KNUTH_SUBTREE root=9018 depth=26 w=3.4193355379e+36 Shat=8.0020000000e+00 Lhat=0.0000000000e+00
KNUTH_SUBTREE root=9019 depth=26 w=1.1610594010e+37 Shat=1.5847480000e+03 Lhat=0.0000000000e+00
KNUTH_SUBTREE root=9020 depth=26 w=7.0956171876e+36 Shat=6.4340000000e+01 Lhat=0.0000000000e+00
KNUTH_SUBTREE root=9021 depth=26 w=3.9984751705e+36 Shat=3.6898300000e+02 Lhat=0.0000000000e+00
KNUTH_SUBTREE root=9022 depth=26 w=3.2805476732e+37 Shat=4.7869840000e+03 Lhat=0.0000000000e+00
KNUTH_SUBTREE root=9023 depth=26 w=5.7292105940e+36 Shat=4.5036400000e+03 Lhat=0.0000000000e+00
KNUTH_SUBTREE root=9024 depth=26 w=3.4329213996e+36 Shat=6.1012000000e+02 Lhat=0.0000000000e+00
KNUTH_SUBTREE root=9025 depth=26 w=3.9352494014e+36 Shat=1.0000000000e+00 Lhat=0.0000000000e+00
KNUTH_SUBTREE root=9026 depth=26 w=1.2217708877e+36 Shat=1.7884000000e+01 Lhat=0.0000000000e+00
KNUTH_SUBTREE root=9027 depth=26 w=4.3714401838e+36 Shat=7.8525000000e+01 Lhat=0.0000000000e+00
KNUTH_SUBTREE root=9028 depth=26 w=3.1520732033e+37 Shat=4.0030000000e+01 Lhat=0.0000000000e+00
KNUTH_SUBTREE root=9029 depth=26 w=9.8048238172e+36 Shat=2.0650600000e+03 Lhat=0.0000000000e+00
KNUTH_SUBTREE root=9030 depth=26 w=4.4618958515e+36 Shat=1.0888480000e+03 Lhat=0.0000000000e+00
KNUTH_SUBTREE root=9031 depth=26 w=4.6396928794e+36 Shat=1.0569600000e+03 Lhat=0.0000000000e+00
KNUTH_SUBTREE root=9032 depth=26 w=6.8904611990e+36 Shat=2.7863830000e+03 Lhat=0.0000000000e+00
KNUTH_SUBTREE root=9033 depth=26 w=8.9182687604e+36 Shat=1.1148000000e+01 Lhat=0.0000000000e+00
KNUTH_SUBTREE root=9034 depth=26 w=4.2177274763e+36 Shat=5.1892560000e+03 Lhat=0.0000000000e+00
KNUTH_SUBTREE root=9035 depth=26 w=3.2733248232e+36 Shat=2.9666800000e+02 Lhat=0.0000000000e+00
KNUTH_SUBTREE root=9036 depth=26 w=2.6491586907e+35 Shat=6.0000000000e+00 Lhat=0.0000000000e+00
KNUTH_SUBTREE root=9037 depth=26 w=1.8780195552e+36 Shat=4.4374000000e+02 Lhat=0.0000000000e+00
KNUTH_SUBTREE root=9038 depth=26 w=1.9880807356e+37 Shat=2.6901000000e+02 Lhat=0.0000000000e+00
KNUTH_SUBTREE root=9039 depth=26 w=3.7834461041e+36 Shat=6.8381200000e+02 Lhat=0.0000000000e+00
KNUTH_SUBTREE root=9040 depth=26 w=3.5112367540e+36 Shat=5.0000000000e+00 Lhat=0.0000000000e+00
KNUTH_SUBTREE root=9041 depth=26 w=3.3510659927e+37 Shat=3.8549600000e+02 Lhat=0.0000000000e+00
KNUTH_SUBTREE root=9042 depth=26 w=3.2618523912e+36 Shat=4.6607200000e+02 Lhat=0.0000000000e+00
KNUTH_SUBTREE root=9043 depth=26 w=1.0403086214e+37 Shat=7.9540000000e+00 Lhat=0.0000000000e+00
KNUTH_SUBTREE root=9044 depth=26 w=3.7312651696e+36 Shat=3.9248540000e+03 Lhat=0.0000000000e+00
KNUTH_SUBTREE root=9045 depth=26 w=2.8298325654e+36 Shat=2.9059000000e+02 Lhat=0.0000000000e+00
KNUTH_SUBTREE root=9046 depth=26 w=2.9040544225e+36 Shat=1.8014680000e+03 Lhat=0.0000000000e+00
KNUTH_SUBTREE root=9047 depth=26 w=1.0972341414e+35 Shat=5.0000000000e+00 Lhat=0.0000000000e+00
KNUTH_SUBTREE root=9048 depth=26 w=1.7630023213e+36 Shat=2.0889400000e+03 Lhat=0.0000000000e+00
KNUTH_SUBTREE root=9049 depth=26 w=1.1485903275e+37 Shat=4.1072010000e+03 Lhat=0.0000000000e+00
KNUTH_SUBTREE root=9050 depth=26 w=1.2103202541e+37 Shat=3.5713990000e+03 Lhat=0.0000000000e+00
KNUTH_SUBTREE root=9051 depth=26 w=4.2007507695e+36 Shat=2.5974400000e+03 Lhat=0.0000000000e+00
KNUTH_SUBTREE root=9052 depth=26 w=5.3116368695e+36 Shat=6.9768010000e+03 Lhat=0.0000000000e+00
KNUTH_SUBTREE root=9053 depth=26 w=9.0066847857e+36 Shat=6.3784000000e+01 Lhat=0.0000000000e+00
KNUTH_SUBTREE root=9054 depth=26 w=3.2970012305e+37 Shat=5.5366300000e+02 Lhat=0.0000000000e+00
KNUTH_SUBTREE root=9055 depth=26 w=7.7057664412e+36 Shat=1.4111760000e+03 Lhat=0.0000000000e+00
KNUTH_SUBTREE root=9056 depth=26 w=4.9030531444e+36 Shat=1.6129700000e+03 Lhat=0.0000000000e+00
KNUTH_SUBTREE root=9057 depth=26 w=1.0053564543e+37 Shat=1.8137400000e+03 Lhat=0.0000000000e+00
KNUTH_SUBTREE root=9058 depth=26 w=2.3305316584e+36 Shat=2.5839100000e+03 Lhat=0.0000000000e+00
KNUTH_SUBTREE root=9059 depth=26 w=3.7433939070e+36 Shat=5.7134000000e+02 Lhat=0.0000000000e+00
KNUTH_SUBTREE root=9060 depth=26 w=1.7494072500e+36 Shat=1.3000000000e+01 Lhat=0.0000000000e+00
KNUTH_SUBTREE root=9061 depth=26 w=2.4755217136e+36 Shat=1.0929000000e+02 Lhat=0.0000000000e+00
KNUTH_SUBTREE root=9062 depth=26 w=2.0475872065e+36 Shat=1.2013480000e+03 Lhat=0.0000000000e+00
KNUTH_SUBTREE root=9063 depth=26 w=2.1260771355e+36 Shat=7.1254000000e+01 Lhat=0.0000000000e+00
KNUTH_SUBTREE root=9064 depth=26 w=1.3116540742e+37 Shat=3.0989600000e+02 Lhat=0.0000000000e+00
KNUTH_SUBTREE root=9065 depth=26 w=8.9767228897e+36 Shat=1.2296200000e+03 Lhat=0.0000000000e+00
KNUTH_SUBTREE root=9066 depth=26 w=4.2490992728e+36 Shat=1.7827760000e+03 Lhat=8.2048000000e+01
KNUTH_SUBTREE root=9067 depth=26 w=3.6675943920e+36 Shat=3.9972000000e+01 Lhat=0.0000000000e+00
KNUTH_SUBTREE root=9068 depth=26 w=1.3303370491e+37 Shat=2.0461150000e+03 Lhat=0.0000000000e+00
KNUTH_SUBTREE root=9069 depth=26 w=3.3883042296e+37 Shat=5.4472430000e+03 Lhat=0.0000000000e+00
KNUTH_SUBTREE root=9070 depth=26 w=2.4590548148e+37 Shat=5.8056000000e+02 Lhat=0.0000000000e+00
KNUTH_SUBTREE root=9071 depth=26 w=1.6613465872e+37 Shat=7.5784000000e+01 Lhat=0.0000000000e+00
KNUTH_SUBTREE root=9072 depth=26 w=1.5899890968e+36 Shat=9.1275400000e+02 Lhat=0.0000000000e+00
KNUTH_SUBTREE root=9073 depth=26 w=4.0246666547e+36 Shat=2.5099300000e+03 Lhat=0.0000000000e+00
KNUTH_SUBTREE root=9074 depth=26 w=2.3323715378e+36 Shat=1.1419200000e+02 Lhat=0.0000000000e+00
KNUTH_SUBTREE root=9075 depth=26 w=2.0037852788e+36 Shat=3.6254530000e+03 Lhat=0.0000000000e+00
KNUTH_SUBTREE root=9076 depth=26 w=3.1891519931e+37 Shat=1.8650490000e+03 Lhat=0.0000000000e+00
KNUTH_SUBTREE root=9077 depth=26 w=1.6507329509e+37 Shat=3.9101200000e+02 Lhat=0.0000000000e+00
KNUTH_SUBTREE root=9078 depth=26 w=5.1286272312e+36 Shat=2.3296000000e+02 Lhat=0.0000000000e+00
KNUTH_SUBTREE root=9079 depth=26 w=2.7795100587e+36 Shat=9.4544000000e+02 Lhat=0.0000000000e+00
KNUTH_SUBTREE root=9080 depth=26 w=2.2140230167e+37 Shat=2.9073210000e+03 Lhat=0.0000000000e+00
KNUTH_SUBTREE root=9081 depth=26 w=2.6446567579e+36 Shat=1.6397400000e+02 Lhat=0.0000000000e+00
KNUTH_SUBTREE root=9082 depth=26 w=2.8215626876e+37 Shat=5.3855200000e+02 Lhat=0.0000000000e+00
KNUTH_SUBTREE root=9083 depth=26 w=2.1318158347e+37 Shat=9.6998400000e+02 Lhat=0.0000000000e+00
KNUTH_SUBTREE root=9084 depth=26 w=3.7602605799e+36 Shat=1.1516200000e+03 Lhat=0.0000000000e+00
KNUTH_SUBTREE root=9085 depth=26 w=6.5516692765e+35 Shat=3.0000000000e+00 Lhat=0.0000000000e+00
KNUTH_SUBTREE root=9086 depth=26 w=7.4972333700e+36 Shat=3.8887400000e+03 Lhat=2.3832000000e+02
KNUTH_SUBTREE root=9087 depth=26 w=2.0079387612e+37 Shat=6.9159900000e+02 Lhat=0.0000000000e+00
KNUTH_SUBTREE root=9088 depth=26 w=1.2933053645e+36 Shat=4.2832000000e+01 Lhat=0.0000000000e+00
KNUTH_SUBTREE root=9089 depth=26 w=2.4704361047e+36 Shat=4.9810000000e+01 Lhat=0.0000000000e+00
KNUTH_SUBTREE root=9090 depth=26 w=9.7050513334e+34 Shat=3.0000000000e+00 Lhat=0.0000000000e+00
KNUTH_SUBTREE root=9091 depth=26 w=2.5989153172e+37 Shat=1.0000000000e+01 Lhat=0.0000000000e+00
KNUTH_SUBTREE root=9092 depth=26 w=9.6445828747e+36 Shat=2.5178700000e+03 Lhat=0.0000000000e+00
KNUTH_SUBTREE root=9093 depth=26 w=0 Shat=0 Lhat=0 dead=1
KNUTH_SUBTREE root=9094 depth=26 w=3.0957290414e+37 Shat=3.3333400000e+02 Lhat=0.0000000000e+00
KNUTH_SUBTREE root=9095 depth=26 w=3.6037542319e+37 Shat=5.8202000000e+02 Lhat=0.0000000000e+00
KNUTH_SUBTREE root=9096 depth=26 w=5.2791149622e+36 Shat=5.2601000000e+01 Lhat=0.0000000000e+00
KNUTH_SUBTREE root=9097 depth=26 w=2.0300003023e+37 Shat=1.8040800000e+03 Lhat=0.0000000000e+00
KNUTH_SUBTREE root=9098 depth=26 w=1.8764775771e+35 Shat=8.9000000000e+01 Lhat=0.0000000000e+00
KNUTH_SUBTREE root=9099 depth=26 w=1.1148793894e+37 Shat=1.2787940000e+03 Lhat=0.0000000000e+00
KNUTH_SUBTREE root=9100 depth=26 w=5.9193415648e+36 Shat=1.8474800000e+02 Lhat=0.0000000000e+00
KNUTH_SUBTREE root=9101 depth=26 w=8.5478860870e+35 Shat=1.4000000000e+01 Lhat=0.0000000000e+00
KNUTH_SUBTREE root=9102 depth=26 w=1.8191286242e+37 Shat=1.5418640000e+03 Lhat=0.0000000000e+00
KNUTH_SUBTREE root=9103 depth=26 w=2.5728184063e+37 Shat=4.8665600000e+02 Lhat=0.0000000000e+00
KNUTH_SUBTREE root=9104 depth=26 w=1.3931345107e+37 Shat=2.6172160000e+03 Lhat=0.0000000000e+00
KNUTH_SUBTREE root=9105 depth=26 w=5.0593273798e+36 Shat=2.8223020000e+03 Lhat=0.0000000000e+00
KNUTH_SUBTREE root=9106 depth=26 w=2.7884775330e+36 Shat=8.4895200000e+03 Lhat=0.0000000000e+00
KNUTH_SUBTREE root=9107 depth=26 w=1.3807435553e+37 Shat=1.3234000000e+02 Lhat=0.0000000000e+00
KNUTH_SUBTREE root=9108 depth=26 w=8.3992276718e+36 Shat=3.3444100000e+02 Lhat=0.0000000000e+00
KNUTH_SUBTREE root=9109 depth=26 w=2.2222240604e+36 Shat=4.3755100000e+03 Lhat=0.0000000000e+00
KNUTH_SUBTREE root=9110 depth=26 w=8.9418671142e+36 Shat=7.0000000000e+00 Lhat=0.0000000000e+00
KNUTH_SUBTREE root=9111 depth=26 w=4.8912432358e+36 Shat=2.0113000000e+01 Lhat=0.0000000000e+00
KNUTH_SUBTREE root=9112 depth=26 w=5.3473231585e+36 Shat=1.6225600000e+03 Lhat=0.0000000000e+00
KNUTH_SUBTREE root=9113 depth=26 w=4.5034223351e+36 Shat=3.8743600000e+03 Lhat=0.0000000000e+00
KNUTH_SUBTREE root=9114 depth=26 w=5.8483181039e+36 Shat=2.9798800000e+02 Lhat=0.0000000000e+00
KNUTH_SUBTREE root=9115 depth=26 w=6.5971071548e+36 Shat=1.6271080000e+03 Lhat=0.0000000000e+00
KNUTH_SUBTREE root=9116 depth=26 w=3.0636212338e+37 Shat=6.4787790000e+03 Lhat=0.0000000000e+00
KNUTH_SUBTREE root=9117 depth=26 w=1.5991259810e+37 Shat=1.5531760000e+03 Lhat=0.0000000000e+00
KNUTH_SUBTREE root=9118 depth=26 w=1.8191086063e+37 Shat=2.2000000000e+01 Lhat=0.0000000000e+00
KNUTH_SUBTREE root=9119 depth=26 w=5.7375624104e+35 Shat=2.5644000000e+02 Lhat=0.0000000000e+00
KNUTH_SUBTREE root=9120 depth=26 w=3.4008576172e+36 Shat=1.6222000000e+01 Lhat=0.0000000000e+00
KNUTH_SUBTREE root=9121 depth=26 w=7.2330060010e+36 Shat=1.3982400000e+02 Lhat=0.0000000000e+00
KNUTH_SUBTREE root=9122 depth=26 w=2.3745923473e+36 Shat=7.0810000000e+02 Lhat=0.0000000000e+00
KNUTH_SUBTREE root=9123 depth=26 w=1.1745132049e+37 Shat=6.3023000000e+02 Lhat=0.0000000000e+00
KNUTH_SUBTREE root=9124 depth=26 w=2.5569661375e+37 Shat=2.0421000000e+02 Lhat=0.0000000000e+00
KNUTH_SUBTREE root=9125 depth=26 w=1.8507709939e+37 Shat=1.9834120000e+03 Lhat=0.0000000000e+00
KNUTH_SUBTREE root=9126 depth=26 w=1.5582879379e+37 Shat=1.1710000000e+02 Lhat=0.0000000000e+00
KNUTH_SUBTREE root=9127 depth=26 w=1.4660031480e+37 Shat=5.4044000000e+02 Lhat=0.0000000000e+00
KNUTH_SUBTREE root=9128 depth=26 w=1.5750543708e+37 Shat=3.9680500000e+03 Lhat=0.0000000000e+00
KNUTH_SUBTREE root=9129 depth=26 w=1.5149736278e+37 Shat=4.5576720000e+03 Lhat=0.0000000000e+00
KNUTH_SUBTREE root=9130 depth=26 w=1.5765681812e+37 Shat=2.0038580000e+03 Lhat=0.0000000000e+00
KNUTH_SUBTREE root=9131 depth=26 w=1.0146043723e+37 Shat=1.0648600000e+02 Lhat=0.0000000000e+00
KNUTH_SUBTREE root=9132 depth=26 w=2.8354264671e+37 Shat=8.6965600000e+02 Lhat=0.0000000000e+00
KNUTH_SUBTREE root=9133 depth=26 w=7.7885232558e+36 Shat=9.7000000000e+01 Lhat=0.0000000000e+00
KNUTH_SUBTREE root=9134 depth=26 w=1.5299218799e+37 Shat=8.9760000000e+00 Lhat=0.0000000000e+00
KNUTH_SUBTREE root=9135 depth=26 w=1.0105905258e+37 Shat=1.5106200000e+03 Lhat=0.0000000000e+00
KNUTH_SUBTREE root=9136 depth=26 w=2.6442956344e+36 Shat=6.9380000000e+01 Lhat=0.0000000000e+00
KNUTH_SUBTREE root=9137 depth=26 w=3.7506627018e+36 Shat=2.7028000000e+01 Lhat=0.0000000000e+00
KNUTH_SUBTREE root=9138 depth=26 w=9.6438027543e+36 Shat=4.3444000000e+01 Lhat=0.0000000000e+00
KNUTH_SUBTREE root=9139 depth=26 w=7.6414721625e+36 Shat=3.2455000000e+01 Lhat=0.0000000000e+00
KNUTH_SUBTREE root=9140 depth=26 w=4.8971071842e+36 Shat=1.2625020000e+03 Lhat=0.0000000000e+00
KNUTH_SUBTREE root=9141 depth=26 w=2.0946222499e+36 Shat=9.5950000000e+01 Lhat=0.0000000000e+00
KNUTH_SUBTREE root=9142 depth=26 w=4.1203877120e+36 Shat=1.0000000000e+01 Lhat=0.0000000000e+00
KNUTH_SUBTREE root=9143 depth=26 w=2.8232969590e+37 Shat=1.5173800000e+02 Lhat=0.0000000000e+00
KNUTH_SUBTREE root=9144 depth=26 w=7.6740607465e+36 Shat=3.1230320000e+03 Lhat=0.0000000000e+00
KNUTH_SUBTREE root=9145 depth=26 w=7.4415855861e+36 Shat=2.7663120000e+03 Lhat=0.0000000000e+00
KNUTH_SUBTREE root=9146 depth=26 w=1.5228917344e+37 Shat=2.2524640000e+03 Lhat=0.0000000000e+00
KNUTH_SUBTREE root=9147 depth=26 w=2.4530214657e+36 Shat=1.6187140000e+03 Lhat=0.0000000000e+00
KNUTH_SUBTREE root=9148 depth=26 w=1.2923586413e+37 Shat=3.4107160000e+03 Lhat=0.0000000000e+00
KNUTH_SUBTREE root=9149 depth=26 w=3.7655708089e+35 Shat=3.1000000000e+01 Lhat=0.0000000000e+00
KNUTH_SUBTREE root=9150 depth=26 w=3.2465928220e+37 Shat=3.6970840000e+03 Lhat=0.0000000000e+00
KNUTH_SUBTREE root=9151 depth=26 w=3.1172577067e+37 Shat=4.5136840000e+03 Lhat=0.0000000000e+00
KNUTH_SUBTREE root=9152 depth=26 w=3.3100859789e+37 Shat=2.7203500000e+02 Lhat=0.0000000000e+00
KNUTH_SUBTREE root=9153 depth=26 w=3.2239097690e+36 Shat=1.2710800000e+03 Lhat=0.0000000000e+00
KNUTH_SUBTREE root=9154 depth=26 w=1.1735615217e+37 Shat=3.1964000000e+02 Lhat=0.0000000000e+00
KNUTH_SUBTREE root=9155 depth=26 w=1.7694614306e+37 Shat=3.3230000000e+03 Lhat=0.0000000000e+00
KNUTH_SUBTREE root=9156 depth=26 w=1.7669788608e+36 Shat=7.2073000000e+01 Lhat=0.0000000000e+00
KNUTH_SUBTREE root=9157 depth=26 w=2.5050105532e+36 Shat=5.0344800000e+02 Lhat=0.0000000000e+00
KNUTH_SUBTREE root=9158 depth=26 w=1.2541483536e+37 Shat=2.9115300000e+03 Lhat=0.0000000000e+00
KNUTH_SUBTREE root=9159 depth=26 w=8.4359202674e+36 Shat=7.7701000000e+02 Lhat=0.0000000000e+00
KNUTH_SUBTREE root=9160 depth=26 w=1.2766900799e+37 Shat=3.8520000000e+01 Lhat=0.0000000000e+00
KNUTH_SUBTREE root=9161 depth=26 w=8.0678439815e+36 Shat=7.2664000000e+01 Lhat=0.0000000000e+00
KNUTH_SUBTREE root=9162 depth=26 w=8.2132217962e+36 Shat=1.5795640000e+03 Lhat=0.0000000000e+00
KNUTH_SUBTREE root=9163 depth=26 w=6.3835207785e+36 Shat=1.6237600000e+03 Lhat=0.0000000000e+00
KNUTH_SUBTREE root=9164 depth=26 w=1.2804668255e+37 Shat=5.5265200000e+03 Lhat=0.0000000000e+00
KNUTH_SUBTREE root=9165 depth=26 w=1.8339997784e+37 Shat=9.1120000000e+00 Lhat=0.0000000000e+00
KNUTH_SUBTREE root=9166 depth=26 w=3.0025994234e+37 Shat=6.8342800000e+02 Lhat=0.0000000000e+00
KNUTH_SUBTREE root=9167 depth=26 w=2.1052794758e+37 Shat=3.5654800000e+03 Lhat=0.0000000000e+00
KNUTH_SUBTREE root=9168 depth=26 w=7.4181510154e+36 Shat=7.9920000000e+02 Lhat=0.0000000000e+00
KNUTH_SUBTREE root=9169 depth=26 w=3.7862554685e+36 Shat=1.0841700000e+03 Lhat=0.0000000000e+00
KNUTH_SUBTREE root=9170 depth=26 w=1.4422916296e+37 Shat=1.9419940000e+03 Lhat=0.0000000000e+00
KNUTH_SUBTREE root=9171 depth=26 w=1.0736681234e+37 Shat=1.8249280000e+03 Lhat=0.0000000000e+00
KNUTH_SUBTREE root=9172 depth=26 w=2.8741777198e+37 Shat=3.8658300000e+02 Lhat=0.0000000000e+00
KNUTH_SUBTREE root=9173 depth=26 w=7.1008386467e+36 Shat=6.0032000000e+01 Lhat=0.0000000000e+00
KNUTH_SUBTREE root=9174 depth=26 w=3.5126217053e+36 Shat=1.5934700000e+02 Lhat=0.0000000000e+00
KNUTH_SUBTREE root=9175 depth=26 w=2.9569919890e+37 Shat=1.6808900000e+03 Lhat=0.0000000000e+00
KNUTH_SUBTREE root=9176 depth=26 w=1.5897541037e+37 Shat=1.5369310000e+03 Lhat=0.0000000000e+00
KNUTH_SUBTREE root=9177 depth=26 w=1.8849027982e+37 Shat=4.3588600000e+02 Lhat=0.0000000000e+00
KNUTH_SUBTREE root=9178 depth=26 w=1.2906991446e+36 Shat=2.4286000000e+02 Lhat=0.0000000000e+00
KNUTH_SUBTREE root=9179 depth=26 w=2.8829035277e+36 Shat=3.3605320000e+03 Lhat=0.0000000000e+00
KNUTH_SUBTREE root=9180 depth=26 w=3.0654591373e+37 Shat=2.8337320000e+03 Lhat=0.0000000000e+00
KNUTH_SUBTREE root=9181 depth=26 w=1.2865999670e+37 Shat=3.8543800000e+03 Lhat=0.0000000000e+00
KNUTH_SUBTREE root=9182 depth=26 w=3.9588762353e+36 Shat=1.3615400000e+03 Lhat=0.0000000000e+00
KNUTH_SUBTREE root=9183 depth=26 w=4.2986768772e+36 Shat=3.6535600000e+03 Lhat=0.0000000000e+00
KNUTH_SUBTREE root=9184 depth=26 w=1.1926655031e+37 Shat=2.7048500000e+03 Lhat=0.0000000000e+00
KNUTH_SUBTREE root=9185 depth=26 w=1.9819480939e+37 Shat=7.0713100000e+02 Lhat=0.0000000000e+00
KNUTH_SUBTREE root=9186 depth=26 w=5.0652881559e+36 Shat=2.1999200000e+02 Lhat=0.0000000000e+00
KNUTH_SUBTREE root=9187 depth=26 w=2.3308717085e+37 Shat=3.1625440000e+03 Lhat=0.0000000000e+00
KNUTH_SUBTREE root=9188 depth=26 w=2.0197704816e+37 Shat=3.7251400000e+03 Lhat=0.0000000000e+00
KNUTH_SUBTREE root=9189 depth=26 w=6.4167289908e+36 Shat=1.9125760000e+03 Lhat=0.0000000000e+00
KNUTH_SUBTREE root=9190 depth=26 w=6.6113872612e+36 Shat=1.5908400000e+03 Lhat=0.0000000000e+00
KNUTH_SUBTREE root=9191 depth=26 w=2.5166986041e+36 Shat=1.2204160000e+03 Lhat=0.0000000000e+00
KNUTH_SUBTREE root=9192 depth=26 w=8.0823541961e+36 Shat=7.9000000000e+01 Lhat=0.0000000000e+00
KNUTH_SUBTREE root=9193 depth=26 w=7.8202207962e+36 Shat=3.7931500000e+03 Lhat=0.0000000000e+00
KNUTH_SUBTREE root=9194 depth=26 w=1.7921655230e+37 Shat=6.9225630000e+03 Lhat=0.0000000000e+00
KNUTH_SUBTREE root=9195 depth=26 w=3.0157128044e+37 Shat=2.5796960000e+03 Lhat=0.0000000000e+00
KNUTH_SUBTREE root=9196 depth=26 w=2.9261806094e+37 Shat=2.2848600000e+02 Lhat=0.0000000000e+00
KNUTH_SUBTREE root=9197 depth=26 w=3.2706712226e+37 Shat=4.1741360000e+03 Lhat=0.0000000000e+00
KNUTH_SUBTREE root=9198 depth=26 w=5.9036228124e+36 Shat=1.7505600000e+02 Lhat=0.0000000000e+00
KNUTH_SUBTREE root=9199 depth=26 w=1.5851457106e+37 Shat=6.6441040000e+03 Lhat=0.0000000000e+00
KNUTH_SUBTREE root=9200 depth=26 w=3.4402627537e+35 Shat=1.4984000000e+01 Lhat=0.0000000000e+00
KNUTH_SUBTREE root=9201 depth=26 w=1.2223069077e+37 Shat=2.5533520000e+03 Lhat=0.0000000000e+00
KNUTH_SUBTREE root=9202 depth=26 w=4.1375420994e+36 Shat=1.2028000000e+01 Lhat=0.0000000000e+00
KNUTH_SUBTREE root=9203 depth=26 w=1.7459897620e+36 Shat=4.0000000000e+00 Lhat=0.0000000000e+00
KNUTH_SUBTREE root=9204 depth=26 w=3.3006653552e+37 Shat=2.3873840000e+03 Lhat=0.0000000000e+00
KNUTH_SUBTREE root=9205 depth=26 w=7.1195795372e+36 Shat=1.0475080000e+04 Lhat=0.0000000000e+00
KNUTH_SUBTREE root=9206 depth=26 w=6.5500917511e+36 Shat=1.3000000000e+01 Lhat=0.0000000000e+00
KNUTH_SUBTREE root=9207 depth=26 w=1.4864872018e+36 Shat=1.3000000000e+01 Lhat=0.0000000000e+00
KNUTH_SUBTREE root=9208 depth=26 w=2.4618897909e+37 Shat=4.2459000000e+01 Lhat=0.0000000000e+00
KNUTH_SUBTREE root=9209 depth=26 w=9.0003674110e+36 Shat=2.3215000000e+02 Lhat=0.0000000000e+00
KNUTH_SUBTREE root=9210 depth=26 w=7.1094837790e+36 Shat=2.3023040000e+03 Lhat=0.0000000000e+00
KNUTH_SUBTREE root=9211 depth=26 w=6.1213534831e+36 Shat=7.0138400000e+02 Lhat=0.0000000000e+00
KNUTH_SUBTREE root=9212 depth=26 w=1.2242362168e+37 Shat=1.1340280000e+03 Lhat=0.0000000000e+00
KNUTH_SUBTREE root=9213 depth=26 w=2.5064998632e+36 Shat=1.4101960000e+03 Lhat=0.0000000000e+00
KNUTH_SUBTREE root=9214 depth=26 w=3.5508985412e+37 Shat=7.1343000000e+02 Lhat=0.0000000000e+00
KNUTH_SUBTREE root=9215 depth=26 w=9.8357056306e+36 Shat=2.1874720000e+03 Lhat=3.9200000000e+01
KNUTH_SUBTREE root=9216 depth=26 w=2.3693218529e+37 Shat=2.0265830000e+03 Lhat=0.0000000000e+00
KNUTH_SUBTREE root=9217 depth=26 w=3.5469150307e+37 Shat=1.3622800000e+03 Lhat=0.0000000000e+00
KNUTH_SUBTREE root=9218 depth=26 w=2.6664986631e+36 Shat=3.0614000000e+02 Lhat=0.0000000000e+00
KNUTH_SUBTREE root=9219 depth=26 w=2.9784460334e+37 Shat=2.2702800000e+03 Lhat=0.0000000000e+00
KNUTH_SUBTREE root=9220 depth=26 w=1.7513426354e+37 Shat=2.5228990000e+03 Lhat=0.0000000000e+00
KNUTH_SUBTREE root=9221 depth=26 w=5.3159458990e+36 Shat=8.9048530000e+03 Lhat=0.0000000000e+00
KNUTH_SUBTREE root=9222 depth=26 w=3.8759602430e+36 Shat=4.0676800000e+02 Lhat=0.0000000000e+00
KNUTH_SUBTREE root=9223 depth=26 w=2.8440359032e+37 Shat=3.1178560000e+03 Lhat=0.0000000000e+00
KNUTH_SUBTREE root=9224 depth=26 w=4.8128926562e+36 Shat=6.7511200000e+02 Lhat=0.0000000000e+00
KNUTH_SUBTREE root=9225 depth=26 w=4.0875316536e+36 Shat=3.2581990000e+03 Lhat=0.0000000000e+00
KNUTH_SUBTREE root=9226 depth=26 w=3.5949540264e+37 Shat=4.9498300000e+02 Lhat=0.0000000000e+00
KNUTH_SUBTREE root=9227 depth=26 w=1.6373755058e+37 Shat=7.6214500000e+02 Lhat=0.0000000000e+00
KNUTH_SUBTREE root=9228 depth=26 w=1.7426044805e+37 Shat=8.0884000000e+02 Lhat=0.0000000000e+00
KNUTH_SUBTREE root=9229 depth=26 w=5.2008529532e+36 Shat=3.5272000000e+01 Lhat=0.0000000000e+00
KNUTH_SUBTREE root=9230 depth=26 w=2.4020197176e+37 Shat=8.6600000000e+02 Lhat=0.0000000000e+00
KNUTH_SUBTREE root=9231 depth=26 w=2.2190716192e+36 Shat=2.7113200000e+03 Lhat=0.0000000000e+00
KNUTH_SUBTREE root=9232 depth=26 w=3.0830222513e+35 Shat=2.9920000000e+01 Lhat=0.0000000000e+00
KNUTH_SUBTREE root=9233 depth=26 w=2.9558893629e+36 Shat=3.6678400000e+02 Lhat=0.0000000000e+00
KNUTH_SUBTREE root=9234 depth=26 w=2.8871295275e+37 Shat=8.7328800000e+02 Lhat=0.0000000000e+00
KNUTH_SUBTREE root=9235 depth=26 w=1.3364475568e+37 Shat=4.6090000000e+01 Lhat=0.0000000000e+00
KNUTH_SUBTREE root=9236 depth=26 w=7.7552118948e+36 Shat=2.0820300000e+03 Lhat=0.0000000000e+00
KNUTH_SUBTREE root=9237 depth=26 w=3.0776950458e+36 Shat=1.0869970000e+03 Lhat=0.0000000000e+00
KNUTH_SUBTREE root=9238 depth=26 w=3.2434680103e+37 Shat=7.0000000000e+00 Lhat=0.0000000000e+00
KNUTH_SUBTREE root=9239 depth=26 w=7.5533314511e+36 Shat=2.1990000000e+01 Lhat=0.0000000000e+00
KNUTH_SUBTREE root=9240 depth=26 w=5.1446614685e+36 Shat=3.6556700000e+03 Lhat=0.0000000000e+00
KNUTH_SUBTREE root=9241 depth=26 w=2.3866764190e+37 Shat=1.1940000000e+01 Lhat=0.0000000000e+00
KNUTH_SUBTREE root=9242 depth=26 w=1.8876639495e+37 Shat=7.9360000000e+00 Lhat=0.0000000000e+00
KNUTH_SUBTREE root=9243 depth=26 w=3.2532075409e+36 Shat=4.0434670000e+03 Lhat=0.0000000000e+00
KNUTH_SUBTREE root=9244 depth=26 w=1.0444086208e+37 Shat=1.8267680000e+03 Lhat=0.0000000000e+00
KNUTH_SUBTREE root=9245 depth=26 w=2.1230959409e+36 Shat=3.8635000000e+01 Lhat=0.0000000000e+00
KNUTH_SUBTREE root=9246 depth=26 w=1.1581751308e+37 Shat=3.7255000000e+01 Lhat=0.0000000000e+00
KNUTH_SUBTREE root=9247 depth=26 w=3.2747942033e+37 Shat=5.1828300000e+03 Lhat=0.0000000000e+00
KNUTH_SUBTREE root=9248 depth=26 w=1.5859932810e+37 Shat=2.2962000000e+02 Lhat=0.0000000000e+00
KNUTH_SUBTREE root=9249 depth=26 w=5.3314720289e+36 Shat=1.6449000000e+03 Lhat=0.0000000000e+00
KNUTH_SUBTREE root=9250 depth=26 w=2.9366735239e+36 Shat=5.6061600000e+02 Lhat=0.0000000000e+00
KNUTH_SUBTREE root=9251 depth=26 w=7.8017122956e+36 Shat=3.6420400000e+03 Lhat=0.0000000000e+00
KNUTH_SUBTREE root=9252 depth=26 w=5.2022135302e+36 Shat=1.1795800000e+03 Lhat=0.0000000000e+00
KNUTH_SUBTREE root=9253 depth=26 w=7.3001807073e+36 Shat=2.3578000000e+02 Lhat=0.0000000000e+00
KNUTH_SUBTREE root=9254 depth=26 w=9.5369867780e+36 Shat=4.9875530000e+03 Lhat=0.0000000000e+00
KNUTH_SUBTREE root=9255 depth=26 w=2.5693840476e+37 Shat=1.3027600000e+03 Lhat=0.0000000000e+00
KNUTH_SUBTREE root=9256 depth=26 w=1.4110627520e+37 Shat=1.3259500000e+03 Lhat=0.0000000000e+00
KNUTH_SUBTREE root=9257 depth=26 w=1.6871843631e+37 Shat=4.4979280000e+03 Lhat=0.0000000000e+00
KNUTH_SUBTREE root=9258 depth=26 w=3.1768188399e+37 Shat=7.1060800000e+02 Lhat=0.0000000000e+00
KNUTH_SUBTREE root=9259 depth=26 w=2.2211133347e+36 Shat=2.5834000000e+01 Lhat=0.0000000000e+00
KNUTH_SUBTREE root=9260 depth=26 w=5.0386220591e+36 Shat=1.3000000000e+01 Lhat=0.0000000000e+00
KNUTH_SUBTREE root=9261 depth=26 w=2.9791028751e+36 Shat=5.0705760000e+03 Lhat=0.0000000000e+00
KNUTH_SUBTREE root=9262 depth=26 w=1.2788139634e+36 Shat=3.0754840000e+03 Lhat=6.0166400000e+02
KNUTH_SUBTREE root=9263 depth=26 w=4.7573500843e+36 Shat=4.4201200000e+02 Lhat=0.0000000000e+00
KNUTH_SUBTREE root=9264 depth=26 w=5.1395667957e+36 Shat=1.2967120000e+03 Lhat=0.0000000000e+00
KNUTH_SUBTREE root=9265 depth=26 w=3.3758984068e+37 Shat=2.1277730000e+03 Lhat=0.0000000000e+00
KNUTH_SUBTREE root=9266 depth=26 w=2.7947204050e+35 Shat=2.2930000000e+01 Lhat=0.0000000000e+00
KNUTH_SUBTREE root=9267 depth=26 w=1.1084177421e+37 Shat=2.9157100000e+03 Lhat=0.0000000000e+00
KNUTH_SUBTREE root=9268 depth=26 w=1.2458308632e+37 Shat=2.4851100000e+03 Lhat=0.0000000000e+00
KNUTH_SUBTREE root=9269 depth=26 w=3.0672112258e+37 Shat=3.6898600000e+03 Lhat=0.0000000000e+00
KNUTH_SUBTREE root=9270 depth=26 w=2.9739002734e+37 Shat=8.8056040000e+03 Lhat=8.2861200000e+02
KNUTH_SUBTREE root=9271 depth=26 w=9.2147510009e+36 Shat=4.1353200000e+03 Lhat=0.0000000000e+00
KNUTH_SUBTREE root=9272 depth=26 w=5.0867494646e+36 Shat=3.5642000000e+02 Lhat=0.0000000000e+00
KNUTH_SUBTREE root=9273 depth=26 w=1.4610103918e+36 Shat=3.9234700000e+02 Lhat=0.0000000000e+00
KNUTH_SUBTREE root=9274 depth=26 w=3.2889150026e+36 Shat=2.7576400000e+02 Lhat=0.0000000000e+00
KNUTH_SUBTREE root=9275 depth=26 w=2.3766053600e+37 Shat=1.9635760000e+03 Lhat=0.0000000000e+00
KNUTH_SUBTREE root=9276 depth=26 w=1.4043157153e+36 Shat=1.3000000000e+01 Lhat=0.0000000000e+00
KNUTH_SUBTREE root=9277 depth=26 w=1.2679912265e+35 Shat=1.0000000000e+01 Lhat=0.0000000000e+00
KNUTH_SUBTREE root=9278 depth=26 w=2.7769051581e+36 Shat=2.6138400000e+03 Lhat=0.0000000000e+00
KNUTH_SUBTREE root=9279 depth=26 w=5.0304063770e+36 Shat=3.4042000000e+03 Lhat=0.0000000000e+00
KNUTH_SUBTREE root=9280 depth=26 w=1.4975299959e+36 Shat=1.2097600000e+02 Lhat=0.0000000000e+00
KNUTH_SUBTREE root=9281 depth=26 w=2.4432666441e+37 Shat=1.9643300000e+02 Lhat=0.0000000000e+00
KNUTH_SUBTREE root=9282 depth=26 w=2.7633374772e+37 Shat=5.7708000000e+02 Lhat=0.0000000000e+00
KNUTH_SUBTREE root=9283 depth=26 w=6.8980443533e+36 Shat=4.7476000000e+02 Lhat=0.0000000000e+00
KNUTH_SUBTREE root=9284 depth=26 w=1.1910372801e+37 Shat=1.8290350000e+03 Lhat=0.0000000000e+00
KNUTH_SUBTREE root=9285 depth=26 w=1.1316643470e+37 Shat=3.2557600000e+02 Lhat=0.0000000000e+00
KNUTH_SUBTREE root=9286 depth=26 w=5.5101592369e+36 Shat=1.8427190000e+03 Lhat=0.0000000000e+00
KNUTH_SUBTREE root=9287 depth=26 w=3.2920732757e+36 Shat=1.4795120000e+03 Lhat=0.0000000000e+00
KNUTH_SUBTREE root=9288 depth=26 w=8.1246278662e+36 Shat=4.9480000000e+01 Lhat=0.0000000000e+00
KNUTH_SUBTREE root=9289 depth=26 w=9.7344554939e+36 Shat=2.9296200000e+03 Lhat=0.0000000000e+00
KNUTH_SUBTREE root=9290 depth=26 w=2.2673237312e+36 Shat=4.8940000000e+01 Lhat=0.0000000000e+00
KNUTH_SUBTREE root=9291 depth=26 w=1.4589752765e+36 Shat=4.0000000000e+00 Lhat=0.0000000000e+00
KNUTH_SUBTREE root=9292 depth=26 w=2.9680240129e+37 Shat=2.7071920000e+03 Lhat=3.3033600000e+02
KNUTH_SUBTREE root=9293 depth=26 w=1.4160174084e+37 Shat=7.5144000000e+01 Lhat=0.0000000000e+00
KNUTH_SUBTREE root=9294 depth=26 w=3.3659364285e+37 Shat=1.1558900000e+03 Lhat=0.0000000000e+00
KNUTH_SUBTREE root=9295 depth=26 w=5.0621575556e+36 Shat=3.7441600000e+03 Lhat=0.0000000000e+00
KNUTH_SUBTREE root=9296 depth=26 w=2.7280904742e+35 Shat=1.0072800000e+02 Lhat=0.0000000000e+00
KNUTH_SUBTREE root=9297 depth=26 w=9.6050462818e+36 Shat=1.6617700000e+03 Lhat=0.0000000000e+00
KNUTH_SUBTREE root=9298 depth=26 w=3.2806209784e+37 Shat=1.8143000000e+03 Lhat=0.0000000000e+00
KNUTH_SUBTREE root=9299 depth=26 w=1.0456445312e+37 Shat=1.1401490000e+03 Lhat=0.0000000000e+00
KNUTH_SUBTREE root=9300 depth=26 w=5.8236034929e+35 Shat=1.3208500000e+02 Lhat=0.0000000000e+00
KNUTH_SUBTREE root=9301 depth=26 w=4.6271594197e+36 Shat=1.4302480000e+03 Lhat=0.0000000000e+00
KNUTH_SUBTREE root=9302 depth=26 w=8.4555121868e+36 Shat=3.4325520000e+03 Lhat=0.0000000000e+00
KNUTH_SUBTREE root=9303 depth=26 w=4.3711496650e+36 Shat=1.3000000000e+01 Lhat=0.0000000000e+00
KNUTH_SUBTREE root=9304 depth=26 w=6.8630868417e+36 Shat=8.6926870000e+03 Lhat=0.0000000000e+00
KNUTH_SUBTREE root=9305 depth=26 w=3.5107714902e+36 Shat=5.0000000000e+00 Lhat=0.0000000000e+00
KNUTH_SUBTREE root=9306 depth=26 w=2.8675439576e+37 Shat=1.3152880000e+03 Lhat=0.0000000000e+00
KNUTH_SUBTREE root=9307 depth=26 w=1.0966791392e+37 Shat=5.4023560000e+03 Lhat=0.0000000000e+00
KNUTH_SUBTREE root=9308 depth=26 w=3.1950462365e+37 Shat=5.4680000000e+01 Lhat=0.0000000000e+00
KNUTH_SUBTREE root=9309 depth=26 w=2.2026510058e+37 Shat=1.2122310000e+03 Lhat=0.0000000000e+00
KNUTH_SUBTREE root=9310 depth=26 w=6.8096146040e+36 Shat=1.0338310000e+03 Lhat=0.0000000000e+00
KNUTH_SUBTREE root=9311 depth=26 w=4.4489064309e+34 Shat=3.0000000000e+00 Lhat=0.0000000000e+00
KNUTH_SUBTREE root=9312 depth=26 w=4.8413807077e+36 Shat=1.5000000000e+01 Lhat=0.0000000000e+00
KNUTH_SUBTREE root=9313 depth=26 w=3.2248356358e+36 Shat=8.4119200000e+02 Lhat=0.0000000000e+00
KNUTH_SUBTREE root=9314 depth=26 w=2.8178669017e+35 Shat=2.0000000000e+00 Lhat=0.0000000000e+00
KNUTH_SUBTREE root=9315 depth=26 w=2.6082089596e+37 Shat=4.8978400000e+02 Lhat=0.0000000000e+00
KNUTH_SUBTREE root=9316 depth=26 w=7.6859610776e+36 Shat=1.7211040000e+03 Lhat=0.0000000000e+00
KNUTH_SUBTREE root=9317 depth=26 w=6.4865518969e+35 Shat=1.3103200000e+02 Lhat=0.0000000000e+00
KNUTH_SUBTREE root=9318 depth=26 w=2.4474788677e+36 Shat=5.0000000000e+00 Lhat=0.0000000000e+00
KNUTH_SUBTREE root=9319 depth=26 w=1.3979791349e+36 Shat=9.2095000000e+01 Lhat=0.0000000000e+00
KNUTH_SUBTREE root=9320 depth=26 w=9.6620373170e+36 Shat=3.9012000000e+02 Lhat=0.0000000000e+00
KNUTH_SUBTREE root=9321 depth=26 w=2.5042775376e+36 Shat=1.3909600000e+02 Lhat=0.0000000000e+00
KNUTH_SUBTREE root=9322 depth=26 w=5.1613148914e+35 Shat=1.5000000000e+01 Lhat=0.0000000000e+00
KNUTH_SUBTREE root=9323 depth=26 w=1.2421769962e+37 Shat=3.1051600000e+03 Lhat=0.0000000000e+00
KNUTH_SUBTREE root=9324 depth=26 w=1.9632221540e+36 Shat=5.0030000000e+01 Lhat=0.0000000000e+00
KNUTH_SUBTREE root=9325 depth=26 w=3.0353474027e+37 Shat=1.7693800000e+03 Lhat=0.0000000000e+00
KNUTH_SUBTREE root=9326 depth=26 w=1.5069664050e+36 Shat=1.1000000000e+01 Lhat=0.0000000000e+00
KNUTH_SUBTREE root=9327 depth=26 w=1.3220793131e+37 Shat=9.2808000000e+01 Lhat=0.0000000000e+00
KNUTH_SUBTREE root=9328 depth=26 w=8.1672163679e+36 Shat=6.6887800000e+03 Lhat=0.0000000000e+00
KNUTH_SUBTREE root=9329 depth=26 w=6.9309324914e+36 Shat=2.0000000000e+00 Lhat=0.0000000000e+00
KNUTH_SUBTREE root=9330 depth=26 w=1.4449748709e+37 Shat=1.6715500000e+03 Lhat=0.0000000000e+00
KNUTH_SUBTREE root=9331 depth=26 w=1.1348563652e+37 Shat=6.6456600000e+03 Lhat=0.0000000000e+00
KNUTH_SUBTREE root=9332 depth=26 w=2.3052898957e+37 Shat=1.4940400000e+02 Lhat=0.0000000000e+00
KNUTH_SUBTREE root=9333 depth=26 w=1.0130938459e+37 Shat=3.7198480000e+03 Lhat=0.0000000000e+00
KNUTH_SUBTREE root=9334 depth=26 w=2.4750907660e+37 Shat=1.6789805000e+04 Lhat=0.0000000000e+00
KNUTH_SUBTREE root=9335 depth=26 w=1.5502313163e+36 Shat=2.6693500000e+02 Lhat=0.0000000000e+00
KNUTH_SUBTREE root=9336 depth=26 w=8.6517144442e+36 Shat=6.8995000000e+02 Lhat=0.0000000000e+00
KNUTH_SUBTREE root=9337 depth=26 w=3.1109385591e+36 Shat=4.3252300000e+03 Lhat=0.0000000000e+00
KNUTH_SUBTREE root=9338 depth=26 w=3.3456515729e+36 Shat=3.8411200000e+03 Lhat=0.0000000000e+00
KNUTH_SUBTREE root=9339 depth=26 w=3.8780714671e+36 Shat=1.5036000000e+01 Lhat=0.0000000000e+00
KNUTH_SUBTREE root=9340 depth=26 w=7.9010116953e+36 Shat=4.4503700000e+02 Lhat=0.0000000000e+00
KNUTH_SUBTREE root=9341 depth=26 w=4.2347391481e+36 Shat=1.3981000000e+01 Lhat=0.0000000000e+00
KNUTH_SUBTREE root=9342 depth=26 w=5.4337615743e+36 Shat=1.2597520000e+03 Lhat=0.0000000000e+00
KNUTH_SUBTREE root=9343 depth=26 w=2.2787445986e+37 Shat=3.3800100000e+02 Lhat=0.0000000000e+00
KNUTH_SUBTREE root=9344 depth=26 w=2.6019730367e+37 Shat=2.2061680000e+03 Lhat=0.0000000000e+00
KNUTH_SUBTREE root=9345 depth=26 w=8.8531134421e+36 Shat=6.2397600000e+02 Lhat=0.0000000000e+00
KNUTH_SUBTREE root=9346 depth=26 w=4.1492819568e+36 Shat=5.8432600000e+02 Lhat=0.0000000000e+00
KNUTH_SUBTREE root=9347 depth=26 w=5.4702167935e+34 Shat=7.9780000000e+00 Lhat=0.0000000000e+00
KNUTH_SUBTREE root=9348 depth=26 w=5.7759617515e+36 Shat=5.3014000000e+02 Lhat=0.0000000000e+00
KNUTH_SUBTREE root=9349 depth=26 w=6.2300414577e+36 Shat=4.2761520000e+03 Lhat=5.5926400000e+02
KNUTH_SUBTREE root=9350 depth=26 w=5.0641910880e+36 Shat=5.0662910000e+03 Lhat=0.0000000000e+00
KNUTH_SUBTREE root=9351 depth=26 w=4.1634860521e+36 Shat=2.0958160000e+04 Lhat=0.0000000000e+00
KNUTH_SUBTREE root=9352 depth=26 w=2.3647250946e+36 Shat=2.8496000000e+02 Lhat=0.0000000000e+00
KNUTH_SUBTREE root=9353 depth=26 w=2.0569477365e+36 Shat=4.4644000000e+02 Lhat=0.0000000000e+00
KNUTH_SUBTREE root=9354 depth=26 w=6.7342450110e+36 Shat=2.8988650000e+03 Lhat=0.0000000000e+00
KNUTH_SUBTREE root=9355 depth=26 w=1.7768782058e+37 Shat=1.9040000000e+01 Lhat=0.0000000000e+00
KNUTH_SUBTREE root=9356 depth=26 w=3.6588081364e+37 Shat=8.2205000000e+01 Lhat=0.0000000000e+00
KNUTH_SUBTREE root=9357 depth=26 w=7.4410117051e+36 Shat=2.5601200000e+02 Lhat=0.0000000000e+00
KNUTH_SUBTREE root=9358 depth=26 w=2.5448359370e+37 Shat=2.8958400000e+02 Lhat=0.0000000000e+00
KNUTH_SUBTREE root=9359 depth=26 w=2.7422112912e+37 Shat=1.3564160000e+03 Lhat=0.0000000000e+00
KNUTH_SUBTREE root=9360 depth=26 w=1.7003754377e+35 Shat=3.0000000000e+00 Lhat=0.0000000000e+00
KNUTH_SUBTREE root=9361 depth=26 w=7.6294630806e+36 Shat=3.9780000000e+01 Lhat=0.0000000000e+00
KNUTH_SUBTREE root=9362 depth=26 w=4.4790652752e+36 Shat=3.1085000000e+03 Lhat=5.8272000000e+02
KNUTH_SUBTREE root=9363 depth=26 w=2.6398455274e+35 Shat=5.0000000000e+00 Lhat=0.0000000000e+00
KNUTH_SUBTREE root=9364 depth=26 w=2.6013318883e+36 Shat=1.5060400000e+03 Lhat=0.0000000000e+00
KNUTH_SUBTREE root=9365 depth=26 w=3.8534971624e+36 Shat=1.0174400000e+02 Lhat=0.0000000000e+00
KNUTH_SUBTREE root=9366 depth=26 w=3.2015620133e+37 Shat=7.4881830000e+03 Lhat=9.1220800000e+02
KNUTH_SUBTREE root=9367 depth=26 w=2.0859723081e+37 Shat=1.3024700000e+03 Lhat=0.0000000000e+00
KNUTH_SUBTREE root=9368 depth=26 w=1.0454490171e+36 Shat=3.0000000000e+00 Lhat=0.0000000000e+00
KNUTH_SUBTREE root=9369 depth=26 w=9.8419594404e+36 Shat=1.2176800000e+02 Lhat=0.0000000000e+00
KNUTH_SUBTREE root=9370 depth=26 w=1.2561879207e+37 Shat=1.5056800000e+02 Lhat=0.0000000000e+00
KNUTH_SUBTREE root=9371 depth=26 w=6.8973012215e+36 Shat=3.5981020000e+03 Lhat=3.0996000000e+02
KNUTH_SUBTREE root=9372 depth=26 w=2.8378898228e+37 Shat=4.8631600000e+02 Lhat=0.0000000000e+00
KNUTH_SUBTREE root=9373 depth=26 w=5.2022126171e+36 Shat=2.5028290000e+03 Lhat=0.0000000000e+00
KNUTH_SUBTREE root=9374 depth=26 w=1.5615755599e+35 Shat=3.0000000000e+00 Lhat=0.0000000000e+00
KNUTH_SUBTREE root=9375 depth=26 w=1.6038705275e+36 Shat=1.9000000000e+01 Lhat=0.0000000000e+00
KNUTH_SUBTREE root=9376 depth=26 w=1.4028224833e+37 Shat=2.4916000000e+01 Lhat=0.0000000000e+00
KNUTH_SUBTREE root=9377 depth=26 w=4.1892323761e+36 Shat=2.0303290000e+03 Lhat=0.0000000000e+00
KNUTH_SUBTREE root=9378 depth=26 w=6.6261064828e+36 Shat=7.6906000000e+01 Lhat=0.0000000000e+00
KNUTH_SUBTREE root=9379 depth=26 w=3.5146749612e+36 Shat=6.8085700000e+03 Lhat=0.0000000000e+00
KNUTH_SUBTREE root=9380 depth=26 w=2.8858773939e+37 Shat=4.8571480000e+03 Lhat=0.0000000000e+00
KNUTH_SUBTREE root=9381 depth=26 w=1.4732158302e+35 Shat=5.0000000000e+00 Lhat=0.0000000000e+00
KNUTH_SUBTREE root=9382 depth=26 w=6.0102548594e+36 Shat=2.4666320000e+03 Lhat=0.0000000000e+00
KNUTH_SUBTREE root=9383 depth=26 w=4.3197173983e+36 Shat=1.3548140000e+03 Lhat=0.0000000000e+00
KNUTH_SUBTREE root=9384 depth=26 w=3.6404322490e+36 Shat=4.0051100000e+02 Lhat=0.0000000000e+00
KNUTH_SUBTREE root=9385 depth=26 w=2.5722959236e+37 Shat=2.3794860000e+03 Lhat=0.0000000000e+00
KNUTH_SUBTREE root=9386 depth=26 w=5.0956133132e+36 Shat=2.8604400000e+03 Lhat=0.0000000000e+00
KNUTH_SUBTREE root=9387 depth=26 w=2.8910100356e+37 Shat=1.5462900000e+03 Lhat=0.0000000000e+00
KNUTH_SUBTREE root=9388 depth=26 w=2.8551234821e+37 Shat=8.5204000000e+03 Lhat=0.0000000000e+00
KNUTH_SUBTREE root=9389 depth=26 w=1.0608477029e+36 Shat=1.6888000000e+01 Lhat=0.0000000000e+00
KNUTH_SUBTREE root=9390 depth=26 w=2.2863243902e+37 Shat=1.0980000000e+01 Lhat=0.0000000000e+00
KNUTH_SUBTREE root=9391 depth=26 w=2.1449367197e+37 Shat=1.2644800000e+03 Lhat=0.0000000000e+00
KNUTH_SUBTREE root=9392 depth=26 w=2.5426105211e+36 Shat=4.2744160000e+03 Lhat=0.0000000000e+00
KNUTH_SUBTREE root=9393 depth=26 w=5.3459415037e+36 Shat=3.4241680000e+03 Lhat=0.0000000000e+00
KNUTH_SUBTREE root=9394 depth=26 w=3.3597106306e+35 Shat=1.1000000000e+01 Lhat=0.0000000000e+00
KNUTH_SUBTREE root=9395 depth=26 w=3.3829649368e+36 Shat=1.1981200000e+02 Lhat=0.0000000000e+00
KNUTH_SUBTREE root=9396 depth=26 w=1.2228613341e+37 Shat=3.8010000000e+03 Lhat=0.0000000000e+00
KNUTH_SUBTREE root=9397 depth=26 w=1.0724493173e+37 Shat=9.6440500000e+02 Lhat=0.0000000000e+00
KNUTH_SUBTREE root=9398 depth=26 w=3.0201107140e+37 Shat=1.4695100000e+03 Lhat=0.0000000000e+00
KNUTH_SUBTREE root=9399 depth=26 w=8.0312892522e+35 Shat=3.8120000000e+01 Lhat=0.0000000000e+00
KNUTH_SUBTREE root=9400 depth=26 w=1.4602655443e+35 Shat=3.0000000000e+00 Lhat=0.0000000000e+00
KNUTH_SUBTREE root=9401 depth=26 w=1.2893835263e+37 Shat=1.8544600000e+03 Lhat=0.0000000000e+00
KNUTH_SUBTREE root=9402 depth=26 w=2.5766157552e+37 Shat=1.3000000000e+01 Lhat=0.0000000000e+00
KNUTH_SUBTREE root=9403 depth=26 w=4.0546781301e+36 Shat=2.8567600000e+03 Lhat=0.0000000000e+00
KNUTH_SUBTREE root=9404 depth=26 w=5.9503059131e+36 Shat=3.5966000000e+02 Lhat=0.0000000000e+00
KNUTH_SUBTREE root=9405 depth=26 w=2.4335978046e+37 Shat=5.6440000000e+02 Lhat=0.0000000000e+00
KNUTH_SUBTREE root=9406 depth=26 w=3.6127689825e+37 Shat=1.1254000000e+02 Lhat=0.0000000000e+00
KNUTH_SUBTREE root=9407 depth=26 w=7.2465662891e+36 Shat=1.4459520000e+03 Lhat=0.0000000000e+00
KNUTH_SUBTREE root=9408 depth=26 w=2.6409772701e+37 Shat=4.6296400000e+02 Lhat=0.0000000000e+00
KNUTH_SUBTREE root=9409 depth=26 w=1.9148737674e+37 Shat=2.4642910000e+03 Lhat=0.0000000000e+00
KNUTH_SUBTREE root=9410 depth=26 w=1.5924494079e+36 Shat=4.1229000000e+02 Lhat=0.0000000000e+00
KNUTH_SUBTREE root=9411 depth=26 w=1.9607887980e+37 Shat=4.7203000000e+02 Lhat=0.0000000000e+00
KNUTH_SUBTREE root=9412 depth=26 w=2.0930859759e+37 Shat=1.7031400000e+02 Lhat=0.0000000000e+00
KNUTH_SUBTREE root=9413 depth=26 w=1.1302690829e+37 Shat=1.3618650000e+03 Lhat=0.0000000000e+00
KNUTH_SUBTREE root=9414 depth=26 w=9.9985193613e+36 Shat=7.9894000000e+02 Lhat=0.0000000000e+00
KNUTH_SUBTREE root=9415 depth=26 w=1.8877631167e+37 Shat=3.9730800000e+03 Lhat=0.0000000000e+00
KNUTH_SUBTREE root=9416 depth=26 w=2.5442429335e+37 Shat=6.9799720000e+03 Lhat=0.0000000000e+00
KNUTH_SUBTREE root=9417 depth=26 w=2.8297829940e+37 Shat=3.0248920000e+03 Lhat=1.0949400000e+02
KNUTH_SUBTREE root=9418 depth=26 w=3.2265844685e+37 Shat=1.5043000000e+01 Lhat=0.0000000000e+00
KNUTH_SUBTREE root=9419 depth=26 w=3.6276446978e+36 Shat=6.3433000000e+02 Lhat=0.0000000000e+00
KNUTH_SUBTREE root=9420 depth=26 w=9.9496880432e+36 Shat=3.6687340000e+03 Lhat=0.0000000000e+00
KNUTH_SUBTREE root=9421 depth=26 w=1.1990326194e+37 Shat=1.1636290000e+03 Lhat=6.8724000000e+01
KNUTH_SUBTREE root=9422 depth=26 w=1.4446952730e+37 Shat=3.5788400000e+02 Lhat=0.0000000000e+00
KNUTH_SUBTREE root=9423 depth=26 w=9.2354497532e+36 Shat=3.9422100000e+03 Lhat=0.0000000000e+00
KNUTH_SUBTREE root=9424 depth=26 w=1.4559819869e+37 Shat=5.0864700000e+03 Lhat=0.0000000000e+00
KNUTH_SUBTREE root=9425 depth=26 w=1.6123412044e+36 Shat=1.9204000000e+01 Lhat=0.0000000000e+00
KNUTH_SUBTREE root=9426 depth=26 w=2.0551662300e+37 Shat=7.7489600000e+02 Lhat=0.0000000000e+00
KNUTH_SUBTREE root=9427 depth=26 w=5.7090104302e+36 Shat=3.9017080000e+03 Lhat=0.0000000000e+00
KNUTH_SUBTREE root=9428 depth=26 w=3.2928122057e+36 Shat=1.3775960000e+04 Lhat=0.0000000000e+00
KNUTH_SUBTREE root=9429 depth=26 w=2.3075465844e+36 Shat=2.3236000000e+02 Lhat=0.0000000000e+00
KNUTH_SUBTREE root=9430 depth=26 w=2.5826198728e+37 Shat=1.3658600000e+02 Lhat=0.0000000000e+00
KNUTH_SUBTREE root=9431 depth=26 w=2.4898919051e+37 Shat=5.0000000000e+00 Lhat=0.0000000000e+00
KNUTH_SUBTREE root=9432 depth=26 w=5.3532143162e+36 Shat=4.7608000000e+02 Lhat=0.0000000000e+00
KNUTH_SUBTREE root=9433 depth=26 w=2.6520913852e+37 Shat=5.2150000000e+01 Lhat=0.0000000000e+00
KNUTH_SUBTREE root=9434 depth=26 w=4.9391850823e+36 Shat=1.0135200000e+02 Lhat=0.0000000000e+00
KNUTH_SUBTREE root=9435 depth=26 w=1.6230240002e+37 Shat=2.7761200000e+03 Lhat=0.0000000000e+00
KNUTH_SUBTREE root=9436 depth=26 w=3.9103808756e+36 Shat=2.6112200000e+03 Lhat=1.3440000000e+01
KNUTH_SUBTREE root=9437 depth=26 w=0 Shat=0 Lhat=0 dead=1
KNUTH_SUBTREE root=9438 depth=26 w=4.3123934262e+36 Shat=1.7775660000e+03 Lhat=0.0000000000e+00
KNUTH_SUBTREE root=9439 depth=26 w=1.4671413652e+37 Shat=5.8857500000e+02 Lhat=0.0000000000e+00
KNUTH_SUBTREE root=9440 depth=26 w=4.3045490188e+36 Shat=2.8655920000e+03 Lhat=0.0000000000e+00
KNUTH_SUBTREE root=9441 depth=26 w=2.9526650150e+36 Shat=4.3887400000e+02 Lhat=0.0000000000e+00
KNUTH_SUBTREE root=9442 depth=26 w=2.0425786118e+36 Shat=2.5710000000e+02 Lhat=0.0000000000e+00
KNUTH_SUBTREE root=9443 depth=26 w=9.6352579430e+36 Shat=2.7842600000e+03 Lhat=0.0000000000e+00
KNUTH_SUBTREE root=9444 depth=26 w=3.3045849178e+36 Shat=2.4632000000e+01 Lhat=0.0000000000e+00
KNUTH_SUBTREE root=9445 depth=26 w=1.1018392185e+37 Shat=1.6017200000e+03 Lhat=0.0000000000e+00
KNUTH_SUBTREE root=9446 depth=26 w=1.0950064108e+37 Shat=5.0524000000e+01 Lhat=0.0000000000e+00
KNUTH_SUBTREE root=9447 depth=26 w=5.6307434860e+36 Shat=4.7815000000e+01 Lhat=0.0000000000e+00
KNUTH_SUBTREE root=9448 depth=26 w=9.8568052394e+36 Shat=7.0000000000e+00 Lhat=0.0000000000e+00
KNUTH_SUBTREE root=9449 depth=26 w=9.9931174387e+36 Shat=1.0844800000e+03 Lhat=0.0000000000e+00
KNUTH_SUBTREE root=9450 depth=26 w=4.4527938267e+36 Shat=9.5312800000e+02 Lhat=0.0000000000e+00
KNUTH_SUBTREE root=9451 depth=26 w=1.5665487177e+37 Shat=7.9000000000e+01 Lhat=0.0000000000e+00
KNUTH_SUBTREE root=9452 depth=26 w=2.0053588148e+37 Shat=7.9000000000e+01 Lhat=0.0000000000e+00
KNUTH_SUBTREE root=9453 depth=26 w=2.7527213592e+37 Shat=1.7732920000e+03 Lhat=0.0000000000e+00
KNUTH_SUBTREE root=9454 depth=26 w=3.4088137532e+37 Shat=6.4265200000e+02 Lhat=0.0000000000e+00
KNUTH_SUBTREE root=9455 depth=26 w=6.6032158873e+36 Shat=2.8262260000e+03 Lhat=0.0000000000e+00
KNUTH_SUBTREE root=9456 depth=26 w=4.2193034778e+37 Shat=2.1492000000e+02 Lhat=0.0000000000e+00
KNUTH_SUBTREE root=9457 depth=26 w=8.4411705788e+36 Shat=2.5128000000e+01 Lhat=0.0000000000e+00
KNUTH_SUBTREE root=9458 depth=26 w=2.7084765562e+36 Shat=1.1711200000e+03 Lhat=0.0000000000e+00
KNUTH_SUBTREE root=9459 depth=26 w=4.4454431015e+36 Shat=5.3204680000e+03 Lhat=0.0000000000e+00
KNUTH_SUBTREE root=9460 depth=26 w=1.6001205607e+37 Shat=2.9101040000e+03 Lhat=0.0000000000e+00
KNUTH_SUBTREE root=9461 depth=26 w=2.9380847910e+36 Shat=9.5389390000e+03 Lhat=0.0000000000e+00
KNUTH_SUBTREE root=9462 depth=26 w=2.9954962281e+36 Shat=7.5606300000e+03 Lhat=0.0000000000e+00
KNUTH_SUBTREE root=9463 depth=26 w=3.6716492412e+37 Shat=6.2632800000e+02 Lhat=0.0000000000e+00
KNUTH_SUBTREE root=9464 depth=26 w=6.3353094238e+36 Shat=1.2504250000e+03 Lhat=0.0000000000e+00
KNUTH_SUBTREE root=9465 depth=26 w=1.2574986007e+37 Shat=1.7408640000e+03 Lhat=0.0000000000e+00
KNUTH_SUBTREE root=9466 depth=26 w=1.2165932585e+37 Shat=2.8508600000e+03 Lhat=0.0000000000e+00
KNUTH_SUBTREE root=9467 depth=26 w=5.1066707570e+36 Shat=2.2420000000e+02 Lhat=0.0000000000e+00
KNUTH_SUBTREE root=9468 depth=26 w=2.3273152917e+37 Shat=8.2613180000e+03 Lhat=0.0000000000e+00
KNUTH_SUBTREE root=9469 depth=26 w=2.7567694860e+36 Shat=5.6968000000e+01 Lhat=0.0000000000e+00
KNUTH_SUBTREE root=9470 depth=26 w=3.5485475114e+33 Shat=1.0000000000e+00 Lhat=0.0000000000e+00
KNUTH_SUBTREE root=9471 depth=26 w=1.9426866939e+37 Shat=3.7574800000e+03 Lhat=0.0000000000e+00
KNUTH_SUBTREE root=9472 depth=26 w=3.8939046245e+37 Shat=1.0562000000e+02 Lhat=0.0000000000e+00
KNUTH_SUBTREE root=9473 depth=26 w=2.2733634829e+37 Shat=1.2395300000e+03 Lhat=0.0000000000e+00
KNUTH_SUBTREE root=9474 depth=26 w=3.7940201951e+36 Shat=3.0908000000e+02 Lhat=0.0000000000e+00
KNUTH_SUBTREE root=9475 depth=26 w=7.0977343867e+35 Shat=3.0000000000e+00 Lhat=0.0000000000e+00
KNUTH_SUBTREE root=9476 depth=26 w=4.0084114312e+36 Shat=4.3274640000e+03 Lhat=0.0000000000e+00
KNUTH_SUBTREE root=9477 depth=26 w=2.5170227231e+37 Shat=2.0148600000e+03 Lhat=0.0000000000e+00
KNUTH_SUBTREE root=9478 depth=26 w=1.1393459245e+37 Shat=3.9064000000e+01 Lhat=0.0000000000e+00
KNUTH_SUBTREE root=9479 depth=26 w=1.1515638750e+36 Shat=2.7412300000e+03 Lhat=0.0000000000e+00
KNUTH_SUBTREE root=9480 depth=26 w=5.4253102327e+36 Shat=2.9363800000e+03 Lhat=0.0000000000e+00
KNUTH_SUBTREE root=9481 depth=26 w=4.5680791966e+36 Shat=3.0000000000e+00 Lhat=0.0000000000e+00
KNUTH_SUBTREE root=9482 depth=26 w=4.6497548298e+36 Shat=1.4296000000e+03 Lhat=0.0000000000e+00
KNUTH_SUBTREE root=9483 depth=26 w=2.9008841638e+37 Shat=2.3865360000e+03 Lhat=0.0000000000e+00
KNUTH_SUBTREE root=9484 depth=26 w=7.9076338932e+36 Shat=8.0276600000e+02 Lhat=0.0000000000e+00
KNUTH_SUBTREE root=9485 depth=26 w=5.2515875726e+36 Shat=2.3594000000e+03 Lhat=0.0000000000e+00
KNUTH_SUBTREE root=9486 depth=26 w=2.7148093681e+37 Shat=2.4265720000e+03 Lhat=0.0000000000e+00
KNUTH_SUBTREE root=9487 depth=26 w=4.3239907399e+36 Shat=8.4593000000e+02 Lhat=0.0000000000e+00
KNUTH_SUBTREE root=9488 depth=26 w=1.4128162222e+37 Shat=5.4897300000e+03 Lhat=0.0000000000e+00
KNUTH_SUBTREE root=9489 depth=26 w=6.0304990899e+36 Shat=5.5620000000e+01 Lhat=0.0000000000e+00
KNUTH_SUBTREE root=9490 depth=26 w=2.9206620080e+36 Shat=1.4106520000e+03 Lhat=0.0000000000e+00
KNUTH_SUBTREE root=9491 depth=26 w=9.3095129997e+36 Shat=2.0285200000e+02 Lhat=0.0000000000e+00
KNUTH_SUBTREE root=9492 depth=26 w=4.5435954170e+36 Shat=1.1860900000e+03 Lhat=0.0000000000e+00
KNUTH_SUBTREE root=9493 depth=26 w=3.0976606461e+37 Shat=6.5675000000e+01 Lhat=0.0000000000e+00
KNUTH_SUBTREE root=9494 depth=26 w=1.6865760674e+36 Shat=5.4000000000e+01 Lhat=0.0000000000e+00
KNUTH_SUBTREE root=9495 depth=26 w=2.8452774041e+36 Shat=1.6988800000e+03 Lhat=0.0000000000e+00
KNUTH_SUBTREE root=9496 depth=26 w=2.4836469835e+36 Shat=7.9870000000e+00 Lhat=0.0000000000e+00
KNUTH_SUBTREE root=9497 depth=26 w=5.7388522980e+36 Shat=2.7918460000e+03 Lhat=0.0000000000e+00
KNUTH_SUBTREE root=9498 depth=26 w=1.2629861657e+37 Shat=2.7068900000e+02 Lhat=0.0000000000e+00
KNUTH_SUBTREE root=9499 depth=26 w=3.0306623430e+37 Shat=3.9887500000e+03 Lhat=0.0000000000e+00
KNUTH_SUBTREE root=9500 depth=26 w=4.0961976885e+36 Shat=7.9885000000e+01 Lhat=0.0000000000e+00
KNUTH_SUBTREE root=9501 depth=26 w=5.2331253507e+36 Shat=1.3202800000e+03 Lhat=0.0000000000e+00
KNUTH_SUBTREE root=9502 depth=26 w=2.1411332657e+37 Shat=3.8554000000e+02 Lhat=0.0000000000e+00
KNUTH_SUBTREE root=9503 depth=26 w=3.4953303734e+36 Shat=1.5000000000e+01 Lhat=0.0000000000e+00
KNUTH_SUBTREE root=9504 depth=26 w=8.9699846829e+36 Shat=5.8629200000e+03 Lhat=0.0000000000e+00
KNUTH_SUBTREE root=9505 depth=26 w=2.1125086459e+37 Shat=2.8077200000e+02 Lhat=0.0000000000e+00
KNUTH_SUBTREE root=9506 depth=26 w=2.0988391210e+37 Shat=1.3732300000e+03 Lhat=0.0000000000e+00
KNUTH_SUBTREE root=9507 depth=26 w=2.3990891464e+36 Shat=2.2159840000e+03 Lhat=0.0000000000e+00
KNUTH_SUBTREE root=9508 depth=26 w=4.9968050475e+35 Shat=4.9360000000e+00 Lhat=0.0000000000e+00
KNUTH_SUBTREE root=9509 depth=26 w=2.5026283772e+35 Shat=1.1072000000e+01 Lhat=0.0000000000e+00
KNUTH_SUBTREE root=9510 depth=26 w=4.4767403587e+36 Shat=2.5688600000e+03 Lhat=0.0000000000e+00
KNUTH_SUBTREE root=9511 depth=26 w=1.0220555330e+37 Shat=2.9648800000e+02 Lhat=0.0000000000e+00
KNUTH_SUBTREE root=9512 depth=26 w=1.2546927762e+37 Shat=3.0999610000e+03 Lhat=0.0000000000e+00
KNUTH_SUBTREE root=9513 depth=26 w=1.9234415794e+36 Shat=2.7136000000e+01 Lhat=0.0000000000e+00
KNUTH_SUBTREE root=9514 depth=26 w=4.0945646989e+36 Shat=5.7200000000e+01 Lhat=0.0000000000e+00
KNUTH_SUBTREE root=9515 depth=26 w=1.6840220200e+37 Shat=4.9503730000e+03 Lhat=0.0000000000e+00
KNUTH_SUBTREE root=9516 depth=26 w=5.1014649332e+36 Shat=1.4517100000e+02 Lhat=0.0000000000e+00
KNUTH_SUBTREE root=9517 depth=26 w=3.1035435410e+37 Shat=1.9894870000e+03 Lhat=0.0000000000e+00
KNUTH_SUBTREE root=9518 depth=26 w=1.7244156233e+36 Shat=2.7506000000e+02 Lhat=0.0000000000e+00
KNUTH_SUBTREE root=9519 depth=26 w=4.6951193851e+36 Shat=7.9000000000e+01 Lhat=0.0000000000e+00
KNUTH_SUBTREE root=9520 depth=26 w=1.1411294943e+37 Shat=1.2503900000e+03 Lhat=0.0000000000e+00
KNUTH_SUBTREE root=9521 depth=26 w=3.4001421610e+36 Shat=4.5047800000e+02 Lhat=0.0000000000e+00
KNUTH_SUBTREE root=9522 depth=26 w=4.3417433352e+36 Shat=7.4635390000e+03 Lhat=0.0000000000e+00
KNUTH_SUBTREE root=9523 depth=26 w=6.7717772405e+36 Shat=2.8860900000e+03 Lhat=0.0000000000e+00
KNUTH_SUBTREE root=9524 depth=26 w=9.9948192777e+36 Shat=1.9701000000e+02 Lhat=0.0000000000e+00
KNUTH_SUBTREE root=9525 depth=26 w=7.3338749013e+36 Shat=1.7775100000e+02 Lhat=0.0000000000e+00
KNUTH_SUBTREE root=9526 depth=26 w=8.4335991372e+36 Shat=5.3175280000e+03 Lhat=0.0000000000e+00
KNUTH_SUBTREE root=9527 depth=26 w=4.9377829065e+35 Shat=4.0000000000e+00 Lhat=0.0000000000e+00
KNUTH_SUBTREE root=9528 depth=26 w=2.0986912849e+35 Shat=1.6000000000e+01 Lhat=0.0000000000e+00
KNUTH_SUBTREE root=9529 depth=26 w=5.6017195338e+36 Shat=2.1000000000e+01 Lhat=0.0000000000e+00
KNUTH_SUBTREE root=9530 depth=26 w=1.6332787946e+35 Shat=3.1960000000e+01 Lhat=0.0000000000e+00
KNUTH_SUBTREE root=9531 depth=26 w=1.1130623112e+37 Shat=4.7158420000e+03 Lhat=0.0000000000e+00
KNUTH_SUBTREE root=9532 depth=26 w=1.7333650854e+37 Shat=3.7190000000e+01 Lhat=0.0000000000e+00
KNUTH_SUBTREE root=9533 depth=26 w=3.0153505922e+36 Shat=2.7088000000e+01 Lhat=0.0000000000e+00
KNUTH_SUBTREE root=9534 depth=26 w=3.6038835445e+36 Shat=9.6053000000e+01 Lhat=0.0000000000e+00
KNUTH_SUBTREE root=9535 depth=26 w=1.4798903921e+36 Shat=4.0000000000e+00 Lhat=0.0000000000e+00
KNUTH_SUBTREE root=9536 depth=26 w=1.2307051726e+37 Shat=5.0000000000e+00 Lhat=0.0000000000e+00
KNUTH_SUBTREE root=9537 depth=26 w=6.4566514596e+36 Shat=2.1287200000e+02 Lhat=0.0000000000e+00
KNUTH_SUBTREE root=9538 depth=26 w=2.1193412758e+37 Shat=8.8762000000e+01 Lhat=0.0000000000e+00
KNUTH_SUBTREE root=9539 depth=26 w=5.6241778882e+36 Shat=1.6304200000e+03 Lhat=0.0000000000e+00
KNUTH_SUBTREE root=9540 depth=26 w=1.5104347009e+35 Shat=9.0000000000e+00 Lhat=0.0000000000e+00
KNUTH_SUBTREE root=9541 depth=26 w=1.4001989738e+37 Shat=1.5336400000e+02 Lhat=0.0000000000e+00
KNUTH_SUBTREE root=9542 depth=26 w=7.3587856891e+35 Shat=9.2930000000e+01 Lhat=0.0000000000e+00
KNUTH_SUBTREE root=9543 depth=26 w=9.0759968858e+35 Shat=1.5000000000e+01 Lhat=0.0000000000e+00
KNUTH_SUBTREE root=9544 depth=26 w=2.8901584030e+35 Shat=1.9000000000e+01 Lhat=0.0000000000e+00
KNUTH_SUBTREE root=9545 depth=26 w=1.5766720979e+37 Shat=2.5473280000e+03 Lhat=0.0000000000e+00
KNUTH_SUBTREE root=9546 depth=26 w=3.5216326618e+36 Shat=4.0282210000e+03 Lhat=0.0000000000e+00
KNUTH_SUBTREE root=9547 depth=26 w=4.8621125184e+36 Shat=2.2922200000e+03 Lhat=0.0000000000e+00
KNUTH_SUBTREE root=9548 depth=26 w=7.0937030581e+36 Shat=5.9694000000e+02 Lhat=0.0000000000e+00
KNUTH_SUBTREE root=9549 depth=26 w=7.4548466003e+36 Shat=1.8382550000e+03 Lhat=0.0000000000e+00
KNUTH_SUBTREE root=9550 depth=26 w=8.6335582517e+36 Shat=8.4176800000e+03 Lhat=0.0000000000e+00
KNUTH_SUBTREE root=9551 depth=26 w=9.6421575053e+36 Shat=1.2000700000e+02 Lhat=0.0000000000e+00
KNUTH_SUBTREE root=9552 depth=26 w=2.9741248122e+35 Shat=1.4000000000e+01 Lhat=0.0000000000e+00
KNUTH_SUBTREE root=9553 depth=26 w=4.0530363327e+36 Shat=2.1106000000e+01 Lhat=0.0000000000e+00
KNUTH_SUBTREE root=9554 depth=26 w=6.6276689945e+36 Shat=5.2260000000e+01 Lhat=0.0000000000e+00
KNUTH_SUBTREE root=9555 depth=26 w=2.1869910474e+37 Shat=1.0518650000e+03 Lhat=0.0000000000e+00
KNUTH_SUBTREE root=9556 depth=26 w=3.0863866497e+37 Shat=7.2052000000e+02 Lhat=6.8352000000e+01
KNUTH_SUBTREE root=9557 depth=26 w=6.7405800211e+36 Shat=3.0467800000e+03 Lhat=0.0000000000e+00
KNUTH_SUBTREE root=9558 depth=26 w=3.9544238196e+36 Shat=3.0514300000e+03 Lhat=0.0000000000e+00
KNUTH_SUBTREE root=9559 depth=26 w=3.6976274879e+35 Shat=5.0000000000e+00 Lhat=0.0000000000e+00
KNUTH_SUBTREE root=9560 depth=26 w=5.3625990979e+36 Shat=3.3696880000e+03 Lhat=0.0000000000e+00
KNUTH_SUBTREE root=9561 depth=26 w=6.1864568045e+36 Shat=2.2273500000e+03 Lhat=0.0000000000e+00
KNUTH_SUBTREE root=9562 depth=26 w=5.0086814688e+36 Shat=9.5445000000e+02 Lhat=0.0000000000e+00
KNUTH_SUBTREE root=9563 depth=26 w=2.9855826108e+37 Shat=5.8702060000e+03 Lhat=0.0000000000e+00
KNUTH_SUBTREE root=9564 depth=26 w=1.6404378930e+37 Shat=6.2244500000e+02 Lhat=0.0000000000e+00
KNUTH_SUBTREE root=9565 depth=26 w=6.3936931733e+36 Shat=1.0991800000e+02 Lhat=0.0000000000e+00
KNUTH_SUBTREE root=9566 depth=26 w=3.0884413082e+36 Shat=1.7847700000e+03 Lhat=0.0000000000e+00
KNUTH_SUBTREE root=9567 depth=26 w=6.4910596935e+36 Shat=4.0000000000e+00 Lhat=0.0000000000e+00
KNUTH_SUBTREE root=9568 depth=26 w=3.8406977466e+36 Shat=1.0972000000e+01 Lhat=0.0000000000e+00
KNUTH_SUBTREE root=9569 depth=26 w=3.6796868373e+35 Shat=2.2792000000e+01 Lhat=0.0000000000e+00
KNUTH_SUBTREE root=9570 depth=26 w=4.1464077901e+36 Shat=3.0042750000e+03 Lhat=0.0000000000e+00
KNUTH_SUBTREE root=9571 depth=26 w=3.3820053937e+35 Shat=3.0000000000e+00 Lhat=0.0000000000e+00
KNUTH_SUBTREE root=9572 depth=26 w=5.3865108123e+36 Shat=5.1429600000e+02 Lhat=0.0000000000e+00
KNUTH_SUBTREE root=9573 depth=26 w=6.8334620672e+36 Shat=2.9832000000e+01 Lhat=0.0000000000e+00
KNUTH_SUBTREE root=9574 depth=26 w=6.2208767406e+36 Shat=5.0533570000e+03 Lhat=0.0000000000e+00
KNUTH_SUBTREE root=9575 depth=26 w=9.2186090931e+36 Shat=1.5956800000e+02 Lhat=0.0000000000e+00
KNUTH_SUBTREE root=9576 depth=26 w=1.2582296544e+37 Shat=5.7455900000e+03 Lhat=0.0000000000e+00
KNUTH_SUBTREE root=9577 depth=26 w=4.6561599502e+36 Shat=1.1906880000e+03 Lhat=0.0000000000e+00
KNUTH_SUBTREE root=9578 depth=26 w=1.5269781070e+35 Shat=4.0000000000e+00 Lhat=0.0000000000e+00
KNUTH_SUBTREE root=9579 depth=26 w=6.1926321163e+36 Shat=1.7050000000e+02 Lhat=0.0000000000e+00
KNUTH_SUBTREE root=9580 depth=26 w=1.0002920395e+34 Shat=1.0000000000e+00 Lhat=0.0000000000e+00
KNUTH_SUBTREE root=9581 depth=26 w=1.6305033763e+37 Shat=9.7952400000e+03 Lhat=0.0000000000e+00
KNUTH_SUBTREE root=9582 depth=26 w=2.9049876694e+37 Shat=3.3494200000e+03 Lhat=0.0000000000e+00
KNUTH_SUBTREE root=9583 depth=26 w=4.1675789340e+36 Shat=1.3774000000e+03 Lhat=0.0000000000e+00
KNUTH_SUBTREE root=9584 depth=26 w=1.0300592340e+37 Shat=6.5888000000e+02 Lhat=0.0000000000e+00
KNUTH_SUBTREE root=9585 depth=26 w=1.8346646678e+37 Shat=3.4574000000e+02 Lhat=0.0000000000e+00
KNUTH_SUBTREE root=9586 depth=26 w=4.8855706248e+35 Shat=1.4556400000e+02 Lhat=0.0000000000e+00
KNUTH_SUBTREE root=9587 depth=26 w=2.0099466879e+36 Shat=3.0088480000e+03 Lhat=0.0000000000e+00
KNUTH_SUBTREE root=9588 depth=26 w=6.2623148879e+36 Shat=4.8725500000e+02 Lhat=0.0000000000e+00
KNUTH_SUBTREE root=9589 depth=26 w=2.6878937256e+37 Shat=2.7258850000e+03 Lhat=0.0000000000e+00
KNUTH_SUBTREE root=9590 depth=26 w=2.3138261610e+37 Shat=1.2708000000e+02 Lhat=0.0000000000e+00
KNUTH_SUBTREE root=9591 depth=26 w=4.4168074735e+35 Shat=3.0000000000e+00 Lhat=0.0000000000e+00
KNUTH_SUBTREE root=9592 depth=26 w=2.2577492410e+37 Shat=1.7971700000e+02 Lhat=0.0000000000e+00
KNUTH_SUBTREE root=9593 depth=26 w=3.2969439673e+36 Shat=1.3477000000e+03 Lhat=0.0000000000e+00
KNUTH_SUBTREE root=9594 depth=26 w=4.2679739774e+36 Shat=6.2900380000e+03 Lhat=0.0000000000e+00
KNUTH_SUBTREE root=9595 depth=26 w=8.8177591319e+36 Shat=1.2952960000e+03 Lhat=0.0000000000e+00
KNUTH_SUBTREE root=9596 depth=26 w=1.6718001679e+37 Shat=1.0711840000e+03 Lhat=0.0000000000e+00
KNUTH_SUBTREE root=9597 depth=26 w=2.7432540911e+37 Shat=2.8772360000e+03 Lhat=0.0000000000e+00
KNUTH_SUBTREE root=9598 depth=26 w=4.1495900853e+36 Shat=5.9916220000e+03 Lhat=0.0000000000e+00
KNUTH_SUBTREE root=9599 depth=26 w=2.5728666592e+37 Shat=3.5480800000e+03 Lhat=0.0000000000e+00
KNUTH_SUBTREE root=9600 depth=26 w=1.1868473940e+37 Shat=2.0596720000e+03 Lhat=0.0000000000e+00
KNUTH_SUBTREE root=9601 depth=26 w=2.5960289914e+37 Shat=3.3498700000e+03 Lhat=0.0000000000e+00
KNUTH_SUBTREE root=9602 depth=26 w=1.7484163712e+37 Shat=4.9075000000e+01 Lhat=0.0000000000e+00
KNUTH_SUBTREE root=9603 depth=26 w=7.4030859864e+36 Shat=3.9904000000e+01 Lhat=0.0000000000e+00
KNUTH_SUBTREE root=9604 depth=26 w=7.9948899953e+36 Shat=3.5128000000e+02 Lhat=0.0000000000e+00
KNUTH_SUBTREE root=9605 depth=26 w=4.8785446952e+36 Shat=5.9526160000e+03 Lhat=0.0000000000e+00
KNUTH_SUBTREE root=9606 depth=26 w=3.1022683400e+36 Shat=7.0960000000e+00 Lhat=0.0000000000e+00
KNUTH_SUBTREE root=9607 depth=26 w=7.6414031828e+35 Shat=1.0000000000e+01 Lhat=0.0000000000e+00
KNUTH_SUBTREE root=9608 depth=26 w=2.9211341562e+36 Shat=6.6011000000e+02 Lhat=0.0000000000e+00
KNUTH_SUBTREE root=9609 depth=26 w=7.7216795828e+35 Shat=2.1898000000e+01 Lhat=0.0000000000e+00
KNUTH_SUBTREE root=9610 depth=26 w=3.3999452248e+37 Shat=1.7855800000e+03 Lhat=0.0000000000e+00
KNUTH_SUBTREE root=9611 depth=26 w=9.2720030433e+33 Shat=7.0000000000e+00 Lhat=0.0000000000e+00
KNUTH_SUBTREE root=9612 depth=26 w=4.9279252637e+36 Shat=4.3758400000e+03 Lhat=0.0000000000e+00
KNUTH_SUBTREE root=9613 depth=26 w=9.2382216949e+36 Shat=6.3802400000e+02 Lhat=0.0000000000e+00
KNUTH_SUBTREE root=9614 depth=26 w=5.6103395274e+36 Shat=6.0096510000e+03 Lhat=0.0000000000e+00
KNUTH_SUBTREE root=9615 depth=26 w=9.1793538194e+36 Shat=1.3539440000e+03 Lhat=0.0000000000e+00
KNUTH_SUBTREE root=9616 depth=26 w=2.2085942980e+37 Shat=4.7570000000e+02 Lhat=0.0000000000e+00
KNUTH_SUBTREE root=9617 depth=26 w=2.2536945265e+37 Shat=1.5181400000e+03 Lhat=8.3040000000e+01
KNUTH_SUBTREE root=9618 depth=26 w=1.8120489151e+36 Shat=4.6240000000e+02 Lhat=0.0000000000e+00
KNUTH_SUBTREE root=9619 depth=26 w=5.4892898004e+35 Shat=1.0000000000e+00 Lhat=0.0000000000e+00
KNUTH_SUBTREE root=9620 depth=26 w=1.4870787834e+37 Shat=6.0000000000e+00 Lhat=0.0000000000e+00
KNUTH_SUBTREE root=9621 depth=26 w=2.1015495807e+37 Shat=3.3187440000e+03 Lhat=0.0000000000e+00
KNUTH_SUBTREE root=9622 depth=26 w=4.6289453923e+36 Shat=3.1366000000e+02 Lhat=0.0000000000e+00
KNUTH_SUBTREE root=9623 depth=26 w=3.5785839007e+36 Shat=1.5479400000e+03 Lhat=0.0000000000e+00
KNUTH_SUBTREE root=9624 depth=26 w=1.2226498357e+37 Shat=1.2033800000e+03 Lhat=0.0000000000e+00
KNUTH_SUBTREE root=9625 depth=26 w=9.2373554699e+36 Shat=1.3000000000e+01 Lhat=0.0000000000e+00
KNUTH_SUBTREE root=9626 depth=26 w=3.6764785467e+36 Shat=1.6183800000e+03 Lhat=0.0000000000e+00
KNUTH_SUBTREE root=9627 depth=26 w=3.6513211978e+36 Shat=2.2804700000e+03 Lhat=0.0000000000e+00
KNUTH_SUBTREE root=9628 depth=26 w=3.0139863799e+37 Shat=5.6136400000e+02 Lhat=0.0000000000e+00
KNUTH_SUBTREE root=9629 depth=26 w=6.9599810094e+36 Shat=4.2287400000e+03 Lhat=0.0000000000e+00
KNUTH_SUBTREE root=9630 depth=26 w=1.1083358189e+37 Shat=3.7166200000e+03 Lhat=0.0000000000e+00
KNUTH_SUBTREE root=9631 depth=26 w=5.0671722518e+36 Shat=4.5858000000e+02 Lhat=0.0000000000e+00
KNUTH_SUBTREE root=9632 depth=26 w=1.3999145645e+37 Shat=3.9232000000e+01 Lhat=0.0000000000e+00
KNUTH_SUBTREE root=9633 depth=26 w=2.8712396054e+37 Shat=5.0235400000e+03 Lhat=0.0000000000e+00
KNUTH_SUBTREE root=9634 depth=26 w=4.2618293372e+35 Shat=3.0136000000e+01 Lhat=0.0000000000e+00
KNUTH_SUBTREE root=9635 depth=26 w=3.4337555459e+36 Shat=9.1889200000e+02 Lhat=0.0000000000e+00
KNUTH_SUBTREE root=9636 depth=26 w=2.0725947331e+37 Shat=1.6436100000e+03 Lhat=0.0000000000e+00
KNUTH_SUBTREE root=9637 depth=26 w=5.2943077797e+35 Shat=8.3684000000e+01 Lhat=0.0000000000e+00
KNUTH_SUBTREE root=9638 depth=26 w=3.6032478732e+37 Shat=8.7486200000e+02 Lhat=0.0000000000e+00
KNUTH_SUBTREE root=9639 depth=26 w=1.2479393996e+36 Shat=1.3648300000e+02 Lhat=0.0000000000e+00
KNUTH_SUBTREE root=9640 depth=26 w=7.9213798224e+36 Shat=1.4563700000e+03 Lhat=0.0000000000e+00
KNUTH_SUBTREE root=9641 depth=26 w=3.4025429841e+36 Shat=1.5736600000e+03 Lhat=0.0000000000e+00
KNUTH_SUBTREE root=9642 depth=26 w=4.4923324340e+36 Shat=1.2240000000e+01 Lhat=0.0000000000e+00
KNUTH_SUBTREE root=9643 depth=26 w=1.2297623335e+36 Shat=4.8905000000e+01 Lhat=0.0000000000e+00
KNUTH_SUBTREE root=9644 depth=26 w=6.6848435255e+36 Shat=2.6104000000e+01 Lhat=0.0000000000e+00
KNUTH_SUBTREE root=9645 depth=26 w=1.0568817704e+37 Shat=1.1959000000e+03 Lhat=0.0000000000e+00
KNUTH_SUBTREE root=9646 depth=26 w=6.3187804534e+36 Shat=9.8007000000e+02 Lhat=0.0000000000e+00
KNUTH_SUBTREE root=9647 depth=26 w=1.8770784294e+36 Shat=1.8644800000e+03 Lhat=0.0000000000e+00
KNUTH_SUBTREE root=9648 depth=26 w=1.8354625301e+37 Shat=1.0952560000e+03 Lhat=0.0000000000e+00
KNUTH_SUBTREE root=9649 depth=26 w=2.0727225011e+36 Shat=2.2709600000e+03 Lhat=0.0000000000e+00
KNUTH_SUBTREE root=9650 depth=26 w=8.6894004171e+35 Shat=1.3000000000e+01 Lhat=0.0000000000e+00
KNUTH_SUBTREE root=9651 depth=26 w=3.5079113517e+36 Shat=4.2440200000e+02 Lhat=0.0000000000e+00
KNUTH_SUBTREE root=9652 depth=26 w=3.4652703163e+36 Shat=1.6435100000e+03 Lhat=0.0000000000e+00
KNUTH_SUBTREE root=9653 depth=26 w=2.1209322082e+36 Shat=2.7384000000e+02 Lhat=0.0000000000e+00
KNUTH_SUBTREE root=9654 depth=26 w=2.7623295425e+37 Shat=1.2381500000e+02 Lhat=0.0000000000e+00
KNUTH_SUBTREE root=9655 depth=26 w=1.7789109730e+36 Shat=1.5145000000e+01 Lhat=0.0000000000e+00
KNUTH_SUBTREE root=9656 depth=26 w=2.3520763017e+37 Shat=3.2406300000e+03 Lhat=0.0000000000e+00
KNUTH_SUBTREE root=9657 depth=26 w=2.2197896391e+36 Shat=7.5136000000e+01 Lhat=0.0000000000e+00
KNUTH_SUBTREE root=9658 depth=26 w=2.7209701423e+37 Shat=2.7393000000e+02 Lhat=0.0000000000e+00
KNUTH_SUBTREE root=9659 depth=26 w=1.8320471582e+37 Shat=4.3250200000e+02 Lhat=0.0000000000e+00
KNUTH_SUBTREE root=9660 depth=26 w=6.6507476886e+36 Shat=3.6826000000e+01 Lhat=0.0000000000e+00
KNUTH_SUBTREE root=9661 depth=26 w=5.9521970612e+36 Shat=3.2471320000e+03 Lhat=0.0000000000e+00
KNUTH_SUBTREE root=9662 depth=26 w=1.3686503618e+37 Shat=4.8528400000e+03 Lhat=0.0000000000e+00
KNUTH_SUBTREE root=9663 depth=26 w=5.0727734337e+36 Shat=1.1808400000e+03 Lhat=0.0000000000e+00
KNUTH_SUBTREE root=9664 depth=26 w=4.8723768337e+36 Shat=2.2297500000e+03 Lhat=0.0000000000e+00
KNUTH_SUBTREE root=9665 depth=26 w=1.6692959782e+37 Shat=7.0277000000e+02 Lhat=1.9840000000e+01
KNUTH_SUBTREE root=9666 depth=26 w=3.4298797936e+37 Shat=5.3675500000e+02 Lhat=0.0000000000e+00
KNUTH_SUBTREE root=9667 depth=26 w=2.4538287721e+36 Shat=8.0647000000e+02 Lhat=0.0000000000e+00
KNUTH_SUBTREE root=9668 depth=26 w=3.2970914326e+37 Shat=5.2144000000e+02 Lhat=0.0000000000e+00
KNUTH_SUBTREE root=9669 depth=26 w=1.7799773622e+37 Shat=7.5936000000e+03 Lhat=0.0000000000e+00
KNUTH_SUBTREE root=9670 depth=26 w=4.0448520231e+36 Shat=7.1469900000e+02 Lhat=0.0000000000e+00
KNUTH_SUBTREE root=9671 depth=26 w=1.8612019004e+36 Shat=7.9000000000e+01 Lhat=0.0000000000e+00
KNUTH_SUBTREE root=9672 depth=26 w=4.8613154934e+36 Shat=1.4330300000e+02 Lhat=0.0000000000e+00
KNUTH_SUBTREE root=9673 depth=26 w=1.6263466877e+37 Shat=4.0000000000e+01 Lhat=0.0000000000e+00
KNUTH_SUBTREE root=9674 depth=26 w=5.1848093641e+36 Shat=1.3000000000e+01 Lhat=0.0000000000e+00
KNUTH_SUBTREE root=9675 depth=26 w=1.0527423376e+36 Shat=3.0000000000e+00 Lhat=0.0000000000e+00
KNUTH_SUBTREE root=9676 depth=26 w=5.3671686364e+36 Shat=4.7365000000e+02 Lhat=0.0000000000e+00
KNUTH_SUBTREE root=9677 depth=26 w=2.5273527773e+37 Shat=1.4283640000e+03 Lhat=0.0000000000e+00
KNUTH_SUBTREE root=9678 depth=26 w=6.1813570871e+36 Shat=3.0000000000e+00 Lhat=0.0000000000e+00
KNUTH_SUBTREE root=9679 depth=26 w=2.7100013182e+37 Shat=3.9892000000e+03 Lhat=0.0000000000e+00
KNUTH_SUBTREE root=9680 depth=26 w=6.8713330338e+36 Shat=7.1774550000e+03 Lhat=0.0000000000e+00
KNUTH_SUBTREE root=9681 depth=26 w=3.6068980480e+36 Shat=2.5159100000e+03 Lhat=0.0000000000e+00
KNUTH_SUBTREE root=9682 depth=26 w=2.5185894603e+36 Shat=1.9096000000e+01 Lhat=0.0000000000e+00
KNUTH_SUBTREE root=9683 depth=26 w=3.2562199599e+37 Shat=1.2473470000e+03 Lhat=0.0000000000e+00
KNUTH_SUBTREE root=9684 depth=26 w=7.6431606324e+36 Shat=4.1992000000e+01 Lhat=0.0000000000e+00
KNUTH_SUBTREE root=9685 depth=26 w=9.1703664271e+35 Shat=8.8756000000e+01 Lhat=0.0000000000e+00
KNUTH_SUBTREE root=9686 depth=26 w=2.5182971504e+37 Shat=4.5250000000e+01 Lhat=0.0000000000e+00
KNUTH_SUBTREE root=9687 depth=26 w=3.4621138353e+34 Shat=4.0000000000e+00 Lhat=0.0000000000e+00
KNUTH_SUBTREE root=9688 depth=26 w=2.5205601930e+37 Shat=7.0956370000e+03 Lhat=8.0889600000e+02
KNUTH_SUBTREE root=9689 depth=26 w=2.5269348155e+37 Shat=2.6968000000e+01 Lhat=0.0000000000e+00
KNUTH_SUBTREE root=9690 depth=26 w=2.5249984490e+37 Shat=4.6255200000e+02 Lhat=0.0000000000e+00
KNUTH_SUBTREE root=9691 depth=26 w=3.7321412546e+36 Shat=9.9208900000e+02 Lhat=0.0000000000e+00
KNUTH_SUBTREE root=9692 depth=26 w=1.3030883684e+37 Shat=1.3000000000e+01 Lhat=0.0000000000e+00
KNUTH_SUBTREE root=9693 depth=26 w=3.2256057241e+37 Shat=1.5120500000e+02 Lhat=0.0000000000e+00
KNUTH_SUBTREE root=9694 depth=26 w=3.1292652666e+37 Shat=6.1229170000e+03 Lhat=0.0000000000e+00
KNUTH_SUBTREE root=9695 depth=26 w=3.1194101728e+37 Shat=4.8925280000e+03 Lhat=0.0000000000e+00
KNUTH_SUBTREE root=9696 depth=26 w=6.8915325510e+35 Shat=2.2880000000e+01 Lhat=0.0000000000e+00
KNUTH_SUBTREE root=9697 depth=26 w=1.8642252488e+36 Shat=7.0000000000e+00 Lhat=0.0000000000e+00
KNUTH_SUBTREE root=9698 depth=26 w=8.1573462273e+36 Shat=6.3248500000e+03 Lhat=0.0000000000e+00
KNUTH_SUBTREE root=9699 depth=26 w=2.4656411944e+37 Shat=1.9128000000e+02 Lhat=0.0000000000e+00
KNUTH_SUBTREE root=9700 depth=26 w=5.5183800412e+36 Shat=1.9420400000e+02 Lhat=0.0000000000e+00
KNUTH_SUBTREE root=9701 depth=26 w=3.2406749400e+37 Shat=1.4727300000e+03 Lhat=3.1600000000e+01
KNUTH_SUBTREE root=9702 depth=26 w=2.8894240926e+36 Shat=6.0720000000e+01 Lhat=0.0000000000e+00
KNUTH_SUBTREE root=9703 depth=26 w=2.2558381822e+37 Shat=3.3603640000e+03 Lhat=0.0000000000e+00
KNUTH_SUBTREE root=9704 depth=26 w=2.8799741361e+36 Shat=3.7069600000e+02 Lhat=0.0000000000e+00
KNUTH_SUBTREE root=9705 depth=26 w=4.8954672324e+36 Shat=2.4961300000e+03 Lhat=0.0000000000e+00
KNUTH_SUBTREE root=9706 depth=26 w=3.1543403855e+37 Shat=7.3842100000e+03 Lhat=0.0000000000e+00
KNUTH_SUBTREE root=9707 depth=26 w=2.6719205586e+36 Shat=1.0688360000e+03 Lhat=0.0000000000e+00
KNUTH_SUBTREE root=9708 depth=26 w=2.1049231349e+37 Shat=3.9884800000e+02 Lhat=0.0000000000e+00
KNUTH_SUBTREE root=9709 depth=26 w=2.0572780973e+37 Shat=3.1992000000e+01 Lhat=0.0000000000e+00
KNUTH_SUBTREE root=9710 depth=26 w=6.0161171820e+35 Shat=3.0000000000e+00 Lhat=0.0000000000e+00
KNUTH_SUBTREE root=9711 depth=26 w=5.5093419957e+36 Shat=1.5369400000e+03 Lhat=0.0000000000e+00
KNUTH_SUBTREE root=9712 depth=26 w=9.6144651911e+36 Shat=2.4086910000e+03 Lhat=0.0000000000e+00
KNUTH_SUBTREE root=9713 depth=26 w=2.8288308809e+37 Shat=3.0722200000e+03 Lhat=2.0448000000e+02
KNUTH_SUBTREE root=9714 depth=26 w=4.2230023528e+36 Shat=2.2336300000e+03 Lhat=0.0000000000e+00
KNUTH_SUBTREE root=9715 depth=26 w=2.6948107689e+37 Shat=1.5310800000e+02 Lhat=0.0000000000e+00
KNUTH_SUBTREE root=9716 depth=26 w=6.9396929322e+36 Shat=3.5664100000e+03 Lhat=0.0000000000e+00
KNUTH_SUBTREE root=9717 depth=26 w=2.9802931830e+37 Shat=5.3054800000e+03 Lhat=0.0000000000e+00
KNUTH_SUBTREE root=9718 depth=26 w=1.5150266993e+37 Shat=4.5285600000e+02 Lhat=0.0000000000e+00
KNUTH_SUBTREE root=9719 depth=26 w=3.4317279135e+37 Shat=1.4471110000e+03 Lhat=0.0000000000e+00
KNUTH_SUBTREE root=9720 depth=26 w=9.7682891080e+36 Shat=4.0000000000e+00 Lhat=0.0000000000e+00
KNUTH_SUBTREE root=9721 depth=26 w=5.1690795634e+36 Shat=7.8446200000e+02 Lhat=0.0000000000e+00
KNUTH_SUBTREE root=9722 depth=26 w=4.0163282611e+35 Shat=5.8918000000e+01 Lhat=0.0000000000e+00
KNUTH_SUBTREE root=9723 depth=26 w=8.4288073157e+36 Shat=4.9736050000e+03 Lhat=0.0000000000e+00
KNUTH_SUBTREE root=9724 depth=26 w=3.8376523383e+36 Shat=8.7434400000e+02 Lhat=0.0000000000e+00
KNUTH_SUBTREE root=9725 depth=26 w=3.0791093404e+37 Shat=2.3437200000e+03 Lhat=0.0000000000e+00
KNUTH_SUBTREE root=9726 depth=26 w=2.5934772673e+36 Shat=1.3849760000e+03 Lhat=0.0000000000e+00
KNUTH_SUBTREE root=9727 depth=26 w=9.2865602350e+36 Shat=8.8120000000e+02 Lhat=0.0000000000e+00
KNUTH_SUBTREE root=9728 depth=26 w=8.4136783338e+34 Shat=1.5016000000e+01 Lhat=0.0000000000e+00
KNUTH_SUBTREE root=9729 depth=26 w=9.4710472218e+36 Shat=5.7735400000e+02 Lhat=0.0000000000e+00
KNUTH_SUBTREE root=9730 depth=26 w=9.9882016307e+36 Shat=7.3647100000e+02 Lhat=0.0000000000e+00
KNUTH_SUBTREE root=9731 depth=26 w=2.5482473028e+36 Shat=3.1764000000e+01 Lhat=0.0000000000e+00
KNUTH_SUBTREE root=9732 depth=26 w=3.1198625967e+37 Shat=7.9312060000e+03 Lhat=0.0000000000e+00
KNUTH_SUBTREE root=9733 depth=26 w=1.9736150098e+37 Shat=1.9530600000e+03 Lhat=0.0000000000e+00
KNUTH_SUBTREE root=9734 depth=26 w=3.8456610241e+36 Shat=1.0282500000e+02 Lhat=0.0000000000e+00
KNUTH_SUBTREE root=9735 depth=26 w=1.4855575327e+37 Shat=1.4916160000e+03 Lhat=0.0000000000e+00
KNUTH_SUBTREE root=9736 depth=26 w=1.3077845315e+37 Shat=1.7970000000e+01 Lhat=0.0000000000e+00
KNUTH_SUBTREE root=9737 depth=26 w=1.0723469488e+36 Shat=2.8170000000e+01 Lhat=0.0000000000e+00
KNUTH_SUBTREE root=9738 depth=26 w=1.4146751801e+36 Shat=6.3300000000e+02 Lhat=0.0000000000e+00
KNUTH_SUBTREE root=9739 depth=26 w=4.4697837876e+35 Shat=7.6910000000e+01 Lhat=0.0000000000e+00
KNUTH_SUBTREE root=9740 depth=26 w=9.8828043279e+36 Shat=1.5208000000e+01 Lhat=0.0000000000e+00
KNUTH_SUBTREE root=9741 depth=26 w=9.9663653560e+36 Shat=3.8313210000e+03 Lhat=0.0000000000e+00
KNUTH_SUBTREE root=9742 depth=26 w=3.3052084911e+37 Shat=3.9413000000e+03 Lhat=0.0000000000e+00
KNUTH_SUBTREE root=9743 depth=26 w=5.2879277949e+36 Shat=4.5355000000e+01 Lhat=0.0000000000e+00
KNUTH_SUBTREE root=9744 depth=26 w=3.2189454742e+37 Shat=5.7143320000e+03 Lhat=0.0000000000e+00
KNUTH_SUBTREE root=9745 depth=26 w=2.1276138795e+37 Shat=6.4021000000e+02 Lhat=0.0000000000e+00
KNUTH_SUBTREE root=9746 depth=26 w=1.5339080267e+37 Shat=2.4726700000e+03 Lhat=0.0000000000e+00
KNUTH_SUBTREE root=9747 depth=26 w=1.0651286327e+37 Shat=7.9000000000e+01 Lhat=0.0000000000e+00
KNUTH_SUBTREE root=9748 depth=26 w=8.7961728004e+36 Shat=7.6860000000e+02 Lhat=0.0000000000e+00
KNUTH_SUBTREE root=9749 depth=26 w=2.1639709170e+37 Shat=5.7911200000e+02 Lhat=0.0000000000e+00
KNUTH_SUBTREE root=9750 depth=26 w=3.0127590567e+37 Shat=5.5222000000e+01 Lhat=0.0000000000e+00
KNUTH_SUBTREE root=9751 depth=26 w=2.6695564746e+36 Shat=4.5015000000e+02 Lhat=0.0000000000e+00
KNUTH_SUBTREE root=9752 depth=26 w=1.5193010392e+35 Shat=1.3835000000e+01 Lhat=0.0000000000e+00
KNUTH_SUBTREE root=9753 depth=26 w=5.8133562163e+36 Shat=2.6926960000e+03 Lhat=0.0000000000e+00
KNUTH_SUBTREE root=9754 depth=26 w=4.1205332813e+36 Shat=6.7184800000e+02 Lhat=0.0000000000e+00
KNUTH_SUBTREE root=9755 depth=26 w=1.7107105794e+37 Shat=5.9395000000e+02 Lhat=0.0000000000e+00
KNUTH_SUBTREE root=9756 depth=26 w=2.2408141679e+36 Shat=4.7643400000e+02 Lhat=0.0000000000e+00
KNUTH_SUBTREE root=9757 depth=26 w=1.6353464600e+37 Shat=1.6021000000e+02 Lhat=0.0000000000e+00
KNUTH_SUBTREE root=9758 depth=26 w=2.1643192909e+37 Shat=4.0986880000e+03 Lhat=0.0000000000e+00
KNUTH_SUBTREE root=9759 depth=26 w=2.1292830702e+37 Shat=1.0000000000e+01 Lhat=0.0000000000e+00
KNUTH_SUBTREE root=9760 depth=26 w=2.7652843040e+37 Shat=3.4183200000e+03 Lhat=0.0000000000e+00
KNUTH_SUBTREE root=9761 depth=26 w=1.1609732892e+37 Shat=1.0584960000e+03 Lhat=0.0000000000e+00
KNUTH_SUBTREE root=9762 depth=26 w=1.1708504450e+37 Shat=6.9628000000e+02 Lhat=0.0000000000e+00
KNUTH_SUBTREE root=9763 depth=26 w=1.3750370391e+37 Shat=8.9347600000e+02 Lhat=0.0000000000e+00
KNUTH_SUBTREE root=9764 depth=26 w=2.7530867583e+36 Shat=1.6740040000e+03 Lhat=0.0000000000e+00
KNUTH_SUBTREE root=9765 depth=26 w=2.7702259020e+37 Shat=5.7131440000e+03 Lhat=0.0000000000e+00
KNUTH_SUBTREE root=9766 depth=26 w=1.4842476767e+37 Shat=3.5197000000e+02 Lhat=0.0000000000e+00
KNUTH_SUBTREE root=9767 depth=26 w=4.8280838333e+36 Shat=2.5724300000e+03 Lhat=0.0000000000e+00
KNUTH_SUBTREE root=9768 depth=26 w=3.6906303701e+36 Shat=3.0000000000e+00 Lhat=0.0000000000e+00
KNUTH_SUBTREE root=9769 depth=26 w=9.3261951879e+36 Shat=1.8862000000e+01 Lhat=0.0000000000e+00
KNUTH_SUBTREE root=9770 depth=26 w=4.3317821246e+36 Shat=4.1472000000e+02 Lhat=0.0000000000e+00
KNUTH_SUBTREE root=9771 depth=26 w=1.2118605671e+36 Shat=7.9000000000e+01 Lhat=0.0000000000e+00
KNUTH_SUBTREE root=9772 depth=26 w=1.2684544778e+37 Shat=1.9922000000e+01 Lhat=0.0000000000e+00
KNUTH_SUBTREE root=9773 depth=26 w=6.2933473094e+36 Shat=7.9000000000e+01 Lhat=0.0000000000e+00
KNUTH_SUBTREE root=9774 depth=26 w=1.4887596312e+34 Shat=3.0000000000e+00 Lhat=0.0000000000e+00
KNUTH_SUBTREE root=9775 depth=26 w=5.5652992824e+36 Shat=4.7471680000e+03 Lhat=0.0000000000e+00
KNUTH_SUBTREE root=9776 depth=26 w=9.9273282988e+36 Shat=1.8875110000e+03 Lhat=0.0000000000e+00
KNUTH_SUBTREE root=9777 depth=26 w=1.5168928059e+37 Shat=2.9741520000e+03 Lhat=0.0000000000e+00
KNUTH_SUBTREE root=9778 depth=26 w=3.5640523619e+37 Shat=1.2670840000e+03 Lhat=0.0000000000e+00
KNUTH_SUBTREE root=9779 depth=26 w=4.2509910639e+36 Shat=1.3364400000e+03 Lhat=9.9904000000e+01
KNUTH_SUBTREE root=9780 depth=26 w=5.4112606450e+36 Shat=1.3293100000e+03 Lhat=0.0000000000e+00
KNUTH_SUBTREE root=9781 depth=26 w=1.0667211392e+37 Shat=3.0000000000e+00 Lhat=0.0000000000e+00
KNUTH_SUBTREE root=9782 depth=26 w=3.4812030726e+36 Shat=3.0340900000e+02 Lhat=0.0000000000e+00
KNUTH_SUBTREE root=9783 depth=26 w=3.7319582730e+36 Shat=4.5386500000e+03 Lhat=0.0000000000e+00
KNUTH_SUBTREE root=9784 depth=26 w=7.6453326708e+36 Shat=9.2890500000e+02 Lhat=0.0000000000e+00
KNUTH_SUBTREE root=9785 depth=26 w=1.1699834884e+37 Shat=7.6099200000e+02 Lhat=0.0000000000e+00
KNUTH_SUBTREE root=9786 depth=26 w=2.1052038561e+37 Shat=7.2788100000e+03 Lhat=0.0000000000e+00
KNUTH_SUBTREE root=9787 depth=26 w=6.1159222499e+36 Shat=2.2684000000e+02 Lhat=0.0000000000e+00
KNUTH_SUBTREE root=9788 depth=26 w=5.3193414112e+36 Shat=5.6986000000e+01 Lhat=0.0000000000e+00
KNUTH_SUBTREE root=9789 depth=26 w=1.0332517837e+37 Shat=2.7364060000e+03 Lhat=0.0000000000e+00
KNUTH_SUBTREE root=9790 depth=26 w=1.7851541829e+37 Shat=7.0000000000e+00 Lhat=0.0000000000e+00
KNUTH_SUBTREE root=9791 depth=26 w=4.6372211963e+36 Shat=3.0899800000e+03 Lhat=0.0000000000e+00
KNUTH_SUBTREE root=9792 depth=26 w=1.8230994795e+36 Shat=5.2702000000e+01 Lhat=0.0000000000e+00
KNUTH_SUBTREE root=9793 depth=26 w=2.3468877330e+37 Shat=3.0000000000e+00 Lhat=0.0000000000e+00
KNUTH_SUBTREE root=9794 depth=26 w=4.3076144456e+36 Shat=4.7208000000e+02 Lhat=0.0000000000e+00
KNUTH_SUBTREE root=9795 depth=26 w=1.7171793420e+37 Shat=4.9000000000e+01 Lhat=0.0000000000e+00
KNUTH_SUBTREE root=9796 depth=26 w=2.1426053417e+36 Shat=1.9460000000e+01 Lhat=0.0000000000e+00
KNUTH_SUBTREE root=9797 depth=26 w=8.8466178220e+35 Shat=1.9108000000e+01 Lhat=0.0000000000e+00
KNUTH_SUBTREE root=9798 depth=26 w=1.0118007182e+37 Shat=5.4109000000e+02 Lhat=0.0000000000e+00
KNUTH_SUBTREE root=9799 depth=26 w=5.9127954697e+36 Shat=3.1751270000e+03 Lhat=0.0000000000e+00
KNUTH_SUBTREE root=9800 depth=26 w=1.0461242403e+37 Shat=4.2929690000e+03 Lhat=0.0000000000e+00
KNUTH_SUBTREE root=9801 depth=26 w=6.1087349402e+36 Shat=9.1995200000e+02 Lhat=0.0000000000e+00
KNUTH_SUBTREE root=9802 depth=26 w=1.2515906155e+37 Shat=1.4085400000e+03 Lhat=0.0000000000e+00
KNUTH_SUBTREE root=9803 depth=26 w=6.1806510625e+35 Shat=1.4023000000e+01 Lhat=0.0000000000e+00
KNUTH_SUBTREE root=9804 depth=26 w=3.5099326111e+36 Shat=2.0755900000e+02 Lhat=0.0000000000e+00
KNUTH_SUBTREE root=9805 depth=26 w=2.4180960177e+37 Shat=3.3034160000e+03 Lhat=0.0000000000e+00
KNUTH_SUBTREE root=9806 depth=26 w=1.8711651935e+37 Shat=2.0038000000e+01 Lhat=0.0000000000e+00
KNUTH_SUBTREE root=9807 depth=26 w=3.4459683383e+36 Shat=1.4750320000e+03 Lhat=0.0000000000e+00
KNUTH_SUBTREE root=9808 depth=26 w=8.7194172107e+36 Shat=3.4190200000e+02 Lhat=0.0000000000e+00
KNUTH_SUBTREE root=9809 depth=26 w=1.6859844040e+37 Shat=1.7663140000e+03 Lhat=0.0000000000e+00
KNUTH_SUBTREE root=9810 depth=26 w=2.3116820154e+36 Shat=1.4002000000e+01 Lhat=0.0000000000e+00
KNUTH_SUBTREE root=9811 depth=26 w=2.3205663453e+36 Shat=7.6754200000e+02 Lhat=0.0000000000e+00
KNUTH_SUBTREE root=9812 depth=26 w=2.8233194854e+36 Shat=2.3176000000e+01 Lhat=0.0000000000e+00
KNUTH_SUBTREE root=9813 depth=26 w=3.8132314118e+36 Shat=2.4065000000e+01 Lhat=0.0000000000e+00
KNUTH_SUBTREE root=9814 depth=26 w=2.3235007181e+37 Shat=1.8228000000e+02 Lhat=0.0000000000e+00
KNUTH_SUBTREE root=9815 depth=26 w=3.2622221448e+36 Shat=5.1792200000e+03 Lhat=1.1000000000e+02
KNUTH_SUBTREE root=9816 depth=26 w=3.3473816277e+37 Shat=4.6266400000e+03 Lhat=0.0000000000e+00
KNUTH_SUBTREE root=9817 depth=26 w=1.3447461392e+36 Shat=1.6000000000e+01 Lhat=0.0000000000e+00
KNUTH_SUBTREE root=9818 depth=26 w=6.4128400056e+36 Shat=1.1126680000e+03 Lhat=0.0000000000e+00
KNUTH_SUBTREE root=9819 depth=26 w=2.2551891398e+37 Shat=1.2573400000e+03 Lhat=0.0000000000e+00
KNUTH_SUBTREE root=9820 depth=26 w=4.9786028852e+36 Shat=8.0204500000e+02 Lhat=0.0000000000e+00
KNUTH_SUBTREE root=9821 depth=26 w=3.1443387201e+37 Shat=9.4395000000e+02 Lhat=0.0000000000e+00
KNUTH_SUBTREE root=9822 depth=26 w=6.9297064434e+36 Shat=4.1000000000e+01 Lhat=0.0000000000e+00
KNUTH_SUBTREE root=9823 depth=26 w=2.6815042860e+37 Shat=1.0927280000e+03 Lhat=0.0000000000e+00
KNUTH_SUBTREE root=9824 depth=26 w=2.6887222753e+37 Shat=6.5085800000e+03 Lhat=0.0000000000e+00
KNUTH_SUBTREE root=9825 depth=26 w=5.5250846961e+36 Shat=1.6048360000e+03 Lhat=0.0000000000e+00
KNUTH_SUBTREE root=9826 depth=26 w=1.5548877793e+37 Shat=1.9536560000e+03 Lhat=0.0000000000e+00
KNUTH_SUBTREE root=9827 depth=26 w=6.1720569419e+36 Shat=2.9224000000e+01 Lhat=0.0000000000e+00
KNUTH_SUBTREE root=9828 depth=26 w=2.5817889395e+37 Shat=2.4574720000e+03 Lhat=0.0000000000e+00
KNUTH_SUBTREE root=9829 depth=26 w=3.0050205272e+37 Shat=7.3072000000e+01 Lhat=0.0000000000e+00
KNUTH_SUBTREE root=9830 depth=26 w=3.1487568885e+36 Shat=1.3000000000e+01 Lhat=0.0000000000e+00
KNUTH_SUBTREE root=9831 depth=26 w=2.7725117629e+36 Shat=2.4030000000e+01 Lhat=0.0000000000e+00
KNUTH_SUBTREE root=9832 depth=26 w=1.6397911145e+36 Shat=1.0621860000e+03 Lhat=0.0000000000e+00
KNUTH_SUBTREE root=9833 depth=26 w=1.0143024581e+37 Shat=1.3034000000e+03 Lhat=0.0000000000e+00
KNUTH_SUBTREE root=9834 depth=26 w=1.7929327817e+36 Shat=2.9902000000e+01 Lhat=0.0000000000e+00
KNUTH_SUBTREE root=9835 depth=26 w=2.8962042839e+36 Shat=1.8426340000e+03 Lhat=0.0000000000e+00
KNUTH_SUBTREE root=9836 depth=26 w=6.7792943316e+35 Shat=1.0021000000e+01 Lhat=0.0000000000e+00
KNUTH_SUBTREE root=9837 depth=26 w=1.2826690449e+37 Shat=5.9872800000e+02 Lhat=0.0000000000e+00
KNUTH_SUBTREE root=9838 depth=26 w=3.1094006049e+37 Shat=2.7115650000e+03 Lhat=0.0000000000e+00
KNUTH_SUBTREE root=9839 depth=26 w=3.2793017812e+37 Shat=6.3557880000e+03 Lhat=4.6362800000e+02
KNUTH_SUBTREE root=9840 depth=26 w=4.3480579240e+36 Shat=7.8642000000e+02 Lhat=0.0000000000e+00
KNUTH_SUBTREE root=9841 depth=26 w=3.7087092903e+36 Shat=2.1486040000e+03 Lhat=0.0000000000e+00
KNUTH_SUBTREE root=9842 depth=26 w=1.2122240115e+37 Shat=3.8519500000e+02 Lhat=0.0000000000e+00
KNUTH_SUBTREE root=9843 depth=26 w=7.9521333604e+35 Shat=1.5097000000e+02 Lhat=0.0000000000e+00
KNUTH_SUBTREE root=9844 depth=26 w=7.6513245811e+35 Shat=4.0204000000e+01 Lhat=0.0000000000e+00
KNUTH_SUBTREE root=9845 depth=26 w=2.9678272768e+37 Shat=2.3656200000e+03 Lhat=0.0000000000e+00
KNUTH_SUBTREE root=9846 depth=26 w=1.1388795555e+36 Shat=2.0848000000e+01 Lhat=0.0000000000e+00
KNUTH_SUBTREE root=9847 depth=26 w=6.9549216689e+36 Shat=1.7998700000e+03 Lhat=0.0000000000e+00
KNUTH_SUBTREE root=9848 depth=26 w=3.3052605548e+36 Shat=4.0718000000e+02 Lhat=0.0000000000e+00
KNUTH_SUBTREE root=9849 depth=26 w=1.8014067519e+36 Shat=3.2144800000e+02 Lhat=0.0000000000e+00
KNUTH_SUBTREE root=9850 depth=26 w=2.7682329616e+37 Shat=4.5680800000e+02 Lhat=0.0000000000e+00
KNUTH_SUBTREE root=9851 depth=26 w=5.8953810916e+36 Shat=3.7569500000e+03 Lhat=1.6396600000e+02
KNUTH_SUBTREE root=9852 depth=26 w=6.4099568019e+36 Shat=8.4919780000e+03 Lhat=0.0000000000e+00
KNUTH_SUBTREE root=9853 depth=26 w=2.7878329030e+37 Shat=1.0078528000e+04 Lhat=0.0000000000e+00
KNUTH_SUBTREE root=9854 depth=26 w=1.1924638486e+37 Shat=1.1621440000e+03 Lhat=0.0000000000e+00
KNUTH_SUBTREE root=9855 depth=26 w=1.6147682299e+37 Shat=2.3141080000e+03 Lhat=0.0000000000e+00
KNUTH_SUBTREE root=9856 depth=26 w=1.2772152103e+37 Shat=3.5208100000e+03 Lhat=0.0000000000e+00
KNUTH_SUBTREE root=9857 depth=26 w=7.3077733769e+36 Shat=3.2202910000e+03 Lhat=0.0000000000e+00
KNUTH_SUBTREE root=9858 depth=26 w=1.0094648579e+37 Shat=6.2368800000e+03 Lhat=0.0000000000e+00
KNUTH_SUBTREE root=9859 depth=26 w=5.3485699618e+36 Shat=3.5828090000e+03 Lhat=0.0000000000e+00
KNUTH_SUBTREE root=9860 depth=26 w=7.4284887889e+35 Shat=3.0000000000e+00 Lhat=0.0000000000e+00
KNUTH_SUBTREE root=9861 depth=26 w=2.2135587428e+37 Shat=1.7112880000e+03 Lhat=0.0000000000e+00
KNUTH_SUBTREE root=9862 depth=26 w=7.5300369603e+36 Shat=4.2688000000e+02 Lhat=0.0000000000e+00
KNUTH_SUBTREE root=9863 depth=26 w=3.3483093978e+37 Shat=2.1040000000e+01 Lhat=0.0000000000e+00
KNUTH_SUBTREE root=9864 depth=26 w=1.9637214025e+37 Shat=4.5888960000e+03 Lhat=0.0000000000e+00
KNUTH_SUBTREE root=9865 depth=26 w=3.0666443026e+37 Shat=3.6184160000e+03 Lhat=0.0000000000e+00
KNUTH_SUBTREE root=9866 depth=26 w=3.2194221722e+37 Shat=1.0652400000e+03 Lhat=0.0000000000e+00
KNUTH_SUBTREE root=9867 depth=26 w=1.1248627914e+37 Shat=1.6775280000e+03 Lhat=0.0000000000e+00
KNUTH_SUBTREE root=9868 depth=26 w=1.5513553814e+37 Shat=2.8195000000e+02 Lhat=0.0000000000e+00
KNUTH_SUBTREE root=9869 depth=26 w=1.2563941482e+37 Shat=9.3378000000e+02 Lhat=0.0000000000e+00
KNUTH_SUBTREE root=9870 depth=26 w=2.9034040285e+37 Shat=1.9254000000e+02 Lhat=0.0000000000e+00
KNUTH_SUBTREE root=9871 depth=26 w=3.8683197870e+36 Shat=2.1568000000e+03 Lhat=0.0000000000e+00
KNUTH_SUBTREE root=9872 depth=26 w=5.2910453974e+36 Shat=7.7271000000e+02 Lhat=0.0000000000e+00
KNUTH_SUBTREE root=9873 depth=26 w=6.4661255497e+36 Shat=1.1783980000e+03 Lhat=0.0000000000e+00
KNUTH_SUBTREE root=9874 depth=26 w=1.3201588246e+37 Shat=2.4711200000e+02 Lhat=0.0000000000e+00
KNUTH_SUBTREE root=9875 depth=26 w=1.1269769201e+37 Shat=1.3000000000e+01 Lhat=0.0000000000e+00
KNUTH_SUBTREE root=9876 depth=26 w=3.0866365768e+36 Shat=4.0080000000e+00 Lhat=0.0000000000e+00
KNUTH_SUBTREE root=9877 depth=26 w=1.4453019910e+36 Shat=1.0164000000e+02 Lhat=0.0000000000e+00
KNUTH_SUBTREE root=9878 depth=26 w=1.3480670403e+37 Shat=2.6800660000e+03 Lhat=0.0000000000e+00
KNUTH_SUBTREE root=9879 depth=26 w=7.3105104076e+36 Shat=1.0614000000e+02 Lhat=0.0000000000e+00
KNUTH_SUBTREE root=9880 depth=26 w=2.4558077717e+36 Shat=1.5000000000e+01 Lhat=0.0000000000e+00
KNUTH_SUBTREE root=9881 depth=26 w=2.9446211731e+36 Shat=1.0000000000e+00 Lhat=0.0000000000e+00
KNUTH_SUBTREE root=9882 depth=26 w=1.7360727167e+37 Shat=8.1935600000e+02 Lhat=0.0000000000e+00
KNUTH_SUBTREE root=9883 depth=26 w=8.6400467389e+36 Shat=6.2770000000e+03 Lhat=0.0000000000e+00
KNUTH_SUBTREE root=9884 depth=26 w=2.7264390392e+37 Shat=4.0917280000e+03 Lhat=0.0000000000e+00
KNUTH_SUBTREE root=9885 depth=26 w=3.6901977786e+37 Shat=7.0694000000e+02 Lhat=0.0000000000e+00
KNUTH_SUBTREE root=9886 depth=26 w=6.1744878866e+36 Shat=4.6562550000e+03 Lhat=0.0000000000e+00
KNUTH_SUBTREE root=9887 depth=26 w=1.3833506736e+37 Shat=7.9000000000e+01 Lhat=0.0000000000e+00
KNUTH_SUBTREE root=9888 depth=26 w=1.1112462985e+36 Shat=1.0496800000e+02 Lhat=0.0000000000e+00
KNUTH_SUBTREE root=9889 depth=26 w=2.4120832141e+37 Shat=3.8977040000e+03 Lhat=0.0000000000e+00
KNUTH_SUBTREE root=9890 depth=26 w=3.2502200648e+37 Shat=1.0202140000e+04 Lhat=0.0000000000e+00
KNUTH_SUBTREE root=9891 depth=26 w=2.9901267344e+36 Shat=2.1341120000e+03 Lhat=1.4409600000e+02
KNUTH_SUBTREE root=9892 depth=26 w=4.4982730448e+36 Shat=1.9850000000e+01 Lhat=0.0000000000e+00
KNUTH_SUBTREE root=9893 depth=26 w=3.1521103280e+36 Shat=2.1434000000e+03 Lhat=0.0000000000e+00
KNUTH_SUBTREE root=9894 depth=26 w=7.5019975852e+36 Shat=3.8970000000e+01 Lhat=0.0000000000e+00
KNUTH_SUBTREE root=9895 depth=26 w=4.8699030705e+36 Shat=1.2068650000e+03 Lhat=0.0000000000e+00
KNUTH_SUBTREE root=9896 depth=26 w=7.7342592682e+36 Shat=2.8062750000e+03 Lhat=0.0000000000e+00
KNUTH_SUBTREE root=9897 depth=26 w=5.5789971759e+36 Shat=1.0848000000e+02 Lhat=0.0000000000e+00
KNUTH_SUBTREE root=9898 depth=26 w=8.0110324257e+36 Shat=9.0754000000e+01 Lhat=0.0000000000e+00
KNUTH_SUBTREE root=9899 depth=26 w=5.8566376585e+36 Shat=5.7320000000e+01 Lhat=0.0000000000e+00
KNUTH_SUBTREE root=9900 depth=26 w=4.1840854102e+36 Shat=3.6003610000e+03 Lhat=0.0000000000e+00
KNUTH_SUBTREE root=9901 depth=26 w=2.8838163929e+37 Shat=6.2146000000e+02 Lhat=0.0000000000e+00
KNUTH_SUBTREE root=9902 depth=26 w=2.6493201365e+36 Shat=3.9600000000e+02 Lhat=0.0000000000e+00
KNUTH_SUBTREE root=9903 depth=26 w=1.1334525632e+37 Shat=1.8286080000e+03 Lhat=0.0000000000e+00
KNUTH_SUBTREE root=9904 depth=26 w=4.7954637209e+36 Shat=5.8676400000e+03 Lhat=0.0000000000e+00
KNUTH_SUBTREE root=9905 depth=26 w=9.1704547363e+36 Shat=9.7976550000e+03 Lhat=0.0000000000e+00
KNUTH_SUBTREE root=9906 depth=26 w=2.7744466645e+36 Shat=1.0000000000e+01 Lhat=0.0000000000e+00
KNUTH_SUBTREE root=9907 depth=26 w=2.9827989540e+37 Shat=7.4361000000e+02 Lhat=0.0000000000e+00
KNUTH_SUBTREE root=9908 depth=26 w=2.8117508516e+35 Shat=2.1156000000e+01 Lhat=0.0000000000e+00
KNUTH_SUBTREE root=9909 depth=26 w=8.7205642845e+36 Shat=3.6500000000e+01 Lhat=0.0000000000e+00
KNUTH_SUBTREE root=9910 depth=26 w=6.4956671119e+36 Shat=2.2151200000e+03 Lhat=0.0000000000e+00
KNUTH_SUBTREE root=9911 depth=26 w=2.2523128740e+36 Shat=2.2449890000e+03 Lhat=0.0000000000e+00
KNUTH_SUBTREE root=9912 depth=26 w=2.1344318551e+37 Shat=1.0610080000e+03 Lhat=0.0000000000e+00
KNUTH_SUBTREE root=9913 depth=26 w=1.7956581901e+37 Shat=7.9809000000e+02 Lhat=0.0000000000e+00
KNUTH_SUBTREE root=9914 depth=26 w=1.2805478343e+37 Shat=4.5765600000e+02 Lhat=0.0000000000e+00
KNUTH_SUBTREE root=9915 depth=26 w=6.1691916619e+36 Shat=1.4466200000e+03 Lhat=0.0000000000e+00
KNUTH_SUBTREE root=9916 depth=26 w=2.4092747625e+37 Shat=1.9805300000e+03 Lhat=0.0000000000e+00
KNUTH_SUBTREE root=9917 depth=26 w=1.5122249797e+36 Shat=7.6216000000e+01 Lhat=0.0000000000e+00
KNUTH_SUBTREE root=9918 depth=26 w=6.0461978605e+36 Shat=1.0343800000e+02 Lhat=0.0000000000e+00
KNUTH_SUBTREE root=9919 depth=26 w=9.8684075049e+36 Shat=6.8452000000e+01 Lhat=0.0000000000e+00
KNUTH_SUBTREE root=9920 depth=26 w=1.9202067390e+37 Shat=1.4403830000e+03 Lhat=0.0000000000e+00
KNUTH_SUBTREE root=9921 depth=26 w=2.8988175175e+37 Shat=3.1409920000e+03 Lhat=0.0000000000e+00
KNUTH_SUBTREE root=9922 depth=26 w=2.9919226527e+37 Shat=1.4601600000e+02 Lhat=0.0000000000e+00
KNUTH_SUBTREE root=9923 depth=26 w=1.0441597280e+37 Shat=2.1368000000e+02 Lhat=0.0000000000e+00
KNUTH_SUBTREE root=9924 depth=26 w=2.4746395787e+37 Shat=1.6462600000e+03 Lhat=0.0000000000e+00
KNUTH_SUBTREE root=9925 depth=26 w=1.4268856763e+37 Shat=5.7057320000e+03 Lhat=0.0000000000e+00
KNUTH_SUBTREE root=9926 depth=26 w=2.3594716350e+36 Shat=2.2715600000e+03 Lhat=0.0000000000e+00
KNUTH_SUBTREE root=9927 depth=26 w=6.5273630666e+34 Shat=8.0160000000e+00 Lhat=0.0000000000e+00
KNUTH_SUBTREE root=9928 depth=26 w=1.2032974304e+37 Shat=3.4047400000e+02 Lhat=0.0000000000e+00
KNUTH_SUBTREE root=9929 depth=26 w=6.5088542796e+36 Shat=1.7137600000e+02 Lhat=1.1304000000e+01
KNUTH_SUBTREE root=9930 depth=26 w=3.6260485947e+36 Shat=1.9136000000e+02 Lhat=0.0000000000e+00
KNUTH_SUBTREE root=9931 depth=26 w=1.2178484734e+37 Shat=2.0402500000e+03 Lhat=0.0000000000e+00
KNUTH_SUBTREE root=9932 depth=26 w=2.4129280670e+37 Shat=1.9128680000e+03 Lhat=0.0000000000e+00
KNUTH_SUBTREE root=9933 depth=26 w=2.6160414481e+37 Shat=4.3336000000e+01 Lhat=0.0000000000e+00
KNUTH_SUBTREE root=9934 depth=26 w=3.0895081184e+37 Shat=4.8970900000e+02 Lhat=0.0000000000e+00
KNUTH_SUBTREE root=9935 depth=26 w=8.9472033612e+36 Shat=7.9000000000e+01 Lhat=0.0000000000e+00
KNUTH_SUBTREE root=9936 depth=26 w=2.0995154907e+37 Shat=1.4674540000e+03 Lhat=0.0000000000e+00
KNUTH_SUBTREE root=9937 depth=26 w=7.0512826205e+36 Shat=5.8547700000e+03 Lhat=0.0000000000e+00
KNUTH_SUBTREE root=9938 depth=26 w=3.9748945209e+36 Shat=2.4796000000e+01 Lhat=0.0000000000e+00
KNUTH_SUBTREE root=9939 depth=26 w=3.5176629956e+36 Shat=3.8901500000e+03 Lhat=0.0000000000e+00
KNUTH_SUBTREE root=9940 depth=26 w=2.5744973538e+36 Shat=3.4116400000e+03 Lhat=0.0000000000e+00
KNUTH_SUBTREE root=9941 depth=26 w=2.0945888824e+36 Shat=4.1348000000e+02 Lhat=0.0000000000e+00
KNUTH_SUBTREE root=9942 depth=26 w=1.2027484462e+37 Shat=1.8459200000e+03 Lhat=0.0000000000e+00
KNUTH_SUBTREE root=9943 depth=26 w=3.1814586703e+36 Shat=1.8790600000e+03 Lhat=0.0000000000e+00
KNUTH_SUBTREE root=9944 depth=26 w=3.8213348346e+36 Shat=7.9000000000e+01 Lhat=0.0000000000e+00
KNUTH_SUBTREE root=9945 depth=26 w=2.4343697562e+37 Shat=4.9969360000e+03 Lhat=0.0000000000e+00
KNUTH_SUBTREE root=9946 depth=26 w=2.5004752534e+37 Shat=6.7727700000e+02 Lhat=0.0000000000e+00
KNUTH_SUBTREE root=9947 depth=26 w=8.7331120224e+35 Shat=5.0000000000e+00 Lhat=0.0000000000e+00
KNUTH_SUBTREE root=9948 depth=26 w=7.8584203625e+35 Shat=5.3000000000e+01 Lhat=0.0000000000e+00
KNUTH_SUBTREE root=9949 depth=26 w=7.5050237935e+36 Shat=6.9537900000e+03 Lhat=0.0000000000e+00
KNUTH_SUBTREE root=9950 depth=26 w=1.9074268942e+37 Shat=1.9936000000e+02 Lhat=0.0000000000e+00
KNUTH_SUBTREE root=9951 depth=26 w=3.6460367241e+37 Shat=3.7884500000e+03 Lhat=0.0000000000e+00
KNUTH_SUBTREE root=9952 depth=26 w=1.0424196654e+37 Shat=6.3300000000e+02 Lhat=0.0000000000e+00
KNUTH_SUBTREE root=9953 depth=26 w=2.9306254450e+36 Shat=1.5107250000e+03 Lhat=0.0000000000e+00
KNUTH_SUBTREE root=9954 depth=26 w=1.1832287886e+37 Shat=2.5373800000e+03 Lhat=0.0000000000e+00
KNUTH_SUBTREE root=9955 depth=26 w=2.7615347921e+35 Shat=7.0000000000e+00 Lhat=0.0000000000e+00
KNUTH_SUBTREE root=9956 depth=26 w=3.8248812208e+37 Shat=1.9530400000e+03 Lhat=0.0000000000e+00
KNUTH_SUBTREE root=9957 depth=26 w=2.1520310747e+36 Shat=2.8292000000e+01 Lhat=0.0000000000e+00
KNUTH_SUBTREE root=9958 depth=26 w=7.3062520183e+36 Shat=2.1798300000e+03 Lhat=0.0000000000e+00
KNUTH_SUBTREE root=9959 depth=26 w=4.9798926426e+36 Shat=2.5594400000e+02 Lhat=0.0000000000e+00
KNUTH_SUBTREE root=9960 depth=26 w=4.2181901369e+36 Shat=2.7920620000e+03 Lhat=0.0000000000e+00
KNUTH_SUBTREE root=9961 depth=26 w=2.7958468369e+36 Shat=5.3454400000e+02 Lhat=0.0000000000e+00
KNUTH_SUBTREE root=9962 depth=26 w=3.4152589688e+36 Shat=1.5064000000e+01 Lhat=0.0000000000e+00
KNUTH_SUBTREE root=9963 depth=26 w=2.2753707838e+37 Shat=3.6948000000e+02 Lhat=0.0000000000e+00
KNUTH_SUBTREE root=9964 depth=26 w=1.3982586151e+37 Shat=1.9933640000e+03 Lhat=0.0000000000e+00
KNUTH_SUBTREE root=9965 depth=26 w=8.8623754890e+36 Shat=7.3288000000e+01 Lhat=0.0000000000e+00
KNUTH_SUBTREE root=9966 depth=26 w=2.8641594425e+36 Shat=2.3935000000e+01 Lhat=0.0000000000e+00
KNUTH_SUBTREE root=9967 depth=26 w=1.8395634756e+37 Shat=5.2910500000e+03 Lhat=0.0000000000e+00
KNUTH_SUBTREE root=9968 depth=26 w=2.3599227210e+37 Shat=1.1318560000e+03 Lhat=0.0000000000e+00
KNUTH_SUBTREE root=9969 depth=26 w=2.9900871551e+36 Shat=1.2153890000e+03 Lhat=0.0000000000e+00
KNUTH_SUBTREE root=9970 depth=26 w=2.7493064586e+37 Shat=4.7109910000e+03 Lhat=0.0000000000e+00
KNUTH_SUBTREE root=9971 depth=26 w=5.5214334983e+36 Shat=2.8228800000e+03 Lhat=5.5680000000e+01
KNUTH_SUBTREE root=9972 depth=26 w=9.8168740587e+36 Shat=3.9357900000e+03 Lhat=2.5496000000e+02
KNUTH_SUBTREE root=9973 depth=26 w=4.2401925770e+34 Shat=1.0000000000e+00 Lhat=0.0000000000e+00
KNUTH_SUBTREE root=9974 depth=26 w=4.1373557798e+36 Shat=1.4137800000e+02 Lhat=0.0000000000e+00
KNUTH_SUBTREE root=9975 depth=26 w=2.4473423771e+37 Shat=3.8690700000e+03 Lhat=0.0000000000e+00
KNUTH_SUBTREE root=9976 depth=26 w=5.9608735020e+36 Shat=1.4116900000e+03 Lhat=0.0000000000e+00
KNUTH_SUBTREE root=9977 depth=26 w=3.2621019094e+36 Shat=7.2056800000e+02 Lhat=0.0000000000e+00
KNUTH_SUBTREE root=9978 depth=26 w=1.8078097799e+37 Shat=6.0735970000e+03 Lhat=0.0000000000e+00
KNUTH_SUBTREE root=9979 depth=26 w=1.7302169208e+36 Shat=3.7463000000e+02 Lhat=0.0000000000e+00
KNUTH_SUBTREE root=9980 depth=26 w=2.0220510616e+36 Shat=8.0760000000e+01 Lhat=0.0000000000e+00
KNUTH_SUBTREE root=9981 depth=26 w=3.2289738171e+36 Shat=2.5917000000e+02 Lhat=0.0000000000e+00
KNUTH_SUBTREE root=9982 depth=26 w=3.2955738643e+36 Shat=1.1299300000e+02 Lhat=0.0000000000e+00
KNUTH_SUBTREE root=9983 depth=26 w=3.0492160215e+37 Shat=1.8507270000e+03 Lhat=0.0000000000e+00
KNUTH_SUBTREE root=9984 depth=26 w=4.4838619536e+36 Shat=2.5031680000e+03 Lhat=0.0000000000e+00
KNUTH_SUBTREE root=9985 depth=26 w=3.3071298059e+36 Shat=1.8442700000e+03 Lhat=0.0000000000e+00
KNUTH_SUBTREE root=9986 depth=26 w=1.2203851314e+37 Shat=1.3616740000e+03 Lhat=0.0000000000e+00
KNUTH_SUBTREE root=9987 depth=26 w=2.9433957802e+37 Shat=2.9203600000e+02 Lhat=0.0000000000e+00
KNUTH_SUBTREE root=9988 depth=26 w=1.7128236983e+36 Shat=1.3000000000e+01 Lhat=0.0000000000e+00
KNUTH_SUBTREE root=9989 depth=26 w=1.4260567108e+37 Shat=6.9084800000e+02 Lhat=0.0000000000e+00
KNUTH_SUBTREE root=9990 depth=26 w=5.5570158935e+36 Shat=3.3753100000e+03 Lhat=1.0012800000e+02
KNUTH_SUBTREE root=9991 depth=26 w=4.9625122443e+36 Shat=1.9172500000e+03 Lhat=0.0000000000e+00
KNUTH_SUBTREE root=9992 depth=26 w=2.1276547612e+36 Shat=1.2420520000e+03 Lhat=0.0000000000e+00
KNUTH_SUBTREE root=9993 depth=26 w=3.4583208905e+37 Shat=1.4422840000e+03 Lhat=0.0000000000e+00
KNUTH_SUBTREE root=9994 depth=26 w=6.3838511779e+36 Shat=1.3000000000e+01 Lhat=0.0000000000e+00
KNUTH_SUBTREE root=9995 depth=26 w=3.8286232887e+36 Shat=1.3000000000e+01 Lhat=0.0000000000e+00
KNUTH_SUBTREE root=9996 depth=26 w=1.9587619853e+37 Shat=1.9281800000e+03 Lhat=0.0000000000e+00
KNUTH_SUBTREE root=9997 depth=26 w=1.1896596674e+37 Shat=4.4525530000e+03 Lhat=0.0000000000e+00
KNUTH_SUBTREE root=9998 depth=26 w=2.3802926376e+37 Shat=2.8752560000e+03 Lhat=0.0000000000e+00
KNUTH_SUBTREE root=9999 depth=26 w=2.8679626760e+37 Shat=1.1859400000e+02 Lhat=0.0000000000e+00
