KNUTH-ESTIMATE probes=20000000000 threads=32 start_step=1 prefix_levels=0
  tree_nodes            : est=2.087500e+40  95%CI=[2.0874e+40, 2.0876e+40]  relerr=0.00%  hitrate=1
  leaves_C1C2C4C5       : est=1.097079e+39  95%CI=[1.0969e+39, 1.0973e+39]  relerr=0.01%  hitrate=0.0144
  leaves_canonical_C1C5 : est=1.328702e+38  95%CI=[1.3280e+38, 1.3294e+38]  relerr=0.03%  hitrate=0.0018
  [score] R-C1 final-pair-anchor  : 0.078447 of canonical mass
  [score] R-C2 first7-level-cover : 0.120316 of canonical mass
  [score] R-C5 18:18-HEC-split    : 0.364265 of canonical mass
  [score] R-M1 Moore-parity strict : 0.000005 of canonical mass (18/18; KW itself FAILS this)
  [score] R-M1 Moore-parity >=16/18: 0.000734 of canonical mass (KW level)
  [score] R-M1 max compliance seen : 18 of 18 (Moore-2005 precursor existence bound)
  [score] R-M2 Moore-1989 R/F <=2 breaks: 0.038507 of canonical mass (KW level)
  [score] R-M2 strict 0 breaks     : 0.000626 of canonical mass; min breaks seen = 0 (KW = 2)
  [score] Moore joint (M1>=16 & M2<=2): 0.00001853 of canonical mass (independence: 0.00002825)
  [score] R-C3 level-3 positions == KW : 0.00000000 | S-gap pattern anywhere: 0.00010872 (Cook 2006)
  [score] R-C4 gender/valence <=2 viol : 0.000088 | 0 viol: 0.000000 (Cook 2006)
  [score] Davis palindrome windows >=1 : 0.504429 | >=2 (KW level): 0.142541 (Davis 2012)
  [score] Pareto-dominates KW          : 0.00000004 of canonical mass (F4-A)
  [score] wrap-distance mass d(s63,s0)  : d1=0.174586 d3=0.651668 d5=0.173746 (odd-only per theorem; circular-C2 price = d5 mass)
f11_hist 0 1 16 1.2633961162e-08
f11_hist 0 2 11 3.3913043360e-09
f11_hist 0 2 18 3.5063342475e-08
f11_hist 0 3 8 1.5774875643e-07
f11_hist 0 3 12 1.0579645591e-07
f11_hist 0 3 13 3.7390306172e-08
f11_hist 0 3 15 2.1523219065e-09
f11_hist 0 3 19 3.9737129762e-09
f11_hist 0 3 20 3.2828013398e-08
f11_hist 0 3 22 1.7443202877e-08
f11_hist 0 4 3 5.9791530975e-08
f11_hist 0 4 4 1.3473134339e-08
f11_hist 0 4 6 3.6360054769e-08
f11_hist 0 4 7 2.3215225963e-08
f11_hist 0 4 8 2.8237325428e-08
f11_hist 0 4 9 2.3332038605e-08
f11_hist 0 4 11 5.4853582944e-09
f11_hist 0 4 12 3.9698575744e-08
f11_hist 0 4 14 7.5265299291e-09
f11_hist 0 4 15 5.2459439788e-08
f11_hist 0 4 16 1.3017620206e-07
f11_hist 0 4 17 7.3066823773e-09
f11_hist 0 4 19 8.6351950568e-09
f11_hist 0 4 20 1.0956084117e-08
f11_hist 0 5 6 1.9750654048e-07
f11_hist 0 5 7 1.2124331794e-08
f11_hist 0 5 8 1.1010557174e-08
f11_hist 0 5 9 1.5950472461e-09
f11_hist 0 5 10 5.9328123001e-08
f11_hist 0 5 11 1.0335141930e-08
f11_hist 0 5 12 1.5107928679e-07
f11_hist 0 5 13 6.8451063724e-08
f11_hist 0 5 14 1.4143688811e-07
f11_hist 0 5 15 8.5972684147e-08
f11_hist 0 5 16 3.2970127051e-08
f11_hist 0 5 17 6.0101081740e-08
f11_hist 0 5 19 5.3883837750e-08
f11_hist 0 5 20 1.0673900369e-07
f11_hist 0 6 2 8.1195574847e-08
f11_hist 0 6 3 1.1490920952e-09
f11_hist 0 6 4 7.7682978161e-09
f11_hist 0 6 5 9.6839400143e-09
f11_hist 0 6 6 8.0385492171e-08
f11_hist 0 6 7 3.6054102907e-08
f11_hist 0 6 8 4.4178658008e-08
f11_hist 0 6 9 3.1830075983e-07
f11_hist 0 6 10 1.5514164549e-08
f11_hist 0 6 13 1.1722512117e-07
f11_hist 0 6 14 8.8539621975e-08
f11_hist 0 6 15 3.0918004419e-08
f11_hist 0 6 16 3.3713208502e-08
f11_hist 0 6 17 1.1935547939e-07
f11_hist 0 6 19 1.5955874812e-08
f11_hist 0 6 20 2.3593877098e-08
f11_hist 0 6 22 1.4870064436e-08
f11_hist 0 7 2 3.0026826395e-08
f11_hist 0 7 4 4.2238027523e-08
f11_hist 0 7 6 1.1125344848e-08
f11_hist 0 7 7 1.1482333314e-08
f11_hist 0 7 8 3.2023261493e-09
f11_hist 0 7 9 1.2998059140e-07
f11_hist 0 7 10 1.6283330875e-07
f11_hist 0 7 11 7.5304364039e-09
f11_hist 0 7 12 2.2306361553e-08
f11_hist 0 7 13 4.2999549893e-08
f11_hist 0 7 14 7.8204807948e-08
f11_hist 0 7 15 4.4927682613e-08
f11_hist 0 7 16 9.6707125584e-08
f11_hist 0 7 17 2.1393034075e-09
f11_hist 0 7 18 5.5027700885e-08
f11_hist 0 8 3 1.8052400076e-07
f11_hist 0 8 5 4.4960668322e-08
f11_hist 0 8 6 1.4778112652e-08
f11_hist 0 8 7 1.5131502111e-07
f11_hist 0 8 8 8.6046978894e-08
f11_hist 0 8 9 1.2343422470e-08
f11_hist 0 8 10 1.6638971482e-08
f11_hist 0 8 13 4.1173464831e-08
f11_hist 0 8 14 3.5730667540e-09
f11_hist 0 8 15 1.3302750121e-07
f11_hist 0 8 16 3.9479801650e-08
f11_hist 0 8 19 3.3874391469e-08
f11_hist 0 8 23 2.6308771628e-08
f11_hist 0 9 4 3.7588263174e-09
f11_hist 0 9 6 4.6041881259e-09
f11_hist 0 9 12 2.5018549807e-08
f11_hist 0 9 13 4.9909505021e-09
f11_hist 0 9 17 3.7244210903e-08
f11_hist 0 9 20 5.2127721462e-09
f11_hist 0 10 6 3.8571470134e-09
f11_hist 0 10 8 1.0256099743e-08
f11_hist 0 10 10 1.6010574430e-09
f11_hist 1 0 11 1.5195227457e-08
f11_hist 1 1 0 4.1291082539e-09
f11_hist 1 1 5 3.2681440379e-09
f11_hist 1 1 7 1.0520263439e-08
f11_hist 1 1 9 1.4092920472e-08
f11_hist 1 1 11 3.0940035146e-08
f11_hist 1 1 14 3.7925726813e-08
f11_hist 1 1 15 2.9253435581e-09
f11_hist 1 1 16 5.0269390349e-08
f11_hist 1 2 4 2.1212318294e-09
f11_hist 1 2 5 1.6861128669e-08
f11_hist 1 2 6 3.3636199568e-08
f11_hist 1 2 7 5.3353860717e-08
f11_hist 1 2 8 1.9190689070e-08
f11_hist 1 2 9 4.6460136652e-08
f11_hist 1 2 10 3.0584080402e-09
f11_hist 1 2 11 1.2049700650e-07
f11_hist 1 2 12 1.2871774150e-07
f11_hist 1 2 13 6.2225503469e-08
f11_hist 1 2 14 1.1759869389e-07
f11_hist 1 2 15 1.2172533676e-08
f11_hist 1 2 16 2.6254828643e-07
f11_hist 1 2 17 2.0077879349e-08
f11_hist 1 2 18 1.6929466089e-08
f11_hist 1 2 19 2.1747895441e-07
f11_hist 1 2 20 1.1073466107e-07
f11_hist 1 3 1 8.3503451397e-09
f11_hist 1 3 2 4.1600557287e-08
f11_hist 1 3 3 3.7525295828e-08
f11_hist 1 3 4 5.0261334226e-08
f11_hist 1 3 5 1.7261193079e-07
f11_hist 1 3 6 1.5936461278e-07
f11_hist 1 3 7 3.0947886836e-07
f11_hist 1 3 8 6.5922815215e-07
f11_hist 1 3 9 2.3926545955e-07
f11_hist 1 3 10 6.9739374466e-07
f11_hist 1 3 11 5.3922622179e-07
f11_hist 1 3 12 3.9891991649e-07
f11_hist 1 3 13 5.2392569010e-07
f11_hist 1 3 14 4.3534916610e-07
f11_hist 1 3 15 7.0699369805e-07
f11_hist 1 3 16 2.9566109882e-07
f11_hist 1 3 17 7.0996797785e-07
f11_hist 1 3 18 3.3121208480e-07
f11_hist 1 3 19 3.5362328296e-08
f11_hist 1 3 20 6.2126752543e-08
f11_hist 1 3 21 6.6871033772e-08
f11_hist 1 4 1 2.5804901062e-09
f11_hist 1 4 3 9.0385070499e-08
f11_hist 1 4 4 1.4252434770e-07
f11_hist 1 4 5 4.1202934669e-07
f11_hist 1 4 6 3.0921709108e-07
f11_hist 1 4 7 2.6779003350e-07
f11_hist 1 4 8 6.6522027555e-07
f11_hist 1 4 9 1.2808976148e-06
f11_hist 1 4 10 4.9506900613e-07
f11_hist 1 4 11 1.4959085855e-06
f11_hist 1 4 12 5.8052377251e-07
f11_hist 1 4 13 1.2491377970e-06
f11_hist 1 4 14 6.1602828716e-07
f11_hist 1 4 15 9.9487822816e-07
f11_hist 1 4 16 8.0096292636e-07
f11_hist 1 4 17 6.8026493893e-07
f11_hist 1 4 18 2.7812088129e-07
f11_hist 1 4 19 2.2580936356e-07
f11_hist 1 4 20 1.7614182400e-07
f11_hist 1 4 21 1.3270117560e-07
f11_hist 1 4 22 3.8626619095e-08
f11_hist 1 4 23 4.9209438477e-09
f11_hist 1 5 2 2.1386849045e-08
f11_hist 1 5 3 1.4490232894e-07
f11_hist 1 5 4 1.9645256219e-07
f11_hist 1 5 5 6.1178926921e-07
f11_hist 1 5 6 8.4303427749e-07
f11_hist 1 5 7 1.1148754290e-06
f11_hist 1 5 8 1.6310660172e-06
f11_hist 1 5 9 1.1387034999e-06
f11_hist 1 5 10 1.1791002737e-06
f11_hist 1 5 11 1.5795568415e-06
f11_hist 1 5 12 1.5834814742e-06
f11_hist 1 5 13 7.2192212174e-07
f11_hist 1 5 14 1.7672114449e-06
f11_hist 1 5 15 1.0428943495e-06
f11_hist 1 5 16 7.4632220641e-07
f11_hist 1 5 17 1.1478913688e-06
f11_hist 1 5 18 4.9140200385e-07
f11_hist 1 5 19 6.9856934784e-07
f11_hist 1 5 20 2.8445584124e-07
f11_hist 1 5 21 9.4390186975e-08
f11_hist 1 5 22 5.6668253365e-08
f11_hist 1 5 23 3.4606620283e-09
f11_hist 1 6 1 4.2800496131e-09
f11_hist 1 6 2 1.2756094263e-08
f11_hist 1 6 3 1.0540499950e-07
f11_hist 1 6 4 4.1469502596e-07
f11_hist 1 6 5 5.0081341631e-07
f11_hist 1 6 6 8.0286433617e-07
f11_hist 1 6 7 7.7907389838e-07
f11_hist 1 6 8 8.6780654397e-07
f11_hist 1 6 9 8.4268365852e-07
f11_hist 1 6 10 1.3655354415e-06
f11_hist 1 6 11 1.3767033682e-06
f11_hist 1 6 12 1.4673913244e-06
f11_hist 1 6 13 1.2675122298e-06
f11_hist 1 6 14 1.1416938520e-06
f11_hist 1 6 15 1.0339522279e-06
f11_hist 1 6 16 1.0121499093e-06
f11_hist 1 6 17 1.9545964349e-06
f11_hist 1 6 18 5.0498772103e-07
f11_hist 1 6 19 8.5355446605e-07
f11_hist 1 6 20 2.5474471818e-07
f11_hist 1 6 21 1.3086408730e-07
f11_hist 1 6 22 1.3655004719e-07
f11_hist 1 6 23 7.3174496008e-08
f11_hist 1 7 1 2.1112227913e-08
f11_hist 1 7 2 4.4792844057e-08
f11_hist 1 7 3 9.2581716799e-08
f11_hist 1 7 4 3.4483266922e-07
f11_hist 1 7 5 4.2902289593e-07
f11_hist 1 7 6 9.6926052754e-07
f11_hist 1 7 7 1.1285931139e-06
f11_hist 1 7 8 8.4792096530e-07
f11_hist 1 7 9 6.1888156564e-07
f11_hist 1 7 10 1.5860764043e-06
f11_hist 1 7 11 9.1874645587e-07
f11_hist 1 7 12 1.1156826388e-06
f11_hist 1 7 13 4.6897428126e-07
f11_hist 1 7 14 1.2513862563e-06
f11_hist 1 7 15 7.1284421893e-07
f11_hist 1 7 16 8.9343659189e-07
f11_hist 1 7 17 4.0714738082e-07
f11_hist 1 7 18 8.2660626326e-07
f11_hist 1 7 19 4.3293894168e-07
f11_hist 1 7 20 2.5695440155e-07
f11_hist 1 7 21 4.9375731026e-07
f11_hist 1 7 22 6.2594359263e-08
f11_hist 1 7 23 1.4484704439e-10
f11_hist 1 8 2 1.0463356422e-07
f11_hist 1 8 3 1.2216314858e-07
f11_hist 1 8 4 5.7352725003e-08
f11_hist 1 8 5 2.7745430812e-07
f11_hist 1 8 6 3.0576364556e-07
f11_hist 1 8 7 6.0008686562e-07
f11_hist 1 8 8 4.7961779528e-07
f11_hist 1 8 9 3.3596830536e-07
f11_hist 1 8 10 2.9103315930e-07
f11_hist 1 8 11 4.7276451106e-07
f11_hist 1 8 12 6.8076651472e-07
f11_hist 1 8 13 4.0417997809e-07
f11_hist 1 8 14 1.1307360914e-06
f11_hist 1 8 15 7.0287736074e-07
f11_hist 1 8 16 4.9711196936e-07
f11_hist 1 8 17 5.4111339616e-07
f11_hist 1 8 18 1.2920858788e-07
f11_hist 1 8 19 2.0511253501e-07
f11_hist 1 8 20 1.7414737025e-07
f11_hist 1 8 21 3.1156499763e-08
f11_hist 1 8 22 6.4133920805e-08
f11_hist 1 8 23 1.8973816851e-08
f11_hist 1 9 2 1.8183084378e-08
f11_hist 1 9 3 7.9873655592e-09
f11_hist 1 9 4 8.6153203492e-09
f11_hist 1 9 5 1.0192555216e-07
f11_hist 1 9 6 1.0571787419e-07
f11_hist 1 9 7 1.9561744452e-07
f11_hist 1 9 8 4.7998904649e-07
f11_hist 1 9 9 2.2069123019e-07
f11_hist 1 9 10 9.6534467546e-08
f11_hist 1 9 11 1.3877442592e-07
f11_hist 1 9 12 4.0432758846e-07
f11_hist 1 9 13 1.3387293430e-07
f11_hist 1 9 14 1.4077211473e-07
f11_hist 1 9 15 1.2023826036e-07
f11_hist 1 9 16 1.7025252364e-07
f11_hist 1 9 17 3.1858027125e-07
f11_hist 1 9 18 4.8885723543e-08
f11_hist 1 9 19 3.1755377046e-08
f11_hist 1 9 20 1.4382638480e-08
f11_hist 1 9 21 2.9609554624e-07
f11_hist 1 9 23 9.6453854306e-09
f11_hist 1 10 3 3.3784433248e-08
f11_hist 1 10 5 9.8132068755e-09
f11_hist 1 10 7 1.3532503316e-09
f11_hist 1 10 8 4.2852881955e-08
f11_hist 1 10 9 3.2770015392e-09
f11_hist 1 10 10 5.7169844193e-08
f11_hist 1 10 11 3.9677393598e-08
f11_hist 1 10 12 3.1556278980e-08
f11_hist 1 10 13 2.6078017624e-08
f11_hist 1 10 14 2.7762525623e-08
f11_hist 1 10 15 9.3393922836e-08
f11_hist 1 10 16 4.6279385339e-08
f11_hist 1 10 17 5.5913344827e-08
f11_hist 1 10 18 5.9389313583e-08
f11_hist 1 11 5 5.7370025789e-09
f11_hist 1 11 9 5.7310509673e-09
f11_hist 1 11 10 2.7486008744e-08
f11_hist 1 11 12 2.8679876752e-08
f11_hist 1 11 13 7.3994351427e-08
f11_hist 1 11 16 3.1197755751e-09
f11_hist 1 11 18 3.7074512007e-08
f11_hist 1 12 12 2.7699554435e-09
f11_hist 2 0 10 1.3141126314e-08
f11_hist 2 0 11 3.6381167258e-08
f11_hist 2 0 12 1.4716192376e-07
f11_hist 2 0 13 4.1547920256e-08
f11_hist 2 0 16 2.3125664293e-09
f11_hist 2 0 17 3.3409154123e-08
f11_hist 2 0 19 3.4094918390e-09
f11_hist 2 1 1 2.9255247935e-08
f11_hist 2 1 4 5.0470240153e-08
f11_hist 2 1 5 2.5833845150e-08
f11_hist 2 1 6 2.5301227496e-08
f11_hist 2 1 7 6.4459084898e-08
f11_hist 2 1 8 2.3598469912e-07
f11_hist 2 1 9 4.1683653902e-07
f11_hist 2 1 10 4.0990301147e-07
f11_hist 2 1 11 1.5265824454e-07
f11_hist 2 1 12 4.0962907114e-07
f11_hist 2 1 13 2.2719880794e-07
f11_hist 2 1 14 9.5498580677e-08
f11_hist 2 1 15 3.2532979600e-07
f11_hist 2 1 16 7.9923138249e-08
f11_hist 2 1 17 1.2294587104e-07
f11_hist 2 1 18 1.7486967873e-07
f11_hist 2 1 19 1.9239076003e-08
f11_hist 2 1 20 7.6058935067e-09
f11_hist 2 2 2 1.9811187523e-08
f11_hist 2 2 3 6.5684536116e-08
f11_hist 2 2 4 2.8500346112e-07
f11_hist 2 2 5 3.4479729501e-07
f11_hist 2 2 6 3.0619160987e-07
f11_hist 2 2 7 1.1055332351e-06
f11_hist 2 2 8 1.0927403302e-06
f11_hist 2 2 9 1.0101227463e-06
f11_hist 2 2 10 1.0548525611e-06
f11_hist 2 2 11 8.9985990261e-07
f11_hist 2 2 12 1.1965444933e-06
f11_hist 2 2 13 1.2036889608e-06
f11_hist 2 2 14 1.8431968657e-06
f11_hist 2 2 15 1.1634413734e-06
f11_hist 2 2 16 7.5520577735e-07
f11_hist 2 2 17 5.4270101928e-07
f11_hist 2 2 18 5.4065837680e-07
f11_hist 2 2 19 2.4143070884e-07
f11_hist 2 2 20 1.9478549990e-07
f11_hist 2 2 22 5.2336866674e-08
f11_hist 2 3 1 6.4617586022e-08
f11_hist 2 3 2 1.4226981280e-07
f11_hist 2 3 3 1.7262214017e-07
f11_hist 2 3 4 9.1940349143e-07
f11_hist 2 3 5 9.8057209792e-07
f11_hist 2 3 6 1.6877753443e-06
f11_hist 2 3 7 1.4976883105e-06
f11_hist 2 3 8 4.1044053222e-06
f11_hist 2 3 9 4.2901487675e-06
f11_hist 2 3 10 3.7378043607e-06
f11_hist 2 3 11 4.6501465971e-06
f11_hist 2 3 12 4.8616472111e-06
f11_hist 2 3 13 4.0680559497e-06
f11_hist 2 3 14 3.8487831235e-06
f11_hist 2 3 15 2.9521298579e-06
f11_hist 2 3 16 3.9931462422e-06
f11_hist 2 3 17 2.6977680961e-06
f11_hist 2 3 18 1.6417914172e-06
f11_hist 2 3 19 1.3869807650e-06
f11_hist 2 3 20 5.3427855503e-07
f11_hist 2 3 21 7.7885166004e-07
f11_hist 2 3 22 1.5578382993e-07
f11_hist 2 3 23 5.1282133267e-08
f11_hist 2 4 1 3.5880115331e-08
f11_hist 2 4 2 1.8434947829e-07
f11_hist 2 4 3 2.0552248383e-07
f11_hist 2 4 4 1.3918760273e-06
f11_hist 2 4 5 2.4857573978e-06
f11_hist 2 4 6 3.6228729164e-06
f11_hist 2 4 7 5.0708826614e-06
f11_hist 2 4 8 6.0226578744e-06
f11_hist 2 4 9 7.4790959136e-06
f11_hist 2 4 10 8.3256431856e-06
f11_hist 2 4 11 7.8179932585e-06
f11_hist 2 4 12 9.5548773847e-06
f11_hist 2 4 13 8.4890886470e-06
f11_hist 2 4 14 6.8092414041e-06
f11_hist 2 4 15 7.0189152883e-06
f11_hist 2 4 16 7.4154782271e-06
f11_hist 2 4 17 5.0570111046e-06
f11_hist 2 4 18 4.2670813834e-06
f11_hist 2 4 19 2.2947809299e-06
f11_hist 2 4 20 1.5294733526e-06
f11_hist 2 4 21 4.3926447064e-07
f11_hist 2 4 22 3.9447865917e-07
f11_hist 2 4 23 2.9066594078e-08
f11_hist 2 5 2 2.2004272808e-07
f11_hist 2 5 3 1.3591184904e-06
f11_hist 2 5 4 1.6177639951e-06
f11_hist 2 5 5 3.1800168130e-06
f11_hist 2 5 6 5.6262599168e-06
f11_hist 2 5 7 7.0422055196e-06
f11_hist 2 5 8 8.4491356290e-06
f11_hist 2 5 9 1.1217342163e-05
f11_hist 2 5 10 1.0443893420e-05
f11_hist 2 5 11 1.3098154985e-05
f11_hist 2 5 12 1.2228652040e-05
f11_hist 2 5 13 1.2037502485e-05
f11_hist 2 5 14 9.8302123283e-06
f11_hist 2 5 15 1.0454123443e-05
f11_hist 2 5 16 1.0294689380e-05
f11_hist 2 5 17 8.8198011930e-06
f11_hist 2 5 18 5.3377312396e-06
f11_hist 2 5 19 4.7044684322e-06
f11_hist 2 5 20 1.9437209108e-06
f11_hist 2 5 21 7.4376422126e-07
f11_hist 2 5 22 2.8213027504e-07
f11_hist 2 5 23 1.7250007994e-07
f11_hist 2 5 24 9.7390602000e-09
f11_hist 2 6 1 4.5510002419e-09
f11_hist 2 6 2 5.2351854458e-07
f11_hist 2 6 3 1.0556856096e-06
f11_hist 2 6 4 2.1118020701e-06
f11_hist 2 6 5 3.5591602783e-06
f11_hist 2 6 6 5.2509092078e-06
f11_hist 2 6 7 8.1530782303e-06
f11_hist 2 6 8 1.0025872499e-05
f11_hist 2 6 9 1.1454456704e-05
f11_hist 2 6 10 1.4241160322e-05
f11_hist 2 6 11 1.1395995286e-05
f11_hist 2 6 12 1.2075826172e-05
f11_hist 2 6 13 1.1535966725e-05
f11_hist 2 6 14 1.2435037983e-05
f11_hist 2 6 15 1.1706877860e-05
f11_hist 2 6 16 1.0451750792e-05
f11_hist 2 6 17 8.2778854094e-06
f11_hist 2 6 18 5.9018220866e-06
f11_hist 2 6 19 4.0335712243e-06
f11_hist 2 6 20 3.6367567616e-06
f11_hist 2 6 21 8.7503118577e-07
f11_hist 2 6 22 7.5369298675e-07
f11_hist 2 7 1 7.0934580349e-08
f11_hist 2 7 2 6.1696704091e-07
f11_hist 2 7 3 9.2182871339e-07
f11_hist 2 7 4 1.6635265552e-06
f11_hist 2 7 5 3.5515006124e-06
f11_hist 2 7 6 4.5103422533e-06
f11_hist 2 7 7 4.8073968441e-06
f11_hist 2 7 8 7.4639283434e-06
f11_hist 2 7 9 7.6769958845e-06
f11_hist 2 7 10 8.5852111726e-06
f11_hist 2 7 11 1.0683428917e-05
f11_hist 2 7 12 9.0524506959e-06
f11_hist 2 7 13 8.2225945117e-06
f11_hist 2 7 14 9.6585996515e-06
f11_hist 2 7 15 8.0465871832e-06
f11_hist 2 7 16 7.2073343855e-06
f11_hist 2 7 17 5.6435165972e-06
f11_hist 2 7 18 4.8632053110e-06
f11_hist 2 7 19 2.9344369637e-06
f11_hist 2 7 20 1.6469964059e-06
f11_hist 2 7 21 9.3202518096e-07
f11_hist 2 7 22 2.4238691833e-07
f11_hist 2 7 23 1.9612204922e-07
f11_hist 2 8 2 1.2123877862e-08
f11_hist 2 8 3 3.0434622589e-07
f11_hist 2 8 4 6.8721933019e-07
f11_hist 2 8 5 1.7318029155e-06
f11_hist 2 8 6 2.4273282890e-06
f11_hist 2 8 7 2.4153220417e-06
f11_hist 2 8 8 4.1760440762e-06
f11_hist 2 8 9 4.2682749385e-06
f11_hist 2 8 10 4.0631755576e-06
f11_hist 2 8 11 4.6719347128e-06
f11_hist 2 8 12 4.8711206422e-06
f11_hist 2 8 13 6.1779277794e-06
f11_hist 2 8 14 5.3720033374e-06
f11_hist 2 8 15 4.3377172737e-06
f11_hist 2 8 16 3.7038605192e-06
f11_hist 2 8 17 3.4122304227e-06
f11_hist 2 8 18 2.7960471214e-06
f11_hist 2 8 19 1.4668796461e-06
f11_hist 2 8 20 1.1262331670e-06
f11_hist 2 8 21 8.1730827794e-07
f11_hist 2 8 22 7.3413051188e-07
f11_hist 2 8 23 2.1708574840e-08
f11_hist 2 9 2 2.6065186228e-07
f11_hist 2 9 3 8.8333283665e-08
f11_hist 2 9 4 3.9947680380e-07
f11_hist 2 9 5 4.3617583264e-07
f11_hist 2 9 6 8.7420558818e-07
f11_hist 2 9 7 1.3799445947e-06
f11_hist 2 9 8 1.8136291012e-06
f11_hist 2 9 9 1.7953328547e-06
f11_hist 2 9 10 1.4143317618e-06
f11_hist 2 9 11 2.1225364471e-06
f11_hist 2 9 12 2.3082128415e-06
f11_hist 2 9 13 1.3274246465e-06
f11_hist 2 9 14 1.6133603548e-06
f11_hist 2 9 15 1.6957088097e-06
f11_hist 2 9 16 9.3267954916e-07
f11_hist 2 9 17 1.5288506641e-06
f11_hist 2 9 18 1.2844695344e-06
f11_hist 2 9 19 5.1945148602e-07
f11_hist 2 9 20 3.7254410562e-07
f11_hist 2 9 21 1.0265560770e-07
f11_hist 2 9 22 1.6511333489e-07
f11_hist 2 10 2 1.1809319448e-07
f11_hist 2 10 3 8.7546224150e-08
f11_hist 2 10 4 5.7898256269e-08
f11_hist 2 10 5 2.6179677092e-07
f11_hist 2 10 6 3.3173880135e-07
f11_hist 2 10 7 4.4676905780e-07
f11_hist 2 10 8 6.5801653619e-07
f11_hist 2 10 9 7.1546523643e-07
f11_hist 2 10 10 3.8495968470e-07
f11_hist 2 10 11 6.0744483071e-07
f11_hist 2 10 12 4.9045294143e-07
f11_hist 2 10 13 4.6526197546e-07
f11_hist 2 10 14 8.7427031551e-07
f11_hist 2 10 15 2.9186127951e-07
f11_hist 2 10 16 5.1256818043e-07
f11_hist 2 10 17 3.5118942122e-07
f11_hist 2 10 18 4.6685669377e-07
f11_hist 2 10 19 1.4822963391e-07
f11_hist 2 10 20 1.9619875680e-07
f11_hist 2 10 21 1.2963725791e-08
f11_hist 2 10 22 9.9478875628e-08
f11_hist 2 11 3 1.1696099680e-08
f11_hist 2 11 4 6.1448618993e-09
f11_hist 2 11 5 2.6955496645e-08
f11_hist 2 11 6 8.1075219824e-08
f11_hist 2 11 7 2.5799729429e-08
f11_hist 2 11 8 4.8621441019e-08
f11_hist 2 11 9 8.4652481569e-08
f11_hist 2 11 10 1.2110393714e-07
f11_hist 2 11 11 7.5553044081e-08
f11_hist 2 11 12 4.1612366199e-08
f11_hist 2 11 13 9.0769497426e-08
f11_hist 2 11 14 1.0351438037e-07
f11_hist 2 11 15 1.7585370707e-07
f11_hist 2 11 16 2.8029137545e-09
f11_hist 2 11 17 7.1070005626e-08
f11_hist 2 11 18 1.1562426685e-08
f11_hist 2 11 19 3.2421281504e-09
f11_hist 2 11 20 1.7445043286e-07
f11_hist 2 11 21 1.6451747418e-07
f11_hist 2 11 22 7.7554179917e-09
f11_hist 2 12 4 8.5091882674e-08
f11_hist 2 12 6 1.4590913561e-09
f11_hist 2 12 7 2.5025606765e-09
f11_hist 2 12 11 7.1251224535e-09
f11_hist 2 12 14 7.3298061205e-09
f11_hist 2 12 15 3.5866078927e-09
f11_hist 2 12 19 5.8379289526e-09
f11_hist 2 13 7 2.1406781088e-10
f11_hist 2 13 14 1.6174649074e-08
f11_hist 3 0 3 3.5200913688e-09
f11_hist 3 0 6 5.5519535998e-08
f11_hist 3 0 7 3.1492731019e-09
f11_hist 3 0 8 7.7959339236e-08
f11_hist 3 0 9 3.6379060619e-08
f11_hist 3 0 10 9.9195638784e-08
f11_hist 3 0 11 1.1602370742e-07
f11_hist 3 0 12 1.9886325312e-07
f11_hist 3 0 13 1.4409456621e-07
f11_hist 3 0 14 1.8081647087e-07
f11_hist 3 0 15 1.0029461343e-07
f11_hist 3 0 16 2.1493295023e-08
f11_hist 3 0 17 1.9550149630e-07
f11_hist 3 0 18 4.0581087327e-08
f11_hist 3 0 20 2.4862894137e-07
f11_hist 3 0 21 9.4600771075e-10
f11_hist 3 1 3 5.8766034229e-09
f11_hist 3 1 4 2.2787962160e-07
f11_hist 3 1 5 4.1538073126e-07
f11_hist 3 1 6 2.5304612558e-07
f11_hist 3 1 7 7.4936825810e-07
f11_hist 3 1 8 9.1207439054e-07
f11_hist 3 1 9 1.4562103259e-06
f11_hist 3 1 10 1.7221643881e-06
f11_hist 3 1 11 1.6059501708e-06
f11_hist 3 1 12 1.7254647044e-06
f11_hist 3 1 13 1.3694166126e-06
f11_hist 3 1 14 2.0239388303e-06
f11_hist 3 1 15 1.2802668868e-06
f11_hist 3 1 16 9.8388663984e-07
f11_hist 3 1 17 7.0029930876e-07
f11_hist 3 1 18 3.7883876071e-07
f11_hist 3 1 19 1.6610235548e-07
f11_hist 3 1 20 1.8417574757e-07
f11_hist 3 1 21 7.3450833063e-08
f11_hist 3 1 22 2.6484744529e-08
f11_hist 3 2 1 1.4548097974e-08
f11_hist 3 2 2 2.5627218987e-08
f11_hist 3 2 3 2.8788331027e-07
f11_hist 3 2 4 4.1214468079e-07
f11_hist 3 2 5 1.4636244293e-06
f11_hist 3 2 6 2.2628465367e-06
f11_hist 3 2 7 3.8186362080e-06
f11_hist 3 2 8 5.2393234786e-06
f11_hist 3 2 9 7.4366286751e-06
f11_hist 3 2 10 8.0512525823e-06
f11_hist 3 2 11 8.9375437987e-06
f11_hist 3 2 12 7.5651810119e-06
f11_hist 3 2 13 8.0653354242e-06
f11_hist 3 2 14 7.4532667041e-06
f11_hist 3 2 15 7.7643055230e-06
f11_hist 3 2 16 5.5179802291e-06
f11_hist 3 2 17 4.3410349815e-06
f11_hist 3 2 18 3.3667289445e-06
f11_hist 3 2 19 1.2311624195e-06
f11_hist 3 2 20 1.0389492062e-06
f11_hist 3 2 21 5.3546017861e-07
f11_hist 3 2 22 4.0875922993e-08
f11_hist 3 3 1 2.9502706655e-08
f11_hist 3 3 2 2.1857353092e-07
f11_hist 3 3 3 5.1682762914e-07
f11_hist 3 3 4 2.6469133142e-06
f11_hist 3 3 5 3.4649750985e-06
f11_hist 3 3 6 1.0012034783e-05
f11_hist 3 3 7 1.3387628667e-05
f11_hist 3 3 8 1.7654854375e-05
f11_hist 3 3 9 2.1278854452e-05
f11_hist 3 3 10 2.2763762968e-05
f11_hist 3 3 11 2.7440062172e-05
f11_hist 3 3 12 2.5464624598e-05
f11_hist 3 3 13 2.7757898297e-05
f11_hist 3 3 14 2.4922726405e-05
f11_hist 3 3 15 2.3600983827e-05
f11_hist 3 3 16 1.7603737190e-05
f11_hist 3 3 17 1.4904554741e-05
f11_hist 3 3 18 8.8337532197e-06
f11_hist 3 3 19 5.3541498925e-06
f11_hist 3 3 20 3.0915469231e-06
f11_hist 3 3 21 7.6404469834e-07
f11_hist 3 3 22 9.6822275637e-08
f11_hist 3 4 1 1.0305636199e-09
f11_hist 3 4 2 4.5130433321e-07
f11_hist 3 4 3 2.1351765634e-06
f11_hist 3 4 4 4.7003437947e-06
f11_hist 3 4 5 1.1030009706e-05
f11_hist 3 4 6 1.7712384335e-05
f11_hist 3 4 7 2.9254883970e-05
f11_hist 3 4 8 3.4985739307e-05
f11_hist 3 4 9 4.1458023313e-05
f11_hist 3 4 10 4.6492217716e-05
f11_hist 3 4 11 5.2943748245e-05
f11_hist 3 4 12 5.4609324493e-05
f11_hist 3 4 13 5.5800253711e-05
f11_hist 3 4 14 4.9877454188e-05
f11_hist 3 4 15 4.5143034272e-05
f11_hist 3 4 16 3.8519139594e-05
f11_hist 3 4 17 2.7011465672e-05
f11_hist 3 4 18 1.7088717397e-05
f11_hist 3 4 19 1.2300167580e-05
f11_hist 3 4 20 6.0933912759e-06
f11_hist 3 4 21 1.8587201451e-06
f11_hist 3 4 22 3.2849497860e-07
f11_hist 3 4 23 3.7590378491e-08
f11_hist 3 5 1 7.0273506810e-08
f11_hist 3 5 2 4.2523602646e-07
f11_hist 3 5 3 2.7696692243e-06
f11_hist 3 5 4 6.6940551482e-06
f11_hist 3 5 5 1.5567972812e-05
f11_hist 3 5 6 2.4767186982e-05
f11_hist 3 5 7 3.3732806772e-05
f11_hist 3 5 8 4.8067462949e-05
f11_hist 3 5 9 6.1058194254e-05
f11_hist 3 5 10 6.8409698592e-05
f11_hist 3 5 11 7.4243692211e-05
f11_hist 3 5 12 7.4662324480e-05
f11_hist 3 5 13 7.2785808213e-05
f11_hist 3 5 14 6.9356176546e-05
f11_hist 3 5 15 6.0457327339e-05
f11_hist 3 5 16 5.2724859293e-05
f11_hist 3 5 17 3.7587381812e-05
f11_hist 3 5 18 2.6726644210e-05
f11_hist 3 5 19 1.5389608880e-05
f11_hist 3 5 20 9.2856439271e-06
f11_hist 3 5 21 4.0696698921e-06
f11_hist 3 5 22 1.4512848878e-07
f11_hist 3 5 23 1.7574002915e-08
f11_hist 3 6 0 1.4434216820e-07
f11_hist 3 6 1 1.6650626360e-08
f11_hist 3 6 2 2.2546517017e-07
f11_hist 3 6 3 4.2415598316e-06
f11_hist 3 6 4 7.7905074201e-06
f11_hist 3 6 5 1.4736669740e-05
f11_hist 3 6 6 2.4889930575e-05
f11_hist 3 6 7 3.8840989093e-05
f11_hist 3 6 8 5.3957025800e-05
f11_hist 3 6 9 5.3563768802e-05
f11_hist 3 6 10 6.5159686593e-05
f11_hist 3 6 11 6.8468205896e-05
f11_hist 3 6 12 7.0674856948e-05
f11_hist 3 6 13 6.9398887138e-05
f11_hist 3 6 14 6.7219101331e-05
f11_hist 3 6 15 6.2150513554e-05
f11_hist 3 6 16 4.8079391400e-05
f11_hist 3 6 17 3.9825730018e-05
f11_hist 3 6 18 2.8584037272e-05
f11_hist 3 6 19 1.7847184289e-05
f11_hist 3 6 20 8.3887149401e-06
f11_hist 3 6 21 2.3788932177e-06
f11_hist 3 6 22 3.3984882917e-07
f11_hist 3 6 23 1.5642201262e-09
f11_hist 3 7 1 5.7071473889e-08
f11_hist 3 7 2 4.1953785189e-07
f11_hist 3 7 3 2.6544738152e-06
f11_hist 3 7 4 5.7684686394e-06
f11_hist 3 7 5 1.2253694140e-05
f11_hist 3 7 6 1.9495251375e-05
f11_hist 3 7 7 2.9867077141e-05
f11_hist 3 7 8 3.4728686093e-05
f11_hist 3 7 9 4.0433038883e-05
f11_hist 3 7 10 4.5665824306e-05
f11_hist 3 7 11 4.9217521070e-05
f11_hist 3 7 12 4.9004522380e-05
f11_hist 3 7 13 5.0823756198e-05
f11_hist 3 7 14 5.1922773955e-05
f11_hist 3 7 15 4.5906046668e-05
f11_hist 3 7 16 3.9399520234e-05
f11_hist 3 7 17 3.3563292289e-05
f11_hist 3 7 18 2.0242135846e-05
f11_hist 3 7 19 1.5738477410e-05
f11_hist 3 7 20 6.2050852128e-06
f11_hist 3 7 21 2.5919384519e-06
f11_hist 3 7 22 6.0618494252e-07
f11_hist 3 7 23 1.6725831974e-07
f11_hist 3 8 2 3.7916235041e-07
f11_hist 3 8 3 1.6831265158e-06
f11_hist 3 8 4 3.1035826852e-06
f11_hist 3 8 5 7.5792204410e-06
f11_hist 3 8 6 1.0699638260e-05
f11_hist 3 8 7 1.6272448240e-05
f11_hist 3 8 8 1.7355560198e-05
f11_hist 3 8 9 2.4647435749e-05
f11_hist 3 8 10 2.4846784712e-05
f11_hist 3 8 11 2.2676566527e-05
f11_hist 3 8 12 2.6686865456e-05
f11_hist 3 8 13 2.6159477658e-05
f11_hist 3 8 14 2.5243451918e-05
f11_hist 3 8 15 2.2551802150e-05
f11_hist 3 8 16 1.9430729548e-05
f11_hist 3 8 17 1.8913980541e-05
f11_hist 3 8 18 1.4426854536e-05
f11_hist 3 8 19 6.9941011703e-06
f11_hist 3 8 20 3.8647238065e-06
f11_hist 3 8 21 1.8573318291e-06
f11_hist 3 8 22 6.0776537732e-07
f11_hist 3 9 1 1.8276435386e-09
f11_hist 3 9 2 8.1742784709e-08
f11_hist 3 9 3 5.5718092480e-07
f11_hist 3 9 4 1.3111607040e-06
f11_hist 3 9 5 2.9640749214e-06
f11_hist 3 9 6 3.2615114380e-06
f11_hist 3 9 7 6.3433654576e-06
f11_hist 3 9 8 7.4657290375e-06
f11_hist 3 9 9 9.2209167742e-06
f11_hist 3 9 10 1.0791227224e-05
f11_hist 3 9 11 9.1690882730e-06
f11_hist 3 9 12 9.9655487579e-06
f11_hist 3 9 13 1.0340710495e-05
f11_hist 3 9 14 1.0369861761e-05
f11_hist 3 9 15 9.2407397574e-06
f11_hist 3 9 16 9.0128472060e-06
f11_hist 3 9 17 8.8119205277e-06
f11_hist 3 9 18 4.1538997944e-06
f11_hist 3 9 19 3.2986106357e-06
f11_hist 3 9 20 1.5192283681e-06
f11_hist 3 9 21 6.3580754667e-07
f11_hist 3 9 22 5.3934959677e-08
f11_hist 3 10 2 2.7909959998e-09
f11_hist 3 10 3 6.1883954163e-08
f11_hist 3 10 4 1.7741446024e-07
f11_hist 3 10 5 1.1021994886e-06
f11_hist 3 10 6 1.4474769136e-06
f11_hist 3 10 7 1.8856321052e-06
f11_hist 3 10 8 1.8248408715e-06
f11_hist 3 10 9 3.3288993369e-06
f11_hist 3 10 10 2.8321505225e-06
f11_hist 3 10 11 2.1397096011e-06
f11_hist 3 10 12 2.3481143651e-06
f11_hist 3 10 13 2.4333106832e-06
f11_hist 3 10 14 2.6375125043e-06
f11_hist 3 10 15 1.9482086426e-06
f11_hist 3 10 16 2.7714978532e-06
f11_hist 3 10 17 2.7068831109e-06
f11_hist 3 10 18 1.2935800430e-06
f11_hist 3 10 19 1.1125345783e-06
f11_hist 3 10 20 2.5080796493e-07
f11_hist 3 10 21 3.7572862474e-07
f11_hist 3 11 2 1.0034919591e-08
f11_hist 3 11 3 3.4238716788e-09
f11_hist 3 11 5 2.0850316708e-07
f11_hist 3 11 6 1.5625116554e-07
f11_hist 3 11 7 4.6054223742e-07
f11_hist 3 11 8 7.1156220010e-07
f11_hist 3 11 9 3.9948543351e-07
f11_hist 3 11 10 6.4144583301e-07
f11_hist 3 11 11 4.5901968349e-07
f11_hist 3 11 12 2.1663558642e-07
f11_hist 3 11 13 7.2463371791e-07
f11_hist 3 11 14 6.6027134347e-07
f11_hist 3 11 15 3.2249046258e-07
f11_hist 3 11 16 7.8332023344e-07
f11_hist 3 11 17 5.1316591702e-07
f11_hist 3 11 18 1.3457968521e-07
f11_hist 3 11 19 1.5888868458e-07
f11_hist 3 11 20 1.4064343956e-07
f11_hist 3 11 21 7.3230586227e-08
f11_hist 3 12 3 2.6665856466e-09
f11_hist 3 12 5 3.0525092798e-08
f11_hist 3 12 6 3.0649406641e-07
f11_hist 3 12 7 1.5266980138e-07
f11_hist 3 12 8 4.5788620157e-09
f11_hist 3 12 9 6.2436689192e-08
f11_hist 3 12 10 8.9460049066e-08
f11_hist 3 12 11 1.0557078016e-07
f11_hist 3 12 12 2.7351969683e-08
f11_hist 3 12 13 2.0185716098e-08
f11_hist 3 12 14 6.8332417845e-08
f11_hist 3 12 15 1.1050987731e-07
f11_hist 3 12 16 4.8621560952e-09
f11_hist 3 12 17 3.4827769958e-08
f11_hist 3 12 19 7.0266305420e-08
f11_hist 3 12 20 6.8083914057e-09
f11_hist 3 12 21 1.3533063506e-08
f11_hist 3 13 10 2.3084011797e-08
f11_hist 3 13 13 3.6126791231e-09
f11_hist 3 13 16 1.2679328719e-08
f11_hist 3 13 18 2.0826060218e-08
f11_hist 3 13 20 8.2450941029e-08
f11_hist 3 14 11 8.6928069243e-09
f11_hist 4 0 5 4.7435352751e-08
f11_hist 4 0 6 1.2581592962e-07
f11_hist 4 0 7 5.0869989671e-07
f11_hist 4 0 8 2.5879957168e-07
f11_hist 4 0 9 4.8039046872e-07
f11_hist 4 0 10 3.3793507765e-07
f11_hist 4 0 11 6.4937670379e-07
f11_hist 4 0 12 6.1581443026e-07
f11_hist 4 0 13 4.9300510366e-07
f11_hist 4 0 14 6.3513975096e-07
f11_hist 4 0 15 5.0497387958e-07
f11_hist 4 0 16 2.9526420948e-07
f11_hist 4 0 17 3.7614604259e-07
f11_hist 4 0 18 7.0605910012e-08
f11_hist 4 0 19 1.4878449656e-07
f11_hist 4 1 3 3.4928483691e-08
f11_hist 4 1 4 1.9343748249e-07
f11_hist 4 1 5 8.7404875774e-07
f11_hist 4 1 6 2.0763544990e-06
f11_hist 4 1 7 2.7741565221e-06
f11_hist 4 1 8 2.8883423671e-06
f11_hist 4 1 9 5.8499265223e-06
f11_hist 4 1 10 7.0796634061e-06
f11_hist 4 1 11 7.4110054445e-06
f11_hist 4 1 12 7.7303868525e-06
f11_hist 4 1 13 6.2936818230e-06
f11_hist 4 1 14 7.4350965602e-06
f11_hist 4 1 15 6.1196754026e-06
f11_hist 4 1 16 3.5479633117e-06
f11_hist 4 1 17 3.4181841205e-06
f11_hist 4 1 18 1.8682771716e-06
f11_hist 4 1 19 4.5569270741e-07
f11_hist 4 1 20 6.6909466884e-08
f11_hist 4 1 21 2.6879905084e-08
f11_hist 4 1 22 1.5853837053e-08
f11_hist 4 1 23 2.3796293861e-09
f11_hist 4 2 2 7.9673419256e-08
f11_hist 4 2 3 5.6068147149e-07
f11_hist 4 2 4 2.2922076840e-06
f11_hist 4 2 5 4.5250776522e-06
f11_hist 4 2 6 6.8519486671e-06
f11_hist 4 2 7 1.4100336968e-05
f11_hist 4 2 8 2.0754562178e-05
f11_hist 4 2 9 2.8353026053e-05
f11_hist 4 2 10 3.1896700206e-05
f11_hist 4 2 11 3.6532603822e-05
f11_hist 4 2 12 4.1012509778e-05
f11_hist 4 2 13 4.1306464625e-05
f11_hist 4 2 14 3.3459247254e-05
f11_hist 4 2 15 2.9243309780e-05
f11_hist 4 2 16 2.4349882795e-05
f11_hist 4 2 17 1.6731635271e-05
f11_hist 4 2 18 9.8905366707e-06
f11_hist 4 2 19 4.8440927596e-06
f11_hist 4 2 20 2.0282899498e-06
f11_hist 4 2 21 4.9395699096e-07
f11_hist 4 2 22 4.3282474091e-08
f11_hist 4 2 23 4.6110407628e-09
f11_hist 4 3 0 8.5867119292e-08
f11_hist 4 3 2 5.9200219154e-07
f11_hist 4 3 3 1.2728122854e-06
f11_hist 4 3 4 5.7937150313e-06
f11_hist 4 3 5 1.3234678675e-05
f11_hist 4 3 6 2.7496815999e-05
f11_hist 4 3 7 4.7420010277e-05
f11_hist 4 3 8 6.8832338484e-05
f11_hist 4 3 9 8.2313283670e-05
f11_hist 4 3 10 1.0454529897e-04
f11_hist 4 3 11 1.1421697284e-04
f11_hist 4 3 12 1.1703761511e-04
f11_hist 4 3 13 1.1317584468e-04
f11_hist 4 3 14 1.0109639194e-04
f11_hist 4 3 15 9.1224929244e-05
f11_hist 4 3 16 7.4488236429e-05
f11_hist 4 3 17 4.6983817764e-05
f11_hist 4 3 18 2.8513130585e-05
f11_hist 4 3 19 1.3943143668e-05
f11_hist 4 3 20 6.1048688299e-06
f11_hist 4 3 21 1.2407023922e-06
f11_hist 4 3 22 2.6398771681e-07
f11_hist 4 3 24 2.5430201024e-08
f11_hist 4 4 1 7.1548112547e-08
f11_hist 4 4 2 5.5138000108e-07
f11_hist 4 4 3 3.4758490158e-06
f11_hist 4 4 4 9.5202097329e-06
f11_hist 4 4 5 2.7419097746e-05
f11_hist 4 4 6 5.2548109045e-05
f11_hist 4 4 7 9.1170798177e-05
f11_hist 4 4 8 1.3138159896e-04
f11_hist 4 4 9 1.7086317226e-04
f11_hist 4 4 10 1.9628484461e-04
f11_hist 4 4 11 2.1290555236e-04
f11_hist 4 4 12 2.1223893690e-04
f11_hist 4 4 13 2.1199401503e-04
f11_hist 4 4 14 2.0036156408e-04
f11_hist 4 4 15 1.7136276236e-04
f11_hist 4 4 16 1.3578364065e-04
f11_hist 4 4 17 9.1169791961e-05
f11_hist 4 4 18 5.8916599817e-05
f11_hist 4 4 19 3.0987335504e-05
f11_hist 4 4 20 1.1462588218e-05
f11_hist 4 4 21 2.5513696527e-06
f11_hist 4 4 22 8.4143739568e-07
f11_hist 4 4 23 5.8199960471e-09
f11_hist 4 5 1 2.2628132677e-08
f11_hist 4 5 2 1.1462124675e-06
f11_hist 4 5 3 5.7238227377e-06
f11_hist 4 5 4 1.6973362094e-05
f11_hist 4 5 5 4.2556439768e-05
f11_hist 4 5 6 7.8014851729e-05
f11_hist 4 5 7 1.2373826148e-04
f11_hist 4 5 8 1.8057052236e-04
f11_hist 4 5 9 2.3113233418e-04
f11_hist 4 5 10 2.5875128210e-04
f11_hist 4 5 11 2.9037484663e-04
f11_hist 4 5 12 2.9978598958e-04
f11_hist 4 5 13 2.9255023111e-04
f11_hist 4 5 14 2.7864931428e-04
f11_hist 4 5 15 2.4138050740e-04
f11_hist 4 5 16 1.9729222677e-04
f11_hist 4 5 17 1.3485957331e-04
f11_hist 4 5 18 8.4918839598e-05
f11_hist 4 5 19 3.7270142580e-05
f11_hist 4 5 20 2.0125452861e-05
f11_hist 4 5 21 4.7203932745e-06
f11_hist 4 5 22 4.7276821494e-07
f11_hist 4 5 23 1.4098282592e-07
f11_hist 4 6 1 2.7568226393e-08
f11_hist 4 6 2 8.0888132345e-07
f11_hist 4 6 3 5.2455998162e-06
f11_hist 4 6 4 1.8546852156e-05
f11_hist 4 6 5 4.1572161042e-05
f11_hist 4 6 6 7.9447234222e-05
f11_hist 4 6 7 1.2752501540e-04
f11_hist 4 6 8 1.7618576172e-04
f11_hist 4 6 9 2.2462142822e-04
f11_hist 4 6 10 2.6399222131e-04
f11_hist 4 6 11 2.7763616152e-04
f11_hist 4 6 12 2.8784356807e-04
f11_hist 4 6 13 2.7892761630e-04
f11_hist 4 6 14 2.7480774093e-04
f11_hist 4 6 15 2.3238981891e-04
f11_hist 4 6 16 1.9699934890e-04
f11_hist 4 6 17 1.3155261888e-04
f11_hist 4 6 18 8.6354451051e-05
f11_hist 4 6 19 4.0931461982e-05
f11_hist 4 6 20 2.0944080663e-05
f11_hist 4 6 21 4.5309606193e-06
f11_hist 4 6 22 1.0399157786e-06
f11_hist 4 6 23 8.0424265598e-09
f11_hist 4 7 2 4.3776696364e-07
f11_hist 4 7 3 3.5480690991e-06
f11_hist 4 7 4 1.5756537002e-05
f11_hist 4 7 5 2.9413376867e-05
f11_hist 4 7 6 6.0686206652e-05
f11_hist 4 7 7 8.6478351238e-05
f11_hist 4 7 8 1.2765571448e-04
f11_hist 4 7 9 1.6269313625e-04
f11_hist 4 7 10 1.8633846541e-04
f11_hist 4 7 11 2.0096967939e-04
f11_hist 4 7 12 2.1169219939e-04
f11_hist 4 7 13 2.0003881265e-04
f11_hist 4 7 14 1.9283595321e-04
f11_hist 4 7 15 1.7058593348e-04
f11_hist 4 7 16 1.4175472247e-04
f11_hist 4 7 17 9.5569298982e-05
f11_hist 4 7 18 6.8581198475e-05
f11_hist 4 7 19 3.1283773261e-05
f11_hist 4 7 20 1.5498885894e-05
f11_hist 4 7 21 3.5493318545e-06
f11_hist 4 7 22 6.1168525372e-07
f11_hist 4 7 23 4.6747408690e-08
f11_hist 4 8 1 2.1162757640e-08
f11_hist 4 8 2 5.2802561460e-07
f11_hist 4 8 3 1.8225424781e-06
f11_hist 4 8 4 9.0786477636e-06
f11_hist 4 8 5 1.5515600898e-05
f11_hist 4 8 6 3.6268227522e-05
f11_hist 4 8 7 4.9262369591e-05
f11_hist 4 8 8 7.1325431965e-05
f11_hist 4 8 9 8.0617842546e-05
f11_hist 4 8 10 9.9649419195e-05
f11_hist 4 8 11 1.0811654167e-04
f11_hist 4 8 12 1.0640712071e-04
f11_hist 4 8 13 1.0960083405e-04
f11_hist 4 8 14 1.0117165352e-04
f11_hist 4 8 15 8.4944345902e-05
f11_hist 4 8 16 7.6507233145e-05
f11_hist 4 8 17 5.2361067875e-05
f11_hist 4 8 18 3.5053658455e-05
f11_hist 4 8 19 1.6263099291e-05
f11_hist 4 8 20 9.4079902416e-06
f11_hist 4 8 21 1.7072508104e-06
f11_hist 4 8 22 3.7822948998e-07
f11_hist 4 9 2 2.2209455114e-07
f11_hist 4 9 3 1.0889441846e-06
f11_hist 4 9 4 3.0088713679e-06
f11_hist 4 9 5 5.5005881911e-06
f11_hist 4 9 6 1.4815002444e-05
f11_hist 4 9 7 1.8854781857e-05
f11_hist 4 9 8 2.8416532716e-05
f11_hist 4 9 9 3.2355597441e-05
f11_hist 4 9 10 3.6350166188e-05
f11_hist 4 9 11 4.0232094656e-05
f11_hist 4 9 12 4.2308634588e-05
f11_hist 4 9 13 3.8219169996e-05
f11_hist 4 9 14 4.0865546571e-05
f11_hist 4 9 15 3.3214986669e-05
f11_hist 4 9 16 3.3346421336e-05
f11_hist 4 9 17 2.2871720906e-05
f11_hist 4 9 18 1.6662472261e-05
f11_hist 4 9 19 6.3161052472e-06
f11_hist 4 9 20 4.6964971501e-06
f11_hist 4 9 21 1.2619833242e-06
f11_hist 4 9 22 4.9646012392e-08
f11_hist 4 10 2 1.3770818021e-07
f11_hist 4 10 3 5.9356227056e-07
f11_hist 4 10 4 1.8666894190e-06
f11_hist 4 10 5 1.7476647287e-06
f11_hist 4 10 6 3.9639815178e-06
f11_hist 4 10 7 6.8700372039e-06
f11_hist 4 10 8 8.1598371878e-06
f11_hist 4 10 9 8.3402821609e-06
f11_hist 4 10 10 1.0055211444e-05
f11_hist 4 10 11 1.0753047793e-05
f11_hist 4 10 12 1.2281247152e-05
f11_hist 4 10 13 1.2265969936e-05
f11_hist 4 10 14 1.0835609789e-05
f11_hist 4 10 15 9.9137149135e-06
f11_hist 4 10 16 9.8234010896e-06
f11_hist 4 10 17 5.5098264045e-06
f11_hist 4 10 18 4.5159469666e-06
f11_hist 4 10 19 1.7506805596e-06
f11_hist 4 10 20 7.3585954191e-07
f11_hist 4 10 21 1.5196010477e-07
f11_hist 4 11 2 7.0442106263e-09
f11_hist 4 11 3 1.0334600331e-07
f11_hist 4 11 4 3.7123700844e-07
f11_hist 4 11 5 2.0644977794e-07
f11_hist 4 11 6 9.6555812902e-07
f11_hist 4 11 7 1.3442653443e-06
f11_hist 4 11 8 1.8988478388e-06
f11_hist 4 11 9 2.0852823547e-06
f11_hist 4 11 10 2.6362642904e-06
f11_hist 4 11 11 1.8237586016e-06
f11_hist 4 11 12 2.4035259539e-06
f11_hist 4 11 13 1.8722895023e-06
f11_hist 4 11 14 2.6212926088e-06
f11_hist 4 11 15 1.9940861254e-06
f11_hist 4 11 16 2.9228855691e-06
f11_hist 4 11 17 1.3052007457e-06
f11_hist 4 11 18 1.2794610993e-06
f11_hist 4 11 19 3.7954840272e-07
f11_hist 4 11 20 3.5882347872e-07
f11_hist 4 11 21 8.1010970023e-08
f11_hist 4 11 22 1.5327831452e-07
f11_hist 4 12 4 1.2197334538e-07
f11_hist 4 12 5 6.7805830118e-08
f11_hist 4 12 6 2.0730870243e-07
f11_hist 4 12 7 6.5975440360e-08
f11_hist 4 12 8 1.5772500824e-07
f11_hist 4 12 9 2.2072706990e-07
f11_hist 4 12 10 2.8898847337e-07
f11_hist 4 12 11 3.2041307674e-07
f11_hist 4 12 12 2.5165716009e-07
f11_hist 4 12 13 4.8064022926e-07
f11_hist 4 12 14 1.9139892096e-07
f11_hist 4 12 15 3.1265815405e-07
f11_hist 4 12 16 1.8774777078e-07
f11_hist 4 12 17 1.2968383063e-07
f11_hist 4 12 18 1.6592570940e-07
f11_hist 4 12 19 1.2697540004e-07
f11_hist 4 12 20 4.1846770684e-09
f11_hist 4 13 6 2.8114554532e-08
f11_hist 4 13 8 2.3335568556e-08
f11_hist 4 13 9 2.8856708424e-08
f11_hist 4 13 10 2.1528464227e-08
f11_hist 4 13 11 5.7531770133e-08
f11_hist 4 13 12 8.2835753112e-08
f11_hist 4 13 13 2.5345036863e-08
f11_hist 4 13 14 7.2271175341e-08
f11_hist 4 13 17 7.0899556247e-09
f11_hist 4 13 18 6.9745941139e-10
f11_hist 4 13 19 1.9113692525e-08
f11_hist 4 14 17 1.5788975124e-08
f11_hist 5 0 4 3.0010522008e-09
f11_hist 5 0 5 2.6989150044e-07
f11_hist 5 0 6 2.9372818567e-07
f11_hist 5 0 7 4.8347730943e-07
f11_hist 5 0 8 1.1419801532e-06
f11_hist 5 0 9 1.9166273599e-06
f11_hist 5 0 10 1.6221341463e-06
f11_hist 5 0 11 2.7083583325e-06
f11_hist 5 0 12 2.4403600858e-06
f11_hist 5 0 13 2.4510600546e-06
f11_hist 5 0 14 2.1130023736e-06
f11_hist 5 0 15 1.4444116277e-06
f11_hist 5 0 16 9.7402421130e-07
f11_hist 5 0 17 7.2045564517e-07
f11_hist 5 0 18 4.0682881640e-07
f11_hist 5 0 19 4.4728273776e-07
f11_hist 5 0 20 2.0308461056e-09
f11_hist 5 1 1 5.7580167530e-09
f11_hist 5 1 2 2.2518870203e-08
f11_hist 5 1 3 1.3777834191e-07
f11_hist 5 1 4 5.4334466656e-07
f11_hist 5 1 5 1.9052145430e-06
f11_hist 5 1 6 5.9507062763e-06
f11_hist 5 1 7 5.9697669091e-06
f11_hist 5 1 8 1.3426884388e-05
f11_hist 5 1 9 1.7685015021e-05
f11_hist 5 1 10 2.2927174257e-05
f11_hist 5 1 11 2.6059293886e-05
f11_hist 5 1 12 2.5827765212e-05
f11_hist 5 1 13 2.5791841380e-05
f11_hist 5 1 14 2.0882878570e-05
f11_hist 5 1 15 1.9060343402e-05
f11_hist 5 1 16 1.4263233345e-05
f11_hist 5 1 17 8.4126679556e-06
f11_hist 5 1 18 4.5803302841e-06
f11_hist 5 1 19 1.6120198619e-06
f11_hist 5 1 20 6.3525682109e-07
f11_hist 5 1 21 2.0022947136e-07
f11_hist 5 1 22 1.3541491353e-08
f11_hist 5 2 2 1.7526581906e-07
f11_hist 5 2 3 7.5497830334e-07
f11_hist 5 2 4 3.2555036284e-06
f11_hist 5 2 5 9.4134394529e-06
f11_hist 5 2 6 2.0554262362e-05
f11_hist 5 2 7 3.7507426448e-05
f11_hist 5 2 8 6.1814001834e-05
f11_hist 5 2 9 8.6199967666e-05
f11_hist 5 2 10 1.0975694924e-04
f11_hist 5 2 11 1.2442415412e-04
f11_hist 5 2 12 1.2747755507e-04
f11_hist 5 2 13 1.2561709435e-04
f11_hist 5 2 14 1.1141058335e-04
f11_hist 5 2 15 8.6205125353e-05
f11_hist 5 2 16 6.5614455002e-05
f11_hist 5 2 17 4.0112312606e-05
f11_hist 5 2 18 2.0794993275e-05
f11_hist 5 2 19 1.0798968641e-05
f11_hist 5 2 20 3.4457032503e-06
f11_hist 5 2 21 5.0452788866e-07
f11_hist 5 2 22 6.1427079796e-08
f11_hist 5 3 1 5.8883914829e-08
f11_hist 5 3 2 6.2171273283e-07
f11_hist 5 3 3 2.4689662648e-06
f11_hist 5 3 4 9.8589956430e-06
f11_hist 5 3 5 2.6230437968e-05
f11_hist 5 3 6 6.0763277438e-05
f11_hist 5 3 7 1.1418308797e-04
f11_hist 5 3 8 1.7771242096e-04
f11_hist 5 3 9 2.4462897985e-04
f11_hist 5 3 10 3.0392975737e-04
f11_hist 5 3 11 3.4801338932e-04
f11_hist 5 3 12 3.5980768050e-04
f11_hist 5 3 13 3.5531338414e-04
f11_hist 5 3 14 3.1268823055e-04
f11_hist 5 3 15 2.5820383179e-04
f11_hist 5 3 16 1.8407880980e-04
f11_hist 5 3 17 1.2150815327e-04
f11_hist 5 3 18 5.7977042245e-05
f11_hist 5 3 19 2.8932637999e-05
f11_hist 5 3 20 9.8307815282e-06
f11_hist 5 3 21 2.4907489091e-06
f11_hist 5 3 22 3.6410510590e-07
f11_hist 5 3 23 8.2109469987e-09
f11_hist 5 4 1 9.2251604293e-08
f11_hist 5 4 2 1.3238400693e-06
f11_hist 5 4 3 4.0466702863e-06
f11_hist 5 4 4 1.8699990147e-05
f11_hist 5 4 5 5.8098511676e-05
f11_hist 5 4 6 1.1613713827e-04
f11_hist 5 4 7 2.1050630945e-04
f11_hist 5 4 8 3.2928136904e-04
f11_hist 5 4 9 4.7629322216e-04
f11_hist 5 4 10 5.9158580915e-04
f11_hist 5 4 11 6.6313488598e-04
f11_hist 5 4 12 6.9124312880e-04
f11_hist 5 4 13 6.7768323932e-04
f11_hist 5 4 14 6.0135581588e-04
f11_hist 5 4 15 4.8977230657e-04
f11_hist 5 4 16 3.4582148251e-04
f11_hist 5 4 17 2.3174235333e-04
f11_hist 5 4 18 1.2384513892e-04
f11_hist 5 4 19 5.7473606731e-05
f11_hist 5 4 20 1.8275036851e-05
f11_hist 5 4 21 3.6651428167e-06
f11_hist 5 4 22 6.0678947534e-07
f11_hist 5 4 23 1.1334184758e-08
f11_hist 5 5 1 4.8904033305e-08
f11_hist 5 5 2 1.1890551727e-06
f11_hist 5 5 3 6.8427483036e-06
f11_hist 5 5 4 2.6262207569e-05
f11_hist 5 5 5 7.6176652039e-05
f11_hist 5 5 6 1.6334876261e-04
f11_hist 5 5 7 2.9110524998e-04
f11_hist 5 5 8 4.5900859721e-04
f11_hist 5 5 9 6.3644020663e-04
f11_hist 5 5 10 7.7731262794e-04
f11_hist 5 5 11 8.6914701350e-04
f11_hist 5 5 12 9.2087433059e-04
f11_hist 5 5 13 8.8300714563e-04
f11_hist 5 5 14 8.0023053062e-04
f11_hist 5 5 15 6.5206319758e-04
f11_hist 5 5 16 4.6987050926e-04
f11_hist 5 5 17 3.2020579474e-04
f11_hist 5 5 18 1.6874746712e-04
f11_hist 5 5 19 8.2078829596e-05
f11_hist 5 5 20 2.2860271258e-05
f11_hist 5 5 21 6.1672488650e-06
f11_hist 5 5 22 9.2844146351e-07
f11_hist 5 5 23 4.2204576687e-08
f11_hist 5 6 1 1.0755761846e-07
f11_hist 5 6 2 1.2105286712e-06
f11_hist 5 6 3 7.2708427159e-06
f11_hist 5 6 4 2.6577067524e-05
f11_hist 5 6 5 7.5395196534e-05
f11_hist 5 6 6 1.5931457807e-04
f11_hist 5 6 7 3.0431883399e-04
f11_hist 5 6 8 4.5379486369e-04
f11_hist 5 6 9 6.2270500246e-04
f11_hist 5 6 10 7.5569066187e-04
f11_hist 5 6 11 8.5100680473e-04
f11_hist 5 6 12 8.8333303251e-04
f11_hist 5 6 13 8.6446891736e-04
f11_hist 5 6 14 7.6811803134e-04
f11_hist 5 6 15 6.5447672725e-04
f11_hist 5 6 16 4.7438366284e-04
f11_hist 5 6 17 3.1590907922e-04
f11_hist 5 6 18 1.6574295929e-04
f11_hist 5 6 19 8.3825929164e-05
f11_hist 5 6 20 2.6556771115e-05
f11_hist 5 6 21 5.3607401400e-06
f11_hist 5 6 22 1.3214361712e-06
f11_hist 5 6 23 6.8892734238e-08
f11_hist 5 7 1 1.1030408331e-07
f11_hist 5 7 2 6.2292727842e-07
f11_hist 5 7 3 5.1831953353e-06
f11_hist 5 7 4 1.9364586382e-05
f11_hist 5 7 5 5.8584674963e-05
f11_hist 5 7 6 1.1688105323e-04
f11_hist 5 7 7 2.1450394935e-04
f11_hist 5 7 8 3.0822767712e-04
f11_hist 5 7 9 4.3308525765e-04
f11_hist 5 7 10 5.3249234190e-04
f11_hist 5 7 11 5.9690081351e-04
f11_hist 5 7 12 6.2210698833e-04
f11_hist 5 7 13 6.0470644347e-04
f11_hist 5 7 14 5.4253917889e-04
f11_hist 5 7 15 4.7850520670e-04
f11_hist 5 7 16 3.3298721133e-04
f11_hist 5 7 17 2.3717097154e-04
f11_hist 5 7 18 1.2098922398e-04
f11_hist 5 7 19 6.7118792187e-05
f11_hist 5 7 20 2.0453393088e-05
f11_hist 5 7 21 3.7686991586e-06
f11_hist 5 7 22 4.7968156189e-07
f11_hist 5 7 23 3.9463227028e-08
f11_hist 5 8 1 5.2636320373e-08
f11_hist 5 8 2 4.2539392779e-07
f11_hist 5 8 3 2.7878014263e-06
f11_hist 5 8 4 1.0080388983e-05
f11_hist 5 8 5 3.2459602219e-05
f11_hist 5 8 6 6.2998299540e-05
f11_hist 5 8 7 1.2304541757e-04
f11_hist 5 8 8 1.7510590094e-04
f11_hist 5 8 9 2.3938837645e-04
f11_hist 5 8 10 2.8304208647e-04
f11_hist 5 8 11 3.0847739234e-04
f11_hist 5 8 12 3.1382540925e-04
f11_hist 5 8 13 3.2586198963e-04
f11_hist 5 8 14 2.8601644471e-04
f11_hist 5 8 15 2.5565217383e-04
f11_hist 5 8 16 1.7624263216e-04
f11_hist 5 8 17 1.3087335536e-04
f11_hist 5 8 18 6.4652077224e-05
f11_hist 5 8 19 3.6246455664e-05
f11_hist 5 8 20 1.1196520276e-05
f11_hist 5 8 21 1.8382321621e-06
f11_hist 5 8 22 5.2098368153e-07
f11_hist 5 8 23 6.8167957409e-09
f11_hist 5 9 1 7.7290416111e-08
f11_hist 5 9 2 1.0787935953e-07
f11_hist 5 9 3 1.4910371725e-06
f11_hist 5 9 4 4.4199263054e-06
f11_hist 5 9 5 1.3963118657e-05
f11_hist 5 9 6 2.3831704570e-05
f11_hist 5 9 7 4.9291001723e-05
f11_hist 5 9 8 6.6212421753e-05
f11_hist 5 9 9 9.5217057626e-05
f11_hist 5 9 10 1.0835761299e-04
f11_hist 5 9 11 1.2083098774e-04
f11_hist 5 9 12 1.2394014092e-04
f11_hist 5 9 13 1.1791176442e-04
f11_hist 5 9 14 1.0971506396e-04
f11_hist 5 9 15 1.0205568055e-04
f11_hist 5 9 16 6.9628279138e-05
f11_hist 5 9 17 5.4115241843e-05
f11_hist 5 9 18 2.3765408794e-05
f11_hist 5 9 19 1.5831426866e-05
f11_hist 5 9 20 3.7731234783e-06
f11_hist 5 9 21 1.1932496144e-06
f11_hist 5 9 22 7.4686540555e-08
f11_hist 5 9 23 7.2911041166e-09
f11_hist 5 10 2 2.1396985331e-08
f11_hist 5 10 3 6.2983230798e-07
f11_hist 5 10 4 1.0549924453e-06
f11_hist 5 10 5 3.2970988359e-06
f11_hist 5 10 6 6.9462474012e-06
f11_hist 5 10 7 1.4007660667e-05
f11_hist 5 10 8 2.0114806322e-05
f11_hist 5 10 9 2.5824931934e-05
f11_hist 5 10 10 2.8763199760e-05
f11_hist 5 10 11 3.6243023749e-05
f11_hist 5 10 12 3.5216326419e-05
f11_hist 5 10 13 3.7263494589e-05
f11_hist 5 10 14 2.9763447299e-05
f11_hist 5 10 15 2.9266964915e-05
f11_hist 5 10 16 2.1711200582e-05
f11_hist 5 10 17 1.7114007371e-05
f11_hist 5 10 18 7.6924036212e-06
f11_hist 5 10 19 4.2678258816e-06
f11_hist 5 10 20 1.4195704480e-06
f11_hist 5 10 21 1.8393182743e-07
f11_hist 5 10 22 7.3077573882e-08
f11_hist 5 10 23 1.2351909241e-08
f11_hist 5 11 3 1.2570717906e-07
f11_hist 5 11 4 2.1911006841e-07
f11_hist 5 11 5 1.1361550106e-06
f11_hist 5 11 6 1.6976430039e-06
f11_hist 5 11 7 2.8765559268e-06
f11_hist 5 11 8 4.9103032545e-06
f11_hist 5 11 9 7.1883589997e-06
f11_hist 5 11 10 5.9593197509e-06
f11_hist 5 11 11 7.9454613151e-06
f11_hist 5 11 12 7.9106272175e-06
f11_hist 5 11 13 7.0829918959e-06
f11_hist 5 11 14 6.2346558797e-06
f11_hist 5 11 15 7.0105116953e-06
f11_hist 5 11 16 3.6600555331e-06
f11_hist 5 11 17 3.7760637490e-06
f11_hist 5 11 18 1.9877120476e-06
f11_hist 5 11 19 1.2453947147e-06
f11_hist 5 11 20 4.8030948848e-07
f11_hist 5 11 21 9.0787148492e-09
f11_hist 5 11 22 4.2510625918e-09
f11_hist 5 12 4 7.3041028708e-08
f11_hist 5 12 5 3.6820878715e-08
f11_hist 5 12 6 3.0919296729e-07
f11_hist 5 12 7 5.1726770903e-07
f11_hist 5 12 8 1.0116260453e-06
f11_hist 5 12 9 7.5781959845e-07
f11_hist 5 12 10 5.8210081997e-07
f11_hist 5 12 11 1.0160514977e-06
f11_hist 5 12 12 1.0770319097e-06
f11_hist 5 12 13 6.6427550823e-07
f11_hist 5 12 14 6.7604310514e-07
f11_hist 5 12 15 9.6663776247e-07
f11_hist 5 12 16 9.4946016006e-07
f11_hist 5 12 17 3.5607821414e-07
f11_hist 5 12 18 3.6960242138e-07
f11_hist 5 12 19 1.5568883125e-07
f11_hist 5 12 20 3.3784875031e-08
f11_hist 5 12 21 2.6782574145e-08
f11_hist 5 13 4 1.3908448641e-08
f11_hist 5 13 5 7.3152566994e-09
f11_hist 5 13 6 2.9612451469e-08
f11_hist 5 13 7 4.4573521734e-08
f11_hist 5 13 8 2.5032502571e-07
f11_hist 5 13 9 9.4203173376e-08
f11_hist 5 13 10 1.3916563993e-07
f11_hist 5 13 11 6.5934669884e-08
f11_hist 5 13 12 2.6335910267e-07
f11_hist 5 13 13 2.7805839674e-08
f11_hist 5 13 14 1.2499765860e-08
f11_hist 5 13 15 6.3147519720e-08
f11_hist 5 13 16 2.8453227307e-08
f11_hist 5 13 17 1.0866642279e-07
f11_hist 5 13 18 2.0470380075e-08
f11_hist 5 13 19 2.0303726436e-08
f11_hist 5 14 11 1.7704353599e-09
f11_hist 5 14 17 4.6160993889e-09
f11_hist 6 0 2 2.1859785675e-08
f11_hist 6 0 3 1.3001049065e-08
f11_hist 6 0 5 3.4130767133e-07
f11_hist 6 0 6 7.3865636087e-07
f11_hist 6 0 7 1.3661814607e-06
f11_hist 6 0 8 2.3390885336e-06
f11_hist 6 0 9 3.1619493096e-06
f11_hist 6 0 10 5.5209073552e-06
f11_hist 6 0 11 5.4123750777e-06
f11_hist 6 0 12 6.1525302888e-06
f11_hist 6 0 13 4.9390517190e-06
f11_hist 6 0 14 4.9041864067e-06
f11_hist 6 0 15 3.8384272681e-06
f11_hist 6 0 16 2.7820808421e-06
f11_hist 6 0 17 1.0357346195e-06
f11_hist 6 0 18 8.3865492335e-07
f11_hist 6 0 19 3.1577865280e-07
f11_hist 6 0 20 5.4132082694e-08
f11_hist 6 1 3 3.7148842114e-08
f11_hist 6 1 4 6.5272274561e-07
f11_hist 6 1 5 2.8945900031e-06
f11_hist 6 1 6 7.6641475169e-06
f11_hist 6 1 7 1.7967206252e-05
f11_hist 6 1 8 2.3568073767e-05
f11_hist 6 1 9 3.8366207693e-05
f11_hist 6 1 10 5.0811003867e-05
f11_hist 6 1 11 6.2003672226e-05
f11_hist 6 1 12 6.5197137538e-05
f11_hist 6 1 13 6.2419890728e-05
f11_hist 6 1 14 5.2903365647e-05
f11_hist 6 1 15 4.0127935277e-05
f11_hist 6 1 16 2.6773873296e-05
f11_hist 6 1 17 1.6401658761e-05
f11_hist 6 1 18 6.9927053660e-06
f11_hist 6 1 19 2.8516196283e-06
f11_hist 6 1 20 5.0829753040e-07
f11_hist 6 1 21 1.8806555000e-07
f11_hist 6 2 1 1.3332572464e-07
f11_hist 6 2 2 3.3560592025e-08
f11_hist 6 2 3 5.9047475191e-07
f11_hist 6 2 4 3.5938751365e-06
f11_hist 6 2 5 1.3681987169e-05
f11_hist 6 2 6 3.7807125003e-05
f11_hist 6 2 7 7.3699135347e-05
f11_hist 6 2 8 1.2004735348e-04
f11_hist 6 2 9 1.8654510855e-04
f11_hist 6 2 10 2.3859687750e-04
f11_hist 6 2 11 2.8494122620e-04
f11_hist 6 2 12 3.0313615903e-04
f11_hist 6 2 13 2.8814046700e-04
f11_hist 6 2 14 2.5757801906e-04
f11_hist 6 2 15 1.8404274841e-04
f11_hist 6 2 16 1.2864700657e-04
f11_hist 6 2 17 7.0370077928e-05
f11_hist 6 2 18 3.6420583381e-05
f11_hist 6 2 19 1.3045350504e-05
f11_hist 6 2 20 4.9924048992e-06
f11_hist 6 2 21 6.2788866833e-07
f11_hist 6 2 22 3.9395394299e-08
f11_hist 6 3 2 4.2693980783e-07
f11_hist 6 3 3 2.9427968299e-06
f11_hist 6 3 4 1.2193729669e-05
f11_hist 6 3 5 4.4193292012e-05
f11_hist 6 3 6 1.0191125807e-04
f11_hist 6 3 7 2.1111543876e-04
f11_hist 6 3 8 3.6590433135e-04
f11_hist 6 3 9 5.2657196353e-04
f11_hist 6 3 10 6.8817403997e-04
f11_hist 6 3 11 8.3385660072e-04
f11_hist 6 3 12 8.7561827482e-04
f11_hist 6 3 13 8.2351161350e-04
f11_hist 6 3 14 7.1271018264e-04
f11_hist 6 3 15 5.3650042702e-04
f11_hist 6 3 16 3.7206956957e-04
f11_hist 6 3 17 2.0892629329e-04
f11_hist 6 3 18 1.0359689873e-04
f11_hist 6 3 19 3.5859700244e-05
f11_hist 6 3 20 1.1538559302e-05
f11_hist 6 3 21 2.2021679527e-06
f11_hist 6 3 22 4.8294461559e-07
f11_hist 6 3 23 9.5562184583e-09
f11_hist 6 4 1 2.7695834782e-08
f11_hist 6 4 2 1.1128461530e-06
f11_hist 6 4 3 5.0449579567e-06
f11_hist 6 4 4 2.4438223875e-05
f11_hist 6 4 5 8.0516628215e-05
f11_hist 6 4 6 2.0588737650e-04
f11_hist 6 4 7 3.9607566459e-04
f11_hist 6 4 8 6.8584051958e-04
f11_hist 6 4 9 1.0056724274e-03
f11_hist 6 4 10 1.3275569831e-03
f11_hist 6 4 11 1.5366271870e-03
f11_hist 6 4 12 1.6278058751e-03
f11_hist 6 4 13 1.5505896646e-03
f11_hist 6 4 14 1.3404116397e-03
f11_hist 6 4 15 1.0311524940e-03
f11_hist 6 4 16 7.0941130019e-04
f11_hist 6 4 17 4.0036181409e-04
f11_hist 6 4 18 2.0074945190e-04
f11_hist 6 4 19 7.9291141090e-05
f11_hist 6 4 20 2.5558135684e-05
f11_hist 6 4 21 4.5269800663e-06
f11_hist 6 4 22 7.0511345692e-07
f11_hist 6 4 23 2.9438275124e-08
f11_hist 6 5 1 6.3685733112e-08
f11_hist 6 5 2 7.4913864924e-07
f11_hist 6 5 3 8.3086854779e-06
f11_hist 6 5 4 3.5087616825e-05
f11_hist 6 5 5 1.0624387907e-04
f11_hist 6 5 6 2.6574675393e-04
f11_hist 6 5 7 5.2537977843e-04
f11_hist 6 5 8 9.2287372624e-04
f11_hist 6 5 9 1.3360322038e-03
f11_hist 6 5 10 1.7211963388e-03
f11_hist 6 5 11 2.0416544616e-03
f11_hist 6 5 12 2.1689098560e-03
f11_hist 6 5 13 2.0465596344e-03
f11_hist 6 5 14 1.8035286238e-03
f11_hist 6 5 15 1.3709054432e-03
f11_hist 6 5 16 9.4742268262e-04
f11_hist 6 5 17 5.4503785741e-04
f11_hist 6 5 18 2.7367936574e-04
f11_hist 6 5 19 1.0648609833e-04
f11_hist 6 5 20 2.8279565969e-05
f11_hist 6 5 21 6.9851121285e-06
f11_hist 6 5 22 1.0914060178e-06
f11_hist 6 5 23 1.0273065410e-07
f11_hist 6 6 1 8.0240008928e-08
f11_hist 6 6 2 1.1802047917e-06
f11_hist 6 6 3 7.2304160986e-06
f11_hist 6 6 4 3.4074657199e-05
f11_hist 6 6 5 1.0231786955e-04
f11_hist 6 6 6 2.7416867252e-04
f11_hist 6 6 7 5.2782484676e-04
f11_hist 6 6 8 8.9299187171e-04
f11_hist 6 6 9 1.3013942128e-03
f11_hist 6 6 10 1.6780519381e-03
f11_hist 6 6 11 1.9215086120e-03
f11_hist 6 6 12 2.0597041496e-03
f11_hist 6 6 13 1.9611193977e-03
f11_hist 6 6 14 1.7309166521e-03
f11_hist 6 6 15 1.3130871624e-03
f11_hist 6 6 16 9.3883283057e-04
f11_hist 6 6 17 5.1939345378e-04
f11_hist 6 6 18 2.7515723987e-04
f11_hist 6 6 19 1.0469082382e-04
f11_hist 6 6 20 2.9591213118e-05
f11_hist 6 6 21 7.0834958390e-06
f11_hist 6 6 22 8.6862002754e-07
f11_hist 6 6 23 9.4615086397e-09
f11_hist 6 6 24 3.2080319836e-09
f11_hist 6 7 1 5.6177161837e-08
f11_hist 6 7 2 8.7962756880e-07
f11_hist 6 7 3 5.7119499255e-06
f11_hist 6 7 4 2.3265842817e-05
f11_hist 6 7 5 7.7006746613e-05
f11_hist 6 7 6 1.9243154546e-04
f11_hist 6 7 7 3.7320431614e-04
f11_hist 6 7 8 6.4528178564e-04
f11_hist 6 7 9 8.9623582990e-04
f11_hist 6 7 10 1.1937305636e-03
f11_hist 6 7 11 1.3568160278e-03
f11_hist 6 7 12 1.4598635195e-03
f11_hist 6 7 13 1.3777594375e-03
f11_hist 6 7 14 1.2577151884e-03
f11_hist 6 7 15 9.3345481932e-04
f11_hist 6 7 16 6.8555626784e-04
f11_hist 6 7 17 3.8185679659e-04
f11_hist 6 7 18 2.0601069122e-04
f11_hist 6 7 19 7.3102336589e-05
f11_hist 6 7 20 2.3628998940e-05
f11_hist 6 7 21 4.8834828552e-06
f11_hist 6 7 22 7.2086133990e-07
f11_hist 6 7 23 1.2741395653e-07
f11_hist 6 7 24 5.6909397683e-10
f11_hist 6 8 1 1.0148757889e-07
f11_hist 6 8 2 5.8881850661e-07
f11_hist 6 8 3 2.6063749713e-06
f11_hist 6 8 4 1.4143422731e-05
f11_hist 6 8 5 4.0002782538e-05
f11_hist 6 8 6 1.0421470315e-04
f11_hist 6 8 7 1.9979107581e-04
f11_hist 6 8 8 3.4622674610e-04
f11_hist 6 8 9 4.7299873740e-04
f11_hist 6 8 10 6.2797994356e-04
f11_hist 6 8 11 7.2271765116e-04
f11_hist 6 8 12 7.8557382049e-04
f11_hist 6 8 13 7.3008864697e-04
f11_hist 6 8 14 6.6615188758e-04
f11_hist 6 8 15 4.9199131417e-04
f11_hist 6 8 16 3.6975133775e-04
f11_hist 6 8 17 1.9862034226e-04
f11_hist 6 8 18 1.1074777490e-04
f11_hist 6 8 19 3.9021349337e-05
f11_hist 6 8 20 1.2175087764e-05
f11_hist 6 8 21 2.6325233972e-06
f11_hist 6 8 22 3.6450870861e-07
f11_hist 6 8 23 1.1295783927e-07
f11_hist 6 9 1 1.7051519516e-07
f11_hist 6 9 2 3.7456097532e-07
f11_hist 6 9 3 9.1979442900e-07
f11_hist 6 9 4 5.2687611376e-06
f11_hist 6 9 5 1.4854591826e-05
f11_hist 6 9 6 4.2736334593e-05
f11_hist 6 9 7 7.8211763032e-05
f11_hist 6 9 8 1.3497219139e-04
f11_hist 6 9 9 1.8549324234e-04
f11_hist 6 9 10 2.5420850232e-04
f11_hist 6 9 11 2.7517204683e-04
f11_hist 6 9 12 2.8812048213e-04
f11_hist 6 9 13 2.8443967409e-04
f11_hist 6 9 14 2.6460813802e-04
f11_hist 6 9 15 1.8796060704e-04
f11_hist 6 9 16 1.5180825926e-04
f11_hist 6 9 17 8.0805063996e-05
f11_hist 6 9 18 4.3573783232e-05
f11_hist 6 9 19 1.4057694600e-05
f11_hist 6 9 20 3.9809034105e-06
f11_hist 6 9 21 1.3610139350e-06
f11_hist 6 9 22 4.6332952410e-08
f11_hist 6 10 2 2.0078720399e-09
f11_hist 6 10 3 4.1397000450e-07
f11_hist 6 10 4 1.1191695438e-06
f11_hist 6 10 5 4.4668949128e-06
f11_hist 6 10 6 1.3178272922e-05
f11_hist 6 10 7 2.3333665281e-05
f11_hist 6 10 8 3.7750065786e-05
f11_hist 6 10 9 5.0497208337e-05
f11_hist 6 10 10 7.5425404331e-05
f11_hist 6 10 11 8.0083172963e-05
f11_hist 6 10 12 8.7823545905e-05
f11_hist 6 10 13 8.0257354821e-05
f11_hist 6 10 14 8.1043677009e-05
f11_hist 6 10 15 5.4542904401e-05
f11_hist 6 10 16 4.3363631974e-05
f11_hist 6 10 17 1.9676787682e-05
f11_hist 6 10 18 1.2087523833e-05
f11_hist 6 10 19 4.8557429358e-06
f11_hist 6 10 20 1.1354387908e-06
f11_hist 6 10 21 2.5866264350e-07
f11_hist 6 10 22 1.2499419085e-08
f11_hist 6 10 23 2.4507086803e-09
f11_hist 6 11 2 2.4004778969e-08
f11_hist 6 11 3 1.2421673948e-07
f11_hist 6 11 4 1.7451954475e-07
f11_hist 6 11 5 1.2106870239e-06
f11_hist 6 11 6 2.3407222710e-06
f11_hist 6 11 7 5.2031319341e-06
f11_hist 6 11 8 9.7548071477e-06
f11_hist 6 11 9 1.0073976384e-05
f11_hist 6 11 10 1.5802556268e-05
f11_hist 6 11 11 1.6635364608e-05
f11_hist 6 11 12 1.7986199033e-05
f11_hist 6 11 13 1.5474775245e-05
f11_hist 6 11 14 1.6169086759e-05
f11_hist 6 11 15 9.7735168028e-06
f11_hist 6 11 16 9.7737135541e-06
f11_hist 6 11 17 5.3102438786e-06
f11_hist 6 11 18 2.8245437699e-06
f11_hist 6 11 19 1.5363850979e-06
f11_hist 6 11 20 4.1303072081e-07
f11_hist 6 11 21 6.0152012226e-08
f11_hist 6 11 22 1.7900583808e-08
f11_hist 6 12 3 9.5472056613e-09
f11_hist 6 12 4 1.6479903690e-08
f11_hist 6 12 5 1.1582917341e-07
f11_hist 6 12 6 4.5670482829e-07
f11_hist 6 12 7 8.5925944352e-07
f11_hist 6 12 8 1.3343910695e-06
f11_hist 6 12 9 1.8426914126e-06
f11_hist 6 12 10 3.0251226947e-06
f11_hist 6 12 11 2.1866868156e-06
f11_hist 6 12 12 3.0976682914e-06
f11_hist 6 12 13 2.4623152740e-06
f11_hist 6 12 14 2.9073157721e-06
f11_hist 6 12 15 1.3067178536e-06
f11_hist 6 12 16 1.8338562526e-06
f11_hist 6 12 17 6.0070048622e-07
f11_hist 6 12 18 4.3972199035e-07
f11_hist 6 12 19 4.6806299539e-08
f11_hist 6 12 20 4.9480500783e-08
f11_hist 6 12 21 1.7788651362e-08
f11_hist 6 13 6 4.2172747846e-08
f11_hist 6 13 7 1.1962439634e-07
f11_hist 6 13 8 1.6317009854e-07
f11_hist 6 13 9 2.7597734881e-07
f11_hist 6 13 10 5.1488511848e-07
f11_hist 6 13 11 2.0850628430e-07
f11_hist 6 13 12 3.5093526575e-07
f11_hist 6 13 13 1.3650882342e-07
f11_hist 6 13 14 3.5694477928e-07
f11_hist 6 13 15 9.6790833162e-08
f11_hist 6 13 16 2.9807216704e-07
f11_hist 6 13 17 2.5835502826e-08
f11_hist 6 13 18 1.5557003132e-07
f11_hist 6 14 8 7.6752256886e-09
f11_hist 6 14 11 1.5177589101e-08
f11_hist 6 14 12 2.2353204060e-08
f11_hist 6 14 13 7.7118244949e-10
f11_hist 6 14 14 1.5231565421e-09
f11_hist 6 14 16 1.6943691027e-08
f11_hist 7 0 3 1.0250115181e-07
f11_hist 7 0 4 1.8611081502e-07
f11_hist 7 0 5 2.1925390076e-07
f11_hist 7 0 6 3.0783921350e-07
f11_hist 7 0 7 2.2601731726e-06
f11_hist 7 0 8 3.0703523131e-06
f11_hist 7 0 9 5.9989612659e-06
f11_hist 7 0 10 9.8114262048e-06
f11_hist 7 0 11 1.1106775196e-05
f11_hist 7 0 12 1.1078047624e-05
f11_hist 7 0 13 1.0633545062e-05
f11_hist 7 0 14 8.8020074901e-06
f11_hist 7 0 15 5.8810001928e-06
f11_hist 7 0 16 3.5321153311e-06
f11_hist 7 0 17 2.0260215225e-06
f11_hist 7 0 18 9.3630994670e-07
f11_hist 7 0 19 3.5022937558e-07
f11_hist 7 0 20 1.1275957753e-07
f11_hist 7 1 3 6.7087000209e-08
f11_hist 7 1 4 5.4078014810e-07
f11_hist 7 1 5 3.6618081519e-06
f11_hist 7 1 6 1.1666754557e-05
f11_hist 7 1 7 2.0592985584e-05
f11_hist 7 1 8 4.1508372336e-05
f11_hist 7 1 9 6.6945290075e-05
f11_hist 7 1 10 9.3966995444e-05
f11_hist 7 1 11 1.1404750640e-04
f11_hist 7 1 12 1.2698671764e-04
f11_hist 7 1 13 1.1159995838e-04
f11_hist 7 1 14 9.3427541764e-05
f11_hist 7 1 15 6.8399418040e-05
f11_hist 7 1 16 4.2369294267e-05
f11_hist 7 1 17 2.3779418409e-05
f11_hist 7 1 18 1.0025213681e-05
f11_hist 7 1 19 3.2505407694e-06
f11_hist 7 1 20 4.4528497029e-07
f11_hist 7 1 21 7.0856810670e-08
f11_hist 7 2 2 2.5049826001e-07
f11_hist 7 2 3 1.1987402401e-06
f11_hist 7 2 4 4.5110425895e-06
f11_hist 7 2 5 1.5144529804e-05
f11_hist 7 2 6 4.8719169629e-05
f11_hist 7 2 7 1.1113176535e-04
f11_hist 7 2 8 2.0304977351e-04
f11_hist 7 2 9 3.1955536466e-04
f11_hist 7 2 10 4.4020355125e-04
f11_hist 7 2 11 5.2208627117e-04
f11_hist 7 2 12 5.6451333613e-04
f11_hist 7 2 13 5.3824619652e-04
f11_hist 7 2 14 4.3859300203e-04
f11_hist 7 2 15 3.1633949152e-04
f11_hist 7 2 16 1.8578892335e-04
f11_hist 7 2 17 1.0700948137e-04
f11_hist 7 2 18 4.8610811100e-05
f11_hist 7 2 19 1.6059122893e-05
f11_hist 7 2 20 4.5155747059e-06
f11_hist 7 2 21 9.0529223211e-07
f11_hist 7 2 22 5.3801045281e-08
f11_hist 7 3 1 9.0345372418e-08
f11_hist 7 3 2 2.9000109567e-07
f11_hist 7 3 3 2.9227025738e-06
f11_hist 7 3 4 1.4810591405e-05
f11_hist 7 3 5 5.1464274729e-05
f11_hist 7 3 6 1.3861484812e-04
f11_hist 7 3 7 3.1405594307e-04
f11_hist 7 3 8 5.6889097285e-04
f11_hist 7 3 9 8.8647625372e-04
f11_hist 7 3 10 1.2282911163e-03
f11_hist 7 3 11 1.4817808410e-03
f11_hist 7 3 12 1.5801185140e-03
f11_hist 7 3 13 1.5165224183e-03
f11_hist 7 3 14 1.2381016617e-03
f11_hist 7 3 15 9.1000499891e-04
f11_hist 7 3 16 5.5667985085e-04
f11_hist 7 3 17 3.0963834682e-04
f11_hist 7 3 18 1.3006129372e-04
f11_hist 7 3 19 4.6461520024e-05
f11_hist 7 3 20 1.2360386772e-05
f11_hist 7 3 21 2.5721096166e-06
f11_hist 7 3 22 2.7992024001e-07
f11_hist 7 3 23 8.2565653256e-08
f11_hist 7 4 1 1.5068207939e-08
f11_hist 7 4 2 7.5398670935e-07
f11_hist 7 4 3 5.9217752898e-06
f11_hist 7 4 4 2.8466957566e-05
f11_hist 7 4 5 9.6844994617e-05
f11_hist 7 4 6 2.6868884090e-04
f11_hist 7 4 7 5.7908928734e-04
f11_hist 7 4 8 1.0753211694e-03
f11_hist 7 4 9 1.6702938094e-03
f11_hist 7 4 10 2.3060503986e-03
f11_hist 7 4 11 2.8085202445e-03
f11_hist 7 4 12 2.9693292527e-03
f11_hist 7 4 13 2.8087031025e-03
f11_hist 7 4 14 2.3099819021e-03
f11_hist 7 4 15 1.6822612964e-03
f11_hist 7 4 16 1.0403764453e-03
f11_hist 7 4 17 5.7209625822e-04
f11_hist 7 4 18 2.4947870074e-04
f11_hist 7 4 19 9.1122492269e-05
f11_hist 7 4 20 2.4144023797e-05
f11_hist 7 4 21 4.6818872324e-06
f11_hist 7 4 22 7.0899039056e-07
f11_hist 7 4 23 1.0506800286e-07
f11_hist 7 5 1 1.2058340106e-07
f11_hist 7 5 2 1.3942257952e-06
f11_hist 7 5 3 7.8670344360e-06
f11_hist 7 5 4 3.6477107888e-05
f11_hist 7 5 5 1.3094035222e-04
f11_hist 7 5 6 3.4031518915e-04
f11_hist 7 5 7 7.6212909887e-04
f11_hist 7 5 8 1.3846250199e-03
f11_hist 7 5 9 2.2200724241e-03
f11_hist 7 5 10 3.0555721491e-03
f11_hist 7 5 11 3.7060802866e-03
f11_hist 7 5 12 3.8761276276e-03
f11_hist 7 5 13 3.7159170559e-03
f11_hist 7 5 14 3.0101834130e-03
f11_hist 7 5 15 2.2819541600e-03
f11_hist 7 5 16 1.4076941314e-03
f11_hist 7 5 17 7.8187789109e-04
f11_hist 7 5 18 3.3779593235e-04
f11_hist 7 5 19 1.1391604164e-04
f11_hist 7 5 20 3.2415776746e-05
f11_hist 7 5 21 6.0052836557e-06
f11_hist 7 5 22 1.1405397401e-06
f11_hist 7 5 23 5.4747915356e-09
f11_hist 7 6 0 3.0759099813e-08
f11_hist 7 6 1 1.4952981457e-07
f11_hist 7 6 2 2.1069871686e-06
f11_hist 7 6 3 9.0296695983e-06
f11_hist 7 6 4 3.9376331245e-05
f11_hist 7 6 5 1.3143840365e-04
f11_hist 7 6 6 3.3924213640e-04
f11_hist 7 6 7 7.3827848520e-04
f11_hist 7 6 8 1.3456871140e-03
f11_hist 7 6 9 2.1443424118e-03
f11_hist 7 6 10 2.9155166484e-03
f11_hist 7 6 11 3.5403360047e-03
f11_hist 7 6 12 3.7024750308e-03
f11_hist 7 6 13 3.6139449459e-03
f11_hist 7 6 14 2.9204368269e-03
f11_hist 7 6 15 2.2150086186e-03
f11_hist 7 6 16 1.3478123479e-03
f11_hist 7 6 17 7.4657066421e-04
f11_hist 7 6 18 3.1662987854e-04
f11_hist 7 6 19 1.1239499482e-04
f11_hist 7 6 20 3.3157878525e-05
f11_hist 7 6 21 7.2349575654e-06
f11_hist 7 6 22 1.7958326983e-06
f11_hist 7 6 23 1.4581760487e-07
f11_hist 7 7 1 5.2832407289e-08
f11_hist 7 7 2 7.8757749311e-07
f11_hist 7 7 3 6.1035735657e-06
f11_hist 7 7 4 2.7972125954e-05
f11_hist 7 7 5 8.9528499832e-05
f11_hist 7 7 6 2.4086732521e-04
f11_hist 7 7 7 5.2153984150e-04
f11_hist 7 7 8 9.5612730880e-04
f11_hist 7 7 9 1.5391466681e-03
f11_hist 7 7 10 2.0620239919e-03
f11_hist 7 7 11 2.5210861070e-03
f11_hist 7 7 12 2.6261213039e-03
f11_hist 7 7 13 2.5510727064e-03
f11_hist 7 7 14 2.0699283575e-03
f11_hist 7 7 15 1.5750942879e-03
f11_hist 7 7 16 9.6167312940e-04
f11_hist 7 7 17 5.4071783856e-04
f11_hist 7 7 18 2.3862342785e-04
f11_hist 7 7 19 7.8674308111e-05
f11_hist 7 7 20 2.2281213051e-05
f11_hist 7 7 21 4.6473129686e-06
f11_hist 7 7 22 6.9362151132e-07
f11_hist 7 7 23 5.5452187888e-08
f11_hist 7 8 1 4.5340710847e-08
f11_hist 7 8 2 6.7474804262e-07
f11_hist 7 8 3 3.0446386134e-06
f11_hist 7 8 4 1.3108810605e-05
f11_hist 7 8 5 5.0391926784e-05
f11_hist 7 8 6 1.2775203208e-04
f11_hist 7 8 7 2.7365154405e-04
f11_hist 7 8 8 4.9921147170e-04
f11_hist 7 8 9 8.1032127721e-04
f11_hist 7 8 10 1.0781521606e-03
f11_hist 7 8 11 1.3283706331e-03
f11_hist 7 8 12 1.3588828979e-03
f11_hist 7 8 13 1.3417245092e-03
f11_hist 7 8 14 1.0638249421e-03
f11_hist 7 8 15 8.4205265861e-04
f11_hist 7 8 16 5.0269719307e-04
f11_hist 7 8 17 2.9402900486e-04
f11_hist 7 8 18 1.2269547221e-04
f11_hist 7 8 19 4.5817398235e-05
f11_hist 7 8 20 1.2152480732e-05
f11_hist 7 8 21 2.9682966064e-06
f11_hist 7 8 22 2.4625904556e-07
f11_hist 7 8 23 4.6232525814e-08
f11_hist 7 9 1 3.2545793271e-08
f11_hist 7 9 2 2.3084834240e-07
f11_hist 7 9 3 1.5604386345e-06
f11_hist 7 9 4 5.7515675072e-06
f11_hist 7 9 5 1.7659508433e-05
f11_hist 7 9 6 4.6219264237e-05
f11_hist 7 9 7 1.1243856583e-04
f11_hist 7 9 8 1.9214553134e-04
f11_hist 7 9 9 3.2093354618e-04
f11_hist 7 9 10 4.2385267771e-04
f11_hist 7 9 11 5.2775276181e-04
f11_hist 7 9 12 5.3157527202e-04
f11_hist 7 9 13 5.2918187482e-04
f11_hist 7 9 14 4.2949882991e-04
f11_hist 7 9 15 3.3623269728e-04
f11_hist 7 9 16 1.9836386087e-04
f11_hist 7 9 17 1.1751491420e-04
f11_hist 7 9 18 4.7144766854e-05
f11_hist 7 9 19 1.5104487593e-05
f11_hist 7 9 20 6.0333722742e-06
f11_hist 7 9 21 6.7491833587e-07
f11_hist 7 9 22 1.1820961911e-07
f11_hist 7 9 23 2.4060049985e-09
f11_hist 7 10 2 2.5602397869e-09
f11_hist 7 10 3 2.5066472537e-07
f11_hist 7 10 4 1.3440186012e-06
f11_hist 7 10 5 4.5731186047e-06
f11_hist 7 10 6 1.4211088278e-05
f11_hist 7 10 7 3.1619188257e-05
f11_hist 7 10 8 5.5787520196e-05
f11_hist 7 10 9 9.5943459430e-05
f11_hist 7 10 10 1.1900183258e-04
f11_hist 7 10 11 1.5263112414e-04
f11_hist 7 10 12 1.5608922380e-04
f11_hist 7 10 13 1.5982114002e-04
f11_hist 7 10 14 1.1806985336e-04
f11_hist 7 10 15 1.0196846800e-04
f11_hist 7 10 16 5.5572835799e-05
f11_hist 7 10 17 3.4358119413e-05
f11_hist 7 10 18 1.3704543054e-05
f11_hist 7 10 19 4.9147147176e-06
f11_hist 7 10 20 1.4946400958e-06
f11_hist 7 10 21 2.7252440461e-07
f11_hist 7 10 22 8.5974870569e-08
f11_hist 7 11 3 1.1029739845e-07
f11_hist 7 11 4 2.1769631856e-07
f11_hist 7 11 5 1.0249564172e-06
f11_hist 7 11 6 2.5920800406e-06
f11_hist 7 11 7 6.3888356967e-06
f11_hist 7 11 8 1.1278578823e-05
f11_hist 7 11 9 2.0957600888e-05
f11_hist 7 11 10 2.4895668773e-05
f11_hist 7 11 11 3.1958783860e-05
f11_hist 7 11 12 3.0511262283e-05
f11_hist 7 11 13 3.2603269076e-05
f11_hist 7 11 14 2.4537407648e-05
f11_hist 7 11 15 2.2221755270e-05
f11_hist 7 11 16 1.1578715370e-05
f11_hist 7 11 17 6.5057208901e-06
f11_hist 7 11 18 3.2710260451e-06
f11_hist 7 11 19 8.1041558047e-07
f11_hist 7 11 20 2.5941002809e-07
f11_hist 7 11 21 1.5163501388e-08
f11_hist 7 12 4 6.2792850316e-09
f11_hist 7 12 5 1.4968778472e-07
f11_hist 7 12 6 4.2172980179e-07
f11_hist 7 12 7 1.1219132867e-06
f11_hist 7 12 8 2.2912227920e-06
f11_hist 7 12 9 3.6739932341e-06
f11_hist 7 12 10 4.8297630699e-06
f11_hist 7 12 11 4.2840201401e-06
f11_hist 7 12 12 5.6730268864e-06
f11_hist 7 12 13 4.7774785218e-06
f11_hist 7 12 14 3.5893742087e-06
f11_hist 7 12 15 4.2067081165e-06
f11_hist 7 12 16 2.1261111548e-06
f11_hist 7 12 17 9.5314538416e-07
f11_hist 7 12 18 5.6868975705e-07
f11_hist 7 12 19 3.0494580109e-07
f11_hist 7 12 20 1.9265403419e-08
f11_hist 7 12 21 1.6453808627e-08
f11_hist 7 13 4 5.1296349199e-09
f11_hist 7 13 5 8.3796824648e-09
f11_hist 7 13 6 1.8367337717e-07
f11_hist 7 13 7 9.3667116485e-09
f11_hist 7 13 8 2.7737596619e-08
f11_hist 7 13 9 1.8663510612e-07
f11_hist 7 13 10 3.6564346280e-07
f11_hist 7 13 11 6.9870772879e-07
f11_hist 7 13 12 6.4117780640e-07
f11_hist 7 13 13 3.8787002907e-07
f11_hist 7 13 14 6.3693423795e-07
f11_hist 7 13 15 1.6898410361e-07
f11_hist 7 13 16 3.3429686626e-07
f11_hist 7 13 17 1.8710989528e-08
f11_hist 7 13 18 1.0694489541e-07
f11_hist 7 13 19 4.0170521145e-08
f11_hist 7 14 8 4.0515860743e-09
f11_hist 7 14 10 1.0378479540e-08
f11_hist 7 14 11 3.0517141310e-08
f11_hist 7 14 12 4.3557984239e-10
f11_hist 7 14 13 7.0427894831e-09
f11_hist 7 14 15 1.1417783001e-08
f11_hist 7 16 13 4.2535201150e-09
f11_hist 8 0 4 1.8028887657e-07
f11_hist 8 0 5 7.1679607840e-07
f11_hist 8 0 6 6.6872949433e-07
f11_hist 8 0 7 2.5347581883e-06
f11_hist 8 0 8 5.9427437939e-06
f11_hist 8 0 9 8.9305991217e-06
f11_hist 8 0 10 1.2514927512e-05
f11_hist 8 0 11 1.5211657637e-05
f11_hist 8 0 12 1.5794638779e-05
f11_hist 8 0 13 1.4654294221e-05
f11_hist 8 0 14 1.1979314370e-05
f11_hist 8 0 15 9.1137495572e-06
f11_hist 8 0 16 4.9105787804e-06
f11_hist 8 0 17 2.6201942197e-06
f11_hist 8 0 18 9.9597347764e-07
f11_hist 8 0 19 2.3385159792e-07
f11_hist 8 0 20 1.1140447134e-07
f11_hist 8 1 3 2.3371338236e-07
f11_hist 8 1 4 1.1725274511e-06
f11_hist 8 1 5 4.3349125930e-06
f11_hist 8 1 6 1.2084636111e-05
f11_hist 8 1 7 2.7582968609e-05
f11_hist 8 1 8 5.4159056886e-05
f11_hist 8 1 9 9.6860748237e-05
f11_hist 8 1 10 1.3497540696e-04
f11_hist 8 1 11 1.5623897188e-04
f11_hist 8 1 12 1.6812334196e-04
f11_hist 8 1 13 1.5648174180e-04
f11_hist 8 1 14 1.3383580219e-04
f11_hist 8 1 15 9.1224954073e-05
f11_hist 8 1 16 5.5791353742e-05
f11_hist 8 1 17 2.6338933993e-05
f11_hist 8 1 18 1.1276221927e-05
f11_hist 8 1 19 3.1856983615e-06
f11_hist 8 1 20 6.6188690170e-07
f11_hist 8 1 21 1.4660526256e-07
f11_hist 8 2 1 5.7748497382e-09
f11_hist 8 2 2 1.1648789571e-07
f11_hist 8 2 3 7.5152570982e-07
f11_hist 8 2 4 6.2049960684e-06
f11_hist 8 2 5 1.9930024149e-05
f11_hist 8 2 6 5.5882268222e-05
f11_hist 8 2 7 1.3479233193e-04
f11_hist 8 2 8 2.6158732739e-04
f11_hist 8 2 9 4.2453096573e-04
f11_hist 8 2 10 6.1986309584e-04
f11_hist 8 2 11 7.4927710297e-04
f11_hist 8 2 12 7.9569783245e-04
f11_hist 8 2 13 7.5505230656e-04
f11_hist 8 2 14 5.9878367735e-04
f11_hist 8 2 15 4.2958194664e-04
f11_hist 8 2 16 2.5066278370e-04
f11_hist 8 2 17 1.2027007509e-04
f11_hist 8 2 18 5.0922716692e-05
f11_hist 8 2 19 1.7203799281e-05
f11_hist 8 2 20 4.9901010830e-06
f11_hist 8 2 21 1.2454835973e-06
f11_hist 8 2 22 1.4190029417e-07
f11_hist 8 2 23 7.3864804682e-08
f11_hist 8 3 2 6.4118961310e-07
f11_hist 8 3 3 3.2295599099e-06
f11_hist 8 3 4 1.4383145379e-05
f11_hist 8 3 5 5.8236649596e-05
f11_hist 8 3 6 1.6709481277e-04
f11_hist 8 3 7 3.7639713860e-04
f11_hist 8 3 8 7.2777582802e-04
f11_hist 8 3 9 1.2034376232e-03
f11_hist 8 3 10 1.7448500506e-03
f11_hist 8 3 11 2.1106664038e-03
f11_hist 8 3 12 2.2889681128e-03
f11_hist 8 3 13 2.0908819379e-03
f11_hist 8 3 14 1.7146342847e-03
f11_hist 8 3 15 1.1799348949e-03
f11_hist 8 3 16 7.2510991510e-04
f11_hist 8 3 17 3.4748907639e-04
f11_hist 8 3 18 1.4762677914e-04
f11_hist 8 3 19 4.9063597977e-05
f11_hist 8 3 20 1.3716361048e-05
f11_hist 8 3 21 2.1519704400e-06
f11_hist 8 3 22 3.4703380082e-07
f11_hist 8 3 23 2.5709898741e-08
f11_hist 8 3 24 3.8484513725e-08
f11_hist 8 4 1 4.3710672475e-08
f11_hist 8 4 2 9.1462859915e-07
f11_hist 8 4 3 8.1289091574e-06
f11_hist 8 4 4 2.9002334812e-05
f11_hist 8 4 5 1.0552853803e-04
f11_hist 8 4 6 3.0214299027e-04
f11_hist 8 4 7 7.0208051459e-04
f11_hist 8 4 8 1.3662006501e-03
f11_hist 8 4 9 2.2414648851e-03
f11_hist 8 4 10 3.2194505109e-03
f11_hist 8 4 11 3.9555193843e-03
f11_hist 8 4 12 4.2903793269e-03
f11_hist 8 4 13 3.9156586947e-03
f11_hist 8 4 14 3.2108752889e-03
f11_hist 8 4 15 2.2188752983e-03
f11_hist 8 4 16 1.3395549747e-03
f11_hist 8 4 17 6.7201597383e-04
f11_hist 8 4 18 2.7816316951e-04
f11_hist 8 4 19 9.4239434418e-05
f11_hist 8 4 20 2.5151432344e-05
f11_hist 8 4 21 5.0146154708e-06
f11_hist 8 4 22 5.6161598219e-07
f11_hist 8 4 23 7.5226928662e-08
f11_hist 8 5 1 1.3897637330e-07
f11_hist 8 5 2 1.0558909063e-06
f11_hist 8 5 3 8.1793780266e-06
f11_hist 8 5 4 4.1453820829e-05
f11_hist 8 5 5 1.3862482026e-04
f11_hist 8 5 6 3.9633984432e-04
f11_hist 8 5 7 9.2476614736e-04
f11_hist 8 5 8 1.7881154663e-03
f11_hist 8 5 9 2.9719468150e-03
f11_hist 8 5 10 4.2231864203e-03
f11_hist 8 5 11 5.1722572462e-03
f11_hist 8 5 12 5.6377588211e-03
f11_hist 8 5 13 5.1304368050e-03
f11_hist 8 5 14 4.2496972407e-03
f11_hist 8 5 15 2.8931448335e-03
f11_hist 8 5 16 1.7631456719e-03
f11_hist 8 5 17 8.7661441758e-04
f11_hist 8 5 18 3.5970363366e-04
f11_hist 8 5 19 1.3059174121e-04
f11_hist 8 5 20 3.4787309007e-05
f11_hist 8 5 21 7.6986011882e-06
f11_hist 8 5 22 1.7585472284e-06
f11_hist 8 5 23 7.7889902674e-08
f11_hist 8 6 1 7.0109223688e-08
f11_hist 8 6 2 1.3230624871e-06
f11_hist 8 6 3 8.3096441257e-06
f11_hist 8 6 4 3.6586358529e-05
f11_hist 8 6 5 1.3013145174e-04
f11_hist 8 6 6 3.9453456111e-04
f11_hist 8 6 7 8.7993635243e-04
f11_hist 8 6 8 1.7049585696e-03
f11_hist 8 6 9 2.8743788211e-03
f11_hist 8 6 10 4.0848391671e-03
f11_hist 8 6 11 4.9342808121e-03
f11_hist 8 6 12 5.4206247306e-03
f11_hist 8 6 13 4.9317111527e-03
f11_hist 8 6 14 4.0757321551e-03
f11_hist 8 6 15 2.7815168048e-03
f11_hist 8 6 16 1.7101348440e-03
f11_hist 8 6 17 8.4240795830e-04
f11_hist 8 6 18 3.4368072873e-04
f11_hist 8 6 19 1.2513745731e-04
f11_hist 8 6 20 3.3435952139e-05
f11_hist 8 6 21 7.7786013184e-06
f11_hist 8 6 22 1.0242303752e-06
f11_hist 8 7 1 9.5327702414e-09
f11_hist 8 7 2 1.2758504542e-06
f11_hist 8 7 3 5.5115792409e-06
f11_hist 8 7 4 2.5975292760e-05
f11_hist 8 7 5 9.4334102584e-05
f11_hist 8 7 6 2.6845223413e-04
f11_hist 8 7 7 6.1509656233e-04
f11_hist 8 7 8 1.2279027547e-03
f11_hist 8 7 9 1.9707334132e-03
f11_hist 8 7 10 2.8936707186e-03
f11_hist 8 7 11 3.4846593667e-03
f11_hist 8 7 12 3.8905680850e-03
f11_hist 8 7 13 3.5056871797e-03
f11_hist 8 7 14 2.9223066044e-03
f11_hist 8 7 15 1.9708753522e-03
f11_hist 8 7 16 1.2052922414e-03
f11_hist 8 7 17 5.9060932591e-04
f11_hist 8 7 18 2.4734491299e-04
f11_hist 8 7 19 8.9935197223e-05
f11_hist 8 7 20 2.6990033914e-05
f11_hist 8 7 21 5.4928509829e-06
f11_hist 8 7 22 1.0310745531e-06
f11_hist 8 7 23 2.4240098192e-07
f11_hist 8 8 1 9.2226366878e-08
f11_hist 8 8 2 4.9808962612e-07
f11_hist 8 8 3 2.9105760130e-06
f11_hist 8 8 4 1.4592320781e-05
f11_hist 8 8 5 5.3780905207e-05
f11_hist 8 8 6 1.3745727471e-04
f11_hist 8 8 7 3.2110709144e-04
f11_hist 8 8 8 6.5081082893e-04
f11_hist 8 8 9 1.0376163210e-03
f11_hist 8 8 10 1.5403476220e-03
f11_hist 8 8 11 1.8226341983e-03
f11_hist 8 8 12 2.0857078213e-03
f11_hist 8 8 13 1.8229876935e-03
f11_hist 8 8 14 1.5646795272e-03
f11_hist 8 8 15 1.0306028319e-03
f11_hist 8 8 16 6.2912143200e-04
f11_hist 8 8 17 3.0895270880e-04
f11_hist 8 8 18 1.2711037967e-04
f11_hist 8 8 19 4.5680099611e-05
f11_hist 8 8 20 1.3969836244e-05
f11_hist 8 8 21 3.4592054397e-06
f11_hist 8 8 22 9.8556840893e-07
f11_hist 8 8 23 5.6287694534e-08
f11_hist 8 9 2 2.8412462477e-07
f11_hist 8 9 3 1.3353565518e-06
f11_hist 8 9 4 6.5525045713e-06
f11_hist 8 9 5 1.8625990123e-05
f11_hist 8 9 6 5.4639595850e-05
f11_hist 8 9 7 1.2242384448e-04
f11_hist 8 9 8 2.5573642044e-04
f11_hist 8 9 9 4.0027198140e-04
f11_hist 8 9 10 6.1044533712e-04
f11_hist 8 9 11 7.0919195527e-04
f11_hist 8 9 12 8.3370300051e-04
f11_hist 8 9 13 7.0718492664e-04
f11_hist 8 9 14 6.1281441911e-04
f11_hist 8 9 15 4.0727594207e-04
f11_hist 8 9 16 2.5296554945e-04
f11_hist 8 9 17 1.2067796912e-04
f11_hist 8 9 18 4.9020668820e-05
f11_hist 8 9 19 1.7875306597e-05
f11_hist 8 9 20 4.1536805956e-06
f11_hist 8 9 21 9.0799210138e-07
f11_hist 8 9 22 7.9501950195e-08
f11_hist 8 9 23 1.6836597834e-08
f11_hist 8 10 2 1.0073513784e-07
f11_hist 8 10 3 1.2600172351e-07
f11_hist 8 10 4 2.0326474553e-06
f11_hist 8 10 5 5.2949227560e-06
f11_hist 8 10 6 1.6160597472e-05
f11_hist 8 10 7 3.5796870313e-05
f11_hist 8 10 8 7.5152266484e-05
f11_hist 8 10 9 1.1795858436e-04
f11_hist 8 10 10 1.8377737283e-04
f11_hist 8 10 11 2.0354813278e-04
f11_hist 8 10 12 2.4643445611e-04
f11_hist 8 10 13 2.0257774119e-04
f11_hist 8 10 14 1.8554224197e-04
f11_hist 8 10 15 1.1655956461e-04
f11_hist 8 10 16 7.1348834608e-05
f11_hist 8 10 17 3.3387933379e-05
f11_hist 8 10 18 1.4514873684e-05
f11_hist 8 10 19 4.5477143601e-06
f11_hist 8 10 20 1.6323816558e-06
f11_hist 8 10 21 3.4944011263e-07
f11_hist 8 10 22 1.5928121051e-08
f11_hist 8 10 24 2.3660568942e-09
f11_hist 8 11 2 5.6734928274e-08
f11_hist 8 11 3 5.2487599261e-08
f11_hist 8 11 4 1.5173729735e-07
f11_hist 8 11 5 4.5420723404e-07
f11_hist 8 11 6 2.8057941892e-06
f11_hist 8 11 7 6.9947555256e-06
f11_hist 8 11 8 1.5905766567e-05
f11_hist 8 11 9 2.3893597835e-05
f11_hist 8 11 10 4.1914887725e-05
f11_hist 8 11 11 4.5072890572e-05
f11_hist 8 11 12 5.5145356825e-05
f11_hist 8 11 13 4.0067892558e-05
f11_hist 8 11 14 4.1103124439e-05
f11_hist 8 11 15 2.4308265676e-05
f11_hist 8 11 16 1.4876173396e-05
f11_hist 8 11 17 6.6829287398e-06
f11_hist 8 11 18 2.3245289493e-06
f11_hist 8 11 19 1.4452611576e-06
f11_hist 8 11 20 5.4272251901e-07
f11_hist 8 11 21 1.6225796239e-07
f11_hist 8 12 4 2.6099062070e-08
f11_hist 8 12 5 2.6403308751e-08
f11_hist 8 12 6 5.4391142587e-07
f11_hist 8 12 7 7.3883622740e-07
f11_hist 8 12 8 2.5495460733e-06
f11_hist 8 12 9 3.6242863842e-06
f11_hist 8 12 10 5.8892818570e-06
f11_hist 8 12 11 7.4261515498e-06
f11_hist 8 12 12 9.3155313157e-06
f11_hist 8 12 13 6.0075079202e-06
f11_hist 8 12 14 5.8300109240e-06
f11_hist 8 12 15 3.9582429695e-06
f11_hist 8 12 16 2.7020543755e-06
f11_hist 8 12 17 7.1457632515e-07
f11_hist 8 12 18 4.8688110472e-07
f11_hist 8 12 19 3.6571913602e-07
f11_hist 8 12 20 8.3074360605e-08
f11_hist 8 12 21 1.3139334886e-08
f11_hist 8 13 6 1.0898262956e-08
f11_hist 8 13 7 6.7127997056e-08
f11_hist 8 13 8 4.6352196563e-07
f11_hist 8 13 9 3.4889802083e-07
f11_hist 8 13 10 1.1664228137e-06
f11_hist 8 13 11 4.5229560795e-07
f11_hist 8 13 12 9.6928853765e-07
f11_hist 8 13 13 5.7167723657e-07
f11_hist 8 13 14 6.7745523979e-07
f11_hist 8 13 15 2.1258817853e-07
f11_hist 8 13 16 2.2822073880e-07
f11_hist 8 13 17 9.0881324247e-08
f11_hist 8 13 18 3.6015473301e-08
f11_hist 8 14 7 1.4498416179e-07
f11_hist 8 14 8 7.3967924076e-10
f11_hist 8 14 9 6.2566187074e-08
f11_hist 8 14 10 7.7325174353e-08
f11_hist 8 14 11 1.0215125761e-07
f11_hist 8 14 12 7.2824566730e-08
f11_hist 8 14 14 5.1612230399e-08
f11_hist 8 14 16 1.8269203259e-09
f11_hist 9 0 3 5.8222399550e-08
f11_hist 9 0 4 1.1593320510e-07
f11_hist 9 0 5 1.0028587101e-07
f11_hist 9 0 6 1.1825915999e-06
f11_hist 9 0 7 2.5678117208e-06
f11_hist 9 0 8 6.7739265060e-06
f11_hist 9 0 9 1.0472142034e-05
f11_hist 9 0 10 1.3975372569e-05
f11_hist 9 0 11 1.6431937379e-05
f11_hist 9 0 12 1.6305431277e-05
f11_hist 9 0 13 1.6838248346e-05
f11_hist 9 0 14 1.3234826341e-05
f11_hist 9 0 15 1.0265405249e-05
f11_hist 9 0 16 5.3446252175e-06
f11_hist 9 0 17 2.5195704165e-06
f11_hist 9 0 18 1.1358768409e-06
f11_hist 9 0 19 2.3734967706e-07
f11_hist 9 0 20 7.9998725030e-08
f11_hist 9 0 21 2.3689708341e-09
f11_hist 9 1 2 2.2827283758e-08
f11_hist 9 1 3 1.4933532511e-07
f11_hist 9 1 4 1.3939926331e-06
f11_hist 9 1 5 4.1018586651e-06
f11_hist 9 1 6 1.2959954501e-05
f11_hist 9 1 7 3.1319990367e-05
f11_hist 9 1 8 6.1787201044e-05
f11_hist 9 1 9 1.0476847399e-04
f11_hist 9 1 10 1.4759305994e-04
f11_hist 9 1 11 1.8376389015e-04
f11_hist 9 1 12 2.0017242390e-04
f11_hist 9 1 13 1.7946765223e-04
f11_hist 9 1 14 1.4396894108e-04
f11_hist 9 1 15 9.6635336677e-05
f11_hist 9 1 16 5.5623918457e-05
f11_hist 9 1 17 2.7345588215e-05
f11_hist 9 1 18 1.0684522668e-05
f11_hist 9 1 19 3.3692324274e-06
f11_hist 9 1 20 3.9416584414e-07
f11_hist 9 1 21 2.3605375690e-07
f11_hist 9 2 2 2.0670646936e-07
f11_hist 9 2 3 1.2687706423e-06
f11_hist 9 2 4 5.0854658610e-06
f11_hist 9 2 5 2.1295987352e-05
f11_hist 9 2 6 6.3947760617e-05
f11_hist 9 2 7 1.3539084796e-04
f11_hist 9 2 8 2.9762002997e-04
f11_hist 9 2 9 4.7058362916e-04
f11_hist 9 2 10 6.9105047214e-04
f11_hist 9 2 11 8.4264100712e-04
f11_hist 9 2 12 9.1115402972e-04
f11_hist 9 2 13 8.3496228832e-04
f11_hist 9 2 14 6.6340157398e-04
f11_hist 9 2 15 4.6089357013e-04
f11_hist 9 2 16 2.6128976224e-04
f11_hist 9 2 17 1.2474419599e-04
f11_hist 9 2 18 4.8289408573e-05
f11_hist 9 2 19 1.6950446100e-05
f11_hist 9 2 20 4.2765025376e-06
f11_hist 9 2 21 1.1948061018e-06
f11_hist 9 2 22 1.1200734910e-07
f11_hist 9 3 0 8.8315270990e-10
f11_hist 9 3 1 9.6029287106e-09
f11_hist 9 3 2 6.3443614597e-07
f11_hist 9 3 3 3.0911156182e-06
f11_hist 9 3 4 1.4952717987e-05
f11_hist 9 3 5 5.6007102629e-05
f11_hist 9 3 6 1.6549432523e-04
f11_hist 9 3 7 4.0155552373e-04
f11_hist 9 3 8 7.9076578761e-04
f11_hist 9 3 9 1.3272602601e-03
f11_hist 9 3 10 1.9239873377e-03
f11_hist 9 3 11 2.3701094807e-03
f11_hist 9 3 12 2.5137424070e-03
f11_hist 9 3 13 2.3493676502e-03
f11_hist 9 3 14 1.8487588090e-03
f11_hist 9 3 15 1.2963084832e-03
f11_hist 9 3 16 7.4362866756e-04
f11_hist 9 3 17 3.6937206751e-04
f11_hist 9 3 18 1.5581795624e-04
f11_hist 9 3 19 5.2153909189e-05
f11_hist 9 3 20 1.5763459442e-05
f11_hist 9 3 21 2.6215276429e-06
f11_hist 9 3 22 1.9917157455e-07
f11_hist 9 3 23 7.8208274148e-09
f11_hist 9 4 1 1.7970244368e-08
f11_hist 9 4 2 9.7258719633e-07
f11_hist 9 4 3 5.8484889334e-06
f11_hist 9 4 4 3.0065641891e-05
f11_hist 9 4 5 1.1157556689e-04
f11_hist 9 4 6 3.2475538521e-04
f11_hist 9 4 7 7.3532074710e-04
f11_hist 9 4 8 1.4915539777e-03
f11_hist 9 4 9 2.4956710696e-03
f11_hist 9 4 10 3.5625369823e-03
f11_hist 9 4 11 4.4499265080e-03
f11_hist 9 4 12 4.6861936879e-03
f11_hist 9 4 13 4.3676915066e-03
f11_hist 9 4 14 3.4725898838e-03
f11_hist 9 4 15 2.4024819601e-03
f11_hist 9 4 16 1.3776408891e-03
f11_hist 9 4 17 6.7853757559e-04
f11_hist 9 4 18 2.7741600571e-04
f11_hist 9 4 19 1.0336539659e-04
f11_hist 9 4 20 2.7105474071e-05
f11_hist 9 4 21 6.4644547640e-06
f11_hist 9 4 22 6.2386767099e-07
f11_hist 9 4 23 1.6180592740e-07
f11_hist 9 5 1 1.4124524693e-07
f11_hist 9 5 2 1.2329274642e-06
f11_hist 9 5 3 7.6756025405e-06
f11_hist 9 5 4 4.3733965332e-05
f11_hist 9 5 5 1.4275553061e-04
f11_hist 9 5 6 4.1902660210e-04
f11_hist 9 5 7 9.9294328468e-04
f11_hist 9 5 8 1.9531348492e-03
f11_hist 9 5 9 3.2920333186e-03
f11_hist 9 5 10 4.6748724583e-03
f11_hist 9 5 11 5.9141597626e-03
f11_hist 9 5 12 6.2109701803e-03
f11_hist 9 5 13 5.8016439835e-03
f11_hist 9 5 14 4.5838825550e-03
f11_hist 9 5 15 3.1862855284e-03
f11_hist 9 5 16 1.8398899830e-03
f11_hist 9 5 17 9.0950408138e-04
f11_hist 9 5 18 3.7109526162e-04
f11_hist 9 5 19 1.3044154450e-04
f11_hist 9 5 20 3.7034797434e-05
f11_hist 9 5 21 7.5757992957e-06
f11_hist 9 5 22 1.0779811065e-06
f11_hist 9 5 23 1.9581539955e-07
f11_hist 9 5 24 3.7782766224e-09
f11_hist 9 6 1 1.6026498475e-07
f11_hist 9 6 2 1.6475949674e-06
f11_hist 9 6 3 8.9313088887e-06
f11_hist 9 6 4 3.9485332416e-05
f11_hist 9 6 5 1.3922992616e-04
f11_hist 9 6 6 3.9625523271e-04
f11_hist 9 6 7 9.4363690608e-04
f11_hist 9 6 8 1.8438691692e-03
f11_hist 9 6 9 3.1781057948e-03
f11_hist 9 6 10 4.4844918964e-03
f11_hist 9 6 11 5.6844180353e-03
f11_hist 9 6 12 5.9169263197e-03
f11_hist 9 6 13 5.5552059336e-03
f11_hist 9 6 14 4.3550775101e-03
f11_hist 9 6 15 3.0475315736e-03
f11_hist 9 6 16 1.7604336116e-03
f11_hist 9 6 17 8.6565266334e-04
f11_hist 9 6 18 3.5268411396e-04
f11_hist 9 6 19 1.2568297177e-04
f11_hist 9 6 20 3.5663550587e-05
f11_hist 9 6 21 8.5515520305e-06
f11_hist 9 6 22 1.6640112654e-06
f11_hist 9 6 23 1.4305134671e-07
f11_hist 9 6 24 6.6293625978e-10
f11_hist 9 7 1 1.1791286378e-07
f11_hist 9 7 2 6.0699582935e-07
f11_hist 9 7 3 6.1983900457e-06
f11_hist 9 7 4 2.7491156238e-05
f11_hist 9 7 5 9.6025505759e-05
f11_hist 9 7 6 2.7845039811e-04
f11_hist 9 7 7 6.6201946427e-04
f11_hist 9 7 8 1.3127717169e-03
f11_hist 9 7 9 2.2420271376e-03
f11_hist 9 7 10 3.1418391880e-03
f11_hist 9 7 11 4.0743589125e-03
f11_hist 9 7 12 4.1844978556e-03
f11_hist 9 7 13 3.9965327394e-03
f11_hist 9 7 14 3.0724042976e-03
f11_hist 9 7 15 2.1629226847e-03
f11_hist 9 7 16 1.2309101842e-03
f11_hist 9 7 17 6.1146220452e-04
f11_hist 9 7 18 2.5621046219e-04
f11_hist 9 7 19 8.5430138724e-05
f11_hist 9 7 20 2.3986237416e-05
f11_hist 9 7 21 5.0869254821e-06
f11_hist 9 7 22 4.3797573142e-07
f11_hist 9 7 23 2.8587316610e-08
f11_hist 9 8 1 1.4640980014e-08
f11_hist 9 8 2 1.3358401836e-06
f11_hist 9 8 3 3.4250550789e-06
f11_hist 9 8 4 1.3536329254e-05
f11_hist 9 8 5 5.2698078298e-05
f11_hist 9 8 6 1.4330305766e-04
f11_hist 9 8 7 3.3556320993e-04
f11_hist 9 8 8 6.8687978674e-04
f11_hist 9 8 9 1.1946253554e-03
f11_hist 9 8 10 1.6666699008e-03
f11_hist 9 8 11 2.1686641701e-03
f11_hist 9 8 12 2.2045151097e-03
f11_hist 9 8 13 2.1265563163e-03
f11_hist 9 8 14 1.6115309627e-03
f11_hist 9 8 15 1.1555071715e-03
f11_hist 9 8 16 6.3699121139e-04
f11_hist 9 8 17 3.0767324177e-04
f11_hist 9 8 18 1.3242711918e-04
f11_hist 9 8 19 4.4346527844e-05
f11_hist 9 8 20 1.1676107584e-05
f11_hist 9 8 21 3.2879811945e-06
f11_hist 9 8 22 5.7637228970e-07
f11_hist 9 8 23 5.6574560404e-08
f11_hist 9 9 2 1.5098999509e-07
f11_hist 9 9 3 1.3118463702e-06
f11_hist 9 9 4 5.1389054914e-06
f11_hist 9 9 5 1.8437023334e-05
f11_hist 9 9 6 5.1788164560e-05
f11_hist 9 9 7 1.2999872352e-04
f11_hist 9 9 8 2.6812158815e-04
f11_hist 9 9 9 4.6565663543e-04
f11_hist 9 9 10 6.4497686117e-04
f11_hist 9 9 11 8.5679672951e-04
f11_hist 9 9 12 8.6381663691e-04
f11_hist 9 9 13 8.6582357849e-04
f11_hist 9 9 14 6.3545235933e-04
f11_hist 9 9 15 4.5431370901e-04
f11_hist 9 9 16 2.5106912696e-04
f11_hist 9 9 17 1.2083524769e-04
f11_hist 9 9 18 5.5036787353e-05
f11_hist 9 9 19 1.7559365343e-05
f11_hist 9 9 20 5.1729567054e-06
f11_hist 9 9 21 9.2450747818e-07
f11_hist 9 9 22 2.2945797168e-07
f11_hist 9 9 23 8.5742952353e-09
f11_hist 9 10 1 1.9466087391e-09
f11_hist 9 10 2 3.2777817684e-09
f11_hist 9 10 3 3.6557168032e-07
f11_hist 9 10 4 1.2838918588e-06
f11_hist 9 10 5 6.8828665355e-06
f11_hist 9 10 6 1.6329117127e-05
f11_hist 9 10 7 3.6690612974e-05
f11_hist 9 10 8 7.4782131083e-05
f11_hist 9 10 9 1.3486003243e-04
f11_hist 9 10 10 1.9278000371e-04
f11_hist 9 10 11 2.5817332967e-04
f11_hist 9 10 12 2.4868341865e-04
f11_hist 9 10 13 2.5235249193e-04
f11_hist 9 10 14 1.8123668099e-04
f11_hist 9 10 15 1.3082648628e-04
f11_hist 9 10 16 6.9117708656e-05
f11_hist 9 10 17 3.3614973111e-05
f11_hist 9 10 18 1.3084456510e-05
f11_hist 9 10 19 5.0370406304e-06
f11_hist 9 10 20 1.4864763913e-06
f11_hist 9 10 21 3.0618319904e-07
f11_hist 9 10 22 1.0588828533e-08
f11_hist 9 11 3 1.3132000010e-08
f11_hist 9 11 4 1.2806554334e-07
f11_hist 9 11 5 9.5073891893e-07
f11_hist 9 11 6 3.3945719349e-06
f11_hist 9 11 7 7.0058062582e-06
f11_hist 9 11 8 1.9711000559e-05
f11_hist 9 11 9 2.9092423365e-05
f11_hist 9 11 10 3.6930380635e-05
f11_hist 9 11 11 5.4475151468e-05
f11_hist 9 11 12 5.2493793058e-05
f11_hist 9 11 13 5.6522455139e-05
f11_hist 9 11 14 3.5966980140e-05
f11_hist 9 11 15 2.7497993152e-05
f11_hist 9 11 16 1.4184985477e-05
f11_hist 9 11 17 8.7308761705e-06
f11_hist 9 11 18 3.4093673861e-06
f11_hist 9 11 19 9.7779689281e-07
f11_hist 9 11 20 3.3827293539e-07
f11_hist 9 12 4 4.2934741200e-08
f11_hist 9 12 5 1.0962280669e-07
f11_hist 9 12 6 3.1752653988e-07
f11_hist 9 12 7 9.3659503353e-07
f11_hist 9 12 8 2.2115172667e-06
f11_hist 9 12 9 5.4924927146e-06
f11_hist 9 12 10 5.9550668695e-06
f11_hist 9 12 11 7.6976577018e-06
f11_hist 9 12 12 9.8478791567e-06
f11_hist 9 12 13 7.6710597285e-06
f11_hist 9 12 14 5.8049702045e-06
f11_hist 9 12 15 3.7616520773e-06
f11_hist 9 12 16 1.8143507138e-06
f11_hist 9 12 17 9.4779941843e-07
f11_hist 9 12 18 1.9849149553e-07
f11_hist 9 12 19 9.0370764687e-08
f11_hist 9 12 20 2.9043210325e-09
f11_hist 9 12 22 1.7930953891e-08
f11_hist 9 13 3 7.8869767458e-09
f11_hist 9 13 6 7.9061748659e-09
f11_hist 9 13 7 2.7586522351e-08
f11_hist 9 13 8 1.4709667762e-07
f11_hist 9 13 9 3.9737275392e-07
f11_hist 9 13 10 5.0318798883e-07
f11_hist 9 13 11 4.9523514259e-07
f11_hist 9 13 12 8.7482878336e-07
f11_hist 9 13 13 1.1451577725e-06
f11_hist 9 13 14 5.2578171552e-07
f11_hist 9 13 15 2.3813299406e-07
f11_hist 9 13 16 2.1264365301e-07
f11_hist 9 13 17 8.7062787188e-08
f11_hist 9 14 7 4.6565063246e-09
f11_hist 9 14 9 7.0761633773e-08
f11_hist 9 14 10 1.0083053293e-07
f11_hist 9 14 11 2.7152515493e-08
f11_hist 9 14 12 1.8832402713e-08
f11_hist 9 14 13 7.2843292956e-08
f11_hist 9 14 14 3.6488214884e-08
f11_hist 9 14 15 1.1682687522e-09
f11_hist 9 14 16 1.1722765188e-08
f11_hist 9 14 17 3.0790173354e-09
f11_hist 9 15 12 4.3113872095e-09
f11_hist 9 15 13 8.2967814646e-09
f11_hist 10 0 3 1.3333360318e-08
f11_hist 10 0 4 2.2809076567e-08
f11_hist 10 0 5 5.4903977590e-07
f11_hist 10 0 6 1.7249516947e-06
f11_hist 10 0 7 2.9861918480e-06
f11_hist 10 0 8 5.3389534694e-06
f11_hist 10 0 9 8.8639438835e-06
f11_hist 10 0 10 1.1439670107e-05
f11_hist 10 0 11 1.6128549974e-05
f11_hist 10 0 12 1.6183983230e-05
f11_hist 10 0 13 1.6256603000e-05
f11_hist 10 0 14 1.2080887943e-05
f11_hist 10 0 15 7.5997900535e-06
f11_hist 10 0 16 4.5847534768e-06
f11_hist 10 0 17 2.8461660148e-06
f11_hist 10 0 18 1.1066940177e-06
f11_hist 10 0 19 1.2313378470e-07
f11_hist 10 0 20 3.4179090277e-07
f11_hist 10 1 2 9.9720664010e-10
f11_hist 10 1 3 3.2347618893e-07
f11_hist 10 1 4 1.0800476893e-06
f11_hist 10 1 5 4.3407041503e-06
f11_hist 10 1 6 1.0276531415e-05
f11_hist 10 1 7 2.9685463894e-05
f11_hist 10 1 8 5.7033854554e-05
f11_hist 10 1 9 9.5632812718e-05
f11_hist 10 1 10 1.2338122182e-04
f11_hist 10 1 11 1.5599847869e-04
f11_hist 10 1 12 1.6768516929e-04
f11_hist 10 1 13 1.5557160589e-04
f11_hist 10 1 14 1.2192957560e-04
f11_hist 10 1 15 8.6357289759e-05
f11_hist 10 1 16 5.0600370923e-05
f11_hist 10 1 17 2.5612729029e-05
f11_hist 10 1 18 1.0634057386e-05
f11_hist 10 1 19 4.2463057842e-06
f11_hist 10 1 20 8.9579414719e-07
f11_hist 10 1 21 1.6715029412e-07
f11_hist 10 2 2 2.3258548103e-07
f11_hist 10 2 3 1.8700470096e-06
f11_hist 10 2 4 5.3715589024e-06
f11_hist 10 2 5 1.9654122108e-05
f11_hist 10 2 6 6.3013057032e-05
f11_hist 10 2 7 1.3507700695e-04
f11_hist 10 2 8 2.6754856523e-04
f11_hist 10 2 9 4.3972007718e-04
f11_hist 10 2 10 6.1181815472e-04
f11_hist 10 2 11 7.4321125089e-04
f11_hist 10 2 12 7.9775824871e-04
f11_hist 10 2 13 7.4669509728e-04
f11_hist 10 2 14 5.7790983238e-04
f11_hist 10 2 15 4.1559652228e-04
f11_hist 10 2 16 2.3509539622e-04
f11_hist 10 2 17 1.1531229306e-04
f11_hist 10 2 18 5.1311482582e-05
f11_hist 10 2 19 1.5837467394e-05
f11_hist 10 2 20 5.0618087765e-06
f11_hist 10 2 21 8.8165473987e-07
f11_hist 10 2 22 1.2318875193e-07
f11_hist 10 2 23 2.1469585395e-08
f11_hist 10 3 1 3.1872480172e-08
f11_hist 10 3 2 2.9043657816e-07
f11_hist 10 3 3 4.1093047695e-06
f11_hist 10 3 4 1.4968029183e-05
f11_hist 10 3 5 5.6874420015e-05
f11_hist 10 3 6 1.5907440719e-04
f11_hist 10 3 7 3.8304104290e-04
f11_hist 10 3 8 7.4579816041e-04
f11_hist 10 3 9 1.2035443353e-03
f11_hist 10 3 10 1.7342829611e-03
f11_hist 10 3 11 2.0796913793e-03
f11_hist 10 3 12 2.2410704161e-03
f11_hist 10 3 13 2.0390873986e-03
f11_hist 10 3 14 1.6447583095e-03
f11_hist 10 3 15 1.1435756943e-03
f11_hist 10 3 16 6.7132391708e-04
f11_hist 10 3 17 3.3814156144e-04
f11_hist 10 3 18 1.5161806524e-04
f11_hist 10 3 19 5.0054249332e-05
f11_hist 10 3 20 1.4273503000e-05
f11_hist 10 3 21 2.1598142526e-06
f11_hist 10 3 22 2.3659109337e-07
f11_hist 10 3 23 3.4188184409e-08
f11_hist 10 4 0 3.7127002435e-08
f11_hist 10 4 1 3.2250556583e-07
f11_hist 10 4 2 1.5457639417e-06
f11_hist 10 4 3 5.3699030309e-06
f11_hist 10 4 4 2.9934198254e-05
f11_hist 10 4 5 1.0953699371e-04
f11_hist 10 4 6 3.0649447253e-04
f11_hist 10 4 7 7.3006096543e-04
f11_hist 10 4 8 1.3840822873e-03
f11_hist 10 4 9 2.2712947786e-03
f11_hist 10 4 10 3.2539277217e-03
f11_hist 10 4 11 3.8782885527e-03
f11_hist 10 4 12 4.1507945918e-03
f11_hist 10 4 13 3.8171813676e-03
f11_hist 10 4 14 3.0428589751e-03
f11_hist 10 4 15 2.1252815334e-03
f11_hist 10 4 16 1.2699362782e-03
f11_hist 10 4 17 6.4907286771e-04
f11_hist 10 4 18 2.6834051171e-04
f11_hist 10 4 19 9.2234361591e-05
f11_hist 10 4 20 2.5380636970e-05
f11_hist 10 4 21 6.1057876191e-06
f11_hist 10 4 22 5.9020549801e-07
f11_hist 10 4 23 9.2229969772e-08
f11_hist 10 5 0 7.1701658323e-08
f11_hist 10 5 1 1.3289526766e-08
f11_hist 10 5 2 1.1792205636e-06
f11_hist 10 5 3 8.6389538909e-06
f11_hist 10 5 4 4.2888073895e-05
f11_hist 10 5 5 1.4527245115e-04
f11_hist 10 5 6 4.1100269587e-04
f11_hist 10 5 7 9.5884727346e-04
f11_hist 10 5 8 1.8450857253e-03
f11_hist 10 5 9 2.9996464623e-03
f11_hist 10 5 10 4.2630145569e-03
f11_hist 10 5 11 5.1478219856e-03
f11_hist 10 5 12 5.5214037127e-03
f11_hist 10 5 13 4.9986236627e-03
f11_hist 10 5 14 4.0415775841e-03
f11_hist 10 5 15 2.7734380772e-03
f11_hist 10 5 16 1.6721667111e-03
f11_hist 10 5 17 8.3212393343e-04
f11_hist 10 5 18 3.5544024422e-04
f11_hist 10 5 19 1.2567089589e-04
f11_hist 10 5 20 3.6417300535e-05
f11_hist 10 5 21 8.5436581426e-06
f11_hist 10 5 22 1.1371699530e-06
f11_hist 10 5 23 2.0807044291e-07
f11_hist 10 6 0 8.2507058457e-09
f11_hist 10 6 1 1.5160399504e-07
f11_hist 10 6 2 2.0279177878e-06
f11_hist 10 6 3 1.0584619766e-05
f11_hist 10 6 4 3.9641852163e-05
f11_hist 10 6 5 1.4135212425e-04
f11_hist 10 6 6 3.9046224292e-04
f11_hist 10 6 7 9.1253005021e-04
f11_hist 10 6 8 1.7777176063e-03
f11_hist 10 6 9 2.8703760664e-03
f11_hist 10 6 10 4.1519262246e-03
f11_hist 10 6 11 4.8920145683e-03
f11_hist 10 6 12 5.3263704447e-03
f11_hist 10 6 13 4.7721274235e-03
f11_hist 10 6 14 3.9321531287e-03
f11_hist 10 6 15 2.7012897075e-03
f11_hist 10 6 16 1.6038995690e-03
f11_hist 10 6 17 8.0975455784e-04
f11_hist 10 6 18 3.4704206506e-04
f11_hist 10 6 19 1.1999125676e-04
f11_hist 10 6 20 3.1983724511e-05
f11_hist 10 6 21 6.1209063494e-06
f11_hist 10 6 22 1.2292550007e-06
f11_hist 10 6 23 1.6257834463e-07
f11_hist 10 7 1 1.6927876005e-07
f11_hist 10 7 2 8.6484332545e-07
f11_hist 10 7 3 5.5183711271e-06
f11_hist 10 7 4 2.7500880453e-05
f11_hist 10 7 5 9.7302566106e-05
f11_hist 10 7 6 2.7841117210e-04
f11_hist 10 7 7 6.4285243726e-04
f11_hist 10 7 8 1.2739492559e-03
f11_hist 10 7 9 2.0099742545e-03
f11_hist 10 7 10 2.9619097050e-03
f11_hist 10 7 11 3.4700798776e-03
f11_hist 10 7 12 3.7721939111e-03
f11_hist 10 7 13 3.3665173298e-03
f11_hist 10 7 14 2.7977689826e-03
f11_hist 10 7 15 1.8959077707e-03
f11_hist 10 7 16 1.1276547682e-03
f11_hist 10 7 17 5.6296042996e-04
f11_hist 10 7 18 2.3984600107e-04
f11_hist 10 7 19 7.9850526704e-05
f11_hist 10 7 20 2.2741190119e-05
f11_hist 10 7 21 5.9018051689e-06
f11_hist 10 7 22 7.6349431806e-07
f11_hist 10 7 23 1.4540511222e-07
f11_hist 10 8 1 7.4524329113e-08
f11_hist 10 8 2 4.7451247336e-07
f11_hist 10 8 3 2.9293552243e-06
f11_hist 10 8 4 1.3267699807e-05
f11_hist 10 8 5 4.8068689370e-05
f11_hist 10 8 6 1.3873497590e-04
f11_hist 10 8 7 3.3234551161e-04
f11_hist 10 8 8 6.6933656317e-04
f11_hist 10 8 9 1.0688906172e-03
f11_hist 10 8 10 1.5804154281e-03
f11_hist 10 8 11 1.8321245526e-03
f11_hist 10 8 12 2.0340864441e-03
f11_hist 10 8 13 1.7865961585e-03
f11_hist 10 8 14 1.5020527019e-03
f11_hist 10 8 15 9.9031235711e-04
f11_hist 10 8 16 5.9747106629e-04
f11_hist 10 8 17 2.9269256875e-04
f11_hist 10 8 18 1.3573772605e-04
f11_hist 10 8 19 4.2696751050e-05
f11_hist 10 8 20 1.3733031174e-05
f11_hist 10 8 21 2.7952872389e-06
f11_hist 10 8 22 3.0506436090e-07
f11_hist 10 9 2 1.8713788614e-07
f11_hist 10 9 3 1.1505916540e-06
f11_hist 10 9 4 5.7066405788e-06
f11_hist 10 9 5 1.6898527911e-05
f11_hist 10 9 6 5.8832898896e-05
f11_hist 10 9 7 1.2526409751e-04
f11_hist 10 9 8 2.6208831951e-04
f11_hist 10 9 9 4.1280913406e-04
f11_hist 10 9 10 6.2550718165e-04
f11_hist 10 9 11 7.1265370674e-04
f11_hist 10 9 12 8.2123151153e-04
f11_hist 10 9 13 6.9248191728e-04
f11_hist 10 9 14 5.9115313346e-04
f11_hist 10 9 15 3.8916052470e-04
f11_hist 10 9 16 2.3739826906e-04
f11_hist 10 9 17 1.1685347361e-04
f11_hist 10 9 18 5.0250403397e-05
f11_hist 10 9 19 1.6680842443e-05
f11_hist 10 9 20 4.7991024805e-06
f11_hist 10 9 21 6.4045713128e-07
f11_hist 10 9 22 8.1948978291e-08
f11_hist 10 10 2 1.5188371735e-08
f11_hist 10 10 3 6.4010195039e-07
f11_hist 10 10 4 1.3675583820e-06
f11_hist 10 10 5 5.7229974748e-06
f11_hist 10 10 6 1.5305607099e-05
f11_hist 10 10 7 3.5474541935e-05
f11_hist 10 10 8 7.6360659134e-05
f11_hist 10 10 9 1.1752586769e-04
f11_hist 10 10 10 1.7992461586e-04
f11_hist 10 10 11 2.1093269459e-04
f11_hist 10 10 12 2.3997200107e-04
f11_hist 10 10 13 1.9725781632e-04
f11_hist 10 10 14 1.7691041739e-04
f11_hist 10 10 15 1.0951110233e-04
f11_hist 10 10 16 6.9879434441e-05
f11_hist 10 10 17 3.2349007081e-05
f11_hist 10 10 18 1.4712202942e-05
f11_hist 10 10 19 4.6414000022e-06
f11_hist 10 10 20 2.0746563966e-06
f11_hist 10 10 21 4.7875441115e-07
f11_hist 10 10 22 4.5966944799e-08
f11_hist 10 11 3 1.2647841585e-08
f11_hist 10 11 4 1.1456538560e-07
f11_hist 10 11 5 1.5196998261e-06
f11_hist 10 11 6 2.9412358774e-06
f11_hist 10 11 7 7.8582696784e-06
f11_hist 10 11 8 1.7459399847e-05
f11_hist 10 11 9 2.5985230818e-05
f11_hist 10 11 10 4.0635509237e-05
f11_hist 10 11 11 4.1467318194e-05
f11_hist 10 11 12 5.4850726136e-05
f11_hist 10 11 13 4.1040745046e-05
f11_hist 10 11 14 4.0948023314e-05
f11_hist 10 11 15 2.2058662815e-05
f11_hist 10 11 16 1.2822262901e-05
f11_hist 10 11 17 6.9541118538e-06
f11_hist 10 11 18 3.9785533655e-06
f11_hist 10 11 19 1.1757790159e-06
f11_hist 10 11 20 1.2338429736e-07
f11_hist 10 12 3 6.7262813587e-09
f11_hist 10 12 5 1.6238992107e-07
f11_hist 10 12 6 3.5860840464e-07
f11_hist 10 12 7 9.8331403674e-07
f11_hist 10 12 8 2.5232262485e-06
f11_hist 10 12 9 3.8447928572e-06
f11_hist 10 12 10 7.8819482476e-06
f11_hist 10 12 11 6.7021335143e-06
f11_hist 10 12 12 9.2152405388e-06
f11_hist 10 12 13 6.7013177076e-06
f11_hist 10 12 14 5.2814412938e-06
f11_hist 10 12 15 3.2792715113e-06
f11_hist 10 12 16 1.8382964201e-06
f11_hist 10 12 17 9.0278627538e-07
f11_hist 10 12 18 2.4199240654e-07
f11_hist 10 12 19 2.2937042855e-07
f11_hist 10 12 20 1.9923623137e-08
f11_hist 10 13 4 2.5208599262e-08
f11_hist 10 13 5 2.4420467557e-09
f11_hist 10 13 6 3.5094071120e-08
f11_hist 10 13 7 3.1668758180e-08
f11_hist 10 13 8 1.3059893040e-07
f11_hist 10 13 9 3.2166304562e-07
f11_hist 10 13 10 5.0573809862e-07
f11_hist 10 13 11 5.0856582058e-07
f11_hist 10 13 12 6.9435628221e-07
f11_hist 10 13 13 4.2844946429e-07
f11_hist 10 13 14 1.0627123926e-06
f11_hist 10 13 15 1.8991319672e-07
f11_hist 10 13 16 2.5063028583e-07
f11_hist 10 13 17 1.2856814900e-07
f11_hist 10 13 18 1.1193108555e-08
f11_hist 10 13 19 1.4072167605e-09
f11_hist 10 14 9 5.8550030540e-08
f11_hist 10 14 10 1.4734984966e-08
f11_hist 10 14 11 7.4614406790e-10
f11_hist 10 14 12 1.4948605776e-08
f11_hist 10 14 14 6.8873084429e-08
f11_hist 10 14 15 1.0466809536e-08
f11_hist 10 14 16 9.8227725267e-08
f11_hist 10 15 12 8.0884185788e-09
f11_hist 11 0 3 9.9783525666e-09
f11_hist 11 0 4 1.4017726580e-08
f11_hist 11 0 5 2.7697792983e-07
f11_hist 11 0 6 9.7815950048e-07
f11_hist 11 0 7 2.2032703651e-06
f11_hist 11 0 8 4.0594892276e-06
f11_hist 11 0 9 5.7122507652e-06
f11_hist 11 0 10 9.7350024185e-06
f11_hist 11 0 11 1.2134233503e-05
f11_hist 11 0 12 1.1413689364e-05
f11_hist 11 0 13 1.1779557055e-05
f11_hist 11 0 14 8.4836911803e-06
f11_hist 11 0 15 5.7195266413e-06
f11_hist 11 0 16 3.3026790426e-06
f11_hist 11 0 17 2.5519210704e-06
f11_hist 11 0 18 4.5343518794e-07
f11_hist 11 0 19 2.5482519384e-07
f11_hist 11 0 20 7.1829177069e-09
f11_hist 11 0 21 4.0481387202e-09
f11_hist 11 1 2 1.0625124157e-08
f11_hist 11 1 3 2.3972254774e-07
f11_hist 11 1 4 7.4772811208e-07
f11_hist 11 1 5 3.2590687767e-06
f11_hist 11 1 6 1.0298799103e-05
f11_hist 11 1 7 2.4690039524e-05
f11_hist 11 1 8 4.1634758452e-05
f11_hist 11 1 9 6.5018699561e-05
f11_hist 11 1 10 9.1937681489e-05
f11_hist 11 1 11 1.0847099440e-04
f11_hist 11 1 12 1.1595393905e-04
f11_hist 11 1 13 1.0279492910e-04
f11_hist 11 1 14 8.5480962452e-05
f11_hist 11 1 15 6.0281665259e-05
f11_hist 11 1 16 3.5953792580e-05
f11_hist 11 1 17 2.1286415415e-05
f11_hist 11 1 18 9.0290800371e-06
f11_hist 11 1 19 2.7609339591e-06
f11_hist 11 1 20 7.1661090609e-07
f11_hist 11 2 2 5.4485963685e-07
f11_hist 11 2 3 1.1928976155e-06
f11_hist 11 2 4 5.8780643317e-06
f11_hist 11 2 5 1.8833144776e-05
f11_hist 11 2 6 5.3499967283e-05
f11_hist 11 2 7 1.0807722364e-04
f11_hist 11 2 8 2.0566817355e-04
f11_hist 11 2 9 3.1418595741e-04
f11_hist 11 2 10 4.3177149389e-04
f11_hist 11 2 11 5.2281387724e-04
f11_hist 11 2 12 5.5030544947e-04
f11_hist 11 2 13 5.0325713026e-04
f11_hist 11 2 14 4.0900398561e-04
f11_hist 11 2 15 2.8871033945e-04
f11_hist 11 2 16 1.7920927801e-04
f11_hist 11 2 17 9.7004242270e-05
f11_hist 11 2 18 4.5389085757e-05
f11_hist 11 2 19 1.5171900033e-05
f11_hist 11 2 20 3.4880890977e-06
f11_hist 11 2 21 8.2828332053e-07
f11_hist 11 2 22 5.4085641031e-08
f11_hist 11 3 1 1.0413584010e-07
f11_hist 11 3 2 1.1163391173e-06
f11_hist 11 3 3 2.7431381535e-06
f11_hist 11 3 4 1.5516468163e-05
f11_hist 11 3 5 5.4046045199e-05
f11_hist 11 3 6 1.4347041416e-04
f11_hist 11 3 7 3.2217513532e-04
f11_hist 11 3 8 5.7437762119e-04
f11_hist 11 3 9 9.0820663662e-04
f11_hist 11 3 10 1.2384493668e-03
f11_hist 11 3 11 1.4513852503e-03
f11_hist 11 3 12 1.5179137217e-03
f11_hist 11 3 13 1.3992014147e-03
f11_hist 11 3 14 1.1442906927e-03
f11_hist 11 3 15 8.3611812335e-04
f11_hist 11 3 16 5.2171469880e-04
f11_hist 11 3 17 2.6633972295e-04
f11_hist 11 3 18 1.2399954255e-04
f11_hist 11 3 19 4.5405263607e-05
f11_hist 11 3 20 1.0387812028e-05
f11_hist 11 3 21 2.1369108043e-06
f11_hist 11 3 22 1.2932368424e-07
f11_hist 11 3 23 9.2593964372e-09
f11_hist 11 4 1 3.7279215433e-08
f11_hist 11 4 2 7.6502935051e-07
f11_hist 11 4 3 6.3704881000e-06
f11_hist 11 4 4 2.8708016509e-05
f11_hist 11 4 5 1.0196620645e-04
f11_hist 11 4 6 2.7250896165e-04
f11_hist 11 4 7 6.0839452544e-04
f11_hist 11 4 8 1.0928738429e-03
f11_hist 11 4 9 1.7201211867e-03
f11_hist 11 4 10 2.2686150116e-03
f11_hist 11 4 11 2.7171067254e-03
f11_hist 11 4 12 2.8267863354e-03
f11_hist 11 4 13 2.6234680296e-03
f11_hist 11 4 14 2.1577538741e-03
f11_hist 11 4 15 1.5549095752e-03
f11_hist 11 4 16 9.6868126334e-04
f11_hist 11 4 17 5.1963674744e-04
f11_hist 11 4 18 2.3471896822e-04
f11_hist 11 4 19 8.8557852277e-05
f11_hist 11 4 20 2.5477807151e-05
f11_hist 11 4 21 4.3378275363e-06
f11_hist 11 4 22 7.3667805599e-07
f11_hist 11 4 23 9.2755514568e-08
f11_hist 11 5 1 2.3458242716e-08
f11_hist 11 5 2 1.7101964039e-06
f11_hist 11 5 3 9.1810511950e-06
f11_hist 11 5 4 4.0840340331e-05
f11_hist 11 5 5 1.3902595068e-04
f11_hist 11 5 6 3.7227055798e-04
f11_hist 11 5 7 8.0407616363e-04
f11_hist 11 5 8 1.4598458255e-03
f11_hist 11 5 9 2.2968016658e-03
f11_hist 11 5 10 3.0128925197e-03
f11_hist 11 5 11 3.5772007050e-03
f11_hist 11 5 12 3.7163139195e-03
f11_hist 11 5 13 3.4895800475e-03
f11_hist 11 5 14 2.8772532274e-03
f11_hist 11 5 15 2.0561741473e-03
f11_hist 11 5 16 1.2785553123e-03
f11_hist 11 5 17 6.9308077249e-04
f11_hist 11 5 18 3.0668645525e-04
f11_hist 11 5 19 1.1520623191e-04
f11_hist 11 5 20 2.8822880553e-05
f11_hist 11 5 21 7.6598177444e-06
f11_hist 11 5 22 9.3224889410e-07
f11_hist 11 5 23 3.1273436237e-08
f11_hist 11 6 1 4.6066102586e-08
f11_hist 11 6 2 1.3400611539e-06
f11_hist 11 6 3 9.2469186912e-06
f11_hist 11 6 4 3.6700707725e-05
f11_hist 11 6 5 1.3293595581e-04
f11_hist 11 6 6 3.5852310040e-04
f11_hist 11 6 7 7.8950982770e-04
f11_hist 11 6 8 1.3945519597e-03
f11_hist 11 6 9 2.2242607813e-03
f11_hist 11 6 10 2.8775311179e-03
f11_hist 11 6 11 3.4959071121e-03
f11_hist 11 6 12 3.5695632795e-03
f11_hist 11 6 13 3.3657293481e-03
f11_hist 11 6 14 2.7202479193e-03
f11_hist 11 6 15 2.0283134720e-03
f11_hist 11 6 16 1.2408050028e-03
f11_hist 11 6 17 6.7542742552e-04
f11_hist 11 6 18 2.9468822512e-04
f11_hist 11 6 19 1.1161093413e-04
f11_hist 11 6 20 3.0490905778e-05
f11_hist 11 6 21 7.2550115800e-06
f11_hist 11 6 22 1.5851648377e-06
f11_hist 11 6 23 1.6860096571e-07
f11_hist 11 7 1 2.4672061891e-07
f11_hist 11 7 2 1.0922724074e-06
f11_hist 11 7 3 6.7866064358e-06
f11_hist 11 7 4 2.7199290154e-05
f11_hist 11 7 5 9.1574149956e-05
f11_hist 11 7 6 2.4787111766e-04
f11_hist 11 7 7 5.7049100778e-04
f11_hist 11 7 8 9.7423672331e-04
f11_hist 11 7 9 1.5956334915e-03
f11_hist 11 7 10 2.0517120161e-03
f11_hist 11 7 11 2.4878451872e-03
f11_hist 11 7 12 2.5289552385e-03
f11_hist 11 7 13 2.3990790694e-03
f11_hist 11 7 14 1.9523308710e-03
f11_hist 11 7 15 1.4279275254e-03
f11_hist 11 7 16 8.8461666683e-04
f11_hist 11 7 17 4.8512389465e-04
f11_hist 11 7 18 2.1429021438e-04
f11_hist 11 7 19 7.7444324444e-05
f11_hist 11 7 20 2.2245161007e-05
f11_hist 11 7 21 5.2386189636e-06
f11_hist 11 7 22 8.9378785086e-07
f11_hist 11 7 23 1.3208639504e-08
f11_hist 11 8 1 1.0700119408e-07
f11_hist 11 8 2 4.1868284059e-07
f11_hist 11 8 3 4.6429243827e-06
f11_hist 11 8 4 1.5363830329e-05
f11_hist 11 8 5 4.7741819568e-05
f11_hist 11 8 6 1.3105233185e-04
f11_hist 11 8 7 2.9576607497e-04
f11_hist 11 8 8 5.1389640321e-04
f11_hist 11 8 9 8.6671081280e-04
f11_hist 11 8 10 1.0600787885e-03
f11_hist 11 8 11 1.3198423926e-03
f11_hist 11 8 12 1.3232821199e-03
f11_hist 11 8 13 1.2585187269e-03
f11_hist 11 8 14 1.0018659458e-03
f11_hist 11 8 15 7.5963816311e-04
f11_hist 11 8 16 4.6520799297e-04
f11_hist 11 8 17 2.6437209635e-04
f11_hist 11 8 18 1.1539736161e-04
f11_hist 11 8 19 4.3045139814e-05
f11_hist 11 8 20 1.1589962970e-05
f11_hist 11 8 21 2.2000581347e-06
f11_hist 11 8 22 5.8142276360e-07
f11_hist 11 8 23 2.4368707302e-08
f11_hist 11 9 1 6.4786986562e-09
f11_hist 11 9 2 2.6011771015e-07
f11_hist 11 9 3 9.3569941287e-07
f11_hist 11 9 4 4.6859435162e-06
f11_hist 11 9 5 1.6839030371e-05
f11_hist 11 9 6 5.0282235193e-05
f11_hist 11 9 7 1.2093689988e-04
f11_hist 11 9 8 2.0471366805e-04
f11_hist 11 9 9 3.3968725657e-04
f11_hist 11 9 10 4.0847964311e-04
f11_hist 11 9 11 5.2932679889e-04
f11_hist 11 9 12 5.1790620994e-04
f11_hist 11 9 13 5.0431417733e-04
f11_hist 11 9 14 4.0613066966e-04
f11_hist 11 9 15 3.0836048469e-04
f11_hist 11 9 16 1.8085526986e-04
f11_hist 11 9 17 1.0868407544e-04
f11_hist 11 9 18 4.3607907102e-05
f11_hist 11 9 19 1.6042335700e-05
f11_hist 11 9 20 3.9071187539e-06
f11_hist 11 9 21 1.0759318987e-06
f11_hist 11 9 22 1.1534974095e-07
f11_hist 11 10 2 1.0084461722e-07
f11_hist 11 10 3 2.5146756982e-07
f11_hist 11 10 4 1.6175164387e-06
f11_hist 11 10 5 5.4383535306e-06
f11_hist 11 10 6 1.4946567316e-05
f11_hist 11 10 7 3.6777684912e-05
f11_hist 11 10 8 5.6771293327e-05
f11_hist 11 10 9 9.8825650829e-05
f11_hist 11 10 10 1.2578389039e-04
f11_hist 11 10 11 1.6038009406e-04
f11_hist 11 10 12 1.4936142159e-04
f11_hist 11 10 13 1.4460687776e-04
f11_hist 11 10 14 1.1405786658e-04
f11_hist 11 10 15 8.8584887854e-05
f11_hist 11 10 16 5.3909785796e-05
f11_hist 11 10 17 3.1100866331e-05
f11_hist 11 10 18 1.4681795686e-05
f11_hist 11 10 19 4.3501037871e-06
f11_hist 11 10 20 1.2739761420e-06
f11_hist 11 10 21 4.0079249972e-07
f11_hist 11 10 22 2.8487925210e-08
f11_hist 11 10 23 4.4139534517e-08
f11_hist 11 11 3 2.2159691092e-08
f11_hist 11 11 4 4.0839175497e-07
f11_hist 11 11 5 6.5789149439e-07
f11_hist 11 11 6 3.8206633978e-06
f11_hist 11 11 7 7.9238274293e-06
f11_hist 11 11 8 1.3180996421e-05
f11_hist 11 11 9 2.2427386958e-05
f11_hist 11 11 10 2.5670970826e-05
f11_hist 11 11 11 3.3551026193e-05
f11_hist 11 11 12 3.2691727643e-05
f11_hist 11 11 13 3.1794033954e-05
f11_hist 11 11 14 2.3436050322e-05
f11_hist 11 11 15 2.0597719118e-05
f11_hist 11 11 16 1.1417337098e-05
f11_hist 11 11 17 5.6854675877e-06
f11_hist 11 11 18 3.1020775765e-06
f11_hist 11 11 19 9.9356862768e-07
f11_hist 11 11 20 2.2533923716e-07
f11_hist 11 11 21 8.0086681493e-08
f11_hist 11 12 4 8.3830281929e-08
f11_hist 11 12 5 3.5554037394e-08
f11_hist 11 12 6 7.8058250738e-07
f11_hist 11 12 7 1.1107387709e-06
f11_hist 11 12 8 1.4541072131e-06
f11_hist 11 12 9 3.0763590098e-06
f11_hist 11 12 10 4.1448566861e-06
f11_hist 11 12 11 4.3473231504e-06
f11_hist 11 12 12 5.5849647291e-06
f11_hist 11 12 13 3.9633487897e-06
f11_hist 11 12 14 3.5673210889e-06
f11_hist 11 12 15 3.6979390725e-06
f11_hist 11 12 16 1.3629978456e-06
f11_hist 11 12 17 1.0021368943e-06
f11_hist 11 12 18 1.3166696741e-07
f11_hist 11 12 19 1.9717571217e-08
f11_hist 11 12 21 3.5006572325e-10
f11_hist 11 13 5 5.4848270780e-08
f11_hist 11 13 6 3.8259473247e-08
f11_hist 11 13 7 8.6576694713e-08
f11_hist 11 13 8 2.8289890479e-07
f11_hist 11 13 9 2.9156403235e-07
f11_hist 11 13 10 3.2291154832e-07
f11_hist 11 13 11 3.9321914475e-07
f11_hist 11 13 12 4.2153332778e-07
f11_hist 11 13 13 6.6127300187e-07
f11_hist 11 13 14 6.7482068308e-07
f11_hist 11 13 15 2.0929878309e-07
f11_hist 11 13 16 1.4546126318e-07
f11_hist 11 13 17 5.1291096910e-08
f11_hist 11 14 9 8.9218099603e-08
f11_hist 11 14 10 6.8032722405e-08
f11_hist 11 14 11 9.8747119688e-08
f11_hist 11 14 12 7.1758314020e-09
f11_hist 11 14 13 4.7950351510e-08
f11_hist 11 14 15 1.2808618588e-07
f11_hist 12 0 3 9.7716290673e-10
f11_hist 12 0 4 1.4893524681e-08
f11_hist 12 0 5 1.8920477403e-07
f11_hist 12 0 6 5.0087534771e-07
f11_hist 12 0 7 1.8113698488e-06
f11_hist 12 0 8 2.7701145117e-06
f11_hist 12 0 9 2.9389618856e-06
f11_hist 12 0 10 4.3115981368e-06
f11_hist 12 0 11 5.3753922211e-06
f11_hist 12 0 12 5.8155968529e-06
f11_hist 12 0 13 5.6996340879e-06
f11_hist 12 0 14 5.2209903759e-06
f11_hist 12 0 15 3.5321216545e-06
f11_hist 12 0 16 1.7587938018e-06
f11_hist 12 0 17 1.4512085758e-06
f11_hist 12 0 18 3.8600769217e-07
f11_hist 12 0 19 9.2235265291e-08
f11_hist 12 0 20 3.8920485728e-08
f11_hist 12 1 1 6.0797742765e-08
f11_hist 12 1 3 8.2892295519e-08
f11_hist 12 1 4 7.9020472224e-07
f11_hist 12 1 5 2.5046587557e-06
f11_hist 12 1 6 6.9365003145e-06
f11_hist 12 1 7 1.5128716915e-05
f11_hist 12 1 8 2.6166540620e-05
f11_hist 12 1 9 3.7897317927e-05
f11_hist 12 1 10 5.1282432148e-05
f11_hist 12 1 11 6.0557641426e-05
f11_hist 12 1 12 6.1315252614e-05
f11_hist 12 1 13 5.6567359683e-05
f11_hist 12 1 14 4.8100604873e-05
f11_hist 12 1 15 3.3408511566e-05
f11_hist 12 1 16 2.3902977662e-05
f11_hist 12 1 17 1.3794255170e-05
f11_hist 12 1 18 7.3067015831e-06
f11_hist 12 1 19 2.4266504896e-06
f11_hist 12 1 20 3.8144802068e-07
f11_hist 12 1 21 6.0773717617e-08
f11_hist 12 1 22 2.4685234588e-09
f11_hist 12 2 1 8.6890055705e-08
f11_hist 12 2 2 2.4880790248e-08
f11_hist 12 2 3 1.1172367995e-06
f11_hist 12 2 4 4.3906343871e-06
f11_hist 12 2 5 1.5877438609e-05
f11_hist 12 2 6 3.7019533510e-05
f11_hist 12 2 7 7.1850726956e-05
f11_hist 12 2 8 1.3270962598e-04
f11_hist 12 2 9 1.8121242696e-04
f11_hist 12 2 10 2.4158027027e-04
f11_hist 12 2 11 2.7932615304e-04
f11_hist 12 2 12 2.8167760776e-04
f11_hist 12 2 13 2.6551693882e-04
f11_hist 12 2 14 2.2917983634e-04
f11_hist 12 2 15 1.7434923025e-04
f11_hist 12 2 16 1.0753894045e-04
f11_hist 12 2 17 6.2705356220e-05
f11_hist 12 2 18 3.1068049723e-05
f11_hist 12 2 19 1.2951710067e-05
f11_hist 12 2 20 3.3631786344e-06
f11_hist 12 2 21 7.3142018130e-07
f11_hist 12 2 22 2.3685755799e-07
f11_hist 12 3 2 8.0183185446e-07
f11_hist 12 3 3 2.7701106042e-06
f11_hist 12 3 4 1.3470439248e-05
f11_hist 12 3 5 4.3095366765e-05
f11_hist 12 3 6 1.1096967760e-04
f11_hist 12 3 7 2.1180853795e-04
f11_hist 12 3 8 3.7525579713e-04
f11_hist 12 3 9 5.2764799514e-04
f11_hist 12 3 10 6.8314579075e-04
f11_hist 12 3 11 7.7661098521e-04
f11_hist 12 3 12 8.2422139463e-04
f11_hist 12 3 13 7.5522615698e-04
f11_hist 12 3 14 6.3897500994e-04
f11_hist 12 3 15 4.9348696920e-04
f11_hist 12 3 16 3.1859771831e-04
f11_hist 12 3 17 1.8475509263e-04
f11_hist 12 3 18 9.2188330492e-05
f11_hist 12 3 19 3.7694742470e-05
f11_hist 12 3 20 9.5556408865e-06
f11_hist 12 3 21 1.8592306122e-06
f11_hist 12 3 22 2.7181888717e-07
f11_hist 12 3 23 6.3106596898e-09
f11_hist 12 4 1 3.3321341231e-07
f11_hist 12 4 2 1.3581494817e-06
f11_hist 12 4 3 5.5235222538e-06
f11_hist 12 4 4 2.5430340684e-05
f11_hist 12 4 5 8.7697709604e-05
f11_hist 12 4 6 2.1659576984e-04
f11_hist 12 4 7 4.1947881065e-04
f11_hist 12 4 8 7.2227217622e-04
f11_hist 12 4 9 1.0051315254e-03
f11_hist 12 4 10 1.2961678471e-03
f11_hist 12 4 11 1.4493281786e-03
f11_hist 12 4 12 1.5318623989e-03
f11_hist 12 4 13 1.4168155557e-03
f11_hist 12 4 14 1.1921038887e-03
f11_hist 12 4 15 9.0537705573e-04
f11_hist 12 4 16 6.0944547602e-04
f11_hist 12 4 17 3.4869291330e-04
f11_hist 12 4 18 1.7155871764e-04
f11_hist 12 4 19 6.5575605954e-05
f11_hist 12 4 20 2.0492169980e-05
f11_hist 12 4 21 3.7581582800e-06
f11_hist 12 4 22 6.0721477446e-07
f11_hist 12 4 23 1.4930463186e-08
f11_hist 12 5 1 3.3104210709e-07
f11_hist 12 5 2 1.6451214234e-06
f11_hist 12 5 3 8.4154842838e-06
f11_hist 12 5 4 3.4959455250e-05
f11_hist 12 5 5 1.2046396751e-04
f11_hist 12 5 6 2.8911896804e-04
f11_hist 12 5 7 5.4554417720e-04
f11_hist 12 5 8 9.5479639078e-04
f11_hist 12 5 9 1.3221630526e-03
f11_hist 12 5 10 1.7237308749e-03
f11_hist 12 5 11 1.9456861823e-03
f11_hist 12 5 12 2.0024634298e-03
f11_hist 12 5 13 1.9020969092e-03
f11_hist 12 5 14 1.6111918505e-03
f11_hist 12 5 15 1.2106016693e-03
f11_hist 12 5 16 8.1833715877e-04
f11_hist 12 5 17 4.8459101747e-04
f11_hist 12 5 18 2.3936332251e-04
f11_hist 12 5 19 9.9223621709e-05
f11_hist 12 5 20 2.5343707030e-05
f11_hist 12 5 21 6.7593155213e-06
f11_hist 12 5 22 1.0645839944e-06
f11_hist 12 5 23 2.8119854355e-08
f11_hist 12 6 1 1.4766592010e-08
f11_hist 12 6 2 1.3195467137e-06
f11_hist 12 6 3 8.3063293977e-06
f11_hist 12 6 4 3.4020877134e-05
f11_hist 12 6 5 1.1250763074e-04
f11_hist 12 6 6 2.8629275179e-04
f11_hist 12 6 7 5.3862392121e-04
f11_hist 12 6 8 9.6019783538e-04
f11_hist 12 6 9 1.2989904326e-03
f11_hist 12 6 10 1.6836285031e-03
f11_hist 12 6 11 1.8723646514e-03
f11_hist 12 6 12 1.9490733666e-03
f11_hist 12 6 13 1.8078038193e-03
f11_hist 12 6 14 1.5711475030e-03
f11_hist 12 6 15 1.1782808779e-03
f11_hist 12 6 16 8.1069678483e-04
f11_hist 12 6 17 4.6585268624e-04
f11_hist 12 6 18 2.4125533201e-04
f11_hist 12 6 19 9.3119772588e-05
f11_hist 12 6 20 2.7611239414e-05
f11_hist 12 6 21 6.5363279981e-06
f11_hist 12 6 22 1.1409593164e-06
f11_hist 12 6 23 1.1460681241e-07
f11_hist 12 7 1 5.0462132647e-08
f11_hist 12 7 2 5.4763542655e-07
f11_hist 12 7 3 5.4909347076e-06
f11_hist 12 7 4 2.2292407616e-05
f11_hist 12 7 5 7.8525708122e-05
f11_hist 12 7 6 2.0860983892e-04
f11_hist 12 7 7 3.8182503371e-04
f11_hist 12 7 8 6.8313166133e-04
f11_hist 12 7 9 8.9900880947e-04
f11_hist 12 7 10 1.2106130458e-03
f11_hist 12 7 11 1.3255163529e-03
f11_hist 12 7 12 1.3791323456e-03
f11_hist 12 7 13 1.2864673991e-03
f11_hist 12 7 14 1.1324051810e-03
f11_hist 12 7 15 8.4776037203e-04
f11_hist 12 7 16 5.9195959136e-04
f11_hist 12 7 17 3.4804609400e-04
f11_hist 12 7 18 1.7310898570e-04
f11_hist 12 7 19 6.4902987859e-05
f11_hist 12 7 20 1.8864294798e-05
f11_hist 12 7 21 3.8230077186e-06
f11_hist 12 7 22 9.8340684109e-07
f11_hist 12 7 23 1.2494478810e-08
f11_hist 12 8 1 4.6255829962e-08
f11_hist 12 8 2 7.5816110831e-07
f11_hist 12 8 3 3.3683022426e-06
f11_hist 12 8 4 1.3008596047e-05
f11_hist 12 8 5 4.5306454891e-05
f11_hist 12 8 6 1.1871810120e-04
f11_hist 12 8 7 2.0078044954e-04
f11_hist 12 8 8 3.7348747898e-04
f11_hist 12 8 9 4.8047268211e-04
f11_hist 12 8 10 6.4033481060e-04
f11_hist 12 8 11 6.8554444778e-04
f11_hist 12 8 12 7.3221135465e-04
f11_hist 12 8 13 6.8327671479e-04
f11_hist 12 8 14 5.9012406418e-04
f11_hist 12 8 15 4.5247533172e-04
f11_hist 12 8 16 3.2558671186e-04
f11_hist 12 8 17 1.8068615735e-04
f11_hist 12 8 18 9.4846275741e-05
f11_hist 12 8 19 3.3947714685e-05
f11_hist 12 8 20 1.2811306052e-05
f11_hist 12 8 21 3.3231719052e-06
f11_hist 12 8 22 1.8352460778e-07
f11_hist 12 9 1 1.9140630975e-08
f11_hist 12 9 2 1.4397515801e-07
f11_hist 12 9 3 1.5566724449e-06
f11_hist 12 9 4 5.5965667413e-06
f11_hist 12 9 5 1.7262087382e-05
f11_hist 12 9 6 4.4179425203e-05
f11_hist 12 9 7 7.9369345098e-05
f11_hist 12 9 8 1.5531736293e-04
f11_hist 12 9 9 1.9236228165e-04
f11_hist 12 9 10 2.5865749267e-04
f11_hist 12 9 11 2.7016815106e-04
f11_hist 12 9 12 2.8512598487e-04
f11_hist 12 9 13 2.6374800804e-04
f11_hist 12 9 14 2.3046397036e-04
f11_hist 12 9 15 1.7238962920e-04
f11_hist 12 9 16 1.3005966286e-04
f11_hist 12 9 17 7.3459470625e-05
f11_hist 12 9 18 3.9364194274e-05
f11_hist 12 9 19 1.3911559335e-05
f11_hist 12 9 20 4.0289666900e-06
f11_hist 12 9 21 1.2605830078e-06
f11_hist 12 9 22 1.0535840733e-07
f11_hist 12 10 2 6.9994236068e-08
f11_hist 12 10 3 2.5624668349e-07
f11_hist 12 10 4 1.5808397141e-06
f11_hist 12 10 5 5.6033119916e-06
f11_hist 12 10 6 1.4709106022e-05
f11_hist 12 10 7 2.3254499058e-05
f11_hist 12 10 8 4.6806937227e-05
f11_hist 12 10 9 5.1891842512e-05
f11_hist 12 10 10 7.5381966624e-05
f11_hist 12 10 11 7.7721656431e-05
f11_hist 12 10 12 8.6205149195e-05
f11_hist 12 10 13 7.4360773987e-05
f11_hist 12 10 14 7.1360817720e-05
f11_hist 12 10 15 4.9105510533e-05
f11_hist 12 10 16 3.6032685338e-05
f11_hist 12 10 17 2.1408209255e-05
f11_hist 12 10 18 1.2794025595e-05
f11_hist 12 10 19 3.9771421920e-06
f11_hist 12 10 20 1.1500809238e-06
f11_hist 12 10 21 1.2168853115e-07
f11_hist 12 10 22 4.6130248181e-08
f11_hist 12 11 1 1.3165475379e-07
f11_hist 12 11 2 6.2507031292e-09
f11_hist 12 11 3 1.8459510008e-08
f11_hist 12 11 4 3.2907649329e-08
f11_hist 12 11 5 7.8983253970e-07
f11_hist 12 11 6 2.7686802579e-06
f11_hist 12 11 7 3.7694682323e-06
f11_hist 12 11 8 1.0081821049e-05
f11_hist 12 11 9 1.1452275133e-05
f11_hist 12 11 10 1.7546726197e-05
f11_hist 12 11 11 1.4524505651e-05
f11_hist 12 11 12 1.7225545223e-05
f11_hist 12 11 13 1.5454694341e-05
f11_hist 12 11 14 1.4842432150e-05
f11_hist 12 11 15 1.0243107662e-05
f11_hist 12 11 16 8.5034330827e-06
f11_hist 12 11 17 4.7237800482e-06
f11_hist 12 11 18 3.2012858729e-06
f11_hist 12 11 19 1.3860652551e-06
f11_hist 12 11 20 5.1348386878e-07
f11_hist 12 11 21 2.5657122778e-07
f11_hist 12 11 22 5.2062262475e-09
f11_hist 12 12 4 3.4341427188e-08
f11_hist 12 12 5 1.2907220366e-07
f11_hist 12 12 6 5.1602079033e-07
f11_hist 12 12 7 6.6018015912e-07
f11_hist 12 12 8 2.0716136976e-06
f11_hist 12 12 9 1.5015124051e-06
f11_hist 12 12 10 2.9254133464e-06
f11_hist 12 12 11 2.0308959598e-06
f11_hist 12 12 12 2.3306731712e-06
f11_hist 12 12 13 2.3285130461e-06
f11_hist 12 12 14 2.3679765760e-06
f11_hist 12 12 15 1.5412993973e-06
f11_hist 12 12 16 1.1599868282e-06
f11_hist 12 12 17 2.2538733895e-07
f11_hist 12 12 18 5.3718307806e-07
f11_hist 12 12 19 2.1271700467e-07
f11_hist 12 12 20 4.1058663876e-09
f11_hist 12 13 5 2.0791555317e-09
f11_hist 12 13 6 4.7023979640e-09
f11_hist 12 13 7 2.7521845061e-08
f11_hist 12 13 8 6.1055487918e-08
f11_hist 12 13 9 1.7765248301e-07
f11_hist 12 13 10 1.7965439769e-07
f11_hist 12 13 11 3.0484490923e-07
f11_hist 12 13 12 1.1787455417e-07
f11_hist 12 13 13 9.3285631603e-08
f11_hist 12 13 14 3.6464638380e-08
f11_hist 12 13 15 3.2777256974e-07
f11_hist 12 13 16 6.4309462563e-08
f11_hist 12 13 17 6.0279408574e-08
f11_hist 12 13 18 1.9724489684e-07
f11_hist 12 13 20 4.9364951805e-08
f11_hist 12 14 8 1.4593230191e-08
f11_hist 12 14 9 4.8917307752e-08
f11_hist 12 14 10 4.5038175805e-08
f11_hist 12 14 11 2.5080890034e-09
f11_hist 12 14 12 1.1885923378e-08
f11_hist 12 14 13 7.5648051519e-08
f11_hist 12 14 16 1.0457905183e-07
f11_hist 13 0 4 1.3369230060e-07
f11_hist 13 0 5 4.0363890905e-08
f11_hist 13 0 6 5.0063488903e-07
f11_hist 13 0 7 4.4844332299e-07
f11_hist 13 0 8 1.2944167737e-06
f11_hist 13 0 9 2.2483162141e-06
f11_hist 13 0 10 2.2372779821e-06
f11_hist 13 0 11 2.9296522596e-06
f11_hist 13 0 12 2.1686853898e-06
f11_hist 13 0 13 1.8100480506e-06
f11_hist 13 0 14 2.0993241968e-06
f11_hist 13 0 15 1.6545411055e-06
f11_hist 13 0 16 1.0117926215e-06
f11_hist 13 0 17 7.2860908091e-07
f11_hist 13 0 18 1.4667706430e-07
f11_hist 13 0 19 1.3749871773e-07
f11_hist 13 1 3 1.2818391510e-07
f11_hist 13 1 4 9.3881933851e-07
f11_hist 13 1 5 2.1757578216e-06
f11_hist 13 1 6 4.5823040338e-06
f11_hist 13 1 7 1.1542918821e-05
f11_hist 13 1 8 1.2263604029e-05
f11_hist 13 1 9 1.6928888006e-05
f11_hist 13 1 10 1.8411710900e-05
f11_hist 13 1 11 2.3883260531e-05
f11_hist 13 1 12 2.1055601603e-05
f11_hist 13 1 13 2.2715831595e-05
f11_hist 13 1 14 2.2394968600e-05
f11_hist 13 1 15 1.8483467277e-05
f11_hist 13 1 16 1.2363200422e-05
f11_hist 13 1 17 5.9116251349e-06
f11_hist 13 1 18 3.0029474268e-06
f11_hist 13 1 19 1.3129288036e-06
f11_hist 13 1 20 3.0472884720e-07
f11_hist 13 1 21 6.1696780409e-08
f11_hist 13 1 22 4.9979221797e-08
f11_hist 13 2 1 6.3296933361e-08
f11_hist 13 2 2 2.4950012377e-07
f11_hist 13 2 3 4.6957448869e-07
f11_hist 13 2 4 3.2059904195e-06
f11_hist 13 2 5 1.1485026197e-05
f11_hist 13 2 6 2.1266592484e-05
f11_hist 13 2 7 3.8599040812e-05
f11_hist 13 2 8 5.8851529397e-05
f11_hist 13 2 9 7.9195092506e-05
f11_hist 13 2 10 9.9510666236e-05
f11_hist 13 2 11 1.1678104569e-04
f11_hist 13 2 12 1.1492403272e-04
f11_hist 13 2 13 1.0772187284e-04
f11_hist 13 2 14 9.6294148501e-05
f11_hist 13 2 15 7.3151363876e-05
f11_hist 13 2 16 5.0353824111e-05
f11_hist 13 2 17 3.4059101165e-05
f11_hist 13 2 18 1.7715393414e-05
f11_hist 13 2 19 9.1293892335e-06
f11_hist 13 2 20 3.1315983563e-06
f11_hist 13 2 21 4.2488833325e-07
f11_hist 13 2 22 1.6038818084e-07
f11_hist 13 3 1 1.3171038832e-08
f11_hist 13 3 2 4.6030767920e-07
f11_hist 13 3 3 2.4445353567e-06
f11_hist 13 3 4 1.0210819222e-05
f11_hist 13 3 5 3.2921697675e-05
f11_hist 13 3 6 6.4943192152e-05
f11_hist 13 3 7 1.2694145072e-04
f11_hist 13 3 8 1.8065922669e-04
f11_hist 13 3 9 2.3384511830e-04
f11_hist 13 3 10 2.9558890920e-04
f11_hist 13 3 11 3.3073091704e-04
f11_hist 13 3 12 3.3843487927e-04
f11_hist 13 3 13 3.1189942929e-04
f11_hist 13 3 14 2.7201846303e-04
f11_hist 13 3 15 2.1524214771e-04
f11_hist 13 3 16 1.5825195213e-04
f11_hist 13 3 17 9.3898152817e-05
f11_hist 13 3 18 5.3215040950e-05
f11_hist 13 3 19 2.2409450532e-05
f11_hist 13 3 20 8.2983853407e-06
f11_hist 13 3 21 1.6940333779e-06
f11_hist 13 3 22 1.1531434987e-07
f11_hist 13 4 1 1.4126617052e-08
f11_hist 13 4 2 7.8941005867e-07
f11_hist 13 4 3 4.1009224391e-06
f11_hist 13 4 4 2.0573910375e-05
f11_hist 13 4 5 5.8534816463e-05
f11_hist 13 4 6 1.2512844790e-04
f11_hist 13 4 7 2.3547090804e-04
f11_hist 13 4 8 3.4437754480e-04
f11_hist 13 4 9 4.6608196135e-04
f11_hist 13 4 10 5.4676481905e-04
f11_hist 13 4 11 6.1398093392e-04
f11_hist 13 4 12 6.1679683680e-04
f11_hist 13 4 13 5.8239458387e-04
f11_hist 13 4 14 5.2324884905e-04
f11_hist 13 4 15 4.1691919654e-04
f11_hist 13 4 16 3.0221719928e-04
f11_hist 13 4 17 1.9208564397e-04
f11_hist 13 4 18 1.0525023318e-04
f11_hist 13 4 19 4.6572062572e-05
f11_hist 13 4 20 1.8157209659e-05
f11_hist 13 4 21 3.8001796840e-06
f11_hist 13 4 22 6.4862521843e-08
f11_hist 13 4 23 1.8437541239e-07
f11_hist 13 5 1 7.7756964575e-08
f11_hist 13 5 2 9.8781934563e-07
f11_hist 13 5 3 6.3748817230e-06
f11_hist 13 5 4 2.8346383894e-05
f11_hist 13 5 5 8.6979395339e-05
f11_hist 13 5 6 1.7588633596e-04
f11_hist 13 5 7 3.2202932422e-04
f11_hist 13 5 8 4.6285532683e-04
f11_hist 13 5 9 6.2854060839e-04
f11_hist 13 5 10 7.4856592484e-04
f11_hist 13 5 11 8.3116128269e-04
f11_hist 13 5 12 8.3529208539e-04
f11_hist 13 5 13 8.0154920344e-04
f11_hist 13 5 14 6.9521506068e-04
f11_hist 13 5 15 5.6801220155e-04
f11_hist 13 5 16 4.0903340585e-04
f11_hist 13 5 17 2.6239050830e-04
f11_hist 13 5 18 1.4450271653e-04
f11_hist 13 5 19 6.9116575867e-05
f11_hist 13 5 20 2.2600314395e-05
f11_hist 13 5 21 5.6254872937e-06
f11_hist 13 5 22 6.1932699716e-07
f11_hist 13 5 23 2.6853461380e-07
f11_hist 13 5 24 9.5522854808e-09
f11_hist 13 6 1 1.2481050026e-07
f11_hist 13 6 2 1.6100060233e-06
f11_hist 13 6 3 8.1446362491e-06
f11_hist 13 6 4 2.9859024189e-05
f11_hist 13 6 5 8.4293572924e-05
f11_hist 13 6 6 1.6917799520e-04
f11_hist 13 6 7 3.2223913041e-04
f11_hist 13 6 8 4.4933082047e-04
f11_hist 13 6 9 6.2863894733e-04
f11_hist 13 6 10 7.1555762941e-04
f11_hist 13 6 11 7.9237701157e-04
f11_hist 13 6 12 8.0333809086e-04
f11_hist 13 6 13 7.7095478370e-04
f11_hist 13 6 14 6.8933060431e-04
f11_hist 13 6 15 5.4512326089e-04
f11_hist 13 6 16 4.0371251310e-04
f11_hist 13 6 17 2.7205137032e-04
f11_hist 13 6 18 1.3994550727e-04
f11_hist 13 6 19 7.1533444528e-05
f11_hist 13 6 20 2.2513806196e-05
f11_hist 13 6 21 6.7362548958e-06
f11_hist 13 6 22 7.1461092322e-07
f11_hist 13 6 23 1.0582342018e-07
f11_hist 13 7 1 1.7405180102e-07
f11_hist 13 7 2 7.4286671024e-07
f11_hist 13 7 3 4.4795595530e-06
f11_hist 13 7 4 1.9685087662e-05
f11_hist 13 7 5 6.5957794822e-05
f11_hist 13 7 6 1.2522818517e-04
f11_hist 13 7 7 2.4604848506e-04
f11_hist 13 7 8 3.2617041915e-04
f11_hist 13 7 9 4.4141542391e-04
f11_hist 13 7 10 5.2133783448e-04
f11_hist 13 7 11 5.6893616907e-04
f11_hist 13 7 12 5.7089327211e-04
f11_hist 13 7 13 5.4205017675e-04
f11_hist 13 7 14 4.8653667597e-04
f11_hist 13 7 15 4.0868434121e-04
f11_hist 13 7 16 2.9431378762e-04
f11_hist 13 7 17 1.9518268958e-04
f11_hist 13 7 18 1.1380299401e-04
f11_hist 13 7 19 4.8095180272e-05
f11_hist 13 7 20 1.3819485453e-05
f11_hist 13 7 21 5.1966292324e-06
f11_hist 13 7 22 7.2157818006e-07
f11_hist 13 7 23 1.9944141295e-09
f11_hist 13 8 1 3.3750943011e-08
f11_hist 13 8 2 5.2152720350e-07
f11_hist 13 8 3 2.2523636045e-06
f11_hist 13 8 4 1.1880462514e-05
f11_hist 13 8 5 3.6806824105e-05
f11_hist 13 8 6 7.0223033442e-05
f11_hist 13 8 7 1.3731119675e-04
f11_hist 13 8 8 1.7515500658e-04
f11_hist 13 8 9 2.4209981623e-04
f11_hist 13 8 10 2.7019032044e-04
f11_hist 13 8 11 3.0647085551e-04
f11_hist 13 8 12 3.0649360807e-04
f11_hist 13 8 13 2.8291396554e-04
f11_hist 13 8 14 2.5970047159e-04
f11_hist 13 8 15 2.2141782985e-04
f11_hist 13 8 16 1.5451847809e-04
f11_hist 13 8 17 1.0333175796e-04
f11_hist 13 8 18 5.7594838398e-05
f11_hist 13 8 19 2.7864972291e-05
f11_hist 13 8 20 1.0123332717e-05
f11_hist 13 8 21 2.1505619335e-06
f11_hist 13 8 22 3.5108865918e-07
f11_hist 13 9 2 2.3410821019e-07
f11_hist 13 9 3 1.1949740587e-06
f11_hist 13 9 4 4.2633783754e-06
f11_hist 13 9 5 1.4512125398e-05
f11_hist 13 9 6 2.8155505973e-05
f11_hist 13 9 7 5.7200619808e-05
f11_hist 13 9 8 7.1282537071e-05
f11_hist 13 9 9 9.7739503650e-05
f11_hist 13 9 10 1.0551660561e-04
f11_hist 13 9 11 1.1413251238e-04
f11_hist 13 9 12 1.1098533334e-04
f11_hist 13 9 13 1.1232418703e-04
f11_hist 13 9 14 1.0124881278e-04
f11_hist 13 9 15 8.5974681842e-05
f11_hist 13 9 16 6.2058816104e-05
f11_hist 13 9 17 4.4897455745e-05
f11_hist 13 9 18 2.1946608185e-05
f11_hist 13 9 19 1.3153896022e-05
f11_hist 13 9 20 3.6582071823e-06
f11_hist 13 9 21 8.2155200762e-07
f11_hist 13 9 22 1.4613958346e-07
f11_hist 13 9 23 3.7171221992e-08
f11_hist 13 10 2 8.6849478206e-08
f11_hist 13 10 3 8.8029039386e-08
f11_hist 13 10 4 1.5003164397e-06
f11_hist 13 10 5 4.7115160501e-06
f11_hist 13 10 6 7.8449973905e-06
f11_hist 13 10 7 1.6892804082e-05
f11_hist 13 10 8 1.9219808000e-05
f11_hist 13 10 9 2.9324008513e-05
f11_hist 13 10 10 3.0592572358e-05
f11_hist 13 10 11 3.8384609122e-05
f11_hist 13 10 12 3.2314704467e-05
f11_hist 13 10 13 3.1554182347e-05
f11_hist 13 10 14 2.5788776060e-05
f11_hist 13 10 15 2.2655345215e-05
f11_hist 13 10 16 1.7800800929e-05
f11_hist 13 10 17 1.3212642581e-05
f11_hist 13 10 18 6.9759539115e-06
f11_hist 13 10 19 3.6260730726e-06
f11_hist 13 10 20 1.1391159168e-06
f11_hist 13 10 21 3.6879258498e-07
f11_hist 13 10 23 1.1048997576e-08
f11_hist 13 11 2 1.4087678918e-08
f11_hist 13 11 3 3.4831312971e-09
f11_hist 13 11 4 2.0013382032e-07
f11_hist 13 11 5 1.3661690742e-06
f11_hist 13 11 6 1.8852112060e-06
f11_hist 13 11 7 3.6767285676e-06
f11_hist 13 11 8 3.7921886044e-06
f11_hist 13 11 9 6.0367160874e-06
f11_hist 13 11 10 6.4144426063e-06
f11_hist 13 11 11 8.2770723912e-06
f11_hist 13 11 12 6.6265198608e-06
f11_hist 13 11 13 6.0489515745e-06
f11_hist 13 11 14 5.3947953093e-06
f11_hist 13 11 15 5.7592111093e-06
f11_hist 13 11 16 4.4732692467e-06
f11_hist 13 11 17 2.8139948560e-06
f11_hist 13 11 18 1.9501853329e-06
f11_hist 13 11 19 1.1035452339e-06
f11_hist 13 11 20 3.3984943036e-07
f11_hist 13 11 21 1.6396036483e-07
f11_hist 13 12 4 2.0860146286e-07
f11_hist 13 12 5 2.5502517373e-07
f11_hist 13 12 6 2.1082752151e-07
f11_hist 13 12 7 1.0750789282e-06
f11_hist 13 12 8 7.7880922251e-07
f11_hist 13 12 9 1.0979445991e-06
f11_hist 13 12 10 1.0653519234e-06
f11_hist 13 12 11 1.0579622024e-06
f11_hist 13 12 12 1.2162888920e-06
f11_hist 13 12 13 6.8322147073e-07
f11_hist 13 12 14 1.0138877935e-06
f11_hist 13 12 15 6.8151039348e-07
f11_hist 13 12 16 5.2553614199e-07
f11_hist 13 12 17 3.5536878799e-07
f11_hist 13 12 18 3.7845997320e-07
f11_hist 13 12 19 8.2357280773e-08
f11_hist 13 12 20 4.8237233415e-08
f11_hist 13 12 22 2.7073124394e-08
f11_hist 13 13 5 1.6261419765e-08
f11_hist 13 13 6 9.9131149404e-09
f11_hist 13 13 7 1.5706872017e-07
f11_hist 13 13 8 4.8733064641e-08
f11_hist 13 13 9 7.3716185560e-08
f11_hist 13 13 10 5.2791010491e-09
f11_hist 13 13 11 1.4929399726e-07
f11_hist 13 13 12 9.7858719099e-09
f11_hist 13 13 13 1.3630225970e-07
f11_hist 13 13 14 2.9221094765e-08
f11_hist 13 13 15 1.6937115569e-07
f11_hist 13 13 16 8.9352615601e-09
f11_hist 13 13 17 6.7174253545e-08
f11_hist 13 14 15 1.3738664488e-08
f11_hist 14 0 2 5.0290437823e-08
f11_hist 14 0 3 9.4620159281e-09
f11_hist 14 0 4 3.0111912251e-08
f11_hist 14 0 5 6.0925902804e-08
f11_hist 14 0 6 1.8867734565e-07
f11_hist 14 0 7 4.1288794609e-08
f11_hist 14 0 8 1.1139540044e-07
f11_hist 14 0 9 5.6803567217e-08
f11_hist 14 0 10 2.8747566159e-07
f11_hist 14 0 11 3.6052872300e-07
f11_hist 14 0 12 7.0651939161e-07
f11_hist 14 0 13 6.5749445034e-07
f11_hist 14 0 14 7.2002938801e-07
f11_hist 14 0 15 6.6906236740e-07
f11_hist 14 0 16 4.2282163431e-07
f11_hist 14 0 17 1.9901441739e-07
f11_hist 14 0 18 3.0306658603e-11
f11_hist 14 0 19 2.9446133972e-08
f11_hist 14 0 20 4.4993811888e-10
f11_hist 14 1 2 1.3831936577e-08
f11_hist 14 1 3 6.5353508422e-08
f11_hist 14 1 4 6.2214346794e-07
f11_hist 14 1 5 8.9510015604e-07
f11_hist 14 1 6 2.3211653316e-06
f11_hist 14 1 7 3.1961115089e-06
f11_hist 14 1 8 5.2288720806e-06
f11_hist 14 1 9 6.0631666274e-06
f11_hist 14 1 10 5.1532864749e-06
f11_hist 14 1 11 5.7596909099e-06
f11_hist 14 1 12 6.3349083999e-06
f11_hist 14 1 13 6.8963821643e-06
f11_hist 14 1 14 6.1161687528e-06
f11_hist 14 1 15 5.6631381126e-06
f11_hist 14 1 16 3.0183180100e-06
f11_hist 14 1 17 2.8611518005e-06
f11_hist 14 1 18 1.3766584703e-06
f11_hist 14 1 19 8.2095265223e-07
f11_hist 14 1 20 7.9681263234e-07
f11_hist 14 1 21 8.7486818236e-08
f11_hist 14 2 2 1.5131363626e-07
f11_hist 14 2 3 1.0832371934e-06
f11_hist 14 2 4 2.4935894505e-06
f11_hist 14 2 5 4.9241948237e-06
f11_hist 14 2 6 9.6086611952e-06
f11_hist 14 2 7 1.3903488620e-05
f11_hist 14 2 8 2.1790168665e-05
f11_hist 14 2 9 2.8237327708e-05
f11_hist 14 2 10 2.9487000847e-05
f11_hist 14 2 11 3.4008208803e-05
f11_hist 14 2 12 2.9572729481e-05
f11_hist 14 2 13 3.3892040152e-05
f11_hist 14 2 14 3.1107683879e-05
f11_hist 14 2 15 2.5073312344e-05
f11_hist 14 2 16 1.9806460459e-05
f11_hist 14 2 17 1.2582824895e-05
f11_hist 14 2 18 6.5017834751e-06
f11_hist 14 2 19 4.3514844637e-06
f11_hist 14 2 20 1.3032797622e-06
f11_hist 14 2 21 3.6711044648e-07
f11_hist 14 2 22 7.9254559831e-08
f11_hist 14 3 2 1.0483814598e-06
f11_hist 14 3 3 2.1247445697e-06
f11_hist 14 3 4 4.7198011172e-06
f11_hist 14 3 5 1.4942257015e-05
f11_hist 14 3 6 3.0200410001e-05
f11_hist 14 3 7 4.2968239702e-05
f11_hist 14 3 8 6.3059230399e-05
f11_hist 14 3 9 8.2202371520e-05
f11_hist 14 3 10 9.8487695622e-05
f11_hist 14 3 11 9.9588081046e-05
f11_hist 14 3 12 1.0431566360e-04
f11_hist 14 3 13 9.8199852519e-05
f11_hist 14 3 14 8.9872193283e-05
f11_hist 14 3 15 7.3003568161e-05
f11_hist 14 3 16 6.0149806864e-05
f11_hist 14 3 17 3.8443709453e-05
f11_hist 14 3 18 2.3088581565e-05
f11_hist 14 3 19 1.0375531859e-05
f11_hist 14 3 20 4.9019302625e-06
f11_hist 14 3 21 1.5130339871e-06
f11_hist 14 3 22 1.3587828703e-07
f11_hist 14 4 1 2.1532683546e-07
f11_hist 14 4 2 9.4508610333e-07
f11_hist 14 4 3 3.7331073460e-06
f11_hist 14 4 4 1.4297260285e-05
f11_hist 14 4 5 3.1110206623e-05
f11_hist 14 4 6 5.7754032370e-05
f11_hist 14 4 7 9.3420875844e-05
f11_hist 14 4 8 1.3355148623e-04
f11_hist 14 4 9 1.5409506836e-04
f11_hist 14 4 10 1.8519054397e-04
f11_hist 14 4 11 1.9377503861e-04
f11_hist 14 4 12 1.9505549987e-04
f11_hist 14 4 13 1.8146019708e-04
f11_hist 14 4 14 1.7221459813e-04
f11_hist 14 4 15 1.4326151639e-04
f11_hist 14 4 16 1.1196419911e-04
f11_hist 14 4 17 7.5974116196e-05
f11_hist 14 4 18 4.7566829345e-05
f11_hist 14 4 19 2.3915286168e-05
f11_hist 14 4 20 9.7360400013e-06
f11_hist 14 4 21 3.0072752241e-06
f11_hist 14 4 22 3.6354768130e-07
f11_hist 14 4 23 1.1416352814e-08
f11_hist 14 5 1 7.8697037460e-08
f11_hist 14 5 2 1.0461868368e-06
f11_hist 14 5 3 6.9654658529e-06
f11_hist 14 5 4 1.9417334766e-05
f11_hist 14 5 5 4.3080164092e-05
f11_hist 14 5 6 8.5814105331e-05
f11_hist 14 5 7 1.2270695469e-04
f11_hist 14 5 8 1.8018450040e-04
f11_hist 14 5 9 2.0760711031e-04
f11_hist 14 5 10 2.4101792367e-04
f11_hist 14 5 11 2.5995404043e-04
f11_hist 14 5 12 2.6816333554e-04
f11_hist 14 5 13 2.5876346681e-04
f11_hist 14 5 14 2.3168914137e-04
f11_hist 14 5 15 2.0044694037e-04
f11_hist 14 5 16 1.5880537290e-04
f11_hist 14 5 17 1.0579493162e-04
f11_hist 14 5 18 6.3818898185e-05
f11_hist 14 5 19 2.7809817977e-05
f11_hist 14 5 20 1.2493314923e-05
f11_hist 14 5 21 3.3141498821e-06
f11_hist 14 5 22 6.6389331205e-07
f11_hist 14 6 1 1.6439191266e-07
f11_hist 14 6 2 1.0784564367e-06
f11_hist 14 6 3 5.9001265649e-06
f11_hist 14 6 4 1.9902375890e-05
f11_hist 14 6 5 4.1009233512e-05
f11_hist 14 6 6 8.5398160227e-05
f11_hist 14 6 7 1.2777679944e-04
f11_hist 14 6 8 1.7706750263e-04
f11_hist 14 6 9 2.1898698856e-04
f11_hist 14 6 10 2.5170007469e-04
f11_hist 14 6 11 2.6200356700e-04
f11_hist 14 6 12 2.5967751947e-04
f11_hist 14 6 13 2.4919670793e-04
f11_hist 14 6 14 2.3182274971e-04
f11_hist 14 6 15 1.9698039687e-04
f11_hist 14 6 16 1.5739777410e-04
f11_hist 14 6 17 1.0609529890e-04
f11_hist 14 6 18 6.9054906849e-05
f11_hist 14 6 19 3.5564532600e-05
f11_hist 14 6 20 1.5648080553e-05
f11_hist 14 6 21 3.5760600740e-06
f11_hist 14 6 22 1.0625937818e-06
f11_hist 14 6 23 1.4753762837e-08
f11_hist 14 7 1 4.4134554724e-08
f11_hist 14 7 2 1.2349026585e-06
f11_hist 14 7 3 3.3604882703e-06
f11_hist 14 7 4 1.7731112850e-05
f11_hist 14 7 5 3.1247280407e-05
f11_hist 14 7 6 6.7127095357e-05
f11_hist 14 7 7 9.3349640265e-05
f11_hist 14 7 8 1.2819081330e-04
f11_hist 14 7 9 1.5287176170e-04
f11_hist 14 7 10 1.7348143549e-04
f11_hist 14 7 11 1.8491574585e-04
f11_hist 14 7 12 1.9140628402e-04
f11_hist 14 7 13 1.7424550893e-04
f11_hist 14 7 14 1.5815483879e-04
f11_hist 14 7 15 1.4046008000e-04
f11_hist 14 7 16 1.1546065280e-04
f11_hist 14 7 17 7.9590742414e-05
f11_hist 14 7 18 5.0971349663e-05
f11_hist 14 7 19 2.7935042915e-05
f11_hist 14 7 20 1.0832146408e-05
f11_hist 14 7 21 3.9041588561e-06
f11_hist 14 7 22 9.5882335477e-07
f11_hist 14 7 23 1.1021899871e-07
f11_hist 14 8 1 7.1094071971e-08
f11_hist 14 8 2 2.2196374789e-07
f11_hist 14 8 3 2.3437693370e-06
f11_hist 14 8 4 9.4442064857e-06
f11_hist 14 8 5 1.6414267546e-05
f11_hist 14 8 6 3.9231680578e-05
f11_hist 14 8 7 5.0057545750e-05
f11_hist 14 8 8 7.0765330670e-05
f11_hist 14 8 9 8.4872599269e-05
f11_hist 14 8 10 9.0721817050e-05
f11_hist 14 8 11 9.5654580803e-05
f11_hist 14 8 12 9.2328745909e-05
f11_hist 14 8 13 9.2388118119e-05
f11_hist 14 8 14 8.8701550778e-05
f11_hist 14 8 15 7.3740382027e-05
f11_hist 14 8 16 6.2030111960e-05
f11_hist 14 8 17 4.5224755557e-05
f11_hist 14 8 18 2.5374461476e-05
f11_hist 14 8 19 1.4546027848e-05
f11_hist 14 8 20 7.0567136425e-06
f11_hist 14 8 21 1.9433138131e-06
f11_hist 14 8 22 4.8561809528e-07
f11_hist 14 9 2 1.7827773370e-07
f11_hist 14 9 3 1.0401428067e-06
f11_hist 14 9 4 4.0467671193e-06
f11_hist 14 9 5 6.8626118359e-06
f11_hist 14 9 6 1.6120250063e-05
f11_hist 14 9 7 1.8842769642e-05
f11_hist 14 9 8 3.1098127956e-05
f11_hist 14 9 9 3.0220307886e-05
f11_hist 14 9 10 3.4337335220e-05
f11_hist 14 9 11 3.6536993418e-05
f11_hist 14 9 12 3.8575737224e-05
f11_hist 14 9 13 3.5329925081e-05
f11_hist 14 9 14 3.2759257493e-05
f11_hist 14 9 15 2.8125839503e-05
f11_hist 14 9 16 2.7549314125e-05
f11_hist 14 9 17 1.7921574793e-05
f11_hist 14 9 18 1.3623346643e-05
f11_hist 14 9 19 4.9730614001e-06
f11_hist 14 9 20 3.5593254368e-06
f11_hist 14 9 21 8.8129811428e-07
f11_hist 14 9 22 7.3516803746e-08
f11_hist 14 10 2 1.1010915839e-07
f11_hist 14 10 3 5.6796379365e-07
f11_hist 14 10 4 1.5287382216e-06
f11_hist 14 10 5 2.3763030206e-06
f11_hist 14 10 6 5.7453483333e-06
f11_hist 14 10 7 5.8369236606e-06
f11_hist 14 10 8 1.0613106753e-05
f11_hist 14 10 9 9.5436716285e-06
f11_hist 14 10 10 9.8297998778e-06
f11_hist 14 10 11 9.8467121582e-06
f11_hist 14 10 12 7.9906450236e-06
f11_hist 14 10 13 1.0477296168e-05
f11_hist 14 10 14 1.0335210377e-05
f11_hist 14 10 15 8.6054182939e-06
f11_hist 14 10 16 7.5495598618e-06
f11_hist 14 10 17 5.0392507924e-06
f11_hist 14 10 18 4.2574238113e-06
f11_hist 14 10 19 1.6619390724e-06
f11_hist 14 10 20 4.9470375854e-07
f11_hist 14 10 21 3.2832354615e-07
f11_hist 14 11 3 3.4876937621e-08
f11_hist 14 11 4 1.4859848797e-07
f11_hist 14 11 5 1.4211174671e-07
f11_hist 14 11 6 1.6196813727e-06
f11_hist 14 11 7 1.3606030022e-06
f11_hist 14 11 8 3.1219618253e-06
f11_hist 14 11 9 2.0458063039e-06
f11_hist 14 11 10 1.9019504552e-06
f11_hist 14 11 11 1.8222174537e-06
f11_hist 14 11 12 2.3876744067e-06
f11_hist 14 11 13 1.4962288499e-06
f11_hist 14 11 14 1.6893810613e-06
f11_hist 14 11 15 2.1829725512e-06
f11_hist 14 11 16 1.3066730851e-06
f11_hist 14 11 17 1.1029140288e-06
f11_hist 14 11 18 8.3554513225e-07
f11_hist 14 11 19 4.6958848899e-07
f11_hist 14 11 20 4.6866909765e-08
f11_hist 14 11 21 2.8447827177e-08
f11_hist 14 11 22 1.0275815776e-08
f11_hist 14 12 4 6.8908493225e-08
f11_hist 14 12 5 1.7485843943e-08
f11_hist 14 12 6 6.6303906964e-08
f11_hist 14 12 7 4.4647427328e-07
f11_hist 14 12 8 2.7576125897e-07
f11_hist 14 12 9 2.5180813331e-07
f11_hist 14 12 10 5.3469304673e-07
f11_hist 14 12 11 1.9124678460e-07
f11_hist 14 12 12 4.2216576110e-07
f11_hist 14 12 13 2.6425786051e-07
f11_hist 14 12 14 3.1643825797e-07
f11_hist 14 12 15 3.3283226394e-07
f11_hist 14 12 16 2.0380860755e-07
f11_hist 14 12 17 9.9647662487e-08
f11_hist 14 12 18 1.5263680450e-07
f11_hist 14 12 19 1.2571268764e-08
f11_hist 14 12 22 3.1030915968e-09
f11_hist 14 13 6 1.4729957116e-08
f11_hist 14 13 8 1.6911012666e-08
f11_hist 14 13 9 9.7938259284e-08
f11_hist 14 13 10 1.3084964159e-08
f11_hist 14 13 11 3.0194835357e-08
f11_hist 14 13 13 4.2536572820e-08
f11_hist 14 13 14 3.8518208645e-08
f11_hist 14 13 15 6.1578753101e-08
f11_hist 14 13 18 2.3657953393e-07
f11_hist 14 13 19 5.5147123987e-10
f11_hist 14 14 6 1.0916111446e-08
f11_hist 15 0 2 2.2293731842e-09
f11_hist 15 0 3 2.5295486693e-08
f11_hist 15 0 5 5.2183220904e-09
f11_hist 15 0 6 2.5291299227e-08
f11_hist 15 0 7 3.1071338040e-08
f11_hist 15 0 8 4.5910966739e-08
f11_hist 15 0 9 4.8435661473e-08
f11_hist 15 0 10 2.6121819087e-08
f11_hist 15 0 11 2.9175030992e-07
f11_hist 15 0 12 8.4396976560e-08
f11_hist 15 0 13 3.1990134980e-08
f11_hist 15 0 14 8.2685554082e-09
f11_hist 15 0 15 2.0573638169e-07
f11_hist 15 0 16 9.9418125458e-08
f11_hist 15 0 17 5.8802337664e-09
f11_hist 15 0 18 1.4589505534e-07
f11_hist 15 0 19 7.5066775691e-11
f11_hist 15 1 2 3.0991538609e-08
f11_hist 15 1 3 3.1403751099e-08
f11_hist 15 1 4 1.3753691389e-07
f11_hist 15 1 5 3.1577031947e-07
f11_hist 15 1 6 1.2354913578e-06
f11_hist 15 1 7 7.4888650880e-07
f11_hist 15 1 8 1.0401059410e-06
f11_hist 15 1 9 1.0107152726e-06
f11_hist 15 1 10 1.0248726436e-06
f11_hist 15 1 11 1.4236480808e-06
f11_hist 15 1 12 1.2053662848e-06
f11_hist 15 1 13 1.6120247280e-06
f11_hist 15 1 14 1.6190360974e-06
f11_hist 15 1 15 1.2011602077e-06
f11_hist 15 1 16 1.2086094932e-06
f11_hist 15 1 17 7.3223527957e-07
f11_hist 15 1 18 2.9375707915e-07
f11_hist 15 1 19 2.7810902150e-07
f11_hist 15 1 20 2.2792347434e-07
f11_hist 15 1 21 1.2560093768e-08
f11_hist 15 1 22 8.1747302497e-09
f11_hist 15 2 2 6.7332038748e-09
f11_hist 15 2 3 1.9007802990e-07
f11_hist 15 2 4 6.2746910342e-07
f11_hist 15 2 5 1.9085510346e-06
f11_hist 15 2 6 2.7976171455e-06
f11_hist 15 2 7 4.2509404651e-06
f11_hist 15 2 8 3.8857168002e-06
f11_hist 15 2 9 7.0991620047e-06
f11_hist 15 2 10 7.1183790403e-06
f11_hist 15 2 11 8.2516280607e-06
f11_hist 15 2 12 6.7971278695e-06
f11_hist 15 2 13 8.0468381308e-06
f11_hist 15 2 14 6.4876082936e-06
f11_hist 15 2 15 5.5898387536e-06
f11_hist 15 2 16 4.5786503036e-06
f11_hist 15 2 17 3.2766964630e-06
f11_hist 15 2 18 1.9621833538e-06
f11_hist 15 2 19 9.2299763929e-07
f11_hist 15 2 20 3.3913536403e-07
f11_hist 15 2 21 1.2593366532e-07
f11_hist 15 2 22 4.9929540653e-08
f11_hist 15 3 1 6.4893002082e-08
f11_hist 15 3 2 5.5474031321e-07
f11_hist 15 3 3 1.3446189764e-06
f11_hist 15 3 4 1.9154760732e-06
f11_hist 15 3 5 5.4810794158e-06
f11_hist 15 3 6 8.3800658308e-06
f11_hist 15 3 7 1.1777353356e-05
f11_hist 15 3 8 1.7829388699e-05
f11_hist 15 3 9 1.7360194071e-05
f11_hist 15 3 10 2.2371689988e-05
f11_hist 15 3 11 2.3098622033e-05
f11_hist 15 3 12 1.9927799354e-05
f11_hist 15 3 13 2.1911340260e-05
f11_hist 15 3 14 2.1956213677e-05
f11_hist 15 3 15 1.7498478640e-05
f11_hist 15 3 16 1.4063413980e-05
f11_hist 15 3 17 1.0642454922e-05
f11_hist 15 3 18 6.7414894907e-06
f11_hist 15 3 19 4.7997481069e-06
f11_hist 15 3 20 1.8064854271e-06
f11_hist 15 3 21 5.8394075497e-07
f11_hist 15 3 22 1.0166794883e-07
f11_hist 15 3 23 6.8366682701e-09
f11_hist 15 4 1 5.5574165115e-08
f11_hist 15 4 2 6.8250135005e-07
f11_hist 15 4 3 2.6909483109e-06
f11_hist 15 4 4 5.5143414572e-06
f11_hist 15 4 5 1.1880267172e-05
f11_hist 15 4 6 1.8534859731e-05
f11_hist 15 4 7 2.4463625337e-05
f11_hist 15 4 8 3.0579771065e-05
f11_hist 15 4 9 3.7849001687e-05
f11_hist 15 4 10 4.3954860081e-05
f11_hist 15 4 11 4.6020063215e-05
f11_hist 15 4 12 4.4821700081e-05
f11_hist 15 4 13 4.3864156908e-05
f11_hist 15 4 14 3.8721196320e-05
f11_hist 15 4 15 3.6034809538e-05
f11_hist 15 4 16 2.6367752583e-05
f11_hist 15 4 17 2.2097485127e-05
f11_hist 15 4 18 1.4902693510e-05
f11_hist 15 4 19 7.4702303192e-06
f11_hist 15 4 20 4.0232660119e-06
f11_hist 15 4 21 9.8790380143e-07
f11_hist 15 4 22 1.5477388351e-07
f11_hist 15 5 0 7.3968968880e-08
f11_hist 15 5 1 1.2576028746e-07
f11_hist 15 5 2 9.8088805295e-07
f11_hist 15 5 3 4.3616685047e-06
f11_hist 15 5 4 7.0353488337e-06
f11_hist 15 5 5 1.5906344239e-05
f11_hist 15 5 6 2.4310786971e-05
f11_hist 15 5 7 3.9035239451e-05
f11_hist 15 5 8 4.2258713154e-05
f11_hist 15 5 9 5.8938155281e-05
f11_hist 15 5 10 5.7097042061e-05
f11_hist 15 5 11 6.4928875615e-05
f11_hist 15 5 12 6.3801230447e-05
f11_hist 15 5 13 6.0316039074e-05
f11_hist 15 5 14 5.9687934143e-05
f11_hist 15 5 15 5.0019952545e-05
f11_hist 15 5 16 4.0600156250e-05
f11_hist 15 5 17 3.0266512598e-05
f11_hist 15 5 18 2.3930207386e-05
f11_hist 15 5 19 1.4332564074e-05
f11_hist 15 5 20 6.0243132869e-06
f11_hist 15 5 21 2.0547180117e-06
f11_hist 15 5 22 5.6010013935e-07
f11_hist 15 5 23 1.1885325799e-08
f11_hist 15 6 0 1.9870662897e-08
f11_hist 15 6 1 4.9774699859e-07
f11_hist 15 6 2 7.4219948664e-07
f11_hist 15 6 3 4.3383852960e-06
f11_hist 15 6 4 9.5928481973e-06
f11_hist 15 6 5 1.7174340363e-05
f11_hist 15 6 6 2.4944577711e-05
f11_hist 15 6 7 3.9615085860e-05
f11_hist 15 6 8 4.3751565778e-05
f11_hist 15 6 9 5.3847437595e-05
f11_hist 15 6 10 6.0024779687e-05
f11_hist 15 6 11 6.3124421508e-05
f11_hist 15 6 12 6.2460505770e-05
f11_hist 15 6 13 6.2622512895e-05
f11_hist 15 6 14 5.6057625327e-05
f11_hist 15 6 15 5.2387907448e-05
f11_hist 15 6 16 4.4351479478e-05
f11_hist 15 6 17 3.3113672038e-05
f11_hist 15 6 18 2.0675585539e-05
f11_hist 15 6 19 1.2395019597e-05
f11_hist 15 6 20 5.9799939996e-06
f11_hist 15 6 21 3.0993011546e-06
f11_hist 15 6 22 4.3890737047e-07
f11_hist 15 6 23 4.5884789121e-08
f11_hist 15 7 1 2.3740162895e-08
f11_hist 15 7 2 9.1228488710e-07
f11_hist 15 7 3 1.9878255209e-06
f11_hist 15 7 4 5.9498659646e-06
f11_hist 15 7 5 1.4044947989e-05
f11_hist 15 7 6 1.9073908067e-05
f11_hist 15 7 7 3.0747038744e-05
f11_hist 15 7 8 3.5161478706e-05
f11_hist 15 7 9 3.8999556708e-05
f11_hist 15 7 10 4.3120090998e-05
f11_hist 15 7 11 4.5850154010e-05
f11_hist 15 7 12 4.2900580305e-05
f11_hist 15 7 13 4.4418962595e-05
f11_hist 15 7 14 3.9994167556e-05
f11_hist 15 7 15 3.6553262011e-05
f11_hist 15 7 16 3.0119600317e-05
f11_hist 15 7 17 2.1717420095e-05
f11_hist 15 7 18 1.8789874673e-05
f11_hist 15 7 19 1.1614039086e-05
f11_hist 15 7 20 4.1512863555e-06
f11_hist 15 7 21 2.2813113363e-06
f11_hist 15 7 22 3.8578106052e-07
f11_hist 15 8 1 2.7716052621e-08
f11_hist 15 8 2 4.2659763401e-07
f11_hist 15 8 3 1.4029489491e-06
f11_hist 15 8 4 3.8162950622e-06
f11_hist 15 8 5 8.0100297172e-06
f11_hist 15 8 6 1.1425339423e-05
f11_hist 15 8 7 1.8823981846e-05
f11_hist 15 8 8 2.1412906125e-05
f11_hist 15 8 9 2.1614482476e-05
f11_hist 15 8 10 2.3476630632e-05
f11_hist 15 8 11 2.5149864309e-05
f11_hist 15 8 12 2.2454208460e-05
f11_hist 15 8 13 2.2846141910e-05
f11_hist 15 8 14 1.9308656851e-05
f11_hist 15 8 15 1.6943505897e-05
f11_hist 15 8 16 1.6471500258e-05
f11_hist 15 8 17 1.4142323170e-05
f11_hist 15 8 18 1.0391132230e-05
f11_hist 15 8 19 5.6642313101e-06
f11_hist 15 8 20 3.2954671652e-06
f11_hist 15 8 21 1.5848824878e-06
f11_hist 15 8 22 3.4293464505e-07
f11_hist 15 8 23 4.3928556615e-09
f11_hist 15 9 2 6.4024198328e-08
f11_hist 15 9 3 9.2663330059e-07
f11_hist 15 9 4 1.3684359572e-06
f11_hist 15 9 5 3.8783232518e-06
f11_hist 15 9 6 4.5643721075e-06
f11_hist 15 9 7 5.2971837625e-06
f11_hist 15 9 8 7.6852393666e-06
f11_hist 15 9 9 1.0401890391e-05
f11_hist 15 9 10 8.7808898394e-06
f11_hist 15 9 11 9.3649429627e-06
f11_hist 15 9 12 9.3209209990e-06
f11_hist 15 9 13 9.2191177470e-06
f11_hist 15 9 14 8.0183008483e-06
f11_hist 15 9 15 8.0923064884e-06
f11_hist 15 9 16 5.5545747433e-06
f11_hist 15 9 17 6.8137111771e-06
f11_hist 15 9 18 3.0553357064e-06
f11_hist 15 9 19 2.4019722316e-06
f11_hist 15 9 20 1.1206746804e-06
f11_hist 15 9 21 6.9411730428e-07
f11_hist 15 9 22 4.2632392659e-08
f11_hist 15 10 2 2.6307851565e-07
f11_hist 15 10 3 2.7834435506e-07
f11_hist 15 10 4 6.1293439070e-07
f11_hist 15 10 5 1.2502718487e-06
f11_hist 15 10 6 1.5158858824e-06
f11_hist 15 10 7 2.4305171870e-06
f11_hist 15 10 8 2.0004303895e-06
f11_hist 15 10 9 2.1044351547e-06
f11_hist 15 10 10 2.2488573190e-06
f11_hist 15 10 11 2.8096504696e-06
f11_hist 15 10 12 2.6703144132e-06
f11_hist 15 10 13 2.2987411078e-06
f11_hist 15 10 14 2.4815416222e-06
f11_hist 15 10 15 1.6164486798e-06
f11_hist 15 10 16 2.9933909880e-06
f11_hist 15 10 17 1.7186938908e-06
f11_hist 15 10 18 1.4802853164e-06
f11_hist 15 10 19 9.1998083538e-07
f11_hist 15 10 20 3.0493743706e-07
f11_hist 15 10 21 1.6740234101e-07
f11_hist 15 10 22 2.6023163546e-08
f11_hist 15 10 23 1.0202934541e-08
f11_hist 15 11 2 2.4361544693e-07
f11_hist 15 11 3 4.8051798696e-08
f11_hist 15 11 4 1.1646604218e-07
f11_hist 15 11 5 1.6480194441e-07
f11_hist 15 11 6 1.5280251198e-07
f11_hist 15 11 7 3.0829064318e-07
f11_hist 15 11 8 5.0010985292e-07
f11_hist 15 11 9 2.1907582584e-07
f11_hist 15 11 10 6.3708890913e-07
f11_hist 15 11 11 3.7929931374e-07
f11_hist 15 11 12 4.4408508421e-07
f11_hist 15 11 13 3.5949172117e-07
f11_hist 15 11 14 4.0219248865e-07
f11_hist 15 11 15 5.3090138875e-07
f11_hist 15 11 16 3.2254177175e-07
f11_hist 15 11 17 2.8216703290e-07
f11_hist 15 11 18 1.4875313188e-07
f11_hist 15 11 19 3.0810095094e-07
f11_hist 15 11 20 1.7619726406e-08
f11_hist 15 11 21 6.2390747757e-09
f11_hist 15 12 4 3.0158650310e-08
f11_hist 15 12 5 2.7901045428e-08
f11_hist 15 12 6 4.1865027407e-08
f11_hist 15 12 7 3.0338710354e-08
f11_hist 15 12 9 2.7635030510e-08
f11_hist 15 12 10 1.7214931610e-07
f11_hist 15 12 11 1.2870426148e-07
f11_hist 15 12 12 1.2397917171e-09
f11_hist 15 12 13 6.8138366039e-08
f11_hist 15 12 14 2.2092478231e-07
f11_hist 15 12 15 1.3258554812e-07
f11_hist 15 12 16 1.5715502784e-07
f11_hist 15 12 17 6.6027844455e-08
f11_hist 15 12 19 7.7370893689e-09
f11_hist 15 12 20 4.0128148490e-09
f11_hist 15 13 8 4.3655687601e-09
f11_hist 15 13 19 1.2873091256e-07
f11_hist 15 14 6 4.7494018096e-08
f11_hist 16 0 6 9.2850773854e-09
f11_hist 16 0 9 3.5262551236e-08
f11_hist 16 0 11 2.6836574082e-08
f11_hist 16 0 12 3.8335616518e-08
f11_hist 16 0 13 1.7305552633e-08
f11_hist 16 0 14 2.0800525850e-08
f11_hist 16 1 4 5.0509570847e-08
f11_hist 16 1 5 5.0605735059e-09
f11_hist 16 1 6 8.6537151427e-08
f11_hist 16 1 7 1.3485264967e-07
f11_hist 16 1 8 3.7859963609e-07
f11_hist 16 1 9 1.4488509033e-08
f11_hist 16 1 10 2.6290407901e-07
f11_hist 16 1 11 1.1057924356e-07
f11_hist 16 1 12 2.9168776944e-07
f11_hist 16 1 13 4.2092392586e-08
f11_hist 16 1 14 2.8007427536e-07
f11_hist 16 1 15 4.2814957992e-07
f11_hist 16 1 16 7.9619341581e-08
f11_hist 16 1 17 1.9462708261e-09
f11_hist 16 1 18 5.6938985747e-08
f11_hist 16 1 19 1.1529179236e-07
f11_hist 16 1 21 2.1933390659e-09
f11_hist 16 2 2 2.4417795197e-07
f11_hist 16 2 3 4.4748610741e-08
f11_hist 16 2 4 1.3608618137e-07
f11_hist 16 2 5 2.2868850624e-07
f11_hist 16 2 6 7.1199038472e-07
f11_hist 16 2 7 4.4772102393e-07
f11_hist 16 2 8 1.0179953377e-06
f11_hist 16 2 9 9.5153474057e-07
f11_hist 16 2 10 8.9470772254e-07
f11_hist 16 2 11 1.2747597697e-06
f11_hist 16 2 12 9.2796365137e-07
f11_hist 16 2 13 1.0321726249e-06
f11_hist 16 2 14 8.7150361226e-07
f11_hist 16 2 15 9.3792690085e-07
f11_hist 16 2 16 9.7005360496e-07
f11_hist 16 2 17 8.0641324702e-07
f11_hist 16 2 18 3.4378874237e-07
f11_hist 16 2 19 1.4393963805e-07
f11_hist 16 2 20 2.6517413066e-07
f11_hist 16 2 22 9.7929975936e-08
f11_hist 16 3 2 6.9735547259e-08
f11_hist 16 3 3 3.6778610975e-07
f11_hist 16 3 4 6.6642528130e-07
f11_hist 16 3 5 1.1885876853e-06
f11_hist 16 3 6 1.8938378684e-06
f11_hist 16 3 7 2.4877204432e-06
f11_hist 16 3 8 3.1639234890e-06
f11_hist 16 3 9 2.7386346308e-06
f11_hist 16 3 10 3.7062878057e-06
f11_hist 16 3 11 4.1496759946e-06
f11_hist 16 3 12 2.8670146422e-06
f11_hist 16 3 13 2.9690252433e-06
f11_hist 16 3 14 2.8930006111e-06
f11_hist 16 3 15 2.8656595483e-06
f11_hist 16 3 16 2.9706280192e-06
f11_hist 16 3 17 2.1144701316e-06
f11_hist 16 3 18 1.3787848073e-06
f11_hist 16 3 19 9.2342577409e-07
f11_hist 16 3 20 3.8118518283e-07
f11_hist 16 3 21 1.5169978254e-07
f11_hist 16 3 22 8.3267790899e-09
f11_hist 16 4 2 1.6004341839e-07
f11_hist 16 4 3 1.1682547434e-06
f11_hist 16 4 4 1.0756856186e-06
f11_hist 16 4 5 2.1258891501e-06
f11_hist 16 4 6 3.2511023640e-06
f11_hist 16 4 7 4.8615483885e-06
f11_hist 16 4 8 3.6170047271e-06
f11_hist 16 4 9 5.1268493263e-06
f11_hist 16 4 10 8.0091120197e-06
f11_hist 16 4 11 7.5626507977e-06
f11_hist 16 4 12 7.7473657249e-06
f11_hist 16 4 13 6.5579739230e-06
f11_hist 16 4 14 5.8813699970e-06
f11_hist 16 4 15 5.9604654391e-06
f11_hist 16 4 16 5.5042074892e-06
f11_hist 16 4 17 3.9519013296e-06
f11_hist 16 4 18 3.2091847013e-06
f11_hist 16 4 19 1.9239621278e-06
f11_hist 16 4 20 8.6748164006e-07
f11_hist 16 4 21 5.1039687773e-07
f11_hist 16 4 22 1.8016545697e-07
f11_hist 16 4 23 7.5597067386e-08
f11_hist 16 5 1 9.0643981402e-08
f11_hist 16 5 2 2.5637844985e-07
f11_hist 16 5 3 8.2743532485e-07
f11_hist 16 5 4 2.6876448113e-06
f11_hist 16 5 5 3.0770515274e-06
f11_hist 16 5 6 6.9368783135e-06
f11_hist 16 5 7 6.2176447850e-06
f11_hist 16 5 8 7.3478993992e-06
f11_hist 16 5 9 8.8406603232e-06
f11_hist 16 5 10 9.5338879873e-06
f11_hist 16 5 11 9.5390263268e-06
f11_hist 16 5 12 9.5425044850e-06
f11_hist 16 5 13 9.9989683878e-06
f11_hist 16 5 14 8.8764791004e-06
f11_hist 16 5 15 9.5094243885e-06
f11_hist 16 5 16 7.3760229925e-06
f11_hist 16 5 17 5.1294636429e-06
f11_hist 16 5 18 4.0072587221e-06
f11_hist 16 5 19 2.3314024978e-06
f11_hist 16 5 20 1.5518658173e-06
f11_hist 16 5 21 6.3685888843e-07
f11_hist 16 5 22 1.2507577456e-07
f11_hist 16 5 23 7.7175076135e-08
f11_hist 16 6 1 1.7219711275e-08
f11_hist 16 6 2 4.9560068344e-07
f11_hist 16 6 3 8.7458088113e-07
f11_hist 16 6 4 2.2447131080e-06
f11_hist 16 6 5 3.2935996322e-06
f11_hist 16 6 6 5.3080596161e-06
f11_hist 16 6 7 7.5992871298e-06
f11_hist 16 6 8 6.8676675968e-06
f11_hist 16 6 9 9.1196458576e-06
f11_hist 16 6 10 1.0311138352e-05
f11_hist 16 6 11 1.0188783046e-05
f11_hist 16 6 12 1.0596578288e-05
f11_hist 16 6 13 9.1455262134e-06
f11_hist 16 6 14 1.0374589391e-05
f11_hist 16 6 15 9.5261315216e-06
f11_hist 16 6 16 6.9519134482e-06
f11_hist 16 6 17 6.2666745361e-06
f11_hist 16 6 18 4.6323526341e-06
f11_hist 16 6 19 2.7450376594e-06
f11_hist 16 6 20 2.2251758910e-06
f11_hist 16 6 21 6.2444563640e-07
f11_hist 16 6 22 5.3517628513e-07
f11_hist 16 6 23 6.5479728021e-09
f11_hist 16 6 24 5.3147006045e-08
f11_hist 16 7 1 1.7370616529e-07
f11_hist 16 7 2 6.5467582084e-07
f11_hist 16 7 3 7.2828639919e-07
f11_hist 16 7 4 2.0255261476e-06
f11_hist 16 7 5 1.8306647320e-06
f11_hist 16 7 6 6.4403021470e-06
f11_hist 16 7 7 5.8312559947e-06
f11_hist 16 7 8 6.4449237638e-06
f11_hist 16 7 9 7.3806930746e-06
f11_hist 16 7 10 7.5189840264e-06
f11_hist 16 7 11 7.8264394658e-06
f11_hist 16 7 12 7.4242747788e-06
f11_hist 16 7 13 7.5412896598e-06
f11_hist 16 7 14 6.5287142854e-06
f11_hist 16 7 15 6.0725605511e-06
f11_hist 16 7 16 4.9873941350e-06
f11_hist 16 7 17 5.1728223265e-06
f11_hist 16 7 18 4.1402102786e-06
f11_hist 16 7 19 2.8904509691e-06
f11_hist 16 7 20 2.1444068994e-06
f11_hist 16 7 21 8.6401442001e-07
f11_hist 16 7 22 2.2779110254e-07
f11_hist 16 7 23 6.6477019566e-09
f11_hist 16 8 2 1.3816191994e-07
f11_hist 16 8 3 1.2829787770e-07
f11_hist 16 8 4 1.9345502787e-06
f11_hist 16 8 5 1.3448525484e-06
f11_hist 16 8 6 2.2882406572e-06
f11_hist 16 8 7 3.0605851786e-06
f11_hist 16 8 8 4.0068514581e-06
f11_hist 16 8 9 4.3967059398e-06
f11_hist 16 8 10 3.9571837063e-06
f11_hist 16 8 11 4.9157102285e-06
f11_hist 16 8 12 4.1244993616e-06
f11_hist 16 8 13 4.7643836075e-06
f11_hist 16 8 14 4.5772259103e-06
f11_hist 16 8 15 3.4947184335e-06
f11_hist 16 8 16 2.6968646414e-06
f11_hist 16 8 17 1.8336491020e-06
f11_hist 16 8 18 1.7266590683e-06
f11_hist 16 8 19 1.3904514039e-06
f11_hist 16 8 20 9.7988436824e-07
f11_hist 16 8 21 2.3733273850e-07
f11_hist 16 8 22 1.4306499508e-07
f11_hist 16 8 23 6.0850739770e-08
f11_hist 16 9 2 1.4522930280e-07
f11_hist 16 9 3 2.2561074183e-07
f11_hist 16 9 4 7.7597892981e-07
f11_hist 16 9 5 9.2679028155e-07
f11_hist 16 9 6 1.0593309116e-06
f11_hist 16 9 7 1.6203316735e-06
f11_hist 16 9 8 1.7035911327e-06
f11_hist 16 9 9 1.1584887207e-06
f11_hist 16 9 10 1.8210420609e-06
f11_hist 16 9 11 1.5675287037e-06
f11_hist 16 9 12 2.1940605484e-06
f11_hist 16 9 13 1.4832718946e-06
f11_hist 16 9 14 1.1664990460e-06
f11_hist 16 9 15 1.6755207105e-06
f11_hist 16 9 16 1.3411385186e-06
f11_hist 16 9 17 1.1376188516e-06
f11_hist 16 9 18 1.7195039089e-06
f11_hist 16 9 19 4.1127001678e-07
f11_hist 16 9 20 4.7048185993e-07
f11_hist 16 9 21 2.3722439303e-07
f11_hist 16 9 22 1.5372297765e-08
f11_hist 16 10 2 9.3038704426e-08
f11_hist 16 10 3 5.5505540596e-08
f11_hist 16 10 4 1.4231557444e-07
f11_hist 16 10 5 6.1450204377e-08
f11_hist 16 10 6 1.9723106596e-07
f11_hist 16 10 7 3.3446567921e-07
f11_hist 16 10 8 9.3934386313e-07
f11_hist 16 10 9 6.7526489020e-07
f11_hist 16 10 10 4.4353525367e-07
f11_hist 16 10 11 3.1450277942e-07
f11_hist 16 10 12 2.7926930577e-07
f11_hist 16 10 13 5.2462122710e-07
f11_hist 16 10 14 4.1694172286e-07
f11_hist 16 10 15 3.3858332407e-07
f11_hist 16 10 16 5.7492508744e-07
f11_hist 16 10 17 3.7534372704e-07
f11_hist 16 10 18 3.8396424521e-07
f11_hist 16 10 19 1.1840242580e-07
f11_hist 16 10 20 2.6373471382e-07
f11_hist 16 10 23 1.2478989190e-09
f11_hist 16 11 2 5.2760197309e-08
f11_hist 16 11 3 3.0578491537e-08
f11_hist 16 11 4 6.7391188141e-08
f11_hist 16 11 5 6.0481054966e-08
f11_hist 16 11 6 1.5787836276e-07
f11_hist 16 11 7 1.6756131670e-07
f11_hist 16 11 8 2.8162942183e-07
f11_hist 16 11 9 1.1475879244e-07
f11_hist 16 11 10 7.0600081473e-08
f11_hist 16 11 11 9.5435526187e-08
f11_hist 16 11 12 5.0253924769e-08
f11_hist 16 11 13 1.1450377416e-07
f11_hist 16 11 14 3.0294462978e-08
f11_hist 16 11 15 1.9285265370e-08
f11_hist 16 11 16 1.1036540521e-07
f11_hist 16 11 17 1.6318672408e-08
f11_hist 16 11 18 9.0927980064e-08
f11_hist 16 11 19 8.2741086181e-08
f11_hist 16 11 20 2.0603245130e-07
f11_hist 16 11 21 2.7019035240e-09
f11_hist 16 11 22 1.6040414890e-08
f11_hist 16 12 4 1.2032513183e-08
f11_hist 16 12 6 3.3676393671e-07
f11_hist 16 12 9 2.3233965909e-08
f11_hist 16 12 10 2.4370403610e-09
f11_hist 16 12 12 6.4150176471e-08
f11_hist 16 12 13 1.3627771403e-08
f11_hist 16 12 14 3.7913130278e-08
f11_hist 16 12 16 3.4220017112e-09
f11_hist 16 12 18 1.2634600292e-08
f11_hist 16 13 4 4.7615509081e-09
f11_hist 16 13 9 8.5461534516e-09
f11_hist 17 0 8 9.3201447176e-08
f11_hist 17 1 4 1.0045696923e-08
f11_hist 17 1 5 4.2911188154e-09
f11_hist 17 1 7 2.7885824112e-08
f11_hist 17 1 10 3.2877464458e-08
f11_hist 17 1 11 6.1216648948e-08
f11_hist 17 1 15 6.4158363126e-08
f11_hist 17 1 17 2.4112666696e-08
f11_hist 17 1 18 4.7724190190e-08
f11_hist 17 2 2 2.2576727024e-08
f11_hist 17 2 3 1.8723414104e-09
f11_hist 17 2 7 2.2736704216e-07
f11_hist 17 2 8 1.1863966754e-07
f11_hist 17 2 9 2.0981546909e-09
f11_hist 17 2 10 6.6160507182e-08
f11_hist 17 2 11 1.5780475801e-07
f11_hist 17 2 12 6.0493830759e-08
f11_hist 17 2 13 1.2405652186e-07
f11_hist 17 2 14 7.6236808614e-08
f11_hist 17 2 15 2.4186543023e-07
f11_hist 17 2 16 8.5512370054e-09
f11_hist 17 2 17 1.1806097087e-07
f11_hist 17 2 18 4.5475523938e-08
f11_hist 17 2 19 6.1895880145e-09
f11_hist 17 2 20 1.6993256382e-08
f11_hist 17 2 21 6.7611460601e-09
f11_hist 17 2 22 8.3390420852e-09
f11_hist 17 3 2 1.2413344473e-08
f11_hist 17 3 4 1.7681742603e-08
f11_hist 17 3 5 3.9624460553e-09
f11_hist 17 3 6 2.4365359762e-07
f11_hist 17 3 7 1.3075452295e-07
f11_hist 17 3 8 2.7750140985e-07
f11_hist 17 3 9 4.2541771795e-07
f11_hist 17 3 10 1.9453416953e-07
f11_hist 17 3 11 2.5709825132e-07
f11_hist 17 3 12 2.0470240642e-07
f11_hist 17 3 13 2.2065068058e-07
f11_hist 17 3 14 3.8273665724e-07
f11_hist 17 3 15 1.2774616199e-07
f11_hist 17 3 16 8.9428286711e-08
f11_hist 17 3 17 1.1579223420e-07
f11_hist 17 3 18 1.0918673719e-07
f11_hist 17 3 19 3.1666904722e-07
f11_hist 17 3 20 5.9649916799e-09
f11_hist 17 3 21 2.1879986973e-08
f11_hist 17 3 23 1.1165471968e-07
f11_hist 17 4 2 2.8937144957e-08
f11_hist 17 4 3 1.1639278309e-07
f11_hist 17 4 4 5.3240902434e-08
f11_hist 17 4 5 3.3848438658e-07
f11_hist 17 4 6 2.8497263018e-07
f11_hist 17 4 7 2.1858441684e-07
f11_hist 17 4 8 6.4733045642e-07
f11_hist 17 4 9 6.2548849972e-07
f11_hist 17 4 10 7.8673044315e-07
f11_hist 17 4 11 6.6431231791e-07
f11_hist 17 4 12 4.1122140825e-07
f11_hist 17 4 13 5.0597953070e-07
f11_hist 17 4 14 4.5260020400e-07
f11_hist 17 4 15 9.1040918044e-07
f11_hist 17 4 16 6.1108115188e-07
f11_hist 17 4 17 4.4359604039e-07
f11_hist 17 4 18 1.4697257672e-07
f11_hist 17 4 19 1.1858256896e-07
f11_hist 17 4 20 8.4097674581e-08
f11_hist 17 4 21 3.8775933051e-08
f11_hist 17 4 23 5.3339173463e-08
f11_hist 17 5 1 7.5317260166e-09
f11_hist 17 5 2 1.9618548622e-07
f11_hist 17 5 3 1.3325211241e-07
f11_hist 17 5 4 2.9979091151e-07
f11_hist 17 5 5 2.5423351932e-07
f11_hist 17 5 6 1.1619851016e-06
f11_hist 17 5 7 6.5302981189e-07
f11_hist 17 5 8 6.8634850937e-07
f11_hist 17 5 9 1.0353772329e-06
f11_hist 17 5 10 1.3609741611e-06
f11_hist 17 5 11 1.1119774214e-06
f11_hist 17 5 12 1.1803466870e-06
f11_hist 17 5 13 9.1541496775e-07
f11_hist 17 5 14 7.3108839226e-07
f11_hist 17 5 15 6.3424172835e-07
f11_hist 17 5 16 1.1392199226e-06
f11_hist 17 5 17 4.8256276918e-07
f11_hist 17 5 18 7.4766939135e-07
f11_hist 17 5 19 4.9824708614e-07
f11_hist 17 5 20 8.4451123546e-07
f11_hist 17 5 21 1.6429905272e-07
f11_hist 17 5 22 4.4168995425e-08
f11_hist 17 5 23 2.2955398890e-08
f11_hist 17 5 24 2.7414489383e-09
f11_hist 17 6 1 7.5021593376e-08
f11_hist 17 6 2 8.7702506855e-08
f11_hist 17 6 3 1.2020284892e-07
f11_hist 17 6 4 2.2843265238e-07
f11_hist 17 6 5 7.3730264917e-07
f11_hist 17 6 6 6.3003990280e-07
f11_hist 17 6 7 5.7708811457e-07
f11_hist 17 6 8 6.9120220184e-07
f11_hist 17 6 9 1.1689228403e-06
f11_hist 17 6 10 1.2581969492e-06
f11_hist 17 6 11 9.4005408627e-07
f11_hist 17 6 12 1.3639257979e-06
f11_hist 17 6 13 1.7530936313e-06
f11_hist 17 6 14 9.1479357929e-07
f11_hist 17 6 15 7.3822010228e-07
f11_hist 17 6 16 5.8052213103e-07
f11_hist 17 6 17 3.6291119239e-07
f11_hist 17 6 18 5.7537194686e-07
f11_hist 17 6 19 2.9018144331e-07
f11_hist 17 6 20 6.4397797810e-07
f11_hist 17 6 21 4.9867699416e-07
f11_hist 17 6 22 4.9874836280e-08
f11_hist 17 6 23 4.0779986407e-08
f11_hist 17 7 1 1.2019644852e-08
f11_hist 17 7 3 1.7545858043e-07
f11_hist 17 7 4 2.7445637624e-07
f11_hist 17 7 5 5.5945716712e-07
f11_hist 17 7 6 6.8989968094e-07
f11_hist 17 7 7 6.4481152232e-07
f11_hist 17 7 8 7.3257700142e-07
f11_hist 17 7 9 4.7772080144e-07
f11_hist 17 7 10 8.5853186892e-07
f11_hist 17 7 11 7.0801504098e-07
f11_hist 17 7 12 8.2237766345e-07
f11_hist 17 7 13 7.9539105940e-07
f11_hist 17 7 14 7.9746940928e-07
f11_hist 17 7 15 7.5175600736e-07
f11_hist 17 7 16 6.1895256152e-07
f11_hist 17 7 17 7.3896972077e-07
f11_hist 17 7 18 4.1896749507e-07
f11_hist 17 7 19 4.7092868831e-07
f11_hist 17 7 20 1.6906366475e-07
f11_hist 17 7 21 1.6280123518e-07
f11_hist 17 7 23 7.2718274359e-08
f11_hist 17 8 1 4.8941145720e-08
f11_hist 17 8 3 1.3676457752e-07
f11_hist 17 8 4 4.9230902120e-07
f11_hist 17 8 5 1.3491276737e-07
f11_hist 17 8 6 5.1311173503e-07
f11_hist 17 8 7 6.3517231832e-07
f11_hist 17 8 8 3.9936015328e-07
f11_hist 17 8 9 2.3804853335e-07
f11_hist 17 8 10 5.5480257990e-07
f11_hist 17 8 11 2.5946221258e-07
f11_hist 17 8 12 5.9305311811e-07
f11_hist 17 8 13 5.8001199633e-07
f11_hist 17 8 14 3.0422087210e-07
f11_hist 17 8 15 3.8432123268e-07
f11_hist 17 8 16 2.0820702531e-07
f11_hist 17 8 17 2.7799864342e-07
f11_hist 17 8 18 1.8763843154e-07
f11_hist 17 8 19 2.4144425396e-07
f11_hist 17 8 20 2.2820038871e-08
f11_hist 17 8 21 1.7092536991e-07
f11_hist 17 8 22 9.9761820564e-08
f11_hist 17 8 23 1.9378094642e-08
f11_hist 17 9 2 3.0870602592e-08
f11_hist 17 9 3 1.2511146824e-08
f11_hist 17 9 4 7.6083876004e-08
f11_hist 17 9 5 5.2402812228e-08
f11_hist 17 9 6 1.0077776621e-07
f11_hist 17 9 7 4.7487877426e-08
f11_hist 17 9 8 1.9206746141e-07
f11_hist 17 9 9 1.5458926312e-07
f11_hist 17 9 10 2.2371312231e-07
f11_hist 17 9 11 2.7468680050e-07
f11_hist 17 9 12 1.4838349539e-07
f11_hist 17 9 13 1.6346829153e-07
f11_hist 17 9 14 3.6133090049e-07
f11_hist 17 9 15 2.3059039223e-07
f11_hist 17 9 16 9.8480378545e-08
f11_hist 17 9 17 1.7586853017e-07
f11_hist 17 9 18 1.8595316325e-07
f11_hist 17 9 19 3.1250317663e-08
f11_hist 17 9 20 2.1123114529e-08
f11_hist 17 9 21 5.6635662316e-08
f11_hist 17 9 22 1.2402548299e-08
f11_hist 17 10 1 3.7673972981e-10
f11_hist 17 10 3 1.7182698915e-08
f11_hist 17 10 4 1.8238190010e-08
f11_hist 17 10 6 1.0406104075e-08
f11_hist 17 10 7 7.8947638776e-08
f11_hist 17 10 8 5.2761930841e-08
f11_hist 17 10 9 4.9923815722e-08
f11_hist 17 10 11 8.2616883020e-09
f11_hist 17 10 12 1.7242846856e-08
f11_hist 17 10 13 1.6085764722e-09
f11_hist 17 10 14 4.0909219757e-08
f11_hist 17 10 15 1.5728324070e-07
f11_hist 17 10 16 9.8256954308e-08
f11_hist 17 10 17 4.5775540775e-09
f11_hist 17 10 18 2.6163263072e-08
f11_hist 17 10 19 6.1792325109e-08
f11_hist 17 10 21 2.2496840642e-08
f11_hist 17 11 12 5.1544930556e-09
f11_hist 17 11 14 4.7431293096e-09
f11_hist 17 11 16 3.6064619527e-08
f11_hist 17 11 20 4.3344782659e-08
f11_hist 17 11 21 5.7389231009e-09
f11_hist 18 1 11 6.2641178098e-09
f11_hist 18 2 9 2.1312983538e-08
f11_hist 18 2 10 3.5742406144e-08
f11_hist 18 3 7 5.2474159339e-08
f11_hist 18 3 8 1.6311925046e-08
f11_hist 18 3 10 4.5852695581e-09
f11_hist 18 3 19 8.0178583924e-08
f11_hist 18 4 4 2.4644919190e-07
f11_hist 18 4 5 1.8533916502e-08
f11_hist 18 4 8 3.5346988167e-08
f11_hist 18 4 10 2.3420968483e-08
f11_hist 18 4 11 6.1731198418e-09
f11_hist 18 4 13 2.5137261232e-07
f11_hist 18 4 15 3.4192213779e-08
f11_hist 18 4 17 1.7808422091e-07
f11_hist 18 4 18 1.0621071353e-07
f11_hist 18 5 3 1.9391640484e-08
f11_hist 18 5 4 2.6543277418e-08
f11_hist 18 5 5 1.1453505198e-07
f11_hist 18 5 6 1.1760126919e-08
f11_hist 18 5 7 3.6222770553e-09
f11_hist 18 5 8 2.9974699387e-09
f11_hist 18 5 9 1.9976933177e-09
f11_hist 18 5 10 6.1070526633e-09
f11_hist 18 5 11 2.1115074154e-08
f11_hist 18 5 12 7.6790261763e-08
f11_hist 18 5 13 1.0104569655e-08
f11_hist 18 5 15 5.4613200459e-08
f11_hist 18 5 16 3.9481818122e-08
f11_hist 18 5 19 2.9311518944e-08
f11_hist 18 6 4 1.1449706185e-07
f11_hist 18 6 5 2.8207565519e-08
f11_hist 18 6 6 3.2137441048e-08
f11_hist 18 6 7 1.1185135664e-08
f11_hist 18 6 8 3.0688678485e-08
f11_hist 18 6 9 1.2228232839e-07
f11_hist 18 6 10 1.0925245942e-07
f11_hist 18 6 11 3.0786798180e-08
f11_hist 18 6 12 5.2637615289e-08
f11_hist 18 6 13 8.7457021676e-08
f11_hist 18 6 14 3.5232901143e-08
f11_hist 18 6 15 3.4654429012e-08
f11_hist 18 6 16 2.9643659697e-08
f11_hist 18 6 17 5.6008317770e-08
f11_hist 18 6 18 4.0528681246e-08
f11_hist 18 6 19 1.5663482805e-07
f11_hist 18 6 20 1.0466657766e-08
f11_hist 18 7 2 1.9656009785e-08
f11_hist 18 7 3 1.4901270409e-07
f11_hist 18 7 6 4.4383886671e-09
f11_hist 18 7 7 4.6498961127e-08
f11_hist 18 7 8 9.6158150159e-09
f11_hist 18 7 9 2.8842029883e-08
f11_hist 18 7 10 1.1360792863e-07
f11_hist 18 7 11 1.4108547843e-07
f11_hist 18 7 12 1.6429839625e-08
f11_hist 18 7 13 9.8832939566e-08
f11_hist 18 7 14 1.3584000452e-09
f11_hist 18 7 15 1.4275324203e-07
f11_hist 18 7 16 3.8993857424e-08
f11_hist 18 7 17 5.4259967816e-08
f11_hist 18 7 23 2.4751571783e-08
f11_hist 18 8 3 3.0794392544e-08
f11_hist 18 8 4 6.3263820735e-09
f11_hist 18 8 7 4.5216877583e-09
f11_hist 18 8 8 5.4357572766e-09
f11_hist 18 8 9 7.5522362961e-09
f11_hist 18 8 10 5.6029875381e-08
f11_hist 18 8 14 5.9245541703e-08
f11_hist 18 8 15 2.0411788330e-09
f11_hist 18 8 17 2.3480481115e-08
f11_hist 18 8 18 2.1845471588e-08
f11_hist 18 8 22 1.0884187452e-08
f11_hist 18 9 4 7.0727479605e-08
f11_hist 18 9 8 8.1201588454e-09
f11_hist 18 9 11 4.2824517224e-08
