[f1] group self-checks PASS: |G48|=48 verified elementwise (Hamming isometry 64x64, 32-pair closure, pair-0 fixed, rev-commutation); quotient = 24 pair-perms, closed under composition, kernel {id,rev}
[f1] pair-orbits of the 31 free pairs: 3:[3,7,11] 3:[4,6,21] 3:[13,14,30] 4:[5,8,26,31] 6:[1,9,17,19,22,25] 6:[2,12,16,18,24,28] 6:[10,15,20,23,27,29]
[kc-ooc] opened <FDIR>: n=31 layers=0..31 kind=f format=v2 index=1255.8 MB cache=2048 MB (1170 blocks of 65536 entries)
109146129368661883971989343260648234476	cd=371	12,51,20,10,3,48,43,53,44,13,38,25,47,61,50,19,23,58,57,39,62,31,42,21,1,32,6,24,11,52,8,4,59,55,33,30,27,54,35,49,34,17,2,16,26,22,15,60,41,37,5,40,46,29,14,28,36,9,45,18,56,7
record	m=75694080	51,12,20,10,3,48,53,43,13,44,25,38,61,47,50,19,23,58,57,39,31,62,21,42,32,1,24,6,52,11,4,8,55,59,33,30,54,27,35,49,17,34,16,2,26,22,60,15,41,37,40,5,29,46,28,14,9,36,18,45,7,56
933844556190045393922132106337724603858	cd=387	19,50,46,29,48,3,34,17,43,53,25,38,41,37,26,22,14,28,15,60,61,47,5,40,36,9,30,33,11,52,20,10,35,49,44,13,57,39,54,27,51,12,31,62,23,58,6,24,4,8,32,1,16,2,21,42,56,7,45,18,59,55
record	m=7340032	50,19,29,46,3,48,17,34,53,43,25,38,41,37,26,22,28,14,60,15,61,47,40,5,9,36,33,30,52,11,10,20,49,35,13,44,57,39,54,27,51,12,31,62,23,58,6,24,8,4,32,1,2,16,42,21,56,7,18,45,55,59
273218589131201782995055805662698535396	cd=387	9,36,23,58,53,43,62,31,4,8,5,40,24,6,21,42,57,39,35,49,55,59,3,48,27,54,52,11,25,38,20,10,28,14,29,46,56,7,17,34,18,45,12,51,61,47,30,33,60,15,22,26,37,41,50,19,13,44,32,1,2,16
record	m=29360128	9,36,23,58,53,43,31,62,4,8,40,5,24,6,21,42,57,39,49,35,55,59,3,48,54,27,11,52,25,38,20,10,28,14,29,46,7,56,17,34,18,45,12,51,61,47,33,30,60,15,26,22,41,37,50,19,13,44,32,1,2,16
832786127500018840462461948692212743984	cd=315	56,7,46,29,52,11,5,40,23,58,36,9,27,54,28,14,24,6,43,53,17,34,33,30,12,51,50,19,10,20,26,22,2,16,61,47,57,39,18,45,41,37,1,32,3,48,25,38,62,31,44,13,55,59,60,15,4,8,42,21,35,49
record	m=2424832	7,56,29,46,52,11,40,5,23,58,9,36,54,27,28,14,24,6,53,43,17,34,33,30,12,51,50,19,20,10,22,26,2,16,47,61,39,57,18,45,41,37,32,1,48,3,25,38,31,62,13,44,55,59,60,15,4,8,42,21,49,35
587201422271277579451279404368773715185	cd=375	39,57,24,6,60,15,47,61,59,55,42,21,52,11,51,12,37,41,4,8,46,29,26,22,38,25,43,53,31,62,16,2,54,27,23,58,40,5,19,50,30,33,48,3,36,9,44,13,32,1,17,34,18,45,7,56,20,10,28,14,49,35
record	m=37158912	57,39,24,6,60,15,61,47,55,59,21,42,52,11,51,12,41,37,4,8,29,46,26,22,25,38,53,43,31,62,2,16,54,27,23,58,40,5,19,50,30,33,3,48,36,9,13,44,32,1,17,34,18,45,7,56,20,10,28,14,35,49
357741025175421599544200796581616020482	cd=367	35,49,19,50,11,52,53,43,36,9,12,51,38,25,1,32,20,10,62,31,7,56,37,41,22,26,3,48,46,29,13,44,28,14,47,61,17,34,8,4,54,27,60,15,58,23,39,57,55,59,18,45,24,6,5,40,16,2,30,33,42,21
record	m=15138816	35,49,50,19,52,11,43,53,9,36,51,12,25,38,32,1,20,10,31,62,7,56,41,37,26,22,3,48,29,46,13,44,28,14,61,47,34,17,4,8,27,54,60,15,23,58,57,39,55,59,18,45,24,6,5,40,2,16,33,30,21,42
975455290551604015700295841797101844788	cd=315	18,45,42,21,60,15,22,26,3,48,30,33,61,47,37,41,1,32,16,2,52,11,4,8,27,54,38,25,58,23,12,51,9,36,53,43,44,13,14,28,35,49,24,6,62,31,59,55,57,39,20,10,17,34,50,19,5,40,46,29,7,56
record	m=5505024	18,45,21,42,60,15,26,22,3,48,33,30,61,47,41,37,32,1,2,16,52,11,4,8,27,54,38,25,23,58,12,51,9,36,43,53,13,44,28,14,49,35,6,24,31,62,55,59,57,39,20,10,17,34,19,50,40,5,46,29,7,56
188345890024495660817471858184177745582	cd=347	10,20,49,35,22,26,12,51,19,50,30,33,56,7,6,24,13,44,39,57,53,43,45,18,62,31,58,23,16,2,55,59,14,28,37,41,47,61,8,4,1,32,9,36,60,15,48,3,21,42,38,25,40,5,29,46,27,54,17,34,52,11
record	m=7864320	20,10,35,49,26,22,12,51,50,19,33,30,7,56,24,6,13,44,57,39,53,43,18,45,31,62,23,58,2,16,55,59,28,14,41,37,61,47,4,8,32,1,36,9,60,15,48,3,21,42,38,25,40,5,29,46,54,27,17,34,52,11
114342260693341154081142367556624687091	cd=339	52,11,16,2,25,38,35,49,40,5,58,23,26,22,28,14,43,53,55,59,13,44,4,8,29,46,51,12,10,20,17,34,37,41,39,57,62,31,19,50,42,21,33,30,61,47,60,15,45,18,36,9,32,1,3,48,6,24,54,27,56,7
record	m=34406400	52,11,2,16,25,38,35,49,40,5,58,23,26,22,28,14,43,53,55,59,13,44,4,8,29,46,51,12,20,10,17,34,41,37,57,39,31,62,50,19,42,21,33,30,61,47,60,15,18,45,9,36,32,1,48,3,24,6,27,54,7,56
381271560393126106479185384461808322442	cd=235	28,14,45,18,1,32,62,31,60,15,36,9,44,13,19,50,35,49,7,56,48,3,21,42,39,57,51,12,6,24,34,17,54,27,61,47,23,58,5,40,46,29,59,55,53,43,10,20,37,41,38,25,8,4,16,2,30,33,52,11,26,22
record	m=10321920	28,14,18,45,32,1,31,62,60,15,9,36,13,44,50,19,35,49,7,56,48,3,21,42,57,39,51,12,24,6,17,34,54,27,61,47,23,58,40,5,29,46,55,59,53,43,20,10,41,37,25,38,8,4,2,16,33,30,52,11,22,26
898289498154144899148890892908359166361	cd=355	5,40,34,17,7,56,32,1,33,30,24,6,28,14,25,38,50,19,57,39,46,29,51,12,31,62,27,54,48,3,26,22,37,41,15,60,42,21,49,35,36,9,58,23,13,44,10,20,55,59,4,8,45,18,43,53,61,47,2,16,11,52
record	m=7741440	40,5,17,34,7,56,32,1,33,30,24,6,28,14,25,38,50,19,57,39,29,46,51,12,31,62,54,27,3,48,26,22,41,37,60,15,21,42,35,49,9,36,23,58,44,13,20,10,59,55,4,8,18,45,53,43,61,47,2,16,11,52
594318981538625628687755211184257375268	cd=375	32,1,4,8,56,7,30,33,58,23,13,44,24,6,40,5,45,18,31,62,10,20,43,53,47,61,48,3,12,51,50,19,57,39,17,34,46,29,52,11,42,21,26,22,27,54,2,16,37,41,59,55,15,60,9,36,28,14,38,25,49,35
record	m=7569408	32,1,4,8,7,56,33,30,23,58,44,13,24,6,40,5,18,45,31,62,20,10,53,43,61,47,3,48,12,51,50,19,57,39,17,34,46,29,52,11,21,42,26,22,27,54,2,16,41,37,55,59,60,15,9,36,28,14,38,25,49,35
781509306614916883177604642431629146023	cd=355	3,48,15,60,37,41,56,7,22,26,2,16,10,20,29,46,34,17,18,45,30,33,4,8,58,23,50,19,5,40,51,12,38,25,24,6,32,1,27,54,47,61,55,59,57,39,9,36,21,42,31,62,49,35,53,43,14,28,11,52,13,44
record	m=1720320	3,48,60,15,41,37,7,56,26,22,2,16,20,10,29,46,17,34,18,45,33,30,4,8,58,23,50,19,5,40,51,12,25,38,6,24,32,1,27,54,61,47,55,59,39,57,36,9,21,42,31,62,35,49,43,53,28,14,52,11,44,13
728994086093582369237744488676046304713	cd=379	17,34,44,13,49,35,62,31,52,11,46,29,12,51,56,7,61,47,9,36,54,27,33,30,14,28,10,20,18,45,43,53,58,23,39,57,1,32,2,16,40,5,22,26,37,41,60,15,38,25,55,59,48,3,4,8,24,6,50,19,21,42
record	m=12845056	17,34,44,13,35,49,31,62,52,11,29,46,51,12,7,56,61,47,9,36,54,27,33,30,28,14,20,10,18,45,53,43,23,58,57,39,32,1,2,16,40,5,22,26,37,41,60,15,25,38,59,55,3,48,4,8,24,6,50,19,42,21
45352037114061608578417034709380022409	cd=339	10,20,9,36,32,1,31,62,6,24,39,57,48,3,50,19,35,49,60,15,54,27,55,59,21,42,41,37,34,17,53,43,8,4,44,13,29,46,28,14,47,61,22,26,12,51,40,5,25,38,7,56,18,45,30,33,11,52,58,23,16,2
record	m=18923520	20,10,9,36,32,1,31,62,24,6,57,39,3,48,50,19,35,49,60,15,54,27,55,59,21,42,41,37,17,34,53,43,8,4,13,44,29,46,28,14,61,47,26,22,51,12,40,5,25,38,7,56,18,45,30,33,52,11,23,58,2,16
474742153154736539523111442395498671325	cd=367	44,13,38,25,28,14,24,6,29,46,57,39,50,19,11,52,37,41,35,49,42,21,30,33,12,51,3,48,18,45,8,4,34,17,9,36,15,60,16,2,20,10,53,43,62,31,54,27,56,7,5,40,1,32,61,47,23,58,59,55,22,26
record	m=8785920	13,44,25,38,28,14,24,6,29,46,57,39,50,19,52,11,41,37,35,49,21,42,33,30,12,51,3,48,18,45,4,8,17,34,9,36,60,15,2,16,20,10,53,43,31,62,27,54,7,56,40,5,32,1,61,47,23,58,55,59,26,22
310225502541266667041286409295651846383	cd=359	37,41,34,17,18,45,1,32,14,28,8,4,54,27,22,26,52,11,24,6,36,9,29,46,35,49,57,39,61,47,30,33,15,60,3,48,16,2,5,40,12,51,31,62,55,59,21,42,25,38,44,13,20,10,23,58,43,53,56,7,50,19
record	m=22708224	41,37,17,34,18,45,32,1,28,14,4,8,27,54,26,22,52,11,24,6,9,36,29,46,35,49,57,39,61,47,33,30,60,15,48,3,2,16,40,5,51,12,31,62,55,59,21,42,25,38,13,44,20,10,58,23,53,43,7,56,50,19
125712219958598940085396923006933484385	cd=367	12,51,37,41,2,16,59,55,21,42,19,50,60,15,48,3,9,36,57,39,5,40,33,30,13,44,6,24,61,47,26,22,54,27,28,14,23,58,43,53,4,8,46,29,49,35,1,32,20,10,31,62,11,52,25,38,34,17,18,45,56,7
record	m=2703360	51,12,41,37,2,16,55,59,21,42,50,19,15,60,3,48,9,36,57,39,5,40,33,30,13,44,24,6,47,61,26,22,54,27,28,14,23,58,43,53,4,8,29,46,35,49,32,1,20,10,31,62,52,11,25,38,34,17,18,45,7,56
460511198066975621527069533794754584209	cd=351	21,42,24,6,51,12,7,56,41,37,57,39,45,18,3,48,32,1,14,28,62,31,17,34,40,5,60,15,8,4,50,19,44,13,46,29,54,27,9,36,35,49,61,47,59,55,43,53,16,2,58,23,11,52,25,38,10,20,33,30,22,26
record	m=6422528	21,42,24,6,51,12,7,56,41,37,57,39,18,45,3,48,32,1,28,14,31,62,34,17,40,5,15,60,4,8,50,19,44,13,46,29,27,54,36,9,35,49,61,47,55,59,53,43,2,16,23,58,52,11,25,38,20,10,33,30,26,22
988252337646264788444733525423175394161	cd=259	22,26,30,33,60,15,48,3,55,59,46,29,37,41,58,23,27,54,4,8,36,9,45,18,10,20,39,57,24,6,38,25,53,43,51,12,32,1,31,62,34,17,2,16,42,21,35,49,61,47,5,40,13,44,28,14,11,52,19,50,7,56
record	m=688128	26,22,30,33,60,15,3,48,55,59,29,46,41,37,23,58,54,27,8,4,9,36,18,45,20,10,57,39,24,6,38,25,53,43,51,12,32,1,31,62,34,17,2,16,21,42,35,49,61,47,40,5,44,13,28,14,52,11,50,19,7,56
471413858023926643330284653212343942892	cd=267	33,30,40,5,14,28,27,54,49,35,45,18,12,51,25,38,23,58,10,20,31,62,56,7,42,21,59,55,8,4,11,52,16,2,43,53,48,3,47,61,36,9,1,32,6,24,15,60,44,13,39,57,29,46,34,17,37,41,19,50,22,26
record	m=15138816	33,30,40,5,28,14,54,27,35,49,18,45,51,12,25,38,23,58,20,10,31,62,7,56,21,42,55,59,4,8,11,52,16,2,43,53,48,3,47,61,9,36,32,1,24,6,15,60,44,13,57,39,46,29,17,34,41,37,50,19,26,22
369120561481183810448084815165136519509	cd=347	38,25,30,33,8,4,3,48,6,24,13,44,2,16,22,26,50,19,59,55,61,47,37,41,57,39,35,49,9,36,58,23,17,34,60,15,12,51,20,10,27,54,14,28,45,18,32,1,62,31,46,29,56,7,43,53,40,5,11,52,42,21
record	m=125829120	25,38,33,30,4,8,3,48,24,6,13,44,2,16,26,22,50,19,55,59,61,47,41,37,57,39,35,49,9,36,23,58,17,34,60,15,51,12,20,10,54,27,28,14,18,45,32,1,62,31,29,46,7,56,53,43,40,5,52,11,21,42
510070028448390668875057247289275040802	cd=343	13,44,45,18,53,43,2,16,19,50,47,61,21,42,36,9,20,10,11,52,37,41,15,60,17,34,29,46,22,26,38,25,5,40,35,49,24,6,12,51,3,48,4,8,33,30,57,39,62,31,59,55,1,32,56,7,27,54,23,58,14,28
record	m=13631488	13,44,45,18,53,43,2,16,50,19,61,47,21,42,9,36,20,10,11,52,41,37,60,15,17,34,29,46,26,22,25,38,40,5,35,49,24,6,12,51,3,48,4,8,30,33,57,39,31,62,55,59,32,1,7,56,54,27,23,58,28,14
119224169809452310802075034808890778135	cd=371	39,57,30,33,50,19,5,40,13,44,21,42,37,41,38,25,27,54,31,62,32,1,45,18,35,49,55,59,61,47,36,9,24,6,26,22,14,28,4,8,10,20,2,16,29,46,43,53,60,15,48,3,51,12,23,58,52,11,17,34,56,7
record	m=4587520	57,39,33,30,50,19,5,40,13,44,21,42,41,37,25,38,54,27,31,62,32,1,18,45,35,49,55,59,61,47,9,36,24,6,26,22,28,14,4,8,20,10,16,2,46,29,53,43,60,15,48,3,51,12,23,58,52,11,17,34,7,56
774136066475293732234587844217350512782	cd=363	5,40,52,11,4,8,45,18,56,7,26,22,62,31,19,50,37,41,55,59,1,32,53,43,12,51,48,3,47,61,15,60,16,2,9,36,49,35,42,21,27,54,20,10,17,34,58,23,14,28,30,33,25,38,46,29,24,6,57,39,13,44
record	m=8257536	40,5,52,11,4,8,18,45,7,56,26,22,31,62,50,19,41,37,55,59,32,1,53,43,51,12,3,48,61,47,60,15,2,16,9,36,35,49,21,42,54,27,20,10,17,34,23,58,28,14,30,33,25,38,46,29,24,6,57,39,13,44
749441320648264696216295251973665786549	cd=327	26,22,11,52,41,37,29,46,6,24,13,44,54,27,55,59,7,56,19,50,17,34,43,53,10,20,2,16,49,35,47,61,14,28,18,45,36,9,3,48,60,15,12,51,38,25,5,40,8,4,62,31,30,33,23,58,32,1,39,57,21,42
record	m=6488064	26,22,52,11,41,37,29,46,24,6,13,44,54,27,55,59,7,56,50,19,17,34,53,43,20,10,16,2,35,49,61,47,28,14,18,45,9,36,3,48,60,15,12,51,25,38,40,5,8,4,31,62,30,33,23,58,32,1,57,39,21,42
936777114771758287170029311877615895934	cd=379	25,38,42,21,41,37,12,51,26,22,1,32,62,31,53,43,2,16,8,4,44,13,9,36,27,54,60,15,17,34,35,49,61,47,30,33,20,10,19,50,46,29,7,56,45,18,6,24,5,40,28,14,52,11,57,39,3,48,58,23,59,55
record	m=22708224	25,38,21,42,41,37,51,12,26,22,32,1,31,62,53,43,2,16,4,8,13,44,9,36,27,54,60,15,17,34,35,49,61,47,33,30,20,10,50,19,29,46,7,56,18,45,24,6,40,5,28,14,52,11,57,39,3,48,58,23,55,59
1016707407275114231284521977262772842318	cd=331	12,51,25,38,34,17,43,53,1,32,45,18,10,20,46,29,13,44,47,61,23,58,6,24,57,39,2,16,35,49,52,11,31,62,15,60,41,37,7,56,36,9,54,27,14,28,19,50,40,5,22,26,48,3,33,30,4,8,21,42,55,59
record	m=7569408	51,12,25,38,34,17,53,43,32,1,18,45,20,10,29,46,13,44,61,47,23,58,24,6,57,39,2,16,35,49,52,11,31,62,60,15,41,37,7,56,9,36,54,27,28,14,50,19,5,40,26,22,3,48,33,30,4,8,21,42,55,59
601964207462337349737537480218680695442	cd=235	27,54,9,36,40,5,23,58,38,25,18,45,33,30,8,4,16,2,55,59,19,50,34,17,29,46,56,7,3,48,6,24,44,13,47,61,52,11,22,26,51,12,41,37,20,10,60,15,42,21,14,28,1,32,43,53,62,31,57,39,49,35
record	m=23592960	54,27,9,36,40,5,23,58,25,38,18,45,33,30,4,8,2,16,55,59,50,19,17,34,29,46,7,56,48,3,24,6,13,44,61,47,52,11,26,22,51,12,41,37,20,10,60,15,21,42,28,14,32,1,53,43,31,62,57,39,49,35
991234596633306507803926160628857030043	cd=295	4,8,34,17,19,50,42,21,2,16,37,41,51,12,61,47,44,13,24,6,31,62,59,55,29,46,22,26,11,52,18,45,25,38,1,32,28,14,39,57,53,43,30,33,15,60,49,35,10,20,48,3,36,9,5,40,23,58,27,54,7,56
record	m=13631488	4,8,17,34,50,19,21,42,2,16,41,37,51,12,61,47,13,44,24,6,31,62,55,59,29,46,26,22,52,11,18,45,25,38,1,32,28,14,39,57,53,43,30,33,60,15,35,49,20,10,48,3,36,9,40,5,58,23,54,27,7,56
228209958069433346649576673659339087863	cd=251	14,28,9,36,33,30,12,51,35,49,41,37,22,26,7,56,1,32,25,38,18,45,42,21,27,54,34,17,46,29,59,55,5,40,47,61,16,2,39,57,24,6,8,4,52,11,15,60,23,58,3,48,20,10,19,50,62,31,53,43,44,13
record	m=3440640	28,14,9,36,33,30,12,51,35,49,41,37,26,22,7,56,32,1,25,38,18,45,21,42,54,27,34,17,29,46,55,59,40,5,61,47,2,16,57,39,6,24,4,8,52,11,15,60,23,58,3,48,10,20,50,19,62,31,53,43,13,44
959194695159745176256162512923612396812	cd=271	42,21,45,18,14,28,55,59,44,13,38,25,15,60,40,5,23,58,50,19,11,52,4,8,3,48,27,54,2,16,30,33,36,9,49,35,46,29,6,24,34,17,20,10,41,37,26,22,61,47,43,53,51,12,62,31,57,39,32,1,7,56
record	m=8110080	21,42,18,45,28,14,55,59,13,44,25,38,60,15,40,5,23,58,50,19,52,11,4,8,3,48,54,27,2,16,30,33,9,36,35,49,29,46,6,24,17,34,10,20,37,41,22,26,61,47,43,53,51,12,31,62,57,39,32,1,7,56
218996162232394791099886104575617449701	cd=355	25,38,5,40,20,10,54,27,43,53,45,18,24,6,34,17,31,62,23,58,52,11,32,1,26,22,50,19,9,36,46,29,39,57,42,21,8,4,12,51,2,16,7,56,30,33,59,55,15,60,61,47,37,41,3,48,35,49,14,28,44,13
record	m=10321920	25,38,40,5,20,10,54,27,53,43,18,45,24,6,17,34,62,31,23,58,52,11,32,1,26,22,50,19,9,36,46,29,57,39,21,42,8,4,12,51,2,16,56,7,33,30,55,59,60,15,61,47,41,37,3,48,35,49,14,28,13,44
1069372631844088163022593729244326700336	cd=379	53,43,15,60,12,51,38,25,56,7,10,20,33,30,42,21,5,40,6,24,22,26,1,32,14,28,35,49,36,9,23,58,48,3,50,19,57,39,54,27,47,61,46,29,41,37,17,34,55,59,16,2,8,4,18,45,13,44,52,11,31,62
record	m=2359296	53,43,60,15,51,12,25,38,7,56,20,10,30,33,21,42,40,5,6,24,22,26,32,1,28,14,49,35,9,36,23,58,48,3,50,19,57,39,54,27,61,47,29,46,41,37,17,34,55,59,2,16,4,8,18,45,13,44,52,11,31,62
166635229125344853393500461151335838650	cd=379	20,10,2,16,25,38,28,14,19,50,27,54,5,40,17,34,44,13,37,41,43,53,35,49,22,26,46,29,23,58,3,48,42,21,30,33,61,47,6,24,60,15,45,18,56,7,12,51,31,62,36,9,57,39,11,52,32,1,55,59,4,8
record	m=8257536	20,10,2,16,25,38,28,14,50,19,54,27,40,5,17,34,44,13,41,37,53,43,49,35,26,22,29,46,23,58,3,48,21,42,33,30,61,47,6,24,60,15,45,18,7,56,51,12,31,62,36,9,57,39,52,11,1,32,55,59,4,8
745008712439738897992226077535335224023	cd=343	22,26,1,32,4,8,37,41,58,23,46,29,12,51,34,17,59,55,36,9,28,14,47,61,49,35,40,5,10,20,43,53,7,56,2,16,6,24,52,11,25,38,15,60,57,39,54,27,33,30,44,13,45,18,31,62,48,3,19,50,21,42
record	m=6488064	26,22,32,1,4,8,41,37,23,58,29,46,51,12,17,34,55,59,9,36,28,14,61,47,35,49,40,5,20,10,53,43,7,56,2,16,24,6,52,11,25,38,60,15,57,39,54,27,30,33,13,44,45,18,31,62,48,3,50,19,21,42
352769757267366090549622459936118698876	cd=375	29,46,45,18,25,38,20,10,3,48,60,15,1,32,35,49,27,54,26,22,62,31,44,13,50,19,9,36,7,56,37,41,53,43,2,16,8,4,12,51,52,11,28,14,59,55,39,57,5,40,58,23,47,61,33,30,17,34,6,24,42,21
record	m=4816896	29,46,18,45,25,38,20,10,3,48,60,15,1,32,35,49,54,27,26,22,31,62,13,44,50,19,9,36,7,56,41,37,43,53,16,2,4,8,12,51,52,11,28,14,55,59,39,57,40,5,58,23,61,47,33,30,17,34,6,24,21,42
710000435931610476313739784735187429639	cd=371	11,52,7,56,16,2,25,38,44,13,22,26,51,12,1,32,20,10,53,43,34,17,31,62,59,55,18,45,21,42,6,24,50,19,29,46,39,57,33,30,9,36,4,8,15,60,61,47,27,54,3,48,5,40,58,23,28,14,35,49,37,41
record	m=12845056	52,11,7,56,2,16,25,38,13,44,26,22,51,12,32,1,20,10,53,43,17,34,62,31,55,59,18,45,21,42,24,6,50,19,29,46,57,39,33,30,9,36,4,8,60,15,47,61,54,27,3,48,40,5,23,58,28,14,35,49,41,37
542712646901853468594922708009036954907	cd=371	26,22,37,41,5,40,3,48,23,58,28,14,45,18,12,51,29,46,15,60,54,27,56,7,38,25,11,52,32,1,21,42,30,33,35,49,57,39,20,10,50,19,44,13,6,24,61,47,2,16,4,8,36,9,17,34,59,55,43,53,62,31
record	m=10321920	26,22,41,37,40,5,3,48,23,58,28,14,18,45,51,12,29,46,60,15,54,27,7,56,25,38,52,11,32,1,21,42,30,33,35,49,57,39,20,10,50,19,13,44,24,6,47,61,16,2,4,8,36,9,17,34,55,59,53,43,31,62
628742595685753188260055032364992926788	cd=355	1,32,39,57,21,42,59,55,34,17,15,60,23,58,36,9,8,4,24,6,5,40,43,53,3,48,29,46,12,51,2,16,61,47,31,62,56,7,10,20,49,35,26,22,27,54,14,28,45,18,52,11,30,33,13,44,19,50,38,25,41,37
record	m=14155776	32,1,57,39,21,42,55,59,17,34,60,15,23,58,9,36,4,8,6,24,40,5,53,43,3,48,29,46,51,12,2,16,61,47,31,62,56,7,20,10,35,49,26,22,27,54,28,14,18,45,52,11,33,30,13,44,19,50,38,25,41,37
584061071982410529877720960479240142099	cd=367	4,8,58,23,37,41,39,57,17,34,6,24,53,43,33,30,29,46,60,15,22,26,40,5,55,59,42,21,50,19,16,2,3,48,20,10,28,14,18,45,62,31,44,13,38,25,51,12,1,32,54,27,36,9,61,47,52,11,56,7,49,35
record	m=2580480	4,8,58,23,37,41,57,39,17,34,24,6,53,43,33,30,29,46,60,15,26,22,5,40,59,55,21,42,50,19,2,16,3,48,20,10,28,14,18,45,31,62,13,44,25,38,51,12,32,1,27,54,9,36,61,47,52,11,7,56,35,49
908707882897916819334321610644017753103	cd=311	13,44,24,6,21,42,57,39,48,3,12,51,55,59,19,50,60,15,28,14,26,22,38,25,35,49,2,16,29,46,5,40,37,41,47,61,23,58,31,62,43,53,54,27,36,9,45,18,8,4,56,7,1,32,34,17,10,20,30,33,11,52
record	m=7569408	13,44,24,6,21,42,57,39,3,48,12,51,55,59,50,19,15,60,28,14,26,22,25,38,35,49,2,16,29,46,40,5,41,37,61,47,23,58,31,62,53,43,54,27,36,9,18,45,4,8,7,56,32,1,34,17,20,10,33,30,52,11
748670156669268636092212607126345428520	cd=303	13,44,20,10,5,40,43,53,19,50,3,48,15,60,32,1,47,61,35,49,24,6,18,45,27,54,58,23,31,62,36,9,11,52,16,2,51,12,41,37,22,26,38,25,30,33,39,57,34,17,56,7,14,28,4,8,29,46,59,55,21,42
record	m=8257536	13,44,20,10,40,5,53,43,50,19,3,48,60,15,1,32,61,47,35,49,24,6,18,45,54,27,23,58,31,62,36,9,11,52,2,16,51,12,41,37,26,22,25,38,33,30,57,39,17,34,7,56,28,14,4,8,29,46,55,59,21,42
78349826986815723597046184968551385273	cd=371	57,39,51,12,61,47,5,40,45,18,56,7,16,2,36,9,58,23,52,11,30,33,24,6,34,17,1,32,3,48,60,15,10,20,26,22,41,37,55,59,53,43,50,19,38,25,28,14,62,31,46,29,13,44,49,35,54,27,42,21,8,4
record	m=40550400	57,39,51,12,61,47,40,5,18,45,7,56,2,16,9,36,23,58,52,11,33,30,24,6,17,34,32,1,3,48,60,15,20,10,22,26,37,41,59,55,43,53,50,19,25,38,14,28,31,62,29,46,13,44,35,49,54,27,21,42,8,4
92861647429935050860519368950389518218	cd=311	3,48,52,11,12,51,21,42,31,62,46,29,14,28,35,49,56,7,41,37,44,13,57,39,50,19,26,22,34,17,53,43,60,15,1,32,6,24,59,55,25,38,18,45,20,10,23,58,40,5,2,16,30,33,9,36,54,27,61,47,8,4
record	m=11010048	3,48,52,11,51,12,21,42,31,62,29,46,14,28,35,49,7,56,41,37,13,44,57,39,50,19,26,22,17,34,53,43,60,15,1,32,24,6,55,59,25,38,18,45,20,10,23,58,40,5,2,16,30,33,9,36,54,27,61,47,4,8
718214089687992159102288550072975556477	cd=371	25,38,16,2,22,26,47,61,17,34,56,7,5,40,45,18,35,49,48,3,15,60,50,19,55,59,11,52,58,23,13,44,4,8,29,46,51,12,31,62,20,10,53,43,24,6,37,41,27,54,33,30,39,57,9,36,14,28,32,1,21,42
record	m=1966080	25,38,2,16,26,22,61,47,34,17,7,56,40,5,18,45,35,49,48,3,60,15,19,50,55,59,52,11,23,58,44,13,4,8,29,46,51,12,31,62,20,10,43,53,24,6,37,41,27,54,30,33,57,39,9,36,28,14,32,1,21,42
446980944734155094184819959140044196033	cd=347	38,25,19,50,13,44,29,46,34,17,41,37,59,55,4,8,2,16,33,30,56,7,35,49,27,54,21,42,43,53,57,39,61,47,31,62,60,15,36,9,10,20,14,28,6,24,3,48,45,18,51,12,23,58,52,11,32,1,40,5,22,26
record	m=4300800	25,38,50,19,13,44,29,46,17,34,41,37,55,59,8,4,2,16,33,30,7,56,35,49,54,27,21,42,43,53,57,39,61,47,31,62,60,15,9,36,20,10,28,14,24,6,48,3,18,45,51,12,23,58,52,11,32,1,40,5,22,26
422904871397255135385086766435027774300	cd=371	45,18,10,20,7,56,50,19,52,11,51,12,46,29,24,6,30,33,36,9,26,22,34,17,13,44,53,43,59,55,41,37,1,32,21,42,57,39,4,8,61,47,5,40,27,54,49,35,15,60,3,48,16,2,31,62,28,14,58,23,38,25
record	m=3407872	18,45,20,10,7,56,50,19,52,11,51,12,29,46,24,6,30,33,9,36,22,26,17,34,44,13,53,43,59,55,41,37,32,1,21,42,57,39,4,8,61,47,40,5,54,27,35,49,60,15,48,3,2,16,31,62,28,14,23,58,25,38
196876672169353385408643274989000572047	cd=339	37,41,2,16,62,31,51,12,47,61,26,22,50,19,9,36,55,59,15,60,6,24,27,54,46,29,34,17,57,39,7,56,20,10,13,44,45,18,43,53,33,30,48,3,32,1,21,42,8,4,25,38,5,40,28,14,58,23,35,49,52,11
record	m=3670016	41,37,2,16,31,62,51,12,61,47,26,22,50,19,9,36,55,59,60,15,24,6,54,27,29,46,17,34,57,39,7,56,20,10,13,44,45,18,53,43,33,30,3,48,1,32,42,21,4,8,25,38,40,5,28,14,23,58,35,49,52,11
706674506561151644731985609459245912119	cd=343	23,58,38,25,5,40,45,18,62,31,60,15,29,46,61,47,42,21,50,19,32,1,9,36,2,16,34,17,52,11,8,4,59,55,30,33,27,54,6,24,44,13,7,56,22,26,10,20,49,35,14,28,48,3,12,51,39,57,53,43,37,41
record	m=15482880	23,58,25,38,40,5,18,45,31,62,60,15,29,46,61,47,21,42,50,19,32,1,9,36,2,16,34,17,52,11,4,8,55,59,33,30,54,27,24,6,13,44,56,7,22,26,20,10,35,49,28,14,3,48,51,12,57,39,53,43,37,41
938296756669971083253329117486975209670	cd=379	10,20,1,32,14,28,38,25,53,43,58,23,40,5,2,16,54,27,48,3,11,52,62,31,17,34,46,29,47,61,30,33,12,51,37,41,39,57,49,35,56,7,13,44,6,24,50,19,15,60,18,45,36,9,42,21,8,4,22,26,59,55
record	m=12386304	20,10,32,1,28,14,25,38,53,43,23,58,40,5,2,16,54,27,3,48,52,11,31,62,34,17,46,29,61,47,33,30,51,12,41,37,57,39,49,35,7,56,13,44,24,6,50,19,15,60,18,45,9,36,21,42,4,8,26,22,55,59
1059450646771993753939563891040229059844	cd=387	30,33,32,1,18,45,59,55,26,22,36,9,31,62,27,54,19,50,38,25,56,7,12,51,29,46,15,60,20,10,24,6,11,52,41,37,3,48,43,53,17,34,4,8,14,28,13,44,16,2,49,35,5,40,23,58,42,21,39,57,47,61
record	m=2064384	30,33,32,1,18,45,55,59,26,22,36,9,31,62,27,54,19,50,25,38,7,56,51,12,29,46,60,15,20,10,24,6,52,11,41,37,3,48,43,53,34,17,4,8,28,14,13,44,2,16,35,49,40,5,58,23,21,42,57,39,61,47
1094208952154456825327985579953533236716	cd=271	10,20,55,59,44,13,42,21,50,19,30,33,29,46,40,5,16,2,8,4,53,43,47,61,17,34,36,9,27,54,38,25,56,7,35,49,14,28,58,23,26,22,60,15,1,32,12,51,45,18,52,11,37,41,24,6,3,48,39,57,31,62
record	m=1892352	20,10,59,55,13,44,21,42,50,19,33,30,29,46,40,5,2,16,4,8,43,53,61,47,34,17,9,36,54,27,25,38,7,56,35,49,14,28,23,58,22,26,60,15,1,32,51,12,18,45,52,11,37,41,24,6,48,3,57,39,31,62
40628234610673007843074257045658839765	cd=367	17,34,11,52,35,49,59,55,8,4,48,3,15,60,24,6,19,50,32,1,45,18,57,39,62,31,26,22,13,44,36,9,56,7,21,42,27,54,10,20,5,40,53,43,14,28,58,23,38,25,47,61,30,33,41,37,29,46,51,12,16,2
record	m=30277632	17,34,52,11,35,49,55,59,4,8,3,48,60,15,24,6,50,19,32,1,18,45,57,39,31,62,26,22,13,44,36,9,7,56,21,42,54,27,20,10,40,5,53,43,14,28,23,58,25,38,61,47,30,33,41,37,29,46,51,12,2,16
164562231354041112088807027416010413623	cd=387	42,21,37,41,22,26,55,59,60,15,45,18,35,49,13,44,50,19,7,56,52,11,31,62,23,58,16,2,24,6,51,12,1,32,40,5,3,48,30,33,9,36,61,47,57,39,27,54,28,14,29,46,10,20,34,17,25,38,43,53,4,8
record	m=6758400	21,42,41,37,26,22,55,59,60,15,18,45,35,49,13,44,50,19,7,56,52,11,31,62,23,58,2,16,24,6,51,12,32,1,40,5,3,48,33,30,9,36,61,47,57,39,54,27,28,14,29,46,20,10,17,34,38,25,53,43,8,4
337593470291254885458924584139350555129	cd=371	52,11,2,16,23,58,46,29,20,10,41,37,26,22,54,27,42,21,28,14,60,15,34,17,40,5,53,43,9,36,47,61,32,1,31,62,18,45,48,3,59,55,4,8,13,44,33,30,56,7,6,24,51,12,25,38,35,49,39,57,50,19
record	m=8847360	52,11,2,16,23,58,29,46,20,10,41,37,26,22,54,27,21,42,28,14,60,15,17,34,40,5,53,43,9,36,61,47,32,1,31,62,45,18,3,48,55,59,8,4,13,44,33,30,7,56,24,6,12,51,25,38,35,49,39,57,50,19
401225647073809413221176060859636773861	cd=323	18,45,1,32,42,21,51,12,39,57,43,53,62,31,38,25,19,50,36,9,27,54,29,46,34,17,28,14,59,55,6,24,8,4,60,15,20,10,2,16,47,61,11,52,33,30,56,7,44,13,40,5,23,58,49,35,41,37,3,48,26,22
record	m=5677056	18,45,32,1,21,42,51,12,57,39,53,43,31,62,25,38,50,19,9,36,54,27,29,46,17,34,14,28,55,59,24,6,4,8,60,15,20,10,2,16,61,47,52,11,33,30,7,56,13,44,5,40,58,23,35,49,41,37,3,48,26,22
526323165040691568025040340253170006479	cd=323	4,8,59,55,58,23,47,61,37,41,15,60,40,5,3,48,12,51,26,22,29,46,24,6,21,42,39,57,36,9,32,1,35,49,18,45,33,30,34,17,11,52,20,10,54,27,14,28,53,43,2,16,56,7,19,50,13,44,38,25,62,31
record	m=7569408	4,8,55,59,23,58,61,47,41,37,60,15,40,5,3,48,51,12,26,22,29,46,24,6,21,42,57,39,9,36,1,32,35,49,18,45,33,30,17,34,52,11,10,20,54,27,28,14,43,53,16,2,7,56,50,19,13,44,25,38,31,62
613396283984321127223743738923424674674	cd=371	42,21,12,51,56,7,53,43,31,62,14,28,4,8,30,33,40,5,20,10,46,29,26,22,37,41,55,59,23,58,18,45,1,32,2,16,47,61,27,54,39,57,19,50,44,13,6,24,3,48,9,36,52,11,38,25,17,34,15,60,49,35
record	m=12386304	21,42,51,12,7,56,53,43,31,62,28,14,4,8,33,30,40,5,20,10,29,46,26,22,41,37,55,59,23,58,18,45,32,1,2,16,61,47,54,27,57,39,50,19,13,44,24,6,3,48,9,36,52,11,38,25,17,34,60,15,35,49
167501264726944255814345573192070847993	cd=327	38,25,12,51,41,37,13,44,49,35,27,54,26,22,46,29,9,36,42,21,30,33,47,61,19,50,56,7,11,52,2,16,17,34,48,3,5,40,6,24,10,20,31,62,53,43,23,58,14,28,1,32,18,45,60,15,57,39,55,59,4,8
record	m=99090432	25,38,51,12,41,37,13,44,35,49,54,27,26,22,29,46,9,36,21,42,33,30,61,47,50,19,7,56,52,11,2,16,17,34,3,48,40,5,24,6,20,10,31,62,53,43,23,58,28,14,32,1,18,45,60,15,57,39,59,55,8,4
517688500704416208249406877396947825109	cd=379	5,40,16,2,46,29,37,41,22,26,7,56,50,19,15,60,47,61,44,13,43,53,18,45,39,57,48,3,21,42,10,20,27,54,34,17,51,12,38,25,23,58,59,55,30,33,8,4,35,49,1,32,28,14,9,36,24,6,52,11,62,31
record	m=18350080	40,5,2,16,29,46,41,37,26,22,7,56,50,19,15,60,61,47,13,44,53,43,18,45,57,39,3,48,21,42,10,20,54,27,34,17,12,51,25,38,23,58,55,59,33,30,4,8,35,49,32,1,28,14,9,36,24,6,52,11,62,31
107688063952431845688156433095315599647	cd=343	49,35,11,52,4,8,43,53,59,55,33,30,5,40,14,28,60,15,3,48,54,27,50,19,22,26,41,37,34,17,46,29,44,13,42,21,20,10,12,51,39,57,47,61,1,32,6,24,62,31,38,25,18,45,58,23,36,9,2,16,56,7
record	m=6307840	35,49,52,11,4,8,43,53,55,59,33,30,40,5,28,14,60,15,3,48,54,27,50,19,26,22,41,37,17,34,46,29,44,13,21,42,10,20,51,12,57,39,61,47,32,1,24,6,31,62,25,38,45,18,23,58,9,36,2,16,56,7
997981851850600831624964881170105369535	cd=379	13,44,24,6,19,50,28,14,35,49,26,22,10,20,58,23,4,8,34,17,5,40,36,9,61,47,16,2,37,41,29,46,54,27,43,53,31,62,60,15,39,57,18,45,38,25,12,51,3,48,42,21,30,33,1,32,11,52,56,7,55,59
record	m=15728640	13,44,24,6,50,19,28,14,35,49,26,22,20,10,23,58,8,4,17,34,40,5,9,36,61,47,16,2,41,37,29,46,54,27,53,43,31,62,15,60,57,39,18,45,25,38,12,51,3,48,21,42,30,33,32,1,11,52,56,7,55,59
62249225630960603465102703933947185055	cd=303	37,41,1,32,61,47,26,22,17,34,60,15,3,48,45,18,25,38,51,12,52,11,31,62,46,29,28,14,23,58,9,36,5,40,49,35,6,24,57,39,59,55,8,4,53,43,10,20,7,56,21,42,50,19,13,44,33,30,27,54,16,2
record	m=6881280	41,37,32,1,61,47,26,22,17,34,60,15,3,48,18,45,25,38,51,12,52,11,31,62,29,46,14,28,23,58,9,36,40,5,35,49,24,6,57,39,55,59,8,4,53,43,10,20,7,56,21,42,50,19,13,44,33,30,54,27,2,16
802781983734981976569558282730195785979	cd=347	14,28,55,59,54,27,48,3,8,4,38,25,56,7,19,50,49,35,53,43,51,12,10,20,37,41,15,60,42,21,62,31,45,18,9,36,13,44,1,32,40,5,30,33,11,52,39,57,6,24,17,34,16,2,26,22,58,23,46,29,61,47
record	m=18063360	28,14,55,59,54,27,3,48,4,8,25,38,7,56,50,19,35,49,53,43,51,12,20,10,41,37,60,15,21,42,31,62,45,18,9,36,13,44,1,32,40,5,30,33,52,11,57,39,24,6,17,34,16,2,26,22,58,23,46,29,47,61
546790079874350652038151421791780745287	cd=323	19,50,38,25,22,26,13,44,43,53,37,41,12,51,5,40,20,10,16,2,59,55,15,60,3,48,54,27,17,34,4,8,58,23,35,49,18,45,46,29,52,11,21,42,6,24,14,28,7,56,32,1,9,36,39,57,33,30,47,61,62,31
record	m=38928384	50,19,25,38,26,22,13,44,53,43,41,37,51,12,40,5,20,10,2,16,55,59,60,15,48,3,54,27,17,34,4,8,58,23,35,49,18,45,29,46,52,11,21,42,24,6,28,14,7,56,32,1,36,9,39,57,30,33,61,47,31,62
1086104181730907456577744005687069956121	cd=371	35,49,24,6,3,48,57,39,9,36,2,16,34,17,46,29,14,28,54,27,43,53,59,55,11,52,45,18,5,40,38,25,47,61,60,15,33,30,42,21,4,8,12,51,37,41,1,32,58,23,10,20,50,19,22,26,56,7,13,44,31,62
record	m=7028736	35,49,24,6,3,48,57,39,9,36,2,16,17,34,29,46,28,14,54,27,53,43,55,59,52,11,18,45,40,5,25,38,61,47,60,15,33,30,21,42,4,8,12,51,41,37,32,1,23,58,20,10,50,19,26,22,7,56,44,13,31,62
552495432631504283790902159016920361335	cd=375	34,17,59,55,37,41,4,8,3,48,24,6,10,20,25,38,39,57,28,14,15,60,33,30,61,47,35,49,54,27,50,19,22,26,51,12,53,43,13,44,29,46,18,45,42,21,36,9,58,23,40,5,2,16,31,62,7,56,52,11,1,32
record	m=24772608	17,34,55,59,41,37,4,8,3,48,24,6,20,10,25,38,39,57,28,14,60,15,33,30,61,47,35,49,54,27,50,19,26,22,51,12,53,43,13,44,46,29,18,45,21,42,9,36,23,58,5,40,2,16,31,62,7,56,52,11,32,1
40341557697244129217212119670302897675	cd=343	7,56,38,25,28,14,11,52,34,17,33,30,47,61,5,40,27,54,36,9,53,43,20,10,35,49,18,45,62,31,23,58,44,13,29,46,50,19,15,60,57,39,48,3,8,4,1,32,42,21,26,22,37,41,59,55,6,24,51,12,16,2
record	m=1419264	7,56,25,38,28,14,52,11,17,34,33,30,61,47,40,5,54,27,9,36,53,43,20,10,35,49,18,45,31,62,58,23,13,44,46,29,19,50,60,15,57,39,3,48,4,8,32,1,21,42,26,22,37,41,55,59,24,6,51,12,2,16
1009908958043770332286174209334694806691	cd=351	18,45,21,42,4,8,49,35,28,14,27,54,12,51,39,57,24,6,38,25,9,36,22,26,2,16,13,44,5,40,48,3,31,62,23,58,11,52,61,47,50,19,20,10,60,15,41,37,1,32,46,29,53,43,17,34,56,7,33,30,55,59
record	m=1835008	18,45,21,42,4,8,35,49,28,14,54,27,51,12,57,39,24,6,38,25,9,36,22,26,2,16,13,44,5,40,3,48,62,31,58,23,52,11,47,61,50,19,20,10,15,60,41,37,32,1,29,46,43,53,17,34,7,56,33,30,55,59
364732136200500698612117479624021817127	cd=363	44,13,19,50,4,8,16,2,23,58,47,61,53,43,40,5,12,51,48,3,26,22,41,37,11,52,31,62,7,56,30,33,38,25,59,55,29,46,35,49,36,9,15,60,57,39,14,28,20,10,17,34,1,32,54,27,6,24,18,45,42,21
record	m=9142272	13,44,50,19,4,8,2,16,23,58,61,47,53,43,40,5,51,12,3,48,26,22,41,37,52,11,31,62,7,56,33,30,25,38,55,59,29,46,35,49,9,36,60,15,57,39,14,28,20,10,17,34,32,1,27,54,6,24,18,45,21,42
519835943867263233077732940113071197099	cd=323	56,7,52,11,42,21,33,30,36,9,37,41,26,22,23,58,47,61,19,50,43,53,12,51,54,27,13,44,34,17,18,45,59,55,20,10,5,40,46,29,24,6,32,1,16,2,35,49,57,39,4,8,48,3,60,15,25,38,28,14,62,31
record	m=6193152	7,56,52,11,21,42,33,30,9,36,41,37,26,22,23,58,61,47,50,19,53,43,51,12,54,27,13,44,34,17,18,45,55,59,10,20,40,5,29,46,24,6,32,1,2,16,35,49,57,39,4,8,3,48,60,15,25,38,14,28,31,62
113209918525409356546552501314745457872	cd=315	8,4,40,5,30,33,21,42,55,59,9,36,27,54,18,45,28,14,35,49,16,2,20,10,47,61,32,1,34,17,6,24,19,50,52,11,23,58,53,43,15,60,31,62,57,39,3,48,51,12,22,26,44,13,41,37,29,46,38,25,56,7
record	m=1622016	4,8,5,40,33,30,21,42,55,59,9,36,54,27,18,45,28,14,49,35,2,16,10,20,61,47,32,1,34,17,24,6,50,19,52,11,23,58,53,43,60,15,62,31,57,39,3,48,51,12,26,22,13,44,41,37,29,46,38,25,7,56
186618990626227806519677358054261862613	cd=379	9,36,45,18,33,30,55,59,8,4,19,50,27,54,6,24,21,42,16,2,58,23,60,15,25,38,43,53,57,39,46,29,10,20,31,62,44,13,12,51,61,47,5,40,56,7,17,34,26,22,49,35,28,14,3,48,41,37,1,32,52,11
record	m=16515072	9,36,18,45,33,30,55,59,4,8,50,19,54,27,24,6,21,42,2,16,23,58,60,15,25,38,53,43,57,39,29,46,20,10,31,62,13,44,12,51,61,47,40,5,7,56,17,34,26,22,35,49,28,14,3,48,41,37,32,1,11,52
187964402894620334359022522320378188562	cd=379	45,18,3,48,21,42,28,14,23,58,36,9,35,49,41,37,62,31,54,27,51,12,7,56,61,47,19,50,60,15,55,59,40,5,13,44,2,16,26,22,29,46,20,10,53,43,32,1,25,38,30,33,39,57,8,4,6,24,17,34,52,11
record	m=8257536	18,45,3,48,21,42,28,14,23,58,9,36,35,49,41,37,31,62,54,27,51,12,7,56,61,47,50,19,15,60,55,59,40,5,13,44,2,16,26,22,29,46,20,10,53,43,32,1,25,38,30,33,57,39,4,8,6,24,17,34,52,11
35648378709202562986119629966630073790	cd=383	52,11,29,46,36,9,57,39,50,19,34,17,21,42,3,48,54,27,10,20,31,62,15,60,25,38,1,32,47,61,45,18,53,43,56,7,44,13,22,26,14,28,35,49,59,55,30,33,6,24,58,23,12,51,37,41,8,4,40,5,16,2
record	m=6881280	52,11,29,46,9,36,57,39,50,19,34,17,21,42,3,48,54,27,20,10,31,62,15,60,25,38,32,1,61,47,45,18,53,43,7,56,13,44,26,22,28,14,49,35,55,59,33,30,24,6,23,58,51,12,41,37,4,8,5,40,2,16
1030446116354180541084758632240254788741	cd=383	5,40,37,41,19,50,52,11,12,51,49,35,38,25,18,45,14,28,44,13,20,10,48,3,60,15,26,22,56,7,1,32,9,36,21,42,27,54,23,58,59,55,34,17,39,57,46,29,16,2,43,53,33,30,6,24,31,62,8,4,47,61
record	m=11010048	40,5,41,37,50,19,52,11,12,51,35,49,25,38,18,45,28,14,13,44,20,10,3,48,15,60,26,22,7,56,32,1,9,36,21,42,54,27,23,58,55,59,17,34,57,39,46,29,16,2,43,53,30,33,24,6,31,62,4,8,61,47
130103165828092658079151402406975869029	cd=387	18,45,1,32,4,8,44,13,55,59,28,14,37,41,15,60,24,6,21,42,31,62,19,50,43,53,20,10,26,22,27,54,5,40,25,38,58,23,17,34,39,57,33,30,52,11,9,36,29,46,35,49,3,48,2,16,47,61,12,51,56,7
record	m=11010048	18,45,32,1,4,8,13,44,55,59,28,14,41,37,60,15,24,6,21,42,31,62,50,19,53,43,20,10,26,22,27,54,40,5,25,38,23,58,34,17,57,39,33,30,52,11,9,36,46,29,49,35,48,3,16,2,47,61,51,12,7,56
947771693903964849857250100020222310707	cd=387	3,48,62,31,10,20,30,33,54,27,35,49,5,40,11,52,28,14,36,9,18,45,15,60,17,34,1,32,51,12,44,13,46,29,53,43,6,24,56,7,38,25,50,19,4,8,22,26,37,41,39,57,47,61,23,58,2,16,21,42,59,55
record	m=1376256	3,48,62,31,20,10,33,30,54,27,35,49,40,5,52,11,28,14,9,36,18,45,60,15,17,34,1,32,51,12,13,44,29,46,53,43,24,6,7,56,25,38,50,19,4,8,26,22,41,37,57,39,61,47,23,58,2,16,21,42,59,55
465101127923096466169977011742535210003	cd=387	24,6,23,58,33,30,5,40,61,47,54,27,16,2,19,50,51,12,41,37,32,1,31,62,8,4,45,18,7,56,46,29,59,55,39,57,10,20,17,34,44,13,52,11,35,49,14,28,36,9,42,21,48,3,53,43,15,60,25,38,22,26
record	m=29360128	24,6,23,58,33,30,40,5,61,47,54,27,2,16,50,19,51,12,41,37,32,1,31,62,4,8,18,45,7,56,29,46,55,59,57,39,20,10,17,34,44,13,52,11,35,49,14,28,9,36,21,42,3,48,53,43,15,60,25,38,22,26
1073303668702970650489380837015931232972	cd=327	24,6,53,43,38,25,20,10,60,15,42,21,36,9,19,50,13,44,39,57,12,51,58,23,5,40,47,61,37,41,27,54,33,30,29,46,22,26,32,1,49,35,2,16,48,3,7,56,11,52,17,34,59,55,4,8,28,14,45,18,31,62
record	m=18874368	24,6,53,43,25,38,20,10,60,15,21,42,9,36,50,19,13,44,57,39,51,12,23,58,40,5,61,47,41,37,54,27,33,30,29,46,26,22,32,1,35,49,2,16,48,3,7,56,52,11,17,34,55,59,4,8,28,14,18,45,31,62
643656556802139005378079628440209916704	cd=383	56,7,30,33,46,29,47,61,59,55,50,19,9,36,54,27,12,51,57,39,15,60,13,44,26,22,18,45,3,48,34,17,16,2,21,42,6,24,31,62,40,5,52,11,23,58,32,1,49,35,14,28,8,4,25,38,10,20,43,53,41,37
record	m=2359296	7,56,33,30,29,46,61,47,55,59,50,19,9,36,54,27,51,12,57,39,60,15,13,44,26,22,18,45,3,48,17,34,16,2,21,42,24,6,31,62,40,5,52,11,23,58,32,1,35,49,28,14,4,8,38,25,20,10,53,43,37,41
416149047997800137453159826154295845396	cd=259	33,30,54,27,62,31,43,53,24,6,1,32,10,20,9,36,42,21,39,57,50,19,8,4,44,13,17,34,48,3,29,46,56,7,23,58,41,37,26,22,52,11,47,61,14,28,59,55,49,35,5,40,15,60,45,18,2,16,51,12,38,25
record	m=7864320	33,30,54,27,62,31,53,43,24,6,32,1,20,10,9,36,21,42,57,39,50,19,4,8,13,44,34,17,3,48,29,46,7,56,58,23,37,41,22,26,52,11,61,47,28,14,55,59,35,49,40,5,15,60,45,18,2,16,51,12,25,38
32936216706425349357559135046850182295	cd=363	3,48,12,51,55,59,35,49,34,17,8,4,46,29,7,56,16,2,39,57,10,20,60,15,53,43,11,52,45,18,62,31,24,6,28,14,41,37,23,58,54,27,36,9,40,5,19,50,25,38,44,13,22,26,42,21,30,33,47,61,32,1
record	m=1966080	3,48,12,51,55,59,35,49,34,17,4,8,29,46,7,56,2,16,57,39,20,10,60,15,43,53,52,11,18,45,31,62,24,6,28,14,41,37,23,58,54,27,36,9,40,5,19,50,38,25,13,44,26,22,21,42,33,30,61,47,32,1
752351341156861244075029811707793771124	cd=363	37,41,46,29,34,17,20,10,48,3,47,61,26,22,16,2,32,1,24,6,9,36,15,60,4,8,57,39,54,27,19,50,14,28,58,23,59,55,35,49,45,18,40,5,25,38,7,56,44,13,53,43,11,52,30,33,51,12,31,62,21,42
record	m=16515072	41,37,29,46,17,34,20,10,3,48,61,47,26,22,2,16,32,1,24,6,9,36,60,15,4,8,57,39,54,27,50,19,28,14,23,58,59,55,35,49,18,45,40,5,25,38,7,56,13,44,53,43,11,52,33,30,51,12,31,62,21,42
897874036668497075218587979596591865570	cd=331	43,53,51,12,28,14,23,58,44,13,10,20,9,36,38,25,19,50,46,29,24,6,57,39,21,42,35,49,5,40,37,41,62,31,45,18,1,32,26,22,56,7,61,47,54,27,15,60,48,3,17,34,59,55,33,30,8,4,2,16,11,52
record	m=9175040	53,43,51,12,28,14,23,58,44,13,20,10,9,36,38,25,50,19,29,46,24,6,57,39,21,42,35,49,40,5,41,37,31,62,18,45,32,1,26,22,7,56,61,47,54,27,60,15,3,48,17,34,55,59,33,30,4,8,2,16,11,52
382930393301282235314143929533344234091	cd=387	13,44,40,5,48,3,50,19,7,56,41,37,4,8,55,59,15,60,20,10,35,49,53,43,58,23,62,31,38,25,12,51,29,46,24,6,1,32,45,18,54,27,42,21,11,52,57,39,34,17,30,33,61,47,9,36,16,2,28,14,26,22
record	m=42172416	13,44,40,5,3,48,50,19,7,56,41,37,4,8,55,59,60,15,20,10,35,49,43,53,23,58,31,62,25,38,51,12,29,46,24,6,32,1,18,45,54,27,21,42,52,11,57,39,17,34,33,30,61,47,9,36,2,16,14,28,26,22
868240566274355055423544357677406396139	cd=355	29,46,10,20,40,5,16,2,25,38,61,47,11,52,30,33,45,18,42,21,53,43,7,56,17,34,35,49,14,28,32,1,37,41,39,57,44,13,23,58,8,4,55,59,26,22,27,54,36,9,3,48,60,15,51,12,62,31,6,24,19,50
record	m=5160960	29,46,20,10,40,5,2,16,25,38,61,47,52,11,33,30,18,45,21,42,43,53,7,56,17,34,35,49,28,14,32,1,41,37,57,39,13,44,58,23,4,8,55,59,26,22,27,54,36,9,3,48,60,15,51,12,31,62,24,6,50,19
7013787095850794752128721458960269231	cd=371	42,21,26,22,58,23,31,62,40,5,30,33,4,8,55,59,24,6,45,18,19,50,37,41,11,52,35,49,16,2,38,25,28,14,60,15,3,48,36,9,44,13,10,20,61,47,57,39,34,17,54,27,29,46,53,43,7,56,51,12,32,1
record	m=1647360	21,42,26,22,23,58,31,62,40,5,33,30,4,8,55,59,24,6,45,18,50,19,41,37,52,11,35,49,2,16,25,38,28,14,60,15,3,48,9,36,13,44,20,10,47,61,39,57,17,34,54,27,46,29,43,53,7,56,51,12,32,1
1074492854013486642700059780259428612919	cd=375	48,3,21,42,56,7,44,13,12,51,22,26,25,38,18,45,24,6,52,11,33,30,57,39,35,49,14,28,40,5,60,15,29,46,2,16,23,58,55,59,47,61,17,34,43,53,9,36,54,27,8,4,41,37,19,50,32,1,10,20,31,62
record	m=7569408	3,48,21,42,7,56,13,44,12,51,26,22,25,38,18,45,24,6,52,11,33,30,57,39,35,49,28,14,40,5,15,60,29,46,2,16,23,58,55,59,61,47,34,17,53,43,9,36,27,54,4,8,41,37,50,19,1,32,20,10,31,62
1056138475446882482024058814692759530382	cd=307	57,39,21,42,54,27,23,58,38,25,10,20,5,40,34,17,43,53,31,62,29,46,6,24,1,32,49,35,45,18,55,59,8,4,33,30,19,50,48,3,9,36,37,41,22,26,28,14,16,2,15,60,51,12,56,7,44,13,11,52,47,61
record	m=49545216	57,39,21,42,54,27,23,58,25,38,20,10,40,5,17,34,53,43,31,62,29,46,24,6,32,1,35,49,18,45,55,59,4,8,33,30,50,19,3,48,9,36,37,41,26,22,28,14,2,16,60,15,51,12,7,56,13,44,52,11,47,61
499514904677226177458337871419363937306	cd=387	32,1,26,22,37,41,40,5,58,23,43,53,25,38,62,31,10,20,19,50,4,8,30,33,48,3,47,61,52,11,35,49,9,36,56,7,17,34,15,60,45,18,42,21,2,16,51,12,46,29,44,13,55,59,24,6,54,27,57,39,14,28
record	m=5406720	32,1,26,22,41,37,40,5,23,58,53,43,25,38,31,62,20,10,50,19,4,8,33,30,3,48,61,47,11,52,49,35,9,36,7,56,17,34,60,15,45,18,21,42,2,16,51,12,29,46,44,13,55,59,24,6,54,27,57,39,14,28
874129855011740421233067940416126118713	cd=339	11,52,29,46,39,57,12,51,45,18,60,15,55,59,13,44,48,3,14,28,4,8,17,34,49,35,38,25,26,22,24,6,23,58,42,21,20,10,54,27,9,36,2,16,47,61,5,40,43,53,41,37,31,62,32,1,7,56,30,33,19,50
record	m=1179648	52,11,29,46,57,39,51,12,18,45,60,15,55,59,13,44,48,3,14,28,4,8,17,34,49,35,25,38,26,22,24,6,23,58,42,21,20,10,27,54,36,9,2,16,61,47,40,5,53,43,37,41,31,62,1,32,56,7,33,30,50,19
83614810873864204520174143246673712452	cd=279	34,17,16,2,44,13,49,35,19,50,41,37,26,22,47,61,20,10,25,38,43,53,7,56,29,46,14,28,57,39,58,23,1,32,52,11,5,40,24,6,55,59,54,27,9,36,42,21,30,33,3,48,18,45,12,51,60,15,62,31,8,4
record	m=2949120	17,34,2,16,13,44,35,49,50,19,41,37,26,22,61,47,10,20,25,38,53,43,7,56,29,46,28,14,39,57,23,58,32,1,11,52,40,5,6,24,59,55,54,27,9,36,21,42,30,33,3,48,18,45,51,12,60,15,62,31,4,8
1083104961286886054883744951310178176365	cd=323	45,18,21,42,15,60,55,59,17,34,48,3,40,5,4,8,44,13,35,49,7,56,28,14,20,10,53,43,9,36,33,30,54,27,61,47,19,50,23,58,11,52,39,57,41,37,51,12,46,29,26,22,32,1,6,24,2,16,25,38,31,62
record	m=64225280	18,45,21,42,60,15,55,59,17,34,3,48,40,5,4,8,13,44,35,49,7,56,28,14,20,10,53,43,9,36,33,30,54,27,61,47,50,19,23,58,52,11,57,39,41,37,12,51,29,46,26,22,32,1,24,6,16,2,25,38,31,62
505607563833421208801507224830683474916	cd=387	56,7,2,16,18,45,59,55,47,61,33,30,48,3,41,37,32,1,17,34,27,54,29,46,13,44,4,8,19,50,6,24,31,62,39,57,43,53,5,40,52,11,38,25,12,51,10,20,23,58,60,15,21,42,9,36,22,26,35,49,14,28
record	m=33030144	7,56,2,16,18,45,55,59,61,47,33,30,3,48,41,37,32,1,17,34,54,27,29,46,13,44,4,8,50,19,24,6,31,62,57,39,53,43,40,5,52,11,25,38,12,51,20,10,23,58,15,60,21,42,9,36,22,26,35,49,14,28
69073062755961466004662891737177465681	cd=375	49,35,11,52,14,28,9,36,12,51,24,6,31,62,41,37,22,26,1,32,50,19,53,43,2,16,60,15,21,42,44,13,29,46,10,20,61,47,54,27,25,38,5,40,23,58,18,45,17,34,59,55,7,56,30,33,57,39,48,3,8,4
record	m=5505024	35,49,52,11,28,14,9,36,51,12,24,6,31,62,41,37,26,22,32,1,50,19,53,43,2,16,60,15,21,42,13,44,46,29,20,10,47,61,54,27,25,38,40,5,23,58,18,45,17,34,55,59,56,7,30,33,57,39,3,48,4,8
942200526705337293591843878842949155506	cd=319	42,21,51,12,41,37,50,19,52,11,25,38,49,35,28,14,26,22,36,9,33,30,44,13,47,61,5,40,54,27,31,62,58,23,17,34,6,24,3,48,20,10,60,15,2,16,29,46,4,8,45,18,7,56,43,53,57,39,1,32,59,55
record	m=8257536	21,42,51,12,41,37,50,19,52,11,25,38,35,49,14,28,26,22,36,9,33,30,13,44,61,47,40,5,54,27,31,62,58,23,17,34,24,6,3,48,10,20,15,60,16,2,46,29,4,8,18,45,7,56,53,43,57,39,32,1,55,59
710464648584925732425846293459092361045	cd=355	1,32,60,15,3,48,56,7,33,30,11,52,12,51,40,5,25,38,26,22,58,23,59,55,17,34,10,20,8,4,9,36,27,54,29,46,24,6,39,57,16,2,50,19,42,21,44,13,31,62,14,28,18,45,43,53,47,61,35,49,37,41
record	m=368640	32,1,15,60,3,48,56,7,33,30,52,11,51,12,40,5,25,38,26,22,58,23,59,55,17,34,20,10,4,8,36,9,27,54,29,46,24,6,39,57,16,2,50,19,21,42,13,44,31,62,28,14,18,45,53,43,61,47,49,35,41,37
661417932681094672885572316439030778668	cd=331	45,18,52,11,12,51,21,42,4,8,15,60,30,33,9,36,54,27,47,61,32,1,2,16,3,48,17,34,7,56,53,43,40,5,24,6,57,39,55,59,23,58,22,26,41,37,28,14,13,44,46,29,19,50,35,49,31,62,10,20,25,38
record	m=30146560	18,45,52,11,51,12,21,42,4,8,60,15,33,30,9,36,54,27,61,47,32,1,2,16,3,48,17,34,7,56,53,43,40,5,24,6,39,57,55,59,23,58,26,22,41,37,28,14,13,44,46,29,19,50,35,49,31,62,20,10,25,38
737585508683991664329300012312135328565	cd=375	17,34,29,46,56,7,18,45,23,58,38,25,10,20,16,2,1,32,14,28,44,13,43,53,62,31,12,51,60,15,9,36,50,19,11,52,55,59,61,47,26,22,3,48,49,35,27,54,4,8,41,37,6,24,5,40,39,57,30,33,21,42
record	m=8257536	17,34,29,46,7,56,18,45,23,58,25,38,20,10,2,16,32,1,28,14,13,44,53,43,31,62,51,12,60,15,9,36,50,19,52,11,55,59,61,47,26,22,3,48,49,35,54,27,8,4,41,37,6,24,40,5,57,39,33,30,21,42
343612804388644913005286665523539786033	cd=347	29,46,31,62,48,3,18,45,34,17,52,11,25,38,51,12,20,10,1,32,9,36,40,5,58,23,43,53,61,47,57,39,2,16,8,4,37,41,26,22,27,54,28,14,19,50,56,7,15,60,49,35,59,55,44,13,30,33,24,6,42,21
record	m=2867200	29,46,31,62,48,3,18,45,17,34,52,11,25,38,51,12,20,10,32,1,9,36,40,5,23,58,53,43,61,47,57,39,2,16,4,8,41,37,26,22,27,54,28,14,50,19,56,7,15,60,49,35,55,59,13,44,30,33,24,6,21,42
232922741331646854534324950156916122585	cd=379	49,35,2,16,27,54,17,34,9,36,10,20,28,14,3,48,37,41,29,46,40,5,8,4,42,21,22,26,60,15,23,58,12,51,38,25,62,31,32,1,55,59,30,33,7,56,52,11,47,61,45,18,24,6,19,50,57,39,43,53,44,13
record	m=30277632	35,49,2,16,54,27,17,34,9,36,20,10,28,14,3,48,41,37,29,46,40,5,4,8,21,42,26,22,60,15,23,58,51,12,25,38,31,62,1,32,55,59,33,30,7,56,11,52,47,61,45,18,24,6,50,19,57,39,53,43,13,44
805287589514220337131786948487148872470	cd=379	57,39,13,44,35,49,11,52,17,34,43,53,38,25,24,6,20,10,31,62,23,58,54,27,18,45,9,36,46,29,40,5,32,1,19,50,7,56,16,2,12,51,26,22,41,37,3,48,55,59,8,4,42,21,15,60,14,28,30,33,61,47
record	m=6422528	57,39,13,44,35,49,52,11,17,34,53,43,25,38,6,24,20,10,31,62,23,58,54,27,18,45,9,36,29,46,40,5,32,1,50,19,7,56,2,16,51,12,26,22,41,37,3,48,55,59,8,4,21,42,60,15,28,14,30,33,61,47
1089698451198053289079248792810505006939	cd=371	12,51,39,57,29,46,17,34,16,2,49,35,4,8,36,9,47,61,27,54,7,56,44,13,14,28,18,45,43,53,37,41,52,11,59,55,15,60,48,3,30,33,38,25,42,21,6,24,26,22,10,20,40,5,32,1,23,58,19,50,31,62
record	m=18063360	51,12,57,39,29,46,17,34,2,16,35,49,4,8,9,36,61,47,54,27,7,56,13,44,28,14,18,45,53,43,37,41,52,11,59,55,60,15,3,48,33,30,25,38,42,21,24,6,26,22,10,20,5,40,1,32,58,23,50,19,31,62
406157021216411641389588218425532679394	cd=339	7,56,47,61,59,55,36,9,32,1,20,10,16,2,4,8,35,49,51,12,53,43,27,54,3,48,15,60,50,19,17,34,46,29,6,24,14,28,58,23,13,44,5,40,25,38,37,41,11,52,62,31,42,21,30,33,45,18,39,57,26,22
record	m=1290240	7,56,61,47,55,59,9,36,32,1,20,10,16,2,4,8,35,49,51,12,53,43,54,27,3,48,60,15,19,50,17,34,29,46,24,6,28,14,23,58,44,13,40,5,25,38,41,37,52,11,31,62,21,42,30,33,18,45,57,39,22,26
954176038533427249777148571196680529256	cd=367	50,19,38,25,49,35,42,21,51,12,61,47,13,44,34,17,22,26,46,29,6,24,18,45,31,62,58,23,57,39,37,41,15,60,30,33,27,54,9,36,2,16,1,32,11,52,5,40,3,48,28,14,8,4,56,7,20,10,43,53,59,55
record	m=16515072	50,19,25,38,35,49,21,42,51,12,61,47,13,44,34,17,26,22,29,46,24,6,45,18,31,62,23,58,39,57,41,37,60,15,33,30,54,27,9,36,2,16,32,1,52,11,40,5,48,3,14,28,4,8,7,56,20,10,53,43,59,55
1041614975556650941954804455770387650048	cd=363	58,23,40,5,44,13,21,42,1,32,9,36,33,30,39,57,28,14,34,17,31,62,53,43,46,29,41,37,35,49,27,54,18,45,24,6,22,26,52,11,15,60,59,55,20,10,4,8,56,7,50,19,16,2,12,51,3,48,38,25,47,61
record	m=2293760	23,58,5,40,13,44,21,42,32,1,9,36,33,30,57,39,14,28,17,34,62,31,53,43,29,46,41,37,35,49,54,27,18,45,24,6,26,22,52,11,15,60,55,59,10,20,8,4,7,56,50,19,2,16,51,12,3,48,25,38,61,47
632391027941031262483363423438199382102	cd=343	60,15,6,24,34,17,56,7,18,45,23,58,29,46,40,5,19,50,30,33,48,3,13,44,36,9,25,38,47,61,43,53,35,49,27,54,21,42,51,12,10,20,14,28,26,22,8,4,59,55,11,52,16,2,62,31,57,39,1,32,41,37
record	m=7569408	60,15,24,6,17,34,7,56,18,45,23,58,29,46,40,5,19,50,33,30,3,48,44,13,9,36,38,25,61,47,53,43,49,35,54,27,21,42,51,12,20,10,28,14,26,22,4,8,55,59,11,52,16,2,31,62,57,39,32,1,41,37
767527664591455130573826010289470759362	cd=363	28,14,6,24,45,18,22,26,32,1,48,3,37,41,17,34,7,56,31,62,35,49,16,2,43,53,60,15,51,12,61,47,8,4,46,29,57,39,52,11,42,21,36,9,20,10,59,55,50,19,25,38,58,23,40,5,33,30,54,27,13,44
record	m=4194304	28,14,24,6,45,18,26,22,32,1,3,48,41,37,17,34,7,56,31,62,35,49,2,16,53,43,60,15,12,51,61,47,4,8,29,46,39,57,52,11,42,21,9,36,20,10,59,55,50,19,25,38,23,58,5,40,33,30,54,27,13,44
1035609075847903483792392295952073967343	cd=271	35,49,55,59,34,17,52,11,45,18,7,56,38,25,14,28,46,29,13,44,8,4,32,1,24,6,62,31,22,26,42,21,57,39,15,60,23,58,3,48,40,5,30,33,50,19,27,54,43,53,10,20,36,9,2,16,37,41,51,12,47,61
record	m=82575360	35,49,55,59,17,34,52,11,18,45,7,56,25,38,28,14,29,46,44,13,4,8,32,1,24,6,31,62,26,22,21,42,57,39,60,15,23,58,3,48,40,5,30,33,50,19,27,54,43,53,10,20,9,36,2,16,41,37,51,12,61,47
394465444256094920442581407895166225378	cd=347	6,24,31,62,29,46,5,40,35,49,16,2,14,28,11,52,1,32,45,18,57,39,51,12,21,42,47,61,44,13,30,33,4,8,3,48,60,15,58,23,59,55,17,34,27,54,7,56,19,50,53,43,10,20,25,38,36,9,41,37,26,22
record	m=30818304	24,6,31,62,29,46,40,5,35,49,2,16,28,14,52,11,32,1,18,45,57,39,51,12,21,42,61,47,13,44,33,30,4,8,3,48,60,15,23,58,55,59,17,34,27,54,7,56,19,50,53,43,20,10,25,38,36,9,41,37,22,26
195101119365296586484897976929966811453	cd=243	7,56,33,30,42,21,8,4,59,55,1,32,43,53,12,51,23,58,60,15,20,10,9,36,38,25,5,40,48,3,57,39,31,62,6,24,45,18,14,28,26,22,44,13,37,41,27,54,35,49,61,47,34,17,19,50,2,16,29,46,52,11
record	m=9175040	7,56,33,30,21,42,4,8,55,59,32,1,53,43,51,12,23,58,60,15,20,10,9,36,38,25,40,5,3,48,57,39,31,62,24,6,45,18,28,14,26,22,13,44,41,37,54,27,35,49,47,61,17,34,50,19,2,16,29,46,52,11
1043932480456853309134481633542843865836	cd=387	54,27,58,23,39,57,6,24,41,37,42,21,26,22,48,3,15,60,43,53,44,13,11,52,28,14,40,5,9,36,38,25,51,12,62,31,2,16,10,20,1,32,8,4,34,17,56,7,49,35,55,59,45,18,19,50,30,33,46,29,47,61
record	m=7340032	54,27,23,58,57,39,24,6,37,41,21,42,26,22,3,48,60,15,53,43,13,44,52,11,28,14,40,5,9,36,38,25,51,12,31,62,2,16,10,20,32,1,4,8,17,34,7,56,35,49,55,59,45,18,50,19,30,33,29,46,61,47
872307063821708765258330053915626464460	cd=379	20,10,30,33,5,40,9,36,61,47,28,14,8,4,35,49,54,27,2,16,60,15,41,37,34,17,7,56,53,43,58,23,38,25,55,59,57,39,22,26,12,51,18,45,3,48,6,24,21,42,46,29,44,13,52,11,32,1,62,31,19,50
record	m=13762560	20,10,33,30,40,5,9,36,61,47,28,14,4,8,35,49,54,27,2,16,60,15,41,37,17,34,7,56,53,43,23,58,25,38,55,59,57,39,22,26,51,12,18,45,3,48,24,6,21,42,46,29,44,13,11,52,32,1,62,31,19,50
1064935902886060962999905562223241578836	cd=375	21,42,8,4,37,41,51,12,44,13,26,22,1,32,33,30,47,61,59,55,35,49,2,16,34,17,54,27,7,56,14,28,45,18,25,38,10,20,53,43,46,29,19,50,57,39,23,58,11,52,24,6,9,36,60,15,48,3,40,5,31,62
record	m=8257536	21,42,4,8,41,37,51,12,13,44,26,22,32,1,33,30,61,47,55,59,35,49,2,16,34,17,54,27,7,56,28,14,18,45,25,38,20,10,53,43,29,46,50,19,57,39,23,58,52,11,24,6,9,36,60,15,3,48,40,5,31,62
323511799227051169075090396517790177546	cd=339	33,30,5,40,11,52,57,39,15,60,3,48,29,46,35,49,24,6,45,18,22,26,42,21,54,27,8,4,14,28,58,23,61,47,55,59,34,17,37,41,25,38,36,9,20,10,62,31,7,56,43,53,12,51,2,16,13,44,1,32,50,19
record	m=7340032	33,30,40,5,52,11,57,39,60,15,48,3,29,46,35,49,24,6,45,18,26,22,21,42,54,27,8,4,28,14,23,58,61,47,55,59,17,34,41,37,25,38,36,9,20,10,31,62,56,7,53,43,51,12,2,16,13,44,32,1,19,50
604292236437371867889544699575134344774	cd=367	11,52,32,1,42,21,12,51,31,62,6,24,8,4,45,18,56,7,33,30,34,17,20,10,9,36,57,39,61,47,41,37,19,50,55,59,22,26,48,3,16,2,27,54,29,46,15,60,28,14,13,44,25,38,58,23,40,5,53,43,49,35
record	m=68812800	52,11,32,1,21,42,51,12,31,62,24,6,4,8,18,45,7,56,33,30,17,34,20,10,9,36,57,39,61,47,41,37,50,19,55,59,26,22,3,48,2,16,54,27,29,46,60,15,28,14,13,44,25,38,23,58,5,40,53,43,35,49
540815650761564636784230370052298955926	cd=387	27,54,50,19,7,56,45,18,21,42,44,13,20,10,57,39,24,6,53,43,11,52,30,33,17,34,8,4,46,29,41,37,60,15,23,58,14,28,1,32,2,16,3,48,55,59,38,25,22,26,47,61,49,35,5,40,36,9,12,51,62,31
record	m=29360128	54,27,50,19,7,56,18,45,21,42,13,44,20,10,57,39,24,6,53,43,11,52,33,30,17,34,4,8,29,46,41,37,60,15,23,58,28,14,32,1,2,16,48,3,55,59,25,38,22,26,61,47,35,49,40,5,9,36,12,51,31,62
130920588547140427435768311754186197537	cd=303	45,18,60,15,11,52,5,40,37,41,48,3,32,1,27,54,36,9,49,35,13,44,24,6,28,14,23,58,46,29,17,34,50,19,38,25,22,26,62,31,4,8,42,21,12,51,33,30,39,57,16,2,61,47,59,55,20,10,43,53,56,7
record	m=1900544	18,45,60,15,11,52,40,5,41,37,3,48,32,1,27,54,9,36,35,49,13,44,24,6,28,14,23,58,29,46,34,17,50,19,25,38,26,22,31,62,4,8,21,42,12,51,33,30,57,39,2,16,61,47,55,59,10,20,53,43,7,56
394404031603705446166803577814475180938	cd=363	25,38,58,23,10,20,19,50,49,35,34,17,18,45,62,31,12,51,3,48,5,40,60,15,57,39,1,32,44,13,24,6,53,43,61,47,46,29,14,28,36,9,33,30,59,55,27,54,2,16,52,11,21,42,4,8,56,7,41,37,26,22
record	m=70287360	25,38,23,58,20,10,50,19,35,49,17,34,18,45,31,62,51,12,3,48,40,5,60,15,57,39,32,1,13,44,24,6,53,43,61,47,29,46,28,14,9,36,33,30,55,59,27,54,2,16,52,11,21,42,4,8,56,7,37,41,22,26
681878046635459827238077753183104485603	cd=303	19,50,27,54,35,49,32,1,12,51,56,7,45,18,28,14,31,62,61,47,46,29,9,36,2,16,41,37,26,22,30,33,20,10,17,34,55,59,8,4,42,21,52,11,58,23,24,6,44,13,57,39,53,43,5,40,48,3,15,60,25,38
record	m=55050240	50,19,54,27,35,49,32,1,51,12,7,56,18,45,28,14,31,62,61,47,46,29,9,36,2,16,41,37,26,22,30,33,20,10,17,34,55,59,8,4,21,42,52,11,23,58,24,6,13,44,57,39,53,43,5,40,3,48,60,15,25,38
584062998200091053260309774094668681492	cd=375	16,2,23,58,3,48,5,40,47,61,50,19,44,13,17,34,39,57,46,29,4,8,43,53,41,37,25,38,33,30,20,10,32,1,21,42,36,9,59,55,22,26,15,60,28,14,45,18,27,54,51,12,24,6,31,62,52,11,56,7,49,35
record	m=11624448	2,16,23,58,3,48,40,5,61,47,50,19,44,13,17,34,57,39,29,46,4,8,43,53,41,37,25,38,33,30,20,10,32,1,21,42,9,36,55,59,26,22,60,15,14,28,18,45,54,27,51,12,24,6,31,62,52,11,7,56,35,49
1054188633393345236412269111135969552706	cd=383	42,21,32,1,28,14,22,26,40,5,18,45,23,58,51,12,38,25,19,50,33,30,4,8,44,13,62,31,6,24,41,37,35,49,52,11,34,17,27,54,9,36,2,16,57,39,53,43,48,3,20,10,7,56,60,15,55,59,29,46,47,61
record	m=6422528	21,42,32,1,28,14,26,22,5,40,18,45,23,58,51,12,25,38,50,19,33,30,4,8,13,44,31,62,24,6,37,41,35,49,52,11,17,34,27,54,9,36,2,16,57,39,53,43,48,3,20,10,7,56,60,15,55,59,29,46,47,61
450605501820620968556058005306559697881	cd=371	38,25,13,44,49,35,54,27,7,56,8,4,59,55,28,14,2,16,33,30,36,9,47,61,48,3,41,37,39,57,45,18,50,19,29,46,11,52,42,21,62,31,58,23,17,34,15,60,53,43,32,1,24,6,20,10,40,5,51,12,22,26
record	m=13762560	25,38,13,44,35,49,54,27,7,56,4,8,55,59,28,14,2,16,33,30,9,36,61,47,3,48,41,37,57,39,45,18,50,19,29,46,52,11,21,42,62,31,23,58,34,17,60,15,43,53,32,1,24,6,20,10,40,5,12,51,26,22
391058382663235500201024083550254164618	cd=327	56,7,20,10,53,43,58,23,48,3,49,35,25,38,50,19,14,28,1,32,21,42,6,24,57,39,60,15,8,4,54,27,11,52,44,13,61,47,5,40,36,9,16,2,31,62,12,51,41,37,33,30,55,59,45,18,17,34,46,29,26,22
record	m=13762560	7,56,20,10,53,43,23,58,3,48,35,49,25,38,50,19,28,14,32,1,21,42,24,6,39,57,60,15,4,8,27,54,52,11,44,13,61,47,40,5,9,36,2,16,31,62,51,12,41,37,33,30,55,59,18,45,17,34,46,29,26,22
159480200641410977829887791067811390654	cd=379	40,5,39,57,10,20,23,58,43,53,7,56,27,54,2,16,55,59,37,41,9,36,14,28,35,49,18,45,32,1,52,11,31,62,24,6,42,21,3,48,46,29,12,51,15,60,47,61,38,25,26,22,17,34,50,19,33,30,13,44,4,8
record	m=88080384	40,5,57,39,20,10,23,58,53,43,7,56,54,27,2,16,55,59,41,37,9,36,28,14,49,35,18,45,32,1,11,52,62,31,24,6,21,42,3,48,29,46,51,12,60,15,47,61,25,38,22,26,17,34,50,19,33,30,13,44,4,8
497081757706172967158187842661586966579	cd=379	54,27,56,7,9,36,52,11,44,13,38,25,21,42,22,26,47,61,43,53,59,55,3,48,40,5,31,62,23,58,8,4,32,1,6,24,19,50,30,33,15,60,45,18,10,20,16,2,39,57,51,12,46,29,34,17,37,41,49,35,14,28
record	m=3211264	54,27,7,56,9,36,52,11,13,44,25,38,21,42,26,22,61,47,53,43,55,59,3,48,40,5,31,62,23,58,8,4,32,1,24,6,50,19,33,30,60,15,18,45,20,10,2,16,57,39,51,12,29,46,17,34,41,37,35,49,28,14
225533781067947526196388156531291481555	cd=379	10,20,34,17,53,43,45,18,22,26,46,29,1,32,11,52,38,25,51,12,27,54,15,60,23,58,16,2,3,48,35,49,9,36,62,31,19,50,33,30,21,42,41,37,7,56,47,61,4,8,28,14,40,5,55,59,24,6,57,39,44,13
record	m=3784704	20,10,17,34,53,43,45,18,26,22,29,46,32,1,52,11,25,38,51,12,54,27,60,15,23,58,2,16,3,48,49,35,9,36,62,31,50,19,33,30,21,42,41,37,7,56,61,47,4,8,28,14,40,5,55,59,24,6,57,39,13,44
920821384965730621956794790060893142764	cd=295	14,28,35,49,25,38,2,16,50,19,53,43,34,17,22,26,44,13,29,46,48,3,4,8,20,10,15,60,41,37,9,36,54,27,40,5,6,24,31,62,57,39,23,58,61,47,33,30,45,18,1,32,55,59,51,12,21,42,7,56,11,52
record	m=23592960	28,14,35,49,25,38,2,16,50,19,53,43,17,34,26,22,13,44,29,46,3,48,4,8,20,10,60,15,41,37,36,9,54,27,40,5,6,24,31,62,57,39,23,58,61,47,33,30,18,45,32,1,55,59,51,12,21,42,56,7,11,52
532469814754322884433004798898865010955	cd=347	30,33,2,16,20,10,35,49,45,18,14,28,50,19,55,59,56,7,12,51,21,42,40,5,8,4,38,25,13,44,58,23,46,29,34,17,60,15,43,53,47,61,39,57,9,36,1,32,26,22,27,54,48,3,6,24,11,52,41,37,62,31
record	m=1474560	33,30,2,16,20,10,35,49,18,45,28,14,50,19,55,59,7,56,51,12,21,42,40,5,8,4,25,38,13,44,58,23,29,46,17,34,60,15,43,53,47,61,39,57,9,36,1,32,26,22,27,54,48,3,6,24,52,11,41,37,31,62
556249548985225345187855954708601913639	cd=275	37,41,52,11,12,51,19,50,4,8,3,48,60,15,22,26,56,7,55,59,54,27,36,9,16,2,40,5,47,61,57,39,49,35,31,62,14,28,44,13,23,58,6,24,20,10,29,46,43,53,25,38,42,21,33,30,34,17,45,18,1,32
record	m=24772608	41,37,52,11,12,51,50,19,4,8,3,48,60,15,26,22,7,56,55,59,54,27,36,9,2,16,40,5,61,47,57,39,35,49,31,62,28,14,13,44,58,23,24,6,20,10,29,46,53,43,25,38,21,42,30,33,17,34,18,45,32,1
1029845641003075387123008343019332809514	cd=355	37,41,42,21,26,22,53,43,51,12,11,52,29,46,20,10,9,36,32,1,28,14,18,45,35,49,24,6,50,19,13,44,38,25,16,2,17,34,54,27,55,59,15,60,57,39,33,30,5,40,23,58,31,62,4,8,7,56,48,3,47,61
record	m=2703360	41,37,21,42,26,22,53,43,51,12,52,11,29,46,20,10,9,36,32,1,28,14,18,45,35,49,24,6,50,19,13,44,25,38,2,16,34,17,54,27,55,59,60,15,39,57,33,30,40,5,58,23,62,31,4,8,56,7,3,48,61,47
822301288366311313167251205223322395393	cd=347	25,38,7,56,4,8,24,6,42,21,48,3,51,12,60,15,39,57,13,44,34,17,29,46,54,27,14,28,37,41,22,26,18,45,32,1,59,55,62,31,20,10,23,58,53,43,19,50,61,47,40,5,11,52,33,30,9,36,16,2,35,49
record	m=21233664	25,38,7,56,4,8,24,6,21,42,3,48,51,12,60,15,57,39,13,44,34,17,29,46,54,27,28,14,41,37,26,22,18,45,32,1,55,59,31,62,20,10,23,58,53,43,50,19,61,47,40,5,52,11,30,33,9,36,2,16,49,35
874095978568565940938536754326373891616	cd=371	3,48,28,14,15,60,49,35,44,13,59,55,25,38,4,8,17,34,29,46,61,47,42,21,20,10,57,39,22,26,62,31,7,56,36,9,2,16,37,41,27,54,5,40,12,51,1,32,45,18,24,6,11,52,23,58,43,53,30,33,19,50
record	m=1835008	3,48,28,14,60,15,35,49,13,44,55,59,25,38,4,8,17,34,29,46,47,61,21,42,10,20,57,39,22,26,31,62,7,56,9,36,2,16,41,37,54,27,40,5,51,12,32,1,45,18,24,6,52,11,23,58,43,53,33,30,50,19
110937979910796514913214719162383990554	cd=339	29,46,33,30,61,47,62,31,11,52,18,45,40,5,19,50,55,59,13,44,58,23,36,9,15,60,27,54,32,1,4,8,17,34,14,28,12,51,41,37,2,16,49,35,48,3,22,26,38,25,43,53,57,39,24,6,21,42,10,20,56,7
record	m=2293760	29,46,33,30,61,47,31,62,52,11,18,45,40,5,19,50,55,59,13,44,58,23,9,36,60,15,54,27,1,32,4,8,17,34,14,28,12,51,41,37,2,16,35,49,3,48,26,22,38,25,53,43,57,39,24,6,21,42,10,20,7,56
504623436120285615256155318897575822534	cd=379	43,53,39,57,32,1,34,17,37,41,8,4,6,24,59,55,25,38,45,18,46,29,12,51,20,10,62,31,26,22,48,3,23,58,44,13,35,49,2,16,40,5,7,56,33,30,42,21,52,11,19,50,60,15,36,9,54,27,61,47,14,28
record	m=8257536	53,43,57,39,32,1,17,34,41,37,4,8,6,24,59,55,25,38,18,45,29,46,51,12,20,10,31,62,26,22,3,48,23,58,44,13,35,49,2,16,40,5,7,56,33,30,21,42,52,11,19,50,60,15,9,36,27,54,61,47,14,28
1086949440318871124555280795188584289733	cd=387	33,30,15,60,3,48,42,21,27,54,22,26,28,14,52,11,59,55,57,39,58,23,51,12,56,7,8,4,35,49,5,40,34,17,43,53,25,38,20,10,47,61,24,6,50,19,16,2,41,37,36,9,44,13,1,32,46,29,18,45,31,62
record	m=10321920	33,30,60,15,48,3,21,42,54,27,26,22,28,14,52,11,55,59,57,39,23,58,51,12,7,56,4,8,35,49,40,5,17,34,53,43,25,38,20,10,47,61,24,6,50,19,2,16,41,37,9,36,13,44,32,1,29,46,18,45,31,62
791950275014557450017405294029488411915	cd=387	49,35,42,21,39,57,6,24,62,31,12,51,33,30,16,2,59,55,29,46,18,45,8,4,14,28,58,23,22,26,20,10,27,54,36,9,32,1,48,3,43,53,37,41,17,34,15,60,40,5,38,25,44,13,19,50,56,7,52,11,61,47
record	m=55050240	35,49,21,42,57,39,24,6,31,62,51,12,33,30,2,16,55,59,29,46,18,45,4,8,28,14,23,58,26,22,20,10,54,27,9,36,1,32,3,48,53,43,37,41,17,34,60,15,40,5,25,38,44,13,19,50,56,7,11,52,61,47
34152050553979202130201027689648239909	cd=347	12,51,29,46,41,37,59,55,52,11,15,60,54,27,8,4,26,22,36,9,3,48,19,50,24,6,31,62,38,25,10,20,17,34,43,53,7,56,40,5,28,14,49,35,57,39,18,45,42,21,44,13,23,58,33,30,61,47,32,1,16,2
record	m=1892352	51,12,29,46,41,37,55,59,52,11,15,60,54,27,8,4,26,22,36,9,3,48,19,50,24,6,31,62,25,38,20,10,17,34,53,43,7,56,40,5,28,14,49,35,57,39,45,18,21,42,44,13,23,58,30,33,61,47,32,1,2,16
324033646281068570076849377301346968906	cd=355	42,21,18,45,58,23,24,6,36,9,29,46,55,59,27,54,4,8,20,10,17,34,3,48,60,15,40,5,37,41,49,35,57,39,52,11,7,56,2,16,44,13,28,14,62,31,32,1,22,26,12,51,47,61,43,53,38,25,30,33,50,19
record	m=41287680	21,42,18,45,23,58,24,6,9,36,29,46,55,59,54,27,8,4,20,10,17,34,3,48,60,15,40,5,41,37,35,49,57,39,52,11,7,56,16,2,13,44,28,14,31,62,1,32,26,22,51,12,61,47,53,43,25,38,33,30,50,19
149186329031349951293599193579673392051	cd=343	41,37,22,26,19,50,62,31,17,34,44,13,7,56,43,53,58,23,47,61,52,11,40,5,2,16,9,36,14,28,12,51,35,49,39,57,29,46,32,1,55,59,10,20,33,30,6,24,27,54,48,3,60,15,18,45,42,21,38,25,4,8
record	m=3784704	41,37,26,22,50,19,31,62,34,17,13,44,7,56,53,43,23,58,61,47,52,11,40,5,2,16,9,36,28,14,12,51,35,49,39,57,29,46,32,1,55,59,10,20,33,30,24,6,54,27,3,48,60,15,18,45,21,42,25,38,4,8
866389075708670730589858439524188922590	cd=307	56,7,41,37,25,38,46,29,52,11,17,34,62,31,45,18,57,39,9,36,58,23,3,48,51,12,1,32,24,6,27,54,35,49,60,15,10,20,53,43,47,61,2,16,5,40,28,14,22,26,59,55,30,33,4,8,44,13,42,21,19,50
record	m=15138816	7,56,41,37,25,38,46,29,52,11,17,34,62,31,18,45,57,39,9,36,23,58,3,48,51,12,32,1,24,6,54,27,35,49,60,15,20,10,53,43,47,61,16,2,40,5,28,14,26,22,55,59,33,30,4,8,13,44,21,42,50,19
202308441585533266051325126618508934045	cd=335	21,42,38,25,50,19,53,43,62,31,51,12,61,47,32,1,49,35,28,14,18,45,44,13,7,56,16,2,24,6,33,30,57,39,36,9,34,17,59,55,5,40,48,3,8,4,41,37,46,29,26,22,20,10,15,60,27,54,23,58,52,11
record	m=27525120	21,42,25,38,50,19,53,43,31,62,51,12,61,47,32,1,35,49,14,28,18,45,13,44,7,56,2,16,24,6,33,30,57,39,9,36,34,17,55,59,40,5,3,48,4,8,41,37,29,46,26,22,10,20,60,15,27,54,23,58,52,11
298477689354366193744698845824436909605	cd=363	52,11,43,53,13,44,28,14,25,38,62,31,46,29,15,60,3,48,22,26,8,4,56,7,10,20,49,35,34,17,50,19,21,42,27,54,32,1,41,37,57,39,6,24,59,55,33,30,9,36,45,18,40,5,51,12,23,58,61,47,2,16
record	m=2228224	52,11,43,53,13,44,28,14,25,38,31,62,29,46,60,15,3,48,26,22,4,8,7,56,20,10,35,49,17,34,19,50,21,42,54,27,1,32,41,37,57,39,24,6,55,59,33,30,9,36,18,45,40,5,12,51,23,58,61,47,2,16
640550699043875143468051415686574969382	cd=347	57,39,6,24,46,29,52,11,49,35,1,32,20,10,44,13,50,19,17,34,33,30,58,23,16,2,5,40,42,21,25,38,51,12,43,53,45,18,14,28,7,56,27,54,36,9,4,8,22,26,61,47,55,59,60,15,62,31,3,48,41,37
record	m=16515072	57,39,24,6,29,46,52,11,35,49,32,1,20,10,13,44,50,19,17,34,33,30,23,58,2,16,40,5,21,42,25,38,51,12,53,43,18,45,28,14,7,56,54,27,9,36,8,4,22,26,61,47,55,59,60,15,62,31,3,48,41,37
436265240777819678634236224710218331287	cd=371	33,30,7,56,34,17,60,15,26,22,51,12,6,24,41,37,32,1,11,52,13,44,10,20,19,50,42,21,8,4,62,31,3,48,54,27,9,36,29,46,55,59,23,58,45,18,16,2,5,40,43,53,61,47,57,39,14,28,35,49,38,25
record	m=4055040	33,30,7,56,17,34,60,15,26,22,51,12,24,6,37,41,32,1,52,11,13,44,20,10,50,19,21,42,4,8,31,62,48,3,54,27,9,36,29,46,55,59,23,58,45,18,2,16,40,5,53,43,61,47,39,57,28,14,49,35,38,25
97222110662108274312417309661287459958	cd=371	28,14,22,26,9,36,51,12,6,24,2,16,47,61,29,46,11,52,41,37,49,35,27,54,43,53,20,10,1,32,57,39,18,45,31,62,55,59,19,50,21,42,15,60,23,58,38,25,3,48,30,33,5,40,44,13,17,34,7,56,8,4
record	m=16515072	28,14,26,22,36,9,51,12,24,6,2,16,61,47,29,46,52,11,41,37,35,49,54,27,53,43,20,10,32,1,57,39,18,45,31,62,55,59,50,19,21,42,60,15,58,23,25,38,3,48,33,30,40,5,13,44,34,17,7,56,4,8
411296491651359200442340660647491431170	cd=387	51,12,62,31,41,37,26,22,17,34,1,32,49,35,6,24,10,20,50,19,13,44,58,23,29,46,27,54,7,56,8,4,9,36,52,11,14,28,59,55,16,2,15,60,18,45,43,53,47,61,57,39,42,21,30,33,5,40,48,3,38,25
record	m=2752512	51,12,31,62,41,37,26,22,17,34,32,1,35,49,24,6,20,10,50,19,13,44,58,23,29,46,54,27,7,56,4,8,36,9,11,52,28,14,55,59,2,16,60,15,18,45,53,43,61,47,57,39,21,42,30,33,40,5,3,48,25,38
33204979060568330349884496093216624756	cd=247	51,12,54,27,36,9,4,8,56,7,55,59,18,45,10,20,50,19,34,17,11,52,30,33,39,57,46,29,23,58,16,2,6,24,43,53,61,47,60,15,28,14,44,13,35,49,40,5,22,26,25,38,37,41,42,21,48,3,31,62,32,1
record	m=11427840	51,12,54,27,9,36,4,8,7,56,55,59,18,45,20,10,50,19,17,34,52,11,30,33,57,39,46,29,23,58,2,16,6,24,53,43,61,47,60,15,28,14,13,44,35,49,40,5,22,26,25,38,37,41,42,21,3,48,62,31,32,1
133102270740462870198756675856028904823	cd=383	12,51,46,29,15,60,13,44,20,10,41,37,32,1,61,47,3,48,43,53,50,19,42,21,31,62,27,54,26,22,18,45,49,35,2,16,55,59,28,14,25,38,40,5,52,11,23,58,8,4,30,33,34,17,9,36,6,24,39,57,56,7
record	m=917504	51,12,29,46,60,15,44,13,20,10,41,37,32,1,61,47,3,48,53,43,50,19,21,42,31,62,27,54,26,22,18,45,35,49,2,16,55,59,28,14,25,38,40,5,52,11,23,58,8,4,30,33,17,34,36,9,24,6,57,39,7,56
670435959805149289335857277640468718677	cd=375	4,8,60,15,24,6,50,19,55,59,52,11,14,28,37,41,43,53,48,3,18,45,21,42,57,39,44,13,35,49,1,32,12,51,2,16,26,22,10,20,7,56,30,33,23,58,34,17,31,62,47,61,9,36,27,54,29,46,5,40,25,38
record	m=66060288	4,8,60,15,24,6,50,19,55,59,52,11,28,14,41,37,53,43,3,48,18,45,21,42,57,39,13,44,35,49,32,1,51,12,2,16,26,22,10,20,7,56,33,30,23,58,17,34,62,31,61,47,9,36,27,54,29,46,40,5,25,38
513958898832879615849908966406646818278	cd=371	41,37,60,15,22,26,50,19,24,6,4,8,38,25,35,49,56,7,21,42,13,44,34,17,36,9,14,28,55,59,43,53,47,61,46,29,16,2,51,12,27,54,20,10,57,39,3,48,40,5,52,11,30,33,45,18,23,58,32,1,62,31
record	m=9732096	41,37,60,15,26,22,50,19,24,6,4,8,25,38,35,49,7,56,21,42,13,44,34,17,9,36,28,14,55,59,53,43,61,47,46,29,16,2,51,12,54,27,20,10,57,39,3,48,40,5,52,11,30,33,45,18,23,58,32,1,62,31
730371252658553880743685186440892196432	cd=383	54,27,36,9,43,53,47,61,16,2,11,52,35,49,18,45,56,7,31,62,8,4,39,57,48,3,24,6,55,59,40,5,41,37,17,34,14,28,15,60,50,19,23,58,32,1,13,44,12,51,20,10,46,29,30,33,25,38,26,22,21,42
record	m=253440	54,27,9,36,53,43,61,47,16,2,52,11,35,49,18,45,7,56,31,62,4,8,57,39,3,48,24,6,55,59,40,5,41,37,17,34,14,28,60,15,19,50,23,58,32,1,13,44,12,51,20,10,29,46,33,30,25,38,22,26,42,21
1005560004379752173538899543833042341818	cd=347	34,17,51,12,41,37,60,15,6,24,3,48,38,25,2,16,27,54,29,46,36,9,31,62,1,32,43,53,39,57,47,61,22,26,52,11,8,4,19,50,58,23,28,14,20,10,35,49,45,18,33,30,56,7,13,44,5,40,42,21,55,59
record	m=7569408	17,34,51,12,41,37,60,15,24,6,3,48,25,38,2,16,54,27,29,46,9,36,62,31,32,1,53,43,57,39,61,47,26,22,52,11,4,8,50,19,23,58,28,14,20,10,35,49,18,45,33,30,7,56,13,44,5,40,42,21,59,55
966794596830713293093335738781147037289	cd=291	49,35,46,29,54,27,17,34,8,4,19,50,59,55,18,45,38,25,21,42,9,36,57,39,43,53,28,14,30,33,24,6,51,12,37,41,61,47,62,31,22,26,20,10,13,44,1,32,2,16,5,40,52,11,58,23,48,3,60,15,7,56
record	m=5505024	35,49,29,46,54,27,17,34,4,8,50,19,55,59,18,45,25,38,21,42,9,36,57,39,53,43,14,28,30,33,24,6,51,12,41,37,61,47,31,62,26,22,10,20,13,44,1,32,2,16,40,5,52,11,23,58,3,48,15,60,56,7
346541522401945922638962207921120529900	cd=343	41,37,50,19,61,47,44,13,7,56,9,36,58,23,2,16,6,24,48,3,57,39,31,62,40,5,20,10,22,26,4,8,43,53,1,32,14,28,35,49,33,30,29,46,34,17,59,55,27,54,38,25,15,60,12,51,45,18,52,11,42,21
record	m=1376256	41,37,50,19,61,47,13,44,7,56,9,36,23,58,2,16,6,24,3,48,57,39,31,62,40,5,20,10,22,26,4,8,43,53,32,1,28,14,49,35,33,30,29,46,34,17,55,59,54,27,25,38,60,15,12,51,18,45,52,11,42,21
225051147279435939027179254915682199971	cd=279	6,24,18,45,4,8,55,59,32,1,48,3,57,39,47,61,62,31,2,16,5,40,11,52,29,46,35,49,58,23,33,30,53,43,10,20,26,22,12,51,7,56,28,14,34,17,60,15,9,36,41,37,19,50,54,27,42,21,25,38,44,13
record	m=13762560	24,6,18,45,4,8,55,59,32,1,3,48,57,39,61,47,31,62,2,16,40,5,52,11,29,46,35,49,23,58,33,30,53,43,10,20,26,22,51,12,7,56,28,14,34,17,60,15,9,36,41,37,50,19,27,54,21,42,25,38,44,13
338162585670307197784306966625490891086	cd=303	36,9,54,27,40,5,38,25,26,22,60,15,29,46,3,48,10,20,23,58,17,34,44,13,52,11,61,47,37,41,24,6,16,2,35,49,43,53,7,56,45,18,32,1,57,39,14,28,12,51,31,62,30,33,21,42,8,4,55,59,50,19
record	m=2064384	9,36,54,27,40,5,25,38,26,22,60,15,29,46,3,48,20,10,23,58,17,34,44,13,52,11,61,47,41,37,6,24,2,16,49,35,53,43,7,56,18,45,32,1,57,39,14,28,12,51,31,62,30,33,21,42,8,4,59,55,50,19
50090499080306655724371200155419789553	cd=383	60,15,48,3,12,51,7,56,52,11,23,58,41,37,19,50,25,38,13,44,47,61,24,6,30,33,36,9,34,17,4,8,45,18,26,22,54,27,57,39,21,42,59,55,29,46,35,49,1,32,53,43,10,20,14,28,5,40,62,31,16,2
record	m=3670016	60,15,3,48,51,12,7,56,52,11,23,58,41,37,50,19,25,38,13,44,61,47,6,24,33,30,9,36,17,34,4,8,45,18,26,22,54,27,57,39,21,42,59,55,29,46,35,49,32,1,53,43,20,10,28,14,40,5,31,62,2,16
6812021297493902453382555373998312908	cd=375	58,23,40,5,24,6,30,33,16,2,37,41,26,22,27,54,46,29,17,34,35,49,9,36,4,8,11,52,13,44,48,3,53,43,19,50,56,7,38,25,20,10,47,61,15,60,14,28,55,59,18,45,42,21,31,62,57,39,51,12,32,1
record	m=9216000	23,58,40,5,24,6,33,30,2,16,41,37,26,22,54,27,29,46,34,17,35,49,9,36,4,8,52,11,13,44,48,3,53,43,50,19,7,56,25,38,20,10,47,61,15,60,14,28,55,59,18,45,21,42,62,31,57,39,51,12,32,1
658259060467494126455492081902892326360	cd=315	45,18,30,33,52,11,8,4,55,59,7,56,32,1,61,47,57,39,6,24,42,21,27,54,12,51,35,49,22,26,46,29,14,28,9,36,62,31,44,13,60,15,48,3,34,17,53,43,19,50,40,5,23,58,41,37,20,10,2,16,25,38
record	m=974848	18,45,33,30,52,11,4,8,55,59,7,56,32,1,61,47,57,39,6,24,21,42,54,27,12,51,35,49,26,22,29,46,28,14,9,36,62,31,13,44,60,15,3,48,17,34,53,43,50,19,5,40,58,23,37,41,10,20,2,16,38,25
616473451378242554289676569632319843789	cd=379	7,56,55,59,4,8,32,1,25,38,2,16,62,31,12,51,22,26,19,50,40,5,9,36,61,47,39,57,13,44,33,30,43,53,58,23,15,60,21,42,18,45,17,34,46,29,52,11,24,6,54,27,20,10,14,28,49,35,48,3,41,37
record	m=37158912	7,56,55,59,4,8,32,1,25,38,2,16,31,62,51,12,26,22,50,19,5,40,9,36,61,47,57,39,13,44,33,30,53,43,23,58,60,15,21,42,18,45,17,34,46,29,52,11,24,6,54,27,20,10,14,28,49,35,3,48,41,37
312237098288399650886135833291745244241	cd=363	24,6,16,2,39,57,21,42,3,48,52,11,31,62,15,60,9,36,53,43,18,45,56,7,20,10,23,58,22,26,25,38,47,61,8,4,37,41,49,35,46,29,59,55,14,28,17,34,27,54,51,12,1,32,33,30,40,5,44,13,50,19
record	m=430080	24,6,16,2,39,57,21,42,3,48,52,11,31,62,15,60,9,36,53,43,18,45,7,56,20,10,23,58,22,26,25,38,61,47,4,8,41,37,35,49,29,46,55,59,28,14,34,17,27,54,51,12,32,1,33,30,40,5,44,13,50,19
942379355412444309268248892712213439598	cd=375	52,11,34,17,29,46,6,24,60,15,25,38,50,19,28,14,27,54,57,39,61,47,30,33,42,21,36,9,26,22,10,20,13,44,16,2,23,58,51,12,48,3,43,53,5,40,8,4,41,37,45,18,49,35,7,56,31,62,1,32,59,55
record	m=11796480	52,11,17,34,29,46,24,6,60,15,25,38,50,19,28,14,54,27,57,39,61,47,33,30,21,42,9,36,22,26,20,10,13,44,2,16,23,58,51,12,3,48,53,43,40,5,4,8,41,37,45,18,35,49,56,7,31,62,32,1,55,59
356386610361613099510078765763057094009	cd=371	35,49,40,5,32,1,55,59,2,16,52,11,31,62,34,17,48,3,41,37,26,22,61,47,44,13,14,28,60,15,4,8,46,29,23,58,19,50,43,53,45,18,6,24,36,9,7,56,10,20,51,12,38,25,57,39,27,54,33,30,42,21
record	m=22020096	35,49,40,5,32,1,55,59,2,16,52,11,31,62,34,17,3,48,41,37,26,22,61,47,13,44,28,14,60,15,4,8,29,46,23,58,50,19,53,43,18,45,24,6,9,36,7,56,20,10,12,51,25,38,39,57,27,54,30,33,21,42
106860765782719409756643754401892337258	cd=291	52,11,17,34,20,10,26,22,25,38,12,51,5,40,46,29,41,37,6,24,30,33,15,60,58,23,53,43,1,32,3,48,19,50,35,49,57,39,45,18,62,31,28,14,54,27,55,59,4,8,61,47,9,36,16,2,21,42,44,13,56,7
record	m=41287680	52,11,17,34,20,10,26,22,25,38,51,12,40,5,29,46,41,37,6,24,33,30,60,15,23,58,53,43,32,1,3,48,19,50,35,49,39,57,18,45,31,62,28,14,54,27,55,59,4,8,61,47,9,36,2,16,21,42,13,44,56,7
424400599652210128064179100392998362016	cd=311	50,19,59,55,30,33,52,11,41,37,8,4,5,40,26,22,32,1,15,60,13,44,58,23,47,61,2,16,53,43,7,56,57,39,29,46,34,17,18,45,36,9,20,10,54,27,51,12,62,31,6,24,48,3,42,21,49,35,14,28,38,25
record	m=2383872	50,19,55,59,33,30,52,11,41,37,4,8,40,5,22,26,32,1,15,60,13,44,58,23,61,47,2,16,53,43,7,56,57,39,29,46,17,34,18,45,9,36,20,10,54,27,51,12,31,62,24,6,3,48,21,42,49,35,14,28,38,25
444418979981161855648098537396909540557	cd=371	15,60,5,40,42,21,33,30,29,46,28,14,55,59,23,58,8,4,53,43,45,18,20,10,47,61,7,56,52,11,49,35,6,24,48,3,12,51,32,1,16,2,17,34,26,22,27,54,9,36,44,13,41,37,19,50,39,57,31,62,38,25
record	m=1003520	60,15,40,5,21,42,33,30,29,46,28,14,55,59,23,58,8,4,53,43,18,45,20,10,47,61,7,56,52,11,35,49,24,6,3,48,51,12,32,1,2,16,17,34,26,22,27,54,9,36,13,44,41,37,50,19,57,39,31,62,38,25
408131221218709938297739723173284341054	cd=307	36,9,30,33,20,10,54,27,29,46,62,31,39,57,24,6,40,5,55,59,23,58,8,4,53,43,42,21,49,35,44,13,50,19,7,56,34,17,51,12,32,1,47,61,48,3,16,2,37,41,11,52,28,14,18,45,25,38,15,60,26,22
record	m=1990656	9,36,33,30,20,10,54,27,29,46,31,62,57,39,24,6,40,5,55,59,23,58,8,4,53,43,42,21,35,49,13,44,50,19,7,56,17,34,51,12,32,1,61,47,3,48,16,2,41,37,52,11,14,28,18,45,25,38,60,15,26,22
211964835388941667205095548273591943142	cd=291	41,37,43,53,17,34,42,21,20,10,46,29,1,32,45,18,4,8,62,31,38,25,60,15,48,3,30,33,9,36,22,26,2,16,61,47,57,39,23,58,24,6,51,12,11,52,59,55,56,7,35,49,40,5,19,50,27,54,28,14,44,13
record	m=1032192	41,37,43,53,17,34,42,21,20,10,29,46,32,1,18,45,4,8,31,62,25,38,60,15,3,48,33,30,9,36,22,26,2,16,47,61,39,57,23,58,24,6,51,12,52,11,55,59,56,7,35,49,40,5,19,50,27,54,28,14,13,44
369449589157193746847362602916724328285	cd=347	2,16,9,36,34,17,1,32,47,61,46,29,5,40,33,30,19,50,24,6,35,49,39,57,13,44,56,7,12,51,58,23,53,43,60,15,28,14,45,18,27,54,20,10,62,31,41,37,26,22,8,4,48,3,59,55,25,38,11,52,42,21
record	m=21086208	2,16,9,36,17,34,32,1,61,47,29,46,40,5,33,30,50,19,24,6,35,49,39,57,13,44,7,56,51,12,23,58,53,43,60,15,28,14,45,18,54,27,10,20,31,62,41,37,26,22,4,8,3,48,55,59,25,38,52,11,42,21
314489579560437674585776035961818368896	cd=343	52,11,22,26,8,4,7,56,27,54,59,55,38,25,15,60,37,41,40,5,28,14,13,44,35,49,45,18,58,23,51,12,53,43,30,33,9,36,61,47,10,20,3,48,39,57,32,1,24,6,21,42,31,62,29,46,17,34,2,16,50,19
record	m=55050240	52,11,26,22,4,8,7,56,54,27,55,59,25,38,60,15,41,37,40,5,28,14,13,44,35,49,18,45,23,58,51,12,53,43,33,30,9,36,61,47,10,20,3,48,57,39,32,1,24,6,21,42,31,62,46,29,34,17,16,2,50,19
298662792397274014052747212967324613404	cd=355	41,37,26,22,10,20,8,4,40,5,32,1,55,59,50,19,43,53,30,33,60,15,21,42,31,62,58,23,29,46,6,24,45,18,36,9,12,51,34,17,13,44,57,39,47,61,27,54,35,49,38,25,56,7,11,52,28,14,3,48,2,16
record	m=7569408	41,37,26,22,20,10,4,8,40,5,32,1,55,59,50,19,53,43,33,30,60,15,21,42,31,62,23,58,29,46,24,6,18,45,9,36,51,12,17,34,44,13,57,39,61,47,54,27,35,49,25,38,7,56,52,11,28,14,3,48,2,16
908432479603139514962009156877675002569	cd=375	2,16,37,41,13,44,10,20,61,47,59,55,28,14,45,18,43,53,48,3,50,19,49,35,51,12,36,9,42,21,60,15,27,54,23,58,38,25,30,33,46,29,6,24,22,26,56,7,34,17,4,8,5,40,39,57,31,62,1,32,11,52
record	m=7340032	2,16,41,37,13,44,20,10,47,61,55,59,28,14,18,45,53,43,3,48,19,50,35,49,51,12,9,36,21,42,60,15,54,27,23,58,25,38,33,30,29,46,24,6,26,22,56,7,17,34,4,8,5,40,39,57,31,62,1,32,11,52
337549217066584453583422954716945505389	cd=375	42,21,5,40,16,2,22,26,47,61,31,62,4,8,15,60,37,41,59,55,28,14,49,35,3,48,33,30,52,11,44,13,53,43,27,54,45,18,38,25,20,10,12,51,56,7,36,9,17,34,1,32,58,23,24,6,29,46,39,57,50,19
record	m=27525120	21,42,40,5,2,16,26,22,61,47,31,62,4,8,60,15,41,37,55,59,28,14,49,35,3,48,33,30,52,11,13,44,53,43,54,27,18,45,25,38,20,10,51,12,7,56,9,36,17,34,1,32,58,23,24,6,46,29,57,39,50,19
17245347528436470490849531215638658205	cd=375	41,37,22,26,17,34,55,59,23,58,29,46,13,44,39,57,33,30,12,51,45,18,8,4,7,56,11,52,14,28,16,2,54,27,50,19,3,48,15,60,9,36,5,40,10,20,61,47,6,24,21,42,43,53,62,31,25,38,49,35,32,1
record	m=7028736	41,37,26,22,17,34,55,59,23,58,29,46,13,44,57,39,33,30,51,12,18,45,4,8,7,56,52,11,28,14,2,16,54,27,50,19,3,48,60,15,9,36,40,5,20,10,47,61,24,6,21,42,43,53,31,62,25,38,49,35,32,1
696149692188263913576755305333439696268	cd=351	52,11,51,12,31,62,36,9,13,44,56,7,30,33,55,59,32,1,50,19,28,14,16,2,61,47,40,5,25,38,6,24,60,15,43,53,20,10,57,39,23,58,49,35,46,29,8,4,34,17,3,48,54,27,45,18,21,42,26,22,37,41
record	m=6684672	52,11,51,12,31,62,36,9,13,44,7,56,33,30,55,59,32,1,50,19,28,14,2,16,61,47,40,5,25,38,6,24,60,15,53,43,10,20,57,39,23,58,35,49,29,46,4,8,17,34,3,48,54,27,18,45,21,42,26,22,41,37
724963508652263477892398399566737216851	cd=387	30,33,45,18,36,9,39,57,62,31,20,10,24,6,26,22,2,16,40,5,28,14,25,38,58,23,54,27,41,37,56,7,44,13,50,19,49,35,34,17,8,4,32,1,53,43,29,46,47,61,48,3,15,60,55,59,11,52,51,12,21,42
record	m=12582912	33,30,18,45,9,36,57,39,31,62,20,10,24,6,26,22,2,16,40,5,28,14,25,38,23,58,54,27,41,37,56,7,44,13,19,50,35,49,17,34,4,8,32,1,53,43,29,46,47,61,48,3,60,15,55,59,52,11,51,12,21,42
308907398894529262854508488104764948199	cd=283	2,16,31,62,21,42,61,47,25,38,18,45,11,52,58,23,51,12,36,9,5,40,28,14,34,17,49,35,15,60,27,54,46,29,1,32,6,24,22,26,44,13,7,56,30,33,39,57,37,41,53,43,10,20,48,3,59,55,8,4,50,19
record	m=5308416	2,16,31,62,21,42,61,47,25,38,18,45,52,11,23,58,51,12,9,36,40,5,28,14,34,17,35,49,60,15,54,27,29,46,32,1,24,6,26,22,13,44,56,7,30,33,57,39,41,37,53,43,10,20,48,3,55,59,4,8,50,19
978185616793494917352461459603924526597	cd=375	6,24,45,18,4,8,60,15,11,52,41,37,13,44,26,22,16,2,61,47,59,55,29,46,31,62,39,57,12,51,48,3,50,19,10,20,27,54,35,49,1,32,53,43,38,25,42,21,5,40,9,36,28,14,58,23,17,34,30,33,7,56
record	m=6291456	24,6,18,45,4,8,60,15,11,52,41,37,13,44,26,22,2,16,47,61,55,59,29,46,31,62,57,39,51,12,3,48,19,50,20,10,54,27,35,49,32,1,53,43,25,38,21,42,40,5,9,36,28,14,23,58,17,34,30,33,7,56
92691363842955988585398380941628383862	cd=355	21,42,26,22,48,3,51,12,46,29,14,28,18,45,41,37,23,58,27,54,5,40,34,17,25,38,20,10,30,33,15,60,32,1,62,31,9,36,16,2,24,6,35,49,50,19,43,53,57,39,11,52,59,55,44,13,56,7,61,47,8,4
record	m=983040	21,42,26,22,3,48,51,12,29,46,28,14,18,45,41,37,23,58,54,27,40,5,17,34,38,25,20,10,33,30,60,15,1,32,31,62,36,9,2,16,6,24,49,35,50,19,53,43,57,39,52,11,55,59,13,44,7,56,47,61,4,8
66812295041534934886816573505979664930	cd=311	8,4,56,7,27,54,53,43,31,62,1,32,18,45,44,13,60,15,3,48,9,36,21,42,38,25,55,59,33,30,12,51,20,10,41,37,52,11,26,22,29,46,28,14,40,5,6,24,57,39,17,34,19,50,23,58,35,49,47,61,16,2
record	m=1757184	4,8,7,56,54,27,53,43,31,62,32,1,18,45,13,44,15,60,3,48,9,36,21,42,25,38,55,59,33,30,51,12,20,10,41,37,52,11,26,22,29,46,28,14,40,5,6,24,57,39,34,17,50,19,58,23,35,49,61,47,2,16
189685263542557590006568189787906417092	cd=359	30,33,12,51,20,10,47,61,21,42,44,13,39,57,16,2,6,24,15,60,59,55,46,29,34,17,32,1,45,18,5,40,43,53,58,23,38,25,28,14,8,4,54,27,50,19,48,3,35,49,9,36,7,56,62,31,22,26,41,37,52,11
record	m=8601600	33,30,51,12,20,10,47,61,21,42,13,44,57,39,2,16,24,6,60,15,55,59,29,46,17,34,32,1,18,45,40,5,53,43,23,58,25,38,28,14,4,8,27,54,19,50,3,48,35,49,9,36,7,56,31,62,26,22,37,41,11,52
569344480256598132844395659345033504347	cd=347	7,56,28,14,10,20,43,53,46,29,45,18,11,52,24,6,23,58,25,38,4,8,30,33,49,35,17,34,44,13,42,21,3,48,5,40,59,55,62,31,57,39,54,27,12,51,15,60,50,19,9,36,47,61,16,2,26,22,37,41,1,32
record	m=2523136	7,56,28,14,20,10,53,43,29,46,18,45,52,11,24,6,23,58,25,38,4,8,30,33,35,49,17,34,44,13,21,42,3,48,40,5,55,59,31,62,57,39,27,54,12,51,60,15,19,50,36,9,61,47,2,16,26,22,37,41,32,1
119376140391246553575715528049505759923	cd=387	26,22,14,28,47,61,1,32,31,62,21,42,27,54,19,50,53,43,37,41,49,35,59,55,20,10,4,8,36,9,57,39,3,48,29,46,2,16,5,40,15,60,52,11,13,44,6,24,33,30,45,18,23,58,51,12,38,25,17,34,56,7
record	m=1032192	26,22,28,14,61,47,32,1,62,31,21,42,54,27,50,19,53,43,37,41,35,49,55,59,10,20,8,4,9,36,57,39,3,48,29,46,2,16,40,5,60,15,11,52,13,44,24,6,30,33,45,18,23,58,12,51,25,38,34,17,7,56
455819479871843971071803369655785304510	cd=303	12,51,52,11,45,18,36,9,47,61,25,38,44,13,4,8,29,46,34,17,33,30,50,19,28,14,2,16,5,40,59,55,54,27,15,60,32,1,31,62,43,53,58,23,48,3,42,21,56,7,49,35,57,39,24,6,37,41,10,20,22,26
record	m=4257792	51,12,52,11,18,45,9,36,61,47,25,38,13,44,4,8,29,46,17,34,33,30,50,19,28,14,2,16,40,5,55,59,54,27,60,15,1,32,62,31,53,43,23,58,48,3,21,42,56,7,35,49,57,39,6,24,41,37,20,10,26,22
152032344185091751825774682592937497352	cd=379	54,27,36,9,32,1,53,43,6,24,52,11,38,25,20,10,12,51,48,3,5,40,58,23,60,15,47,61,49,35,18,45,59,55,42,21,19,50,62,31,44,13,22,26,34,17,37,41,39,57,16,2,14,28,29,46,7,56,33,30,4,8
record	m=31850496	54,27,9,36,32,1,53,43,24,6,52,11,25,38,20,10,51,12,3,48,40,5,58,23,60,15,61,47,35,49,18,45,55,59,21,42,50,19,31,62,44,13,26,22,17,34,41,37,57,39,2,16,28,14,46,29,7,56,33,30,4,8
123610691794824835043596420138650624609	cd=351	12,51,34,17,52,11,62,31,55,59,8,4,45,18,33,30,46,29,41,37,48,3,16,2,13,44,38,25,60,15,35,49,14,28,5,40,61,47,36,9,19,50,58,23,53,43,6,24,27,54,57,39,22,26,32,1,10,20,21,42,56,7
record	m=4194304	51,12,17,34,52,11,31,62,55,59,4,8,18,45,33,30,29,46,41,37,3,48,2,16,13,44,25,38,60,15,35,49,28,14,40,5,61,47,9,36,50,19,23,58,43,53,24,6,54,27,57,39,22,26,32,1,20,10,42,21,7,56
966635180103117821763259856936429416020	cd=355	52,11,24,6,5,40,36,9,42,21,16,2,61,47,25,38,45,18,57,39,23,58,53,43,54,27,22,26,32,1,37,41,35,49,29,46,59,55,33,30,17,34,50,19,15,60,8,4,12,51,10,20,13,44,62,31,3,48,28,14,7,56
record	m=4128768	52,11,24,6,40,5,9,36,21,42,2,16,47,61,25,38,18,45,57,39,23,58,53,43,54,27,26,22,32,1,41,37,35,49,29,46,55,59,33,30,17,34,19,50,60,15,4,8,12,51,20,10,13,44,31,62,48,3,14,28,56,7
762602817893180588521135644869717680399	cd=331	22,26,37,41,17,34,8,4,55,59,21,42,9,36,60,15,11,52,25,38,31,62,10,20,56,7,45,18,32,1,40,5,54,27,28,14,39,57,58,23,29,46,6,24,48,3,35,49,16,2,43,53,51,12,30,33,47,61,50,19,13,44
record	m=4055040	26,22,41,37,17,34,4,8,59,55,21,42,9,36,60,15,11,52,25,38,31,62,20,10,7,56,18,45,32,1,40,5,54,27,28,14,39,57,23,58,46,29,24,6,3,48,49,35,2,16,53,43,51,12,30,33,61,47,50,19,13,44
1036894827751824538230652672042350924218	cd=379	15,60,27,54,21,42,7,56,10,20,36,9,3,48,16,2,31,62,6,24,4,8,55,59,23,58,40,5,37,41,12,51,26,22,46,29,17,34,43,53,35,49,38,25,1,32,50,19,57,39,44,13,52,11,30,33,18,45,28,14,47,61
record	m=45957120	60,15,54,27,21,42,7,56,20,10,9,36,3,48,2,16,31,62,24,6,4,8,55,59,23,58,40,5,41,37,51,12,26,22,29,46,34,17,53,43,35,49,25,38,32,1,50,19,57,39,13,44,52,11,33,30,18,45,28,14,61,47
424502446069661053180612834943765279288	cd=235	43,53,15,60,6,24,57,39,10,20,44,13,11,52,48,3,21,42,41,37,4,8,7,56,50,19,26,22,58,23,59,55,27,54,9,36,33,30,47,61,46,29,49,35,17,34,32,1,2,16,5,40,62,31,51,12,18,45,14,28,38,25
record	m=3096576	53,43,60,15,24,6,57,39,20,10,13,44,52,11,3,48,21,42,41,37,4,8,7,56,50,19,26,22,23,58,55,59,54,27,9,36,33,30,61,47,29,46,35,49,34,17,32,1,2,16,40,5,31,62,51,12,18,45,28,14,25,38
97300200014836959026679459393554039045	cd=327	11,52,1,32,2,16,25,38,10,20,57,39,44,13,27,54,50,19,53,43,15,60,47,61,9,36,3,48,30,33,55,59,26,22,37,41,24,6,31,62,35,49,34,17,23,58,5,40,46,29,28,14,45,18,51,12,21,42,7,56,8,4
record	m=19464192	52,11,32,1,2,16,25,38,20,10,57,39,13,44,54,27,50,19,53,43,60,15,61,47,9,36,3,48,33,30,55,59,26,22,41,37,6,24,31,62,35,49,17,34,23,58,40,5,29,46,14,28,18,45,51,12,21,42,56,7,4,8
166053008325830197330284312226115476046	cd=327	58,23,11,52,31,62,26,22,53,43,38,25,18,45,47,61,24,6,2,16,57,39,36,9,27,54,34,17,12,51,56,7,32,1,10,20,46,29,41,37,35,49,40,5,14,28,19,50,13,44,42,21,3,48,33,30,15,60,59,55,4,8
record	m=5046272	23,58,52,11,31,62,26,22,53,43,25,38,18,45,61,47,6,24,16,2,39,57,9,36,54,27,17,34,51,12,7,56,32,1,20,10,29,46,41,37,35,49,40,5,28,14,50,19,13,44,21,42,3,48,30,33,60,15,55,59,4,8
100807934229801663573248242530958065212	cd=339	6,24,46,29,34,17,56,7,51,12,32,1,20,10,30,33,53,43,11,52,44,13,19,50,40,5,28,14,47,61,54,27,9,36,16,2,23,58,39,57,18,45,21,42,38,25,55,59,48,3,26,22,49,35,37,41,60,15,31,62,8,4
record	m=22020096	24,6,29,46,17,34,7,56,51,12,32,1,20,10,33,30,53,43,11,52,13,44,50,19,5,40,28,14,47,61,54,27,9,36,2,16,23,58,57,39,45,18,21,42,38,25,59,55,3,48,26,22,35,49,41,37,60,15,31,62,4,8
344470061815633121207320501072617501956	cd=383	28,14,30,33,34,17,46,29,59,55,18,45,27,54,49,35,31,62,36,9,5,40,38,25,53,43,2,16,57,39,20,10,15,60,4,8,26,22,50,19,47,61,37,41,58,23,51,12,1,32,48,3,24,6,13,44,11,52,56,7,42,21
record	m=4587520	28,14,30,33,17,34,29,46,55,59,18,45,54,27,35,49,31,62,36,9,40,5,25,38,53,43,2,16,57,39,20,10,60,15,4,8,26,22,50,19,61,47,41,37,23,58,51,12,32,1,3,48,24,6,13,44,52,11,56,7,42,21
62781924060595383144004260892392213661	cd=375	19,50,20,10,13,44,9,36,43,53,35,49,56,7,33,30,61,47,5,40,54,27,26,22,41,37,52,11,34,17,28,14,1,32,3,48,51,12,6,24,58,23,57,39,45,18,31,62,8,4,38,25,15,60,29,46,42,21,59,55,16,2
record	m=8388608	50,19,20,10,13,44,9,36,53,43,35,49,7,56,33,30,61,47,40,5,54,27,22,26,37,41,52,11,17,34,14,28,32,1,48,3,51,12,24,6,23,58,57,39,18,45,31,62,4,8,25,38,60,15,29,46,42,21,55,59,2,16
858170563233206232081998979462664609328	cd=371	21,42,25,38,16,2,61,47,3,48,37,41,11,52,39,57,62,31,29,46,22,26,23,58,24,6,36,9,35,49,28,14,32,1,17,34,12,51,18,45,15,60,13,44,59,55,20,10,4,8,56,7,54,27,30,33,43,53,40,5,19,50
record	m=5447680	21,42,25,38,2,16,61,47,3,48,41,37,52,11,57,39,31,62,29,46,26,22,23,58,24,6,9,36,35,49,14,28,32,1,17,34,51,12,18,45,60,15,44,13,55,59,10,20,8,4,7,56,54,27,30,33,53,43,5,40,50,19
133444557648154106659690650607022587687	cd=351	21,42,51,12,15,60,43,53,30,33,16,2,22,26,37,41,39,57,3,48,28,14,19,50,32,1,52,11,13,44,40,5,20,10,47,61,24,6,62,31,35,49,54,27,29,46,8,4,9,36,34,17,55,59,38,25,45,18,23,58,56,7
record	m=4866048	21,42,51,12,60,15,53,43,33,30,2,16,26,22,41,37,57,39,3,48,28,14,50,19,32,1,52,11,13,44,40,5,20,10,47,61,24,6,31,62,35,49,54,27,29,46,4,8,36,9,17,34,55,59,38,25,18,45,23,58,56,7
337221059702836834826449363975182239824	cd=359	38,25,33,30,42,21,31,62,27,54,35,49,4,8,55,59,51,12,7,56,14,28,9,36,20,10,22,26,13,44,53,43,3,48,40,5,37,41,52,11,47,61,17,34,16,2,32,1,24,6,15,60,29,46,23,58,45,18,39,57,50,19
record	m=13762560	25,38,33,30,21,42,31,62,54,27,35,49,4,8,55,59,51,12,7,56,28,14,9,36,20,10,22,26,13,44,53,43,3,48,40,5,41,37,52,11,61,47,34,17,2,16,32,1,24,6,60,15,29,46,58,23,45,18,57,39,50,19
182210907664650838856118746547738319362	cd=359	1,32,8,4,7,56,51,12,60,15,10,20,45,18,31,62,48,3,34,17,37,41,55,59,53,43,13,44,28,14,50,19,21,42,27,54,30,33,23,58,25,38,61,47,46,29,36,9,16,2,49,35,5,40,26,22,39,57,6,24,52,11
record	m=16515072	32,1,4,8,7,56,51,12,60,15,20,10,18,45,31,62,48,3,17,34,41,37,55,59,53,43,13,44,28,14,50,19,21,42,54,27,33,30,23,58,25,38,61,47,46,29,36,9,2,16,35,49,40,5,22,26,57,39,24,6,52,11
1013847013488303680364577796948934174537	cd=379	7,56,41,37,20,10,25,38,53,43,32,1,26,22,50,19,34,17,6,24,39,57,58,23,12,51,11,52,21,42,13,44,8,4,33,30,62,31,54,27,61,47,2,16,28,14,46,29,60,15,18,45,48,3,49,35,40,5,9,36,55,59
record	m=6422528	7,56,41,37,20,10,25,38,53,43,32,1,26,22,50,19,17,34,24,6,57,39,23,58,51,12,52,11,21,42,13,44,4,8,33,30,31,62,27,54,61,47,2,16,28,14,29,46,60,15,18,45,3,48,35,49,40,5,9,36,55,59
853782833071261405433020059781755837609	cd=315	48,3,50,19,11,52,44,13,60,15,17,34,1,32,10,20,45,18,62,31,61,47,29,46,22,26,25,38,21,42,58,23,9,36,57,39,27,54,2,16,51,12,30,33,43,53,41,37,40,5,28,14,56,7,6,24,4,8,55,59,35,49
record	m=516096	3,48,19,50,52,11,13,44,15,60,17,34,1,32,20,10,18,45,31,62,61,47,29,46,26,22,25,38,21,42,58,23,9,36,57,39,54,27,2,16,51,12,33,30,53,43,37,41,5,40,28,14,7,56,24,6,8,4,59,55,35,49
1063999528114815410723493066313772650292	cd=319	36,9,41,37,55,59,54,27,2,16,7,56,22,26,40,5,8,4,33,30,47,61,50,19,1,32,42,21,25,38,60,15,14,28,18,45,23,58,35,49,44,13,43,53,20,10,57,39,24,6,12,51,11,52,17,34,46,29,48,3,31,62
record	m=16515072	9,36,41,37,55,59,54,27,2,16,7,56,26,22,5,40,8,4,33,30,61,47,50,19,32,1,21,42,25,38,60,15,14,28,45,18,23,58,35,49,13,44,53,43,20,10,57,39,6,24,12,51,52,11,17,34,46,29,3,48,62,31
268291681567945910664959362384815612304	cd=387	11,52,23,58,42,21,62,31,19,50,33,30,20,10,35,49,22,26,47,61,25,38,15,60,41,37,16,2,13,44,5,40,1,32,48,3,18,45,53,43,7,56,12,51,39,57,54,27,9,36,6,24,4,8,29,46,17,34,59,55,28,14
record	m=5767168	52,11,23,58,42,21,31,62,50,19,33,30,20,10,35,49,26,22,61,47,25,38,60,15,41,37,2,16,13,44,40,5,32,1,48,3,18,45,53,43,7,56,51,12,57,39,54,27,9,36,6,24,4,8,29,46,17,34,55,59,28,14
178644659605779332799705406274729080479	cd=347	51,12,53,43,20,10,38,25,26,22,46,29,30,33,23,58,18,45,8,4,54,27,34,17,7,56,42,21,5,40,36,9,37,41,48,3,31,62,44,13,57,39,14,28,15,60,61,47,49,35,59,55,32,1,2,16,6,24,50,19,52,11
record	m=3670016	51,12,53,43,20,10,25,38,26,22,29,46,33,30,23,58,18,45,4,8,27,54,17,34,7,56,21,42,40,5,9,36,41,37,3,48,62,31,13,44,57,39,14,28,60,15,61,47,35,49,55,59,32,1,2,16,6,24,50,19,11,52
525540956120394507800291358248850751057	cd=367	33,30,54,27,11,52,21,42,16,2,36,9,61,47,4,8,15,60,55,59,44,13,35,49,3,48,51,12,32,1,41,37,20,10,18,45,17,34,29,46,40,5,38,25,57,39,22,26,43,53,58,23,50,19,56,7,14,28,6,24,62,31
record	m=688128	33,30,54,27,11,52,21,42,2,16,9,36,61,47,4,8,60,15,55,59,13,44,35,49,3,48,51,12,32,1,41,37,20,10,18,45,17,34,29,46,40,5,25,38,39,57,26,22,53,43,23,58,19,50,7,56,14,28,6,24,31,62
596512937183907895725259080767175256963	cd=375	52,11,55,59,4,8,30,33,7,56,58,23,6,24,5,40,43,53,18,45,46,29,61,47,31,62,27,54,39,57,60,15,19,50,22,26,12,51,2,16,34,17,37,41,3,48,1,32,9,36,10,20,25,38,21,42,13,44,14,28,49,35
record	m=10321920	52,11,55,59,4,8,33,30,7,56,58,23,24,6,40,5,53,43,18,45,29,46,61,47,31,62,54,27,57,39,60,15,19,50,26,22,51,12,2,16,34,17,41,37,3,48,1,32,9,36,20,10,25,38,21,42,44,13,28,14,35,49
892992058949318959855743607351379411461	cd=387	17,34,20,10,56,7,26,22,41,37,49,35,46,29,60,15,47,61,19,50,44,13,33,30,54,27,8,4,53,43,1,32,36,9,28,14,55,59,39,57,62,31,18,45,38,25,21,42,16,2,23,58,3,48,51,12,5,40,24,6,11,52
record	m=11010048	17,34,20,10,7,56,26,22,41,37,35,49,29,46,60,15,61,47,50,19,13,44,33,30,54,27,8,4,53,43,32,1,9,36,28,14,55,59,57,39,31,62,18,45,25,38,21,42,2,16,23,58,3,48,51,12,40,5,24,6,52,11
261060056758566773640078547915290860909	cd=375	4,8,13,44,43,53,1,32,25,38,45,18,10,20,34,17,50,19,52,11,40,5,39,57,35,49,24,6,46,29,23,58,55,59,41,37,2,16,26,22,3,48,30,33,60,15,47,61,12,51,56,7,31,62,36,9,54,27,21,42,28,14
record	m=13762560	4,8,13,44,53,43,32,1,25,38,18,45,20,10,17,34,50,19,52,11,40,5,57,39,49,35,6,24,29,46,23,58,55,59,41,37,2,16,26,22,3,48,33,30,60,15,61,47,51,12,7,56,31,62,36,9,54,27,21,42,14,28
1062756392411384048462137428167051584953	cd=375	13,44,19,50,36,9,18,45,5,40,30,33,10,20,54,27,21,42,2,16,57,39,23,58,8,4,11,52,46,29,56,7,22,26,24,6,28,14,61,47,41,37,60,15,3,48,25,38,12,51,49,35,59,55,43,53,34,17,32,1,31,62
record	m=2752512	13,44,50,19,9,36,18,45,40,5,33,30,20,10,54,27,21,42,2,16,57,39,23,58,8,4,52,11,29,46,7,56,22,26,24,6,28,14,61,47,41,37,60,15,48,3,25,38,12,51,35,49,55,59,53,43,17,34,1,32,62,31
520687074965201694646499287743045398773	cd=379	27,54,4,8,58,23,21,42,38,25,11,52,34,17,2,16,30,33,19,50,55,59,28,14,40,5,13,44,61,47,49,35,10,20,43,53,18,45,36,9,48,3,6,24,22,26,29,46,57,39,32,1,7,56,41,37,12,51,60,15,62,31
record	m=4128768	54,27,8,4,23,58,42,21,25,38,52,11,17,34,2,16,33,30,50,19,55,59,28,14,40,5,44,13,61,47,35,49,20,10,53,43,18,45,9,36,3,48,24,6,26,22,29,46,57,39,32,1,7,56,37,41,12,51,60,15,62,31
672022300047751348176706995393305827026	cd=303	34,17,5,40,23,58,30,33,42,21,56,7,39,57,29,46,50,19,14,28,4,8,2,16,55,59,44,13,60,15,22,26,48,3,47,61,20,10,31,62,32,1,37,41,24,6,36,9,35,49,27,54,52,11,18,45,51,12,53,43,25,38
record	m=2293760	17,34,40,5,23,58,33,30,21,42,7,56,57,39,29,46,50,19,28,14,4,8,2,16,55,59,13,44,15,60,26,22,3,48,61,47,10,20,31,62,1,32,41,37,6,24,9,36,35,49,54,27,11,52,45,18,51,12,53,43,25,38
319076570280801523586544306174698502577	cd=287	4,8,59,55,48,3,20,10,15,60,38,25,2,16,34,17,54,27,35,49,26,22,28,14,43,53,29,46,11,52,62,31,61,47,5,40,23,58,42,21,36,9,18,45,1,32,41,37,57,39,12,51,33,30,56,7,13,44,6,24,50,19
record	m=15138816	4,8,55,59,3,48,20,10,60,15,25,38,2,16,34,17,54,27,35,49,26,22,28,14,43,53,29,46,52,11,31,62,61,47,40,5,23,58,42,21,9,36,18,45,32,1,41,37,57,39,12,51,30,33,7,56,13,44,24,6,50,19
362903134429041376480277873919858400880	cd=255	38,25,62,31,50,19,51,12,28,14,13,44,57,39,49,35,7,56,32,1,36,9,24,6,17,34,16,2,30,33,55,59,45,18,54,27,61,47,53,43,29,46,40,5,58,23,4,8,11,52,26,22,48,3,20,10,60,15,37,41,42,21
record	m=3514368	25,38,31,62,50,19,51,12,28,14,13,44,57,39,49,35,7,56,32,1,36,9,24,6,17,34,16,2,33,30,55,59,18,45,54,27,61,47,53,43,29,46,40,5,58,23,4,8,52,11,26,22,3,48,20,10,60,15,41,37,42,21
838754008285920047483147745711914582611	cd=387	7,56,60,15,12,51,26,22,61,47,33,30,42,21,48,3,54,27,46,29,11,52,41,37,20,10,58,23,17,34,59,55,8,4,38,25,45,18,16,2,19,50,39,57,28,14,36,9,53,43,40,5,6,24,44,13,62,31,1,32,35,49
record	m=15138816	7,56,60,15,51,12,26,22,61,47,33,30,21,42,3,48,54,27,29,46,52,11,41,37,20,10,23,58,17,34,55,59,4,8,25,38,45,18,2,16,50,19,57,39,14,28,9,36,53,43,40,5,24,6,13,44,31,62,32,1,35,49
467678126580237780406973930096567069421	cd=335	38,25,1,32,51,12,43,53,57,39,14,28,56,7,35,49,24,6,13,44,58,23,9,36,27,54,15,60,46,29,31,62,19,50,8,4,5,40,52,11,34,17,45,18,55,59,48,3,10,20,2,16,33,30,61,47,41,37,21,42,22,26
record	m=12386304	25,38,32,1,51,12,53,43,57,39,14,28,7,56,35,49,24,6,13,44,58,23,9,36,27,54,60,15,29,46,31,62,50,19,4,8,40,5,52,11,17,34,18,45,55,59,3,48,20,10,2,16,33,30,61,47,41,37,42,21,26,22
812252819046007513700495219475672799954	cd=367	17,34,59,55,50,19,5,40,23,58,38,25,13,44,10,20,22,26,41,37,51,12,3,48,53,43,57,39,4,8,6,24,27,54,16,2,56,7,11,52,14,28,9,36,30,33,60,15,62,31,46,29,1,32,49,35,21,42,18,45,61,47
record	m=2654208	17,34,55,59,50,19,5,40,23,58,25,38,13,44,20,10,26,22,37,41,51,12,3,48,53,43,57,39,4,8,6,24,54,27,2,16,7,56,52,11,28,14,9,36,33,30,60,15,62,31,46,29,1,32,35,49,42,21,18,45,61,47
605729315648719706283289306718447689380	cd=331	3,48,33,30,29,46,40,5,8,4,23,58,47,61,11,52,38,25,22,26,51,12,37,41,34,17,2,16,59,55,13,44,21,42,62,31,39,57,50,19,53,43,20,10,6,24,36,9,1,32,56,7,54,27,14,28,60,15,18,45,49,35
record	m=41287680	3,48,33,30,29,46,40,5,4,8,58,23,61,47,52,11,25,38,26,22,51,12,41,37,17,34,2,16,55,59,13,44,21,42,31,62,57,39,50,19,53,43,20,10,24,6,9,36,1,32,56,7,54,27,28,14,60,15,45,18,35,49
322238078679320882686847322373079589051	cd=387	39,57,48,3,37,41,61,47,23,58,24,6,8,4,34,17,60,15,5,40,52,11,46,29,20,10,7,56,38,25,53,43,32,1,12,51,35,49,28,14,22,26,55,59,13,44,62,31,16,2,18,45,36,9,54,27,21,42,33,30,50,19
record	m=29360128	57,39,3,48,41,37,61,47,23,58,24,6,8,4,17,34,60,15,40,5,52,11,29,46,20,10,7,56,25,38,53,43,32,1,12,51,35,49,28,14,26,22,55,59,13,44,62,31,2,16,18,45,9,36,27,54,21,42,33,30,50,19
665611967554452579525367251662746970487	cd=351	18,45,11,52,2,16,19,50,32,1,42,21,57,39,30,33,44,13,23,58,54,27,12,51,61,47,9,36,40,5,48,3,14,28,35,49,22,26,31,62,20,10,7,56,8,4,24,6,37,41,43,53,59,55,17,34,60,15,46,29,25,38
record	m=5505024	18,45,52,11,2,16,50,19,32,1,21,42,57,39,30,33,13,44,58,23,54,27,12,51,61,47,9,36,40,5,48,3,14,28,35,49,26,22,31,62,20,10,7,56,4,8,24,6,37,41,53,43,55,59,17,34,60,15,29,46,38,25
254671475287225618062426808877864896081	cd=375	17,34,26,22,7,56,36,9,46,29,47,61,11,52,51,12,54,27,8,4,18,45,58,23,25,38,42,21,5,40,2,16,35,49,24,6,62,31,19,50,39,57,10,20,53,43,13,44,41,37,1,32,55,59,60,15,48,3,33,30,28,14
record	m=7340032	17,34,26,22,7,56,9,36,29,46,61,47,52,11,51,12,54,27,8,4,18,45,23,58,25,38,21,42,40,5,2,16,49,35,6,24,31,62,50,19,57,39,20,10,53,43,13,44,41,37,32,1,55,59,60,15,3,48,33,30,28,14
735358341603084476787719632218387863555	cd=307	34,17,27,54,46,29,37,41,55,59,10,20,22,26,52,11,24,6,1,32,43,53,18,45,4,8,48,3,15,60,40,5,35,49,39,57,36,9,23,58,61,47,16,2,38,25,14,28,31,62,19,50,51,12,56,7,13,44,33,30,21,42
record	m=30277632	17,34,54,27,29,46,41,37,55,59,10,20,26,22,52,11,24,6,32,1,53,43,18,45,4,8,3,48,60,15,40,5,35,49,57,39,9,36,23,58,61,47,16,2,25,38,28,14,31,62,50,19,51,12,7,56,13,44,33,30,21,42
611907917666236901608112376311512252316	cd=387	54,27,46,29,56,7,28,14,62,31,9,36,17,34,44,13,21,42,2,16,47,61,30,33,24,6,50,19,25,38,52,11,18,45,1,32,37,41,57,39,53,43,5,40,4,8,15,60,12,51,10,20,55,59,3,48,26,22,23,58,49,35
record	m=12386304	54,27,29,46,7,56,28,14,31,62,36,9,17,34,44,13,21,42,16,2,61,47,30,33,24,6,50,19,38,25,52,11,18,45,32,1,41,37,57,39,53,43,5,40,8,4,60,15,51,12,20,10,59,55,3,48,26,22,23,58,35,49
207506743372054160838213679367813368342	cd=367	35,49,52,11,18,45,12,51,23,58,43,53,28,14,5,40,4,8,60,15,22,26,29,46,3,48,56,7,20,10,16,2,54,27,36,9,19,50,38,25,47,61,1,32,62,31,59,55,21,42,37,41,57,39,33,30,17,34,24,6,44,13
record	m=10321920	35,49,52,11,18,45,51,12,23,58,53,43,14,28,40,5,4,8,60,15,26,22,29,46,3,48,56,7,20,10,16,2,54,27,9,36,50,19,25,38,61,47,32,1,62,31,55,59,42,21,37,41,39,57,33,30,17,34,6,24,13,44
616989674391094832642085579691665710919	cd=279	1,32,3,48,46,29,13,44,34,17,5,40,30,33,60,15,42,21,31,62,50,19,24,6,39,57,45,18,11,52,56,7,36,9,16,2,61,47,59,55,28,14,27,54,43,53,35,49,23,58,10,20,38,25,12,51,26,22,8,4,41,37
record	m=36569088	32,1,3,48,29,46,13,44,34,17,40,5,33,30,60,15,21,42,31,62,50,19,24,6,57,39,18,45,52,11,7,56,9,36,2,16,61,47,55,59,28,14,54,27,53,43,49,35,23,58,10,20,25,38,51,12,26,22,4,8,41,37
622811141745241800646754151143732435734	cd=383	6,24,2,16,47,61,36,9,7,56,8,4,33,30,23,58,57,39,42,21,59,55,15,60,31,62,29,46,11,52,22,26,32,1,17,34,5,40,35,49,19,50,48,3,18,45,27,54,44,13,25,38,20,10,51,12,43,53,28,14,41,37
record	m=18350080	24,6,2,16,47,61,9,36,7,56,4,8,33,30,23,58,57,39,21,42,55,59,60,15,31,62,29,46,52,11,26,22,32,1,34,17,40,5,35,49,50,19,48,3,18,45,54,27,13,44,25,38,20,10,12,51,53,43,14,28,41,37
1092415155704888302128172457562358046704	cd=251	51,12,46,29,28,14,13,44,26,22,19,50,8,4,30,33,59,55,37,41,34,17,35,49,11,52,21,42,9,36,58,23,53,43,38,25,40,5,16,2,20,10,18,45,48,3,15,60,47,61,1,32,24,6,57,39,7,56,27,54,31,62
record	m=20971520	51,12,29,46,28,14,13,44,26,22,50,19,4,8,33,30,55,59,41,37,17,34,35,49,52,11,21,42,9,36,23,58,43,53,25,38,40,5,2,16,10,20,18,45,3,48,60,15,61,47,32,1,24,6,57,39,7,56,54,27,62,31
87006199649165138979325540504319655106	cd=339	40,5,12,51,56,7,44,13,38,25,15,60,20,10,32,1,11,52,53,43,3,48,2,16,47,61,33,30,18,45,49,35,31,62,37,41,58,23,14,28,42,21,24,6,22,26,19,50,46,29,55,59,54,27,34,17,57,39,9,36,8,4
record	m=7569408	40,5,51,12,7,56,13,44,25,38,60,15,20,10,32,1,52,11,43,53,48,3,2,16,47,61,33,30,18,45,35,49,31,62,41,37,23,58,28,14,42,21,24,6,26,22,50,19,29,46,55,59,54,27,17,34,39,57,9,36,8,4
228161391398754414516914457595199326205	cd=307	36,9,54,27,7,56,41,37,11,52,39,57,23,58,38,25,59,55,22,26,12,51,24,6,34,17,15,60,21,42,48,3,4,8,45,18,5,40,47,61,1,32,49,35,16,2,10,20,29,46,50,19,33,30,62,31,14,28,53,43,44,13
record	m=16515072	9,36,27,54,7,56,41,37,52,11,57,39,23,58,25,38,55,59,26,22,12,51,24,6,17,34,60,15,21,42,3,48,4,8,45,18,40,5,61,47,32,1,35,49,2,16,20,10,29,46,50,19,33,30,31,62,28,14,43,53,13,44
525045338397216109847966342950339419649	cd=327	35,49,8,4,38,25,59,55,51,12,22,26,9,36,28,14,3,48,54,27,43,53,44,13,16,2,17,34,15,60,10,20,45,18,52,11,50,19,33,30,46,29,41,37,32,1,42,21,7,56,24,6,57,39,5,40,61,47,58,23,62,31
record	m=2703360	35,49,4,8,25,38,55,59,51,12,26,22,36,9,28,14,3,48,54,27,53,43,13,44,2,16,34,17,60,15,20,10,18,45,52,11,50,19,33,30,29,46,41,37,32,1,21,42,7,56,24,6,57,39,5,40,61,47,23,58,31,62
697062819998537641009949723067448318507	cd=379	32,1,24,6,40,5,14,28,62,31,56,7,35,49,57,39,30,33,36,9,59,55,4,8,34,17,52,11,51,12,60,15,46,29,43,53,13,44,19,50,26,22,38,25,42,21,18,45,10,20,54,27,16,2,48,3,47,61,58,23,37,41
record	m=16515072	32,1,24,6,40,5,28,14,31,62,7,56,35,49,57,39,33,30,9,36,55,59,4,8,17,34,52,11,51,12,60,15,29,46,53,43,13,44,50,19,26,22,25,38,42,21,45,18,20,10,27,54,2,16,3,48,61,47,23,58,41,37
219968844356461301012674575581265722225	cd=347	60,15,51,12,22,26,56,7,27,54,36,9,53,43,45,18,39,57,23,58,42,21,24,6,11,52,46,29,37,41,5,40,10,20,19,50,48,3,32,1,25,38,49,35,28,14,31,62,59,55,34,17,61,47,2,16,4,8,33,30,44,13
record	m=20643840	60,15,51,12,26,22,7,56,54,27,9,36,53,43,18,45,57,39,23,58,42,21,24,6,52,11,29,46,41,37,40,5,10,20,50,19,3,48,1,32,25,38,49,35,28,14,31,62,55,59,17,34,47,61,16,2,4,8,33,30,13,44
40340091016557214068026824009265606611	cd=311	3,48,8,4,40,5,23,58,19,50,46,29,44,13,10,20,32,1,55,59,43,53,36,9,54,27,62,31,37,41,33,30,18,45,17,34,11,52,21,42,25,38,49,35,15,60,39,57,26,22,28,14,7,56,61,47,6,24,51,12,16,2
record	m=1433600	3,48,4,8,40,5,23,58,19,50,46,29,44,13,20,10,32,1,55,59,53,43,9,36,27,54,31,62,41,37,33,30,18,45,17,34,52,11,21,42,25,38,35,49,60,15,57,39,22,26,28,14,7,56,61,47,6,24,51,12,2,16
855770963947874093371799471113486662067	cd=351	7,56,43,53,38,25,59,55,33,30,26,22,21,42,31,62,41,37,54,27,36,9,10,20,8,4,13,44,46,29,48,3,15,60,14,28,18,45,35,49,2,16,23,58,12,51,5,40,61,47,52,11,24,6,34,17,57,39,32,1,19,50
record	m=20643840	7,56,53,43,25,38,55,59,33,30,26,22,21,42,31,62,41,37,54,27,9,36,20,10,4,8,13,44,29,46,3,48,15,60,28,14,18,45,35,49,2,16,23,58,51,12,40,5,61,47,52,11,24,6,17,34,57,39,32,1,19,50
406022037633273705368911792670915033979	cd=287	25,38,48,3,15,60,27,54,56,7,30,33,45,18,1,32,52,11,43,53,62,31,10,20,17,34,40,5,47,61,51,12,2,16,37,41,14,28,35,49,50,19,23,58,9,36,29,46,4,8,42,21,59,55,44,13,24,6,39,57,26,22
record	m=14680064	25,38,3,48,60,15,54,27,7,56,33,30,18,45,32,1,52,11,43,53,31,62,20,10,17,34,40,5,61,47,51,12,2,16,41,37,28,14,49,35,50,19,23,58,9,36,46,29,4,8,42,21,55,59,13,44,24,6,39,57,26,22
662405457431677511595852714168380563048	cd=363	3,48,44,13,20,10,27,54,17,34,9,36,45,18,8,4,23,58,49,35,50,19,28,14,43,53,60,15,59,55,51,12,24,6,40,5,16,2,31,62,39,57,56,7,46,29,52,11,61,47,33,30,21,42,32,1,41,37,26,22,25,38
record	m=8257536	3,48,44,13,20,10,54,27,17,34,9,36,18,45,4,8,58,23,35,49,50,19,28,14,43,53,60,15,55,59,51,12,24,6,40,5,2,16,31,62,57,39,7,56,29,46,52,11,61,47,33,30,21,42,32,1,41,37,26,22,38,25
968545496406075373707226562246106807700	cd=251	42,21,54,27,9,36,55,59,28,14,37,41,49,35,47,61,57,39,32,1,26,22,6,24,31,62,12,51,2,16,34,17,29,46,20,10,30,33,40,5,25,38,58,23,15,60,8,4,11,52,13,44,19,50,43,53,48,3,45,18,7,56
record	m=27525120	21,42,54,27,9,36,55,59,28,14,41,37,35,49,61,47,57,39,32,1,26,22,6,24,31,62,51,12,2,16,17,34,29,46,20,10,33,30,40,5,25,38,23,58,60,15,4,8,11,52,44,13,19,50,53,43,3,48,18,45,7,56
900738865948886630911113805174371237285	cd=339	58,23,45,18,4,8,59,55,29,46,54,27,24,6,47,61,30,33,34,17,28,14,56,7,36,9,13,44,49,35,2,16,31,62,57,39,19,50,22,26,12,51,48,3,5,40,25,38,15,60,32,1,37,41,53,43,20,10,42,21,11,52
record	m=6881280	23,58,18,45,4,8,55,59,29,46,54,27,24,6,47,61,33,30,17,34,14,28,7,56,9,36,13,44,35,49,2,16,31,62,57,39,50,19,26,22,51,12,3,48,40,5,25,38,60,15,1,32,41,37,53,43,10,20,21,42,11,52
26128521678587106412069230612978512010	cd=303	52,11,33,30,10,20,37,41,26,22,53,43,57,39,13,44,47,61,38,25,16,2,40,5,58,23,34,17,54,27,51,12,9,36,18,45,59,55,3,48,4,8,56,7,49,35,15,60,28,14,24,6,42,21,29,46,31,62,19,50,32,1
record	m=4866048	52,11,33,30,20,10,41,37,26,22,53,43,57,39,13,44,61,47,25,38,2,16,40,5,23,58,17,34,54,27,51,12,9,36,18,45,55,59,3,48,4,8,7,56,35,49,60,15,28,14,24,6,21,42,46,29,31,62,19,50,1,32
700582327644387173785180685293776238676	cd=339	21,42,45,18,4,8,44,13,5,40,6,24,59,55,51,12,57,39,27,54,36,9,35,49,22,26,32,1,11,52,33,30,19,50,38,25,58,23,15,60,14,28,48,3,47,61,16,2,7,56,46,29,17,34,43,53,10,20,62,31,37,41
record	m=3211264	21,42,18,45,4,8,13,44,40,5,24,6,55,59,51,12,57,39,54,27,9,36,35,49,26,22,32,1,52,11,33,30,50,19,25,38,23,58,60,15,28,14,3,48,61,47,2,16,56,7,29,46,17,34,43,53,20,10,31,62,41,37
185098057760896946732862103588396060921	cd=347	25,38,14,28,26,22,58,23,40,5,44,13,35,49,37,41,3,48,55,59,21,42,1,32,10,20,62,31,53,43,2,16,12,51,18,45,36,9,8,4,46,29,19,50,7,56,47,61,57,39,6,24,27,54,15,60,34,17,33,30,52,11
record	m=24772608	25,38,28,14,26,22,23,58,40,5,13,44,35,49,41,37,3,48,55,59,21,42,32,1,20,10,31,62,53,43,2,16,51,12,18,45,9,36,8,4,29,46,50,19,7,56,61,47,57,39,24,6,54,27,60,15,17,34,30,33,52,11
758362183083604727899283953499442487236	cd=351	18,45,57,39,47,61,1,32,62,31,51,12,25,38,42,21,33,30,60,15,22,26,35,49,56,7,41,37,48,3,59,55,6,24,4,8,43,53,54,27,16,2,11,52,34,17,36,9,58,23,40,5,19,50,28,14,46,29,20,10,13,44
record	m=4571136	18,45,57,39,61,47,32,1,31,62,51,12,25,38,21,42,33,30,60,15,26,22,35,49,7,56,41,37,3,48,55,59,24,6,4,8,43,53,54,27,2,16,52,11,17,34,36,9,23,58,5,40,50,19,28,14,46,29,20,10,13,44
338656797627869433114406056413369523562	cd=315	7,56,41,37,26,22,28,14,29,46,51,12,47,61,9,36,15,60,34,17,23,58,35,49,16,2,43,53,27,54,32,1,57,39,31,62,30,33,6,24,40,5,10,20,8,4,3,48,38,25,44,13,45,18,21,42,11,52,55,59,50,19
record	m=3784704	7,56,41,37,26,22,28,14,29,46,51,12,61,47,9,36,60,15,17,34,23,58,35,49,2,16,53,43,54,27,1,32,57,39,31,62,30,33,24,6,40,5,20,10,4,8,3,48,25,38,44,13,45,18,21,42,11,52,55,59,50,19
1062323371839390511458756270683913664418	cd=371	11,52,20,10,15,60,26,22,55,59,25,38,37,41,3,48,12,51,53,43,24,6,50,19,58,23,14,28,54,27,39,57,46,29,36,9,44,13,16,2,8,4,49,35,45,18,21,42,30,33,5,40,56,7,17,34,1,32,31,62,47,61
record	m=7340032	52,11,10,20,60,15,26,22,55,59,25,38,41,37,3,48,51,12,53,43,24,6,50,19,58,23,28,14,54,27,57,39,29,46,9,36,13,44,2,16,4,8,35,49,18,45,21,42,30,33,40,5,7,56,17,34,1,32,31,62,61,47
386371758113328108461371429852628926169	cd=363	21,42,7,56,16,2,5,40,39,57,12,51,17,34,62,31,52,11,29,46,24,6,10,20,38,25,18,45,15,60,33,30,58,23,1,32,9,36,35,49,14,28,61,47,54,27,59,55,48,3,8,4,44,13,53,43,41,37,50,19,26,22
record	m=27525120	21,42,7,56,2,16,40,5,57,39,51,12,17,34,62,31,52,11,29,46,6,24,20,10,25,38,18,45,60,15,33,30,23,58,32,1,9,36,35,49,14,28,61,47,54,27,55,59,3,48,4,8,13,44,53,43,41,37,50,19,26,22
792456863799732947770819977581282265029	cd=359	17,34,56,7,10,20,33,30,46,29,21,42,8,4,37,41,39,57,27,54,43,53,19,50,22,26,18,45,25,38,60,15,62,31,1,32,6,24,14,28,59,55,44,13,11,52,35,49,5,40,23,58,3,48,36,9,16,2,51,12,61,47
record	m=8257536	17,34,7,56,20,10,33,30,29,46,42,21,4,8,41,37,57,39,54,27,53,43,50,19,26,22,18,45,25,38,60,15,62,31,32,1,24,6,28,14,55,59,13,44,52,11,49,35,40,5,23,58,3,48,9,36,2,16,51,12,61,47
978007990339306061428303857827903962901	cd=319	12,51,37,41,11,52,5,40,47,61,53,43,36,9,58,23,27,54,32,1,24,6,26,22,19,50,44,13,17,34,16,2,62,31,14,28,46,29,49,35,25,38,59,55,8,4,20,10,48,3,39,57,21,42,15,60,45,18,30,33,7,56
record	m=10321920	51,12,41,37,52,11,40,5,61,47,53,43,9,36,23,58,54,27,1,32,24,6,26,22,50,19,13,44,34,17,2,16,31,62,28,14,46,29,49,35,25,38,55,59,4,8,10,20,3,48,57,39,21,42,60,15,18,45,33,30,7,56
433226648173915120868652868745520425941	cd=315	36,9,27,54,2,16,12,51,33,30,29,46,61,47,26,22,37,41,28,14,15,60,17,34,40,5,52,11,55,59,18,45,7,56,10,20,58,23,50,19,53,43,8,4,32,1,62,31,6,24,42,21,39,57,48,3,35,49,13,44,38,25
record	m=19267584	9,36,54,27,2,16,51,12,33,30,29,46,61,47,26,22,41,37,28,14,60,15,17,34,40,5,52,11,55,59,18,45,7,56,20,10,58,23,19,50,53,43,8,4,32,1,31,62,24,6,21,42,57,39,3,48,49,35,13,44,38,25
213848121501808813313508290806040200052	cd=327	9,36,61,47,43,53,20,10,33,30,15,60,16,2,54,27,29,46,7,56,38,25,58,23,45,18,5,40,28,14,42,21,4,8,31,62,12,51,22,26,34,17,49,35,1,32,39,57,48,3,59,55,41,37,11,52,6,24,50,19,44,13
record	m=29360128	9,36,61,47,43,53,20,10,33,30,60,15,2,16,54,27,29,46,7,56,25,38,23,58,18,45,40,5,28,14,21,42,4,8,31,62,51,12,26,22,17,34,35,49,32,1,57,39,48,3,55,59,37,41,52,11,24,6,50,19,44,13
1090929632676821285100543046116092023321	cd=359	49,35,18,45,60,15,17,34,46,29,48,3,8,4,59,55,5,40,26,22,58,23,24,6,36,9,1,32,12,51,20,10,19,50,7,56,43,53,54,27,13,44,41,37,57,39,38,25,14,28,16,2,42,21,30,33,61,47,11,52,31,62
record	m=4866048	35,49,18,45,60,15,17,34,29,46,3,48,4,8,59,55,5,40,26,22,23,58,24,6,9,36,1,32,51,12,20,10,50,19,7,56,53,43,54,27,13,44,41,37,57,39,38,25,28,14,2,16,21,42,33,30,61,47,52,11,62,31
4146066951558239706628293136924911839	cd=387	43,53,21,42,18,45,10,20,26,22,2,16,50,19,44,13,40,5,51,12,29,46,56,7,17,34,11,52,61,47,6,24,48,3,31,62,36,9,28,14,37,41,33,30,27,54,60,15,57,39,59,55,58,23,25,38,49,35,4,8,32,1
record	m=655360	53,43,42,21,18,45,20,10,22,26,2,16,50,19,44,13,40,5,51,12,29,46,7,56,17,34,52,11,61,47,6,24,3,48,62,31,9,36,28,14,41,37,33,30,54,27,15,60,57,39,59,55,58,23,25,38,35,49,4,8,32,1
60983503784648100334782131251004246441	cd=331	12,51,55,59,14,28,37,41,25,38,35,49,23,58,20,10,53,43,26,22,47,61,30,33,9,36,42,21,3,48,60,15,54,27,8,4,17,34,40,5,32,1,24,6,29,46,31,62,19,50,56,7,18,45,44,13,57,39,11,52,16,2
record	m=3440640	12,51,55,59,28,14,41,37,25,38,35,49,23,58,20,10,53,43,26,22,61,47,33,30,9,36,21,42,3,48,60,15,54,27,8,4,17,34,40,5,32,1,24,6,46,29,62,31,19,50,56,7,18,45,13,44,57,39,52,11,2,16
1023045175976269994760079841393108540061	cd=371	18,45,38,25,7,56,27,54,22,26,44,13,28,14,19,50,46,29,30,33,47,61,36,9,17,34,53,43,10,20,49,35,23,58,15,60,4,8,24,6,16,2,51,12,40,5,32,1,62,31,57,39,3,48,41,37,42,21,11,52,55,59
record	m=19464192	18,45,25,38,7,56,54,27,26,22,13,44,28,14,50,19,29,46,33,30,61,47,9,36,17,34,53,43,20,10,35,49,23,58,60,15,4,8,24,6,16,2,51,12,40,5,32,1,31,62,57,39,3,48,41,37,21,42,52,11,59,55
742189958672463214540383618494871757074	cd=383	30,33,11,52,44,13,23,58,24,6,7,56,62,31,59,55,15,60,51,12,28,14,50,19,57,39,40,5,29,46,35,49,47,61,17,34,8,4,41,37,2,16,22,26,43,53,38,25,3,48,20,10,9,36,27,54,32,1,18,45,21,42
record	m=1720320	33,30,52,11,13,44,58,23,24,6,7,56,31,62,55,59,60,15,51,12,28,14,50,19,57,39,40,5,29,46,35,49,61,47,34,17,4,8,41,37,2,16,26,22,53,43,25,38,3,48,20,10,36,9,54,27,1,32,18,45,21,42
1029666028569149657677512892417999909677	cd=335	5,40,49,35,41,37,28,14,26,22,58,23,54,27,51,12,9,36,4,8,29,46,59,55,60,15,53,43,20,10,6,24,52,11,2,16,62,31,50,19,17,34,56,7,30,33,42,21,18,45,1,32,25,38,13,44,57,39,48,3,47,61
record	m=40894464	40,5,35,49,41,37,28,14,26,22,23,58,54,27,51,12,9,36,4,8,29,46,55,59,60,15,53,43,20,10,24,6,52,11,2,16,31,62,19,50,17,34,7,56,33,30,21,42,18,45,32,1,38,25,44,13,57,39,48,3,47,61
364876478542738375341468193614018725152	cd=363	20,10,59,55,14,28,40,5,54,27,1,32,8,4,13,44,49,35,48,3,37,41,36,9,15,60,52,11,58,23,22,26,12,51,25,38,19,50,7,56,62,31,53,43,61,47,2,16,34,17,24,6,57,39,46,29,30,33,18,45,42,21
record	m=5160960	20,10,59,55,28,14,40,5,54,27,1,32,4,8,13,44,35,49,3,48,41,37,9,36,60,15,11,52,23,58,26,22,51,12,25,38,50,19,7,56,31,62,53,43,61,47,2,16,34,17,24,6,57,39,29,46,33,30,18,45,21,42
149224894121510889084251083365362223070	cd=359	18,45,48,3,60,15,12,51,11,52,33,30,10,20,2,16,40,5,43,53,56,7,31,62,35,49,19,50,58,23,39,57,26,22,24,6,42,21,36,9,44,13,46,29,41,37,1,32,61,47,55,59,27,54,17,34,14,28,38,25,4,8
record	m=17203200	18,45,3,48,15,60,51,12,52,11,33,30,20,10,2,16,40,5,53,43,7,56,31,62,35,49,50,19,23,58,57,39,22,26,6,24,21,42,9,36,13,44,29,46,41,37,32,1,61,47,55,59,54,27,17,34,14,28,38,25,4,8
859764583636732983939038081051810112834	cd=347	14,28,47,61,57,39,60,15,6,24,17,34,16,2,20,10,36,9,18,45,35,49,21,42,25,38,43,53,54,27,55,59,30,33,48,3,7,56,51,12,26,22,62,31,41,37,52,11,46,29,1,32,5,40,23,58,44,13,4,8,19,50
record	m=4730880	28,14,61,47,57,39,60,15,24,6,17,34,2,16,10,20,9,36,45,18,35,49,21,42,38,25,53,43,27,54,59,55,30,33,3,48,56,7,51,12,26,22,31,62,41,37,52,11,29,46,32,1,40,5,58,23,13,44,4,8,50,19
952929523147194378698189487994908889031	cd=335	4,8,3,48,30,33,15,60,41,37,26,22,11,52,28,14,47,61,54,27,21,42,46,29,36,9,12,51,17,34,7,56,45,18,38,25,58,23,35,49,62,31,2,16,1,32,20,10,24,6,5,40,53,43,44,13,57,39,19,50,59,55
record	m=109051904	4,8,3,48,33,30,60,15,41,37,26,22,52,11,28,14,61,47,54,27,21,42,46,29,9,36,51,12,17,34,7,56,18,45,25,38,23,58,35,49,31,62,2,16,32,1,20,10,24,6,40,5,53,43,13,44,57,39,50,19,55,59
704000409469536075208265738877222181136	cd=279	60,15,8,4,34,17,59,55,46,29,56,7,45,18,2,16,51,12,57,39,52,11,47,61,21,42,9,36,40,5,20,10,23,58,19,50,53,43,48,3,32,1,13,44,31,62,27,54,6,24,33,30,22,26,35,49,14,28,25,38,37,41
record	m=5406720	60,15,4,8,17,34,55,59,29,46,7,56,45,18,2,16,51,12,57,39,52,11,61,47,21,42,9,36,40,5,20,10,23,58,19,50,53,43,3,48,1,32,44,13,31,62,27,54,6,24,33,30,26,22,35,49,14,28,25,38,37,41
413540888786996819453026448497598338638	cd=339	54,27,23,58,52,11,8,4,37,41,9,36,40,5,47,61,33,30,59,55,46,29,22,26,13,44,48,3,16,2,28,14,10,20,53,43,24,6,57,39,19,50,1,32,12,51,31,62,21,42,49,35,15,60,45,18,34,17,56,7,38,25
record	m=22020096	54,27,23,58,52,11,4,8,41,37,9,36,40,5,61,47,33,30,55,59,29,46,26,22,13,44,48,3,2,16,28,14,10,20,53,43,24,6,57,39,50,19,32,1,51,12,31,62,21,42,35,49,60,15,45,18,17,34,7,56,38,25
441270332145207261613233418227324733168	cd=351	48,3,43,53,10,20,7,56,22,26,28,14,18,45,9,36,1,32,60,15,31,62,49,35,37,41,51,12,47,61,30,33,55,59,17,34,24,6,11,52,50,19,42,21,2,16,4,8,27,54,57,39,40,5,29,46,44,13,23,58,38,25
record	m=10321920	3,48,53,43,20,10,7,56,26,22,28,14,18,45,9,36,32,1,15,60,31,62,35,49,41,37,51,12,61,47,33,30,55,59,17,34,24,6,52,11,50,19,21,42,16,2,4,8,27,54,57,39,40,5,46,29,13,44,58,23,25,38
821749589465439684680615217603116154948	cd=387	48,3,26,22,7,56,4,8,45,18,57,39,59,55,60,15,21,42,46,29,17,34,5,40,23,58,19,50,36,9,10,20,30,33,16,2,27,54,51,12,41,37,53,43,25,38,31,62,6,24,14,28,47,61,11,52,13,44,32,1,35,49
record	m=12976128	3,48,26,22,7,56,4,8,18,45,57,39,55,59,60,15,21,42,46,29,17,34,40,5,58,23,50,19,9,36,20,10,33,30,2,16,54,27,51,12,41,37,43,53,25,38,31,62,24,6,28,14,61,47,52,11,44,13,32,1,35,49
614217085328811250417087821808155282636	cd=347	48,3,22,26,17,34,58,23,40,5,43,53,54,27,59,55,52,11,4,8,29,46,31,62,18,45,32,1,37,41,9,36,57,39,20,10,7,56,38,25,13,44,50,19,15,60,21,42,30,33,6,24,14,28,16,2,12,51,47,61,49,35
record	m=45416448	3,48,26,22,17,34,23,58,40,5,53,43,54,27,55,59,52,11,4,8,29,46,31,62,18,45,32,1,41,37,36,9,57,39,20,10,7,56,25,38,13,44,19,50,60,15,21,42,33,30,24,6,14,28,2,16,51,12,61,47,35,49
70432223811960831884912571277989091392	cd=375	18,45,49,35,48,3,30,33,42,21,51,12,56,7,1,32,53,43,11,52,44,13,60,15,61,47,62,31,19,50,57,39,23,58,20,10,25,38,28,14,26,22,2,16,27,54,9,36,37,41,55,59,29,46,5,40,17,34,24,6,8,4
record	m=16220160	18,45,35,49,3,48,33,30,21,42,51,12,7,56,32,1,53,43,11,52,13,44,60,15,61,47,31,62,50,19,57,39,23,58,20,10,25,38,28,14,26,22,2,16,54,27,36,9,37,41,55,59,29,46,5,40,17,34,24,6,8,4
160208997544356064497065313762005486244	cd=387	19,50,52,11,56,7,9,36,13,44,1,32,25,38,15,60,6,24,49,35,43,53,3,48,58,23,40,5,20,10,27,54,55,59,41,37,31,62,14,28,16,2,12,51,21,42,33,30,39,57,47,61,46,29,22,26,17,34,18,45,4,8
record	m=35143680	50,19,52,11,7,56,9,36,13,44,32,1,25,38,60,15,24,6,35,49,53,43,3,48,23,58,5,40,20,10,54,27,55,59,41,37,31,62,28,14,2,16,51,12,21,42,33,30,57,39,61,47,46,29,26,22,17,34,18,45,4,8
384911789283168060233043163978237347375	cd=343	19,50,51,12,58,23,45,18,11,52,35,49,14,28,21,42,44,13,53,43,56,7,62,31,46,29,55,59,48,3,33,30,4,8,15,60,10,20,6,24,32,1,27,54,36,9,57,39,5,40,37,41,61,47,25,38,16,2,34,17,26,22
record	m=22708224	50,19,51,12,23,58,18,45,52,11,35,49,28,14,21,42,13,44,53,43,7,56,31,62,29,46,55,59,3,48,33,30,4,8,60,15,20,10,24,6,32,1,27,54,9,36,57,39,5,40,41,37,61,47,38,25,16,2,17,34,26,22
817853200839719550141572505921591764590	cd=355	22,26,11,52,46,29,24,6,3,48,9,36,60,15,33,30,14,28,17,34,12,51,35,49,5,40,23,58,16,2,37,41,39,57,32,1,27,54,10,20,50,19,43,53,13,44,4,8,62,31,45,18,7,56,25,38,21,42,59,55,61,47
record	m=5505024	26,22,52,11,29,46,24,6,3,48,9,36,60,15,33,30,28,14,34,17,12,51,35,49,40,5,58,23,2,16,41,37,57,39,32,1,27,54,20,10,50,19,53,43,13,44,4,8,31,62,18,45,7,56,25,38,21,42,59,55,61,47
860879935209828799857438249616271824834	cd=347	25,38,30,33,15,60,61,47,42,21,41,37,26,22,52,11,13,44,35,49,16,2,12,51,56,7,18,45,14,28,48,3,6,24,1,32,54,27,10,20,39,57,31,62,59,55,29,46,5,40,8,4,34,17,53,43,23,58,36,9,19,50
record	m=5406720	25,38,33,30,60,15,47,61,21,42,41,37,26,22,52,11,13,44,35,49,2,16,51,12,7,56,18,45,28,14,3,48,24,6,32,1,27,54,20,10,57,39,31,62,55,59,29,46,5,40,8,4,17,34,53,43,23,58,9,36,50,19
288090533325324570655666686601609267199	cd=375	48,3,41,37,36,9,5,40,50,19,44,13,39,57,60,15,45,18,52,11,32,1,31,62,4,8,6,24,42,21,27,54,49,35,59,55,20,10,58,23,26,22,29,46,34,17,25,38,43,53,51,12,33,30,47,61,7,56,14,28,2,16
record	m=9289728	3,48,41,37,9,36,40,5,19,50,13,44,57,39,60,15,18,45,52,11,32,1,31,62,4,8,24,6,21,42,54,27,35,49,55,59,10,20,23,58,22,26,29,46,34,17,25,38,53,43,51,12,33,30,61,47,7,56,28,14,16,2
150538631717091690007907661102116953959	cd=363	44,13,46,29,15,60,10,20,62,31,6,24,12,51,48,3,39,57,34,17,37,41,21,42,36,9,25,38,32,1,55,59,53,43,26,22,50,19,54,27,61,47,2,16,30,33,23,58,40,5,7,56,11,52,18,45,35,49,14,28,4,8
record	m=2752512	13,44,29,46,60,15,20,10,31,62,24,6,51,12,3,48,57,39,17,34,41,37,21,42,9,36,38,25,32,1,55,59,53,43,26,22,50,19,54,27,61,47,2,16,33,30,23,58,40,5,7,56,52,11,18,45,35,49,14,28,4,8
976337760579917132068526805468208324643	cd=327	21,42,22,26,29,46,11,52,44,13,6,24,36,9,12,51,40,5,19,50,61,47,34,17,41,37,23,58,57,39,55,59,35,49,28,14,32,1,8,4,31,62,53,43,20,10,2,16,54,27,18,45,60,15,25,38,3,48,33,30,7,56
record	m=6815744	21,42,26,22,29,46,52,11,13,44,24,6,9,36,51,12,40,5,19,50,61,47,34,17,41,37,23,58,57,39,55,59,35,49,28,14,32,1,4,8,31,62,53,43,20,10,2,16,54,27,18,45,60,15,25,38,3,48,30,33,7,56
926707768918645594839246216327338152619	cd=363	6,24,50,19,29,46,13,44,33,30,10,20,17,34,27,54,28,14,45,18,21,42,7,56,12,51,36,9,43,53,60,15,1,32,48,3,2,16,41,37,11,52,5,40,58,23,62,31,49,35,57,39,22,26,61,47,38,25,8,4,59,55
record	m=6758400	24,6,50,19,29,46,13,44,33,30,20,10,17,34,54,27,28,14,18,45,21,42,7,56,51,12,9,36,53,43,60,15,1,32,3,48,2,16,41,37,52,11,40,5,23,58,62,31,35,49,57,39,22,26,61,47,25,38,4,8,55,59
476024399682459993831178471018565236348	cd=347	13,44,34,17,9,36,50,19,25,38,6,24,48,3,32,1,29,46,35,49,56,7,28,14,27,54,30,33,10,20,57,39,15,60,18,45,11,52,51,12,16,2,61,47,31,62,4,8,37,41,5,40,53,43,42,21,55,59,23,58,22,26
record	m=215040	13,44,34,17,9,36,50,19,25,38,6,24,3,48,1,32,46,29,49,35,7,56,28,14,54,27,33,30,20,10,57,39,60,15,18,45,52,11,51,12,2,16,47,61,31,62,4,8,41,37,40,5,53,43,42,21,59,55,58,23,26,22
99216544269986005116992749679552791253	cd=355	28,14,25,38,51,12,18,45,60,15,35,49,1,32,43,53,44,13,17,34,3,48,39,57,50,19,6,24,5,40,23,58,56,7,27,54,21,42,26,22,62,31,2,16,10,20,30,33,46,29,11,52,36,9,61,47,41,37,55,59,8,4
record	m=7340032	28,14,25,38,51,12,18,45,60,15,35,49,32,1,53,43,13,44,34,17,3,48,57,39,50,19,24,6,40,5,23,58,56,7,54,27,21,42,22,26,31,62,2,16,10,20,33,30,29,46,52,11,9,36,61,47,41,37,59,55,8,4
232785547604902645687614832038109965310	cd=383	25,38,7,56,58,23,34,17,5,40,28,14,49,35,4,8,15,60,51,12,9,36,6,24,50,19,61,47,59,55,45,18,54,27,11,52,57,39,42,21,48,3,31,62,22,26,32,1,2,16,29,46,41,37,20,10,33,30,43,53,44,13
record	m=7864320	25,38,7,56,58,23,17,34,40,5,28,14,49,35,4,8,60,15,51,12,9,36,24,6,50,19,61,47,55,59,45,18,54,27,11,52,57,39,21,42,3,48,62,31,26,22,32,1,2,16,29,46,41,37,20,10,33,30,53,43,13,44
163380584363448477070201632972946887884	cd=383	54,27,58,23,21,42,62,31,45,18,32,1,29,46,36,9,56,7,53,43,12,51,3,48,52,11,57,39,20,10,15,60,55,59,61,47,35,49,28,14,34,17,22,26,25,38,40,5,41,37,2,16,6,24,33,30,13,44,19,50,4,8
record	m=1572864	54,27,23,58,42,21,31,62,18,45,32,1,29,46,9,36,7,56,53,43,51,12,3,48,52,11,57,39,20,10,15,60,55,59,61,47,35,49,28,14,34,17,26,22,38,25,40,5,41,37,2,16,6,24,30,33,13,44,19,50,4,8
984945857195175876198118495892739178202	cd=339	5,40,32,1,62,31,21,42,18,45,57,39,9,36,35,49,54,27,14,28,38,25,47,61,29,46,8,4,23,58,43,53,33,30,59,55,16,2,17,34,11,52,50,19,26,22,12,51,6,24,48,3,20,10,41,37,15,60,13,44,7,56
record	m=22708224	40,5,32,1,62,31,21,42,18,45,57,39,9,36,35,49,54,27,28,14,25,38,61,47,29,46,4,8,58,23,53,43,33,30,55,59,2,16,17,34,52,11,50,19,26,22,51,12,24,6,3,48,10,20,37,41,60,15,13,44,7,56
3400623754251575552923199982146717764	cd=255	12,51,3,48,38,25,53,43,15,60,20,10,54,27,24,6,19,50,49,35,44,13,30,33,58,23,26,22,61,47,57,39,2,16,41,37,52,11,40,5,14,28,36,9,8,4,18,45,21,42,55,59,31,62,46,29,34,17,56,7,32,1
record	m=38535168	51,12,3,48,25,38,53,43,60,15,20,10,27,54,6,24,50,19,35,49,13,44,33,30,23,58,26,22,61,47,57,39,2,16,41,37,52,11,40,5,28,14,9,36,4,8,18,45,21,42,59,55,31,62,29,46,17,34,7,56,32,1
175639682073792982519325476780413446236	cd=359	12,51,42,21,41,37,46,29,62,31,6,24,53,43,32,1,20,10,39,57,23,58,28,14,15,60,38,25,7,56,34,17,22,26,30,33,45,18,3,48,2,16,8,4,40,5,54,27,36,9,19,50,59,55,49,35,47,61,44,13,52,11
record	m=15728640	51,12,21,42,41,37,29,46,31,62,24,6,53,43,32,1,20,10,57,39,23,58,28,14,60,15,25,38,7,56,17,34,26,22,30,33,18,45,3,48,2,16,4,8,40,5,54,27,36,9,19,50,55,59,35,49,61,47,13,44,11,52
942134104513836635134775536867845024215	cd=343	11,52,58,23,28,14,49,35,3,48,25,38,42,21,13,44,6,24,57,39,19,50,36,9,40,5,47,61,46,29,43,53,51,12,18,45,27,54,20,10,62,31,7,56,37,41,16,2,15,60,17,34,26,22,4,8,30,33,1,32,59,55
record	m=10092544	52,11,23,58,28,14,35,49,3,48,25,38,21,42,13,44,24,6,57,39,50,19,9,36,40,5,61,47,46,29,53,43,51,12,45,18,54,27,20,10,31,62,56,7,37,41,2,16,60,15,17,34,26,22,4,8,30,33,32,1,55,59
33460984174184742420978222219869764459	cd=359	4,8,42,21,6,24,10,20,43,53,57,39,61,47,23,58,38,25,59,55,46,29,48,3,45,18,60,15,26,22,12,51,52,11,44,13,7,56,16,2,9,36,33,30,19,50,41,37,28,14,40,5,17,34,49,35,54,27,31,62,32,1
record	m=77070336	4,8,21,42,24,6,20,10,53,43,57,39,61,47,23,58,25,38,55,59,29,46,3,48,18,45,60,15,26,22,51,12,52,11,13,44,7,56,2,16,9,36,33,30,50,19,41,37,28,14,40,5,17,34,35,49,54,27,62,31,1,32
891566645370908821586531681994736356803	cd=231	27,54,35,49,9,36,1,32,3,48,20,10,43,53,60,15,2,16,62,31,28,14,25,38,6,24,39,57,12,51,45,18,42,21,61,47,23,58,50,19,33,30,40,5,22,26,59,55,46,29,7,56,41,37,34,17,13,44,8,4,11,52
record	m=6193152	54,27,35,49,9,36,32,1,48,3,20,10,53,43,60,15,2,16,31,62,28,14,25,38,6,24,57,39,51,12,18,45,21,42,61,47,23,58,19,50,30,33,40,5,22,26,59,55,29,46,7,56,41,37,17,34,44,13,4,8,11,52
215879841759260139125475108375369524006	cd=383	20,10,53,43,2,16,5,40,58,23,50,19,7,56,34,17,6,24,28,14,54,27,33,30,36,9,35,49,1,32,60,15,62,31,18,45,46,29,48,3,55,59,52,11,47,61,57,39,22,26,12,51,37,41,4,8,25,38,42,21,44,13
record	m=10321920	20,10,53,43,2,16,40,5,23,58,50,19,7,56,17,34,24,6,28,14,54,27,33,30,9,36,35,49,32,1,15,60,31,62,18,45,29,46,3,48,55,59,52,11,61,47,39,57,26,22,51,12,41,37,4,8,25,38,21,42,44,13
1043144363955671584874080513499428247400	cd=323	39,57,41,37,22,26,7,56,25,38,30,33,13,44,42,21,12,51,54,27,15,60,24,6,52,11,34,17,4,8,58,23,59,55,3,48,29,46,9,36,20,10,53,43,35,49,18,45,62,31,5,40,1,32,50,19,2,16,14,28,47,61
record	m=19464192	57,39,41,37,26,22,7,56,25,38,33,30,13,44,21,42,51,12,54,27,60,15,24,6,52,11,17,34,4,8,58,23,55,59,3,48,29,46,9,36,20,10,43,53,35,49,18,45,31,62,40,5,1,32,50,19,2,16,28,14,47,61
240373112842114161170253995359777997006	cd=339	32,1,33,30,36,9,37,41,58,23,27,54,47,61,31,62,11,52,5,40,16,2,20,10,48,3,12,51,43,53,35,49,29,46,22,26,6,24,60,15,19,50,13,44,25,38,21,42,59,55,45,18,39,57,17,34,7,56,8,4,28,14
record	m=1032192	32,1,33,30,9,36,41,37,23,58,54,27,61,47,31,62,52,11,40,5,2,16,10,20,3,48,51,12,53,43,49,35,46,29,26,22,24,6,60,15,19,50,13,44,25,38,21,42,55,59,18,45,57,39,34,17,7,56,8,4,28,14
1055718637935795380989434301790917257580	cd=383	23,58,57,39,3,48,59,55,6,24,22,26,38,25,42,21,53,43,41,37,9,36,5,40,30,33,4,8,44,13,50,19,35,49,60,15,45,18,20,10,31,62,29,46,7,56,11,52,32,1,27,54,28,14,16,2,17,34,12,51,47,61
record	m=2150400	23,58,57,39,3,48,55,59,24,6,26,22,25,38,21,42,43,53,41,37,9,36,40,5,33,30,4,8,13,44,19,50,35,49,60,15,18,45,20,10,31,62,29,46,7,56,52,11,32,1,27,54,28,14,2,16,17,34,12,51,61,47
146931006987754505241623791906526699324	cd=251	24,6,57,39,44,13,33,30,50,19,20,10,46,29,58,23,25,38,3,48,5,40,43,53,1,32,54,27,16,2,35,49,47,61,9,36,14,28,31,62,52,11,15,60,18,45,34,17,37,41,56,7,26,22,12,51,59,55,42,21,4,8
record	m=25952256	24,6,57,39,13,44,33,30,50,19,20,10,29,46,23,58,25,38,3,48,40,5,53,43,32,1,27,54,2,16,35,49,61,47,9,36,28,14,31,62,52,11,15,60,18,45,17,34,41,37,7,56,26,22,12,51,55,59,21,42,4,8
705625364534076413658848075378958731034	cd=371	25,38,51,12,27,54,15,60,57,39,23,58,16,2,6,24,4,8,3,48,55,59,26,22,53,43,10,20,30,33,9,36,50,19,17,34,29,46,35,49,5,40,28,14,1,32,47,61,44,13,56,7,31,62,11,52,45,18,21,42,37,41
record	m=10321920	25,38,51,12,54,27,60,15,57,39,23,58,2,16,24,6,4,8,3,48,55,59,26,22,53,43,20,10,33,30,9,36,50,19,34,17,29,46,35,49,40,5,28,14,32,1,61,47,13,44,56,7,31,62,52,11,18,45,21,42,41,37
862508531243573498419815399543255654364	cd=307	38,25,40,5,30,33,8,4,21,42,51,12,32,1,17,34,52,11,56,7,46,29,39,57,31,62,20,10,6,24,54,27,15,60,48,3,43,53,59,55,47,61,23,58,14,28,35,49,18,45,9,36,37,41,16,2,22,26,44,13,19,50
record	m=77070336	25,38,40,5,33,30,4,8,21,42,51,12,32,1,17,34,52,11,7,56,29,46,57,39,31,62,20,10,24,6,54,27,60,15,3,48,53,43,55,59,61,47,23,58,28,14,35,49,45,18,9,36,37,41,2,16,26,22,13,44,19,50
660344887416169398380495381566882516649	cd=387	15,60,6,24,13,44,42,21,62,31,7,56,27,54,12,51,11,52,32,1,48,3,45,18,5,40,35,49,36,9,57,39,33,30,23,58,22,26,2,16,47,61,53,43,14,28,10,20,55,59,29,46,4,8,37,41,17,34,50,19,25,38
record	m=15237120	60,15,24,6,13,44,21,42,31,62,7,56,54,27,51,12,52,11,32,1,3,48,18,45,40,5,35,49,9,36,57,39,33,30,23,58,26,22,2,16,47,61,43,53,28,14,20,10,59,55,29,46,4,8,41,37,17,34,19,50,38,25
952781342204477860772906413313820733557	cd=383	2,16,23,58,40,5,1,32,45,18,57,39,24,6,37,41,8,4,53,43,60,15,26,22,46,29,48,3,31,62,21,42,30,33,47,61,20,10,35,49,44,13,28,14,52,11,7,56,36,9,17,34,27,54,51,12,38,25,19,50,59,55
record	m=4128768	2,16,23,58,40,5,1,32,18,45,57,39,24,6,37,41,4,8,43,53,60,15,26,22,29,46,3,48,62,31,21,42,33,30,61,47,10,20,49,35,13,44,28,14,52,11,7,56,9,36,17,34,54,27,12,51,25,38,19,50,55,59
242501536301524880462074128259954701916	cd=363	38,25,40,5,57,39,15,60,12,51,45,18,26,22,3,48,21,42,33,30,53,43,11,52,17,34,41,37,9,36,58,23,24,6,47,61,46,29,10,20,44,13,50,19,59,55,7,56,27,54,31,62,49,35,1,32,16,2,4,8,28,14
record	m=3932160	25,38,40,5,57,39,60,15,51,12,45,18,26,22,3,48,21,42,33,30,53,43,11,52,17,34,41,37,9,36,23,58,24,6,47,61,46,29,20,10,13,44,19,50,55,59,7,56,54,27,62,31,35,49,32,1,2,16,4,8,28,14
346158484783768777848899588200682084013	cd=355	25,38,56,7,53,43,32,1,61,47,15,60,31,62,36,9,6,24,54,27,12,51,39,57,26,22,37,41,35,49,3,48,18,45,55,59,29,46,13,44,4,8,28,14,2,16,50,19,58,23,40,5,34,17,52,11,33,30,20,10,42,21
record	m=4587520	25,38,7,56,53,43,32,1,61,47,60,15,31,62,36,9,24,6,54,27,51,12,57,39,22,26,41,37,35,49,3,48,45,18,55,59,29,46,13,44,4,8,28,14,16,2,50,19,58,23,40,5,34,17,52,11,30,33,20,10,42,21
286353032100383177582201040414106821861	cd=371	6,24,52,11,56,7,51,12,44,13,17,34,8,4,35,49,29,46,53,43,19,50,20,10,28,14,18,45,48,3,57,39,27,54,23,58,55,59,47,61,60,15,37,41,25,38,1,32,31,62,42,21,30,33,9,36,40,5,22,26,2,16
record	m=4128768	24,6,52,11,7,56,51,12,13,44,34,17,4,8,35,49,29,46,53,43,50,19,20,10,28,14,18,45,3,48,57,39,54,27,23,58,55,59,61,47,15,60,41,37,25,38,1,32,31,62,21,42,33,30,9,36,40,5,22,26,2,16
121435836509657457709256863430684371887	cd=339	21,42,57,39,55,59,33,30,24,6,51,12,58,23,13,44,14,28,52,11,50,19,29,46,60,15,35,49,18,45,53,43,8,4,3,48,9,36,54,27,2,16,25,38,31,62,1,32,34,17,5,40,47,61,20,10,22,26,41,37,56,7
record	m=1935360	21,42,57,39,55,59,33,30,24,6,51,12,23,58,44,13,28,14,52,11,50,19,29,46,60,15,35,49,18,45,53,43,8,4,3,48,9,36,54,27,2,16,25,38,31,62,32,1,17,34,40,5,61,47,10,20,26,22,41,37,7,56
699922164877394174568857693355165296231	cd=367	54,27,59,55,36,9,32,1,25,38,11,52,18,45,5,40,62,31,23,58,24,6,60,15,3,48,43,53,44,13,61,47,16,2,42,21,57,39,49,35,17,34,22,26,19,50,8,4,30,33,51,12,7,56,14,28,10,20,46,29,37,41
record	m=14192640	54,27,55,59,9,36,32,1,25,38,52,11,18,45,40,5,31,62,23,58,24,6,60,15,3,48,53,43,13,44,61,47,16,2,21,42,57,39,35,49,34,17,26,22,50,19,4,8,33,30,51,12,7,56,14,28,10,20,46,29,41,37
1037622186894116042510668012478280764941	cd=363	51,12,38,25,14,28,8,4,13,44,31,62,19,50,40,5,10,20,30,33,17,34,49,35,18,45,57,39,42,21,6,24,32,1,3,48,46,29,59,55,60,15,53,43,56,7,54,27,58,23,22,26,11,52,37,41,36,9,2,16,47,61
record	m=41287680	51,12,25,38,28,14,4,8,13,44,31,62,50,19,5,40,20,10,33,30,17,34,35,49,18,45,57,39,21,42,24,6,32,1,3,48,29,46,55,59,60,15,43,53,7,56,54,27,23,58,22,26,11,52,37,41,36,9,2,16,47,61
649429722124634821147997089846856580325	cd=379	11,52,51,12,37,41,7,56,21,42,16,2,47,61,60,15,5,40,45,18,8,4,20,10,19,50,39,57,23,58,48,3,17,34,22,26,9,36,53,43,44,13,6,24,49,35,28,14,59,55,62,31,54,27,33,30,29,46,32,1,25,38
record	m=12386304	52,11,51,12,41,37,7,56,21,42,2,16,61,47,60,15,40,5,18,45,4,8,10,20,50,19,57,39,23,58,3,48,17,34,26,22,36,9,43,53,13,44,24,6,35,49,14,28,55,59,31,62,54,27,33,30,29,46,32,1,25,38
225166273503025472597578928871509661019	cd=363	51,12,34,17,2,16,29,46,47,61,36,9,5,40,52,11,35,49,55,59,50,19,8,4,30,33,23,58,20,10,18,45,31,62,22,26,43,53,41,37,3,48,21,42,27,54,14,28,7,56,60,15,6,24,39,57,1,32,25,38,44,13
record	m=9633792	51,12,17,34,2,16,29,46,61,47,9,36,40,5,52,11,35,49,55,59,50,19,4,8,33,30,23,58,20,10,18,45,31,62,26,22,53,43,37,41,3,48,21,42,54,27,28,14,7,56,60,15,24,6,57,39,32,1,38,25,44,13
784361505600075055809664873400959005665	cd=359	5,40,51,12,32,1,49,35,54,27,14,28,62,31,38,25,11,52,4,8,58,23,36,9,37,41,45,18,26,22,60,15,19,50,6,24,10,20,2,16,47,61,42,21,56,7,53,43,34,17,3,48,46,29,33,30,55,59,39,57,13,44
record	m=3670016	40,5,51,12,32,1,35,49,54,27,28,14,31,62,25,38,52,11,4,8,58,23,9,36,41,37,45,18,26,22,60,15,19,50,24,6,20,10,16,2,61,47,21,42,7,56,53,43,34,17,3,48,29,46,30,33,55,59,39,57,13,44
683629747737894097657982303463383507167	cd=283	16,2,26,22,15,60,48,3,35,49,40,5,52,11,58,23,28,14,20,10,30,33,53,43,37,41,36,9,61,47,7,56,44,13,19,50,1,32,45,18,46,29,8,4,59,55,42,21,24,6,34,17,54,27,12,51,57,39,31,62,25,38
record	m=42205184	2,16,26,22,60,15,3,48,35,49,40,5,52,11,23,58,28,14,20,10,33,30,53,43,41,37,9,36,61,47,7,56,13,44,50,19,32,1,18,45,29,46,4,8,55,59,21,42,24,6,34,17,27,54,51,12,57,39,31,62,38,25
976277722795807368283750841436855424305	cd=387	60,15,22,26,9,36,3,48,53,43,47,61,12,51,16,2,21,42,38,25,19,50,27,54,45,18,55,59,29,46,58,23,10,20,17,34,6,24,8,4,28,14,41,37,52,11,40,5,49,35,62,31,32,1,39,57,13,44,33,30,7,56
record	m=32440320	60,15,26,22,36,9,3,48,53,43,61,47,51,12,2,16,21,42,25,38,50,19,27,54,18,45,55,59,29,46,23,58,20,10,17,34,6,24,8,4,28,14,41,37,52,11,40,5,35,49,31,62,1,32,57,39,13,44,33,30,7,56
571161466950162152184266472765071804801	cd=283	57,39,4,8,12,51,33,30,43,53,10,20,37,41,59,55,7,56,22,26,6,24,34,17,5,40,47,61,16,2,35,49,48,3,9,36,14,28,46,29,60,15,21,42,54,27,50,19,31,62,18,45,38,25,52,11,58,23,13,44,1,32
record	m=3784704	57,39,4,8,12,51,33,30,53,43,20,10,41,37,55,59,7,56,26,22,24,6,17,34,40,5,61,47,2,16,35,49,3,48,9,36,28,14,29,46,60,15,21,42,54,27,19,50,62,31,18,45,25,38,52,11,23,58,44,13,1,32
862729866391775423930924652209325740083	cd=311	54,27,17,34,52,11,42,21,18,45,4,8,49,35,28,14,29,46,26,22,39,57,59,55,7,56,16,2,9,36,47,61,62,31,12,51,23,58,6,24,32,1,15,60,10,20,53,43,33,30,5,40,41,37,25,38,3,48,44,13,19,50
record	m=6881280	54,27,17,34,52,11,21,42,18,45,4,8,35,49,28,14,29,46,26,22,39,57,59,55,7,56,2,16,9,36,61,47,31,62,51,12,23,58,24,6,32,1,15,60,20,10,43,53,33,30,40,5,37,41,25,38,3,48,44,13,50,19
1079234412505135877117857811549031307379	cd=375	41,37,3,48,57,39,30,33,25,38,7,56,53,43,50,19,13,44,1,32,22,26,24,6,18,45,51,12,20,10,16,2,9,36,61,47,8,4,59,55,46,29,27,54,42,21,15,60,5,40,35,49,17,34,58,23,52,11,14,28,31,62
record	m=69206016	41,37,3,48,57,39,33,30,25,38,7,56,53,43,50,19,13,44,32,1,26,22,24,6,18,45,51,12,20,10,2,16,9,36,61,47,4,8,55,59,29,46,54,27,21,42,60,15,40,5,35,49,17,34,23,58,52,11,28,14,31,62
493201843914808026215923039627137185622	cd=387	13,44,21,42,55,59,11,52,5,40,56,7,45,18,4,8,22,26,51,12,23,58,34,17,32,1,35,49,60,15,36,9,46,29,62,31,19,50,39,57,41,37,3,48,24,6,30,33,47,61,38,25,16,2,43,53,10,20,54,27,14,28
record	m=10543104	13,44,21,42,55,59,52,11,40,5,7,56,18,45,4,8,26,22,51,12,23,58,17,34,32,1,35,49,60,15,9,36,29,46,31,62,50,19,57,39,41,37,3,48,24,6,33,30,61,47,38,25,16,2,43,53,10,20,54,27,28,14
1038521464881018867708872749553522684563	cd=363	22,26,15,60,55,59,48,3,5,40,41,37,49,35,4,8,58,23,17,34,39,57,30,33,36,9,32,1,29,46,11,52,19,50,42,21,25,38,18,45,62,31,10,20,27,54,24,6,51,12,14,28,56,7,53,43,13,44,2,16,47,61
record	m=11010048	26,22,60,15,55,59,3,48,40,5,41,37,35,49,4,8,58,23,17,34,57,39,33,30,9,36,32,1,29,46,52,11,50,19,21,42,25,38,18,45,31,62,20,10,27,54,6,24,51,12,28,14,7,56,53,43,13,44,2,16,47,61
420569855771986869998860730726846935089	cd=383	14,28,4,8,60,15,58,23,5,40,62,31,27,54,56,7,22,26,12,51,3,48,35,49,32,1,53,43,30,33,45,18,36,9,39,57,37,41,11,52,6,24,61,47,16,2,21,42,10,20,17,34,44,13,55,59,29,46,50,19,38,25
record	m=2838528	28,14,4,8,60,15,23,58,40,5,31,62,54,27,7,56,26,22,51,12,3,48,35,49,32,1,53,43,33,30,18,45,9,36,57,39,41,37,11,52,24,6,47,61,2,16,42,21,20,10,17,34,44,13,55,59,29,46,50,19,38,25
900803146130236832660430865328498823216	cd=375	38,25,41,37,47,61,48,3,46,29,60,15,7,56,35,49,40,5,32,1,8,4,59,55,62,31,28,14,34,17,54,27,22,26,51,12,16,2,6,24,13,44,20,10,39,57,43,53,9,36,33,30,50,19,58,23,45,18,42,21,11,52
record	m=5505024	25,38,41,37,61,47,3,48,29,46,60,15,7,56,35,49,40,5,32,1,4,8,55,59,31,62,28,14,34,17,54,27,26,22,51,12,2,16,6,24,13,44,20,10,57,39,53,43,9,36,33,30,50,19,58,23,45,18,21,42,52,11
251157329972085937072821864410370909495	cd=351	7,56,54,27,33,30,45,18,42,21,17,34,57,39,52,11,40,5,55,59,49,35,23,58,46,29,24,6,8,4,61,47,9,36,44,13,2,16,32,1,50,19,48,3,37,41,25,38,51,12,10,20,43,53,15,60,31,62,26,22,28,14
record	m=16515072	7,56,54,27,33,30,18,45,21,42,34,17,57,39,52,11,40,5,55,59,35,49,23,58,29,46,24,6,4,8,61,47,9,36,13,44,2,16,32,1,50,19,48,3,41,37,25,38,51,12,20,10,53,43,15,60,31,62,26,22,28,14
340778839314229467235503140471609910520	cd=343	34,17,11,52,49,35,45,18,36,9,30,33,38,25,26,22,37,41,39,57,24,6,44,13,56,7,20,10,54,27,28,14,47,61,48,3,2,16,50,19,5,40,58,23,60,15,62,31,43,53,29,46,4,8,55,59,51,12,32,1,42,21
record	m=5677056	17,34,52,11,35,49,18,45,9,36,33,30,25,38,26,22,41,37,57,39,6,24,13,44,7,56,20,10,54,27,28,14,61,47,3,48,2,16,50,19,5,40,58,23,60,15,31,62,53,43,29,46,4,8,59,55,51,12,32,1,21,42
718366606577268439649029504222287708447	cd=343	60,15,55,59,34,17,7,56,50,19,35,49,4,8,14,28,30,33,57,39,12,51,6,24,62,31,46,29,52,11,3,48,26,22,5,40,25,38,23,58,10,20,44,13,37,41,16,2,61,47,53,43,54,27,9,36,18,45,32,1,21,42
record	m=7864320	60,15,55,59,17,34,7,56,50,19,35,49,4,8,28,14,30,33,57,39,51,12,24,6,31,62,29,46,52,11,3,48,26,22,5,40,25,38,23,58,20,10,13,44,41,37,2,16,61,47,53,43,54,27,36,9,18,45,32,1,21,42
200940152620057626478750086042111845737	cd=319	25,38,51,12,33,30,13,44,28,14,19,50,10,20,32,1,53,43,45,18,55,59,56,7,21,42,49,35,46,29,27,54,4,8,61,47,16,2,26,22,23,58,31,62,60,15,5,40,6,24,41,37,34,17,48,3,36,9,39,57,52,11
record	m=12386304	25,38,51,12,33,30,13,44,28,14,50,19,20,10,32,1,53,43,18,45,55,59,7,56,21,42,35,49,29,46,54,27,8,4,61,47,16,2,26,22,23,58,31,62,60,15,40,5,6,24,41,37,17,34,3,48,36,9,57,39,52,11
217628382498563875415866425986016391829	cd=387	4,8,6,24,20,10,33,30,11,52,35,49,3,48,21,42,28,14,46,29,56,7,55,59,18,45,54,27,43,53,17,34,47,61,9,36,41,37,16,2,39,57,51,12,15,60,50,19,1,32,5,40,23,58,31,62,22,26,38,25,44,13
record	m=2580480	4,8,24,6,20,10,33,30,52,11,35,49,3,48,21,42,28,14,29,46,7,56,55,59,18,45,54,27,53,43,17,34,47,61,9,36,41,37,2,16,57,39,51,12,60,15,19,50,32,1,40,5,58,23,62,31,26,22,38,25,13,44
281504063421071455067537123376700713815	cd=375	1,32,46,29,62,31,52,11,38,25,51,12,21,42,3,48,9,36,47,61,59,55,7,56,33,30,60,15,10,20,54,27,58,23,43,53,18,45,49,35,40,5,4,8,14,28,50,19,6,24,44,13,41,37,26,22,39,57,34,17,2,16
record	m=20643840	32,1,29,46,31,62,52,11,25,38,51,12,21,42,3,48,9,36,61,47,55,59,7,56,33,30,60,15,20,10,54,27,23,58,53,43,18,45,35,49,40,5,4,8,28,14,50,19,24,6,13,44,41,37,26,22,39,57,17,34,16,2
1070937344461886990919639478252640951497	cd=383	53,43,45,18,21,42,12,51,61,47,16,2,23,58,50,19,13,44,40,5,36,9,29,46,32,1,10,20,49,35,7,56,33,30,48,3,24,6,39,57,54,27,41,37,25,38,59,55,15,60,22,26,11,52,34,17,8,4,28,14,31,62
record	m=6193152	53,43,18,45,21,42,51,12,61,47,2,16,23,58,50,19,13,44,40,5,9,36,29,46,32,1,20,10,35,49,7,56,33,30,3,48,24,6,57,39,54,27,41,37,38,25,59,55,60,15,26,22,52,11,17,34,4,8,28,14,31,62
231634656835674387793042222480178349889	cd=379	7,56,35,49,3,48,24,6,30,33,53,43,29,46,14,28,45,18,25,38,20,10,31,62,52,11,61,47,55,59,51,12,17,34,1,32,8,4,9,36,5,40,58,23,16,2,39,57,15,60,41,37,26,22,27,54,21,42,19,50,44,13
record	m=6881280	7,56,35,49,3,48,24,6,33,30,53,43,29,46,28,14,18,45,25,38,20,10,31,62,52,11,61,47,55,59,51,12,17,34,32,1,4,8,36,9,40,5,23,58,2,16,57,39,15,60,41,37,26,22,27,54,21,42,50,19,13,44
297934543785236730053810999614583918548	cd=323	41,37,21,42,43,53,31,62,32,1,10,20,6,24,60,15,22,26,56,7,18,45,48,3,51,12,52,11,34,17,30,33,27,54,28,14,47,61,57,39,19,50,13,44,25,38,23,58,9,36,5,40,4,8,35,49,55,59,29,46,2,16
record	m=29360128	41,37,21,42,43,53,31,62,32,1,20,10,24,6,60,15,26,22,7,56,18,45,3,48,51,12,52,11,17,34,33,30,54,27,28,14,61,47,57,39,50,19,44,13,38,25,23,58,9,36,40,5,4,8,35,49,55,59,29,46,2,16
312627746354028469912965240698704572715	cd=383	45,18,59,55,28,14,8,4,53,43,48,3,38,25,41,37,62,31,39,57,17,34,32,1,10,20,49,35,42,21,22,26,12,51,58,23,5,40,52,11,30,33,47,61,54,27,60,15,36,9,29,46,56,7,16,2,6,24,44,13,50,19
record	m=12976128	18,45,55,59,28,14,4,8,43,53,3,48,25,38,41,37,31,62,57,39,17,34,32,1,20,10,35,49,21,42,26,22,51,12,23,58,40,5,52,11,33,30,61,47,54,27,60,15,9,36,46,29,7,56,16,2,6,24,13,44,19,50
542154125786535159418264759633581371849	cd=335	46,29,57,39,27,54,19,50,13,44,24,6,33,30,23,58,52,11,5,40,36,9,28,14,45,18,22,26,10,20,2,16,49,35,41,37,47,61,48,3,32,1,38,25,51,12,60,15,34,17,4,8,21,42,59,55,56,7,43,53,62,31
record	m=18350080	29,46,57,39,54,27,50,19,44,13,24,6,33,30,23,58,52,11,40,5,9,36,28,14,45,18,26,22,20,10,16,2,35,49,41,37,61,47,3,48,1,32,25,38,51,12,60,15,17,34,4,8,21,42,55,59,56,7,53,43,31,62
708530026333717942889610351845212927569	cd=307	13,44,19,50,6,24,33,30,58,23,39,57,62,31,60,15,51,12,43,53,1,32,10,20,38,25,40,5,29,46,26,22,2,16,48,3,21,42,18,45,27,54,7,56,14,28,36,9,34,17,49,35,59,55,52,11,8,4,61,47,37,41
record	m=88080384	13,44,19,50,24,6,33,30,23,58,57,39,31,62,60,15,51,12,53,43,32,1,20,10,25,38,40,5,29,46,26,22,2,16,3,48,21,42,18,45,54,27,7,56,28,14,9,36,17,34,35,49,55,59,52,11,8,4,61,47,41,37
740573492524906726592643761399330097729	cd=331	25,38,40,5,61,47,12,51,62,31,26,22,11,52,56,7,2,16,18,45,34,17,58,23,29,46,36,9,41,37,3,48,20,10,60,15,55,59,33,30,4,8,44,13,32,1,53,43,6,24,19,50,28,14,49,35,54,27,57,39,21,42
record	m=55050240	25,38,40,5,61,47,51,12,31,62,26,22,52,11,7,56,2,16,18,45,17,34,23,58,29,46,9,36,37,41,3,48,20,10,15,60,55,59,33,30,4,8,13,44,32,1,53,43,24,6,50,19,28,14,49,35,54,27,57,39,21,42
873934752471896518671214868946291132851	cd=347	25,38,35,49,41,37,4,8,6,24,11,52,26,22,59,55,34,17,31,62,7,56,18,45,21,42,43,53,10,20,57,39,46,29,58,23,1,32,61,47,9,36,16,2,15,60,12,51,48,3,27,54,14,28,44,13,5,40,30,33,19,50
record	m=6881280	25,38,35,49,41,37,4,8,24,6,52,11,26,22,55,59,17,34,62,31,7,56,18,45,21,42,43,53,10,20,57,39,29,46,23,58,32,1,61,47,9,36,2,16,60,15,51,12,3,48,54,27,28,14,13,44,5,40,30,33,50,19
714400769076295731861183259856597805686	cd=379	60,15,30,33,45,18,50,19,39,57,17,34,62,31,53,43,10,20,29,46,52,11,5,40,1,32,38,25,4,8,24,6,21,42,14,28,35,49,13,44,54,27,55,59,2,16,36,9,61,47,58,23,48,3,51,12,22,26,7,56,37,41
record	m=6266880	60,15,33,30,45,18,50,19,57,39,17,34,62,31,53,43,20,10,46,29,52,11,40,5,32,1,25,38,4,8,24,6,21,42,14,28,49,35,13,44,54,27,55,59,2,16,9,36,61,47,23,58,48,3,51,12,26,22,7,56,41,37
585088205969030203802244002895641915419	cd=383	44,13,33,30,24,6,20,10,47,61,52,11,57,39,38,25,43,53,12,51,37,41,2,16,23,58,5,40,9,36,28,14,3,48,60,15,54,27,7,56,45,18,17,34,42,21,1,32,59,55,46,29,22,26,19,50,31,62,4,8,49,35
record	m=18350080	13,44,33,30,24,6,20,10,47,61,52,11,57,39,38,25,53,43,51,12,41,37,2,16,23,58,40,5,9,36,28,14,3,48,15,60,54,27,7,56,18,45,17,34,42,21,32,1,55,59,29,46,26,22,50,19,62,31,4,8,35,49
525676860945766130120065437595310787794	cd=335	17,34,56,7,5,40,49,35,52,11,29,46,8,4,26,22,12,51,55,59,33,30,38,25,28,14,13,44,21,42,16,2,43,53,60,15,41,37,61,47,50,19,9,36,27,54,3,48,58,23,18,45,10,20,32,1,57,39,6,24,62,31
record	m=14680064	17,34,7,56,40,5,35,49,52,11,29,46,4,8,26,22,12,51,55,59,33,30,25,38,28,14,13,44,21,42,2,16,53,43,60,15,41,37,61,47,50,19,9,36,54,27,48,3,58,23,18,45,20,10,32,1,57,39,24,6,31,62
810849342994500326056386137717936717616	cd=355	7,56,18,45,25,38,1,32,34,17,10,20,30,33,19,50,13,44,52,11,3,48,29,46,60,15,6,24,51,12,54,27,28,14,5,40,57,39,31,62,55,59,23,58,35,49,26,22,42,21,4,8,41,37,9,36,2,16,53,43,61,47
record	m=13762560	7,56,18,45,25,38,32,1,17,34,20,10,33,30,50,19,44,13,52,11,3,48,29,46,60,15,24,6,12,51,54,27,28,14,40,5,57,39,31,62,55,59,23,58,35,49,26,22,21,42,8,4,37,41,36,9,2,16,53,43,61,47
691319788012963155444670812125010992191	cd=331	11,52,24,6,2,16,47,61,30,33,25,38,18,45,62,31,27,54,7,56,42,21,9,36,20,10,48,3,39,57,58,23,12,51,43,53,29,46,60,15,19,50,17,34,26,22,59,55,13,44,5,40,35,49,8,4,32,1,28,14,37,41
record	m=33030144	52,11,24,6,2,16,47,61,33,30,25,38,18,45,31,62,54,27,7,56,21,42,9,36,20,10,3,48,57,39,23,58,51,12,53,43,29,46,60,15,19,50,17,34,26,22,55,59,13,44,5,40,35,49,4,8,32,1,28,14,41,37
433516965666827949010087260789521557268	cd=275	42,21,49,35,40,5,28,14,32,1,50,19,29,46,30,33,39,57,23,58,62,31,24,6,20,10,4,8,11,52,59,55,17,34,7,56,13,44,41,37,15,60,3,48,2,16,12,51,22,26,47,61,53,43,27,54,36,9,18,45,38,25
record	m=44040192	21,42,35,49,40,5,28,14,32,1,50,19,29,46,33,30,57,39,23,58,31,62,24,6,20,10,4,8,52,11,55,59,17,34,7,56,44,13,41,37,60,15,3,48,16,2,51,12,26,22,61,47,43,53,54,27,36,9,45,18,25,38
44426953800576063981122788542973923909	cd=383	40,5,57,39,52,11,24,6,21,42,49,35,23,58,48,3,51,12,53,43,36,9,7,56,34,17,59,55,31,62,27,54,60,15,25,38,61,47,14,28,10,20,46,29,1,32,18,45,41,37,4,8,50,19,44,13,33,30,26,22,16,2
record	m=8257536	40,5,57,39,52,11,24,6,21,42,35,49,23,58,3,48,51,12,53,43,9,36,7,56,17,34,55,59,31,62,27,54,60,15,25,38,61,47,28,14,20,10,29,46,32,1,18,45,41,37,4,8,50,19,44,13,33,30,26,22,2,16
927308173195388497310724114123776006814	cd=347	25,38,14,28,31,62,10,20,21,42,52,11,32,1,53,43,58,23,27,54,7,56,35,49,41,37,29,46,5,40,16,2,13,44,33,30,19,50,57,39,15,60,36,9,26,22,51,12,34,17,6,24,61,47,45,18,3,48,8,4,59,55
record	m=13762560	25,38,28,14,31,62,20,10,42,21,52,11,32,1,53,43,23,58,54,27,7,56,35,49,41,37,29,46,40,5,2,16,13,44,33,30,50,19,57,39,60,15,9,36,22,26,51,12,17,34,6,24,61,47,45,18,3,48,4,8,55,59
1028933966931361809015299237920350207121	cd=375	25,38,7,56,48,3,17,34,49,35,45,18,28,14,20,10,24,6,54,27,11,52,31,62,53,43,32,1,50,19,22,26,40,5,58,23,9,36,60,15,42,21,13,44,57,39,12,51,29,46,55,59,37,41,8,4,33,30,16,2,47,61
record	m=6881280	25,38,7,56,48,3,17,34,49,35,18,45,28,14,20,10,24,6,54,27,11,52,31,62,53,43,32,1,50,19,26,22,5,40,23,58,9,36,60,15,21,42,13,44,57,39,51,12,29,46,55,59,37,41,4,8,33,30,2,16,61,47
560264573094358358523624486004704611093	cd=351	5,40,23,58,61,47,3,48,27,54,39,57,60,15,2,16,53,43,10,20,49,35,22,26,50,19,17,34,56,7,51,12,9,36,18,45,14,28,46,29,21,42,13,44,30,33,4,8,37,41,59,55,52,11,38,25,62,31,6,24,1,32
record	m=3784704	40,5,23,58,61,47,3,48,54,27,57,39,60,15,2,16,53,43,20,10,35,49,26,22,50,19,17,34,7,56,51,12,9,36,18,45,28,14,29,46,42,21,13,44,33,30,4,8,41,37,59,55,11,52,25,38,31,62,24,6,32,1
297463956150461510429727191654702671383	cd=359	4,8,38,25,37,41,12,51,42,21,22,26,13,44,52,11,56,7,19,50,53,43,61,47,60,15,31,62,40,5,6,24,32,1,36,9,27,54,20,10,23,58,3,48,59,55,45,18,14,28,35,49,39,57,33,30,34,17,29,46,2,16
record	m=6881280	4,8,25,38,41,37,51,12,21,42,26,22,13,44,52,11,7,56,50,19,53,43,61,47,60,15,31,62,40,5,24,6,32,1,36,9,54,27,20,10,23,58,48,3,55,59,18,45,28,14,35,49,39,57,33,30,17,34,46,29,16,2
789589022155858501839850916522730520240	cd=275	6,24,33,30,29,46,11,52,17,34,55,59,38,25,37,41,57,39,45,18,14,28,36,9,4,8,27,54,42,21,22,26,7,56,12,51,58,23,60,15,48,3,1,32,49,35,19,50,16,2,44,13,43,53,62,31,10,20,40,5,61,47
record	m=44040192	24,6,33,30,29,46,52,11,17,34,55,59,25,38,41,37,57,39,18,45,28,14,9,36,4,8,27,54,21,42,26,22,7,56,51,12,23,58,15,60,3,48,32,1,35,49,50,19,2,16,13,44,53,43,31,62,20,10,5,40,61,47
1019608075760637621382889157829456652266	cd=375	56,7,9,36,13,44,31,62,43,53,38,25,28,14,11,52,49,35,48,3,6,24,1,32,42,21,57,39,23,58,20,10,54,27,18,45,41,37,12,51,50,19,5,40,15,60,16,2,22,26,4,8,47,61,33,30,17,34,29,46,55,59
record	m=3784704	7,56,9,36,13,44,31,62,53,43,25,38,28,14,52,11,35,49,3,48,24,6,32,1,21,42,57,39,23,58,20,10,54,27,18,45,41,37,12,51,50,19,5,40,60,15,2,16,26,22,4,8,61,47,33,30,17,34,29,46,55,59
341561389567414184115662311325047610119	cd=307	19,50,30,33,51,12,7,56,1,32,62,31,44,13,40,5,53,43,24,6,35,49,37,41,10,20,23,58,8,4,61,47,22,26,18,45,52,11,39,57,59,55,38,25,15,60,3,48,54,27,46,29,14,28,36,9,17,34,16,2,42,21
record	m=2703360	50,19,33,30,51,12,7,56,32,1,31,62,13,44,40,5,53,43,24,6,35,49,41,37,20,10,23,58,8,4,61,47,26,22,18,45,52,11,57,39,59,55,38,25,60,15,48,3,27,54,46,29,14,28,9,36,34,17,2,16,21,42
125473766286583755496306413998920832897	cd=319	28,14,15,60,49,35,38,25,48,3,59,55,29,46,17,34,22,26,8,4,39,57,36,9,5,40,62,31,1,32,37,41,43,53,18,45,51,12,52,11,50,19,20,10,33,30,6,24,42,21,2,16,54,27,58,23,47,61,13,44,56,7
record	m=5505024	28,14,15,60,49,35,25,38,3,48,55,59,29,46,17,34,26,22,4,8,57,39,9,36,40,5,31,62,32,1,41,37,53,43,18,45,51,12,52,11,50,19,20,10,33,30,24,6,21,42,2,16,54,27,23,58,61,47,13,44,56,7
484438268019410189787332371719039937722	cd=347	34,17,36,9,33,30,39,57,18,45,6,24,1,32,12,51,52,11,56,7,29,46,4,8,31,62,61,47,40,5,55,59,60,15,23,58,42,21,13,44,19,50,22,26,25,38,53,43,3,48,41,37,16,2,54,27,35,49,20,10,14,28
record	m=15728640	17,34,9,36,33,30,57,39,18,45,24,6,32,1,51,12,52,11,7,56,29,46,4,8,31,62,61,47,40,5,55,59,60,15,23,58,42,21,13,44,19,50,26,22,25,38,53,43,3,48,41,37,2,16,54,27,35,49,20,10,14,28
942847023217826275807674467245985357772	cd=383	28,14,42,21,13,44,49,35,56,7,41,37,8,4,60,15,1,32,51,12,26,22,31,62,48,3,10,20,58,23,53,43,45,18,24,6,11,52,34,17,50,19,27,54,9,36,47,61,38,25,29,46,2,16,5,40,57,39,30,33,59,55
record	m=6488064	28,14,21,42,13,44,35,49,7,56,41,37,4,8,60,15,1,32,51,12,26,22,31,62,48,3,20,10,23,58,53,43,45,18,24,6,52,11,17,34,50,19,54,27,36,9,61,47,38,25,29,46,2,16,40,5,39,57,33,30,55,59
729645925772817269255670834314916433818	cd=343	50,19,30,33,44,13,11,52,47,61,12,51,26,22,49,35,15,60,38,25,41,37,46,29,1,32,28,14,23,58,48,3,6,24,62,31,56,7,2,16,55,59,53,43,39,57,34,17,5,40,45,18,9,36,27,54,4,8,10,20,21,42
record	m=5505024	50,19,33,30,13,44,52,11,61,47,51,12,26,22,35,49,60,15,25,38,41,37,29,46,32,1,28,14,23,58,3,48,24,6,31,62,56,7,2,16,55,59,53,43,57,39,34,17,5,40,18,45,9,36,27,54,4,8,10,20,21,42
788155371590695674603913824270181106365	cd=351	38,25,30,33,15,60,5,40,53,43,12,51,58,23,48,3,49,35,36,9,18,45,37,41,27,54,19,50,55,59,17,34,4,8,57,39,42,21,28,14,10,20,6,24,62,31,13,44,7,56,26,22,46,29,52,11,1,32,16,2,61,47
record	m=12386304	25,38,33,30,60,15,40,5,53,43,51,12,23,58,3,48,35,49,9,36,18,45,41,37,54,27,50,19,55,59,17,34,4,8,57,39,21,42,28,14,10,20,24,6,31,62,13,44,7,56,26,22,29,46,52,11,1,32,2,16,47,61
928420759026506793420807908749259633673	cd=371	22,26,2,16,14,28,40,5,19,50,7,56,35,49,27,54,45,18,48,3,10,20,13,44,61,47,36,9,42,21,23,58,60,15,39,57,46,29,34,17,37,41,43,53,38,25,12,51,1,32,62,31,11,52,6,24,30,33,4,8,59,55
record	m=24772608	26,22,2,16,28,14,40,5,19,50,7,56,35,49,54,27,18,45,3,48,20,10,13,44,61,47,9,36,21,42,58,23,60,15,57,39,29,46,34,17,41,37,53,43,25,38,51,12,32,1,31,62,52,11,24,6,30,33,4,8,55,59
1009950125033391729553938986648345691123	cd=331	9,36,51,12,52,11,5,40,45,18,58,23,1,32,54,27,60,15,25,38,37,41,13,44,29,46,26,22,53,43,24,6,48,3,50,19,21,42,31,62,47,61,57,39,49,35,28,14,16,2,34,17,4,8,56,7,20,10,33,30,55,59
record	m=8601600	9,36,51,12,52,11,40,5,18,45,23,58,32,1,27,54,60,15,25,38,41,37,13,44,29,46,26,22,53,43,24,6,3,48,50,19,21,42,31,62,61,47,57,39,35,49,14,28,2,16,34,17,4,8,56,7,20,10,30,33,55,59
411773810662440311394119331770420736161	cd=343	11,52,5,40,6,24,36,9,7,56,30,33,12,51,23,58,62,31,10,20,39,57,13,44,19,50,32,1,2,16,59,55,54,27,14,28,42,21,61,47,3,48,53,43,34,17,37,41,46,29,49,35,26,22,15,60,45,18,8,4,38,25
record	m=10813440	52,11,40,5,24,6,9,36,7,56,33,30,51,12,23,58,62,31,20,10,57,39,13,44,19,50,32,1,2,16,55,59,27,54,28,14,42,21,61,47,3,48,53,43,34,17,41,37,29,46,35,49,26,22,60,15,45,18,4,8,25,38
774536391202264025721783960813278231660	cd=379	51,12,60,15,62,31,3,48,56,7,35,49,28,14,54,27,5,40,23,58,55,59,46,29,53,43,10,20,21,42,2,16,36,9,34,17,50,19,6,24,45,18,25,38,4,8,30,33,52,11,26,22,1,32,61,47,41,37,57,39,13,44
record	m=1261568	51,12,60,15,62,31,3,48,56,7,35,49,28,14,54,27,40,5,23,58,55,59,29,46,53,43,20,10,42,21,2,16,9,36,34,17,50,19,24,6,18,45,25,38,4,8,33,30,52,11,26,22,32,1,61,47,41,37,57,39,13,44
564918806440782528555633124021817858717	cd=367	6,24,56,7,27,54,16,2,35,49,13,44,48,3,15,60,28,14,18,45,55,59,4,8,61,47,33,30,9,36,23,58,40,5,41,37,31,62,38,25,50,19,53,43,10,20,57,39,52,11,42,21,51,12,22,26,46,29,17,34,1,32
record	m=5898240	24,6,7,56,54,27,2,16,35,49,13,44,48,3,60,15,28,14,18,45,55,59,8,4,61,47,30,33,9,36,23,58,40,5,41,37,31,62,38,25,19,50,53,43,10,20,57,39,52,11,42,21,51,12,26,22,29,46,34,17,1,32
282768849296677549905614742088154858120	cd=339	29,46,13,44,25,38,48,3,17,34,55,59,4,8,45,18,56,7,22,26,14,28,37,41,60,15,30,33,35,49,32,1,11,52,5,40,27,54,21,42,57,39,9,36,23,58,51,12,47,61,53,43,19,50,31,62,6,24,10,20,2,16
record	m=62914560	29,46,13,44,25,38,3,48,17,34,55,59,4,8,18,45,7,56,26,22,28,14,41,37,60,15,30,33,35,49,32,1,52,11,40,5,54,27,21,42,57,39,9,36,23,58,51,12,61,47,53,43,50,19,31,62,24,6,20,10,2,16
887365566772719120238197643876771358701	cd=359	43,53,57,39,10,20,6,24,45,18,49,35,9,36,34,17,27,54,32,1,25,38,15,60,31,62,12,51,11,52,26,22,55,59,7,56,40,5,3,48,16,2,61,47,8,4,29,46,41,37,13,44,30,33,42,21,14,28,23,58,19,50
record	m=24772608	53,43,57,39,20,10,24,6,18,45,35,49,9,36,17,34,54,27,1,32,25,38,60,15,31,62,51,12,52,11,26,22,55,59,7,56,40,5,3,48,2,16,47,61,4,8,29,46,41,37,13,44,33,30,21,42,28,14,23,58,19,50
989630813824165235018123041144598822735	cd=355	60,15,19,50,2,16,54,27,3,48,36,9,45,18,51,12,43,53,6,24,44,13,40,5,38,25,20,10,35,49,21,42,58,23,31,62,26,22,37,41,34,17,28,14,29,46,8,4,59,55,1,32,57,39,30,33,61,47,11,52,7,56
record	m=4521984	60,15,19,50,2,16,54,27,3,48,9,36,18,45,12,51,53,43,24,6,13,44,40,5,25,38,20,10,35,49,21,42,58,23,62,31,26,22,41,37,17,34,14,28,46,29,4,8,59,55,32,1,57,39,33,30,61,47,52,11,7,56
679763878400194411352775784849856858642	cd=339	11,52,14,28,36,9,32,1,13,44,46,29,12,51,20,10,60,15,35,49,43,53,17,34,45,18,19,50,21,42,57,39,24,6,31,62,8,4,3,48,55,59,33,30,23,58,54,27,61,47,5,40,26,22,16,2,41,37,7,56,25,38
record	m=11010048	52,11,28,14,9,36,32,1,13,44,29,46,51,12,20,10,60,15,35,49,43,53,17,34,45,18,50,19,21,42,57,39,24,6,31,62,4,8,3,48,55,59,33,30,23,58,54,27,61,47,40,5,22,26,2,16,41,37,7,56,38,25
140462374002347667679767577982247157776	cd=375	58,23,52,11,29,46,44,13,6,24,34,17,7,56,54,27,60,15,2,16,50,19,30,33,45,18,36,9,40,5,61,47,42,21,28,14,25,38,22,26,49,35,1,32,48,3,55,59,39,57,37,41,31,62,12,51,53,43,20,10,4,8
record	m=41287680	23,58,52,11,29,46,13,44,24,6,17,34,7,56,54,27,60,15,2,16,50,19,33,30,18,45,9,36,40,5,61,47,21,42,28,14,38,25,26,22,35,49,32,1,3,48,55,59,57,39,41,37,31,62,12,51,53,43,20,10,4,8
437669362586199162753177412142221231752	cd=363	1,32,10,20,31,62,49,35,44,13,39,57,43,53,5,40,52,11,14,28,18,45,9,36,29,46,4,8,41,37,54,27,55,59,2,16,26,22,47,61,17,34,23,58,56,7,19,50,3,48,15,60,24,6,21,42,30,33,12,51,38,25
record	m=5505024	32,1,20,10,31,62,35,49,13,44,57,39,53,43,40,5,52,11,28,14,18,45,9,36,29,46,4,8,41,37,54,27,55,59,2,16,26,22,61,47,34,17,23,58,56,7,50,19,48,3,60,15,6,24,21,42,33,30,12,51,25,38
458978053108828908895893739332198652143	cd=363	7,56,10,20,12,51,47,61,46,29,59,55,42,21,16,2,36,9,34,17,50,19,5,40,33,30,43,53,58,23,4,8,24,6,11,52,48,3,18,45,57,39,44,13,62,31,32,1,37,41,14,28,25,38,49,35,15,60,54,27,22,26
record	m=3440640	7,56,20,10,51,12,61,47,29,46,55,59,21,42,2,16,9,36,17,34,50,19,5,40,33,30,53,43,23,58,8,4,24,6,52,11,3,48,18,45,57,39,13,44,31,62,1,32,41,37,28,14,38,25,49,35,15,60,54,27,22,26
607844226913900420437795352314616931949	cd=327	42,21,22,26,41,37,61,47,40,5,58,23,24,6,30,33,50,19,3,48,2,16,10,20,54,27,53,43,60,15,57,39,11,52,29,46,56,7,14,28,62,31,9,36,45,18,55,59,17,34,8,4,44,13,38,25,32,1,12,51,49,35
record	m=19464192	21,42,26,22,41,37,61,47,40,5,23,58,24,6,33,30,50,19,3,48,2,16,10,20,54,27,53,43,60,15,57,39,52,11,29,46,7,56,28,14,31,62,36,9,18,45,55,59,17,34,4,8,13,44,25,38,1,32,12,51,35,49
794725667515286364196144515442970703741	cd=355	28,14,24,6,53,43,27,54,49,35,9,36,22,26,37,41,21,42,11,52,48,3,8,4,62,31,55,59,33,30,12,51,38,25,13,44,7,56,1,32,10,20,39,57,19,50,40,5,45,18,16,2,23,58,46,29,17,34,60,15,61,47
record	m=2752512	28,14,24,6,53,43,54,27,35,49,9,36,22,26,41,37,21,42,52,11,3,48,4,8,31,62,55,59,33,30,12,51,25,38,44,13,7,56,32,1,20,10,57,39,50,19,5,40,45,18,2,16,23,58,46,29,34,17,60,15,61,47
19767059826863526108085066031687091658	cd=315	27,54,18,45,38,25,49,35,36,9,8,4,17,34,26,22,55,59,37,41,28,14,29,46,51,12,62,31,21,42,60,15,48,3,58,23,57,39,43,53,47,61,52,11,33,30,44,13,56,7,10,20,6,24,19,50,16,2,5,40,32,1
record	m=99090432	54,27,18,45,25,38,35,49,9,36,4,8,17,34,26,22,55,59,41,37,28,14,29,46,51,12,31,62,21,42,60,15,48,3,23,58,39,57,53,43,61,47,52,11,33,30,13,44,7,56,20,10,24,6,50,19,2,16,40,5,1,32
156551927641290275291837793820402817978	cd=335	36,9,48,3,60,15,20,10,31,62,12,51,54,27,41,37,56,7,14,28,40,5,22,26,19,50,43,53,49,35,1,32,6,24,23,58,29,46,45,18,2,16,34,17,61,47,55,59,30,33,42,21,57,39,11,52,13,44,25,38,4,8
record	m=3932160	9,36,3,48,15,60,20,10,31,62,51,12,54,27,41,37,7,56,28,14,40,5,22,26,50,19,53,43,35,49,32,1,24,6,58,23,46,29,45,18,2,16,34,17,61,47,55,59,33,30,21,42,57,39,52,11,44,13,38,25,4,8
136736186513759960689285934597957289229	cd=375	11,52,7,56,46,29,17,34,19,50,62,31,14,28,1,32,61,47,6,24,57,39,21,42,43,53,54,27,49,35,37,41,36,9,5,40,23,58,45,18,15,60,59,55,48,3,22,26,13,44,12,51,30,33,38,25,20,10,16,2,4,8
record	m=2752512	52,11,7,56,29,46,17,34,19,50,31,62,28,14,32,1,61,47,6,24,57,39,21,42,43,53,54,27,35,49,41,37,9,36,40,5,23,58,45,18,60,15,55,59,3,48,26,22,13,44,12,51,30,33,25,38,20,10,16,2,4,8
421249897418693407792132365113408566366	cd=359	41,37,49,35,52,11,56,7,30,33,12,51,58,23,47,61,2,16,28,14,50,19,39,57,55,59,54,27,8,4,29,46,36,9,13,44,5,40,62,31,21,42,3,48,24,6,60,15,34,17,32,1,22,26,18,45,53,43,10,20,38,25
record	m=4300800	41,37,35,49,52,11,7,56,33,30,51,12,23,58,61,47,2,16,28,14,50,19,57,39,55,59,54,27,8,4,29,46,9,36,13,44,5,40,62,31,21,42,3,48,24,6,15,60,17,34,1,32,26,22,18,45,53,43,20,10,25,38
14027491089405682956108614585110421423	cd=371	33,30,18,45,6,24,21,42,19,50,38,25,4,8,59,55,35,49,16,2,61,47,27,54,52,11,23,58,44,13,60,15,3,48,9,36,34,17,7,56,43,53,41,37,5,40,28,14,29,46,10,20,51,12,31,62,57,39,22,26,32,1
record	m=5341184	33,30,18,45,24,6,21,42,50,19,25,38,4,8,55,59,35,49,2,16,61,47,54,27,11,52,23,58,44,13,60,15,3,48,9,36,17,34,7,56,53,43,41,37,40,5,28,14,29,46,20,10,12,51,31,62,57,39,22,26,32,1
697156557776268992101235980954842416657	cd=299	52,11,47,61,30,33,24,6,20,10,19,50,53,43,45,18,5,40,39,57,62,31,58,23,2,16,27,54,55,59,8,4,1,32,3,48,21,42,44,13,12,51,36,9,29,46,26,22,28,14,49,35,15,60,17,34,56,7,38,25,37,41
record	m=27525120	52,11,61,47,33,30,24,6,20,10,50,19,53,43,18,45,40,5,57,39,31,62,23,58,2,16,54,27,55,59,4,8,32,1,3,48,21,42,13,44,12,51,9,36,46,29,26,22,28,14,35,49,60,15,17,34,7,56,25,38,37,41
416099749481180049865008830995175061974	cd=371	53,43,26,22,4,8,59,55,52,11,13,44,34,17,15,60,16,2,30,33,50,19,3,48,27,54,61,47,36,9,29,46,45,18,1,32,24,6,57,39,40,5,49,35,58,23,31,62,14,28,42,21,37,41,56,7,20,10,51,12,38,25
record	m=6488064	53,43,26,22,4,8,55,59,52,11,13,44,34,17,60,15,2,16,33,30,50,19,3,48,54,27,61,47,9,36,29,46,18,45,32,1,24,6,39,57,40,5,35,49,23,58,62,31,28,14,21,42,41,37,7,56,20,10,51,12,25,38
146352859657944749719239048061418377482	cd=383	42,21,38,25,19,50,27,54,29,46,48,3,6,24,16,2,35,49,9,36,57,39,31,62,34,17,32,1,18,45,11,52,13,44,14,28,40,5,15,60,55,59,41,37,61,47,26,22,12,51,7,56,30,33,23,58,43,53,10,20,4,8
record	m=45416448	21,42,25,38,50,19,54,27,29,46,3,48,24,6,2,16,35,49,9,36,57,39,31,62,34,17,32,1,18,45,52,11,13,44,28,14,40,5,60,15,55,59,41,37,61,47,26,22,51,12,7,56,33,30,23,58,53,43,20,10,8,4
886136835689470544805732180450915936784	cd=383	32,1,41,37,22,26,12,51,40,5,45,18,31,62,6,24,28,14,55,59,52,11,33,30,46,29,44,13,60,15,39,57,58,23,49,35,21,42,61,47,16,2,27,54,48,3,34,17,9,36,8,4,10,20,25,38,53,43,7,56,19,50
record	m=37847040	32,1,41,37,26,22,51,12,40,5,18,45,31,62,24,6,28,14,55,59,52,11,33,30,29,46,13,44,60,15,57,39,23,58,35,49,21,42,61,47,2,16,54,27,3,48,17,34,9,36,8,4,10,20,25,38,53,43,7,56,50,19
415544508727397732176555303212879736159	cd=379	51,12,33,30,15,60,29,46,13,44,4,8,5,40,59,55,2,16,56,7,36,9,48,3,39,57,42,21,20,10,6,24,43,53,19,50,27,54,31,62,34,17,32,1,49,35,61,47,58,23,14,28,22,26,37,41,45,18,52,11,38,25
record	m=507904	51,12,33,30,60,15,29,46,13,44,4,8,5,40,59,55,2,16,7,56,9,36,3,48,57,39,21,42,10,20,24,6,53,43,50,19,54,27,62,31,17,34,1,32,35,49,61,47,23,58,28,14,26,22,41,37,45,18,52,11,38,25
109203055106034812499858250923735973025	cd=383	13,44,19,50,24,6,21,42,16,2,8,4,1,32,28,14,59,55,17,34,52,11,47,61,48,3,40,5,25,38,23,58,31,62,53,43,35,49,41,37,57,39,10,20,54,27,29,46,9,36,33,30,26,22,15,60,51,12,45,18,56,7
record	m=27525120	13,44,19,50,24,6,21,42,2,16,4,8,32,1,28,14,55,59,17,34,52,11,61,47,3,48,40,5,25,38,23,58,31,62,53,43,35,49,41,37,57,39,20,10,54,27,29,46,9,36,33,30,26,22,60,15,51,12,45,18,7,56
235188642273072443032702552077821852289	cd=387	18,45,34,17,50,19,55,59,8,4,29,46,22,26,31,62,36,9,51,12,52,11,30,33,49,35,28,14,61,47,37,41,42,21,15,60,5,40,48,3,32,1,27,54,38,25,20,10,56,7,2,16,58,23,43,53,24,6,39,57,44,13
record	m=3440640	18,45,17,34,19,50,55,59,4,8,29,46,26,22,31,62,36,9,51,12,52,11,30,33,35,49,28,14,61,47,41,37,21,42,60,15,40,5,3,48,1,32,54,27,25,38,20,10,7,56,2,16,23,58,43,53,24,6,39,57,13,44
272270425007706284306909284706565739098	cd=319	37,41,51,12,48,3,11,52,22,26,2,16,57,39,32,1,13,44,50,19,54,27,60,15,47,61,46,29,9,36,42,21,33,30,45,18,7,56,34,17,6,24,10,20,43,53,35,49,8,4,25,38,55,59,23,58,40,5,31,62,28,14
record	m=3440640	41,37,51,12,3,48,52,11,26,22,2,16,57,39,32,1,13,44,50,19,54,27,60,15,61,47,29,46,9,36,21,42,33,30,18,45,7,56,17,34,24,6,20,10,53,43,35,49,4,8,25,38,59,55,58,23,5,40,62,31,28,14
27056901995494658625774813908893461732	cd=371	46,29,22,26,50,19,53,43,37,41,45,18,7,56,14,28,5,40,36,9,49,35,2,16,47,61,15,60,48,3,34,17,54,27,58,23,59,55,44,13,33,30,39,57,8,4,12,51,10,20,25,38,62,31,6,24,42,21,11,52,32,1
record	m=4587520	29,46,26,22,50,19,53,43,37,41,45,18,7,56,28,14,40,5,9,36,35,49,2,16,61,47,60,15,48,3,17,34,54,27,23,58,55,59,13,44,33,30,57,39,4,8,12,51,20,10,25,38,31,62,24,6,21,42,11,52,32,1
962090020982877926194361366389293118493	cd=327	35,49,11,52,25,38,19,50,14,28,17,34,29,46,13,44,30,33,39,57,21,42,40,5,45,18,60,15,27,54,31,62,24,6,36,9,12,51,41,37,43,53,59,55,61,47,2,16,58,23,3,48,32,1,10,20,26,22,4,8,7,56
record	m=5677056	35,49,52,11,25,38,50,19,28,14,34,17,29,46,13,44,33,30,57,39,21,42,40,5,18,45,60,15,54,27,31,62,24,6,9,36,51,12,41,37,43,53,59,55,61,47,16,2,23,58,3,48,1,32,20,10,22,26,8,4,7,56
125364393014654915972945306691693925613	cd=287	30,33,53,43,32,1,52,11,12,51,55,59,22,26,42,21,60,15,47,61,62,31,46,29,8,4,17,34,16,2,48,3,14,28,41,37,25,38,10,20,27,54,45,18,49,35,9,36,6,24,57,39,23,58,40,5,19,50,13,44,56,7
record	m=6193152	33,30,53,43,32,1,52,11,12,51,55,59,26,22,21,42,60,15,61,47,31,62,29,46,4,8,17,34,2,16,3,48,28,14,41,37,25,38,20,10,54,27,18,45,35,49,9,36,24,6,57,39,23,58,40,5,19,50,44,13,7,56
311280959268154870628877183298617441306	cd=339	32,1,47,61,23,58,35,49,41,37,12,51,2,16,62,31,45,18,27,54,14,28,40,5,15,60,42,21,48,3,11,52,46,29,30,33,6,24,39,57,9,36,17,34,43,53,13,44,56,7,22,26,55,59,8,4,25,38,20,10,50,19
record	m=110100480	32,1,61,47,23,58,35,49,41,37,51,12,2,16,31,62,18,45,54,27,28,14,40,5,60,15,21,42,3,48,52,11,29,46,33,30,24,6,57,39,9,36,34,17,53,43,13,44,56,7,22,26,59,55,4,8,25,38,20,10,50,19
529968980354559044712350411635625198345	cd=203	51,12,53,43,20,10,35,49,25,38,61,47,7,56,28,14,21,42,33,30,50,19,9,36,54,27,11,52,2,16,6,24,23,58,44,13,39,57,17,34,37,41,40,5,45,18,8,4,46,29,60,15,22,26,59,55,3,48,1,32,62,31
record	m=3723264	51,12,53,43,20,10,35,49,25,38,61,47,7,56,28,14,21,42,33,30,50,19,9,36,54,27,11,52,2,16,24,6,23,58,44,13,57,39,17,34,41,37,40,5,45,18,4,8,29,46,60,15,26,22,55,59,3,48,1,32,62,31
484862777905487450456300753861538762414	cd=375	4,8,26,22,48,3,45,18,34,17,27,54,46,29,56,7,15,60,33,30,10,20,39,57,21,42,36,9,53,43,13,44,19,50,6,24,31,62,2,16,51,12,25,38,41,37,23,58,55,59,61,47,40,5,32,1,49,35,52,11,14,28
record	m=18350080	4,8,26,22,3,48,18,45,17,34,54,27,29,46,7,56,60,15,33,30,20,10,57,39,21,42,9,36,53,43,13,44,19,50,24,6,31,62,2,16,51,12,25,38,41,37,23,58,55,59,61,47,40,5,32,1,35,49,11,52,14,28
1081575684172175604611295703140132202561	cd=319	17,34,33,30,18,45,14,28,5,40,29,46,23,58,6,24,49,35,36,9,57,39,55,59,48,3,51,12,41,37,42,21,60,15,38,25,43,53,16,2,7,56,52,11,10,20,44,13,27,54,4,8,50,19,22,26,61,47,1,32,31,62
record	m=3440640	17,34,33,30,18,45,28,14,40,5,29,46,23,58,24,6,35,49,9,36,57,39,55,59,3,48,51,12,41,37,21,42,60,15,25,38,53,43,2,16,7,56,11,52,20,10,13,44,54,27,8,4,50,19,26,22,61,47,32,1,62,31
151512750484181670659139118270841287465	cd=347	18,45,6,24,42,21,28,14,15,60,53,43,3,48,36,9,35,49,39,57,29,46,41,37,52,11,50,19,44,13,23,58,26,22,5,40,59,55,56,7,27,54,17,34,16,2,31,62,20,10,32,1,38,25,61,47,51,12,33,30,4,8
record	m=9732096	18,45,24,6,21,42,28,14,60,15,53,43,3,48,9,36,35,49,57,39,29,46,41,37,52,11,50,19,44,13,23,58,26,22,5,40,59,55,7,56,54,27,17,34,16,2,31,62,20,10,32,1,25,38,47,61,51,12,30,33,4,8
29618458226179629531543901473740972138	cd=367	21,42,22,26,19,50,40,5,27,54,61,47,41,37,13,44,49,35,57,39,55,59,24,6,48,3,58,23,25,38,16,2,8,4,17,34,29,46,30,33,52,11,51,12,14,28,9,36,45,18,60,15,43,53,31,62,10,20,7,56,32,1
record	m=18350080	21,42,26,22,50,19,5,40,54,27,61,47,41,37,13,44,35,49,57,39,59,55,6,24,3,48,23,58,25,38,2,16,4,8,17,34,29,46,33,30,52,11,51,12,28,14,9,36,18,45,60,15,53,43,31,62,20,10,7,56,32,1
1047358196442026950472576979906991421718	cd=367	20,10,32,1,44,13,62,31,22,26,23,58,18,45,38,25,41,37,33,30,42,21,19,50,51,12,2,16,5,40,59,55,36,9,60,15,27,54,29,46,8,4,53,43,3,48,6,24,11,52,7,56,28,14,49,35,57,39,17,34,47,61
record	m=878592	20,10,32,1,13,44,31,62,26,22,58,23,18,45,25,38,41,37,33,30,21,42,50,19,51,12,2,16,40,5,55,59,9,36,60,15,54,27,29,46,4,8,43,53,3,48,24,6,52,11,56,7,28,14,49,35,57,39,17,34,47,61
766655671335709036422764994990519558357	cd=375	29,46,42,21,28,14,52,11,17,34,35,49,20,10,31,62,48,3,8,4,38,25,23,58,41,37,40,5,27,54,51,12,15,60,59,55,36,9,45,18,39,57,33,30,7,56,43,53,24,6,47,61,2,16,19,50,32,1,22,26,13,44
record	m=655360	29,46,42,21,28,14,52,11,17,34,35,49,20,10,31,62,48,3,4,8,25,38,23,58,41,37,40,5,54,27,51,12,60,15,55,59,9,36,18,45,57,39,33,30,7,56,53,43,24,6,47,61,2,16,50,19,1,32,26,22,13,44
349276516887742629140509604197480578309	cd=359	13,44,33,30,45,18,31,62,50,19,43,53,41,37,9,36,54,27,5,40,1,32,26,22,55,59,3,48,49,35,25,38,28,14,4,8,2,16,47,61,17,34,56,7,39,57,29,46,51,12,23,58,11,52,6,24,10,20,60,15,42,21
record	m=14680064	13,44,33,30,18,45,31,62,50,19,53,43,41,37,9,36,54,27,40,5,32,1,26,22,55,59,3,48,35,49,25,38,28,14,4,8,2,16,47,61,17,34,7,56,57,39,29,46,51,12,23,58,52,11,24,6,20,10,60,15,21,42
556293436006173636417880298116438219419	cd=355	14,28,2,16,47,61,4,8,3,48,42,21,37,41,51,12,26,22,31,62,39,57,59,55,6,24,60,15,9,36,52,11,35,49,13,44,33,30,56,7,46,29,17,34,5,40,53,43,27,54,20,10,19,50,25,38,58,23,45,18,1,32
record	m=25952256	28,14,2,16,61,47,4,8,3,48,21,42,41,37,51,12,26,22,31,62,57,39,55,59,24,6,60,15,9,36,52,11,35,49,13,44,33,30,7,56,29,46,17,34,40,5,53,43,54,27,20,10,50,19,25,38,23,58,45,18,32,1
676145413763289253595266107336343725786	cd=363	58,23,31,62,30,33,4,8,18,45,48,3,60,15,35,49,40,5,28,14,47,61,12,51,10,20,55,59,26,22,16,2,54,27,17,34,7,56,43,53,24,6,21,42,36,9,29,46,57,39,41,37,13,44,1,32,52,11,19,50,25,38
record	m=15138816	23,58,31,62,30,33,4,8,18,45,3,48,15,60,49,35,40,5,28,14,61,47,51,12,20,10,59,55,26,22,2,16,54,27,17,34,7,56,53,43,24,6,21,42,9,36,29,46,57,39,37,41,13,44,32,1,11,52,50,19,25,38
842089262612630387524154573818477852305	cd=375	27,54,9,36,43,53,16,2,12,51,52,11,5,40,24,6,48,3,25,38,58,23,21,42,30,33,10,20,17,34,47,61,7,56,59,55,19,50,44,13,32,1,29,46,41,37,4,8,15,60,22,26,62,31,14,28,18,45,57,39,35,49
record	m=7569408	54,27,9,36,53,43,2,16,51,12,52,11,40,5,24,6,3,48,25,38,23,58,42,21,33,30,20,10,17,34,47,61,7,56,55,59,50,19,44,13,32,1,29,46,41,37,4,8,60,15,26,22,31,62,28,14,45,18,57,39,35,49
327515490947460986760633489872802380268	cd=367	33,30,48,3,9,36,21,42,58,23,4,8,15,60,54,27,34,17,59,55,22,26,12,51,25,38,56,7,10,20,46,29,24,6,32,1,28,14,49,35,43,53,47,61,16,2,11,52,40,5,45,18,31,62,37,41,44,13,57,39,50,19
record	m=22020096	33,30,3,48,9,36,21,42,58,23,4,8,60,15,54,27,17,34,55,59,26,22,51,12,25,38,7,56,20,10,29,46,6,24,32,1,28,14,35,49,53,43,61,47,16,2,11,52,40,5,45,18,31,62,41,37,13,44,57,39,50,19
167206080012364013277752902117286006547	cd=351	29,46,47,61,37,41,39,57,15,60,6,24,12,51,40,5,17,34,19,50,52,11,23,58,3,48,25,38,42,21,16,2,22,26,20,10,35,49,43,53,32,1,18,45,13,44,54,27,7,56,33,30,36,9,31,62,14,28,55,59,4,8
record	m=2867200	29,46,61,47,41,37,57,39,60,15,24,6,51,12,40,5,17,34,50,19,52,11,23,58,3,48,25,38,42,21,16,2,26,22,10,20,49,35,53,43,32,1,18,45,13,44,54,27,7,56,30,33,9,36,62,31,28,14,55,59,4,8
105164353785282698892144631020733727438	cd=327	34,17,58,23,10,20,53,43,37,41,29,46,36,9,16,2,38,25,55,59,45,18,22,26,44,13,14,28,5,40,47,61,8,4,39,57,19,50,49,35,27,54,30,33,3,48,42,21,15,60,62,31,32,1,24,6,51,12,52,11,56,7
record	m=29360128	17,34,23,58,20,10,53,43,41,37,29,46,9,36,2,16,25,38,55,59,45,18,26,22,13,44,28,14,40,5,61,47,4,8,57,39,50,19,35,49,54,27,30,33,3,48,21,42,60,15,62,31,1,32,24,6,51,12,52,11,7,56
41344822927362568100558260755222054088	cd=307	24,6,51,12,21,42,7,56,40,5,27,54,19,50,23,58,57,39,33,30,11,52,29,46,48,3,26,22,34,17,35,49,9,36,60,15,8,4,14,28,37,41,45,18,38,25,1,32,59,55,31,62,10,20,43,53,47,61,44,13,16,2
record	m=3932160	24,6,51,12,21,42,7,56,40,5,54,27,50,19,58,23,39,57,33,30,52,11,29,46,3,48,26,22,17,34,49,35,9,36,60,15,4,8,28,14,41,37,45,18,25,38,32,1,55,59,31,62,20,10,53,43,61,47,13,44,2,16
481778837125482878596031117618794850712	cd=367	60,15,1,32,57,39,3,48,10,20,53,43,44,13,50,19,37,41,33,30,61,47,36,9,42,21,7,56,46,29,16,2,22,26,54,27,25,38,58,23,17,34,6,24,51,12,18,45,52,11,8,4,55,59,49,35,31,62,40,5,14,28
record	m=2293760	60,15,1,32,57,39,3,48,20,10,53,43,13,44,50,19,41,37,33,30,61,47,9,36,21,42,7,56,29,46,2,16,26,22,27,54,38,25,23,58,17,34,6,24,12,51,18,45,52,11,8,4,55,59,35,49,31,62,40,5,28,14
403403887048391637017480711451293156	cd=347	24,6,13,44,21,42,57,39,51,12,52,11,33,30,34,17,37,41,46,29,5,40,56,7,50,19,43,53,15,60,38,25,59,55,31,62,54,27,23,58,8,4,48,3,36,9,20,10,35,49,45,18,14,28,26,22,61,47,16,2,32,1
record	m=11010048	24,6,13,44,21,42,57,39,51,12,52,11,33,30,17,34,41,37,29,46,40,5,7,56,50,19,53,43,60,15,25,38,59,55,31,62,54,27,23,58,8,4,3,48,9,36,10,20,49,35,18,45,28,14,26,22,61,47,16,2,32,1
52102836611964223184171941025464796187	cd=371	42,21,39,57,18,45,15,60,61,47,52,11,24,6,33,30,4,8,3,48,43,53,1,32,20,10,9,36,62,31,23,58,19,50,49,35,37,41,5,40,12,51,27,54,14,28,55,59,26,22,25,38,44,13,56,7,29,46,17,34,16,2
record	m=36700160	21,42,57,39,18,45,60,15,61,47,52,11,24,6,33,30,4,8,3,48,53,43,32,1,20,10,9,36,62,31,23,58,50,19,35,49,41,37,40,5,51,12,54,27,28,14,55,59,26,22,25,38,44,13,7,56,29,46,17,34,16,2
723578771538822438161266453040792970532	cd=371	29,46,6,24,45,18,48,3,57,39,1,32,44,13,30,33,55,59,37,41,22,26,34,17,8,4,15,60,20,10,28,14,2,16,31,62,50,19,23,58,56,7,27,54,61,47,35,49,43,53,40,5,52,11,25,38,12,51,36,9,21,42
record	m=32440320	29,46,24,6,18,45,3,48,57,39,32,1,13,44,33,30,55,59,41,37,26,22,17,34,4,8,60,15,20,10,28,14,2,16,31,62,50,19,23,58,56,7,54,27,61,47,35,49,43,53,40,5,52,11,25,38,12,51,9,36,21,42
800332539528868746540075186318482148376	cd=291	28,14,13,44,59,55,54,27,50,19,34,17,45,18,36,9,32,1,29,46,42,21,8,4,31,62,43,53,60,15,10,20,5,40,49,35,57,39,24,6,12,51,26,22,7,56,33,30,3,48,37,41,11,52,23,58,2,16,38,25,61,47
record	m=7618560	28,14,13,44,55,59,54,27,50,19,17,34,18,45,9,36,1,32,46,29,21,42,4,8,31,62,53,43,60,15,20,10,40,5,35,49,39,57,6,24,51,12,26,22,7,56,33,30,3,48,41,37,52,11,23,58,2,16,25,38,47,61
359237866212575467786645239320565053814	cd=311	57,39,38,25,3,48,50,19,24,6,54,27,36,9,46,29,23,58,44,13,61,47,12,51,56,7,33,30,60,15,17,34,22,26,52,11,5,40,37,41,53,43,55,59,1,32,8,4,2,16,14,28,10,20,18,45,62,31,49,35,42,21
record	m=9175040	57,39,38,25,3,48,50,19,24,6,54,27,36,9,29,46,23,58,44,13,61,47,51,12,7,56,33,30,60,15,17,34,26,22,52,11,40,5,41,37,43,53,59,55,32,1,4,8,2,16,28,14,20,10,45,18,31,62,35,49,42,21
1089951223679248616030173624819244576034	cd=351	38,25,52,11,58,23,16,2,15,60,34,17,21,42,6,24,41,37,48,3,40,5,36,9,29,46,47,61,39,57,32,1,8,4,44,13,26,22,19,50,14,28,54,27,30,33,55,59,49,35,7,56,53,43,20,10,45,18,12,51,31,62
record	m=18350080	25,38,52,11,23,58,2,16,60,15,17,34,42,21,24,6,37,41,3,48,40,5,9,36,29,46,61,47,39,57,32,1,4,8,13,44,26,22,50,19,28,14,54,27,33,30,55,59,35,49,7,56,53,43,20,10,18,45,51,12,31,62
868213427794040286228016790148127426147	cd=355	38,25,2,16,7,56,12,51,37,41,53,43,62,31,22,26,9,36,47,61,44,13,52,11,32,1,20,10,27,54,59,55,39,57,21,42,35,49,33,30,34,17,28,14,4,8,48,3,18,45,23,58,5,40,60,15,46,29,6,24,19,50
record	m=11010048	25,38,2,16,7,56,51,12,41,37,53,43,31,62,26,22,36,9,61,47,13,44,52,11,32,1,20,10,54,27,55,59,39,57,21,42,35,49,33,30,17,34,14,28,4,8,3,48,18,45,23,58,5,40,15,60,29,46,24,6,50,19
64935734005411418518644878184298569712	cd=387	33,30,51,12,37,41,11,52,31,62,20,10,44,13,42,21,18,45,25,38,32,1,48,3,14,28,27,54,19,50,49,35,8,4,61,47,15,60,22,26,56,7,43,53,57,39,55,59,24,6,34,17,9,36,29,46,5,40,23,58,16,2
record	m=22708224	33,30,51,12,41,37,52,11,31,62,20,10,13,44,21,42,18,45,25,38,32,1,3,48,28,14,54,27,50,19,35,49,4,8,61,47,60,15,26,22,7,56,53,43,57,39,55,59,24,6,17,34,9,36,29,46,40,5,58,23,2,16
396261375805046780565582433371282516705	cd=375	21,42,50,19,13,44,12,51,35,49,34,17,11,52,59,55,37,41,4,8,16,2,1,32,10,20,31,62,29,46,7,56,33,30,39,57,6,24,27,54,18,45,43,53,58,23,14,28,5,40,47,61,48,3,36,9,15,60,25,38,26,22
record	m=12976128	21,42,50,19,13,44,12,51,35,49,34,17,52,11,55,59,41,37,4,8,2,16,32,1,20,10,31,62,29,46,7,56,33,30,57,39,24,6,54,27,18,45,53,43,23,58,28,14,40,5,61,47,3,48,9,36,15,60,25,38,26,22
726927318547967376590341372268431449625	cd=323	44,13,31,62,61,47,35,49,2,16,59,55,1,32,6,24,29,46,20,10,53,43,50,19,33,30,57,39,52,11,56,7,34,17,45,18,22,26,51,12,4,8,41,37,54,27,9,36,40,5,38,25,58,23,28,14,3,48,60,15,21,42
record	m=13762560	13,44,31,62,61,47,35,49,2,16,55,59,32,1,24,6,29,46,20,10,53,43,50,19,30,33,57,39,52,11,7,56,17,34,45,18,26,22,51,12,4,8,41,37,54,27,9,36,40,5,25,38,23,58,28,14,3,48,60,15,21,42
506097912422672243495664338288300723586	cd=371	24,6,32,1,53,43,51,12,58,23,47,61,16,2,39,57,13,44,31,62,20,10,30,33,56,7,34,17,25,38,55,59,37,41,45,18,5,40,50,19,52,11,42,21,15,60,54,27,9,36,46,29,4,8,22,26,3,48,35,49,14,28
record	m=5505024	24,6,32,1,53,43,51,12,23,58,61,47,2,16,57,39,13,44,31,62,20,10,33,30,7,56,17,34,38,25,55,59,41,37,45,18,40,5,19,50,52,11,21,42,60,15,27,54,36,9,29,46,4,8,26,22,3,48,35,49,14,28
554307172691874848727240457010987663848	cd=383	57,39,6,24,44,13,7,56,54,27,46,29,58,23,19,50,36,9,35,49,61,47,8,4,60,15,2,16,51,12,5,40,48,3,41,37,38,25,20,10,53,43,34,17,31,62,30,33,42,21,26,22,59,55,18,45,11,52,28,14,1,32
record	m=5406720	57,39,24,6,13,44,7,56,54,27,29,46,23,58,50,19,9,36,35,49,61,47,4,8,60,15,2,16,51,12,40,5,3,48,41,37,25,38,20,10,43,53,17,34,62,31,30,33,21,42,26,22,55,59,18,45,52,11,28,14,32,1
794183390357776842542883089371848378465	cd=383	23,58,11,52,55,59,33,30,10,20,38,25,12,51,29,46,3,48,8,4,13,44,19,50,53,43,15,60,54,27,16,2,9,36,5,40,35,49,22,26,57,39,41,37,42,21,32,1,17,34,6,24,56,7,31,62,18,45,28,14,61,47
record	m=27525120	23,58,52,11,55,59,33,30,20,10,25,38,51,12,29,46,3,48,4,8,13,44,19,50,53,43,60,15,54,27,2,16,9,36,40,5,35,49,26,22,39,57,41,37,21,42,32,1,34,17,24,6,7,56,31,62,18,45,28,14,47,61
68826788253296881963629308195934885193	cd=351	35,49,41,37,9,36,15,60,22,26,18,45,1,32,50,19,14,28,54,27,62,31,6,24,13,44,29,46,40,5,34,17,30,33,21,42,38,25,52,11,16,2,61,47,51,12,57,39,7,56,59,55,58,23,53,43,10,20,48,3,8,4
record	m=3514368	35,49,41,37,9,36,60,15,26,22,18,45,32,1,50,19,28,14,54,27,62,31,24,6,13,44,29,46,40,5,17,34,33,30,21,42,25,38,52,11,2,16,61,47,51,12,57,39,7,56,55,59,23,58,53,43,20,10,3,48,4,8
305401850174238487681504138947502381072	cd=271	21,42,22,26,56,7,12,51,9,36,30,33,3,48,55,59,27,54,15,60,45,18,28,14,11,52,34,17,41,37,46,29,44,13,8,4,23,58,40,5,32,1,50,19,6,24,53,43,62,31,10,20,57,39,38,25,49,35,47,61,2,16
record	m=20643840	21,42,26,22,7,56,51,12,9,36,33,30,3,48,55,59,54,27,60,15,18,45,28,14,52,11,17,34,41,37,29,46,13,44,4,8,58,23,40,5,1,32,50,19,24,6,53,43,31,62,20,10,57,39,38,25,49,35,47,61,16,2
256798372697685625971928475856939741961	cd=387	5,40,18,45,58,23,1,32,17,34,7,56,50,19,54,27,10,20,9,36,57,39,46,29,53,43,55,59,41,37,33,30,21,42,6,24,25,38,3,48,8,4,52,11,51,12,61,47,62,31,16,2,15,60,13,44,22,26,49,35,28,14
record	m=802816	40,5,18,45,23,58,32,1,34,17,7,56,50,19,54,27,20,10,9,36,57,39,46,29,53,43,55,59,41,37,33,30,21,42,24,6,38,25,3,48,4,8,11,52,51,12,61,47,31,62,2,16,60,15,44,13,26,22,35,49,14,28
477180321889726766132194447745888660631	cd=371	27,54,4,8,28,14,2,16,1,32,58,23,49,35,61,47,51,12,44,13,50,19,56,7,62,31,53,43,36,9,34,17,55,59,25,38,5,40,52,11,30,33,48,3,46,29,20,10,24,6,37,41,57,39,42,21,18,45,15,60,22,26
record	m=8257536	54,27,8,4,28,14,2,16,32,1,23,58,35,49,61,47,51,12,13,44,19,50,7,56,31,62,53,43,9,36,17,34,55,59,25,38,40,5,52,11,33,30,3,48,29,46,20,10,24,6,37,41,57,39,21,42,18,45,60,15,26,22
429693935175790928070448125723806203957	cd=367	42,21,51,12,60,15,28,14,52,11,2,16,59,55,36,9,61,47,49,35,23,58,19,50,43,53,29,46,32,1,44,13,3,48,54,27,34,17,56,7,4,8,31,62,40,5,33,30,18,45,20,10,26,22,41,37,6,24,57,39,38,25
record	m=1036800	21,42,51,12,60,15,28,14,52,11,2,16,55,59,9,36,61,47,35,49,23,58,50,19,53,43,29,46,32,1,13,44,48,3,54,27,17,34,7,56,4,8,31,62,40,5,33,30,18,45,20,10,22,26,37,41,24,6,39,57,25,38
905699884618460092915889142713279011864	cd=323	18,45,21,42,41,37,60,15,38,25,26,22,1,32,43,53,4,8,31,62,16,2,33,30,27,54,3,48,61,47,12,51,40,5,7,56,13,44,14,28,20,10,9,36,50,19,58,23,59,55,49,35,17,34,57,39,24,6,46,29,11,52
record	m=3440640	18,45,21,42,41,37,60,15,25,38,26,22,32,1,53,43,8,4,31,62,2,16,33,30,54,27,3,48,61,47,51,12,40,5,7,56,13,44,28,14,20,10,9,36,50,19,23,58,55,59,35,49,34,17,39,57,6,24,46,29,52,11
839662264591168054961977863705850473633	cd=375	7,56,51,12,42,21,3,48,1,32,58,23,30,33,24,6,36,9,18,45,27,54,31,62,52,11,61,47,15,60,20,10,28,14,2,16,50,19,4,8,55,59,38,25,5,40,43,53,39,57,13,44,22,26,29,46,41,37,17,34,35,49
record	m=36700160	7,56,51,12,21,42,3,48,32,1,23,58,33,30,24,6,9,36,18,45,54,27,31,62,52,11,61,47,60,15,10,20,14,28,16,2,50,19,4,8,55,59,25,38,40,5,53,43,57,39,13,44,26,22,29,46,41,37,17,34,49,35
661520157090953120095214733881513887946	cd=375	17,34,39,57,46,29,22,26,19,50,2,16,11,52,41,37,12,51,56,7,27,54,44,13,10,20,48,3,30,33,61,47,59,55,4,8,35,49,60,15,62,31,24,6,14,28,45,18,43,53,23,58,5,40,1,32,36,9,42,21,25,38
record	m=20643840	17,34,57,39,29,46,26,22,50,19,2,16,52,11,41,37,51,12,7,56,54,27,13,44,20,10,3,48,33,30,61,47,55,59,8,4,35,49,60,15,31,62,24,6,28,14,45,18,53,43,23,58,5,40,32,1,36,9,21,42,25,38
901354266904439920962334136358308379492	cd=383	30,33,8,4,47,61,16,2,55,59,39,57,37,41,44,13,40,5,19,50,60,15,24,6,34,17,56,7,9,36,12,51,32,1,45,18,21,42,48,3,58,23,29,46,38,25,49,35,10,20,43,53,54,27,31,62,28,14,26,22,11,52
record	m=4128768	33,30,4,8,61,47,2,16,55,59,57,39,41,37,13,44,5,40,50,19,15,60,24,6,17,34,7,56,9,36,51,12,32,1,18,45,21,42,3,48,23,58,29,46,38,25,49,35,10,20,43,53,54,27,62,31,28,14,26,22,52,11
1061815481588998682249068274576182912273	cd=311	4,8,13,44,38,25,50,19,55,59,29,46,26,22,7,56,30,33,49,35,32,1,53,43,17,34,37,41,62,31,52,11,23,58,20,10,39,57,16,2,51,12,42,21,54,27,36,9,24,6,40,5,14,28,48,3,18,45,15,60,47,61
record	m=14680064	4,8,13,44,25,38,50,19,55,59,29,46,26,22,7,56,30,33,35,49,32,1,53,43,17,34,41,37,31,62,52,11,23,58,20,10,57,39,2,16,51,12,21,42,54,27,36,9,24,6,5,40,28,14,3,48,45,18,60,15,61,47
300639829292764743445135015621058378189	cd=303	24,6,11,52,44,13,22,26,28,14,49,35,39,57,43,53,62,31,37,41,60,15,59,55,32,1,4,8,20,10,25,38,3,48,46,29,36,9,21,42,50,19,17,34,40,5,47,61,33,30,58,23,45,18,56,7,54,27,12,51,2,16
record	m=110100480	24,6,52,11,13,44,26,22,28,14,49,35,57,39,53,43,31,62,41,37,60,15,55,59,32,1,4,8,10,20,25,38,3,48,29,46,9,36,21,42,50,19,17,34,40,5,61,47,33,30,23,58,45,18,7,56,54,27,12,51,2,16
975085391767537670344002572989609130334	cd=355	42,21,60,15,48,3,22,26,59,55,36,9,25,38,6,24,43,53,58,23,18,45,5,40,37,41,34,17,12,51,27,54,57,39,49,35,14,28,47,61,20,10,62,31,1,32,4,8,2,16,50,19,33,30,13,44,52,11,46,29,7,56
record	m=2949120	21,42,60,15,3,48,26,22,55,59,9,36,38,25,24,6,53,43,23,58,18,45,40,5,41,37,17,34,51,12,54,27,39,57,35,49,28,14,61,47,10,20,31,62,1,32,4,8,2,16,50,19,33,30,13,44,11,52,29,46,7,56
598530506667199389205853388380378009489	cd=383	46,29,53,43,8,4,54,27,7,56,45,18,9,36,60,15,37,41,48,3,19,50,55,59,23,58,17,34,38,25,52,11,33,30,21,42,51,12,5,40,20,10,6,24,44,13,57,39,14,28,47,61,16,2,22,26,31,62,1,32,49,35
record	m=7340032	29,46,53,43,8,4,54,27,7,56,18,45,9,36,60,15,41,37,3,48,50,19,55,59,23,58,17,34,38,25,52,11,33,30,21,42,51,12,40,5,10,20,24,6,13,44,57,39,14,28,47,61,2,16,26,22,31,62,32,1,35,49
548911409997962393566697798791487257762	cd=343	26,22,38,25,21,42,16,2,9,36,53,43,61,47,23,58,54,27,13,44,10,20,37,41,39,57,33,30,15,60,48,3,17,34,29,46,24,6,62,31,49,35,51,12,56,7,50,19,28,14,59,55,18,45,8,4,11,52,40,5,1,32
record	m=11010048	26,22,25,38,21,42,2,16,9,36,53,43,61,47,23,58,54,27,13,44,20,10,41,37,57,39,33,30,60,15,3,48,17,34,29,46,24,6,31,62,35,49,51,12,7,56,50,19,28,14,55,59,18,45,4,8,52,11,40,5,1,32
844304018835539007494312924137916426709	cd=251	22,26,2,16,41,37,38,25,18,45,56,7,61,47,5,40,62,31,8,4,59,55,46,29,58,23,1,32,42,21,12,51,39,57,3,48,52,11,33,30,60,15,17,34,20,10,44,13,28,14,27,54,36,9,24,6,50,19,53,43,35,49
record	m=13762560	26,22,2,16,41,37,25,38,18,45,7,56,61,47,40,5,31,62,4,8,55,59,29,46,23,58,32,1,21,42,51,12,57,39,3,48,52,11,33,30,60,15,17,34,20,10,13,44,28,14,54,27,9,36,6,24,50,19,53,43,35,49
1080882174746258001184658766306452197236	cd=367	7,56,12,51,27,54,14,28,41,37,53,43,26,22,23,58,38,25,44,13,24,6,5,40,52,11,61,47,29,46,57,39,17,34,20,10,50,19,55,59,49,35,8,4,2,16,33,30,15,60,21,42,48,3,9,36,45,18,1,32,31,62
record	m=49545216	7,56,51,12,54,27,28,14,41,37,53,43,26,22,23,58,25,38,13,44,24,6,40,5,52,11,61,47,29,46,57,39,34,17,20,10,50,19,55,59,35,49,4,8,2,16,33,30,60,15,21,42,3,48,36,9,45,18,32,1,62,31
129216592837946828016703601805641802633	cd=331	26,22,41,37,42,21,44,13,20,10,32,1,16,2,31,62,48,3,9,36,53,43,25,38,23,58,61,47,52,11,6,24,15,60,5,40,57,39,27,54,34,17,35,49,33,30,4,8,14,28,45,18,55,59,29,46,12,51,19,50,56,7
record	m=15138816	26,22,41,37,21,42,13,44,20,10,32,1,2,16,31,62,48,3,9,36,53,43,25,38,23,58,61,47,52,11,24,6,60,15,40,5,57,39,54,27,17,34,49,35,33,30,4,8,28,14,18,45,55,59,29,46,12,51,50,19,56,7
1078507484633245139415286603402932922833	cd=371	40,5,51,12,3,48,23,58,36,9,16,2,55,59,33,30,13,44,54,27,35,49,45,18,6,24,39,57,43,53,50,19,15,60,42,21,20,10,47,61,17,34,1,32,46,29,28,14,4,8,11,52,25,38,7,56,41,37,22,26,31,62
record	m=1835008	40,5,51,12,3,48,23,58,9,36,2,16,55,59,33,30,13,44,54,27,35,49,18,45,24,6,57,39,53,43,50,19,15,60,21,42,10,20,61,47,34,17,32,1,29,46,14,28,4,8,11,52,38,25,56,7,37,41,26,22,31,62
563306748290273026995256696097871106281	cd=387	38,25,35,49,59,55,48,3,15,60,34,17,26,22,23,58,6,24,5,40,45,18,4,8,2,16,41,37,12,51,39,57,21,42,61,47,53,43,20,10,7,56,36,9,11,52,62,31,44,13,14,28,54,27,50,19,33,30,46,29,1,32
record	m=24772608	25,38,35,49,55,59,3,48,60,15,17,34,26,22,23,58,24,6,40,5,18,45,4,8,2,16,41,37,51,12,57,39,21,42,61,47,53,43,20,10,7,56,9,36,52,11,31,62,13,44,28,14,54,27,50,19,33,30,29,46,32,1
242083545807449929204442731846684778387	cd=387	4,8,2,16,59,55,30,33,25,38,1,32,57,39,17,34,49,35,27,54,6,24,20,10,43,53,31,62,18,45,12,51,61,47,60,15,19,50,13,44,46,29,52,11,41,37,9,36,40,5,23,58,3,48,26,22,42,21,56,7,28,14
record	m=22020096	4,8,2,16,55,59,33,30,25,38,32,1,57,39,17,34,35,49,54,27,24,6,20,10,53,43,31,62,18,45,51,12,61,47,60,15,19,50,44,13,46,29,52,11,41,37,9,36,40,5,23,58,3,48,26,22,21,42,7,56,14,28
105137741603095019380888184789475426502	cd=351	28,14,22,26,21,42,10,20,62,31,35,49,37,41,46,29,30,33,2,16,6,24,50,19,54,27,17,34,47,61,51,12,43,53,39,57,13,44,32,1,59,55,23,58,8,4,25,38,18,45,9,36,15,60,3,48,40,5,52,11,56,7
record	m=12386304	28,14,26,22,21,42,10,20,31,62,35,49,41,37,29,46,33,30,2,16,24,6,50,19,54,27,17,34,47,61,51,12,53,43,57,39,13,44,32,1,55,59,23,58,8,4,25,38,18,45,9,36,60,15,48,3,40,5,52,11,56,7
688669484485382257363419097383650055838	cd=359	58,23,29,46,57,39,62,31,24,6,40,5,55,59,35,49,25,38,34,17,52,11,18,45,51,12,21,42,60,15,48,3,10,20,53,43,26,22,14,28,13,44,8,4,30,33,1,32,54,27,7,56,19,50,47,61,16,2,36,9,37,41
record	m=2981888	23,58,29,46,57,39,31,62,24,6,40,5,55,59,35,49,25,38,34,17,52,11,18,45,51,12,21,42,60,15,3,48,20,10,53,43,26,22,28,14,13,44,4,8,30,33,32,1,27,54,7,56,50,19,61,47,2,16,9,36,41,37
900718321465494025859488363351268448160	cd=291	19,50,44,13,41,37,57,39,53,43,32,1,61,47,46,29,20,10,16,2,22,26,6,24,33,30,15,60,34,17,28,14,54,27,31,62,49,35,18,45,36,9,7,56,55,59,40,5,58,23,25,38,12,51,3,48,4,8,42,21,11,52
record	m=22937600	50,19,13,44,41,37,57,39,53,43,32,1,61,47,29,46,20,10,2,16,26,22,24,6,33,30,60,15,17,34,14,28,54,27,31,62,35,49,18,45,9,36,7,56,55,59,40,5,58,23,25,38,12,51,3,48,4,8,42,21,52,11
306417464065483268776370106829912201351	cd=343	43,53,29,46,32,1,10,20,48,3,59,55,26,22,60,15,37,41,13,44,19,50,23,58,8,4,34,17,27,54,24,6,40,5,33,30,52,11,25,38,36,9,51,12,14,28,57,39,61,47,56,7,35,49,21,42,18,45,31,62,2,16
record	m=1351680	53,43,29,46,32,1,20,10,3,48,55,59,26,22,60,15,41,37,13,44,19,50,23,58,8,4,17,34,54,27,24,6,40,5,33,30,52,11,25,38,36,9,51,12,28,14,39,57,47,61,7,56,35,49,21,42,18,45,31,62,2,16
665908916257285482512348100133188047480	cd=383	50,19,44,13,46,29,5,40,4,8,1,32,14,28,36,9,37,41,21,42,49,35,58,23,55,59,61,47,31,62,18,45,17,34,20,10,15,60,27,54,53,43,26,22,7,56,48,3,12,51,39,57,52,11,24,6,16,2,33,30,25,38
record	m=10321920	50,19,44,13,29,46,40,5,8,4,32,1,28,14,9,36,41,37,21,42,35,49,23,58,55,59,61,47,31,62,18,45,17,34,20,10,60,15,54,27,53,43,26,22,7,56,48,3,51,12,57,39,52,11,24,6,16,2,33,30,25,38
999171682570204885923296834270921406719	cd=343	26,22,25,38,58,23,11,52,53,43,42,21,35,49,37,41,10,20,3,48,18,45,5,40,30,33,50,19,32,1,13,44,24,6,17,34,7,56,16,2,15,60,39,57,31,62,28,14,9,36,47,61,12,51,54,27,29,46,4,8,55,59
record	m=12976128	26,22,25,38,23,58,52,11,43,53,21,42,35,49,41,37,20,10,3,48,18,45,40,5,33,30,50,19,32,1,13,44,24,6,17,34,7,56,2,16,60,15,57,39,31,62,28,14,9,36,61,47,51,12,54,27,46,29,4,8,55,59
949020921523233675721197991054408909073	cd=327	27,54,56,7,33,30,46,29,43,53,34,17,48,3,22,26,58,23,5,40,45,18,52,11,9,36,24,6,1,32,35,49,39,57,62,31,41,37,14,28,10,20,25,38,47,61,51,12,2,16,21,42,8,4,60,15,19,50,13,44,59,55
record	m=16515072	54,27,7,56,33,30,29,46,53,43,17,34,3,48,26,22,23,58,40,5,18,45,52,11,9,36,6,24,32,1,35,49,39,57,31,62,41,37,28,14,20,10,25,38,47,61,51,12,2,16,21,42,8,4,60,15,19,50,13,44,55,59
397293187535238881957720419480084126403	cd=251	25,38,51,12,58,23,4,8,21,42,59,55,5,40,35,49,61,47,3,48,36,9,29,46,28,14,54,27,17,34,57,39,24,6,60,15,7,56,20,10,1,32,50,19,11,52,18,45,53,43,31,62,13,44,2,16,30,33,37,41,26,22
record	m=3075072	25,38,51,12,23,58,8,4,21,42,55,59,40,5,35,49,61,47,3,48,9,36,29,46,28,14,54,27,17,34,57,39,24,6,15,60,56,7,20,10,32,1,19,50,52,11,18,45,53,43,31,62,44,13,2,16,30,33,41,37,22,26
516683172285573212787903660573120397310	cd=351	20,10,56,7,30,33,21,42,19,50,57,39,37,41,16,2,43,53,24,6,11,52,29,46,26,22,12,51,23,58,40,5,17,34,48,3,32,1,13,44,59,55,15,60,45,18,9,36,38,25,61,47,27,54,28,14,49,35,4,8,62,31
record	m=12582912	20,10,7,56,33,30,21,42,50,19,57,39,41,37,2,16,53,43,24,6,52,11,29,46,26,22,51,12,23,58,40,5,17,34,3,48,32,1,13,44,55,59,60,15,18,45,9,36,38,25,61,47,54,27,28,14,49,35,4,8,31,62
532623608982324401934427574429237200490	cd=363	11,52,19,50,47,61,20,10,5,40,35,49,58,23,2,16,48,3,32,1,13,44,41,37,33,30,59,55,15,60,4,8,28,14,39,57,21,42,26,22,24,6,12,51,45,18,43,53,34,17,29,46,36,9,54,27,56,7,25,38,62,31
record	m=11698176	52,11,50,19,61,47,10,20,40,5,35,49,23,58,2,16,3,48,32,1,13,44,41,37,33,30,55,59,60,15,4,8,28,14,39,57,21,42,26,22,24,6,51,12,18,45,53,43,17,34,29,46,9,36,54,27,7,56,25,38,62,31
104967717422599958897756963074270531398	cd=355	40,5,60,15,48,3,14,28,42,21,49,35,31,62,18,45,25,38,32,1,9,36,51,12,22,26,34,17,59,55,50,19,58,23,54,27,53,43,57,39,44,13,24,6,33,30,16,2,46,29,37,41,47,61,4,8,11,52,20,10,56,7
record	m=14680064	40,5,60,15,48,3,14,28,21,42,35,49,31,62,18,45,25,38,32,1,9,36,51,12,26,22,17,34,55,59,50,19,58,23,54,27,53,43,57,39,13,44,24,6,33,30,2,16,29,46,41,37,61,47,4,8,52,11,10,20,7,56
775072453935604324584151912083700089538	cd=383	50,19,61,47,60,15,48,3,46,29,27,54,59,55,17,34,51,12,2,16,36,9,32,1,11,52,14,28,57,39,6,24,18,45,43,53,35,49,41,37,56,7,20,10,62,31,8,4,26,22,23,58,33,30,25,38,42,21,5,40,13,44
record	m=4816896	50,19,61,47,60,15,3,48,29,46,54,27,55,59,17,34,51,12,2,16,9,36,32,1,52,11,28,14,39,57,6,24,18,45,53,43,49,35,41,37,7,56,20,10,31,62,4,8,26,22,58,23,33,30,25,38,21,42,40,5,44,13
1018454739965705665712790356431820199866	cd=311	60,15,40,5,53,43,26,22,10,20,23,58,11,52,6,24,48,3,8,4,37,41,29,46,13,44,25,38,39,57,36,9,34,17,51,12,56,7,27,54,28,14,49,35,62,31,21,42,32,1,19,50,61,47,33,30,16,2,18,45,55,59
record	m=4055040	60,15,40,5,53,43,26,22,10,20,23,58,52,11,24,6,3,48,4,8,41,37,29,46,13,44,25,38,39,57,9,36,17,34,51,12,7,56,54,27,28,14,49,35,31,62,21,42,32,1,19,50,61,47,33,30,2,16,18,45,55,59
503183534610021149541620488634134172083	cd=375	17,34,39,57,52,11,18,45,24,6,47,61,2,16,7,56,43,53,5,40,35,49,20,10,51,12,4,8,59,55,48,3,23,58,32,1,19,50,36,9,29,46,37,41,31,62,22,26,21,42,27,54,38,25,30,33,15,60,13,44,14,28
record	m=2064384	17,34,57,39,52,11,18,45,24,6,47,61,2,16,7,56,53,43,40,5,35,49,20,10,51,12,4,8,59,55,3,48,23,58,32,1,19,50,36,9,29,46,41,37,31,62,26,22,21,42,54,27,25,38,33,30,60,15,44,13,28,14
629738193531652542559218690683027589415	cd=311	21,42,11,52,25,38,32,1,4,8,18,45,15,60,10,20,7,56,44,13,19,50,31,62,30,33,43,53,23,58,12,51,47,61,24,6,2,16,3,48,59,55,29,46,5,40,35,49,14,28,9,36,57,39,34,17,22,26,54,27,41,37
record	m=11354112	21,42,52,11,25,38,32,1,4,8,18,45,60,15,20,10,7,56,13,44,50,19,31,62,30,33,53,43,23,58,51,12,61,47,6,24,2,16,3,48,55,59,29,46,40,5,35,49,14,28,9,36,57,39,17,34,26,22,54,27,41,37
413740623496739236677575195105462004202	cd=295	13,44,9,36,24,6,47,61,2,16,42,21,19,50,39,57,62,31,41,37,49,35,27,54,23,58,18,45,5,40,33,30,53,43,26,22,15,60,10,20,52,11,12,51,48,3,1,32,14,28,59,55,29,46,8,4,17,34,56,7,38,25
record	m=13631488	13,44,9,36,24,6,47,61,2,16,21,42,50,19,57,39,31,62,41,37,35,49,54,27,23,58,18,45,40,5,33,30,53,43,26,22,60,15,20,10,11,52,51,12,3,48,32,1,28,14,55,59,29,46,4,8,17,34,7,56,25,38
623846142831621770666811045000681020271	cd=347	45,18,25,38,49,35,31,62,15,60,8,4,24,6,14,28,7,56,54,27,59,55,17,34,36,9,3,48,51,12,42,21,33,30,40,5,58,23,1,32,19,50,53,43,39,57,13,44,52,11,47,61,20,10,46,29,26,22,2,16,41,37
record	m=22708224	18,45,25,38,35,49,31,62,60,15,4,8,24,6,28,14,7,56,54,27,55,59,17,34,9,36,3,48,51,12,21,42,33,30,40,5,58,23,1,32,50,19,53,43,57,39,13,44,52,11,61,47,10,20,46,29,26,22,2,16,41,37
671077307430253787509125654549292626224	cd=327	49,35,28,14,45,18,7,56,31,62,15,60,17,34,33,30,46,29,52,11,55,59,26,22,1,32,39,57,61,47,3,48,40,5,2,16,27,54,24,6,12,51,23,58,42,21,36,9,20,10,19,50,8,4,53,43,13,44,37,41,25,38
record	m=10223616	35,49,14,28,18,45,7,56,31,62,60,15,17,34,33,30,29,46,52,11,55,59,26,22,32,1,57,39,61,47,3,48,40,5,2,16,54,27,24,6,51,12,23,58,42,21,9,36,20,10,50,19,4,8,43,53,13,44,41,37,38,25
12636305335158932437199841840424515583	cd=359	10,20,43,53,56,7,31,62,12,51,23,58,25,38,28,14,19,50,44,13,9,36,60,15,45,18,48,3,21,42,16,2,49,35,40,5,8,4,26,22,54,27,41,37,47,61,39,57,29,46,59,55,30,33,52,11,34,17,6,24,32,1
record	m=41287680	20,10,53,43,7,56,31,62,51,12,23,58,25,38,28,14,50,19,13,44,9,36,60,15,18,45,3,48,21,42,2,16,49,35,40,5,4,8,26,22,54,27,41,37,61,47,57,39,46,29,55,59,33,30,52,11,17,34,6,24,32,1
1078659622050132735898182347305737029986	cd=387	25,38,13,44,4,8,46,29,10,20,3,48,59,55,5,40,51,12,47,61,15,60,56,7,49,35,50,19,53,43,30,33,45,18,16,2,36,9,54,27,14,28,23,58,24,6,39,57,21,42,1,32,41,37,34,17,11,52,22,26,31,62
record	m=7340032	25,38,13,44,4,8,29,46,20,10,3,48,55,59,40,5,51,12,61,47,60,15,7,56,35,49,50,19,53,43,33,30,45,18,2,16,9,36,54,27,28,14,23,58,24,6,57,39,21,42,1,32,41,37,17,34,52,11,22,26,31,62
898994690121278651661215908300638949280	cd=359	3,48,53,43,27,54,28,14,12,51,15,60,39,57,33,30,2,16,38,25,19,50,49,35,36,9,10,20,56,7,45,18,55,59,13,44,21,42,24,6,4,8,31,62,23,58,5,40,1,32,26,22,29,46,37,41,61,47,34,17,11,52
record	m=22020096	3,48,53,43,54,27,28,14,12,51,60,15,57,39,33,30,2,16,25,38,50,19,35,49,9,36,20,10,7,56,18,45,55,59,13,44,21,42,24,6,4,8,31,62,23,58,5,40,1,32,26,22,29,46,41,37,61,47,34,17,52,11
620127020021570441167900357947242623548	cd=387	51,12,42,21,4,8,45,18,35,49,54,27,15,60,3,48,1,32,22,26,38,25,11,52,61,47,55,59,2,16,9,36,58,23,6,24,62,31,46,29,28,14,56,7,30,33,39,57,40,5,34,17,19,50,53,43,13,44,20,10,41,37
record	m=32440320	51,12,21,42,4,8,18,45,35,49,54,27,60,15,48,3,32,1,26,22,25,38,52,11,47,61,55,59,2,16,9,36,23,58,24,6,31,62,29,46,14,28,56,7,30,33,57,39,5,40,34,17,19,50,53,43,13,44,20,10,41,37
701726520305901619884614139855210205994	cd=323	53,43,24,6,15,60,29,46,54,27,35,49,14,28,17,34,19,50,20,10,57,39,32,1,38,25,2,16,56,7,47,61,36,9,44,13,40,5,3,48,62,31,45,18,23,58,8,4,55,59,42,21,11,52,51,12,26,22,30,33,37,41
record	m=983040	53,43,24,6,60,15,29,46,54,27,35,49,28,14,34,17,50,19,20,10,57,39,32,1,25,38,2,16,7,56,61,47,9,36,13,44,5,40,3,48,62,31,45,18,23,58,8,4,59,55,21,42,11,52,51,12,26,22,30,33,41,37
328780119742887573296880588267505058639	cd=295	56,7,45,18,29,46,32,1,26,22,38,25,62,31,60,15,57,39,49,35,2,16,48,3,41,37,34,17,52,11,47,61,14,28,4,8,30,33,53,43,13,44,55,59,24,6,20,10,12,51,36,9,27,54,42,21,23,58,5,40,50,19
record	m=6881280	7,56,18,45,29,46,32,1,26,22,25,38,31,62,60,15,57,39,49,35,2,16,3,48,41,37,17,34,52,11,61,47,14,28,4,8,30,33,53,43,13,44,55,59,24,6,20,10,51,12,9,36,54,27,21,42,58,23,40,5,19,50
124582980857383831248757771295377350812	cd=387	60,15,14,28,11,52,39,57,3,48,1,32,2,16,9,36,45,18,46,29,22,26,8,4,17,34,41,37,6,24,27,54,35,49,33,30,47,61,62,31,13,44,21,42,51,12,10,20,55,59,50,19,38,25,23,58,5,40,53,43,56,7
record	m=16515072	60,15,28,14,52,11,57,39,3,48,32,1,2,16,9,36,18,45,29,46,26,22,4,8,17,34,41,37,6,24,54,27,35,49,33,30,61,47,31,62,13,44,21,42,51,12,20,10,59,55,50,19,25,38,23,58,5,40,53,43,7,56
982039270613943211501085497083092643257	cd=359	21,42,62,31,5,40,41,37,22,26,30,33,51,12,58,23,20,10,36,9,19,50,57,39,53,43,3,48,35,49,61,47,54,27,16,2,24,6,28,14,34,17,46,29,18,45,11,52,13,44,59,55,32,1,8,4,15,60,25,38,7,56
record	m=4128768	21,42,31,62,40,5,41,37,26,22,30,33,51,12,23,58,20,10,9,36,50,19,57,39,53,43,3,48,35,49,61,47,54,27,2,16,24,6,28,14,34,17,29,46,18,45,52,11,13,44,55,59,32,1,4,8,60,15,25,38,56,7
836438812985083094220976986967639585224	cd=299	3,48,42,21,4,8,22,26,24,6,44,13,60,15,39,57,10,20,19,50,37,41,16,2,30,33,34,17,29,46,56,7,55,59,53,43,62,31,45,18,25,38,36,9,5,40,27,54,58,23,61,47,52,11,12,51,32,1,14,28,35,49
record	m=33030144	3,48,21,42,4,8,26,22,24,6,13,44,60,15,57,39,20,10,50,19,41,37,2,16,30,33,17,34,46,29,7,56,59,55,43,53,31,62,18,45,25,38,36,9,40,5,54,27,23,58,61,47,11,52,51,12,32,1,28,14,49,35
229290417537645106707637892600043985749	cd=327	6,24,39,57,32,1,27,54,20,10,5,40,36,9,12,51,47,61,43,53,23,58,31,62,30,33,21,42,49,35,15,60,45,18,56,7,8,4,11,52,16,2,41,37,34,17,26,22,14,28,19,50,3,48,25,38,59,55,29,46,44,13
record	m=8257536	24,6,57,39,32,1,27,54,20,10,40,5,9,36,51,12,61,47,53,43,23,58,31,62,30,33,21,42,35,49,60,15,18,45,7,56,4,8,52,11,2,16,41,37,17,34,26,22,28,14,50,19,3,48,25,38,55,59,29,46,13,44
343646766047198327136295818600271758404	cd=347	25,38,62,31,8,4,30,33,55,59,11,52,37,41,44,13,35,49,27,54,26,22,56,7,19,50,58,23,5,40,14,28,46,29,57,39,17,34,16,2,43,53,61,47,60,15,48,3,45,18,20,10,32,1,12,51,9,36,24,6,42,21
record	m=30965760	25,38,31,62,4,8,33,30,55,59,52,11,41,37,13,44,35,49,54,27,26,22,7,56,50,19,23,58,40,5,28,14,29,46,57,39,17,34,16,2,43,53,47,61,15,60,3,48,18,45,20,10,32,1,51,12,9,36,6,24,21,42
175228880424057220738652775103281402540	cd=347	42,21,26,22,58,23,46,29,57,39,41,37,28,14,4,8,25,38,30,33,17,34,59,55,47,61,20,10,35,49,40,5,1,32,24,6,48,3,15,60,62,31,51,12,9,36,18,45,54,27,56,7,53,43,2,16,50,19,44,13,52,11
record	m=10321920	21,42,26,22,23,58,29,46,57,39,41,37,28,14,4,8,25,38,33,30,17,34,55,59,61,47,10,20,49,35,40,5,32,1,24,6,3,48,60,15,31,62,51,12,9,36,18,45,54,27,7,56,53,43,2,16,50,19,44,13,52,11
829630931949954930779015124051872592553	cd=359	25,38,7,56,36,9,40,5,18,45,43,53,44,13,4,8,55,59,58,23,26,22,47,61,41,37,51,12,16,2,24,6,42,21,52,11,50,19,20,10,30,33,32,1,31,62,29,46,48,3,39,57,28,14,34,17,54,27,60,15,35,49
record	m=5242880	25,38,7,56,9,36,40,5,18,45,53,43,13,44,4,8,55,59,23,58,26,22,61,47,41,37,51,12,2,16,6,24,21,42,52,11,50,19,20,10,30,33,32,1,31,62,29,46,3,48,57,39,14,28,17,34,54,27,60,15,35,49
934376595901578589518584783220244871991	cd=363	28,14,43,53,39,57,10,20,49,35,61,47,9,36,46,29,60,15,21,42,62,31,27,54,37,41,44,13,2,16,22,26,6,24,32,1,23,58,5,40,33,30,48,3,19,50,11,52,34,17,8,4,38,25,7,56,12,51,45,18,59,55
record	m=6881280	28,14,43,53,57,39,20,10,35,49,61,47,9,36,29,46,60,15,21,42,31,62,54,27,41,37,13,44,2,16,26,22,24,6,32,1,23,58,5,40,33,30,3,48,50,19,52,11,17,34,4,8,25,38,7,56,51,12,18,45,55,59
563860808746917383247181908241382420959	cd=331	40,5,57,39,41,37,14,28,20,10,53,43,49,35,48,3,16,2,11,52,60,15,6,24,51,12,26,22,59,55,33,30,8,4,34,17,9,36,54,27,50,19,29,46,13,44,61,47,38,25,56,7,42,21,18,45,58,23,62,31,1,32
record	m=1462272	40,5,57,39,41,37,28,14,20,10,53,43,35,49,3,48,2,16,52,11,15,60,24,6,51,12,26,22,55,59,33,30,4,8,17,34,9,36,54,27,50,19,29,46,13,44,61,47,25,38,7,56,21,42,45,18,23,58,31,62,32,1
925642968495749309425448011426909648843	cd=371	28,14,44,13,2,16,33,30,61,47,57,39,51,12,58,23,35,49,4,8,40,5,36,9,54,27,11,52,26,22,34,17,37,41,19,50,42,21,24,6,31,62,25,38,60,15,29,46,18,45,43,53,32,1,7,56,10,20,48,3,59,55
record	m=83886080	28,14,13,44,2,16,33,30,61,47,57,39,51,12,23,58,35,49,4,8,40,5,9,36,27,54,52,11,26,22,17,34,41,37,50,19,21,42,24,6,31,62,25,38,60,15,29,46,18,45,53,43,32,1,7,56,20,10,48,3,55,59
762115047198159526645786472375271549583	cd=367	6,24,39,57,21,42,9,36,55,59,53,43,34,17,58,23,48,3,10,20,4,8,29,46,32,1,18,45,12,51,31,62,28,14,40,5,47,61,37,41,25,38,52,11,49,35,33,30,2,16,54,27,60,15,26,22,56,7,50,19,13,44
record	m=12976128	24,6,57,39,21,42,9,36,55,59,53,43,17,34,23,58,3,48,20,10,8,4,29,46,32,1,18,45,51,12,31,62,28,14,40,5,61,47,41,37,25,38,52,11,35,49,33,30,2,16,54,27,60,15,26,22,7,56,50,19,13,44
427709501397654911897684082933709782397	cd=375	14,28,10,20,8,4,18,45,53,43,13,44,48,3,33,30,54,27,12,51,58,23,40,5,22,26,49,35,7,56,19,50,36,9,37,41,46,29,59,55,11,52,16,2,42,21,47,61,60,15,6,24,31,62,32,1,57,39,17,34,38,25
record	m=3047424	28,14,20,10,4,8,18,45,53,43,13,44,48,3,33,30,54,27,51,12,23,58,40,5,22,26,35,49,7,56,50,19,9,36,41,37,29,46,55,59,52,11,2,16,21,42,61,47,15,60,6,24,31,62,1,32,57,39,17,34,38,25
120234327614452737607931166405528377300	cd=363	20,10,12,51,60,15,4,8,48,3,26,22,59,55,25,38,42,21,1,32,17,34,11,52,54,27,36,9,45,18,19,50,31,62,29,46,28,14,39,57,43,53,6,24,61,47,33,30,13,44,2,16,5,40,58,23,37,41,49,35,56,7
record	m=983040	20,10,51,12,60,15,4,8,3,48,26,22,55,59,25,38,21,42,1,32,17,34,52,11,27,54,9,36,45,18,50,19,62,31,46,29,14,28,57,39,53,43,24,6,47,61,33,30,13,44,2,16,40,5,23,58,41,37,35,49,7,56
114707072487927556826911399545649589898	cd=359	39,57,41,37,47,61,24,6,50,19,55,59,33,30,5,40,18,45,46,29,16,2,17,34,8,4,21,42,3,48,20,10,58,23,43,53,25,38,26,22,11,52,28,14,49,35,36,9,44,13,15,60,32,1,31,62,12,51,54,27,56,7
record	m=12386304	57,39,41,37,61,47,6,24,50,19,55,59,33,30,40,5,18,45,29,46,2,16,17,34,4,8,21,42,3,48,20,10,23,58,53,43,25,38,22,26,11,52,28,14,35,49,9,36,13,44,60,15,1,32,31,62,12,51,54,27,7,56
123654230229336473482808990266381114995	cd=383	35,49,27,54,30,33,60,15,2,16,23,58,20,10,40,5,43,53,47,61,46,29,18,45,28,14,44,13,37,41,34,17,55,59,22,26,52,11,1,32,9,36,4,8,62,31,57,39,24,6,12,51,50,19,48,3,38,25,21,42,56,7
record	m=10321920	35,49,54,27,33,30,60,15,2,16,23,58,20,10,40,5,53,43,61,47,29,46,18,45,28,14,13,44,41,37,17,34,55,59,26,22,52,11,32,1,9,36,8,4,31,62,57,39,24,6,12,51,50,19,48,3,25,38,21,42,7,56
947947456104244365356643837039567043719	cd=355	7,56,38,25,20,10,22,26,49,35,1,32,28,14,16,2,51,12,37,41,47,61,5,40,4,8,36,9,53,43,29,46,17,34,6,24,58,23,11,52,39,57,44,13,19,50,27,54,48,3,18,45,15,60,62,31,30,33,21,42,59,55
record	m=17203200	7,56,25,38,20,10,26,22,35,49,32,1,28,14,2,16,51,12,41,37,61,47,40,5,8,4,9,36,53,43,29,46,17,34,24,6,23,58,52,11,57,39,13,44,50,19,54,27,3,48,45,18,60,15,62,31,30,33,21,42,59,55
623251558163152639384597351176066768229	cd=359	42,21,55,59,39,57,43,53,6,24,30,33,45,18,11,52,19,50,40,5,58,23,28,14,9,36,7,56,47,61,38,25,27,54,12,51,35,49,31,62,20,10,13,44,2,16,8,4,32,1,34,17,48,3,26,22,46,29,60,15,41,37
record	m=10485760	21,42,55,59,39,57,53,43,24,6,33,30,18,45,52,11,50,19,5,40,23,58,28,14,9,36,7,56,61,47,38,25,27,54,12,51,35,49,31,62,20,10,13,44,2,16,4,8,32,1,34,17,3,48,26,22,29,46,60,15,41,37
949798678062946235591787509116613640293	cd=351	46,29,39,57,24,6,28,14,30,33,51,12,32,1,23,58,5,40,61,47,9,36,54,27,50,19,20,10,31,62,13,44,41,37,22,26,17,34,35,49,4,8,11,52,16,2,42,21,48,3,53,43,60,15,25,38,7,56,18,45,59,55
record	m=12386304	29,46,57,39,24,6,28,14,30,33,51,12,32,1,23,58,40,5,61,47,9,36,54,27,50,19,20,10,31,62,13,44,41,37,22,26,17,34,35,49,4,8,52,11,2,16,21,42,3,48,53,43,60,15,25,38,7,56,18,45,55,59
547905343912360643882951613748659438658	cd=275	34,17,4,8,46,29,56,7,12,51,38,25,59,55,22,26,50,19,30,33,35,49,14,28,41,37,16,2,54,27,39,57,21,42,13,44,9,36,18,45,52,11,58,23,6,24,60,15,20,10,62,31,61,47,53,43,5,40,48,3,1,32
record	m=49545216	17,34,4,8,29,46,7,56,51,12,25,38,55,59,26,22,50,19,30,33,35,49,14,28,41,37,2,16,54,27,57,39,21,42,13,44,9,36,18,45,52,11,23,58,24,6,60,15,20,10,31,62,61,47,53,43,40,5,48,3,1,32
461175087319031901850277728815905781017	cd=311	45,18,30,33,54,27,20,10,50,19,44,13,14,28,36,9,35,49,43,53,46,29,25,38,48,3,40,5,61,47,6,24,12,51,2,16,56,7,55,59,17,34,15,60,32,1,11,52,8,4,23,58,41,37,39,57,21,42,62,31,22,26
record	m=3784704	18,45,33,30,54,27,20,10,50,19,44,13,28,14,9,36,35,49,53,43,29,46,38,25,3,48,40,5,61,47,6,24,51,12,2,16,7,56,55,59,17,34,60,15,1,32,52,11,4,8,58,23,37,41,39,57,21,42,62,31,26,22
7942104130629305598286929716731446165	cd=387	7,56,20,10,12,51,42,21,48,3,60,15,53,43,11,52,61,47,62,31,39,57,9,36,17,34,35,49,19,50,44,13,41,37,16,2,46,29,54,27,33,30,4,8,6,24,18,45,59,55,58,23,26,22,38,25,5,40,28,14,32,1
record	m=16515072	7,56,20,10,51,12,21,42,3,48,60,15,53,43,11,52,61,47,31,62,57,39,9,36,17,34,35,49,50,19,44,13,41,37,2,16,29,46,54,27,33,30,4,8,6,24,18,45,55,59,23,58,22,26,25,38,40,5,28,14,32,1
208990155765811498142392458056217150092	cd=383	43,53,1,32,5,40,29,46,62,31,28,14,34,17,25,38,37,41,12,51,20,10,18,45,21,42,39,57,16,2,61,47,49,35,27,54,23,58,55,59,9,36,24,6,48,3,30,33,52,11,7,56,50,19,22,26,15,60,4,8,44,13
record	m=5160960	53,43,32,1,40,5,29,46,31,62,28,14,34,17,25,38,41,37,51,12,20,10,18,45,21,42,57,39,2,16,47,61,35,49,54,27,23,58,59,55,36,9,24,6,48,3,30,33,52,11,56,7,50,19,26,22,60,15,4,8,13,44
358809214410288307761603735745281761606	cd=363	16,2,56,7,12,51,23,58,11,52,40,5,36,9,48,3,25,38,45,18,24,6,19,50,39,57,60,15,28,14,54,27,20,10,22,26,32,1,59,55,37,41,8,4,49,35,44,13,30,33,53,43,61,47,31,62,29,46,17,34,42,21
record	m=5505024	2,16,7,56,51,12,23,58,52,11,40,5,9,36,3,48,25,38,45,18,24,6,50,19,57,39,15,60,14,28,54,27,10,20,26,22,32,1,55,59,41,37,4,8,35,49,13,44,30,33,53,43,61,47,31,62,29,46,17,34,42,21
1025109819857994595476644296575335943631	cd=379	20,10,11,52,14,28,36,9,34,17,29,46,35,49,23,58,41,37,43,53,47,61,22,26,50,19,7,56,12,51,21,42,44,13,25,38,8,4,54,27,15,60,3,48,6,24,33,30,5,40,1,32,2,16,18,45,62,31,39,57,55,59
record	m=401408	20,10,11,52,28,14,9,36,17,34,29,46,35,49,23,58,41,37,43,53,47,61,26,22,50,19,7,56,51,12,21,42,13,44,25,38,4,8,27,54,60,15,3,48,6,24,33,30,40,5,32,1,2,16,18,45,31,62,57,39,59,55
434169768631346426649505208785757115172	cd=355	7,56,12,51,43,53,21,42,26,22,2,16,52,11,57,39,9,36,58,23,37,41,61,47,4,8,34,17,40,5,46,29,6,24,3,48,35,49,33,30,20,10,28,14,54,27,13,44,15,60,55,59,50,19,1,32,31,62,18,45,38,25
record	m=2064384	7,56,51,12,53,43,42,21,26,22,2,16,52,11,57,39,9,36,23,58,41,37,61,47,4,8,17,34,40,5,29,46,24,6,3,48,35,49,33,30,20,10,28,14,54,27,13,44,15,60,55,59,50,19,32,1,62,31,18,45,25,38
100375274250558189325772530934275421319	cd=383	25,38,20,10,27,54,36,9,49,35,3,48,62,31,43,53,12,51,57,39,24,6,55,59,32,1,23,58,30,33,18,45,5,40,13,44,34,17,19,50,11,52,21,42,15,60,16,2,22,26,46,29,41,37,7,56,14,28,47,61,8,4
record	m=3244032	25,38,20,10,54,27,9,36,35,49,3,48,62,31,53,43,51,12,57,39,24,6,55,59,32,1,23,58,33,30,18,45,40,5,13,44,34,17,19,50,52,11,21,42,60,15,2,16,26,22,29,46,41,37,7,56,28,14,61,47,4,8
1094302333359853880169231067487345344453	cd=367	42,21,38,25,16,2,51,12,44,13,36,9,61,47,5,40,28,14,29,46,58,23,20,10,3,48,60,15,34,17,50,19,30,33,18,45,59,55,56,7,43,53,24,6,4,8,49,35,32,1,52,11,41,37,26,22,27,54,39,57,31,62
record	m=13516800	21,42,25,38,2,16,51,12,13,44,9,36,61,47,40,5,28,14,29,46,23,58,20,10,3,48,60,15,17,34,50,19,33,30,18,45,55,59,7,56,53,43,24,6,8,4,35,49,32,1,11,52,37,41,22,26,54,27,57,39,31,62
1023283051948309137331887561683340795740	cd=351	53,43,10,20,26,22,16,2,51,12,33,30,47,61,7,56,32,1,42,21,6,24,44,13,57,39,15,60,29,46,31,62,18,45,25,38,58,23,40,5,27,54,50,19,28,14,35,49,3,48,4,8,34,17,9,36,37,41,11,52,55,59
record	m=59637760	53,43,20,10,26,22,2,16,51,12,33,30,61,47,7,56,32,1,21,42,24,6,13,44,57,39,60,15,29,46,31,62,18,45,25,38,23,58,40,5,54,27,50,19,28,14,35,49,3,48,4,8,17,34,9,36,37,41,11,52,55,59
399246564595792087429010153362948412943	cd=351	39,57,52,11,17,34,6,24,30,33,51,12,8,4,10,20,48,3,31,62,16,2,42,21,60,15,61,47,58,23,59,55,38,25,53,43,5,40,50,19,27,54,9,36,56,7,29,46,45,18,1,32,41,37,14,28,49,35,13,44,26,22
record	m=2883584	57,39,52,11,17,34,24,6,30,33,51,12,4,8,20,10,3,48,62,31,2,16,21,42,60,15,61,47,23,58,55,59,25,38,53,43,40,5,19,50,54,27,9,36,7,56,29,46,18,45,32,1,41,37,28,14,49,35,13,44,26,22
714634188664608074077231956749391282775	cd=335	2,16,8,4,18,45,30,33,53,43,48,3,34,17,40,5,60,15,25,38,55,59,46,29,23,58,62,31,26,22,1,32,49,35,14,28,10,20,19,50,13,44,9,36,61,47,54,27,21,42,39,57,52,11,24,6,12,51,7,56,37,41
record	m=99090432	2,16,4,8,18,45,33,30,53,43,3,48,17,34,40,5,60,15,25,38,55,59,29,46,23,58,31,62,26,22,32,1,35,49,28,14,20,10,50,19,44,13,9,36,61,47,54,27,21,42,57,39,52,11,24,6,51,12,7,56,37,41
120756041581974065082082365750608790017	cd=387	12,51,40,5,35,49,41,37,42,21,19,50,38,25,58,23,2,16,3,48,57,39,1,32,28,14,60,15,61,47,11,52,18,45,6,24,53,43,20,10,8,4,17,34,59,55,13,44,29,46,22,26,62,31,30,33,54,27,9,36,56,7
record	m=19660800	51,12,40,5,35,49,41,37,21,42,50,19,25,38,23,58,2,16,3,48,57,39,32,1,28,14,60,15,61,47,52,11,18,45,24,6,53,43,20,10,4,8,17,34,55,59,13,44,46,29,26,22,31,62,30,33,54,27,9,36,7,56
56943228001190545286400606457887060648	cd=263	54,27,19,50,17,34,26,22,18,45,33,30,13,44,14,28,36,9,40,5,23,58,39,57,37,41,51,12,1,32,24,6,46,29,62,31,56,7,53,43,49,35,48,3,20,10,15,60,21,42,11,52,38,25,55,59,8,4,61,47,16,2
record	m=8257536	54,27,50,19,17,34,26,22,18,45,33,30,13,44,28,14,9,36,40,5,23,58,57,39,41,37,51,12,32,1,24,6,29,46,31,62,7,56,53,43,49,35,48,3,20,10,60,15,21,42,11,52,38,25,59,55,4,8,61,47,16,2
431629820663547252098543922234792784869	cd=367	10,20,50,19,24,6,30,33,43,53,13,44,54,27,2,16,14,28,41,37,26,22,12,51,52,11,58,23,18,45,9,36,47,61,40,5,7,56,34,17,60,15,55,59,35,49,31,62,46,29,3,48,39,57,8,4,1,32,21,42,38,25
record	m=12582912	20,10,50,19,24,6,33,30,53,43,13,44,54,27,2,16,28,14,41,37,26,22,51,12,52,11,23,58,18,45,9,36,61,47,40,5,7,56,17,34,60,15,55,59,35,49,31,62,46,29,3,48,57,39,4,8,32,1,21,42,25,38
846528206486196064172831567498825809332	cd=367	13,44,32,1,45,18,50,19,2,16,21,42,51,12,53,43,30,33,11,52,31,62,55,59,8,4,9,36,34,17,41,37,22,26,24,6,57,39,54,27,58,23,38,25,3,48,5,40,28,14,20,10,15,60,47,61,7,56,29,46,35,49
record	m=11010048	13,44,32,1,45,18,50,19,2,16,21,42,51,12,53,43,33,30,52,11,31,62,55,59,4,8,9,36,17,34,41,37,22,26,6,24,57,39,27,54,23,58,25,38,3,48,5,40,28,14,20,10,60,15,61,47,56,7,29,46,35,49
289491041310262953673947044820523881303	cd=319	39,57,24,6,58,23,18,45,35,49,53,43,19,50,10,20,36,9,28,14,27,54,37,41,21,42,61,47,30,33,11,52,22,26,40,5,48,3,38,25,13,44,55,59,4,8,34,17,56,7,31,62,60,15,46,29,51,12,1,32,2,16
record	m=15138816	57,39,24,6,23,58,18,45,35,49,53,43,50,19,20,10,9,36,28,14,54,27,41,37,21,42,61,47,33,30,52,11,26,22,5,40,3,48,25,38,13,44,55,59,8,4,17,34,7,56,31,62,60,15,29,46,12,51,32,1,2,16
732002806833501092985499980562289632408	cd=303	54,27,61,47,32,1,59,55,8,4,26,22,36,9,31,62,10,20,49,35,43,53,29,46,28,14,58,23,18,45,11,52,57,39,2,16,24,6,17,34,5,40,37,41,13,44,56,7,33,30,60,15,12,51,48,3,50,19,38,25,21,42
record	m=3317760	54,27,61,47,32,1,55,59,4,8,26,22,36,9,31,62,20,10,35,49,53,43,29,46,28,14,23,58,18,45,52,11,57,39,2,16,24,6,17,34,40,5,41,37,13,44,7,56,33,30,60,15,12,51,3,48,19,50,25,38,42,21
385839061942729574366150998047094654534	cd=299	13,44,14,28,49,35,11,52,6,24,19,50,25,38,42,21,56,7,12,51,53,43,60,15,61,47,62,31,9,36,2,16,33,30,27,54,39,57,10,20,5,40,32,1,48,3,41,37,46,29,59,55,8,4,23,58,17,34,45,18,26,22
record	m=10321920	13,44,28,14,35,49,52,11,24,6,50,19,25,38,21,42,7,56,51,12,53,43,60,15,61,47,31,62,36,9,2,16,33,30,54,27,57,39,20,10,40,5,32,1,3,48,41,37,29,46,55,59,4,8,58,23,17,34,45,18,26,22
690570467065363647213604553592926482149	cd=379	52,11,28,14,9,36,55,59,44,13,50,19,35,49,61,47,30,33,56,7,46,29,18,45,48,3,42,21,25,38,16,2,34,17,31,62,54,27,1,32,5,40,24,6,26,22,4,8,58,23,20,10,57,39,15,60,43,53,51,12,37,41
record	m=4571136	52,11,28,14,9,36,55,59,13,44,19,50,35,49,61,47,33,30,7,56,29,46,18,45,3,48,21,42,25,38,2,16,17,34,62,31,54,27,1,32,40,5,24,6,26,22,4,8,58,23,20,10,57,39,15,60,53,43,51,12,41,37
857340058172526828341079559136908180084	cd=363	17,34,5,40,58,23,49,35,18,45,38,25,11,52,7,56,53,43,10,20,57,39,42,21,24,6,27,54,14,28,13,44,59,55,37,41,22,26,46,29,12,51,62,31,3,48,16,2,32,1,33,30,47,61,15,60,9,36,8,4,19,50
record	m=20643840	17,34,40,5,23,58,35,49,18,45,25,38,52,11,7,56,53,43,20,10,57,39,21,42,24,6,54,27,28,14,13,44,55,59,37,41,26,22,29,46,51,12,31,62,48,3,2,16,32,1,33,30,61,47,60,15,36,9,4,8,50,19
452296946070334251782459961805607426058	cd=379	12,51,31,62,7,56,49,35,38,25,20,10,53,43,45,18,15,60,21,42,3,48,61,47,58,23,59,55,2,16,8,4,41,37,40,5,39,57,54,27,6,24,11,52,17,34,9,36,50,19,30,33,1,32,44,13,29,46,28,14,22,26
record	m=8257536	51,12,31,62,7,56,35,49,25,38,20,10,53,43,18,45,60,15,21,42,3,48,61,47,23,58,55,59,2,16,4,8,41,37,40,5,57,39,54,27,24,6,52,11,17,34,9,36,50,19,30,33,32,1,13,44,29,46,14,28,26,22
763884848965093209750301333567257782263	cd=367	24,6,39,57,32,1,22,26,14,28,41,37,12,51,31,62,43,53,36,9,60,15,17,34,2,16,3,48,61,47,23,58,38,25,27,54,20,10,19,50,7,56,18,45,4,8,55,59,46,29,30,33,5,40,35,49,11,52,42,21,13,44
record	m=25690112	24,6,57,39,32,1,26,22,28,14,41,37,51,12,31,62,53,43,9,36,60,15,17,34,2,16,3,48,61,47,23,58,25,38,54,27,20,10,50,19,7,56,18,45,4,8,59,55,29,46,33,30,40,5,35,49,52,11,42,21,13,44
312250709940022326272699664637911851897	cd=355	26,22,35,49,3,48,38,25,27,54,61,47,62,31,9,36,12,51,21,42,2,16,30,33,45,18,14,28,55,59,39,57,24,6,1,32,37,41,4,8,11,52,29,46,15,60,23,58,53,43,17,34,20,10,7,56,40,5,44,13,50,19
record	m=4128768	26,22,35,49,3,48,25,38,54,27,61,47,31,62,36,9,51,12,21,42,2,16,33,30,18,45,28,14,55,59,39,57,24,6,32,1,41,37,4,8,52,11,29,46,60,15,23,58,53,43,17,34,20,10,7,56,40,5,44,13,50,19
215902025634110526990655382217381005220	cd=371	3,48,60,15,41,37,11,52,26,22,34,17,9,36,33,30,10,20,43,53,50,19,6,24,29,46,51,12,14,28,4,8,49,35,5,40,2,16,62,31,23,58,61,47,32,1,45,18,25,38,7,56,27,54,59,55,57,39,42,21,44,13
record	m=40894464	3,48,60,15,41,37,52,11,26,22,17,34,9,36,33,30,20,10,53,43,50,19,24,6,29,46,51,12,28,14,4,8,35,49,40,5,2,16,31,62,23,58,61,47,32,1,18,45,25,38,7,56,54,27,55,59,57,39,21,42,13,44
24312658132064755640944718904784075158	cd=355	54,27,28,14,9,36,40,5,31,62,46,29,7,56,25,38,11,52,39,57,35,49,23,58,50,19,6,24,60,15,48,3,13,44,42,21,26,22,51,12,10,20,34,17,43,53,16,2,55,59,41,37,4,8,18,45,33,30,61,47,32,1
record	m=8110080	54,27,28,14,9,36,40,5,31,62,29,46,7,56,25,38,52,11,57,39,35,49,23,58,50,19,24,6,60,15,48,3,13,44,21,42,26,22,51,12,20,10,17,34,53,43,2,16,55,59,41,37,4,8,18,45,33,30,61,47,32,1
161029033363380291555000510141582750124	cd=339	58,23,38,25,27,54,7,56,52,11,40,5,51,12,1,32,60,15,30,33,53,43,49,35,28,14,31,62,36,9,34,17,2,16,26,22,6,24,41,37,20,10,45,18,3,48,39,57,21,42,47,61,19,50,55,59,13,44,29,46,4,8
record	m=1966080	23,58,25,38,54,27,7,56,52,11,40,5,51,12,32,1,15,60,33,30,53,43,35,49,14,28,31,62,36,9,17,34,16,2,26,22,24,6,37,41,10,20,18,45,3,48,57,39,21,42,47,61,50,19,55,59,13,44,29,46,4,8
822826289924379384317473306534513606962	cd=375	27,54,36,9,16,2,58,23,62,31,39,57,11,52,61,47,1,32,33,30,24,6,17,34,40,5,60,15,28,14,4,8,45,18,12,51,26,22,10,20,53,43,56,7,38,25,19,50,13,44,29,46,37,41,55,59,21,42,48,3,35,49
record	m=15482880	54,27,9,36,2,16,23,58,31,62,57,39,52,11,61,47,32,1,33,30,24,6,17,34,40,5,60,15,28,14,4,8,18,45,51,12,26,22,20,10,53,43,7,56,25,38,50,19,13,44,29,46,41,37,55,59,42,21,3,48,35,49
34476001038830771655401142716458648391	cd=387	21,42,9,36,28,14,20,10,6,24,17,34,37,41,22,26,57,39,43,53,32,1,50,19,31,62,13,44,55,59,49,35,61,47,54,27,51,12,58,23,29,46,52,11,56,7,15,60,5,40,8,4,30,33,38,25,45,18,48,3,16,2
record	m=24772608	21,42,9,36,28,14,20,10,24,6,17,34,41,37,26,22,39,57,53,43,32,1,50,19,31,62,13,44,55,59,35,49,61,47,54,27,51,12,23,58,29,46,52,11,7,56,60,15,40,5,4,8,33,30,25,38,45,18,3,48,2,16
957499239513820347615280003415315894361	cd=219	25,38,32,1,27,54,46,29,62,31,21,42,36,9,56,7,14,28,19,50,49,35,40,5,18,45,58,23,2,16,30,33,61,47,13,44,57,39,17,34,26,22,10,20,24,6,43,53,52,11,37,41,4,8,12,51,3,48,15,60,59,55
record	m=7340032	25,38,32,1,27,54,29,46,31,62,21,42,9,36,7,56,28,14,50,19,35,49,40,5,18,45,23,58,2,16,33,30,61,47,13,44,57,39,17,34,26,22,10,20,24,6,53,43,11,52,37,41,8,4,12,51,3,48,15,60,55,59
739831125116306382024889662373281693422	cd=235	36,9,11,52,14,28,41,37,6,24,54,27,49,35,39,57,17,34,29,46,22,26,55,59,30,33,51,12,32,1,48,3,31,62,13,44,4,8,60,15,10,20,61,47,7,56,45,18,40,5,19,50,53,43,58,23,2,16,25,38,21,42
record	m=3784704	9,36,52,11,28,14,41,37,6,24,54,27,35,49,57,39,17,34,29,46,26,22,55,59,33,30,51,12,32,1,48,3,31,62,13,44,4,8,60,15,20,10,47,61,56,7,18,45,40,5,19,50,53,43,58,23,2,16,25,38,42,21
299730172964284757576370040674765709660	cd=371	3,48,23,58,19,50,60,15,37,41,17,34,22,26,56,7,51,12,29,46,55,59,53,43,30,33,27,54,18,45,28,14,24,6,5,40,9,36,4,8,44,13,10,20,38,25,57,39,62,31,32,1,11,52,42,21,47,61,35,49,2,16
record	m=12189696	3,48,23,58,50,19,15,60,41,37,17,34,26,22,7,56,51,12,29,46,55,59,53,43,33,30,54,27,18,45,28,14,24,6,40,5,9,36,8,4,13,44,20,10,25,38,39,57,31,62,1,32,11,52,42,21,47,61,35,49,2,16
277763562238254662085140706059384624581	cd=323	51,12,1,32,44,13,9,36,33,30,50,19,6,24,41,37,26,22,29,46,42,21,54,27,53,43,62,31,59,55,17,34,39,57,23,58,28,14,8,4,45,18,15,60,48,3,49,35,61,47,5,40,10,20,25,38,56,7,52,11,2,16
record	m=28114944	51,12,32,1,13,44,9,36,33,30,50,19,24,6,37,41,26,22,29,46,42,21,54,27,53,43,31,62,55,59,17,34,57,39,23,58,28,14,4,8,18,45,60,15,48,3,35,49,61,47,40,5,20,10,25,38,56,7,52,11,16,2
911241362264992237676041042489269185046	cd=319	9,36,7,56,57,39,42,21,35,49,28,14,45,18,50,19,44,13,41,37,20,10,54,27,22,26,3,48,6,24,34,17,8,4,33,30,59,55,2,16,5,40,12,51,58,23,29,46,61,47,62,31,60,15,43,53,32,1,25,38,11,52
record	m=3670016	9,36,7,56,57,39,21,42,35,49,28,14,45,18,50,19,44,13,41,37,20,10,54,27,22,26,3,48,24,6,17,34,4,8,33,30,55,59,2,16,40,5,51,12,23,58,29,46,61,47,31,62,15,60,53,43,32,1,25,38,52,11
630099360736036299437712879327245298995	cd=355	56,7,21,42,11,52,49,35,3,48,2,16,47,61,50,19,13,44,9,36,10,20,60,15,17,34,46,29,24,6,51,12,14,28,23,58,32,1,43,53,59,55,30,33,5,40,25,38,18,45,62,31,4,8,26,22,39,57,54,27,41,37
record	m=663552	7,56,21,42,52,11,35,49,3,48,2,16,61,47,50,19,44,13,9,36,20,10,15,60,17,34,46,29,24,6,51,12,28,14,23,58,32,1,53,43,55,59,30,33,40,5,25,38,18,45,31,62,4,8,26,22,39,57,27,54,37,41
680532413462171641450865473078690076564	cd=347	6,24,62,31,56,7,26,22,37,41,33,30,51,12,1,32,13,44,29,46,17,34,14,28,15,60,57,39,45,18,10,20,61,47,43,53,54,27,5,40,2,16,3,48,59,55,50,19,49,35,8,4,9,36,42,21,52,11,23,58,25,38
record	m=4587520	24,6,31,62,7,56,26,22,41,37,33,30,51,12,32,1,13,44,29,46,34,17,28,14,60,15,57,39,18,45,20,10,47,61,53,43,27,54,40,5,2,16,3,48,55,59,50,19,35,49,4,8,36,9,21,42,11,52,23,58,25,38
57216166397697530839485681163683931367	cd=335	52,11,4,8,33,30,14,28,19,50,57,39,45,18,24,6,12,51,59,55,43,53,25,38,15,60,23,58,10,20,26,22,5,40,49,35,62,31,7,56,54,27,48,3,36,9,21,42,37,41,32,1,13,44,29,46,34,17,61,47,16,2
record	m=1720320	52,11,4,8,33,30,28,14,50,19,57,39,18,45,24,6,12,51,55,59,53,43,25,38,60,15,23,58,20,10,22,26,40,5,35,49,31,62,7,56,54,27,3,48,36,9,21,42,41,37,32,1,13,44,29,46,34,17,61,47,16,2
892581532713493506506436970348866012273	cd=251	18,45,17,34,29,46,28,14,13,44,50,19,35,49,7,56,26,22,60,15,12,51,47,61,42,21,27,54,37,41,48,3,2,16,55,59,1,32,10,20,62,31,58,23,4,8,30,33,39,57,53,43,38,25,9,36,40,5,24,6,11,52
record	m=13762560	18,45,17,34,29,46,28,14,13,44,50,19,35,49,7,56,26,22,60,15,51,12,61,47,21,42,54,27,41,37,3,48,2,16,55,59,32,1,20,10,31,62,58,23,4,8,30,33,57,39,53,43,25,38,36,9,40,5,6,24,52,11
941773406251068036219258178858918636527	cd=383	45,18,23,58,19,50,13,44,25,38,35,49,16,2,3,48,41,37,57,39,61,47,6,24,10,20,15,60,22,26,9,36,54,27,56,7,33,30,4,8,29,46,34,17,40,5,32,1,52,11,28,14,42,21,53,43,12,51,62,31,59,55
record	m=3440640	18,45,23,58,50,19,13,44,25,38,35,49,2,16,3,48,41,37,57,39,61,47,6,24,20,10,60,15,26,22,36,9,54,27,7,56,33,30,4,8,29,46,34,17,40,5,32,1,52,11,14,28,21,42,43,53,51,12,31,62,55,59
107411644159369209916270771261638764723	cd=355	8,4,11,52,29,46,33,30,2,16,19,50,17,34,41,37,13,44,20,10,39,57,9,36,24,6,48,3,27,54,38,25,15,60,22,26,43,53,51,12,42,21,55,59,45,18,23,58,49,35,61,47,31,62,1,32,5,40,28,14,56,7
record	m=15138816	4,8,52,11,29,46,33,30,2,16,50,19,34,17,41,37,13,44,20,10,57,39,9,36,24,6,3,48,54,27,25,38,60,15,26,22,53,43,51,12,21,42,55,59,18,45,23,58,35,49,61,47,31,62,1,32,5,40,28,14,7,56
906779419070151642280256601284567659823	cd=371	1,32,62,31,20,10,44,13,41,37,21,42,2,16,61,47,5,40,35,49,27,54,18,45,56,7,28,14,19,50,43,53,51,12,9,36,48,3,34,17,4,8,58,23,26,22,24,6,57,39,60,15,59,55,25,38,46,29,33,30,11,52
record	m=10551296	32,1,31,62,20,10,13,44,41,37,21,42,2,16,61,47,40,5,35,49,54,27,18,45,7,56,28,14,50,19,53,43,51,12,9,36,3,48,17,34,4,8,58,23,26,22,24,6,57,39,60,15,55,59,38,25,29,46,33,30,52,11
43724182363469966235984732441679780533	cd=347	20,10,54,27,49,35,43,53,1,32,52,11,14,28,46,29,26,22,41,37,15,60,9,36,7,56,13,44,59,55,19,50,57,39,48,3,34,17,5,40,6,24,51,12,4,8,33,30,47,61,58,23,38,25,31,62,45,18,42,21,16,2
record	m=66060288	20,10,54,27,35,49,53,43,32,1,52,11,28,14,29,46,26,22,41,37,60,15,9,36,7,56,13,44,55,59,50,19,57,39,3,48,17,34,40,5,24,6,51,12,4,8,33,30,61,47,23,58,25,38,62,31,18,45,21,42,2,16
613031902631190993077655698961338544401	cd=371	25,38,36,9,32,1,29,46,31,62,52,11,61,47,13,44,37,41,27,54,21,42,45,18,12,51,5,40,17,34,56,7,16,2,43,53,10,20,6,24,57,39,33,30,59,55,4,8,28,14,50,19,23,58,22,26,48,3,15,60,49,35
record	m=573440	25,38,36,9,32,1,29,46,31,62,52,11,61,47,13,44,41,37,54,27,21,42,18,45,51,12,40,5,34,17,7,56,2,16,53,43,20,10,24,6,39,57,30,33,55,59,8,4,28,14,50,19,23,58,22,26,3,48,60,15,35,49
463492972074104496335118281471485010622	cd=339	40,5,11,52,23,58,18,45,42,21,15,60,32,1,8,4,16,2,37,41,3,48,6,24,39,57,51,12,7,56,33,30,31,62,47,61,27,54,28,14,35,49,55,59,19,50,17,34,20,10,29,46,53,43,44,13,38,25,9,36,22,26
record	m=3670016	40,5,52,11,23,58,18,45,21,42,60,15,1,32,4,8,2,16,41,37,3,48,24,6,57,39,12,51,7,56,33,30,31,62,61,47,54,27,28,14,35,49,55,59,50,19,34,17,10,20,46,29,43,53,13,44,25,38,36,9,26,22
96424255162865755911324829268234987661	cd=355	25,38,40,5,12,51,3,48,45,18,7,56,29,46,10,20,17,34,44,13,21,42,15,60,52,11,26,22,62,31,1,32,58,23,57,39,50,19,33,30,54,27,35,49,28,14,61,47,36,9,6,24,41,37,2,16,53,43,59,55,8,4
record	m=1990656	25,38,40,5,51,12,3,48,18,45,7,56,29,46,20,10,17,34,44,13,21,42,60,15,11,52,22,26,31,62,32,1,23,58,57,39,50,19,33,30,54,27,35,49,28,14,47,61,9,36,6,24,41,37,2,16,53,43,59,55,8,4
630203097882307765257869020325557997193	cd=307	21,42,25,38,20,10,47,61,31,62,52,11,50,19,6,24,39,57,43,53,40,5,16,2,58,23,18,45,44,13,46,29,12,51,60,15,59,55,17,34,33,30,8,4,26,22,1,32,9,36,54,27,49,35,7,56,48,3,14,28,41,37
record	m=4587520	21,42,25,38,20,10,47,61,31,62,52,11,50,19,24,6,57,39,53,43,40,5,2,16,23,58,18,45,13,44,29,46,51,12,60,15,55,59,17,34,33,30,4,8,22,26,32,1,36,9,27,54,35,49,7,56,48,3,14,28,41,37
921226048384642330506525804067061925686	cd=387	26,22,12,51,42,21,35,49,4,8,18,45,28,14,55,59,3,48,17,34,7,56,25,38,20,10,53,43,6,24,13,44,61,47,30,33,60,15,62,31,16,2,1,32,41,37,36,9,40,5,27,54,46,29,23,58,50,19,39,57,11,52
record	m=125829120	26,22,51,12,21,42,35,49,4,8,18,45,28,14,55,59,3,48,17,34,7,56,25,38,20,10,53,43,24,6,13,44,61,47,33,30,60,15,31,62,2,16,32,1,41,37,9,36,40,5,54,27,46,29,58,23,19,50,57,39,52,11
977222840473551837635580876823809119524	cd=355	48,3,6,24,30,33,57,39,55,59,31,62,10,20,29,46,43,53,15,60,50,19,9,36,47,61,27,54,4,8,18,45,34,17,11,52,51,12,38,25,22,26,37,41,16,2,42,21,44,13,23,58,14,28,49,35,40,5,1,32,7,56
record	m=3440640	3,48,24,6,33,30,57,39,55,59,31,62,20,10,29,46,53,43,60,15,19,50,36,9,61,47,54,27,8,4,45,18,17,34,52,11,51,12,25,38,22,26,41,37,2,16,21,42,44,13,23,58,28,14,49,35,40,5,1,32,56,7
418560801538873309827935631802139876009	cd=367	51,12,2,16,47,61,17,34,49,35,14,28,52,11,44,13,30,33,3,48,59,55,22,26,10,20,40,5,41,37,29,46,43,53,7,56,32,1,23,58,54,27,31,62,6,24,36,9,19,50,4,8,42,21,39,57,18,45,60,15,38,25
record	m=10321920	51,12,2,16,61,47,34,17,35,49,14,28,52,11,13,44,33,30,3,48,55,59,26,22,20,10,40,5,41,37,29,46,53,43,7,56,32,1,23,58,54,27,31,62,24,6,9,36,50,19,4,8,42,21,57,39,18,45,60,15,25,38
702865806561393892364940058605451252920	cd=347	53,43,44,13,61,47,10,20,5,40,34,17,9,36,15,60,46,29,58,23,48,3,50,19,57,39,4,8,55,59,24,6,2,16,14,28,38,25,26,22,21,42,1,32,54,27,7,56,33,30,31,62,12,51,52,11,45,18,49,35,37,41
record	m=3784704	53,43,13,44,61,47,10,20,40,5,17,34,9,36,60,15,29,46,23,58,3,48,50,19,57,39,4,8,55,59,24,6,16,2,28,14,25,38,22,26,42,21,1,32,54,27,7,56,33,30,31,62,51,12,52,11,18,45,35,49,41,37
629033071922959015276568286007853163584	cd=355	40,5,29,46,55,59,7,56,58,23,52,11,31,62,48,3,8,4,34,17,1,32,28,14,47,61,19,50,13,44,53,43,27,54,57,39,36,9,45,18,10,20,25,38,12,51,16,2,30,33,6,24,42,21,35,49,60,15,22,26,41,37
record	m=10616832	40,5,29,46,55,59,7,56,58,23,52,11,31,62,48,3,4,8,17,34,32,1,28,14,61,47,50,19,13,44,53,43,54,27,57,39,9,36,45,18,20,10,25,38,51,12,2,16,33,30,24,6,21,42,35,49,60,15,26,22,41,37
99392153718398523133859641089700895683	cd=355	6,24,12,51,49,35,9,36,34,17,11,52,57,39,1,32,45,18,29,46,43,53,27,54,10,20,14,28,50,19,47,61,5,40,37,41,56,7,3,48,15,60,31,62,22,26,38,25,13,44,30,33,42,21,16,2,23,58,55,59,8,4
record	m=4128768	24,6,12,51,35,49,9,36,17,34,52,11,57,39,32,1,18,45,29,46,53,43,54,27,20,10,28,14,50,19,61,47,40,5,41,37,7,56,48,3,60,15,62,31,26,22,38,25,13,44,33,30,21,42,2,16,23,58,55,59,8,4
124996938394516020768563939666101138205	cd=379	37,41,21,42,4,8,3,48,55,59,40,5,53,43,60,15,30,33,32,1,22,26,58,23,39,57,6,24,2,16,29,46,27,54,28,14,38,25,47,61,51,12,62,31,11,52,45,18,36,9,35,49,19,50,20,10,34,17,13,44,56,7
record	m=7569408	41,37,21,42,4,8,3,48,55,59,40,5,53,43,60,15,30,33,32,1,26,22,23,58,57,39,24,6,16,2,46,29,54,27,28,14,25,38,61,47,51,12,31,62,52,11,18,45,9,36,35,49,50,19,20,10,17,34,44,13,7,56
872673609537707022088315747951219453909	cd=379	49,35,6,24,26,22,55,59,8,4,37,41,17,34,52,11,39,57,13,44,46,29,20,10,5,40,54,27,28,14,21,42,32,1,45,18,12,51,36,9,43,53,60,15,48,3,16,2,58,23,47,61,33,30,56,7,25,38,62,31,19,50
record	m=36900864	35,49,24,6,26,22,55,59,4,8,41,37,17,34,52,11,57,39,13,44,46,29,20,10,40,5,54,27,28,14,21,42,32,1,18,45,51,12,9,36,53,43,60,15,3,48,16,2,23,58,61,47,33,30,7,56,38,25,62,31,50,19
714244573172170015792507324624548753698	cd=387	60,15,48,3,25,38,5,40,35,49,29,46,51,12,1,32,34,17,30,33,4,8,50,19,59,55,36,9,27,54,58,23,61,47,57,39,45,18,24,6,26,22,42,21,13,44,53,43,14,28,62,31,16,2,11,52,20,10,7,56,37,41
record	m=5898240	60,15,3,48,25,38,40,5,35,49,29,46,51,12,32,1,17,34,33,30,4,8,50,19,55,59,9,36,27,54,23,58,61,47,57,39,18,45,24,6,26,22,21,42,13,44,53,43,14,28,31,62,2,16,52,11,10,20,7,56,41,37
351468830936171218934978147111955810373	cd=379	36,9,3,48,52,11,2,16,38,25,37,41,60,15,8,4,33,30,45,18,55,59,46,29,56,7,32,1,26,22,34,17,49,35,54,27,24,6,57,39,61,47,51,12,20,10,13,44,5,40,43,53,23,58,28,14,62,31,50,19,42,21
record	m=45416448	9,36,3,48,52,11,2,16,25,38,41,37,60,15,4,8,33,30,18,45,55,59,29,46,7,56,32,1,26,22,17,34,35,49,54,27,24,6,57,39,61,47,51,12,20,10,13,44,5,40,53,43,23,58,28,14,31,62,19,50,21,42
904362268954471700668874970516595642828	cd=363	60,15,28,14,39,57,40,5,3,48,25,38,53,43,62,31,6,24,1,32,61,47,21,42,49,35,18,45,27,54,20,10,8,4,16,2,7,56,29,46,36,9,44,13,50,19,23,58,12,51,37,41,59,55,33,30,17,34,22,26,11,52
record	m=38928384	60,15,28,14,39,57,40,5,3,48,25,38,53,43,31,62,24,6,32,1,61,47,21,42,35,49,18,45,54,27,20,10,4,8,2,16,7,56,29,46,9,36,44,13,50,19,23,58,51,12,41,37,55,59,30,33,17,34,26,22,52,11
580577316475503624226061172001630490406	cd=379	49,35,19,50,24,6,55,59,45,18,4,8,17,34,16,2,48,3,42,21,56,7,52,11,44,13,61,47,15,60,41,37,28,14,26,22,20,10,51,12,33,30,29,46,54,27,9,36,39,57,5,40,58,23,25,38,43,53,31,62,1,32
record	m=34996224	35,49,50,19,24,6,55,59,18,45,4,8,17,34,2,16,3,48,21,42,7,56,52,11,13,44,61,47,60,15,41,37,28,14,26,22,20,10,51,12,33,30,29,46,54,27,9,36,57,39,40,5,58,23,25,38,53,43,31,62,32,1
865492723800549055786309413761855709202	cd=383	5,40,28,14,31,62,10,20,61,47,52,11,32,1,21,42,2,16,12,51,9,36,27,54,26,22,38,25,23,58,53,43,55,59,35,49,17,34,7,56,13,44,30,33,6,24,41,37,29,46,57,39,3,48,8,4,15,60,45,18,19,50
record	m=8110080	40,5,28,14,31,62,20,10,47,61,52,11,32,1,21,42,2,16,51,12,9,36,27,54,26,22,25,38,23,58,53,43,55,59,35,49,17,34,7,56,13,44,30,33,24,6,37,41,29,46,57,39,48,3,4,8,60,15,45,18,50,19
609413882034481896185717972871729969248	cd=379	42,21,16,2,39,57,6,24,60,15,10,20,51,12,3,48,62,31,22,26,47,61,1,32,7,56,34,17,8,4,52,11,23,58,18,45,44,13,36,9,43,53,40,5,55,59,30,33,50,19,25,38,41,37,46,29,28,14,27,54,49,35
record	m=6881280	21,42,2,16,57,39,24,6,60,15,20,10,51,12,3,48,62,31,26,22,61,47,32,1,7,56,17,34,4,8,52,11,23,58,18,45,13,44,9,36,53,43,40,5,55,59,33,30,50,19,25,38,37,41,29,46,14,28,54,27,35,49
633672239207263840916735831666713616597	cd=291	30,33,40,5,2,16,12,51,32,1,4,8,61,47,25,38,55,59,54,27,19,50,36,9,28,14,58,23,35,49,11,52,22,26,44,13,62,31,57,39,45,18,10,20,24,6,3,48,15,60,42,21,29,46,53,43,7,56,17,34,41,37
record	m=29360128	33,30,40,5,2,16,51,12,32,1,4,8,61,47,25,38,55,59,54,27,19,50,36,9,28,14,23,58,35,49,52,11,26,22,13,44,31,62,57,39,18,45,20,10,24,6,3,48,15,60,21,42,46,29,53,43,7,56,17,34,41,37
731841428541119714494579245009979683362	cd=379	45,18,33,30,13,44,50,19,41,37,23,58,27,54,12,51,29,46,17,34,59,55,15,60,32,1,36,9,28,14,31,62,53,43,7,56,35,49,3,48,16,2,26,22,20,10,24,6,5,40,61,47,11,52,39,57,8,4,38,25,21,42
record	m=9633792	18,45,33,30,13,44,50,19,41,37,23,58,54,27,51,12,29,46,17,34,55,59,60,15,1,32,9,36,28,14,31,62,53,43,7,56,35,49,3,48,16,2,26,22,20,10,24,6,40,5,61,47,52,11,57,39,4,8,38,25,42,21
590030831451556839829700312844761776943	cd=371	14,28,59,55,52,11,50,19,23,58,54,27,21,42,44,13,46,29,36,9,5,40,25,38,8,4,3,48,60,15,7,56,33,30,34,17,57,39,51,12,16,2,37,41,10,20,32,1,62,31,24,6,26,22,47,61,43,53,45,18,49,35
record	m=13762560	28,14,55,59,52,11,50,19,23,58,54,27,21,42,13,44,29,46,9,36,40,5,25,38,4,8,3,48,60,15,7,56,30,33,17,34,39,57,51,12,2,16,41,37,20,10,32,1,62,31,24,6,26,22,61,47,53,43,45,18,35,49
898800013734454272319270883512606371703	cd=335	58,23,45,18,55,59,53,43,38,25,51,12,15,60,39,57,20,10,3,48,42,21,19,50,4,8,13,44,49,35,28,14,31,62,47,61,27,54,56,7,32,1,40,5,36,9,41,37,6,24,26,22,46,29,16,2,30,33,34,17,11,52
record	m=27525120	23,58,18,45,55,59,53,43,25,38,51,12,60,15,57,39,20,10,3,48,21,42,50,19,4,8,13,44,35,49,14,28,31,62,61,47,54,27,7,56,1,32,40,5,9,36,41,37,6,24,26,22,29,46,2,16,33,30,17,34,52,11
739023818164522656586083381183544093258	cd=271	28,14,24,6,60,15,40,5,3,48,49,35,58,23,36,9,25,38,20,10,27,54,51,12,56,7,53,43,26,22,39,57,34,17,11,52,2,16,30,33,50,19,61,47,13,44,8,4,59,55,31,62,45,18,29,46,32,1,41,37,21,42
record	m=8257536	28,14,24,6,60,15,40,5,3,48,49,35,23,58,9,36,38,25,20,10,54,27,51,12,7,56,53,43,26,22,39,57,17,34,52,11,2,16,33,30,50,19,61,47,13,44,4,8,55,59,31,62,45,18,29,46,32,1,41,37,42,21
787699419221837301998753785868735322284	cd=355	15,60,20,10,5,40,58,23,28,14,46,29,56,7,53,43,37,41,59,55,35,49,18,45,8,4,22,26,54,27,62,31,44,13,42,21,33,30,34,17,3,48,38,25,50,19,11,52,6,24,57,39,1,32,36,9,51,12,16,2,61,47
record	m=58490880	60,15,20,10,40,5,23,58,28,14,29,46,7,56,53,43,41,37,55,59,35,49,18,45,4,8,26,22,54,27,62,31,13,44,21,42,33,30,17,34,3,48,25,38,50,19,52,11,24,6,57,39,32,1,36,9,51,12,2,16,61,47
762425932405619614019112833003325140581	cd=363	52,11,6,24,17,34,49,35,28,14,10,20,25,38,62,31,29,46,2,16,5,40,12,51,43,53,27,54,47,61,48,3,33,30,7,56,18,45,23,58,9,36,39,57,21,42,15,60,22,26,4,8,1,32,59,55,37,41,50,19,13,44
record	m=12582912	52,11,24,6,17,34,35,49,28,14,20,10,25,38,31,62,46,29,16,2,40,5,12,51,53,43,54,27,61,47,3,48,33,30,7,56,45,18,23,58,9,36,39,57,21,42,60,15,26,22,4,8,32,1,55,59,41,37,50,19,44,13
187037695388520985208143440410643917724	cd=371	44,13,50,19,8,4,54,27,3,48,9,36,62,31,53,43,5,40,35,49,55,59,24,6,14,28,16,2,18,45,57,39,61,47,58,23,46,29,41,37,42,21,1,32,10,20,17,34,60,15,22,26,56,7,25,38,51,12,30,33,52,11
record	m=7569408	13,44,19,50,4,8,27,54,3,48,9,36,62,31,53,43,40,5,35,49,55,59,24,6,28,14,2,16,18,45,57,39,47,61,23,58,29,46,41,37,21,42,32,1,20,10,17,34,60,15,26,22,7,56,25,38,51,12,33,30,52,11
725385681198374983626996399966972703759	cd=367	5,40,26,22,58,23,20,10,24,6,50,19,57,39,59,55,16,2,41,37,60,15,4,8,38,25,47,61,33,30,27,54,52,11,56,7,9,36,18,45,31,62,1,32,3,48,51,12,34,17,35,49,53,43,46,29,14,28,44,13,21,42
record	m=6881280	40,5,22,26,23,58,20,10,24,6,50,19,57,39,55,59,2,16,41,37,60,15,4,8,25,38,61,47,33,30,54,27,11,52,7,56,9,36,18,45,31,62,1,32,3,48,51,12,17,34,49,35,53,43,46,29,14,28,13,44,42,21
603735898144542953653529851204236897121	cd=271	7,56,8,4,25,38,12,51,27,54,59,55,34,17,29,46,33,30,23,58,47,61,26,22,10,20,37,41,40,5,43,53,16,2,48,3,1,32,62,31,14,28,50,19,44,13,57,39,15,60,36,9,45,18,52,11,24,6,21,42,49,35
record	m=11468800	7,56,4,8,25,38,51,12,54,27,55,59,17,34,29,46,33,30,23,58,61,47,26,22,20,10,41,37,40,5,53,43,2,16,3,48,32,1,31,62,28,14,50,19,13,44,57,39,15,60,36,9,45,18,52,11,24,6,21,42,35,49
204841965361053905876460872213168014168	cd=379	12,51,56,7,18,45,25,38,11,52,4,8,48,3,47,61,5,40,46,29,15,60,24,6,42,21,9,36,33,30,43,53,49,35,54,27,34,17,59,55,39,57,58,23,14,28,37,41,22,26,2,16,10,20,62,31,50,19,32,1,44,13
record	m=49545216	51,12,7,56,18,45,25,38,52,11,4,8,3,48,61,47,40,5,29,46,60,15,24,6,21,42,9,36,33,30,53,43,35,49,54,27,17,34,55,59,57,39,23,58,28,14,41,37,26,22,2,16,10,20,31,62,50,19,32,1,44,13
632769569064600855578523194224931429373	cd=327	56,7,49,35,6,24,53,43,10,20,2,16,18,45,1,32,57,39,54,27,40,5,36,9,28,14,38,25,61,47,22,26,12,51,48,3,29,46,34,17,31,62,52,11,23,58,8,4,55,59,15,60,50,19,44,13,42,21,30,33,41,37
record	m=458752	7,56,35,49,24,6,53,43,20,10,16,2,18,45,32,1,57,39,54,27,40,5,9,36,28,14,38,25,61,47,26,22,12,51,3,48,29,46,34,17,31,62,52,11,23,58,8,4,55,59,60,15,19,50,44,13,21,42,30,33,41,37
363097800160363045415373302873489190772	cd=379	15,60,54,27,7,56,51,12,53,43,20,10,3,48,1,32,8,4,25,38,46,29,24,6,62,31,9,36,50,19,28,14,45,18,11,52,35,49,16,2,39,57,55,59,22,26,58,23,5,40,61,47,13,44,33,30,17,34,37,41,42,21
record	m=6193152	60,15,54,27,7,56,51,12,53,43,20,10,3,48,32,1,4,8,25,38,46,29,24,6,31,62,36,9,19,50,28,14,18,45,52,11,35,49,2,16,57,39,59,55,26,22,58,23,5,40,61,47,13,44,33,30,17,34,41,37,21,42
89819339856554898270790486716517526966	cd=379	28,14,16,2,41,37,23,58,25,38,32,1,29,46,17,34,35,49,61,47,62,31,11,52,45,18,56,7,5,40,13,44,39,57,20,10,6,24,36,9,33,30,55,59,22,26,43,53,60,15,51,12,3,48,19,50,27,54,21,42,8,4
record	m=3440640	28,14,2,16,41,37,23,58,25,38,32,1,29,46,17,34,35,49,61,47,31,62,52,11,18,45,7,56,40,5,44,13,57,39,20,10,24,6,9,36,33,30,55,59,26,22,53,43,60,15,51,12,3,48,19,50,27,54,21,42,4,8
795099723323189846642950353557778967569	cd=287	44,13,33,30,50,19,28,14,29,46,17,34,22,26,8,4,24,6,38,25,31,62,35,49,40,5,11,52,37,41,58,23,59,55,51,12,18,45,15,60,54,27,3,48,9,36,21,42,1,32,43,53,57,39,20,10,56,7,2,16,61,47
record	m=2752512	13,44,33,30,50,19,28,14,29,46,17,34,26,22,4,8,6,24,25,38,31,62,35,49,40,5,52,11,41,37,23,58,55,59,51,12,18,45,60,15,54,27,3,48,36,9,21,42,32,1,53,43,57,39,20,10,7,56,16,2,47,61
155988455504074319285253663283336457621	cd=363	21,42,22,26,23,58,52,11,5,40,27,54,7,56,45,18,30,33,57,39,51,12,1,32,50,19,62,31,46,29,34,17,6,24,13,44,15,60,20,10,2,16,61,47,28,14,9,36,43,53,59,55,38,25,49,35,3,48,41,37,4,8
record	m=46126080	21,42,26,22,23,58,52,11,40,5,54,27,7,56,18,45,33,30,57,39,51,12,32,1,50,19,31,62,29,46,17,34,24,6,13,44,60,15,20,10,16,2,47,61,28,14,9,36,53,43,55,59,25,38,35,49,3,48,41,37,8,4
1096005264440838568647723717529048474184	cd=379	34,17,54,27,35,49,22,26,9,36,43,53,57,39,61,47,56,7,11,52,28,14,10,20,37,41,46,29,33,30,55,59,18,45,8,4,32,1,2,16,12,51,42,21,23,58,48,3,40,5,6,24,50,19,44,13,38,25,15,60,31,62
record	m=10321920	17,34,54,27,35,49,26,22,36,9,53,43,57,39,61,47,7,56,52,11,28,14,20,10,41,37,29,46,33,30,55,59,18,45,4,8,32,1,2,16,51,12,21,42,58,23,3,48,5,40,6,24,50,19,44,13,38,25,60,15,31,62
189338194489801057543097359259173027789	cd=343	26,22,4,8,60,15,28,14,21,42,3,48,18,45,38,25,16,2,55,59,47,61,24,6,58,23,37,41,17,34,30,33,40,5,20,10,39,57,1,32,31,62,43,53,56,7,50,19,13,44,54,27,29,46,12,51,35,49,9,36,52,11
record	m=3670016	26,22,4,8,60,15,28,14,21,42,3,48,18,45,25,38,2,16,55,59,61,47,6,24,23,58,41,37,17,34,33,30,40,5,20,10,57,39,32,1,31,62,53,43,7,56,50,19,44,13,27,54,29,46,12,51,35,49,9,36,52,11
422875559152015564053200133417054328835	cd=351	33,30,42,21,44,13,55,59,15,60,4,8,20,10,31,62,49,35,19,50,3,48,36,9,47,61,32,1,41,37,43,53,29,46,56,7,39,57,6,24,28,14,45,18,34,17,54,27,22,26,2,16,52,11,40,5,51,12,58,23,38,25
record	m=18350080	33,30,21,42,13,44,55,59,60,15,4,8,20,10,31,62,35,49,50,19,3,48,9,36,61,47,32,1,41,37,43,53,29,46,7,56,57,39,24,6,28,14,18,45,17,34,54,27,22,26,2,16,11,52,40,5,12,51,23,58,25,38
1010073959165497411937309308938295462399	cd=379	12,51,15,60,25,38,42,21,28,14,1,32,2,16,9,36,49,35,5,40,27,54,31,62,7,56,10,20,58,23,37,41,11,52,48,3,24,6,46,29,34,17,8,4,18,45,61,47,57,39,43,53,44,13,22,26,50,19,33,30,55,59
record	m=9175040	51,12,60,15,25,38,21,42,28,14,32,1,2,16,9,36,35,49,40,5,54,27,62,31,7,56,20,10,23,58,41,37,52,11,3,48,24,6,46,29,34,17,4,8,18,45,61,47,57,39,53,43,13,44,26,22,50,19,33,30,55,59
883757209790536118635322014488493225014	cd=339	20,10,56,7,32,1,27,54,33,30,31,62,52,11,47,61,21,42,36,9,6,24,60,15,2,16,22,26,40,5,48,3,41,37,28,14,45,18,58,23,4,8,55,59,34,17,29,46,35,49,57,39,44,13,38,25,51,12,43,53,19,50
record	m=1892352	20,10,7,56,32,1,27,54,33,30,31,62,52,11,61,47,21,42,9,36,24,6,60,15,2,16,26,22,5,40,3,48,41,37,28,14,45,18,23,58,8,4,59,55,17,34,46,29,49,35,39,57,13,44,38,25,12,51,53,43,50,19
148038287084122766437333802508231047147	cd=343	15,60,61,47,21,42,38,25,18,45,48,3,53,43,6,24,39,57,29,46,44,13,33,30,56,7,11,52,51,12,22,26,20,10,27,54,28,14,34,17,37,41,36,9,16,2,19,50,55,59,49,35,62,31,1,32,5,40,58,23,4,8
record	m=17203200	60,15,61,47,21,42,25,38,18,45,3,48,53,43,24,6,57,39,46,29,13,44,33,30,7,56,52,11,51,12,26,22,20,10,27,54,28,14,34,17,41,37,9,36,2,16,50,19,55,59,35,49,31,62,32,1,40,5,23,58,8,4
1024722543639814526614678792821312378319	cd=359	37,41,43,53,10,20,31,62,27,54,22,26,48,3,9,36,16,2,32,1,8,4,46,29,24,6,28,14,34,17,5,40,49,35,45,18,57,39,58,23,12,51,60,15,25,38,52,11,33,30,19,50,21,42,44,13,47,61,7,56,55,59
record	m=36569088	41,37,53,43,20,10,31,62,54,27,22,26,3,48,9,36,2,16,32,1,4,8,29,46,24,6,28,14,34,17,40,5,35,49,18,45,57,39,23,58,51,12,60,15,25,38,52,11,33,30,50,19,42,21,44,13,61,47,56,7,59,55
692159319183210870582734322534335834797	cd=303	11,52,28,14,18,45,35,49,7,56,29,46,51,12,58,23,2,16,32,1,3,48,25,38,61,47,31,62,36,9,54,27,17,34,5,40,57,39,19,50,33,30,55,59,21,42,10,20,53,43,24,6,44,13,8,4,22,26,60,15,37,41
record	m=25690112	52,11,28,14,18,45,35,49,7,56,29,46,51,12,23,58,2,16,32,1,3,48,25,38,61,47,31,62,36,9,54,27,17,34,40,5,57,39,50,19,33,30,55,59,42,21,20,10,43,53,24,6,13,44,4,8,26,22,60,15,41,37
324179495520917224942992696937784539765	cd=375	7,56,1,32,62,31,10,20,53,43,24,6,18,45,44,13,60,15,57,39,5,40,29,46,52,11,4,8,12,51,48,3,25,38,47,61,36,9,14,28,23,58,2,16,41,37,26,22,55,59,35,49,34,17,27,54,21,42,30,33,50,19
record	m=12845056	7,56,32,1,31,62,20,10,53,43,24,6,18,45,13,44,15,60,57,39,40,5,29,46,52,11,4,8,12,51,3,48,25,38,61,47,9,36,28,14,23,58,2,16,41,37,22,26,59,55,35,49,34,17,27,54,21,42,33,30,50,19
82453707411389434632780971935943174806	cd=359	28,14,22,26,52,11,62,31,15,60,10,20,32,1,37,41,51,12,56,7,49,35,13,44,53,43,45,18,58,23,47,61,33,30,16,2,27,54,50,19,24,6,57,39,21,42,25,38,55,59,40,5,3,48,17,34,9,36,46,29,8,4
record	m=27525120	28,14,26,22,52,11,31,62,60,15,20,10,32,1,41,37,51,12,7,56,35,49,13,44,53,43,18,45,23,58,61,47,33,30,2,16,54,27,19,50,24,6,57,39,21,42,25,38,55,59,40,5,3,48,17,34,9,36,46,29,4,8
518946457244855493739645094027638235335	cd=375	53,43,55,59,3,48,21,42,33,30,4,8,20,10,25,38,50,19,39,57,12,51,29,46,34,17,56,7,54,27,45,18,9,36,52,11,47,61,41,37,49,35,28,14,40,5,15,60,24,6,22,26,16,2,23,58,32,1,44,13,62,31
record	m=19267584	53,43,55,59,3,48,21,42,33,30,4,8,20,10,25,38,50,19,57,39,51,12,29,46,17,34,7,56,54,27,18,45,9,36,52,11,61,47,41,37,35,49,28,14,40,5,60,15,24,6,22,26,2,16,23,58,32,1,44,13,62,31
270759697239951583897341263414745383229	cd=359	37,41,51,12,13,44,25,38,60,15,1,32,45,18,48,3,31,62,61,47,46,29,34,17,2,16,8,4,42,21,27,54,24,6,53,43,9,36,20,10,7,56,26,22,19,50,30,33,5,40,39,57,35,49,23,58,52,11,55,59,28,14
record	m=12386304	41,37,51,12,13,44,25,38,60,15,1,32,18,45,3,48,62,31,61,47,29,46,17,34,2,16,4,8,21,42,54,27,24,6,53,43,9,36,20,10,7,56,26,22,50,19,33,30,40,5,57,39,49,35,23,58,52,11,59,55,28,14
277234129049160467783408458264195166667	cd=355	52,11,4,8,18,45,32,1,33,30,24,6,31,62,12,51,39,57,42,21,37,41,38,25,43,53,46,29,26,22,23,58,55,59,61,47,35,49,56,7,44,13,60,15,48,3,17,34,19,50,14,28,10,20,40,5,27,54,36,9,2,16
record	m=20643840	52,11,4,8,18,45,32,1,33,30,24,6,31,62,51,12,57,39,21,42,41,37,25,38,53,43,29,46,26,22,23,58,55,59,61,47,35,49,7,56,44,13,60,15,3,48,17,34,19,50,28,14,20,10,40,5,54,27,36,9,2,16
1015965588124998341193705771186065319024	cd=375	21,42,52,11,1,32,12,51,56,7,33,30,54,27,58,23,36,9,44,13,14,28,2,16,22,26,62,31,38,25,3,48,61,47,40,5,60,15,10,20,43,53,49,35,4,8,34,17,45,18,24,6,50,19,29,46,41,37,57,39,55,59
record	m=27525120	21,42,52,11,32,1,51,12,7,56,33,30,54,27,23,58,9,36,13,44,28,14,2,16,26,22,31,62,25,38,3,48,61,47,40,5,60,15,10,20,43,53,35,49,4,8,17,34,18,45,24,6,50,19,29,46,41,37,39,57,59,55
620140323675350594762514710317288292816	cd=295	52,11,17,34,1,32,5,40,46,29,16,2,56,7,47,61,51,12,31,62,59,55,13,44,21,42,6,24,8,4,28,14,38,25,35,49,58,23,15,60,39,57,33,30,22,26,9,36,27,54,19,50,3,48,53,43,18,45,20,10,41,37
record	m=2150400	52,11,17,34,32,1,40,5,29,46,2,16,7,56,61,47,51,12,31,62,55,59,13,44,21,42,24,6,8,4,28,14,25,38,35,49,23,58,60,15,57,39,33,30,26,22,36,9,54,27,50,19,48,3,43,53,18,45,20,10,41,37
741346875064756641603603991848417741624	cd=371	9,36,20,10,50,19,55,59,54,27,16,2,44,13,30,33,18,45,15,60,23,58,51,12,62,31,57,39,1,32,5,40,25,38,8,4,48,3,53,43,47,61,22,26,24,6,34,17,7,56,29,46,11,52,28,14,49,35,37,41,21,42
record	m=99090432	9,36,20,10,50,19,55,59,54,27,2,16,13,44,33,30,18,45,60,15,23,58,51,12,31,62,57,39,32,1,40,5,25,38,8,4,3,48,43,53,61,47,26,22,6,24,34,17,7,56,29,46,52,11,28,14,49,35,41,37,42,21
626947483822038879693199905442842759723	cd=287	14,28,18,45,44,13,27,54,48,3,39,57,24,6,50,19,35,49,21,42,11,52,38,25,2,16,60,15,8,4,56,7,43,53,34,17,29,46,61,47,36,9,59,55,51,12,31,62,32,1,23,58,20,10,33,30,5,40,26,22,41,37
record	m=430080	28,14,18,45,13,44,54,27,3,48,57,39,24,6,50,19,35,49,21,42,52,11,25,38,2,16,60,15,4,8,7,56,53,43,17,34,46,29,47,61,9,36,55,59,51,12,31,62,32,1,23,58,10,20,33,30,40,5,22,26,41,37
348291803744804043930244232004317538835	cd=355	29,46,17,34,51,12,2,16,35,49,26,22,18,45,61,47,5,40,38,25,55,59,56,7,33,30,8,4,19,50,36,9,10,20,14,28,15,60,54,27,58,23,3,48,1,32,53,43,31,62,6,24,57,39,41,37,11,52,44,13,42,21
record	m=3440640	29,46,17,34,51,12,2,16,35,49,26,22,18,45,61,47,40,5,25,38,55,59,7,56,33,30,4,8,50,19,9,36,20,10,28,14,60,15,54,27,23,58,3,48,1,32,53,43,31,62,24,6,39,57,37,41,11,52,44,13,21,42
131420756849421049299528990986273402184	cd=379	41,37,31,62,40,5,23,58,22,26,6,24,45,18,10,20,8,4,48,3,12,51,38,25,57,39,59,55,34,17,33,30,15,60,42,21,14,28,52,11,16,2,61,47,1,32,44,13,29,46,9,36,54,27,50,19,35,49,43,53,56,7
record	m=2351104	41,37,31,62,40,5,23,58,26,22,24,6,18,45,20,10,4,8,3,48,51,12,25,38,39,57,55,59,17,34,33,30,60,15,21,42,28,14,52,11,2,16,61,47,32,1,13,44,29,46,9,36,27,54,19,50,35,49,43,53,7,56
64270917502548523165119758300408670126	cd=363	27,54,33,30,42,21,8,4,31,62,44,13,50,19,59,55,36,9,7,56,41,37,38,25,15,60,28,14,3,48,61,47,40,5,32,1,17,34,26,22,53,43,23,58,12,51,52,11,35,49,24,6,18,45,10,20,29,46,39,57,16,2
record	m=1290240	54,27,33,30,21,42,4,8,31,62,13,44,19,50,55,59,9,36,7,56,41,37,25,38,60,15,28,14,3,48,61,47,40,5,1,32,34,17,26,22,53,43,58,23,51,12,52,11,35,49,24,6,18,45,20,10,46,29,57,39,2,16
553883605146331555400089719258806190059	cd=383	26,22,46,29,47,61,11,52,2,16,35,49,5,40,48,3,57,39,24,6,18,45,38,25,60,15,19,50,33,30,28,14,23,58,20,10,43,53,51,12,34,17,55,59,37,41,36,9,8,4,7,56,27,54,42,21,31,62,44,13,1,32
record	m=22708224	26,22,29,46,61,47,52,11,2,16,35,49,40,5,3,48,57,39,24,6,18,45,25,38,60,15,19,50,33,30,28,14,23,58,20,10,43,53,51,12,17,34,55,59,41,37,9,36,4,8,7,56,54,27,21,42,31,62,13,44,32,1
1087324790828945594489277557888225235700	cd=383	7,56,42,21,24,6,58,23,14,28,57,39,9,36,34,17,30,33,53,43,20,10,46,29,61,47,11,52,12,51,1,32,49,35,27,54,38,25,5,40,13,44,4,8,48,3,26,22,19,50,37,41,16,2,59,55,15,60,18,45,31,62
record	m=36700160	7,56,21,42,24,6,23,58,28,14,39,57,9,36,17,34,33,30,53,43,20,10,29,46,61,47,11,52,51,12,32,1,35,49,54,27,25,38,40,5,13,44,4,8,3,48,26,22,50,19,41,37,2,16,55,59,60,15,45,18,31,62
482994881417563155068395661657294200989	cd=351	12,51,40,5,2,16,33,30,25,38,3,48,56,7,21,42,19,50,11,52,58,23,46,29,62,31,60,15,27,54,9,36,13,44,20,10,39,57,47,61,17,34,43,53,55,59,1,32,45,18,24,6,37,41,49,35,26,22,4,8,14,28
record	m=4587520	51,12,40,5,2,16,33,30,25,38,3,48,56,7,21,42,50,19,52,11,23,58,29,46,31,62,60,15,54,27,36,9,44,13,20,10,57,39,61,47,34,17,53,43,55,59,32,1,45,18,24,6,37,41,35,49,26,22,4,8,28,14
648965604303323370863434295209369193209	cd=371	36,9,34,17,55,59,32,1,20,10,4,8,6,24,39,57,61,47,2,16,27,54,29,46,58,23,11,52,21,42,33,30,44,13,25,38,5,40,43,53,56,7,28,14,35,49,51,12,45,18,3,48,26,22,50,19,15,60,31,62,41,37
record	m=10092544	9,36,17,34,55,59,32,1,20,10,4,8,24,6,57,39,61,47,2,16,54,27,29,46,23,58,52,11,21,42,33,30,13,44,38,25,40,5,53,43,7,56,28,14,35,49,51,12,45,18,3,48,26,22,50,19,15,60,31,62,41,37
1095409770981220954844857039611556295520	cd=323	28,14,44,13,46,29,17,34,23,58,53,43,3,48,25,38,6,24,39,57,60,15,42,21,45,18,11,52,20,10,35,49,50,19,37,41,5,40,51,12,7,56,47,61,26,22,1,32,2,16,54,27,8,4,9,36,33,30,55,59,31,62
record	m=2293760	28,14,13,44,29,46,17,34,23,58,53,43,3,48,25,38,6,24,57,39,60,15,21,42,18,45,52,11,10,20,49,35,50,19,41,37,40,5,51,12,7,56,61,47,26,22,32,1,2,16,54,27,8,4,9,36,33,30,55,59,31,62
910885050701360926964976890125748732444	cd=387	44,13,21,42,57,39,10,20,12,51,6,24,5,40,32,1,18,45,15,60,48,3,58,23,14,28,62,31,16,2,35,49,55,59,29,46,47,61,27,54,9,36,22,26,17,34,7,56,30,33,4,8,50,19,53,43,38,25,41,37,11,52
record	m=36700160	13,44,21,42,57,39,20,10,51,12,24,6,40,5,1,32,18,45,60,15,3,48,23,58,28,14,31,62,2,16,49,35,55,59,29,46,47,61,54,27,36,9,26,22,17,34,7,56,33,30,4,8,50,19,53,43,25,38,37,41,11,52
824681534494538827177348933164008229872	cd=367	54,27,9,36,7,56,55,59,17,34,32,1,8,4,11,52,47,61,45,18,20,10,33,30,21,42,31,62,15,60,3,48,26,22,19,50,16,2,51,12,37,41,25,38,23,58,14,28,53,43,57,39,29,46,13,44,5,40,24,6,35,49
record	m=3670016	54,27,9,36,7,56,55,59,17,34,32,1,4,8,52,11,61,47,45,18,20,10,33,30,21,42,31,62,15,60,3,48,26,22,50,19,2,16,51,12,41,37,25,38,23,58,28,14,43,53,57,39,46,29,44,13,40,5,6,24,49,35
315450605826943056053269859632212018147	cd=259	45,18,51,12,28,14,20,10,48,3,1,32,43,53,60,15,8,4,30,33,55,59,41,37,26,22,21,42,7,56,27,54,36,9,31,62,16,2,58,23,49,35,47,61,38,25,44,13,6,24,11,52,40,5,29,46,39,57,34,17,50,19
record	m=19464192	18,45,51,12,28,14,20,10,3,48,32,1,53,43,60,15,4,8,33,30,55,59,41,37,26,22,21,42,7,56,54,27,9,36,62,31,2,16,23,58,35,49,61,47,25,38,13,44,24,6,52,11,40,5,29,46,57,39,34,17,50,19
903793453437453369521910732994242562868	cd=319	33,30,61,47,8,4,2,16,40,5,58,23,21,42,32,1,39,57,9,36,28,14,54,27,62,31,22,26,48,3,29,46,34,17,10,20,55,59,15,60,6,24,41,37,50,19,49,35,44,13,12,51,7,56,45,18,53,43,38,25,11,52
record	m=9175040	33,30,61,47,4,8,2,16,40,5,23,58,42,21,32,1,57,39,9,36,28,14,54,27,62,31,26,22,3,48,29,46,17,34,20,10,59,55,60,15,6,24,41,37,50,19,35,49,13,44,12,51,7,56,18,45,53,43,25,38,52,11
659120992046185660748426304863869083131	cd=263	56,7,31,62,6,24,4,8,55,59,1,32,22,26,57,39,19,50,49,35,44,13,47,61,54,27,3,48,37,41,15,60,9,36,42,21,28,14,29,46,12,51,53,43,2,16,5,40,30,33,58,23,18,45,20,10,11,52,34,17,25,38
record	m=3145728	7,56,31,62,24,6,8,4,59,55,32,1,26,22,39,57,50,19,35,49,13,44,61,47,54,27,3,48,41,37,60,15,9,36,21,42,14,28,46,29,51,12,53,43,2,16,40,5,33,30,23,58,18,45,20,10,11,52,17,34,38,25
677443803545872872983564582047115458045	cd=311	35,49,9,36,56,7,20,10,15,60,27,54,28,14,61,47,31,62,45,18,43,53,33,30,8,4,32,1,12,51,3,48,57,39,29,46,59,55,41,37,44,13,16,2,17,34,19,50,26,22,6,24,21,42,58,23,40,5,11,52,25,38
record	m=41287680	35,49,9,36,7,56,20,10,60,15,54,27,28,14,61,47,31,62,18,45,53,43,33,30,4,8,32,1,51,12,3,48,57,39,29,46,55,59,41,37,13,44,2,16,17,34,19,50,26,22,24,6,21,42,58,23,40,5,52,11,38,25
1001667047050839336848517786696138602271	cd=355	42,21,7,56,43,53,5,40,6,24,44,13,39,57,34,17,32,1,23,58,41,37,46,29,10,20,33,30,19,50,54,27,25,38,8,4,11,52,49,35,28,14,26,22,31,62,48,3,18,45,36,9,12,51,2,16,61,47,60,15,55,59
record	m=5160960	21,42,7,56,53,43,40,5,24,6,13,44,57,39,17,34,32,1,23,58,41,37,29,46,20,10,33,30,50,19,54,27,25,38,4,8,52,11,35,49,28,14,26,22,31,62,48,3,18,45,9,36,12,51,2,16,47,61,15,60,55,59
329976418245578357877526705553484729368	cd=379	17,34,29,46,44,13,27,54,35,49,9,36,43,53,47,61,11,52,2,16,26,22,55,59,40,5,37,41,14,28,23,58,38,25,56,7,4,8,6,24,30,33,3,48,12,51,32,1,45,18,31,62,57,39,10,20,15,60,21,42,50,19
record	m=20643840	17,34,29,46,13,44,54,27,35,49,9,36,53,43,61,47,52,11,2,16,26,22,55,59,40,5,37,41,28,14,23,58,25,38,7,56,4,8,24,6,33,30,3,48,51,12,32,1,18,45,31,62,57,39,20,10,60,15,21,42,50,19
787948343477130010927905119632157010261	cd=319	30,33,56,7,18,45,32,1,4,8,37,41,60,15,23,58,59,55,38,25,31,62,42,21,19,50,3,48,27,54,49,35,46,29,9,36,14,28,17,34,5,40,52,11,39,57,26,22,44,13,10,20,53,43,12,51,6,24,16,2,61,47
record	m=9732096	33,30,7,56,18,45,32,1,4,8,41,37,60,15,23,58,55,59,25,38,31,62,21,42,50,19,3,48,54,27,35,49,29,46,9,36,28,14,34,17,40,5,52,11,57,39,22,26,13,44,20,10,43,53,12,51,24,6,2,16,47,61
622970187927289909408593483439380917579	cd=359	33,30,16,2,55,59,17,34,58,23,18,45,47,61,39,57,24,6,52,11,29,46,38,25,8,4,48,3,53,43,51,12,54,27,35,49,13,44,9,36,21,42,28,14,19,50,56,7,20,10,1,32,31,62,22,26,40,5,60,15,41,37
record	m=7340032	33,30,2,16,55,59,17,34,23,58,18,45,61,47,57,39,24,6,52,11,29,46,38,25,4,8,3,48,53,43,51,12,54,27,35,49,13,44,9,36,21,42,14,28,50,19,7,56,20,10,32,1,31,62,26,22,5,40,60,15,41,37
423590471006057634206939673362494541776	cd=311	14,28,12,51,11,52,4,8,47,61,9,36,16,2,59,55,6,24,33,30,39,57,17,34,49,35,45,18,1,32,31,62,42,21,44,13,40,5,48,3,27,54,19,50,10,20,53,43,37,41,15,60,46,29,23,58,56,7,22,26,38,25
record	m=1523712	28,14,12,51,52,11,4,8,61,47,9,36,2,16,55,59,24,6,33,30,57,39,17,34,49,35,18,45,32,1,31,62,42,21,13,44,5,40,48,3,27,54,19,50,20,10,53,43,37,41,60,15,29,46,58,23,7,56,26,22,38,25
944915748342922284195705263287210551180	cd=383	42,21,47,61,5,40,54,27,10,20,33,30,34,17,16,2,8,4,9,36,50,19,57,39,6,24,58,23,13,44,53,43,25,38,45,18,28,14,3,48,60,15,7,56,31,62,1,32,35,49,22,26,11,52,29,46,12,51,41,37,59,55
record	m=5505024	21,42,61,47,40,5,54,27,20,10,33,30,17,34,2,16,4,8,36,9,19,50,57,39,24,6,23,58,44,13,53,43,25,38,18,45,28,14,3,48,60,15,7,56,62,31,1,32,35,49,26,22,52,11,29,46,12,51,41,37,55,59
393091846880512846923634911490087589936	cd=303	13,44,62,31,4,8,59,55,35,49,23,58,30,33,21,42,45,18,14,28,56,7,19,50,2,16,57,39,24,6,32,1,61,47,60,15,53,43,11,52,20,10,12,51,25,38,3,48,46,29,40,5,27,54,37,41,36,9,17,34,26,22
record	m=2752512	13,44,31,62,4,8,55,59,35,49,23,58,33,30,21,42,18,45,28,14,7,56,50,19,2,16,57,39,6,24,32,1,61,47,60,15,53,43,11,52,20,10,12,51,25,38,3,48,29,46,40,5,54,27,41,37,9,36,34,17,26,22
430839355135470433974865427791539776153	cd=371	40,5,58,23,12,51,42,21,56,7,16,2,54,27,61,47,50,19,33,30,18,45,55,59,48,3,14,28,52,11,29,46,10,20,9,36,4,8,6,24,53,43,35,49,1,32,60,15,22,26,34,17,57,39,31,62,44,13,37,41,38,25
record	m=24772608	40,5,58,23,51,12,21,42,7,56,2,16,54,27,61,47,50,19,33,30,18,45,55,59,3,48,28,14,52,11,29,46,20,10,9,36,4,8,24,6,53,43,49,35,32,1,15,60,26,22,17,34,57,39,31,62,44,13,41,37,38,25
11331785735239328836917249793747273294	cd=379	42,21,25,38,46,29,40,5,53,43,57,39,33,30,59,55,4,8,58,23,14,28,50,19,44,13,24,6,11,52,61,47,26,22,35,49,48,3,34,17,9,36,54,27,41,37,15,60,18,45,62,31,16,2,12,51,7,56,10,20,32,1
record	m=6422528	21,42,25,38,46,29,40,5,53,43,57,39,33,30,55,59,4,8,58,23,28,14,50,19,13,44,24,6,52,11,47,61,26,22,35,49,48,3,17,34,36,9,27,54,37,41,60,15,45,18,31,62,2,16,51,12,7,56,20,10,32,1
204032849477489371750796876032184351835	cd=367	35,49,58,23,38,25,20,10,40,5,43,53,27,54,55,59,17,34,56,7,28,14,8,4,22,26,21,42,9,36,47,61,44,13,50,19,48,3,32,1,39,57,33,30,46,29,12,51,41,37,60,15,24,6,45,18,16,2,31,62,52,11
record	m=41287680	35,49,23,58,25,38,20,10,40,5,53,43,54,27,55,59,17,34,7,56,28,14,4,8,26,22,21,42,9,36,61,47,13,44,19,50,3,48,32,1,57,39,30,33,29,46,51,12,41,37,60,15,24,6,45,18,2,16,31,62,52,11
680117441638549792344803743368400072884	cd=279	37,41,27,54,26,22,8,4,55,59,2,16,14,28,36,9,21,42,62,31,61,47,58,23,18,45,30,33,13,44,40,5,12,51,1,32,52,11,24,6,20,10,35,49,7,56,43,53,50,19,29,46,15,60,3,48,34,17,39,57,25,38
record	m=6881280	41,37,54,27,26,22,4,8,55,59,2,16,28,14,9,36,21,42,31,62,61,47,23,58,18,45,30,33,13,44,5,40,51,12,32,1,52,11,24,6,20,10,35,49,7,56,53,43,50,19,29,46,60,15,3,48,17,34,57,39,38,25
12957147315301665873299537070467755005	cd=343	9,36,35,49,58,23,51,12,17,34,20,10,53,43,15,60,27,54,38,25,18,45,48,3,41,37,5,40,28,14,7,56,42,21,22,26,50,19,59,55,29,46,11,52,47,61,30,33,4,8,31,62,16,2,39,57,13,44,6,24,32,1
record	m=36700160	9,36,35,49,23,58,51,12,17,34,20,10,53,43,60,15,54,27,25,38,18,45,3,48,41,37,5,40,28,14,7,56,42,21,22,26,50,19,55,59,29,46,52,11,47,61,33,30,4,8,31,62,2,16,57,39,13,44,24,6,32,1
978007236232354395847649364267779298714	cd=311	52,11,57,39,43,53,62,31,32,1,48,3,55,59,42,21,60,15,8,4,25,38,14,28,19,50,51,12,47,61,13,44,35,49,16,2,17,34,26,22,46,29,20,10,5,40,54,27,24,6,37,41,9,36,23,58,45,18,30,33,7,56
record	m=16515072	52,11,57,39,53,43,31,62,1,32,3,48,55,59,21,42,60,15,4,8,25,38,28,14,50,19,51,12,61,47,13,44,35,49,2,16,17,34,26,22,29,46,10,20,5,40,54,27,24,6,37,41,36,9,23,58,18,45,33,30,7,56
437597108146293081671964471296383758408	cd=335	14,28,16,2,59,55,3,48,60,15,4,8,24,6,44,13,31,62,32,1,56,7,47,61,50,19,33,30,10,20,9,36,41,37,23,58,52,11,43,53,35,49,39,57,40,5,54,27,22,26,21,42,45,18,34,17,46,29,12,51,38,25
record	m=4608000	28,14,2,16,55,59,3,48,60,15,4,8,24,6,13,44,31,62,32,1,7,56,61,47,50,19,33,30,20,10,9,36,41,37,23,58,52,11,43,53,35,49,39,57,40,5,54,27,22,26,21,42,18,45,17,34,29,46,12,51,25,38
928355003945352740694375331057706593246	cd=351	5,40,6,24,30,33,12,51,16,2,39,57,56,7,50,19,10,20,43,53,35,49,11,52,34,17,29,46,58,23,25,38,15,60,42,21,9,36,47,61,28,14,62,31,13,44,37,41,48,3,54,27,1,32,45,18,22,26,4,8,59,55
record	m=4423680	40,5,24,6,33,30,51,12,2,16,57,39,7,56,50,19,20,10,53,43,49,35,52,11,17,34,46,29,23,58,25,38,60,15,21,42,9,36,61,47,28,14,31,62,13,44,41,37,3,48,54,27,1,32,45,18,26,22,4,8,59,55
40636989088952665951049259824140944013	cd=375	36,9,56,7,49,35,27,54,53,43,11,52,26,22,31,62,29,46,34,17,21,42,33,30,3,48,60,15,4,8,55,59,23,58,40,5,25,38,45,18,20,10,39,57,44,13,41,37,14,28,32,1,24,6,50,19,61,47,51,12,16,2
record	m=10485760	9,36,7,56,35,49,54,27,53,43,11,52,26,22,31,62,29,46,34,17,21,42,30,33,3,48,60,15,4,8,55,59,23,58,40,5,25,38,45,18,20,10,57,39,13,44,41,37,28,14,32,1,24,6,50,19,61,47,51,12,2,16
877221598487251147310331312797396248168	cd=315	12,51,10,20,46,29,34,17,37,41,27,54,4,8,60,15,2,16,59,55,25,38,3,48,61,47,36,9,45,18,53,43,35,49,23,58,40,5,33,30,31,62,6,24,1,32,52,11,26,22,7,56,28,14,21,42,13,44,57,39,19,50
record	m=4587520	51,12,20,10,29,46,17,34,41,37,54,27,8,4,60,15,2,16,55,59,25,38,3,48,61,47,9,36,18,45,53,43,35,49,23,58,40,5,33,30,31,62,24,6,32,1,52,11,26,22,7,56,28,14,21,42,13,44,57,39,50,19
671257249448286188131706931549785846326	cd=327	33,30,9,36,42,21,11,52,7,56,49,35,28,14,13,44,39,57,43,53,32,1,4,8,24,6,18,45,17,34,62,31,50,19,54,27,61,47,12,51,55,59,23,58,10,20,46,29,16,2,5,40,3,48,26,22,15,60,37,41,25,38
record	m=11010048	33,30,9,36,21,42,52,11,7,56,35,49,14,28,13,44,57,39,53,43,32,1,4,8,24,6,18,45,17,34,62,31,50,19,54,27,61,47,12,51,55,59,23,58,20,10,29,46,2,16,40,5,3,48,26,22,60,15,41,37,38,25
32222154675310143595164657492422837237	cd=363	7,56,45,18,25,38,11,52,44,13,17,34,16,2,61,47,36,9,21,42,12,51,20,10,58,23,57,39,46,29,54,27,22,26,30,33,53,43,40,5,4,8,50,19,59,55,62,31,3,48,28,14,37,41,49,35,6,24,15,60,32,1
record	m=1548288	7,56,18,45,25,38,52,11,13,44,34,17,2,16,47,61,9,36,21,42,51,12,20,10,23,58,57,39,29,46,27,54,26,22,30,33,53,43,5,40,8,4,50,19,55,59,31,62,48,3,14,28,41,37,35,49,24,6,60,15,1,32
786529113157651582703613753595906063071	cd=359	51,12,61,47,30,33,52,11,2,16,29,46,9,36,22,26,24,6,39,57,27,54,17,34,56,7,5,40,50,19,55,59,14,28,45,18,15,60,3,48,41,37,1,32,4,8,43,53,38,25,21,42,49,35,23,58,10,20,31,62,13,44
record	m=3440640	51,12,61,47,33,30,52,11,2,16,29,46,9,36,22,26,24,6,57,39,54,27,17,34,7,56,40,5,19,50,55,59,28,14,18,45,60,15,3,48,41,37,32,1,4,8,43,53,25,38,21,42,49,35,23,58,20,10,31,62,13,44
655288060244651523609959547329619219954	cd=387	42,21,18,45,34,17,46,29,47,61,53,43,10,20,19,50,32,1,23,58,51,12,54,27,33,30,8,4,16,2,6,24,15,60,40,5,14,28,36,9,31,62,48,3,26,22,39,57,55,59,13,44,49,35,37,41,7,56,52,11,25,38
record	m=6881280	21,42,18,45,17,34,29,46,61,47,53,43,10,20,50,19,32,1,23,58,51,12,54,27,33,30,4,8,2,16,24,6,60,15,5,40,28,14,9,36,62,31,3,48,26,22,39,57,59,55,13,44,35,49,41,37,7,56,52,11,25,38
1029761762527830873187007564547838048420	cd=347	38,25,42,21,22,26,51,12,33,30,8,4,31,62,44,13,60,15,55,59,56,7,50,19,6,24,40,5,35,49,1,32,58,23,14,28,57,39,27,54,9,36,45,18,16,2,37,41,10,20,52,11,17,34,43,53,29,46,48,3,47,61
record	m=1720320	25,38,21,42,26,22,51,12,33,30,4,8,31,62,13,44,15,60,55,59,7,56,50,19,24,6,5,40,35,49,32,1,23,58,28,14,39,57,27,54,9,36,45,18,2,16,41,37,20,10,11,52,17,34,43,53,29,46,3,48,61,47
799637446004302853598546471632046856752	cd=343	41,37,23,58,36,9,26,22,14,28,4,8,35,49,50,19,5,40,48,3,55,59,27,54,43,53,30,33,32,1,62,31,21,42,39,57,44,13,10,20,45,18,56,7,38,25,16,2,51,12,52,11,29,46,15,60,34,17,6,24,61,47
record	m=4587520	41,37,23,58,9,36,22,26,28,14,4,8,35,49,50,19,5,40,3,48,55,59,27,54,53,43,30,33,32,1,62,31,21,42,57,39,13,44,20,10,18,45,7,56,25,38,16,2,51,12,52,11,29,46,60,15,17,34,24,6,47,61
700425482495309243112689346437972467456	cd=331	28,14,18,45,5,40,2,16,13,44,21,42,33,30,7,56,36,9,23,58,61,47,54,27,24,6,11,52,55,59,50,19,53,43,57,39,10,20,60,15,8,4,3,48,29,46,12,51,26,22,25,38,34,17,49,35,32,1,62,31,37,41
record	m=44040192	28,14,18,45,40,5,2,16,13,44,21,42,33,30,7,56,9,36,23,58,61,47,54,27,24,6,52,11,55,59,50,19,53,43,57,39,20,10,15,60,4,8,3,48,29,46,12,51,26,22,38,25,17,34,35,49,32,1,62,31,41,37
519578814074067496875502511867808636641	cd=355	42,21,38,25,56,7,12,51,32,1,8,4,24,6,55,59,15,60,34,17,13,44,41,37,19,50,46,29,22,26,61,47,16,2,36,9,35,49,33,30,57,39,54,27,11,52,40,5,3,48,45,18,58,23,43,53,20,10,28,14,62,31
record	m=1966080	21,42,25,38,7,56,51,12,32,1,4,8,6,24,59,55,60,15,17,34,44,13,41,37,50,19,29,46,26,22,61,47,2,16,9,36,35,49,33,30,57,39,54,27,11,52,40,5,3,48,18,45,23,58,43,53,10,20,14,28,31,62
335606583878716587622719357784501092497	cd=323	30,33,43,53,56,7,8,4,2,16,62,31,24,6,21,42,1,32,60,15,55,59,39,57,11,52,17,34,3,48,20,10,14,28,47,61,49,35,58,23,40,5,45,18,9,36,12,51,22,26,38,25,13,44,29,46,37,41,27,54,50,19
record	m=27525120	33,30,53,43,7,56,4,8,2,16,31,62,24,6,21,42,32,1,15,60,55,59,57,39,52,11,17,34,3,48,20,10,28,14,61,47,35,49,23,58,5,40,18,45,9,36,51,12,26,22,25,38,44,13,29,46,41,37,54,27,50,19
677578257414584987207005093474119524155	cd=367	35,49,14,28,13,44,37,41,53,43,60,15,9,36,7,56,59,55,54,27,39,57,48,3,29,46,24,6,50,19,5,40,10,20,26,22,4,8,21,42,62,31,58,23,12,51,47,61,33,30,2,16,34,17,1,32,45,18,11,52,25,38
record	m=28385280	35,49,14,28,13,44,41,37,53,43,60,15,9,36,7,56,55,59,54,27,57,39,3,48,29,46,24,6,50,19,5,40,20,10,26,22,4,8,21,42,31,62,23,58,51,12,61,47,33,30,2,16,34,17,32,1,18,45,52,11,25,38
911603027636035764514396628149131810248	cd=255	27,54,39,57,28,14,36,9,17,34,6,24,23,58,29,46,8,4,35,49,1,32,33,30,61,47,40,5,31,62,2,16,42,21,60,15,19,50,20,10,56,7,55,59,48,3,18,45,43,53,13,44,12,51,22,26,37,41,25,38,11,52
record	m=5308416	54,27,57,39,14,28,9,36,17,34,24,6,23,58,29,46,4,8,35,49,32,1,33,30,61,47,40,5,31,62,2,16,21,42,60,15,19,50,20,10,7,56,55,59,3,48,18,45,53,43,13,44,12,51,26,22,41,37,38,25,11,52
934167065423853496824852993889242791977	cd=383	12,51,60,15,21,42,6,24,61,47,32,1,56,7,11,52,50,19,57,39,10,20,62,31,13,44,46,29,30,33,43,53,41,37,40,5,58,23,38,25,16,2,54,27,26,22,4,8,48,3,36,9,49,35,14,28,17,34,45,18,59,55
record	m=15925248	51,12,60,15,21,42,24,6,47,61,32,1,7,56,52,11,50,19,57,39,20,10,31,62,13,44,29,46,33,30,53,43,41,37,40,5,23,58,25,38,2,16,54,27,26,22,4,8,3,48,36,9,35,49,14,28,17,34,18,45,55,59
603171163752645306285145385840177484005	cd=327	42,21,32,1,29,46,30,33,17,34,7,56,48,3,55,59,53,43,31,62,50,19,10,20,23,58,12,51,47,61,2,16,9,36,5,40,8,4,18,45,6,24,15,60,13,44,25,38,14,28,54,27,57,39,22,26,52,11,37,41,49,35
record	m=9732096	21,42,32,1,29,46,33,30,17,34,7,56,48,3,55,59,53,43,31,62,50,19,20,10,23,58,51,12,61,47,16,2,9,36,40,5,4,8,18,45,24,6,60,15,44,13,25,38,28,14,54,27,57,39,22,26,52,11,41,37,35,49
1021350390768544762098549244032178351475	cd=379	25,38,19,50,7,56,17,34,44,13,39,57,6,24,4,8,11,52,29,46,43,53,21,42,1,32,45,18,27,54,23,58,28,14,31,62,22,26,10,20,2,16,61,47,60,15,37,41,48,3,12,51,40,5,30,33,36,9,35,49,55,59
record	m=11010048	25,38,50,19,7,56,17,34,44,13,57,39,24,6,4,8,52,11,29,46,53,43,42,21,32,1,45,18,54,27,23,58,28,14,31,62,26,22,10,20,2,16,61,47,60,15,41,37,3,48,12,51,40,5,33,30,9,36,35,49,55,59
510759800336378541158123861396478677004	cd=335	25,38,21,42,39,57,16,2,18,45,20,10,41,37,43,53,12,51,26,22,32,1,61,47,33,30,44,13,8,4,62,31,7,56,35,49,36,9,24,6,54,27,29,46,40,5,58,23,11,52,34,17,19,50,55,59,48,3,15,60,14,28
record	m=11010048	25,38,21,42,57,39,2,16,18,45,20,10,41,37,53,43,51,12,26,22,32,1,61,47,33,30,13,44,4,8,31,62,7,56,35,49,9,36,6,24,27,54,46,29,5,40,23,58,52,11,17,34,19,50,55,59,3,48,60,15,28,14
172805788499535044551234086057104858603	cd=323	30,33,3,48,36,9,34,17,12,51,42,21,54,27,47,61,44,13,23,58,40,5,28,14,50,19,53,43,60,15,7,56,38,25,49,35,10,20,32,1,2,16,26,22,37,41,59,55,46,29,31,62,45,18,4,8,57,39,24,6,52,11
record	m=5963776	33,30,3,48,9,36,17,34,51,12,21,42,54,27,61,47,13,44,58,23,40,5,28,14,50,19,53,43,60,15,7,56,25,38,35,49,20,10,32,1,2,16,26,22,37,41,55,59,29,46,62,31,18,45,4,8,57,39,6,24,52,11
974595226838668842092601003723357211738	cd=359	40,5,11,52,19,50,44,13,29,46,18,45,59,55,34,17,26,22,10,20,43,53,31,62,51,12,25,38,37,41,61,47,30,33,8,4,21,42,39,57,54,27,2,16,32,1,35,49,48,3,15,60,9,36,58,23,6,24,14,28,7,56
record	m=55050240	40,5,52,11,50,19,13,44,29,46,18,45,55,59,17,34,26,22,20,10,53,43,31,62,51,12,25,38,41,37,61,47,33,30,4,8,21,42,57,39,54,27,2,16,32,1,35,49,3,48,60,15,9,36,23,58,24,6,14,28,7,56
297771670890725070399886843812421042777	cd=311	25,38,36,9,4,8,47,61,55,59,54,27,1,32,20,10,19,50,13,44,30,33,7,56,11,52,58,23,5,40,37,41,62,31,35,49,26,22,28,14,15,60,43,53,39,57,21,42,3,48,17,34,24,6,12,51,18,45,29,46,2,16
record	m=8388608	25,38,36,9,4,8,61,47,55,59,54,27,1,32,20,10,50,19,13,44,33,30,7,56,52,11,23,58,5,40,41,37,31,62,35,49,26,22,28,14,60,15,53,43,57,39,21,42,3,48,17,34,24,6,12,51,18,45,29,46,2,16
220960609205553733476786027658399103885	cd=379	42,21,25,38,40,5,14,28,27,54,17,34,43,53,29,46,10,20,37,41,22,26,11,52,1,32,7,56,48,3,55,59,58,23,60,15,35,49,19,50,36,9,4,8,45,18,6,24,12,51,61,47,2,16,33,30,57,39,62,31,44,13
record	m=7028736	21,42,25,38,40,5,28,14,54,27,17,34,53,43,29,46,20,10,41,37,26,22,52,11,32,1,7,56,48,3,55,59,23,58,60,15,35,49,50,19,9,36,4,8,18,45,24,6,12,51,61,47,2,16,30,33,57,39,31,62,44,13
875123676592242803848939732268141958862	cd=311	51,12,42,21,57,39,30,33,6,24,59,55,22,26,56,7,15,60,8,4,11,52,41,37,47,61,9,36,5,40,25,38,1,32,45,18,58,23,14,28,27,54,31,62,48,3,13,44,46,29,17,34,20,10,53,43,2,16,49,35,19,50
record	m=2654208	51,12,21,42,57,39,33,30,24,6,55,59,26,22,7,56,60,15,4,8,52,11,37,41,61,47,9,36,40,5,25,38,1,32,18,45,23,58,28,14,54,27,31,62,48,3,13,44,29,46,17,34,20,10,43,53,16,2,49,35,50,19
738473645680779104297887637201059489539	cd=371	33,30,55,59,10,20,56,7,34,17,6,24,31,62,1,32,35,49,29,46,57,39,19,50,26,22,25,38,8,4,44,13,11,52,53,43,15,60,16,2,28,14,58,23,27,54,61,47,3,48,5,40,12,51,37,41,45,18,9,36,21,42
record	m=3440640	33,30,55,59,10,20,7,56,17,34,24,6,31,62,1,32,35,49,29,46,57,39,50,19,26,22,25,38,4,8,13,44,52,11,43,53,60,15,2,16,14,28,23,58,54,27,61,47,3,48,5,40,51,12,41,37,45,18,9,36,21,42
1083243194112674643712509941956537069146	cd=363	42,21,12,51,30,33,7,56,13,44,61,47,9,36,23,58,8,4,18,45,35,49,14,28,27,54,15,60,50,19,26,22,52,11,57,39,37,41,2,16,29,46,59,55,6,24,17,34,40,5,53,43,10,20,48,3,1,32,25,38,31,62
record	m=3784704	21,42,51,12,33,30,7,56,13,44,61,47,9,36,23,58,8,4,18,45,35,49,28,14,54,27,60,15,19,50,26,22,52,11,57,39,37,41,2,16,29,46,55,59,24,6,17,34,40,5,53,43,20,10,3,48,32,1,25,38,62,31
238641738611519210256897231211093231922	cd=371	4,8,17,34,12,51,5,40,61,47,53,43,20,10,16,2,23,58,36,9,18,45,60,15,46,29,14,28,24,6,26,22,21,42,48,3,41,37,56,7,27,54,39,57,55,59,50,19,33,30,25,38,35,49,1,32,11,52,31,62,44,13
record	m=22020096	4,8,17,34,51,12,40,5,61,47,53,43,20,10,2,16,23,58,9,36,18,45,60,15,29,46,28,14,24,6,26,22,21,42,3,48,41,37,7,56,54,27,39,57,55,59,50,19,33,30,25,38,49,35,32,1,52,11,62,31,44,13
958626492273474794341857313543942282903	cd=375	19,50,22,26,12,51,23,58,42,21,3,48,46,29,33,30,15,60,49,35,14,28,10,20,37,41,25,38,40,5,61,47,13,44,2,16,56,7,18,45,34,17,27,54,52,11,4,8,6,24,39,57,32,1,36,9,53,43,31,62,59,55
record	m=2293760	50,19,26,22,51,12,23,58,42,21,3,48,29,46,33,30,60,15,35,49,28,14,20,10,41,37,25,38,40,5,61,47,13,44,2,16,7,56,45,18,17,34,54,27,11,52,4,8,6,24,39,57,32,1,36,9,43,53,31,62,55,59
771594891116041418366193501582969126819	cd=319	11,52,53,43,19,50,3,48,27,54,36,9,5,40,23,58,41,37,20,10,60,15,22,26,12,51,46,29,45,18,35,49,1,32,62,31,14,28,2,16,25,38,39,57,34,17,55,59,56,7,4,8,21,42,24,6,47,61,30,33,13,44
record	m=2211840	52,11,43,53,50,19,48,3,54,27,9,36,40,5,23,58,41,37,20,10,60,15,26,22,51,12,29,46,18,45,35,49,32,1,62,31,28,14,2,16,25,38,39,57,34,17,55,59,7,56,4,8,21,42,24,6,47,61,33,30,13,44
529568068230100009285310618387675412344	cd=343	25,38,10,20,16,2,21,42,28,14,45,18,11,52,4,8,61,47,35,49,27,54,30,33,7,56,48,3,57,39,59,55,43,53,17,34,40,5,60,15,22,26,23,58,51,12,9,36,46,29,41,37,19,50,13,44,24,6,1,32,62,31
record	m=16711680	25,38,20,10,2,16,21,42,28,14,18,45,52,11,4,8,61,47,35,49,54,27,33,30,7,56,48,3,57,39,59,55,43,53,17,34,40,5,15,60,26,22,58,23,51,12,9,36,46,29,41,37,50,19,13,44,24,6,32,1,62,31
1013689529496262269374885956354499303675	cd=387	26,22,16,2,11,52,39,57,23,58,5,40,45,18,54,27,41,37,50,19,29,46,43,53,7,56,30,33,24,6,17,34,44,13,36,9,42,21,25,38,10,20,3,48,28,14,8,4,60,15,31,62,32,1,47,61,12,51,49,35,55,59
record	m=3670016	26,22,2,16,52,11,57,39,23,58,40,5,18,45,54,27,41,37,50,19,29,46,53,43,7,56,33,30,24,6,17,34,44,13,9,36,21,42,25,38,20,10,3,48,28,14,4,8,60,15,62,31,32,1,61,47,12,51,35,49,55,59
732724925630179483619959463711336770914	cd=379	41,37,60,15,55,59,4,8,52,11,31,62,12,51,48,3,6,24,2,16,38,25,23,58,57,39,36,9,13,44,33,30,5,40,35,49,28,14,50,19,47,61,27,54,32,1,17,34,18,45,43,53,20,10,7,56,46,29,22,26,21,42
record	m=20496384	41,37,60,15,55,59,4,8,52,11,31,62,51,12,3,48,24,6,2,16,25,38,23,58,57,39,9,36,13,44,33,30,40,5,35,49,28,14,50,19,61,47,54,27,1,32,34,17,18,45,53,43,10,20,7,56,29,46,26,22,21,42
783575222672375528136241824513046681698	cd=351	21,42,41,37,29,46,26,22,32,1,10,20,36,9,17,34,11,52,40,5,61,47,8,4,59,55,35,49,48,3,14,28,16,2,54,27,45,18,38,25,60,15,43,53,58,23,31,62,57,39,33,30,12,51,24,6,19,50,7,56,13,44
record	m=27131904	21,42,41,37,29,46,26,22,32,1,20,10,9,36,17,34,52,11,40,5,61,47,4,8,55,59,35,49,48,3,14,28,2,16,54,27,18,45,25,38,60,15,53,43,23,58,62,31,57,39,33,30,51,12,24,6,50,19,7,56,44,13
819688829748271555040949109870674603313	cd=351	15,60,36,9,27,54,32,1,12,51,37,41,31,62,53,43,56,7,13,44,35,49,24,6,10,20,17,34,29,46,48,3,14,28,42,21,25,38,50,19,39,57,5,40,11,52,33,30,8,4,26,22,16,2,18,45,59,55,23,58,61,47
record	m=7340032	60,15,9,36,54,27,1,32,51,12,41,37,31,62,53,43,7,56,13,44,35,49,24,6,20,10,17,34,29,46,3,48,28,14,21,42,38,25,19,50,57,39,5,40,52,11,33,30,4,8,26,22,2,16,18,45,55,59,58,23,61,47
186061184850723571507491002390763960076	cd=379	36,9,21,42,27,54,15,60,23,58,59,55,8,4,37,41,32,1,29,46,13,44,34,17,22,26,28,14,38,25,2,16,5,40,30,33,45,18,12,51,48,3,19,50,47,61,39,57,35,49,24,6,10,20,7,56,53,43,62,31,52,11
record	m=8683520	9,36,21,42,54,27,60,15,23,58,55,59,4,8,41,37,32,1,29,46,13,44,34,17,26,22,28,14,25,38,2,16,40,5,30,33,18,45,51,12,3,48,50,19,61,47,57,39,35,49,24,6,20,10,7,56,53,43,31,62,52,11
76597994799401105275470128605688663113	cd=291	39,57,11,52,6,24,14,28,36,9,16,2,55,59,56,7,49,35,46,29,43,53,34,17,61,47,5,40,58,23,33,30,54,27,51,12,20,10,42,21,1,32,31,62,50,19,15,60,13,44,26,22,38,25,3,48,41,37,45,18,8,4
record	m=1048576	57,39,52,11,24,6,28,14,9,36,2,16,55,59,7,56,35,49,29,46,53,43,34,17,61,47,40,5,23,58,33,30,54,27,51,12,20,10,42,21,1,32,31,62,50,19,15,60,13,44,26,22,38,25,3,48,41,37,45,18,4,8
376446452108856915298006762787479737542	cd=335	29,46,34,17,4,8,32,1,49,35,10,20,12,51,7,56,27,54,9,36,3,48,52,11,57,39,59,55,62,31,53,43,24,6,40,5,14,28,38,25,15,60,45,18,50,19,33,30,42,21,47,61,23,58,44,13,37,41,16,2,26,22
record	m=5242880	29,46,17,34,4,8,32,1,35,49,20,10,51,12,7,56,54,27,9,36,3,48,52,11,57,39,59,55,31,62,53,43,24,6,40,5,28,14,25,38,60,15,45,18,50,19,33,30,21,42,47,61,23,58,44,13,41,37,2,16,26,22
1088553268780270752433281251418519074372	cd=311	18,45,52,11,33,30,8,4,21,42,41,37,56,7,27,54,26,22,34,17,49,35,15,60,9,36,10,20,43,53,55,59,29,46,57,39,12,51,23,58,24,6,32,1,14,28,48,3,13,44,5,40,25,38,2,16,19,50,61,47,31,62
record	m=12386304	18,45,52,11,33,30,4,8,21,42,41,37,7,56,54,27,26,22,17,34,35,49,60,15,9,36,20,10,53,43,55,59,29,46,57,39,51,12,23,58,6,24,32,1,28,14,3,48,44,13,40,5,25,38,16,2,50,19,61,47,31,62
1018644249664397276064731332939651910701	cd=367	25,38,60,15,48,3,43,53,47,61,22,26,49,35,7,56,13,44,32,1,23,58,62,31,28,14,37,41,46,29,39,57,10,20,50,19,24,6,34,17,5,40,51,12,36,9,42,21,30,33,52,11,8,4,54,27,2,16,18,45,55,59
record	m=7340032	25,38,60,15,48,3,53,43,61,47,26,22,35,49,7,56,44,13,1,32,58,23,31,62,28,14,41,37,29,46,39,57,20,10,50,19,24,6,34,17,5,40,51,12,9,36,21,42,33,30,52,11,8,4,54,27,2,16,18,45,55,59
667805124716945813902323239761161217095	cd=383	20,10,53,43,5,40,46,29,3,48,22,26,56,7,36,9,21,42,12,51,23,58,31,62,27,54,4,8,47,61,41,37,15,60,16,2,52,11,39,57,33,30,55,59,17,34,6,24,14,28,19,50,18,45,13,44,35,49,1,32,25,38
record	m=3670016	20,10,53,43,40,5,29,46,3,48,26,22,7,56,9,36,21,42,51,12,23,58,31,62,27,54,4,8,61,47,41,37,60,15,2,16,52,11,57,39,33,30,55,59,17,34,24,6,28,14,50,19,18,45,13,44,35,49,32,1,38,25
18626932478318220473727652225897149339	cd=383	35,49,54,27,33,30,14,28,16,2,9,36,12,51,15,60,4,8,47,61,23,58,22,26,21,42,57,39,40,5,43,53,13,44,41,37,48,3,29,46,17,34,11,52,45,18,62,31,59,55,7,56,24,6,20,10,50,19,25,38,32,1
record	m=36700160	35,49,54,27,33,30,28,14,2,16,9,36,51,12,60,15,4,8,61,47,23,58,22,26,21,42,57,39,40,5,53,43,13,44,41,37,3,48,29,46,17,34,52,11,18,45,31,62,55,59,7,56,24,6,20,10,50,19,25,38,32,1
780695346355773450308269708446996109661	cd=363	6,24,20,10,43,53,7,56,8,4,38,25,45,18,46,29,11,52,17,34,49,35,1,32,55,59,9,36,28,14,40,5,30,33,12,51,15,60,16,2,22,26,57,39,47,61,54,27,31,62,23,58,3,48,21,42,41,37,19,50,13,44
record	m=11796480	24,6,20,10,53,43,7,56,4,8,25,38,18,45,29,46,52,11,17,34,35,49,32,1,55,59,9,36,28,14,40,5,33,30,51,12,60,15,2,16,26,22,39,57,61,47,54,27,62,31,58,23,48,3,21,42,37,41,50,19,13,44
766192668619175208435367972889400988971	cd=347	26,22,39,57,11,52,51,12,17,34,54,27,1,32,31,62,37,41,61,47,58,23,30,33,6,24,16,2,3,48,43,53,20,10,60,15,46,29,8,4,40,5,55,59,49,35,50,19,9,36,21,42,7,56,14,28,45,18,38,25,13,44
record	m=5505024	26,22,39,57,52,11,51,12,17,34,54,27,1,32,31,62,41,37,61,47,23,58,33,30,24,6,2,16,3,48,53,43,10,20,15,60,29,46,4,8,40,5,55,59,35,49,50,19,9,36,21,42,7,56,14,28,18,45,25,38,13,44
86029529148262500674466707134767819776	cd=331	44,13,3,48,53,43,14,28,62,31,49,35,18,45,60,15,10,20,38,25,23,58,50,19,29,46,40,5,12,51,9,36,7,56,52,11,6,24,57,39,30,33,32,1,42,21,26,22,47,61,2,16,27,54,37,41,55,59,17,34,8,4
record	m=2752512	13,44,48,3,53,43,14,28,31,62,35,49,18,45,60,15,20,10,25,38,23,58,50,19,29,46,40,5,51,12,9,36,7,56,52,11,24,6,57,39,30,33,32,1,21,42,26,22,61,47,2,16,54,27,41,37,55,59,17,34,4,8
706602606852097791983240797610423881471	cd=383	27,54,42,21,28,14,9,36,44,13,7,56,55,59,16,2,40,5,61,47,35,49,23,58,22,26,15,60,38,25,33,30,46,29,34,17,31,62,32,1,18,45,3,48,57,39,10,20,24,6,19,50,52,11,4,8,12,51,53,43,37,41
record	m=20643840	54,27,21,42,28,14,9,36,13,44,7,56,55,59,2,16,40,5,61,47,35,49,23,58,26,22,60,15,25,38,33,30,29,46,17,34,62,31,1,32,45,18,3,48,57,39,20,10,24,6,50,19,11,52,4,8,12,51,53,43,37,41
601159691693771390407114240855839658953	cd=371	18,45,3,48,34,17,26,22,50,19,42,21,39,57,13,44,58,23,1,32,12,51,33,30,55,59,31,62,40,5,6,24,8,4,10,20,46,29,60,15,37,41,61,47,2,16,9,36,27,54,52,11,56,7,43,53,28,14,25,38,49,35
record	m=1835008	18,45,3,48,17,34,26,22,50,19,21,42,57,39,13,44,58,23,1,32,51,12,33,30,55,59,31,62,40,5,24,6,4,8,20,10,29,46,60,15,41,37,61,47,2,16,9,36,27,54,52,11,7,56,53,43,14,28,38,25,35,49
29053952879751468980742670724228527811	cd=367	19,50,13,44,28,14,5,40,24,6,39,57,46,29,52,11,49,35,2,16,60,15,30,33,27,54,7,56,9,36,45,18,12,51,25,38,58,23,4,8,61,47,34,17,20,10,31,62,26,22,3,48,41,37,53,43,42,21,59,55,32,1
record	m=8257536	50,19,13,44,28,14,40,5,24,6,57,39,29,46,52,11,35,49,2,16,60,15,33,30,54,27,7,56,9,36,45,18,51,12,25,38,23,58,8,4,61,47,34,17,20,10,31,62,26,22,3,48,41,37,53,43,42,21,55,59,32,1
906016019413477178933370399346155990163	cd=363	36,9,56,7,41,37,42,21,19,50,18,45,4,8,47,61,14,28,55,59,33,30,26,22,5,40,49,35,48,3,16,2,54,27,39,57,60,15,6,24,20,10,53,43,44,13,31,62,51,12,34,17,23,58,38,25,1,32,46,29,11,52
record	m=3784704	9,36,7,56,41,37,21,42,50,19,18,45,4,8,61,47,28,14,55,59,33,30,26,22,5,40,35,49,3,48,2,16,54,27,57,39,60,15,24,6,20,10,53,43,13,44,31,62,51,12,17,34,58,23,25,38,32,1,29,46,52,11
233405780263598110735853858402301199454	cd=363	32,1,7,56,45,18,20,10,17,34,8,4,24,6,5,40,23,58,43,53,46,29,11,52,57,39,12,51,37,41,16,2,62,31,14,28,38,25,21,42,33,30,59,55,15,60,48,3,49,35,9,36,61,47,22,26,50,19,27,54,44,13
record	m=49545216	32,1,7,56,18,45,20,10,17,34,4,8,24,6,40,5,23,58,53,43,46,29,52,11,57,39,51,12,41,37,2,16,31,62,28,14,38,25,21,42,33,30,55,59,60,15,48,3,49,35,9,36,61,47,26,22,50,19,54,27,13,44
889790300413609695457031702423977421867	cd=307	24,6,26,22,18,45,17,34,53,43,57,39,20,10,12,51,48,3,55,59,15,60,41,37,9,36,54,27,28,14,16,2,40,5,8,4,61,47,29,46,13,44,30,33,42,21,38,25,23,58,56,7,35,49,50,19,62,31,32,1,11,52
record	m=1835008	24,6,26,22,18,45,17,34,53,43,57,39,20,10,51,12,3,48,55,59,60,15,41,37,9,36,54,27,28,14,2,16,40,5,8,4,61,47,29,46,13,44,33,30,21,42,25,38,23,58,56,7,35,49,50,19,31,62,1,32,52,11
671211030539237502667513085062754251732	cd=383	40,5,6,24,44,13,35,49,32,1,56,7,33,30,21,42,31,62,39,57,45,18,19,50,60,15,36,9,54,27,28,14,61,47,51,12,11,52,2,16,34,17,20,10,22,26,58,23,48,3,4,8,43,53,29,46,59,55,37,41,25,38
record	m=11354112	40,5,24,6,13,44,35,49,32,1,7,56,33,30,21,42,31,62,57,39,45,18,50,19,15,60,9,36,27,54,28,14,61,47,51,12,52,11,2,16,17,34,20,10,22,26,23,58,3,48,4,8,43,53,29,46,55,59,41,37,38,25
171248138839888728633329969914382981536	cd=359	10,20,61,47,54,27,17,34,46,29,59,55,38,25,45,18,36,9,39,57,6,24,40,5,2,16,58,23,21,42,51,12,26,22,53,43,19,50,44,13,32,1,28,14,7,56,33,30,60,15,37,41,3,48,49,35,62,31,8,4,52,11
record	m=9633792	20,10,47,61,54,27,17,34,29,46,55,59,25,38,18,45,9,36,57,39,6,24,40,5,2,16,23,58,42,21,51,12,26,22,53,43,50,19,13,44,32,1,28,14,7,56,30,33,60,15,41,37,3,48,49,35,31,62,4,8,52,11
1000481901119882267387220299649521547292	cd=375	57,39,49,35,37,41,46,29,25,38,22,26,34,17,56,7,9,36,12,51,20,10,27,54,6,24,4,8,21,42,2,16,28,14,60,15,48,3,18,45,62,31,23,58,33,30,47,61,11,52,40,5,32,1,50,19,43,53,44,13,55,59
record	m=17203200	57,39,35,49,41,37,29,46,38,25,26,22,17,34,7,56,9,36,51,12,20,10,54,27,24,6,8,4,21,42,2,16,28,14,60,15,48,3,18,45,31,62,23,58,33,30,61,47,52,11,40,5,32,1,50,19,53,43,13,44,55,59
785232991240602945029611769987911930802	cd=383	26,22,52,11,18,45,7,56,51,12,5,40,35,49,16,2,62,31,32,1,47,61,29,46,14,28,27,54,59,55,17,34,9,36,6,24,50,19,37,41,42,21,8,4,3,48,57,39,20,10,38,25,33,30,53,43,58,23,15,60,13,44
record	m=32440320	26,22,52,11,18,45,7,56,51,12,40,5,35,49,2,16,31,62,1,32,61,47,29,46,28,14,54,27,59,55,17,34,9,36,24,6,50,19,41,37,21,42,8,4,3,48,57,39,20,10,25,38,30,33,53,43,58,23,15,60,44,13
561105591633264612146283053371390638932	cd=379	7,56,41,37,21,42,31,62,46,29,34,17,43,53,28,14,11,52,40,5,49,35,18,45,8,4,10,20,55,59,26,22,39,57,54,27,58,23,13,44,2,16,9,36,3,48,51,12,61,47,15,60,6,24,33,30,19,50,38,25,1,32
record	m=5271552	7,56,41,37,21,42,31,62,29,46,17,34,53,43,14,28,52,11,40,5,35,49,18,45,4,8,10,20,55,59,26,22,39,57,54,27,23,58,44,13,2,16,9,36,3,48,51,12,61,47,15,60,24,6,33,30,50,19,25,38,1,32
279763676875608056673886328019720677373	cd=327	21,42,49,35,48,3,15,60,50,19,55,59,29,46,8,4,23,58,17,34,54,27,45,18,5,40,44,13,33,30,38,25,53,43,20,10,31,62,52,11,41,37,56,7,9,36,51,12,1,32,61,47,57,39,6,24,26,22,28,14,2,16
record	m=14450688	21,42,35,49,3,48,60,15,19,50,55,59,29,46,4,8,58,23,17,34,54,27,45,18,40,5,13,44,33,30,25,38,53,43,20,10,31,62,52,11,37,41,7,56,9,36,51,12,32,1,61,47,57,39,6,24,26,22,28,14,16,2
173176841419455127525769433684581496380	cd=367	58,23,51,12,20,10,57,39,22,26,2,16,33,30,17,34,47,61,29,46,5,40,48,3,49,35,15,60,37,41,8,4,59,55,28,14,42,21,27,54,6,24,31,62,45,18,19,50,53,43,25,38,32,1,44,13,36,9,56,7,52,11
record	m=3981312	23,58,51,12,20,10,57,39,22,26,2,16,33,30,17,34,47,61,29,46,40,5,3,48,35,49,60,15,41,37,4,8,55,59,28,14,21,42,54,27,24,6,31,62,45,18,50,19,53,43,25,38,32,1,44,13,36,9,7,56,11,52
348237822046217358031860775990598336213	cd=339	52,11,47,61,38,25,43,53,23,58,30,33,7,56,36,9,2,16,59,55,4,8,5,40,62,31,49,35,54,27,10,20,32,1,19,50,39,57,17,34,37,41,22,26,18,45,12,51,48,3,24,6,60,15,28,14,29,46,44,13,42,21
record	m=8355840	52,11,61,47,25,38,53,43,23,58,33,30,7,56,9,36,2,16,55,59,4,8,40,5,31,62,35,49,54,27,10,20,32,1,19,50,57,39,34,17,41,37,22,26,18,45,12,51,3,48,24,6,15,60,14,28,46,29,44,13,21,42
456683971678564980419821225634884558497	cd=387	13,44,61,47,34,17,16,2,43,53,48,3,55,59,14,28,8,4,45,18,35,49,40,5,46,29,7,56,19,50,32,1,20,10,54,27,36,9,24,6,31,62,57,39,33,30,51,12,21,42,25,38,52,11,41,37,60,15,58,23,22,26
record	m=15138816	13,44,61,47,34,17,16,2,43,53,3,48,55,59,28,14,4,8,18,45,35,49,40,5,29,46,7,56,50,19,32,1,20,10,54,27,36,9,24,6,31,62,57,39,33,30,51,12,21,42,25,38,52,11,41,37,60,15,58,23,22,26
842355943091307309206739317309259866448	cd=307	16,2,17,34,1,32,61,47,50,19,33,30,51,12,13,44,54,27,56,7,11,52,21,42,4,8,41,37,57,39,24,6,36,9,31,62,26,22,48,3,46,29,60,15,38,25,55,59,53,43,23,58,10,20,18,45,28,14,5,40,35,49
record	m=1720320	2,16,34,17,32,1,61,47,50,19,33,30,51,12,13,44,54,27,7,56,52,11,21,42,4,8,41,37,57,39,24,6,9,36,62,31,26,22,3,48,29,46,60,15,25,38,55,59,53,43,58,23,20,10,18,45,28,14,40,5,35,49
592556578095838927351655297648902013983	cd=359	11,52,40,5,18,45,51,12,3,48,17,34,43,53,55,59,10,20,8,4,39,57,16,2,6,24,21,42,15,60,46,29,23,58,41,37,25,38,32,1,27,54,33,30,7,56,44,13,50,19,9,36,28,14,31,62,61,47,26,22,49,35
record	m=1474560	52,11,40,5,18,45,51,12,3,48,17,34,53,43,55,59,10,20,4,8,57,39,2,16,24,6,21,42,60,15,29,46,23,58,41,37,38,25,1,32,54,27,30,33,7,56,44,13,50,19,9,36,28,14,31,62,61,47,26,22,35,49
476409289238769377834797853691597965146	cd=371	57,39,5,40,56,7,51,12,24,6,45,18,52,11,30,33,42,21,15,60,10,20,2,16,19,50,31,62,58,23,14,28,53,43,46,29,47,61,49,35,8,4,13,44,9,36,27,54,32,1,34,17,48,3,25,38,41,37,55,59,22,26
record	m=5160960	57,39,40,5,7,56,51,12,24,6,18,45,52,11,33,30,21,42,60,15,20,10,2,16,50,19,31,62,23,58,28,14,43,53,29,46,61,47,35,49,4,8,13,44,9,36,27,54,32,1,34,17,3,48,25,38,41,37,59,55,26,22
732507696602975294774951271331467799773	cd=327	48,3,60,15,51,12,2,16,54,27,39,57,1,32,62,31,11,52,61,47,36,9,35,49,50,19,24,6,44,13,59,55,46,29,23,58,33,30,43,53,56,7,37,41,45,18,17,34,14,28,4,8,10,20,38,25,40,5,22,26,21,42
record	m=12845056	3,48,60,15,51,12,2,16,54,27,57,39,32,1,62,31,52,11,61,47,9,36,35,49,50,19,24,6,13,44,55,59,29,46,23,58,33,30,53,43,7,56,41,37,45,18,17,34,14,28,4,8,10,20,25,38,40,5,22,26,42,21
170574581022948062108103880210445940833	cd=367	3,48,62,31,56,7,22,26,41,37,4,8,30,33,17,34,45,18,21,42,60,15,10,20,25,38,59,55,29,46,43,53,12,51,47,61,35,49,39,57,9,36,13,44,19,50,27,54,58,23,28,14,40,5,1,32,6,24,16,2,52,11
record	m=37847040	3,48,62,31,7,56,26,22,41,37,4,8,33,30,17,34,18,45,21,42,60,15,20,10,25,38,55,59,29,46,53,43,51,12,61,47,49,35,57,39,9,36,13,44,50,19,54,27,23,58,28,14,40,5,1,32,24,6,2,16,11,52
1009290844235913849052599674457256003550	cd=355	57,39,11,52,14,28,53,43,3,48,44,13,20,10,24,6,1,32,35,49,60,15,12,51,30,33,40,5,31,62,37,41,8,4,54,27,7,56,58,23,61,47,19,50,22,26,25,38,36,9,18,45,42,21,2,16,34,17,46,29,55,59
record	m=1081344	57,39,52,11,28,14,43,53,3,48,44,13,20,10,24,6,32,1,35,49,60,15,51,12,30,33,40,5,31,62,41,37,4,8,27,54,7,56,58,23,61,47,50,19,26,22,25,38,36,9,45,18,21,42,2,16,34,17,46,29,55,59
5306358515588067206651432170550143419	cd=331	44,13,25,38,7,56,47,61,36,9,16,2,27,54,51,12,5,40,42,21,3,48,19,50,31,62,24,6,30,33,29,46,34,17,58,23,28,14,26,22,15,60,43,53,35,49,57,39,41,37,11,52,59,55,8,4,45,18,20,10,32,1
record	m=27525120	13,44,25,38,7,56,61,47,9,36,2,16,54,27,51,12,40,5,21,42,3,48,50,19,31,62,24,6,33,30,29,46,17,34,23,58,28,14,26,22,60,15,53,43,49,35,57,39,41,37,52,11,55,59,8,4,18,45,20,10,32,1
909083249073148935084595339032412094014	cd=307	45,18,21,42,40,5,57,39,4,8,31,62,1,32,6,24,14,28,58,23,59,55,26,22,60,15,12,51,7,56,19,50,49,35,2,16,54,27,9,36,48,3,46,29,61,47,38,25,10,20,44,13,37,41,17,34,43,53,30,33,11,52
record	m=22708224	18,45,21,42,40,5,57,39,4,8,31,62,32,1,24,6,28,14,23,58,55,59,26,22,60,15,51,12,7,56,50,19,35,49,2,16,54,27,36,9,3,48,29,46,47,61,25,38,20,10,13,44,41,37,17,34,53,43,33,30,52,11
1094650473414569478929777186637769420833	cd=363	19,50,4,8,30,33,17,34,46,29,55,59,56,7,10,20,25,38,49,35,16,2,40,5,36,9,47,61,44,13,14,28,12,51,1,32,54,27,3,48,43,53,18,45,21,42,37,41,15,60,24,6,57,39,11,52,26,22,23,58,31,62
record	m=27525120	50,19,4,8,33,30,17,34,29,46,55,59,7,56,20,10,25,38,35,49,2,16,40,5,9,36,61,47,13,44,28,14,12,51,32,1,27,54,3,48,53,43,18,45,21,42,41,37,60,15,24,6,39,57,52,11,26,22,23,58,31,62
117501831098440321845527354525224287222	cd=347	17,34,54,27,46,29,19,50,43,53,12,51,2,16,44,13,60,15,25,38,26,22,36,9,59,55,47,61,20,10,4,8,52,11,42,21,39,57,33,30,14,28,49,35,58,23,40,5,37,41,32,1,45,18,24,6,3,48,62,31,56,7
record	m=1290240	17,34,54,27,29,46,50,19,53,43,51,12,2,16,13,44,60,15,25,38,26,22,36,9,59,55,61,47,10,20,8,4,52,11,21,42,57,39,33,30,28,14,35,49,23,58,5,40,37,41,32,1,18,45,24,6,48,3,31,62,7,56
123525320741036125487171905528131863770	cd=379	41,37,33,30,59,55,45,18,36,9,48,3,27,54,29,46,4,8,19,50,35,49,14,28,22,26,57,39,17,34,38,25,15,60,43,53,5,40,11,52,62,31,51,12,61,47,32,1,6,24,2,16,58,23,20,10,44,13,21,42,56,7
record	m=15138816	41,37,33,30,55,59,18,45,9,36,3,48,54,27,29,46,4,8,50,19,35,49,14,28,26,22,39,57,17,34,38,25,60,15,53,43,40,5,52,11,31,62,51,12,61,47,32,1,24,6,16,2,23,58,20,10,13,44,21,42,7,56
149097028867222107165728607107743288013	cd=319	50,19,31,62,1,32,35,49,9,36,28,14,41,37,11,52,21,42,26,22,48,3,23,58,46,29,61,47,15,60,16,2,20,10,44,13,33,30,17,34,56,7,54,27,5,40,39,57,24,6,43,53,59,55,45,18,51,12,38,25,4,8
record	m=32440320	50,19,31,62,32,1,35,49,9,36,28,14,41,37,52,11,21,42,26,22,3,48,23,58,29,46,61,47,60,15,2,16,20,10,13,44,30,33,17,34,7,56,54,27,40,5,39,57,6,24,53,43,59,55,18,45,12,51,25,38,4,8
296966990175925900981259534781489032185	cd=343	25,38,51,12,20,10,35,49,5,40,45,18,32,1,53,43,41,37,22,26,23,58,24,6,39,57,15,60,50,19,59,55,31,62,11,52,47,61,48,3,4,8,42,21,14,28,29,46,30,33,56,7,34,17,36,9,54,27,13,44,2,16
record	m=4386816	25,38,51,12,20,10,35,49,40,5,18,45,32,1,53,43,41,37,26,22,23,58,24,6,39,57,60,15,19,50,55,59,31,62,52,11,61,47,3,48,4,8,21,42,28,14,29,46,33,30,7,56,17,34,9,36,54,27,13,44,2,16
594283985306143578188382672182679214748	cd=387	21,42,24,6,60,15,20,10,27,54,22,26,1,32,3,48,37,41,39,57,50,19,56,7,23,58,31,62,61,47,13,44,4,8,55,59,17,34,36,9,16,2,30,33,18,45,53,43,29,46,28,14,5,40,12,51,52,11,38,25,49,35
record	m=18923520	21,42,24,6,60,15,20,10,54,27,26,22,32,1,48,3,41,37,57,39,50,19,7,56,58,23,62,31,61,47,13,44,4,8,55,59,17,34,9,36,2,16,33,30,18,45,53,43,29,46,28,14,40,5,51,12,52,11,25,38,35,49
258048588634066023393788162307862246739	cd=323	23,58,45,18,4,8,20,10,53,43,60,15,34,17,29,46,7,56,16,2,12,51,5,40,48,3,13,44,50,19,33,30,26,22,38,25,61,47,59,55,42,21,49,35,6,24,31,62,27,54,37,41,57,39,52,11,1,32,9,36,28,14
record	m=2752512	23,58,18,45,4,8,20,10,53,43,60,15,17,34,46,29,7,56,2,16,51,12,40,5,3,48,44,13,19,50,33,30,26,22,25,38,61,47,55,59,42,21,49,35,6,24,31,62,54,27,41,37,57,39,52,11,1,32,9,36,28,14
1054884337154018110893745703090113461129	cd=351	26,22,41,37,32,1,38,25,45,18,8,4,24,6,54,27,55,59,48,3,15,60,43,53,35,49,21,42,56,7,17,34,62,31,29,46,28,14,20,10,11,52,13,44,58,23,36,9,12,51,30,33,57,39,40,5,2,16,19,50,47,61
record	m=2924544	26,22,41,37,32,1,25,38,18,45,4,8,24,6,54,27,55,59,3,48,60,15,53,43,49,35,21,42,7,56,17,34,62,31,46,29,14,28,10,20,52,11,13,44,58,23,9,36,51,12,30,33,57,39,40,5,2,16,50,19,61,47
17445157885909822436828823282431178455	cd=363	38,25,21,42,24,6,28,14,39,57,15,60,36,9,56,7,18,45,48,3,51,12,37,41,52,11,13,44,53,43,47,61,2,16,22,26,27,54,40,5,19,50,8,4,10,20,62,31,46,29,23,58,33,30,34,17,55,59,49,35,32,1
record	m=18350080	25,38,21,42,24,6,28,14,39,57,60,15,9,36,7,56,18,45,3,48,51,12,41,37,52,11,13,44,53,43,61,47,16,2,26,22,54,27,40,5,19,50,4,8,20,10,31,62,46,29,58,23,33,30,17,34,55,59,35,49,32,1
157387706353431285283956260620845552163	cd=387	33,30,5,40,58,23,47,61,35,49,20,10,43,53,25,38,52,11,44,13,50,19,41,37,60,15,31,62,34,17,48,3,9,36,54,27,6,24,2,16,12,51,42,21,45,18,1,32,26,22,28,14,55,59,29,46,7,56,57,39,4,8
record	m=5242880	33,30,40,5,23,58,61,47,35,49,20,10,53,43,25,38,52,11,13,44,50,19,41,37,60,15,31,62,34,17,3,48,9,36,54,27,6,24,2,16,51,12,21,42,18,45,32,1,26,22,28,14,55,59,29,46,7,56,57,39,4,8
1035273321054437657583667115677792929112	cd=299	56,7,32,1,48,3,27,54,31,62,44,13,50,19,11,52,41,37,42,21,9,36,30,33,15,60,38,25,23,58,35,49,53,43,6,24,40,5,28,14,22,26,16,2,39,57,29,46,59,55,45,18,4,8,10,20,34,17,51,12,47,61
record	m=41287680	7,56,32,1,3,48,54,27,31,62,13,44,19,50,52,11,41,37,21,42,9,36,30,33,60,15,25,38,23,58,35,49,43,53,24,6,40,5,28,14,26,22,2,16,57,39,29,46,55,59,18,45,4,8,20,10,17,34,51,12,61,47
654439389410594931177996939232441814874	cd=351	35,49,61,47,62,31,22,26,46,29,41,37,45,18,4,8,7,56,2,16,55,59,54,27,6,24,30,33,17,34,1,32,21,42,3,48,28,14,39,57,58,23,12,51,9,36,60,15,19,50,40,5,44,13,11,52,53,43,20,10,25,38
record	m=401408	35,49,61,47,31,62,26,22,29,46,41,37,45,18,4,8,7,56,2,16,55,59,54,27,24,6,33,30,17,34,1,32,21,42,3,48,28,14,39,57,23,58,51,12,9,36,60,15,19,50,40,5,44,13,11,52,53,43,20,10,25,38
70342947607488204724678835871805073607	cd=383	52,11,12,51,45,18,15,60,37,41,49,35,22,26,43,53,36,9,42,21,57,39,20,10,48,3,2,16,40,5,61,47,38,25,23,58,33,30,19,50,14,28,17,34,55,59,56,7,13,44,32,1,62,31,29,46,54,27,24,6,8,4
record	m=16220160	52,11,51,12,18,45,60,15,41,37,35,49,26,22,53,43,9,36,21,42,57,39,20,10,3,48,2,16,40,5,61,47,25,38,23,58,33,30,50,19,28,14,34,17,55,59,7,56,44,13,1,32,31,62,46,29,27,54,6,24,8,4
1010679239489096216943264567837596785288	cd=383	38,25,13,44,35,49,14,28,60,15,61,47,9,36,50,19,18,45,40,5,23,58,11,52,56,7,42,21,26,22,3,48,4,8,20,10,29,46,2,16,34,17,24,6,43,53,32,1,37,41,27,54,57,39,33,30,51,12,62,31,55,59
record	m=4128768	25,38,13,44,35,49,28,14,60,15,61,47,9,36,50,19,18,45,40,5,58,23,52,11,7,56,21,42,26,22,3,48,4,8,20,10,29,46,2,16,17,34,24,6,53,43,32,1,41,37,54,27,57,39,33,30,12,51,31,62,55,59
305261488871559262487146269456771894120	cd=375	41,37,19,50,40,5,7,56,45,18,58,23,59,55,31,62,44,13,15,60,10,20,51,12,54,27,43,53,1,32,46,29,26,22,11,52,8,4,39,57,21,42,6,24,9,36,28,14,38,25,35,49,3,48,17,34,33,30,47,61,2,16
record	m=5160960	41,37,50,19,5,40,56,7,18,45,23,58,55,59,31,62,13,44,60,15,20,10,51,12,54,27,53,43,32,1,29,46,26,22,52,11,8,4,39,57,21,42,24,6,36,9,28,14,38,25,49,35,48,3,17,34,33,30,61,47,16,2
790265415856931413418328489191328516318	cd=239	12,51,37,41,21,42,49,35,23,58,14,28,17,34,26,22,4,8,18,45,59,55,27,54,29,46,60,15,5,40,3,48,38,25,20,10,9,36,57,39,11,52,44,13,43,53,33,30,31,62,1,32,19,50,2,16,6,24,56,7,61,47
record	m=6488064	51,12,41,37,21,42,35,49,23,58,28,14,34,17,26,22,4,8,18,45,55,59,54,27,29,46,60,15,40,5,3,48,25,38,20,10,36,9,39,57,52,11,44,13,53,43,33,30,31,62,1,32,19,50,2,16,6,24,56,7,61,47
437533533324664131770893393238195061550	cd=359	46,29,55,59,53,43,15,60,21,42,37,41,22,26,48,3,10,20,27,54,45,18,33,30,4,8,40,5,9,36,16,2,1,32,6,24,62,31,47,61,49,35,7,56,11,52,39,57,44,13,14,28,17,34,19,50,58,23,12,51,38,25
record	m=41287680	29,46,55,59,53,43,60,15,21,42,41,37,26,22,3,48,20,10,54,27,18,45,33,30,4,8,40,5,9,36,2,16,32,1,24,6,31,62,61,47,49,35,56,7,52,11,57,39,13,44,28,14,34,17,50,19,23,58,12,51,25,38
781178836614201245016866657733856977998	cd=331	26,22,29,46,34,17,36,9,14,28,30,33,43,53,41,37,56,7,49,35,57,39,5,40,52,11,42,21,51,12,23,58,2,16,10,20,61,47,38,25,32,1,8,4,3,48,60,15,54,27,31,62,24,6,45,18,55,59,19,50,13,44
record	m=8847360	26,22,29,46,17,34,9,36,28,14,30,33,53,43,41,37,7,56,35,49,39,57,40,5,52,11,21,42,51,12,23,58,2,16,10,20,61,47,25,38,32,1,4,8,3,48,60,15,54,27,62,31,24,6,18,45,55,59,50,19,13,44
28619197986538806308337932320460116204	cd=323	42,21,61,47,51,12,2,16,18,45,33,30,62,31,13,44,11,52,17,34,20,10,19,50,8,4,15,60,58,23,29,46,40,5,38,25,43,53,6,24,59,55,28,14,49,35,37,41,3,48,26,22,7,56,9,36,57,39,27,54,32,1
record	m=13762560	21,42,61,47,51,12,2,16,18,45,33,30,31,62,13,44,52,11,17,34,20,10,50,19,4,8,60,15,23,58,29,46,40,5,25,38,53,43,24,6,55,59,28,14,49,35,41,37,3,48,26,22,7,56,9,36,39,57,27,54,32,1
745574145798090585939390290044946163187	cd=359	19,50,57,39,13,44,62,31,8,4,34,17,20,10,46,29,58,23,24,6,60,15,48,3,14,28,25,38,40,5,11,52,45,18,43,53,30,33,37,41,49,35,55,59,9,36,32,1,7,56,54,27,61,47,26,22,16,2,12,51,21,42
record	m=16515072	50,19,57,39,13,44,31,62,4,8,17,34,20,10,29,46,23,58,24,6,15,60,3,48,28,14,38,25,40,5,52,11,18,45,53,43,30,33,41,37,35,49,55,59,9,36,32,1,7,56,54,27,61,47,26,22,2,16,51,12,21,42
74493270741412826827331403768815510750	cd=387	52,11,29,46,53,43,10,20,32,1,51,12,34,17,30,33,40,5,44,13,56,7,37,41,36,9,3,48,26,22,54,27,45,18,24,6,38,25,28,14,49,35,19,50,42,21,39,57,47,61,58,23,59,55,16,2,62,31,60,15,8,4
record	m=11010048	52,11,29,46,53,43,20,10,32,1,51,12,17,34,33,30,40,5,13,44,56,7,37,41,36,9,3,48,26,22,27,54,18,45,24,6,38,25,28,14,35,49,50,19,21,42,57,39,61,47,23,58,55,59,2,16,31,62,15,60,4,8
997486410181302610128467897230438792809	cd=359	53,43,10,20,32,1,51,12,57,39,47,61,23,58,38,25,8,4,18,45,6,24,30,33,5,40,62,31,44,13,3,48,42,21,19,50,34,17,46,29,14,28,49,35,41,37,60,15,54,27,16,2,52,11,26,22,36,9,56,7,55,59
record	m=7741440	53,43,20,10,32,1,51,12,57,39,61,47,23,58,25,38,4,8,18,45,24,6,33,30,40,5,31,62,13,44,48,3,21,42,50,19,17,34,46,29,28,14,35,49,41,37,60,15,27,54,2,16,52,11,26,22,36,9,7,56,59,55
345669388441078611911858296565376595824	cd=375	18,45,62,31,26,22,37,41,10,20,14,28,58,23,43,53,48,3,32,1,6,24,40,5,30,33,8,4,54,27,46,29,17,34,2,16,12,51,55,59,60,15,61,47,52,11,35,49,7,56,38,25,19,50,13,44,57,39,36,9,42,21
record	m=5406720	18,45,31,62,26,22,41,37,20,10,28,14,23,58,53,43,3,48,32,1,24,6,40,5,33,30,4,8,27,54,29,46,34,17,2,16,12,51,55,59,60,15,61,47,52,11,35,49,7,56,25,38,50,19,13,44,57,39,9,36,21,42
245261736182001486102441235761495359518	cd=387	27,54,37,41,53,43,50,19,20,10,18,45,38,25,26,22,52,11,30,33,8,4,49,35,55,59,60,15,7,56,36,9,34,17,3,48,40,5,61,47,29,46,24,6,39,57,21,42,1,32,31,62,13,44,16,2,58,23,51,12,28,14
record	m=8257536	54,27,41,37,43,53,50,19,20,10,18,45,25,38,26,22,52,11,33,30,4,8,35,49,55,59,60,15,7,56,9,36,17,34,3,48,40,5,61,47,29,46,24,6,57,39,21,42,32,1,31,62,44,13,2,16,23,58,51,12,28,14
118694092702917955389657252482839370484	cd=351	10,20,19,50,23,58,39,57,53,43,3,48,44,13,28,14,25,38,18,45,55,59,15,60,22,26,35,49,8,4,52,11,16,2,5,40,34,17,41,37,51,12,36,9,27,54,47,61,42,21,29,46,24,6,32,1,62,31,30,33,56,7
record	m=16515072	20,10,50,19,58,23,57,39,53,43,3,48,44,13,28,14,25,38,18,45,55,59,60,15,26,22,35,49,4,8,52,11,2,16,40,5,17,34,41,37,51,12,9,36,54,27,61,47,21,42,46,29,6,24,32,1,62,31,30,33,7,56
313538421889029464014025616720325213836	cd=383	20,10,22,26,27,54,31,62,35,49,41,37,7,56,17,34,53,43,1,32,58,23,39,57,11,52,16,2,46,29,40,5,25,38,47,61,8,4,33,30,9,36,6,24,21,42,18,45,28,14,12,51,60,15,3,48,55,59,44,13,50,19
record	m=8257536	20,10,26,22,27,54,31,62,35,49,41,37,7,56,17,34,53,43,32,1,23,58,57,39,52,11,2,16,29,46,40,5,25,38,61,47,4,8,33,30,9,36,6,24,21,42,18,45,28,14,12,51,60,15,3,48,55,59,13,44,19,50
78357993444692471938991071722532730842	cd=275	34,17,7,56,22,26,60,15,37,41,11,52,39,57,3,48,51,12,13,44,50,19,32,1,6,24,40,5,29,46,30,33,58,23,2,16,53,43,31,62,18,45,55,59,47,61,49,35,9,36,27,54,38,25,10,20,14,28,42,21,8,4
record	m=13762560	17,34,7,56,26,22,60,15,41,37,52,11,57,39,3,48,51,12,13,44,50,19,32,1,24,6,40,5,29,46,33,30,23,58,2,16,53,43,31,62,18,45,55,59,61,47,49,35,9,36,27,54,38,25,20,10,28,14,21,42,4,8
679412150291325452137998233313920112470	cd=363	19,50,54,27,24,6,36,9,30,33,43,53,32,1,3,48,44,13,41,37,60,15,21,42,57,39,61,47,52,11,28,14,18,45,40,5,51,12,58,23,49,35,2,16,10,20,31,62,22,26,34,17,46,29,59,55,4,8,7,56,25,38
record	m=41287680	50,19,54,27,24,6,9,36,33,30,53,43,32,1,3,48,44,13,41,37,60,15,21,42,57,39,61,47,52,11,28,14,18,45,40,5,51,12,23,58,35,49,2,16,20,10,31,62,26,22,17,34,46,29,55,59,4,8,56,7,38,25
17057891637569265103744609717086499494	cd=311	11,52,34,17,6,24,40,5,2,16,41,37,46,29,25,38,58,23,55,59,18,45,20,10,47,61,42,21,39,57,26,22,7,56,8,4,30,33,12,51,3,48,60,15,54,27,53,43,31,62,14,28,36,9,44,13,50,19,49,35,32,1
record	m=15138816	52,11,17,34,24,6,40,5,2,16,41,37,29,46,38,25,23,58,55,59,18,45,20,10,47,61,21,42,57,39,22,26,7,56,4,8,33,30,12,51,3,48,60,15,54,27,43,53,31,62,28,14,9,36,44,13,50,19,35,49,32,1
381619225745617404143016415624104110064	cd=359	2,16,18,45,55,59,61,47,34,17,48,3,8,4,25,38,19,50,46,29,9,36,21,42,7,56,52,11,40,5,60,15,33,30,57,39,43,53,10,20,49,35,62,31,28,14,24,6,13,44,37,41,58,23,27,54,32,1,51,12,26,22
record	m=1048576	2,16,18,45,55,59,61,47,34,17,3,48,4,8,25,38,50,19,29,46,9,36,21,42,7,56,11,52,40,5,60,15,33,30,57,39,53,43,20,10,35,49,31,62,28,14,24,6,13,44,41,37,23,58,54,27,1,32,51,12,26,22
361031464377892101954340684641481053206	cd=339	28,14,23,58,27,54,35,49,40,5,45,18,20,10,3,48,46,29,61,47,16,2,36,9,51,12,26,22,60,15,6,24,53,43,13,44,31,62,50,19,33,30,4,8,37,41,39,57,56,7,59,55,1,32,17,34,52,11,25,38,42,21
record	m=31850496	28,14,23,58,54,27,35,49,40,5,18,45,20,10,3,48,29,46,61,47,16,2,9,36,51,12,26,22,60,15,24,6,53,43,13,44,62,31,19,50,33,30,4,8,41,37,57,39,7,56,59,55,32,1,17,34,52,11,25,38,42,21
757167905845460648783996932768879243184	cd=355	24,6,11,52,33,30,10,20,49,35,27,54,9,36,23,58,45,18,17,34,1,32,43,53,39,57,28,14,16,2,25,38,47,61,5,40,56,7,46,29,59,55,31,62,19,50,48,3,12,51,22,26,21,42,41,37,60,15,4,8,13,44
record	m=14680064	24,6,52,11,33,30,20,10,35,49,54,27,36,9,23,58,18,45,17,34,32,1,53,43,57,39,14,28,2,16,25,38,61,47,40,5,7,56,29,46,55,59,31,62,50,19,48,3,12,51,26,22,42,21,41,37,60,15,4,8,13,44
781749698482276499752033847777717467583	cd=387	24,6,19,50,57,39,33,30,54,27,41,37,53,43,62,31,22,26,35,49,2,16,32,1,45,18,14,28,47,61,17,34,46,29,4,8,55,59,15,60,12,51,25,38,3,48,42,21,23,58,20,10,5,40,36,9,7,56,11,52,13,44
record	m=12845056	24,6,50,19,57,39,33,30,54,27,41,37,53,43,31,62,26,22,35,49,2,16,32,1,18,45,28,14,61,47,34,17,29,46,4,8,55,59,60,15,51,12,25,38,3,48,21,42,58,23,20,10,5,40,9,36,7,56,11,52,13,44
836653172323801634362459224717188389086	cd=359	45,18,32,1,7,56,61,47,26,22,8,4,6,24,11,52,21,42,12,51,31,62,59,55,16,2,33,30,39,57,50,19,54,27,17,34,43,53,41,37,5,40,10,20,25,38,58,23,48,3,13,44,29,46,60,15,36,9,14,28,35,49
record	m=37847040	18,45,32,1,7,56,61,47,26,22,4,8,24,6,52,11,21,42,51,12,31,62,55,59,2,16,33,30,57,39,50,19,54,27,17,34,53,43,41,37,40,5,20,10,25,38,23,58,3,48,44,13,46,29,60,15,36,9,28,14,49,35
195021589856252243886101975680333849447	cd=367	6,24,31,62,15,60,49,35,3,48,45,18,19,50,13,44,7,56,41,37,54,27,28,14,47,61,21,42,33,30,57,39,32,1,26,22,5,40,51,12,36,9,59,55,25,38,53,43,58,23,16,2,8,4,34,17,20,10,29,46,52,11
record	m=4128768	24,6,31,62,60,15,35,49,3,48,45,18,50,19,44,13,7,56,41,37,54,27,28,14,61,47,21,42,33,30,57,39,32,1,26,22,5,40,51,12,9,36,55,59,25,38,53,43,23,58,2,16,4,8,17,34,10,20,29,46,52,11
876744641076076691138967157094491570937	cd=367	52,11,61,47,29,46,10,20,32,1,7,56,62,31,55,59,43,53,17,34,16,2,49,35,44,13,41,37,23,58,25,38,60,15,28,14,40,5,54,27,8,4,12,51,9,36,30,33,21,42,26,22,48,3,45,18,24,6,57,39,19,50
record	m=7340032	52,11,61,47,29,46,20,10,32,1,7,56,31,62,55,59,53,43,34,17,2,16,49,35,13,44,41,37,23,58,25,38,60,15,14,28,40,5,54,27,8,4,12,51,9,36,33,30,21,42,26,22,3,48,18,45,24,6,57,39,50,19
383103484812774150881367111862382685237	cd=299	10,20,55,59,9,36,21,42,58,23,40,5,27,54,4,8,13,44,11,52,39,57,47,61,19,50,6,24,17,34,1,32,46,29,48,3,15,60,30,33,2,16,7,56,62,31,51,12,41,37,25,38,49,35,43,53,45,18,28,14,26,22
record	m=3440640	20,10,59,55,36,9,21,42,58,23,40,5,54,27,8,4,13,44,52,11,57,39,61,47,50,19,24,6,17,34,32,1,29,46,3,48,60,15,33,30,2,16,7,56,31,62,51,12,41,37,38,25,49,35,53,43,45,18,28,14,26,22
477749312634225386940783616769466775714	cd=359	51,12,62,31,14,28,17,34,29,46,7,56,35,49,24,6,60,15,44,13,36,9,3,48,18,45,27,54,4,8,57,39,30,33,16,2,11,52,21,42,1,32,5,40,10,20,25,38,23,58,50,19,59,55,43,53,37,41,47,61,22,26
record	m=3870720	51,12,31,62,28,14,34,17,46,29,7,56,35,49,24,6,60,15,13,44,9,36,3,48,18,45,54,27,8,4,39,57,33,30,2,16,52,11,21,42,32,1,40,5,20,10,25,38,23,58,50,19,55,59,53,43,37,41,61,47,26,22
729573748334731871935519736610813836119	cd=315	27,54,9,36,23,58,22,26,17,34,37,41,51,12,8,4,49,35,15,60,29,46,39,57,59,55,5,40,25,38,7,56,31,62,28,14,20,10,45,18,32,1,43,53,48,3,33,30,2,16,52,11,44,13,24,6,47,61,50,19,21,42
record	m=4128768	54,27,36,9,23,58,26,22,17,34,41,37,51,12,4,8,35,49,60,15,29,46,57,39,59,55,5,40,25,38,7,56,31,62,28,14,20,10,18,45,32,1,53,43,3,48,33,30,2,16,52,11,13,44,24,6,47,61,50,19,42,21
402551692968753151861395366464137884513	cd=343	25,38,51,12,24,6,52,11,45,18,4,8,55,59,2,16,36,9,47,61,48,3,14,28,30,33,23,58,15,60,53,43,54,27,57,39,10,20,62,31,46,29,17,34,44,13,7,56,21,42,37,41,5,40,32,1,35,49,19,50,26,22
record	m=6193152	25,38,51,12,24,6,52,11,18,45,4,8,55,59,2,16,9,36,61,47,3,48,28,14,30,33,23,58,60,15,53,43,54,27,57,39,20,10,31,62,29,46,34,17,13,44,7,56,21,42,41,37,40,5,1,32,35,49,50,19,26,22
125702547313893782940404094325427064609	cd=327	24,6,37,41,9,36,49,35,27,54,12,51,31,62,13,44,28,14,19,50,11,52,22,26,17,34,23,58,60,15,46,29,8,4,55,59,40,5,20,10,1,32,3,48,33,30,43,53,25,38,42,21,39,57,47,61,2,16,18,45,56,7
record	m=13762560	24,6,37,41,9,36,35,49,54,27,51,12,31,62,13,44,28,14,50,19,52,11,26,22,17,34,23,58,60,15,29,46,4,8,55,59,40,5,20,10,32,1,48,3,33,30,53,43,25,38,21,42,57,39,61,47,2,16,18,45,7,56
671310324995418139011554320967805416454	cd=383	33,30,26,22,37,41,5,40,62,31,24,6,20,10,19,50,13,44,34,17,60,15,43,53,9,36,39,57,58,23,1,32,59,55,61,47,49,35,27,54,4,8,45,18,46,29,28,14,11,52,56,7,12,51,16,2,48,3,21,42,25,38
record	m=3096576	33,30,26,22,41,37,40,5,31,62,24,6,20,10,50,19,13,44,34,17,60,15,53,43,9,36,57,39,23,58,32,1,55,59,61,47,35,49,54,27,8,4,18,45,29,46,28,14,52,11,7,56,51,12,2,16,48,3,21,42,25,38
1028835538457526904156371780513717172383	cd=287	3,48,36,9,54,27,35,49,53,43,15,60,55,59,29,46,52,11,17,34,8,4,37,41,26,22,39,57,44,13,6,24,18,45,62,31,7,56,32,1,28,14,21,42,50,19,5,40,38,25,30,33,23,58,12,51,10,20,16,2,47,61
record	m=9535488	3,48,9,36,54,27,35,49,53,43,60,15,55,59,29,46,52,11,17,34,4,8,41,37,26,22,39,57,13,44,24,6,18,45,31,62,7,56,32,1,28,14,21,42,50,19,5,40,25,38,30,33,23,58,51,12,20,10,2,16,61,47
780110897542040716108598631346907453268	cd=375	53,43,46,29,23,58,24,6,48,3,55,59,8,4,16,2,10,20,31,62,38,25,1,32,17,34,7,56,36,9,15,60,57,39,27,54,42,21,33,30,22,26,61,47,12,51,41,37,11,52,40,5,35,49,18,45,28,14,19,50,13,44
record	m=31457280	53,43,29,46,23,58,24,6,3,48,55,59,4,8,2,16,20,10,31,62,25,38,32,1,34,17,7,56,9,36,60,15,39,57,27,54,21,42,33,30,26,22,61,47,51,12,41,37,52,11,40,5,35,49,18,45,28,14,50,19,13,44
730617308532069665554739757243668295461	cd=343	6,24,59,55,11,52,33,30,25,38,20,10,35,49,45,18,14,28,44,13,32,1,50,19,39,57,8,4,31,62,60,15,48,3,23,58,41,37,29,46,36,9,2,16,17,34,54,27,53,43,40,5,12,51,7,56,47,61,26,22,21,42
record	m=3784704	24,6,55,59,52,11,33,30,25,38,20,10,35,49,18,45,28,14,13,44,32,1,50,19,57,39,4,8,31,62,60,15,48,3,23,58,41,37,29,46,9,36,2,16,17,34,54,27,53,43,40,5,51,12,7,56,61,47,26,22,21,42
554550487124199586288042764647341431032	cd=383	42,21,51,12,58,23,17,34,45,18,6,24,50,19,13,44,2,16,61,47,31,62,40,5,55,59,33,30,46,29,22,26,52,11,57,39,53,43,9,36,27,54,56,7,38,25,4,8,48,3,35,49,37,41,10,20,28,14,60,15,1,32
record	m=5160960	21,42,51,12,23,58,17,34,18,45,24,6,50,19,13,44,2,16,61,47,31,62,40,5,55,59,33,30,29,46,26,22,52,11,57,39,53,43,9,36,27,54,7,56,25,38,8,4,3,48,35,49,41,37,20,10,14,28,60,15,1,32
866094753415187721621543420974769673204	cd=383	42,21,57,39,24,6,23,58,12,51,27,54,62,31,4,8,1,32,16,2,43,53,59,55,15,60,45,18,9,36,47,61,38,25,5,40,28,14,30,33,46,29,7,56,11,52,44,13,41,37,49,35,17,34,26,22,3,48,10,20,19,50
record	m=31457280	21,42,57,39,24,6,23,58,51,12,54,27,31,62,4,8,32,1,2,16,53,43,55,59,60,15,18,45,9,36,61,47,25,38,40,5,28,14,30,33,29,46,7,56,52,11,44,13,41,37,35,49,34,17,26,22,3,48,10,20,50,19
786345053442471717018965036265551656323	cd=375	11,52,17,34,40,5,6,24,20,10,39,57,42,21,59,55,30,33,8,4,18,45,43,53,3,48,15,60,9,36,28,14,22,26,56,7,27,54,49,35,1,32,19,50,58,23,38,25,29,46,37,41,47,61,12,51,16,2,31,62,13,44
record	m=66060288	52,11,17,34,40,5,24,6,20,10,57,39,21,42,55,59,33,30,4,8,18,45,53,43,3,48,15,60,9,36,28,14,26,22,7,56,54,27,35,49,32,1,50,19,23,58,25,38,46,29,41,37,61,47,51,12,2,16,31,62,13,44
106487878751769256049505825812742142626	cd=379	25,38,37,41,31,62,22,26,46,29,4,8,57,39,15,60,6,24,28,14,3,48,35,49,17,34,19,50,52,11,18,45,43,53,5,40,20,10,33,30,47,61,2,16,36,9,59,55,21,42,54,27,51,12,23,58,32,1,44,13,56,7
record	m=5677056	25,38,41,37,31,62,26,22,29,46,4,8,57,39,60,15,24,6,28,14,3,48,35,49,17,34,50,19,52,11,18,45,53,43,40,5,20,10,33,30,61,47,16,2,9,36,55,59,42,21,54,27,51,12,23,58,32,1,13,44,56,7
36612575776775604636374663916337041056	cd=383	32,1,41,37,55,59,21,42,18,45,31,62,29,46,4,8,26,22,38,25,15,60,10,20,23,58,51,12,48,3,57,39,49,35,13,44,34,17,50,19,54,27,36,9,43,53,7,56,47,61,11,52,30,33,40,5,14,28,24,6,16,2
record	m=11354112	32,1,41,37,55,59,21,42,18,45,31,62,29,46,4,8,26,22,25,38,60,15,20,10,23,58,51,12,3,48,57,39,35,49,13,44,34,17,50,19,54,27,36,9,53,43,7,56,61,47,11,52,30,33,40,5,28,14,24,6,16,2
462408276418771338983304912535320706852	cd=307	38,25,51,12,15,60,3,48,5,40,45,18,28,14,27,54,61,47,9,36,2,16,23,58,10,20,33,30,55,59,57,39,11,52,56,7,4,8,13,44,37,41,24,6,19,50,1,32,21,42,35,49,62,31,29,46,53,43,17,34,22,26
record	m=30277632	25,38,51,12,60,15,48,3,40,5,18,45,28,14,54,27,61,47,9,36,2,16,23,58,20,10,33,30,55,59,57,39,52,11,7,56,4,8,13,44,41,37,6,24,50,19,32,1,21,42,35,49,31,62,46,29,53,43,34,17,26,22
66491439499977460814345753797438761991	cd=379	36,9,15,60,59,55,8,4,14,28,56,7,49,35,3,48,24,6,50,19,33,30,13,44,34,17,31,62,58,23,43,53,1,32,25,38,26,22,5,40,11,52,18,45,46,29,39,57,51,12,21,42,41,37,54,27,20,10,47,61,16,2
record	m=1892352	9,36,60,15,55,59,4,8,28,14,7,56,35,49,48,3,24,6,50,19,33,30,13,44,34,17,31,62,58,23,53,43,32,1,25,38,26,22,5,40,52,11,18,45,29,46,57,39,51,12,21,42,37,41,27,54,10,20,61,47,2,16
1086766273799226513263218690899518634736	cd=351	48,3,12,51,32,1,4,8,44,13,15,60,23,58,19,50,46,29,40,5,2,16,52,11,57,39,41,37,26,22,34,17,6,24,21,42,61,47,56,7,55,59,35,49,33,30,53,43,25,38,10,20,36,9,27,54,28,14,18,45,31,62
record	m=20643840	3,48,51,12,32,1,4,8,13,44,60,15,23,58,19,50,46,29,40,5,2,16,52,11,57,39,41,37,26,22,17,34,24,6,21,42,61,47,56,7,59,55,35,49,33,30,53,43,25,38,20,10,36,9,27,54,28,14,18,45,31,62
616725500326645187663422609179853897284	cd=371	5,40,30,33,38,25,49,35,62,31,39,57,8,4,55,59,18,45,56,7,10,20,14,28,24,6,51,12,11,52,1,32,2,16,47,61,60,15,19,50,44,13,21,42,9,36,43,53,17,34,46,29,22,26,54,27,23,58,48,3,41,37
record	m=13074432	40,5,33,30,25,38,35,49,31,62,57,39,4,8,55,59,18,45,7,56,20,10,28,14,24,6,51,12,52,11,32,1,2,16,61,47,15,60,50,19,13,44,21,42,9,36,53,43,17,34,46,29,26,22,54,27,23,58,48,3,41,37
650089323147868113404627652273651352891	cd=371	3,48,27,54,19,50,55,59,30,33,18,45,52,11,14,28,44,13,15,60,39,57,49,35,17,34,37,41,26,22,36,9,4,8,42,21,32,1,7,56,46,29,20,10,40,5,58,23,47,61,24,6,31,62,51,12,43,53,16,2,25,38
record	m=8110080	3,48,54,27,50,19,55,59,33,30,18,45,52,11,28,14,13,44,60,15,57,39,35,49,34,17,41,37,26,22,36,9,4,8,21,42,32,1,7,56,29,46,20,10,5,40,58,23,61,47,6,24,31,62,51,12,53,43,2,16,38,25
483336630075134896839570166362166300066	cd=371	38,25,22,26,49,35,33,30,2,16,17,34,29,46,31,62,50,19,6,24,1,32,57,39,61,47,27,54,36,9,40,5,43,53,20,10,12,51,56,7,44,13,37,41,48,3,21,42,18,45,60,15,58,23,11,52,59,55,4,8,14,28
record	m=19267584	25,38,26,22,35,49,33,30,2,16,17,34,29,46,31,62,50,19,24,6,32,1,57,39,61,47,54,27,9,36,40,5,53,43,10,20,51,12,7,56,13,44,41,37,3,48,21,42,18,45,60,15,58,23,52,11,55,59,8,4,28,14
806265253687242944102903196623289595037	cd=371	42,21,41,37,35,49,24,6,28,14,31,62,23,58,48,3,39,57,51,12,26,22,50,19,18,45,52,11,25,38,8,4,33,30,44,13,55,59,53,43,54,27,20,10,60,15,40,5,1,32,46,29,34,17,2,16,56,7,9,36,61,47
record	m=4730880	21,42,41,37,35,49,24,6,28,14,31,62,23,58,3,48,57,39,51,12,26,22,50,19,18,45,52,11,25,38,4,8,33,30,13,44,55,59,53,43,54,27,20,10,60,15,40,5,32,1,29,46,17,34,2,16,7,56,9,36,61,47
10783733273851004604300616696161868527	cd=387	18,45,5,40,52,11,46,29,22,26,31,62,41,37,12,51,47,61,56,7,30,33,42,21,44,13,2,16,34,17,39,57,49,35,58,23,43,53,50,19,4,8,6,24,28,14,38,25,59,55,3,48,60,15,54,27,36,9,10,20,32,1
record	m=77070336	18,45,40,5,52,11,29,46,26,22,31,62,41,37,51,12,61,47,7,56,33,30,21,42,13,44,2,16,17,34,57,39,35,49,23,58,53,43,50,19,4,8,6,24,14,28,25,38,55,59,3,48,60,15,54,27,36,9,10,20,32,1
864621913088206643159725631188432024287	cd=331	3,48,45,18,20,10,53,43,15,60,21,42,31,62,14,28,57,39,1,32,6,24,13,44,59,55,4,8,46,29,47,61,33,30,38,25,17,34,23,58,36,9,7,56,27,54,22,26,11,52,37,41,51,12,40,5,35,49,2,16,19,50
record	m=36700160	3,48,18,45,20,10,53,43,60,15,21,42,31,62,28,14,39,57,32,1,24,6,13,44,55,59,8,4,29,46,61,47,33,30,25,38,34,17,23,58,9,36,7,56,54,27,26,22,52,11,41,37,51,12,40,5,35,49,2,16,50,19
895286201481229850850776366963723989358	cd=359	37,41,25,38,2,16,29,46,23,58,40,5,30,33,34,17,9,36,7,56,49,35,6,24,62,31,28,14,32,1,22,26,43,53,47,61,51,12,39,57,8,4,55,59,13,44,48,3,60,15,42,21,45,18,54,27,19,50,20,10,11,52
record	m=1261568	41,37,25,38,2,16,29,46,23,58,40,5,33,30,17,34,9,36,7,56,49,35,6,24,31,62,28,14,32,1,26,22,53,43,61,47,12,51,57,39,4,8,55,59,13,44,48,3,15,60,21,42,45,18,54,27,19,50,20,10,11,52
226273621281612725642537956033280024348	cd=359	24,6,18,45,20,10,43,53,21,42,7,56,9,36,30,33,25,38,48,3,4,8,15,60,54,27,22,26,49,35,1,32,16,2,17,34,29,46,55,59,28,14,37,41,58,23,47,61,52,11,39,57,19,50,31,62,51,12,5,40,44,13
record	m=31457280	24,6,18,45,20,10,53,43,42,21,7,56,9,36,33,30,25,38,3,48,4,8,60,15,54,27,26,22,35,49,32,1,2,16,34,17,29,46,55,59,28,14,41,37,23,58,61,47,52,11,57,39,50,19,31,62,12,51,40,5,44,13
251209486301359510926034513791873287424	cd=387	24,6,53,43,39,57,31,62,11,52,25,38,18,45,33,30,12,51,22,26,17,34,47,61,27,54,42,21,29,46,2,16,32,1,56,7,19,50,37,41,49,35,59,55,48,3,8,4,9,36,10,20,15,60,13,44,40,5,58,23,28,14
record	m=11010048	24,6,53,43,57,39,31,62,52,11,25,38,18,45,33,30,51,12,26,22,17,34,47,61,54,27,21,42,46,29,16,2,32,1,56,7,50,19,41,37,35,49,55,59,3,48,4,8,9,36,10,20,15,60,13,44,5,40,23,58,28,14
1006475634678092174275098574859790564829	cd=347	7,56,30,33,13,44,52,11,38,25,28,14,36,9,15,60,48,3,50,19,6,24,1,32,17,34,18,45,21,42,27,54,62,31,37,41,39,57,40,5,10,20,51,12,43,53,29,46,35,49,26,22,4,8,47,61,2,16,58,23,55,59
record	m=20889600	7,56,33,30,13,44,52,11,25,38,28,14,9,36,60,15,3,48,50,19,24,6,32,1,17,34,18,45,21,42,54,27,62,31,41,37,57,39,40,5,20,10,51,12,53,43,46,29,49,35,26,22,4,8,61,47,16,2,23,58,55,59
485327330326865931929407973362890561768	cd=363	6,24,20,10,53,43,11,52,29,46,50,19,7,56,18,45,33,30,38,25,21,42,39,57,3,48,44,13,32,1,26,22,37,41,4,8,60,15,40,5,2,16,34,17,9,36,49,35,31,62,59,55,58,23,61,47,54,27,51,12,14,28
record	m=4128768	24,6,20,10,53,43,11,52,29,46,50,19,7,56,18,45,33,30,25,38,21,42,57,39,3,48,44,13,32,1,26,22,37,41,4,8,60,15,40,5,2,16,34,17,9,36,35,49,31,62,55,59,23,58,61,47,54,27,51,12,28,14
878043714437064318735778853463761612031	cd=363	29,46,35,49,16,2,61,47,9,36,17,34,12,51,54,27,57,39,41,37,23,58,45,18,25,38,10,20,62,31,28,14,30,33,40,5,22,26,48,3,15,60,56,7,32,1,4,8,13,44,43,53,59,55,11,52,24,6,21,42,19,50
record	m=1835008	29,46,35,49,2,16,61,47,9,36,17,34,51,12,54,27,57,39,41,37,23,58,18,45,25,38,20,10,31,62,28,14,30,33,40,5,22,26,3,48,15,60,56,7,32,1,4,8,13,44,53,43,55,59,52,11,24,6,21,42,50,19
214314681642991573845727466200242505486	cd=335	25,38,33,30,58,23,5,40,8,4,22,26,7,56,53,43,27,54,52,11,59,55,60,15,2,16,61,47,28,14,35,49,9,36,42,21,6,24,3,48,34,17,31,62,45,18,29,46,10,20,32,1,12,51,39,57,37,41,50,19,44,13
record	m=6144000	25,38,33,30,23,58,40,5,4,8,26,22,7,56,53,43,54,27,11,52,55,59,60,15,2,16,61,47,28,14,35,49,9,36,21,42,24,6,3,48,17,34,62,31,18,45,29,46,20,10,32,1,51,12,57,39,41,37,50,19,44,13
918514353129216995303369929369584451476	cd=303	51,12,42,21,9,36,47,61,54,27,25,38,55,59,49,35,14,28,17,34,23,58,40,5,15,60,16,2,7,56,13,44,22,26,48,3,41,37,33,30,4,8,31,62,45,18,32,1,57,39,53,43,20,10,46,29,24,6,19,50,11,52
record	m=12386304	51,12,21,42,9,36,61,47,54,27,25,38,55,59,35,49,28,14,34,17,23,58,40,5,60,15,2,16,7,56,13,44,26,22,3,48,41,37,33,30,4,8,31,62,18,45,32,1,57,39,53,43,20,10,46,29,24,6,50,19,11,52
609764889854916984473814793251877798378	cd=347	33,30,18,45,41,37,56,7,46,29,1,32,17,34,42,21,38,25,60,15,4,8,59,55,28,14,26,22,31,62,2,16,3,48,40,5,19,50,52,11,12,51,10,20,23,58,9,36,47,61,39,57,6,24,13,44,53,43,27,54,49,35
record	m=1605632	33,30,18,45,41,37,7,56,29,46,32,1,34,17,21,42,25,38,60,15,4,8,55,59,28,14,26,22,31,62,2,16,3,48,40,5,19,50,52,11,12,51,20,10,23,58,9,36,61,47,57,39,6,24,13,44,53,43,54,27,35,49
55479525813062360834725023700921434317	cd=243	46,29,17,34,57,39,1,32,25,38,60,15,23,58,40,5,31,62,45,18,11,52,12,51,3,48,44,13,50,19,55,59,30,33,56,7,6,24,26,22,8,4,49,35,36,9,14,28,61,47,21,42,27,54,53,43,10,20,37,41,16,2
record	m=3899392	29,46,17,34,57,39,32,1,25,38,60,15,23,58,40,5,31,62,18,45,52,11,51,12,3,48,44,13,19,50,55,59,33,30,7,56,24,6,22,26,4,8,35,49,9,36,28,14,47,61,21,42,54,27,43,53,20,10,41,37,2,16
276245846724887552338087943494488304711	cd=371	14,28,52,11,33,30,53,43,27,54,20,10,9,36,40,5,57,39,24,6,42,21,3,48,44,13,59,55,45,18,49,35,25,38,15,60,37,41,7,56,22,26,34,17,61,47,46,29,12,51,32,1,19,50,31,62,58,23,4,8,2,16
record	m=7569408	28,14,52,11,33,30,53,43,54,27,20,10,9,36,40,5,57,39,24,6,21,42,3,48,44,13,55,59,18,45,35,49,25,38,60,15,41,37,7,56,26,22,17,34,47,61,29,46,51,12,32,1,19,50,62,31,23,58,8,4,2,16
204373788504253506479045471200201382046	cd=351	58,23,2,16,56,7,5,40,35,49,50,19,48,3,6,24,25,38,28,14,39,57,54,27,21,42,37,41,61,47,60,15,44,13,43,53,46,29,8,4,18,45,59,55,22,26,17,34,30,33,51,12,10,20,9,36,1,32,31,62,52,11
record	m=1892352	23,58,2,16,7,56,40,5,35,49,50,19,48,3,24,6,38,25,28,14,39,57,54,27,21,42,41,37,61,47,60,15,44,13,53,43,29,46,4,8,18,45,55,59,26,22,17,34,33,30,51,12,20,10,9,36,1,32,31,62,11,52
824827821178956348553443988859992899781	cd=355	52,11,12,51,29,46,31,62,40,5,32,1,9,36,45,18,60,15,61,47,50,19,25,38,55,59,16,2,23,58,27,54,4,8,3,48,34,17,57,39,37,41,22,26,7,56,33,30,20,10,44,13,42,21,28,14,43,53,24,6,35,49
record	m=4587520	52,11,51,12,29,46,31,62,40,5,32,1,9,36,18,45,60,15,61,47,50,19,25,38,55,59,2,16,23,58,54,27,8,4,3,48,17,34,57,39,37,41,22,26,7,56,33,30,20,10,13,44,21,42,14,28,53,43,24,6,35,49
793380726919532213167738261883312712127	cd=371	22,26,3,48,45,18,38,25,49,35,7,56,37,41,15,60,43,53,51,12,11,52,34,17,19,50,46,29,39,57,58,23,40,5,14,28,55,59,27,54,4,8,62,31,21,42,30,33,9,36,24,6,1,32,2,16,10,20,44,13,61,47
record	m=22708224	26,22,3,48,18,45,25,38,35,49,7,56,41,37,60,15,53,43,51,12,52,11,17,34,50,19,29,46,57,39,23,58,5,40,28,14,55,59,54,27,8,4,31,62,21,42,33,30,9,36,6,24,32,1,2,16,20,10,13,44,61,47
1005606462819854091516994767604849162977	cd=331	60,15,33,30,38,25,20,10,23,58,54,27,36,9,19,50,3,48,51,12,2,16,40,5,53,43,11,52,24,6,34,17,4,8,44,13,56,7,46,29,37,41,61,47,39,57,32,1,26,22,35,49,28,14,31,62,18,45,42,21,55,59
record	m=36700160	60,15,33,30,25,38,20,10,23,58,54,27,9,36,50,19,3,48,51,12,2,16,40,5,53,43,11,52,24,6,17,34,4,8,13,44,7,56,29,46,41,37,61,47,57,39,32,1,26,22,35,49,14,28,31,62,18,45,21,42,59,55
1028455827337097842325690265759452492214	cd=335	40,5,51,12,21,42,4,8,59,55,36,9,24,6,23,58,54,27,13,44,53,43,26,22,28,14,30,33,38,25,19,50,3,48,15,60,18,45,49,35,10,20,7,56,52,11,31,62,37,41,17,34,2,16,29,46,57,39,32,1,47,61
record	m=2064384	40,5,51,12,21,42,4,8,55,59,9,36,24,6,23,58,54,27,13,44,53,43,26,22,28,14,30,33,25,38,50,19,3,48,60,15,18,45,35,49,20,10,7,56,52,11,31,62,41,37,17,34,16,2,46,29,39,57,32,1,61,47
355500814418734791000317038897890608588	cd=383	48,3,22,26,25,38,60,15,61,47,36,9,7,56,54,27,23,58,8,4,10,20,45,18,17,34,12,51,31,62,59,55,32,1,19,50,13,44,2,16,53,43,30,33,41,37,29,46,6,24,40,5,11,52,35,49,57,39,14,28,42,21
record	m=6881280	3,48,26,22,25,38,60,15,61,47,9,36,7,56,54,27,23,58,8,4,20,10,18,45,17,34,51,12,31,62,55,59,32,1,50,19,44,13,2,16,53,43,30,33,41,37,29,46,24,6,5,40,52,11,35,49,39,57,28,14,42,21
183198590969210299129620215935347445479	cd=347	54,27,2,16,53,43,38,25,8,4,36,9,15,60,59,55,50,19,6,24,62,31,57,39,61,47,51,12,56,7,32,1,13,44,49,35,28,14,23,58,34,17,3,48,40,5,18,45,33,30,42,21,20,10,29,46,41,37,22,26,52,11
record	m=27525120	54,27,2,16,53,43,25,38,4,8,9,36,60,15,55,59,50,19,24,6,31,62,57,39,61,47,51,12,7,56,32,1,13,44,35,49,28,14,23,58,17,34,3,48,40,5,18,45,33,30,21,42,10,20,46,29,41,37,26,22,11,52
562158421842171526178520967121678079592	cd=355	45,18,25,38,35,49,28,14,11,52,16,2,5,40,60,15,59,55,8,4,56,7,29,46,37,41,13,44,58,23,50,19,48,3,53,43,6,24,26,22,21,42,30,33,51,12,62,31,17,34,20,10,47,61,57,39,9,36,54,27,1,32
record	m=3852288	18,45,25,38,35,49,28,14,52,11,2,16,40,5,60,15,55,59,4,8,7,56,29,46,41,37,13,44,58,23,50,19,3,48,53,43,24,6,26,22,21,42,33,30,51,12,31,62,34,17,20,10,47,61,57,39,9,36,54,27,1,32
439360093407773022877889793144445234771	cd=387	1,32,50,19,31,62,39,57,41,37,44,13,2,16,9,36,30,33,6,24,22,26,3,48,20,10,23,58,61,47,8,4,52,11,29,46,15,60,21,42,12,51,5,40,17,34,56,7,45,18,54,27,14,28,35,49,59,55,43,53,38,25
record	m=88080384	32,1,50,19,31,62,57,39,41,37,13,44,2,16,9,36,33,30,24,6,26,22,3,48,20,10,23,58,61,47,4,8,52,11,29,46,60,15,21,42,51,12,40,5,34,17,7,56,18,45,54,27,28,14,49,35,55,59,43,53,25,38
173013103804228132508070785809700662812	cd=327	23,58,48,3,60,15,55,59,16,2,38,25,12,51,50,19,17,34,37,41,1,32,13,44,61,47,22,26,40,5,31,62,29,46,45,18,9,36,21,42,7,56,27,54,35,49,20,10,30,33,8,4,14,28,57,39,43,53,24,6,52,11
record	m=5242880	23,58,3,48,15,60,55,59,2,16,25,38,12,51,50,19,17,34,41,37,32,1,13,44,61,47,26,22,5,40,62,31,46,29,18,45,9,36,21,42,7,56,54,27,35,49,20,10,30,33,4,8,28,14,39,57,53,43,24,6,52,11
346652560316070941776936180028673894046	cd=383	51,12,26,22,16,2,17,34,49,35,62,31,28,14,32,1,27,54,55,59,45,18,56,7,41,37,15,60,38,25,4,8,3,48,61,47,5,40,44,13,50,19,39,57,24,6,30,33,53,43,23,58,10,20,9,36,46,29,52,11,42,21
record	m=20643840	51,12,26,22,2,16,17,34,35,49,31,62,28,14,32,1,27,54,59,55,18,45,7,56,41,37,60,15,25,38,4,8,3,48,61,47,40,5,44,13,50,19,57,39,6,24,33,30,53,43,23,58,20,10,9,36,46,29,52,11,42,21
435466513313908566800729884217706822847	cd=363	45,18,4,8,11,52,59,55,21,42,1,32,24,6,30,33,9,36,57,39,15,60,10,20,44,13,43,53,35,49,34,17,29,46,26,22,37,41,62,31,14,28,16,2,5,40,23,58,56,7,12,51,61,47,54,27,50,19,3,48,38,25
record	m=20643840	18,45,4,8,52,11,55,59,21,42,32,1,24,6,33,30,9,36,57,39,15,60,20,10,13,44,53,43,35,49,34,17,29,46,26,22,41,37,31,62,28,14,2,16,40,5,23,58,56,7,51,12,61,47,54,27,50,19,48,3,25,38
576302738431995307122135291450580042438	cd=363	42,21,12,51,22,26,49,35,14,28,7,56,61,47,5,40,48,3,6,24,60,15,58,23,2,16,33,30,25,38,59,55,34,17,10,20,4,8,50,19,44,13,31,62,27,54,36,9,41,37,46,29,11,52,18,45,57,39,43,53,1,32
record	m=53084160	21,42,51,12,26,22,35,49,28,14,7,56,61,47,40,5,3,48,24,6,60,15,23,58,2,16,33,30,25,38,55,59,17,34,20,10,4,8,50,19,13,44,31,62,54,27,36,9,41,37,29,46,52,11,18,45,57,39,53,43,32,1
997955748193784544921674410000614352150	cd=359	11,52,2,16,35,49,58,23,29,46,5,40,14,28,38,25,13,44,37,41,3,48,34,17,15,60,61,47,6,24,32,1,27,54,26,22,51,12,57,39,45,18,43,53,10,20,8,4,21,42,36,9,31,62,30,33,19,50,56,7,55,59
record	m=6193152	52,11,2,16,35,49,23,58,29,46,40,5,28,14,25,38,13,44,41,37,3,48,17,34,60,15,61,47,6,24,32,1,27,54,26,22,51,12,57,39,18,45,53,43,20,10,8,4,21,42,9,36,62,31,30,33,50,19,7,56,59,55
941283111769127801047879722164439533307	cd=355	45,18,24,6,23,58,39,57,37,41,27,54,9,36,61,47,1,32,2,16,17,34,19,50,46,29,22,26,28,14,35,49,20,10,56,7,33,30,38,25,15,60,48,3,5,40,51,12,11,52,42,21,53,43,44,13,8,4,62,31,59,55
record	m=4915200	18,45,24,6,23,58,57,39,41,37,54,27,9,36,61,47,32,1,2,16,17,34,19,50,46,29,26,22,28,14,35,49,20,10,7,56,33,30,25,38,60,15,48,3,40,5,51,12,52,11,21,42,43,53,13,44,4,8,31,62,55,59
619223385326261477642687805687480516955	cd=375	12,51,25,38,33,30,22,26,47,61,46,29,49,35,19,50,13,44,53,43,2,16,27,54,17,34,40,5,9,36,14,28,7,56,48,3,45,18,23,58,24,6,39,57,52,11,32,1,42,21,62,31,20,10,59,55,15,60,4,8,41,37
record	m=4128768	51,12,25,38,33,30,26,22,61,47,29,46,35,49,50,19,13,44,53,43,2,16,54,27,17,34,40,5,9,36,28,14,7,56,48,3,18,45,23,58,24,6,57,39,52,11,32,1,21,42,31,62,20,10,59,55,60,15,4,8,37,41
493921933050705023739316406294900085084	cd=371	58,23,26,22,61,47,8,4,24,6,12,51,39,57,1,32,36,9,2,16,40,5,27,54,55,59,52,11,25,38,7,56,50,19,62,31,49,35,53,43,45,18,20,10,44,13,3,48,21,42,33,30,60,15,41,37,34,17,46,29,14,28
record	m=8355840	23,58,26,22,61,47,4,8,24,6,51,12,57,39,32,1,36,9,2,16,40,5,54,27,55,59,11,52,38,25,56,7,19,50,62,31,35,49,43,53,45,18,20,10,13,44,48,3,21,42,33,30,60,15,41,37,17,34,29,46,28,14
871014690449063832376030142906519323446	cd=307	41,37,61,47,38,25,56,7,33,30,18,45,20,10,16,2,43,53,4,8,36,9,26,22,23,58,57,39,40,5,32,1,14,28,6,24,11,52,55,59,60,15,54,27,12,51,3,48,62,31,13,44,21,42,49,35,34,17,46,29,19,50
record	m=1774080	41,37,61,47,25,38,7,56,33,30,18,45,20,10,2,16,53,43,8,4,9,36,22,26,23,58,57,39,40,5,32,1,28,14,24,6,52,11,55,59,60,15,54,27,51,12,3,48,62,31,13,44,42,21,49,35,34,17,46,29,19,50
322433746266572438580689291824918796608	cd=371	42,21,53,43,32,1,38,25,28,14,45,18,31,62,40,5,58,23,59,55,34,17,52,11,51,12,24,6,20,10,47,61,13,44,16,2,4,8,22,26,49,35,37,41,39,57,9,36,48,3,46,29,54,27,60,15,7,56,33,30,50,19
record	m=4587520	21,42,43,53,32,1,25,38,28,14,18,45,31,62,40,5,58,23,59,55,17,34,52,11,51,12,24,6,20,10,47,61,13,44,2,16,4,8,26,22,35,49,41,37,57,39,9,36,3,48,29,46,54,27,60,15,7,56,33,30,50,19
7806047103722696282507920245483679186	cd=343	42,21,16,2,61,47,27,54,19,50,58,23,37,41,44,13,36,9,48,3,15,60,33,30,51,12,4,8,46,29,49,35,7,56,17,34,55,59,52,11,40,5,39,57,20,10,31,62,45,18,6,24,53,43,38,25,26,22,28,14,32,1
record	m=9633792	21,42,2,16,61,47,54,27,50,19,23,58,41,37,13,44,9,36,3,48,15,60,33,30,51,12,4,8,29,46,35,49,56,7,17,34,55,59,11,52,40,5,39,57,20,10,31,62,45,18,24,6,53,43,25,38,22,26,28,14,32,1
175814121134565268431910416863843804480	cd=355	33,30,4,8,38,25,59,55,23,58,9,36,24,6,37,41,5,40,43,53,62,31,21,42,27,54,32,1,2,16,48,3,22,26,29,46,7,56,51,12,60,15,39,57,13,44,19,50,47,61,35,49,34,17,20,10,45,18,28,14,52,11
record	m=19464192	33,30,4,8,25,38,55,59,23,58,9,36,24,6,37,41,40,5,53,43,31,62,21,42,54,27,1,32,2,16,3,48,26,22,29,46,7,56,51,12,60,15,57,39,13,44,19,50,61,47,35,49,17,34,20,10,18,45,28,14,52,11
824805035860570749941706229343860213598	cd=323	36,9,43,53,19,50,1,32,20,10,56,7,23,58,40,5,55,59,18,45,62,31,38,25,17,34,29,46,8,4,44,13,52,11,26,22,28,14,60,15,3,48,61,47,54,27,42,21,41,37,2,16,30,33,57,39,12,51,24,6,35,49
record	m=2064384	9,36,53,43,50,19,32,1,20,10,7,56,58,23,40,5,55,59,18,45,31,62,25,38,34,17,29,46,4,8,13,44,52,11,26,22,28,14,60,15,3,48,61,47,54,27,21,42,37,41,2,16,33,30,57,39,12,51,24,6,35,49
221011296811747530380296576156503914745	cd=339	21,42,14,28,30,33,11,52,35,49,24,6,47,61,36,9,54,27,60,15,46,29,40,5,55,59,39,57,48,3,37,41,43,53,20,10,16,2,56,7,38,25,22,26,17,34,58,23,51,12,1,32,50,19,8,4,18,45,62,31,44,13
record	m=5677056	21,42,28,14,30,33,52,11,35,49,24,6,47,61,9,36,54,27,60,15,29,46,40,5,55,59,57,39,3,48,41,37,43,53,10,20,2,16,7,56,25,38,26,22,17,34,23,58,51,12,32,1,50,19,4,8,18,45,31,62,44,13
364763229726862373105074820981368340691	cd=327	56,7,20,10,23,58,5,40,49,35,13,44,29,46,28,14,32,1,34,17,3,48,19,50,62,31,2,16,52,11,25,38,36,9,30,33,43,53,4,8,27,54,57,39,41,37,47,61,59,55,60,15,51,12,6,24,22,26,18,45,42,21
record	m=327680	7,56,20,10,23,58,5,40,35,49,13,44,29,46,28,14,32,1,34,17,3,48,19,50,31,62,2,16,52,11,25,38,36,9,33,30,53,43,8,4,54,27,57,39,41,37,61,47,55,59,60,15,51,12,24,6,26,22,18,45,21,42
321651923730752527527180191220753299103	cd=383	37,41,21,42,27,54,60,15,17,34,56,7,1,32,2,16,11,52,29,46,61,47,55,59,3,48,4,8,9,36,6,24,44,13,57,39,62,31,18,45,43,53,12,51,25,38,33,30,58,23,5,40,20,10,26,22,35,49,14,28,50,19
record	m=82575360	41,37,21,42,54,27,60,15,17,34,7,56,32,1,2,16,52,11,29,46,61,47,55,59,3,48,4,8,9,36,24,6,13,44,57,39,31,62,18,45,53,43,51,12,25,38,33,30,23,58,5,40,20,10,26,22,35,49,28,14,50,19
415687636387507265520430502537398003836	cd=359	42,21,2,16,47,61,46,29,24,6,35,49,57,39,7,56,62,31,44,13,60,15,59,55,37,41,32,1,19,50,3,48,40,5,28,14,36,9,12,51,54,27,22,26,17,34,53,43,18,45,20,10,23,58,8,4,30,33,52,11,38,25
record	m=3809280	21,42,2,16,47,61,29,46,24,6,35,49,39,57,56,7,31,62,13,44,15,60,55,59,41,37,32,1,50,19,48,3,40,5,28,14,9,36,51,12,54,27,22,26,17,34,53,43,45,18,20,10,58,23,4,8,33,30,52,11,25,38
906939911115233682808612432030828579321	cd=367	46,29,60,15,41,37,48,3,19,50,42,21,18,45,55,59,22,26,7,56,28,14,40,5,58,23,35,49,32,1,9,36,61,47,4,8,17,34,27,54,31,62,38,25,20,10,6,24,57,39,51,12,43,53,16,2,13,44,33,30,11,52
record	m=62914560	29,46,60,15,41,37,3,48,50,19,21,42,18,45,55,59,26,22,7,56,14,28,40,5,23,58,35,49,32,1,9,36,61,47,4,8,17,34,27,54,31,62,25,38,20,10,24,6,57,39,51,12,53,43,2,16,13,44,33,30,52,11
679879676544170451804899916239828629626	cd=359	12,51,61,47,62,31,16,2,15,60,20,10,3,48,4,8,55,59,44,13,57,39,21,42,30,33,24,6,46,29,36,9,19,50,11,52,18,45,41,37,34,17,28,14,22,26,58,23,27,54,43,53,32,1,40,5,35,49,7,56,25,38
record	m=8257536	51,12,61,47,31,62,2,16,60,15,20,10,3,48,4,8,55,59,13,44,57,39,21,42,33,30,24,6,29,46,9,36,50,19,52,11,18,45,41,37,17,34,14,28,26,22,23,58,54,27,43,53,32,1,40,5,35,49,56,7,38,25
473902386389121957135448675634913015562	cd=235	50,19,44,13,49,35,11,52,55,59,28,14,25,38,45,18,21,42,4,8,6,24,31,62,34,17,15,60,48,3,39,57,16,2,47,61,40,5,23,58,32,1,53,43,41,37,29,46,36,9,33,30,56,7,51,12,10,20,27,54,22,26
record	m=2949120	50,19,13,44,35,49,52,11,55,59,28,14,25,38,18,45,21,42,4,8,24,6,31,62,34,17,60,15,3,48,57,39,2,16,47,61,40,5,23,58,32,1,53,43,41,37,29,46,36,9,33,30,7,56,51,12,20,10,27,54,26,22
60093961299528667454842938840631284545	cd=363	21,42,57,39,14,28,38,25,30,33,3,48,53,43,15,60,44,13,50,19,54,27,62,31,45,18,20,10,36,9,6,24,56,7,46,29,17,34,47,61,41,37,59,55,11,52,4,8,35,49,40,5,23,58,32,1,26,22,12,51,16,2
record	m=4128768	21,42,57,39,14,28,25,38,33,30,3,48,53,43,60,15,13,44,50,19,54,27,62,31,18,45,20,10,9,36,24,6,7,56,29,46,17,34,47,61,41,37,55,59,11,52,4,8,35,49,40,5,23,58,32,1,26,22,51,12,2,16
574888748694699232068689655379982883182	cd=387	20,10,38,25,44,13,23,58,39,57,19,50,3,48,18,45,42,21,27,54,15,60,9,36,56,7,28,14,6,24,30,33,17,34,35,49,52,11,55,59,37,41,53,43,40,5,16,2,61,47,62,31,46,29,8,4,22,26,12,51,1,32
record	m=32440320	20,10,25,38,13,44,58,23,57,39,50,19,3,48,18,45,21,42,54,27,60,15,9,36,7,56,28,14,24,6,33,30,17,34,35,49,52,11,55,59,41,37,43,53,40,5,2,16,47,61,31,62,29,46,4,8,26,22,51,12,32,1
1078270528334761448025516921228179047566	cd=339	2,16,14,28,47,61,36,9,48,3,27,54,53,43,58,23,55,59,40,5,15,60,18,45,49,35,57,39,10,20,44,13,25,38,56,7,37,41,17,34,29,46,52,11,33,30,50,19,24,6,42,21,8,4,1,32,51,12,22,26,31,62
record	m=60555264	2,16,28,14,61,47,9,36,3,48,54,27,53,43,23,58,55,59,40,5,60,15,18,45,35,49,57,39,20,10,13,44,38,25,56,7,37,41,17,34,29,46,52,11,33,30,50,19,24,6,21,42,8,4,32,1,51,12,26,22,31,62
380458831729622357877353369535804657731	cd=359	2,16,30,33,10,20,43,53,47,61,4,8,60,15,3,48,29,46,32,1,35,49,59,55,37,41,13,44,39,57,21,42,12,51,40,5,17,34,24,6,58,23,50,19,38,25,31,62,28,14,54,27,56,7,45,18,11,52,36,9,26,22
record	m=7340032	2,16,33,30,20,10,53,43,61,47,4,8,60,15,3,48,29,46,32,1,35,49,55,59,41,37,13,44,57,39,21,42,51,12,40,5,34,17,6,24,23,58,19,50,25,38,31,62,28,14,54,27,7,56,18,45,52,11,9,36,22,26
236144919401453335642355037576754156133	cd=319	16,2,47,61,54,27,9,36,12,51,33,30,45,18,43,53,39,57,19,50,46,29,56,7,31,62,10,20,14,28,1,32,24,6,3,48,21,42,55,59,4,8,60,15,34,17,52,11,40,5,37,41,25,38,35,49,22,26,23,58,44,13
record	m=9437184	2,16,61,47,54,27,9,36,51,12,33,30,18,45,53,43,57,39,50,19,29,46,7,56,31,62,20,10,28,14,32,1,24,6,3,48,21,42,59,55,8,4,60,15,17,34,52,11,40,5,41,37,38,25,49,35,26,22,23,58,44,13
191513767723165433060430120894940366479	cd=363	18,45,54,27,9,36,47,61,51,12,37,41,2,16,58,23,62,31,19,50,28,14,42,21,13,44,39,57,6,24,59,55,48,3,49,35,22,26,60,15,46,29,20,10,43,53,30,33,8,4,25,38,34,17,56,7,32,1,5,40,52,11
record	m=20643840	18,45,54,27,9,36,61,47,51,12,41,37,2,16,23,58,31,62,50,19,28,14,21,42,13,44,57,39,24,6,55,59,3,48,35,49,26,22,60,15,29,46,20,10,43,53,33,30,4,8,25,38,34,17,7,56,32,1,5,40,52,11
733275229439996063161865429330051260122	cd=339	7,56,61,47,22,26,41,37,11,52,30,33,32,1,49,35,8,4,14,28,9,36,62,31,46,29,10,20,40,5,58,23,59,55,51,12,16,2,17,34,39,57,24,6,44,13,25,38,48,3,18,45,43,53,15,60,50,19,54,27,21,42
record	m=688128	7,56,61,47,26,22,41,37,52,11,30,33,32,1,35,49,4,8,28,14,9,36,62,31,46,29,20,10,40,5,23,58,55,59,51,12,2,16,34,17,39,57,24,6,13,44,25,38,3,48,45,18,53,43,60,15,19,50,27,54,21,42
253705445646380291886004114510369043602	cd=275	42,21,13,44,56,7,29,46,17,34,43,53,41,37,22,26,10,20,61,47,50,19,25,38,52,11,6,24,51,12,45,18,8,4,32,1,59,55,57,39,40,5,3,48,35,49,23,58,33,30,31,62,15,60,9,36,2,16,54,27,28,14
record	m=6758400	21,42,13,44,7,56,29,46,17,34,53,43,41,37,22,26,20,10,47,61,50,19,25,38,52,11,24,6,12,51,18,45,4,8,32,1,55,59,39,57,40,5,3,48,35,49,23,58,33,30,31,62,15,60,36,9,2,16,54,27,28,14
50228025498853047084948313079452688655	cd=387	57,39,49,35,10,20,43,53,25,38,14,28,8,4,29,46,50,19,15,60,30,33,55,59,52,11,7,56,58,23,47,61,21,42,48,3,6,24,5,40,34,17,18,45,51,12,37,41,26,22,36,9,32,1,44,13,27,54,62,31,16,2
record	m=1216512	57,39,35,49,20,10,53,43,25,38,28,14,4,8,29,46,50,19,15,60,33,30,55,59,52,11,7,56,58,23,61,47,21,42,3,48,24,6,5,40,34,17,18,45,12,51,41,37,22,26,9,36,1,32,44,13,27,54,31,62,2,16
502749715864682788988098128114602328227	cd=375	7,56,16,2,4,8,61,47,27,54,57,39,12,51,22,26,41,37,25,38,21,42,3,48,24,6,18,45,30,33,19,50,10,20,43,53,59,55,35,49,9,36,1,32,40,5,15,60,46,29,62,31,23,58,11,52,34,17,13,44,14,28
record	m=34406400	7,56,2,16,4,8,61,47,54,27,57,39,51,12,26,22,41,37,25,38,21,42,3,48,24,6,45,18,33,30,50,19,20,10,43,53,55,59,35,49,9,36,32,1,40,5,60,15,29,46,31,62,23,58,52,11,17,34,44,13,28,14
325828671862720607757084401936135292775	cd=327	44,13,29,46,34,17,23,58,52,11,5,40,14,28,61,47,3,48,38,25,2,16,35,49,26,22,8,4,18,45,57,39,12,51,6,24,59,55,37,41,53,43,33,30,56,7,21,42,15,60,10,20,54,27,31,62,1,32,9,36,50,19
record	m=8718336	13,44,29,46,17,34,23,58,52,11,40,5,28,14,61,47,3,48,25,38,2,16,35,49,26,22,4,8,18,45,57,39,51,12,24,6,55,59,41,37,53,43,33,30,7,56,21,42,60,15,20,10,27,54,31,62,32,1,9,36,50,19
372963912799982842215501029689821490134	cd=371	48,3,49,35,18,45,23,58,54,27,62,31,32,1,19,50,34,17,9,36,46,29,14,28,8,4,20,10,44,13,56,7,26,22,15,60,41,37,25,38,40,5,53,43,2,16,33,30,57,39,61,47,6,24,51,12,52,11,55,59,42,21
record	m=12165120	3,48,35,49,18,45,23,58,54,27,31,62,1,32,50,19,17,34,9,36,29,46,28,14,4,8,20,10,13,44,7,56,26,22,60,15,41,37,25,38,40,5,53,43,2,16,33,30,57,39,61,47,6,24,51,12,52,11,59,55,21,42
220089794877144360556465458764781589886	cd=315	60,15,59,55,61,47,16,2,38,25,9,36,56,7,21,42,27,54,17,34,37,41,11,52,5,40,3,48,4,8,49,35,58,23,57,39,6,24,28,14,1,32,46,29,20,10,22,26,43,53,50,19,31,62,51,12,45,18,33,30,44,13
record	m=10813440	60,15,55,59,61,47,2,16,25,38,36,9,7,56,21,42,54,27,17,34,41,37,52,11,40,5,3,48,4,8,35,49,23,58,57,39,24,6,28,14,32,1,29,46,20,10,26,22,53,43,50,19,31,62,51,12,18,45,33,30,13,44
54083288025037373580561134377784003532	cd=379	5,40,41,37,3,48,60,15,58,23,24,6,52,11,18,45,14,28,57,39,29,46,17,34,59,55,19,50,43,53,35,49,42,21,27,54,30,33,56,7,44,13,61,47,31,62,36,9,26,22,8,4,20,10,12,51,32,1,25,38,16,2
record	m=5898240	40,5,41,37,3,48,60,15,23,58,24,6,52,11,18,45,28,14,39,57,29,46,17,34,55,59,50,19,53,43,35,49,42,21,54,27,33,30,7,56,13,44,61,47,31,62,36,9,26,22,8,4,20,10,51,12,32,1,38,25,2,16
795234179754859139980438854761717008238	cd=343	57,39,5,40,50,19,55,59,30,33,49,35,34,17,28,14,29,46,8,4,44,13,43,53,6,24,9,36,45,18,58,23,12,51,60,15,22,26,20,10,62,31,32,1,25,38,11,52,56,7,27,54,37,41,48,3,42,21,2,16,61,47
record	m=4521984	57,39,40,5,19,50,55,59,30,33,35,49,17,34,14,28,46,29,4,8,13,44,53,43,24,6,9,36,18,45,23,58,51,12,60,15,26,22,10,20,31,62,32,1,25,38,52,11,7,56,54,27,41,37,3,48,21,42,2,16,47,61
326388400457055758296066617207747405451	cd=255	5,40,51,12,29,46,10,20,31,62,1,32,17,34,52,11,6,24,58,23,39,57,28,14,35,49,53,43,36,9,4,8,47,61,30,33,16,2,48,3,18,45,42,21,54,27,56,7,22,26,55,59,15,60,44,13,38,25,41,37,50,19
record	m=27525120	40,5,51,12,29,46,20,10,31,62,32,1,17,34,52,11,24,6,23,58,57,39,14,28,35,49,53,43,9,36,8,4,61,47,33,30,2,16,3,48,18,45,21,42,54,27,7,56,26,22,55,59,60,15,44,13,38,25,37,41,50,19
606673855249951014568838316527777140088	cd=367	11,52,19,50,57,39,29,46,59,55,43,53,4,8,45,18,62,31,26,22,13,44,25,38,2,16,17,34,37,41,32,1,5,40,23,58,24,6,10,20,30,33,56,7,12,51,54,27,3,48,9,36,14,28,15,60,21,42,61,47,49,35
record	m=45416448	52,11,50,19,57,39,29,46,55,59,53,43,8,4,18,45,31,62,26,22,13,44,25,38,2,16,17,34,41,37,32,1,40,5,58,23,24,6,20,10,33,30,7,56,51,12,54,27,3,48,36,9,28,14,15,60,21,42,47,61,49,35
746358959979751665997822282562896387572	cd=291	7,56,9,36,60,15,38,25,13,44,5,40,46,29,24,6,39,57,49,35,34,17,28,14,3,48,23,58,33,30,47,61,22,26,41,37,16,2,59,55,27,54,19,50,8,4,45,18,10,20,43,53,31,62,12,51,32,1,11,52,21,42
record	m=6389760	7,56,9,36,60,15,25,38,13,44,40,5,29,46,24,6,57,39,35,49,34,17,28,14,3,48,58,23,30,33,61,47,26,22,37,41,2,16,55,59,54,27,50,19,4,8,45,18,20,10,43,53,31,62,51,12,32,1,11,52,21,42
1066774270271773283334026844735298065902	cd=387	52,11,51,12,36,9,24,6,35,49,28,14,61,47,50,19,21,42,33,30,39,57,41,37,26,22,27,54,34,17,20,10,48,3,29,46,2,16,5,40,4,8,1,32,45,18,60,15,13,44,38,25,23,58,55,59,53,43,56,7,31,62
record	m=10137600	52,11,51,12,9,36,24,6,35,49,28,14,61,47,50,19,21,42,33,30,57,39,41,37,26,22,54,27,17,34,20,10,3,48,29,46,2,16,40,5,4,8,32,1,18,45,60,15,44,13,25,38,23,58,55,59,53,43,7,56,62,31
31960044245845813671836639143384034409	cd=339	23,58,5,40,30,33,3,48,2,16,8,4,25,38,51,12,7,56,43,53,47,61,29,46,45,18,60,15,26,22,42,21,41,37,17,34,14,28,27,54,52,11,35,49,19,50,39,57,24,6,44,13,36,9,10,20,31,62,55,59,32,1
record	m=20971520	23,58,40,5,33,30,3,48,2,16,4,8,25,38,51,12,7,56,53,43,61,47,29,46,18,45,60,15,26,22,21,42,37,41,17,34,14,28,54,27,11,52,35,49,50,19,57,39,24,6,13,44,36,9,20,10,31,62,55,59,32,1
564147936632311399072412127269499820610	cd=371	52,11,24,6,23,58,38,25,40,5,27,54,21,42,10,20,33,30,16,2,7,56,57,39,51,12,29,46,59,55,44,13,17,34,22,26,47,61,4,8,60,15,37,41,49,35,28,14,19,50,36,9,3,48,18,45,43,53,62,31,1,32
record	m=4194304	52,11,24,6,23,58,25,38,40,5,54,27,21,42,10,20,33,30,2,16,56,7,39,57,51,12,29,46,55,59,13,44,34,17,26,22,61,47,4,8,60,15,41,37,35,49,28,14,50,19,9,36,48,3,18,45,53,43,31,62,1,32
987746090019005702307699032412179825894	cd=327	34,17,22,26,29,46,54,27,19,50,13,44,48,3,59,55,30,33,38,25,16,2,47,61,11,52,37,41,28,14,8,4,18,45,15,60,21,42,9,36,57,39,32,1,43,53,6,24,20,10,40,5,51,12,62,31,23,58,35,49,7,56
record	m=33030144	17,34,26,22,29,46,54,27,19,50,13,44,48,3,55,59,33,30,25,38,2,16,61,47,52,11,41,37,28,14,4,8,18,45,60,15,21,42,9,36,57,39,32,1,53,43,24,6,20,10,40,5,51,12,31,62,58,23,35,49,7,56
634303308994989405073664174735223351417	cd=375	9,36,28,14,40,5,13,44,11,52,21,42,12,51,27,54,23,58,8,4,45,18,15,60,29,46,34,17,30,33,25,38,61,47,59,55,16,2,56,7,50,19,20,10,62,31,53,43,32,1,48,3,22,26,6,24,39,57,49,35,41,37
record	m=22020096	9,36,28,14,40,5,13,44,52,11,21,42,51,12,54,27,23,58,8,4,18,45,60,15,29,46,17,34,30,33,25,38,61,47,55,59,2,16,7,56,19,50,20,10,31,62,53,43,32,1,3,48,26,22,24,6,39,57,35,49,41,37
389923924831466355074256814332060099397	cd=387	29,46,45,18,17,34,52,11,44,13,20,10,53,43,33,30,3,48,19,50,49,35,38,25,8,4,24,6,31,62,14,28,41,37,21,42,36,9,61,47,57,39,7,56,12,51,15,60,16,2,58,23,59,55,1,32,5,40,54,27,26,22
record	m=4325376	29,46,18,45,17,34,52,11,13,44,20,10,53,43,33,30,3,48,50,19,35,49,25,38,4,8,6,24,31,62,28,14,41,37,21,42,9,36,61,47,57,39,7,56,51,12,60,15,2,16,23,58,55,59,32,1,40,5,54,27,22,26
712214666668417712738862399573032168495	cd=359	38,25,62,31,60,15,39,57,6,24,54,27,7,56,45,18,34,17,20,10,32,1,48,3,22,26,14,28,30,33,12,51,43,53,29,46,35,49,61,47,2,16,58,23,4,8,59,55,42,21,36,9,13,44,50,19,5,40,11,52,37,41
record	m=2838528	25,38,31,62,60,15,57,39,24,6,54,27,7,56,18,45,17,34,10,20,32,1,48,3,26,22,28,14,30,33,51,12,53,43,46,29,49,35,47,61,16,2,23,58,8,4,55,59,42,21,9,36,13,44,50,19,5,40,52,11,41,37
286794580173776274155890309561831317379	cd=187	9,36,21,42,12,51,34,17,54,27,35,49,29,46,33,30,7,56,20,10,53,43,14,28,4,8,50,19,59,55,13,44,31,62,40,5,45,18,1,32,39,57,23,58,60,15,47,61,24,6,37,41,38,25,48,3,11,52,22,26,2,16
record	m=2064384	9,36,21,42,51,12,17,34,54,27,35,49,29,46,33,30,7,56,20,10,53,43,14,28,4,8,50,19,55,59,13,44,31,62,40,5,18,45,32,1,57,39,23,58,60,15,47,61,24,6,37,41,25,38,3,48,52,11,22,26,2,16
157438585852312445876399598671428084862	cd=295	3,48,15,60,43,53,35,49,27,54,36,9,47,61,11,52,14,28,26,22,16,2,33,30,42,21,1,32,17,34,20,10,41,37,29,46,51,12,40,5,13,44,59,55,25,38,45,18,56,7,19,50,58,23,6,24,31,62,57,39,4,8
record	m=22020096	3,48,60,15,53,43,35,49,54,27,36,9,61,47,52,11,28,14,26,22,2,16,33,30,21,42,32,1,17,34,20,10,41,37,29,46,51,12,40,5,44,13,55,59,25,38,18,45,7,56,50,19,58,23,24,6,31,62,57,39,4,8
899021789499871769046959575423082768397	cd=355	50,19,55,59,61,47,60,15,48,3,8,4,38,25,20,10,40,5,13,44,31,62,41,37,1,32,42,21,12,51,16,2,58,23,24,6,28,14,39,57,53,43,36,9,45,18,56,7,46,29,54,27,33,30,22,26,35,49,34,17,11,52
record	m=18350080	50,19,55,59,61,47,60,15,48,3,4,8,25,38,20,10,40,5,13,44,31,62,41,37,32,1,21,42,51,12,2,16,23,58,24,6,28,14,39,57,53,43,36,9,18,45,7,56,29,46,27,54,33,30,26,22,35,49,34,17,52,11
706625435877010091613046513663563669780	cd=307	48,3,38,25,1,32,31,62,21,42,33,30,61,47,23,58,39,57,35,49,18,45,40,5,60,15,24,6,51,12,44,13,8,4,11,52,55,59,50,19,14,28,10,20,16,2,36,9,17,34,26,22,46,29,56,7,27,54,53,43,37,41
record	m=33030144	3,48,25,38,32,1,62,31,21,42,33,30,61,47,23,58,57,39,35,49,18,45,40,5,60,15,24,6,51,12,13,44,4,8,52,11,55,59,50,19,28,14,20,10,16,2,9,36,17,34,26,22,29,46,7,56,54,27,43,53,41,37
620175056318044015137690779616749018653	cd=375	58,23,1,32,3,48,18,45,46,29,34,17,57,39,52,11,28,14,40,5,55,59,27,54,6,24,60,15,36,9,25,38,62,31,7,56,51,12,21,42,22,26,4,8,33,30,47,61,16,2,44,13,43,53,50,19,35,49,20,10,41,37
record	m=3047424	23,58,32,1,3,48,18,45,29,46,17,34,57,39,52,11,28,14,40,5,55,59,54,27,24,6,60,15,9,36,38,25,31,62,7,56,51,12,21,42,26,22,4,8,33,30,61,47,2,16,13,44,53,43,50,19,35,49,20,10,41,37
725928105545982189669079170958876375050	cd=307	38,25,58,23,5,40,12,51,15,60,6,24,11,52,39,57,43,53,37,41,22,26,2,16,55,59,13,44,56,7,20,10,62,31,3,48,29,46,4,8,1,32,47,61,9,36,54,27,35,49,18,45,33,30,19,50,34,17,28,14,21,42
record	m=14680064	25,38,23,58,40,5,51,12,60,15,24,6,52,11,57,39,53,43,41,37,26,22,2,16,55,59,13,44,7,56,20,10,31,62,48,3,29,46,4,8,32,1,61,47,9,36,54,27,35,49,18,45,33,30,50,19,17,34,14,28,21,42
962909925159641273453552189476011185832	cd=347	34,17,33,30,4,8,28,14,35,49,22,26,51,12,61,47,23,58,40,5,16,2,37,41,39,57,27,54,24,6,50,19,48,3,15,60,32,1,31,62,45,18,29,46,42,21,52,11,59,55,13,44,53,43,20,10,25,38,36,9,7,56
record	m=2785280	17,34,33,30,4,8,28,14,35,49,26,22,51,12,61,47,23,58,40,5,2,16,41,37,57,39,54,27,24,6,50,19,48,3,60,15,1,32,62,31,18,45,29,46,42,21,11,52,59,55,13,44,53,43,10,20,25,38,36,9,7,56
363373161417250796752784212978236050502	cd=375	56,7,45,18,4,8,19,50,55,59,53,43,57,39,9,36,32,1,14,28,13,44,2,16,6,24,62,31,46,29,34,17,3,48,60,15,35,49,23,58,27,54,33,30,51,12,38,25,5,40,26,22,11,52,20,10,47,61,37,41,42,21
record	m=2621440	7,56,18,45,4,8,50,19,55,59,53,43,57,39,9,36,32,1,28,14,13,44,2,16,6,24,31,62,29,46,17,34,3,48,60,15,35,49,23,58,54,27,33,30,51,12,25,38,40,5,22,26,52,11,10,20,61,47,41,37,21,42
464969875223767826318915970426787288608	cd=371	44,13,39,57,9,36,29,46,62,31,6,24,11,52,19,50,53,43,20,10,54,27,51,12,7,56,47,61,1,32,42,21,14,28,17,34,37,41,8,4,23,58,2,16,48,3,45,18,55,59,15,60,30,33,40,5,35,49,25,38,22,26
record	m=11624448	13,44,57,39,9,36,29,46,62,31,24,6,52,11,50,19,53,43,20,10,54,27,51,12,7,56,61,47,32,1,21,42,28,14,34,17,41,37,4,8,58,23,2,16,48,3,18,45,55,59,60,15,30,33,40,5,35,49,25,38,26,22
49810362183382747275401680372771085743	cd=323	46,29,41,37,53,43,8,4,22,26,20,10,38,25,52,11,55,59,35,49,34,17,9,36,61,47,44,13,28,14,3,48,32,1,50,19,15,60,54,27,7,56,51,12,39,57,21,42,30,33,5,40,23,58,18,45,24,6,62,31,16,2
record	m=13762560	29,46,41,37,53,43,8,4,26,22,20,10,25,38,52,11,55,59,35,49,34,17,9,36,61,47,13,44,28,14,3,48,1,32,50,19,15,60,54,27,7,56,51,12,57,39,21,42,33,30,40,5,58,23,18,45,24,6,31,62,2,16
28152554740842354793820216282026470510	cd=327	40,5,47,61,2,16,23,58,3,48,12,51,55,59,11,52,25,38,36,9,27,54,18,45,42,21,22,26,56,7,19,50,20,10,39,57,37,41,24,6,33,30,44,13,46,29,8,4,17,34,14,28,62,31,49,35,15,60,43,53,32,1
record	m=1720320	40,5,61,47,2,16,23,58,3,48,12,51,55,59,52,11,25,38,36,9,54,27,18,45,21,42,26,22,7,56,50,19,20,10,57,39,41,37,6,24,33,30,13,44,29,46,4,8,17,34,14,28,31,62,35,49,60,15,43,53,32,1
146540718125932645492356638432662280893	cd=379	14,28,27,54,57,39,50,19,6,24,44,13,37,41,12,51,52,11,62,31,32,1,55,59,7,56,34,17,5,40,46,29,9,36,35,49,22,26,38,25,18,45,10,20,16,2,48,3,23,58,43,53,61,47,33,30,60,15,42,21,4,8
record	m=77856768	28,14,54,27,57,39,50,19,24,6,13,44,41,37,51,12,52,11,31,62,1,32,55,59,7,56,17,34,40,5,29,46,9,36,35,49,26,22,25,38,18,45,20,10,2,16,3,48,23,58,43,53,61,47,33,30,60,15,21,42,8,4
80873587636755127400113819863173037375	cd=347	14,28,47,61,40,5,23,58,25,38,16,2,24,6,35,49,29,46,12,51,41,37,21,42,56,7,50,19,1,32,31,62,52,11,45,18,26,22,30,33,39,57,55,59,3,48,43,53,34,17,13,44,9,36,15,60,20,10,54,27,8,4
record	m=439296	28,14,61,47,40,5,23,58,25,38,2,16,6,24,49,35,46,29,51,12,41,37,21,42,7,56,50,19,32,1,62,31,52,11,45,18,26,22,30,33,57,39,59,55,3,48,53,43,17,34,44,13,36,9,60,15,10,20,54,27,8,4
329609546037515668491727212925353757832	cd=371	16,2,3,48,1,32,5,40,9,36,34,17,15,60,27,54,49,35,61,47,58,23,45,18,59,55,38,25,11,52,31,62,29,46,41,37,26,22,10,20,51,12,33,30,7,56,53,43,39,57,8,4,14,28,44,13,6,24,21,42,50,19
record	m=17203200	2,16,3,48,32,1,40,5,9,36,17,34,60,15,54,27,35,49,61,47,23,58,18,45,55,59,25,38,52,11,62,31,46,29,41,37,26,22,10,20,51,12,33,30,7,56,53,43,57,39,4,8,28,14,13,44,24,6,21,42,19,50
1046029730057752178354349009429887103244	cd=283	28,14,22,26,37,41,34,17,13,44,50,19,53,43,46,29,49,35,33,30,38,25,5,40,6,24,54,27,12,51,60,15,39,57,9,36,56,7,20,10,58,23,62,31,55,59,42,21,11,52,4,8,3,48,2,16,18,45,1,32,47,61
record	m=3440640	28,14,26,22,41,37,17,34,44,13,19,50,53,43,29,46,35,49,33,30,25,38,40,5,24,6,54,27,51,12,60,15,57,39,9,36,7,56,20,10,23,58,31,62,55,59,42,21,52,11,8,4,3,48,2,16,18,45,32,1,61,47
954508375843609634449531639492866481855	cd=379	9,36,33,30,16,2,54,27,7,56,10,20,46,29,34,17,21,42,28,14,11,52,35,49,39,57,18,45,23,58,19,50,38,25,4,8,13,44,60,15,6,24,32,1,48,3,5,40,61,47,31,62,51,12,22,26,41,37,43,53,59,55
record	m=9142272	9,36,33,30,2,16,54,27,7,56,20,10,29,46,17,34,42,21,28,14,52,11,35,49,57,39,18,45,23,58,19,50,25,38,4,8,13,44,15,60,24,6,32,1,48,3,40,5,61,47,31,62,51,12,26,22,37,41,53,43,55,59
989165945047279638990461994846088609693	cd=319	50,19,8,4,60,15,59,55,23,58,28,14,45,18,17,34,29,46,35,49,31,62,51,12,6,24,3,48,44,13,32,1,57,39,30,33,36,9,61,47,43,53,20,10,38,25,40,5,54,27,41,37,21,42,26,22,16,2,11,52,7,56
record	m=7340032	50,19,4,8,60,15,55,59,58,23,28,14,18,45,17,34,29,46,35,49,31,62,51,12,24,6,3,48,44,13,32,1,57,39,33,30,9,36,61,47,43,53,20,10,25,38,40,5,54,27,41,37,21,42,26,22,2,16,52,11,56,7
489336064233065142085856461354611681251	cd=383	33,30,61,47,55,59,50,19,29,46,8,4,45,18,10,20,56,7,25,38,44,13,27,54,51,12,23,58,53,43,11,52,5,40,17,34,57,39,36,9,49,35,15,60,41,37,48,3,1,32,31,62,2,16,6,24,22,26,42,21,14,28
record	m=6193152	33,30,61,47,55,59,50,19,29,46,4,8,18,45,20,10,7,56,25,38,13,44,54,27,51,12,23,58,53,43,11,52,40,5,17,34,57,39,9,36,35,49,60,15,41,37,3,48,32,1,62,31,2,16,6,24,22,26,42,21,28,14
72084163580615858300059683936806357926	cd=343	37,41,16,2,35,49,56,7,46,29,10,20,43,53,27,54,28,14,22,26,61,47,45,18,6,24,34,17,15,60,38,25,40,5,44,13,3,48,58,23,62,31,39,57,42,21,32,1,36,9,33,30,59,55,50,19,51,12,52,11,8,4
record	m=4128768	41,37,2,16,35,49,7,56,29,46,20,10,53,43,54,27,28,14,26,22,61,47,45,18,24,6,34,17,60,15,25,38,40,5,44,13,3,48,58,23,62,31,57,39,21,42,32,1,36,9,33,30,55,59,50,19,51,12,52,11,8,4
122164088661512228780181054332293744981	cd=363	3,48,15,60,57,39,43,53,32,1,10,20,14,28,58,23,35,49,37,41,45,18,26,22,50,19,8,4,40,5,51,12,11,52,16,2,17,34,59,55,47,61,36,9,44,13,46,29,30,33,24,6,27,54,31,62,21,42,25,38,56,7
record	m=1376256	3,48,15,60,57,39,53,43,32,1,20,10,28,14,23,58,35,49,41,37,45,18,26,22,50,19,4,8,5,40,51,12,52,11,2,16,34,17,55,59,61,47,9,36,13,44,29,46,33,30,24,6,27,54,31,62,21,42,25,38,56,7
158092932145900366892499513557251419053	cd=371	9,36,27,54,30,33,13,44,20,10,29,46,41,37,34,17,53,43,23,58,49,35,19,50,48,3,25,38,15,60,24,6,26,22,42,21,2,16,18,45,31,62,52,11,12,51,1,32,7,56,28,14,55,59,47,61,39,57,5,40,4,8
record	m=30277632	9,36,27,54,33,30,13,44,20,10,29,46,41,37,17,34,53,43,23,58,35,49,50,19,3,48,25,38,60,15,24,6,26,22,21,42,2,16,18,45,31,62,52,11,51,12,32,1,7,56,28,14,55,59,61,47,57,39,40,5,8,4
921013772120778542940219483568526242073	cd=347	29,46,30,33,56,7,9,36,34,17,41,37,43,53,45,18,59,55,14,28,27,54,50,19,44,13,3,48,35,49,20,10,8,4,47,61,1,32,25,38,31,62,42,21,12,51,60,15,6,24,40,5,23,58,22,26,16,2,39,57,11,52
record	m=4915200	29,46,33,30,7,56,9,36,17,34,41,37,53,43,18,45,55,59,28,14,54,27,50,19,44,13,3,48,35,49,20,10,4,8,61,47,32,1,25,38,62,31,21,42,51,12,60,15,6,24,40,5,23,58,26,22,2,16,57,39,52,11
907224816040328464014540871041365078122	cd=311	38,25,55,59,30,33,13,44,39,57,28,14,37,41,5,40,51,12,21,42,49,35,50,19,26,22,53,43,10,20,16,2,58,23,47,61,8,4,46,29,15,60,6,24,45,18,3,48,17,34,54,27,7,56,9,36,32,1,62,31,11,52
record	m=27525120	25,38,55,59,33,30,13,44,57,39,14,28,41,37,40,5,51,12,21,42,35,49,50,19,26,22,53,43,20,10,2,16,23,58,61,47,4,8,29,46,60,15,24,6,18,45,3,48,17,34,54,27,7,56,9,36,32,1,31,62,11,52
476676828364615286306570251217053734588	cd=367	7,56,53,43,23,58,20,10,16,2,17,34,45,18,32,1,62,31,19,50,54,27,13,44,25,38,4,8,9,36,47,61,14,28,42,21,6,24,33,30,46,29,11,52,51,12,5,40,57,39,49,35,41,37,55,59,48,3,15,60,22,26
record	m=37847040	7,56,53,43,23,58,20,10,2,16,17,34,18,45,32,1,31,62,50,19,54,27,13,44,25,38,4,8,36,9,61,47,28,14,21,42,24,6,33,30,29,46,52,11,51,12,40,5,39,57,35,49,41,37,55,59,3,48,15,60,26,22
439487472132832677100121799187223609328	cd=383	12,51,23,58,8,4,26,22,11,52,37,41,2,16,33,30,53,43,45,18,35,49,34,17,40,5,44,13,10,20,31,62,1,32,19,50,46,29,55,59,24,6,15,60,56,7,14,28,47,61,39,57,9,36,42,21,48,3,27,54,38,25
record	m=726528	51,12,23,58,8,4,26,22,52,11,41,37,2,16,33,30,53,43,18,45,35,49,34,17,40,5,44,13,20,10,31,62,1,32,50,19,29,46,55,59,24,6,15,60,56,7,14,28,61,47,57,39,36,9,21,42,3,48,54,27,25,38
312739325340651116420800466460750748367	cd=367	18,45,59,55,31,62,38,25,40,5,30,33,1,32,21,42,34,17,26,22,53,43,61,47,56,7,9,36,10,20,8,4,52,11,16,2,58,23,6,24,54,27,57,39,49,35,46,29,51,12,37,41,48,3,15,60,14,28,44,13,50,19
record	m=946176	18,45,55,59,31,62,25,38,40,5,30,33,32,1,21,42,34,17,26,22,53,43,61,47,7,56,9,36,20,10,4,8,52,11,2,16,23,58,24,6,27,54,57,39,49,35,46,29,51,12,41,37,3,48,15,60,14,28,13,44,50,19
9349611332747313000238899313452614330	cd=339	41,37,15,60,30,33,45,18,12,51,19,50,3,48,25,38,61,47,16,2,20,10,6,24,42,21,53,43,31,62,23,58,39,57,27,54,5,40,36,9,44,13,22,26,11,52,14,28,4,8,46,29,7,56,35,49,59,55,34,17,32,1
record	m=1966080	41,37,60,15,33,30,18,45,12,51,50,19,48,3,25,38,61,47,16,2,20,10,24,6,21,42,43,53,31,62,23,58,57,39,54,27,40,5,9,36,13,44,26,22,11,52,14,28,4,8,29,46,7,56,35,49,55,59,17,34,1,32
818968100334680832679302048068353541871	cd=287	12,51,20,10,46,29,37,41,53,43,59,55,17,34,14,28,26,22,31,62,32,1,35,49,54,27,48,3,21,42,56,7,50,19,9,36,8,4,18,45,33,30,6,24,23,58,5,40,13,44,2,16,60,15,25,38,11,52,39,57,61,47
record	m=10321920	51,12,20,10,29,46,41,37,53,43,55,59,17,34,14,28,26,22,31,62,32,1,35,49,54,27,3,48,21,42,7,56,50,19,9,36,4,8,18,45,33,30,24,6,58,23,40,5,44,13,2,16,60,15,25,38,11,52,57,39,61,47
750751761247633013405702950955461258415	cd=351	36,9,27,54,32,1,11,52,49,35,33,30,13,44,43,53,20,10,7,56,17,34,14,28,37,41,57,39,40,5,22,26,23,58,12,51,18,45,6,24,48,3,25,38,62,31,16,2,61,47,29,46,50,19,4,8,15,60,55,59,21,42
record	m=1671168	9,36,54,27,1,32,52,11,35,49,33,30,13,44,53,43,20,10,7,56,17,34,14,28,41,37,57,39,40,5,22,26,23,58,51,12,18,45,24,6,3,48,25,38,62,31,2,16,61,47,46,29,19,50,4,8,60,15,55,59,42,21
193901607502518081034381677089269625514	cd=367	14,28,56,7,45,18,35,49,61,47,6,24,30,33,51,12,9,36,2,16,34,17,40,5,58,23,19,50,60,15,39,57,55,59,29,46,20,10,32,1,43,53,22,26,31,62,25,38,54,27,48,3,4,8,37,41,21,42,13,44,52,11
record	m=5271552	28,14,7,56,18,45,35,49,61,47,6,24,33,30,51,12,9,36,2,16,17,34,40,5,58,23,50,19,15,60,57,39,59,55,29,46,20,10,32,1,53,43,26,22,31,62,25,38,54,27,3,48,4,8,41,37,42,21,44,13,52,11
1087432903261446718987867701133065562314	cd=323	41,37,26,22,15,60,39,57,47,61,48,3,13,44,2,16,14,28,49,35,18,45,53,43,10,20,38,25,4,8,27,54,6,24,58,23,51,12,56,7,5,40,52,11,34,17,33,30,21,42,55,59,19,50,1,32,36,9,29,46,31,62
record	m=3852288	41,37,26,22,60,15,57,39,61,47,3,48,44,13,2,16,28,14,35,49,18,45,53,43,10,20,25,38,4,8,27,54,24,6,23,58,51,12,7,56,40,5,52,11,17,34,33,30,21,42,55,59,50,19,32,1,9,36,29,46,31,62
518548104075714977843315319206697817440	cd=335	48,3,34,17,41,37,26,22,8,4,15,60,50,19,30,33,55,59,14,28,20,10,45,18,52,11,2,16,40,5,39,57,44,13,35,49,53,43,6,24,58,23,61,47,25,38,7,56,9,36,29,46,54,27,42,21,1,32,51,12,62,31
record	m=27525120	3,48,17,34,41,37,26,22,4,8,60,15,19,50,33,30,55,59,28,14,10,20,18,45,52,11,2,16,40,5,57,39,13,44,35,49,53,43,24,6,23,58,61,47,25,38,7,56,9,36,29,46,54,27,21,42,1,32,51,12,31,62
962194142511082087813064431790142389023	cd=319	21,42,24,6,38,25,13,44,39,57,33,30,20,10,51,12,27,54,60,15,41,37,17,34,9,36,45,18,3,48,26,22,19,50,40,5,61,47,29,46,11,52,59,55,23,58,2,16,14,28,49,35,53,43,31,62,1,32,4,8,7,56
record	m=18087936	21,42,24,6,38,25,13,44,57,39,33,30,20,10,51,12,54,27,60,15,41,37,17,34,9,36,18,45,3,48,26,22,50,19,5,40,61,47,29,46,52,11,59,55,23,58,2,16,28,14,35,49,43,53,31,62,1,32,4,8,56,7
153622255874435919857719886045673594607	cd=331	22,26,32,1,45,18,36,9,31,62,37,41,28,14,39,57,53,43,54,27,23,58,61,47,40,5,2,16,19,50,13,44,56,7,35,49,51,12,34,17,15,60,46,29,55,59,24,6,42,21,52,11,3,48,20,10,25,38,30,33,4,8
record	m=7864320	26,22,32,1,18,45,9,36,62,31,41,37,28,14,39,57,53,43,54,27,23,58,61,47,40,5,2,16,50,19,44,13,7,56,35,49,51,12,17,34,60,15,29,46,55,59,24,6,21,42,11,52,48,3,10,20,25,38,33,30,4,8
281709164026885900187164352441497822444	cd=335	28,14,22,26,50,19,49,35,53,43,3,48,1,32,56,7,41,37,20,10,29,46,62,31,11,52,58,23,13,44,57,39,15,60,9,36,17,34,6,24,59,55,8,4,40,5,51,12,61,47,25,38,33,30,42,21,54,27,45,18,2,16
record	m=3784704	28,14,26,22,50,19,35,49,53,43,3,48,1,32,7,56,41,37,20,10,29,46,31,62,52,11,23,58,44,13,57,39,60,15,9,36,17,34,24,6,55,59,4,8,5,40,51,12,61,47,38,25,33,30,21,42,54,27,45,18,2,16
330890002528280197862785903995028810130	cd=375	23,58,25,38,37,41,36,9,59,55,20,10,5,40,42,21,24,6,47,61,2,16,27,54,43,53,17,34,62,31,26,22,4,8,12,51,18,45,33,30,3,48,60,15,1,32,7,56,35,49,29,46,52,11,39,57,28,14,13,44,50,19
record	m=186368	23,58,25,38,41,37,9,36,55,59,10,20,40,5,21,42,24,6,47,61,2,16,54,27,53,43,17,34,62,31,26,22,4,8,12,51,18,45,33,30,3,48,60,15,1,32,56,7,35,49,29,46,52,11,57,39,14,28,13,44,50,19
294920746883311340640397720765806225327	cd=387	26,22,3,48,38,25,29,46,43,53,18,45,1,32,14,28,10,20,37,41,33,30,59,55,8,4,21,42,9,36,24,6,34,17,15,60,31,62,57,39,27,54,58,23,51,12,7,56,50,19,49,35,44,13,11,52,47,61,5,40,2,16
record	m=6881280	26,22,3,48,25,38,46,29,53,43,18,45,32,1,28,14,20,10,41,37,33,30,55,59,4,8,21,42,9,36,24,6,17,34,60,15,62,31,57,39,54,27,23,58,51,12,7,56,50,19,35,49,13,44,52,11,47,61,40,5,2,16
302155638559954726711048257803659740482	cd=387	7,56,52,11,45,18,24,6,5,40,37,41,12,51,10,20,30,33,60,15,25,38,55,59,26,22,23,58,31,62,34,17,46,29,36,9,39,57,8,4,53,43,42,21,1,32,3,48,61,47,44,13,19,50,28,14,35,49,27,54,2,16
record	m=1376256	7,56,52,11,18,45,24,6,40,5,41,37,51,12,20,10,33,30,60,15,25,38,55,59,26,22,23,58,31,62,34,17,29,46,9,36,57,39,4,8,43,53,21,42,32,1,48,3,47,61,13,44,50,19,28,14,49,35,54,27,2,16
281421383163070123054119309033023951851	cd=363	15,60,59,55,47,61,50,19,30,33,48,3,57,39,22,26,44,13,41,37,4,8,9,36,27,54,21,42,40,5,24,6,11,52,46,29,45,18,28,14,7,56,53,43,49,35,25,38,23,58,10,20,1,32,62,31,12,51,34,17,2,16
record	m=20643840	60,15,55,59,61,47,50,19,33,30,3,48,57,39,22,26,13,44,41,37,4,8,9,36,54,27,21,42,40,5,24,6,52,11,29,46,18,45,28,14,7,56,53,43,49,35,25,38,23,58,10,20,32,1,62,31,12,51,17,34,16,2
481721677583127376239192531365544881908	cd=203	57,39,21,42,27,54,32,1,62,31,24,6,50,19,7,56,13,44,4,8,2,16,55,59,61,47,60,15,22,26,41,37,34,17,33,30,48,3,29,46,51,12,11,52,36,9,25,38,20,10,18,45,35,49,43,53,23,58,40,5,14,28
record	m=6553600	57,39,21,42,54,27,1,32,31,62,24,6,50,19,7,56,13,44,4,8,2,16,55,59,61,47,60,15,26,22,37,41,17,34,33,30,3,48,29,46,51,12,52,11,9,36,38,25,20,10,18,45,35,49,43,53,23,58,40,5,28,14
742436186827162581128277368243790773340	cd=367	51,12,52,11,58,23,36,9,37,41,3,48,61,47,53,43,26,22,55,59,4,8,5,40,49,35,2,16,14,28,31,62,13,44,15,60,32,1,33,30,27,54,29,46,24,6,17,34,39,57,56,7,19,50,38,25,10,20,18,45,21,42
record	m=473088	51,12,52,11,23,58,9,36,41,37,3,48,61,47,53,43,26,22,55,59,4,8,5,40,35,49,2,16,28,14,31,62,13,44,15,60,32,1,33,30,54,27,29,46,24,6,17,34,57,39,7,56,50,19,25,38,20,10,18,45,21,42
585417882875132675924375180275745591304	cd=331	29,46,34,17,50,19,39,57,15,60,55,59,24,6,20,10,41,37,13,44,8,4,62,31,43,53,61,47,30,33,12,51,22,26,14,28,32,1,16,2,40,5,38,25,21,42,18,45,23,58,48,3,11,52,7,56,54,27,36,9,49,35
record	m=15728640	29,46,17,34,50,19,57,39,60,15,55,59,24,6,20,10,41,37,13,44,4,8,31,62,53,43,61,47,33,30,51,12,26,22,28,14,32,1,2,16,40,5,25,38,21,42,18,45,23,58,48,3,11,52,56,7,54,27,9,36,35,49
1001938181065095533869742137783945396444	cd=383	33,30,39,57,18,45,13,44,19,50,42,21,11,52,24,6,23,58,25,38,10,20,37,41,1,32,54,27,12,51,7,56,34,17,61,47,43,53,9,36,35,49,29,46,60,15,40,5,31,62,22,26,48,3,8,4,28,14,2,16,55,59
record	m=2293760	33,30,57,39,18,45,13,44,19,50,21,42,52,11,24,6,23,58,25,38,20,10,41,37,32,1,27,54,51,12,7,56,17,34,47,61,53,43,9,36,35,49,29,46,60,15,40,5,31,62,26,22,3,48,4,8,28,14,16,2,55,59
943430304794437160023367551233007915035	cd=363	58,23,5,40,2,16,9,36,51,12,7,56,27,54,49,35,6,24,21,42,30,33,44,13,52,11,19,50,32,1,31,62,60,15,3,48,37,41,8,4,28,14,43,53,10,20,46,29,18,45,57,39,22,26,61,47,38,25,17,34,59,55
record	m=4587520	23,58,40,5,2,16,9,36,51,12,7,56,54,27,35,49,24,6,21,42,33,30,13,44,52,11,50,19,32,1,31,62,60,15,3,48,41,37,4,8,28,14,43,53,10,20,29,46,18,45,57,39,22,26,61,47,38,25,17,34,55,59
407802391853591462248753620433937099768	cd=375	42,21,51,12,30,33,58,23,57,39,55,59,29,46,40,5,16,2,61,47,28,14,20,10,4,8,11,52,35,49,34,17,31,62,54,27,45,18,32,1,37,41,56,7,38,25,13,44,43,53,3,48,19,50,6,24,36,9,15,60,26,22
record	m=26357760	21,42,51,12,33,30,23,58,57,39,55,59,29,46,40,5,2,16,47,61,28,14,20,10,4,8,52,11,35,49,17,34,62,31,54,27,18,45,32,1,41,37,7,56,38,25,44,13,53,43,48,3,50,19,24,6,9,36,15,60,26,22
948531734465901532349575522206348740854	cd=375	21,42,26,22,8,4,24,6,39,57,3,48,35,49,60,15,36,9,28,14,19,50,40,5,47,61,38,25,44,13,37,41,27,54,23,58,20,10,7,56,18,45,33,30,52,11,29,46,34,17,16,2,1,32,31,62,12,51,53,43,59,55
record	m=8257536	21,42,26,22,4,8,24,6,57,39,3,48,35,49,60,15,9,36,28,14,50,19,5,40,61,47,25,38,13,44,41,37,54,27,23,58,20,10,7,56,18,45,30,33,52,11,29,46,34,17,2,16,32,1,31,62,51,12,53,43,59,55
439938721148477107216828338995864471167	cd=367	50,19,58,23,33,30,21,42,51,12,5,40,62,31,43,53,20,10,15,60,41,37,47,61,24,6,34,17,46,29,13,44,7,56,57,39,32,1,28,14,52,11,49,35,18,45,36,9,2,16,26,22,3,48,27,54,4,8,59,55,38,25
record	m=5849088	50,19,23,58,33,30,21,42,51,12,40,5,31,62,53,43,20,10,60,15,41,37,61,47,6,24,17,34,46,29,44,13,7,56,57,39,32,1,28,14,52,11,35,49,18,45,9,36,2,16,26,22,3,48,27,54,4,8,59,55,25,38
96182106019092238735222509570911650138	cd=387	45,18,16,2,1,32,58,23,21,42,36,9,10,20,37,41,62,31,19,50,39,57,53,43,13,44,49,35,54,27,61,47,60,15,40,5,14,28,25,38,11,52,26,22,24,6,17,34,48,3,51,12,56,7,46,29,30,33,59,55,8,4
record	m=4128768	45,18,2,16,32,1,23,58,42,21,9,36,20,10,41,37,31,62,50,19,57,39,53,43,13,44,35,49,54,27,61,47,60,15,40,5,28,14,25,38,52,11,26,22,24,6,17,34,3,48,51,12,7,56,29,46,33,30,55,59,4,8
47115678360821787875760067952834582320	cd=359	56,7,46,29,4,8,28,14,52,11,31,62,50,19,30,33,59,55,53,43,1,32,21,42,49,35,13,44,48,3,23,58,20,10,6,24,40,5,38,25,45,18,17,34,12,51,61,47,22,26,15,60,57,39,41,37,36,9,54,27,16,2
record	m=45416448	7,56,29,46,4,8,28,14,52,11,31,62,50,19,33,30,55,59,53,43,32,1,21,42,35,49,13,44,48,3,23,58,20,10,24,6,40,5,25,38,18,45,17,34,51,12,61,47,26,22,60,15,57,39,37,41,9,36,27,54,2,16
638623918678977236683824182539184074599	cd=307	25,38,12,51,27,54,16,2,46,29,9,36,61,47,60,15,23,58,31,62,49,35,7,56,11,52,34,17,48,3,40,5,4,8,32,1,24,6,39,57,26,22,21,42,28,14,19,50,43,53,10,20,13,44,59,55,30,33,18,45,41,37
record	m=12386304	25,38,51,12,54,27,2,16,29,46,9,36,61,47,60,15,23,58,31,62,35,49,7,56,52,11,17,34,3,48,40,5,4,8,32,1,24,6,57,39,22,26,21,42,14,28,50,19,53,43,10,20,13,44,55,59,33,30,18,45,41,37
442692912239340757902171561604628421434	cd=383	27,54,10,20,36,9,17,34,43,53,41,37,21,42,26,22,28,14,55,59,2,16,56,7,18,45,31,62,48,3,29,46,32,1,33,30,51,12,11,52,13,44,61,47,6,24,4,8,58,23,40,5,49,35,39,57,50,19,15,60,38,25
record	m=1032192	54,27,20,10,9,36,17,34,53,43,41,37,21,42,26,22,28,14,55,59,2,16,56,7,18,45,31,62,48,3,29,46,32,1,33,30,12,51,52,11,13,44,61,47,6,24,4,8,58,23,40,5,35,49,39,57,50,19,15,60,25,38
118599365944488542236390805800920794418	cd=255	37,41,22,26,55,59,61,47,4,8,46,29,54,27,2,16,36,9,34,17,21,42,62,31,5,40,45,18,52,11,10,20,1,32,50,19,48,3,24,6,12,51,43,53,28,14,13,44,15,60,39,57,35,49,38,25,58,23,30,33,56,7
record	m=1720320	41,37,26,22,55,59,61,47,4,8,29,46,54,27,2,16,9,36,17,34,42,21,31,62,40,5,18,45,52,11,10,20,32,1,50,19,48,3,24,6,51,12,53,43,14,28,13,44,15,60,57,39,49,35,38,25,23,58,30,33,7,56
661487018590493443768129210188697466183	cd=331	28,14,47,61,30,33,52,11,46,29,22,26,48,3,34,17,56,7,23,58,35,49,8,4,41,37,16,2,62,31,59,55,51,12,27,54,32,1,53,43,36,9,15,60,50,19,44,13,40,5,10,20,18,45,39,57,24,6,42,21,25,38
record	m=5505024	28,14,61,47,33,30,52,11,29,46,26,22,3,48,17,34,7,56,58,23,35,49,4,8,41,37,2,16,31,62,55,59,51,12,54,27,1,32,53,43,9,36,60,15,19,50,13,44,5,40,20,10,18,45,57,39,6,24,21,42,25,38
362031377179919553820661990940953307368	cd=319	41,37,29,46,34,17,25,38,53,43,5,40,20,10,45,18,52,11,12,51,22,26,14,28,44,13,33,30,62,31,55,59,35,49,7,56,61,47,8,4,1,32,3,48,15,60,27,54,19,50,23,58,24,6,16,2,9,36,57,39,42,21
record	m=1835008	41,37,29,46,17,34,38,25,53,43,40,5,20,10,45,18,52,11,51,12,26,22,28,14,13,44,33,30,31,62,55,59,35,49,7,56,47,61,4,8,32,1,48,3,15,60,27,54,19,50,23,58,6,24,2,16,9,36,57,39,21,42
465462071552365039329172029707390823041	cd=359	42,21,15,60,3,48,53,43,1,32,52,11,38,25,8,4,28,14,12,51,20,10,44,13,40,5,31,62,46,29,54,27,9,36,47,61,49,35,7,56,18,45,23,58,55,59,19,50,17,34,16,2,37,41,24,6,33,30,57,39,22,26
record	m=2293760	21,42,60,15,3,48,53,43,32,1,52,11,25,38,4,8,28,14,12,51,20,10,13,44,40,5,31,62,29,46,54,27,36,9,61,47,35,49,7,56,18,45,23,58,55,59,50,19,34,17,2,16,41,37,6,24,33,30,57,39,22,26
231507621301419040936654851748974719475	cd=387	39,57,31,62,59,55,34,17,53,43,32,1,8,4,5,40,27,54,35,49,36,9,10,20,51,12,28,14,45,18,15,60,58,23,37,41,56,7,11,52,26,22,16,2,61,47,3,48,38,25,30,33,21,42,6,24,46,29,19,50,44,13
record	m=7340032	57,39,31,62,55,59,17,34,53,43,32,1,4,8,40,5,54,27,35,49,9,36,20,10,51,12,28,14,18,45,60,15,23,58,41,37,7,56,52,11,22,26,2,16,61,47,3,48,25,38,33,30,21,42,24,6,29,46,50,19,44,13
216334832459260474955838680405379710314	cd=347	45,18,16,2,12,51,58,23,40,5,17,34,49,35,62,31,28,14,21,42,15,60,27,54,56,7,4,8,36,9,61,47,33,30,46,29,55,59,50,19,39,57,1,32,20,10,43,53,24,6,11,52,48,3,37,41,38,25,26,22,44,13
record	m=14680064	45,18,2,16,51,12,23,58,40,5,17,34,49,35,31,62,28,14,21,42,60,15,54,27,7,56,8,4,9,36,61,47,33,30,29,46,55,59,50,19,57,39,32,1,20,10,53,43,24,6,52,11,3,48,41,37,38,25,26,22,13,44
174064718692191577102660122269672003239	cd=387	19,50,18,45,33,30,24,6,21,42,39,57,58,23,60,15,43,53,38,25,44,13,12,51,1,32,22,26,48,3,47,61,36,9,5,40,17,34,56,7,20,10,54,27,14,28,35,49,2,16,29,46,31,62,55,59,41,37,4,8,52,11
record	m=6881280	50,19,18,45,33,30,24,6,21,42,57,39,23,58,60,15,53,43,25,38,13,44,12,51,32,1,26,22,3,48,61,47,9,36,40,5,17,34,7,56,20,10,54,27,28,14,49,35,2,16,29,46,31,62,55,59,37,41,4,8,52,11
1022300746682196114724368594728404599216	cd=303	3,48,27,54,18,45,12,51,10,20,53,43,35,49,60,15,24,6,8,4,39,57,21,42,28,14,2,16,36,9,26,22,37,41,46,29,33,30,47,61,58,23,62,31,56,7,17,34,1,32,52,11,25,38,40,5,13,44,19,50,55,59
record	m=7024640	3,48,54,27,18,45,51,12,20,10,53,43,35,49,60,15,24,6,4,8,57,39,21,42,28,14,2,16,9,36,22,26,41,37,29,46,33,30,61,47,23,58,31,62,7,56,17,34,1,32,52,11,25,38,40,5,44,13,19,50,55,59
167376744667496549033372074194828609040	cd=335	57,39,51,12,5,40,26,22,15,60,24,6,3,48,49,35,14,28,9,36,10,20,23,58,44,13,43,53,33,30,19,50,62,31,21,42,46,29,47,61,7,56,54,27,1,32,45,18,25,38,16,2,52,11,37,41,17,34,55,59,4,8
record	m=5136384	57,39,51,12,40,5,22,26,60,15,24,6,3,48,35,49,28,14,9,36,20,10,23,58,44,13,53,43,33,30,50,19,31,62,21,42,46,29,61,47,7,56,54,27,1,32,18,45,25,38,2,16,11,52,41,37,17,34,55,59,4,8
351326881490741710209575390310056051388	cd=367	56,7,37,41,32,1,11,52,45,18,24,6,47,61,23,58,60,15,26,22,48,3,16,2,49,35,62,31,25,38,51,12,36,9,44,13,39,57,30,33,27,54,40,5,4,8,20,10,53,43,59,55,34,17,29,46,28,14,50,19,42,21
record	m=24084480	7,56,41,37,32,1,52,11,18,45,24,6,47,61,23,58,60,15,26,22,3,48,2,16,35,49,31,62,25,38,51,12,9,36,13,44,57,39,33,30,54,27,40,5,4,8,20,10,53,43,55,59,17,34,46,29,28,14,50,19,21,42
596092899624527339445210719075202607020	cd=351	52,11,31,62,48,3,40,5,27,54,60,15,42,21,39,57,45,18,25,38,58,23,24,6,20,10,16,2,8,4,22,26,43,53,55,59,51,12,47,61,17,34,33,30,46,29,37,41,36,9,44,13,50,19,56,7,32,1,14,28,49,35
record	m=3211264	52,11,31,62,48,3,40,5,54,27,60,15,21,42,57,39,18,45,25,38,23,58,24,6,20,10,2,16,4,8,26,22,53,43,55,59,51,12,61,47,34,17,33,30,29,46,41,37,9,36,13,44,50,19,7,56,1,32,28,14,49,35
283184788975424299117620973573017869077	cd=387	3,48,34,17,46,29,55,59,54,27,26,22,35,49,62,31,4,8,30,33,38,25,56,7,45,18,57,39,60,15,1,32,41,37,9,36,51,12,52,11,24,6,44,13,47,61,28,14,5,40,42,21,50,19,43,53,23,58,10,20,2,16
record	m=18350080	3,48,17,34,29,46,55,59,54,27,26,22,35,49,31,62,4,8,33,30,25,38,7,56,18,45,57,39,60,15,1,32,41,37,9,36,51,12,52,11,24,6,13,44,61,47,28,14,40,5,21,42,50,19,53,43,23,58,10,20,2,16
158776028190193268370487934243196154059	cd=387	29,46,11,52,56,7,5,40,39,57,58,23,49,35,27,54,3,48,24,6,19,50,17,34,41,37,51,12,14,28,36,9,43,53,30,33,38,25,62,31,18,45,60,15,22,26,20,10,16,2,61,47,55,59,1,32,44,13,21,42,4,8
record	m=6488064	29,46,52,11,7,56,40,5,57,39,23,58,35,49,54,27,3,48,24,6,50,19,34,17,41,37,51,12,28,14,9,36,53,43,33,30,25,38,31,62,18,45,60,15,26,22,10,20,2,16,47,61,55,59,32,1,44,13,42,21,8,4
1084749725970117875536535218336043429330	cd=287	57,39,55,59,8,4,18,45,6,24,44,13,14,28,40,5,35,49,34,17,52,11,29,46,12,51,53,43,61,47,2,16,50,19,1,32,21,42,38,25,30,33,36,9,10,20,7,56,58,23,26,22,27,54,3,48,15,60,37,41,31,62
record	m=12615680	57,39,55,59,4,8,18,45,24,6,13,44,28,14,40,5,35,49,34,17,52,11,29,46,51,12,53,43,61,47,2,16,50,19,32,1,21,42,38,25,30,33,9,36,20,10,7,56,58,23,26,22,27,54,48,3,15,60,41,37,31,62
102133518176015772122389439988982796226	cd=351	14,28,15,60,20,10,18,45,1,32,49,35,38,25,22,26,43,53,47,61,12,51,19,50,48,3,46,29,44,13,41,37,34,17,11,52,57,39,24,6,54,27,23,58,9,36,62,31,42,21,59,55,4,8,30,33,5,40,16,2,56,7
record	m=8257536	28,14,60,15,20,10,18,45,32,1,35,49,25,38,26,22,53,43,61,47,12,51,50,19,3,48,29,46,13,44,41,37,17,34,52,11,57,39,24,6,54,27,23,58,9,36,62,31,21,42,55,59,8,4,33,30,40,5,2,16,56,7
130100584604669647776339908492954076712	cd=379	24,6,32,1,39,57,44,13,50,19,4,8,11,52,28,14,31,62,40,5,54,27,48,3,15,60,22,26,55,59,33,30,46,29,18,45,35,49,2,16,38,25,43,53,23,58,41,37,34,17,21,42,10,20,36,9,47,61,12,51,56,7
record	m=15138816	24,6,32,1,57,39,13,44,50,19,4,8,52,11,28,14,31,62,40,5,54,27,3,48,15,60,26,22,55,59,33,30,29,46,18,45,35,49,2,16,25,38,53,43,58,23,37,41,17,34,42,21,20,10,9,36,61,47,51,12,7,56
420854901100566440394748502908944877201	cd=363	39,57,6,24,61,47,42,21,13,44,7,56,35,49,23,58,54,27,14,28,4,8,36,9,5,40,51,12,53,43,1,32,60,15,55,59,41,37,16,2,48,3,50,19,17,34,62,31,22,26,29,46,18,45,33,30,52,11,10,20,38,25
record	m=3670016	57,39,24,6,47,61,21,42,13,44,7,56,35,49,23,58,54,27,28,14,4,8,9,36,40,5,51,12,53,43,32,1,15,60,55,59,41,37,2,16,3,48,19,50,17,34,62,31,26,22,29,46,45,18,30,33,52,11,10,20,25,38
1029967972215479095108174614609026910849	cd=351	1,32,25,38,43,53,62,31,41,37,12,51,7,56,17,34,3,48,57,39,15,60,26,22,13,44,52,11,19,50,21,42,14,28,54,27,49,35,10,20,18,45,30,33,29,46,55,59,58,23,40,5,9,36,16,2,24,6,8,4,47,61
record	m=38535168	32,1,25,38,53,43,31,62,41,37,51,12,7,56,17,34,3,48,57,39,60,15,26,22,13,44,52,11,50,19,21,42,14,28,54,27,35,49,20,10,18,45,30,33,29,46,55,59,23,58,5,40,9,36,2,16,24,6,8,4,61,47
28536466950097669566599915885459523404	cd=335	52,11,33,30,55,59,7,56,53,43,29,46,8,4,28,14,50,19,10,20,23,58,6,24,45,18,5,40,12,51,49,35,41,37,13,44,57,39,9,36,42,21,48,3,60,15,38,25,61,47,34,17,2,16,26,22,62,31,27,54,32,1
record	m=8388608	52,11,33,30,55,59,7,56,53,43,29,46,4,8,28,14,50,19,20,10,23,58,24,6,45,18,40,5,12,51,35,49,41,37,13,44,57,39,9,36,21,42,3,48,15,60,25,38,47,61,17,34,2,16,26,22,31,62,27,54,32,1
981688444003530749394984275684754831123	cd=315	3,48,4,8,44,13,1,32,62,31,51,12,34,17,46,29,53,43,19,50,10,20,55,59,27,54,45,18,52,11,58,23,57,39,40,5,35,49,36,9,33,30,42,21,60,15,26,22,61,47,14,28,16,2,41,37,6,24,25,38,7,56
record	m=15138816	3,48,4,8,13,44,32,1,31,62,51,12,17,34,29,46,53,43,50,19,20,10,59,55,54,27,18,45,52,11,23,58,57,39,40,5,35,49,9,36,33,30,21,42,60,15,26,22,61,47,28,14,2,16,41,37,6,24,25,38,7,56
177267481854035979133896886329104419352	cd=295	27,54,37,41,51,12,4,8,3,48,59,55,60,15,10,20,44,13,62,31,25,38,43,53,56,7,22,26,23,58,50,19,61,47,40,5,9,36,42,21,2,16,28,14,49,35,32,1,45,18,29,46,24,6,39,57,30,33,34,17,52,11
record	m=33030144	54,27,41,37,51,12,4,8,3,48,55,59,60,15,20,10,13,44,31,62,25,38,53,43,7,56,26,22,23,58,19,50,61,47,40,5,9,36,21,42,2,16,28,14,35,49,32,1,18,45,29,46,6,24,39,57,33,30,17,34,52,11
1023030516612344687404460846160149572065	cd=339	26,22,6,24,16,2,61,47,5,40,37,41,53,43,51,12,31,62,57,39,18,45,42,21,32,1,25,38,15,60,13,44,35,49,28,14,27,54,48,3,20,10,36,9,56,7,4,8,33,30,23,58,29,46,34,17,50,19,11,52,55,59
record	m=31933440	26,22,24,6,2,16,61,47,40,5,41,37,53,43,51,12,31,62,57,39,18,45,21,42,32,1,25,38,60,15,44,13,35,49,28,14,54,27,3,48,20,10,9,36,7,56,4,8,33,30,23,58,29,46,17,34,19,50,52,11,55,59
635597783785863699661785599220870418014	cd=327	45,18,10,20,2,16,40,5,44,13,8,4,23,58,12,51,6,24,33,30,62,31,57,39,1,32,43,53,61,47,28,14,49,35,11,52,17,34,3,48,19,50,46,29,15,60,59,55,26,22,21,42,36,9,27,54,7,56,25,38,41,37
record	m=7340032	18,45,20,10,2,16,40,5,44,13,4,8,58,23,51,12,24,6,33,30,31,62,57,39,32,1,53,43,61,47,28,14,35,49,52,11,17,34,3,48,19,50,46,29,60,15,55,59,26,22,42,21,9,36,27,54,7,56,38,25,37,41
945633902033825839103236290069277751872	cd=363	54,27,61,47,28,14,36,9,24,6,33,30,56,7,21,42,45,18,3,48,22,26,35,49,32,1,15,60,12,51,52,11,41,37,29,46,2,16,38,25,44,13,50,19,17,34,23,58,62,31,10,20,5,40,43,53,4,8,57,39,59,55
record	m=4866048	54,27,61,47,28,14,9,36,24,6,33,30,7,56,21,42,18,45,3,48,26,22,35,49,32,1,15,60,12,51,52,11,41,37,29,46,2,16,25,38,44,13,50,19,17,34,58,23,31,62,20,10,40,5,53,43,8,4,39,57,55,59
502104573708811272347527405173640071211	cd=339	9,36,58,23,54,27,18,45,55,59,56,7,4,8,17,34,37,41,60,15,48,3,26,22,52,11,50,19,47,61,38,25,5,40,12,51,24,6,62,31,29,46,2,16,30,33,20,10,35,49,32,1,57,39,44,13,42,21,53,43,14,28
record	m=9175040	9,36,23,58,54,27,18,45,55,59,7,56,4,8,17,34,41,37,60,15,48,3,26,22,52,11,50,19,61,47,25,38,40,5,51,12,24,6,31,62,46,29,16,2,33,30,20,10,35,49,32,1,57,39,13,44,42,21,53,43,14,28
1044942031020281499669770197416139526287	cd=331	49,35,14,28,22,26,29,46,56,7,45,18,60,15,48,3,34,17,21,42,41,37,2,16,23,58,44,13,53,43,38,25,50,19,31,62,27,54,51,12,4,8,32,1,24,6,10,20,9,36,39,57,5,40,11,52,59,55,33,30,47,61
record	m=11010048	35,49,28,14,26,22,29,46,7,56,18,45,60,15,48,3,17,34,42,21,41,37,2,16,23,58,44,13,53,43,25,38,50,19,31,62,27,54,51,12,4,8,32,1,24,6,20,10,36,9,39,57,5,40,52,11,55,59,33,30,61,47
818521154601690626863910225389488267624	cd=319	49,35,46,29,34,17,19,50,37,41,48,3,6,24,15,60,58,23,39,57,26,22,14,28,21,42,51,12,36,9,20,10,1,32,25,38,54,27,33,30,13,44,53,43,62,31,5,40,2,16,59,55,4,8,11,52,18,45,7,56,61,47
record	m=6488064	35,49,29,46,17,34,50,19,41,37,3,48,24,6,60,15,23,58,57,39,22,26,28,14,21,42,51,12,9,36,20,10,32,1,25,38,54,27,33,30,13,44,53,43,31,62,40,5,2,16,55,59,8,4,52,11,18,45,7,56,47,61
193104692295715914481728016620989046606	cd=351	1,32,62,31,10,20,55,59,4,8,35,49,28,14,54,27,17,34,16,2,43,53,22,26,3,48,40,5,23,58,18,45,12,51,56,7,44,13,46,29,33,30,61,47,36,9,37,41,57,39,60,15,6,24,19,50,38,25,21,42,52,11
record	m=2365440	32,1,31,62,20,10,59,55,4,8,35,49,28,14,54,27,17,34,2,16,53,43,26,22,3,48,40,5,58,23,18,45,51,12,7,56,13,44,29,46,33,30,61,47,9,36,41,37,57,39,15,60,24,6,50,19,25,38,42,21,52,11
822658442408789758195390280813772013673	cd=243	25,38,20,10,6,24,34,17,11,52,58,23,43,53,41,37,39,57,13,44,19,50,22,26,12,51,32,1,4,8,46,29,40,5,31,62,61,47,59,55,16,2,27,54,36,9,21,42,56,7,28,14,60,15,33,30,45,18,48,3,35,49
record	m=36175872	25,38,20,10,24,6,17,34,52,11,23,58,53,43,41,37,57,39,13,44,50,19,26,22,51,12,32,1,4,8,29,46,40,5,31,62,61,47,55,59,2,16,54,27,36,9,21,42,7,56,28,14,60,15,33,30,18,45,3,48,49,35
363123259687312473469909494101192133145	cd=303	29,46,48,3,30,33,17,34,45,18,35,49,47,61,15,60,31,62,40,5,58,23,52,11,8,4,28,14,24,6,55,59,39,57,32,1,51,12,22,26,50,19,53,43,54,27,20,10,2,16,25,38,44,13,7,56,9,36,37,41,42,21
record	m=15482880	29,46,3,48,33,30,17,34,18,45,35,49,61,47,60,15,31,62,40,5,58,23,52,11,4,8,28,14,24,6,55,59,57,39,32,1,51,12,26,22,50,19,53,43,54,27,20,10,16,2,25,38,44,13,7,56,9,36,41,37,21,42
180068424133787923833587036937329649145	cd=299	39,57,25,38,15,60,36,9,6,24,18,45,17,34,14,28,35,49,54,27,42,21,33,30,50,19,29,46,48,3,23,58,56,7,13,44,43,53,16,2,62,31,41,37,47,61,51,12,40,5,55,59,10,20,8,4,32,1,26,22,52,11
record	m=393216	57,39,38,25,60,15,9,36,24,6,18,45,17,34,14,28,35,49,54,27,21,42,33,30,50,19,29,46,3,48,58,23,7,56,44,13,53,43,2,16,31,62,41,37,61,47,51,12,40,5,55,59,10,20,8,4,32,1,26,22,52,11
682183301853024254456306452526487374161	cd=387	13,44,19,50,32,1,31,62,61,47,30,33,11,52,12,51,46,29,18,45,6,24,41,37,43,53,5,40,58,23,9,36,10,20,55,59,17,34,42,21,48,3,57,39,2,16,49,35,7,56,27,54,22,26,8,4,14,28,15,60,25,38
record	m=3956736	13,44,50,19,32,1,31,62,61,47,33,30,52,11,51,12,29,46,18,45,24,6,37,41,53,43,40,5,58,23,9,36,20,10,59,55,17,34,42,21,3,48,57,39,2,16,35,49,56,7,54,27,26,22,4,8,28,14,60,15,25,38
802143772352720729107088433765549900449	cd=367	42,21,25,38,1,32,59,55,8,4,7,56,45,18,34,17,51,12,48,3,58,23,11,52,31,62,27,54,46,29,26,22,5,40,60,15,35,49,39,57,13,44,43,53,30,33,41,37,2,16,36,9,24,6,19,50,20,10,14,28,61,47
record	m=5898240	21,42,25,38,32,1,55,59,4,8,7,56,18,45,17,34,51,12,3,48,58,23,52,11,31,62,54,27,29,46,26,22,5,40,60,15,35,49,39,57,13,44,53,43,30,33,41,37,2,16,9,36,6,24,50,19,20,10,28,14,47,61
172952334626571025671197913072134073612	cd=375	35,49,27,54,20,10,53,43,34,17,12,51,38,25,44,13,45,18,14,28,50,19,5,40,8,4,33,30,46,29,60,15,21,42,36,9,32,1,31,62,26,22,61,47,2,16,7,56,59,55,57,39,23,58,41,37,3,48,24,6,52,11
record	m=8257536	35,49,54,27,20,10,53,43,17,34,51,12,25,38,13,44,45,18,28,14,50,19,5,40,4,8,33,30,29,46,60,15,21,42,9,36,32,1,31,62,26,22,61,47,2,16,56,7,55,59,39,57,58,23,37,41,3,48,24,6,52,11
925359543694973207187692165383686298586	cd=363	3,48,37,41,43,53,45,18,28,14,34,17,15,60,49,35,40,5,11,52,32,1,33,30,19,50,22,26,25,38,31,62,13,44,20,10,46,29,36,9,51,12,21,42,27,54,61,47,6,24,39,57,23,58,8,4,7,56,16,2,59,55
record	m=3784704	3,48,41,37,53,43,18,45,28,14,34,17,60,15,35,49,40,5,52,11,32,1,33,30,50,19,26,22,25,38,31,62,13,44,20,10,46,29,9,36,12,51,21,42,54,27,61,47,6,24,39,57,58,23,4,8,56,7,2,16,55,59
119215934261902428833449820432583446494	cd=319	54,27,45,18,58,23,48,3,42,21,8,4,60,15,1,32,31,62,12,51,40,5,25,38,22,26,2,16,59,55,28,14,30,33,39,57,37,41,49,35,6,24,20,10,19,50,43,53,36,9,13,44,47,61,46,29,52,11,17,34,56,7
record	m=15728640	54,27,18,45,23,58,3,48,21,42,4,8,60,15,1,32,31,62,51,12,40,5,25,38,26,22,2,16,55,59,28,14,30,33,57,39,41,37,35,49,24,6,20,10,50,19,53,43,9,36,13,44,61,47,46,29,52,11,17,34,7,56
579422495534689001418880236947855867987	cd=363	6,24,21,42,49,35,18,45,55,59,44,13,57,39,23,58,10,20,37,41,51,12,22,26,50,19,53,43,47,61,56,7,11,52,4,8,46,29,14,28,54,27,34,17,25,38,2,16,36,9,30,33,60,15,40,5,48,3,31,62,1,32
record	m=13762560	24,6,21,42,35,49,18,45,55,59,13,44,57,39,23,58,20,10,41,37,51,12,26,22,50,19,53,43,61,47,7,56,52,11,4,8,29,46,14,28,54,27,17,34,38,25,2,16,9,36,30,33,60,15,40,5,3,48,62,31,32,1
631655632384616568591315185985983569613	cd=371	39,57,24,6,26,22,36,9,61,47,16,2,4,8,7,56,18,45,48,3,59,55,21,42,33,30,12,51,25,38,28,14,44,13,17,34,49,35,46,29,20,10,27,54,50,19,11,52,53,43,32,1,40,5,60,15,58,23,62,31,41,37
record	m=2365440	57,39,24,6,26,22,36,9,61,47,2,16,4,8,7,56,18,45,3,48,55,59,21,42,33,30,51,12,25,38,14,28,13,44,34,17,35,49,29,46,10,20,54,27,50,19,11,52,53,43,32,1,40,5,15,60,58,23,31,62,41,37
733590125430035248146815737300353890529	cd=355	24,6,9,36,50,19,51,12,53,43,1,32,45,18,10,20,30,33,44,13,57,39,52,11,37,41,7,56,31,62,59,55,48,3,60,15,23,58,8,4,5,40,61,47,2,16,34,17,35,49,25,38,28,14,22,26,29,46,54,27,21,42
record	m=11354112	24,6,9,36,50,19,51,12,53,43,32,1,18,45,20,10,33,30,13,44,57,39,52,11,41,37,7,56,31,62,55,59,3,48,60,15,23,58,8,4,40,5,61,47,16,2,17,34,35,49,25,38,28,14,26,22,29,46,27,54,21,42
1021395943000891410441361705838859443774	cd=383	36,9,3,48,5,40,13,44,20,10,38,25,15,60,54,27,61,47,52,11,56,7,17,34,41,37,29,46,51,12,23,58,2,16,18,45,53,43,30,33,8,4,21,42,26,22,50,19,39,57,31,62,1,32,6,24,28,14,35,49,55,59
record	m=51380224	9,36,3,48,40,5,13,44,20,10,25,38,60,15,54,27,61,47,52,11,7,56,17,34,41,37,29,46,51,12,23,58,2,16,18,45,53,43,33,30,4,8,21,42,26,22,50,19,57,39,31,62,32,1,24,6,28,14,49,35,55,59
862710639023943779741492371077123135301	cd=323	48,3,29,46,9,36,28,14,7,56,34,17,1,32,26,22,15,60,41,37,55,59,18,45,35,49,43,53,21,42,12,51,33,30,6,24,27,54,39,57,20,10,62,31,8,4,25,38,23,58,52,11,5,40,16,2,61,47,44,13,19,50
record	m=29360128	3,48,29,46,9,36,28,14,7,56,17,34,32,1,26,22,60,15,41,37,55,59,18,45,35,49,43,53,21,42,51,12,33,30,24,6,54,27,57,39,20,10,31,62,4,8,25,38,23,58,52,11,40,5,2,16,61,47,13,44,19,50
248155641509202492214910988228973051240	cd=299	18,45,4,8,9,36,22,26,43,53,20,10,44,13,41,37,56,7,59,55,33,30,15,60,47,61,11,52,50,19,49,35,54,27,51,12,3,48,2,16,32,1,62,31,23,58,25,38,40,5,46,29,6,24,21,42,39,57,34,17,28,14
record	m=10321920	18,45,4,8,9,36,22,26,43,53,20,10,13,44,41,37,7,56,55,59,33,30,60,15,61,47,52,11,50,19,35,49,54,27,51,12,3,48,2,16,32,1,62,31,23,58,25,38,40,5,46,29,6,24,21,42,57,39,17,34,14,28
983684154879315430095019019555853585886	cd=331	11,52,30,33,18,45,61,47,38,25,28,14,41,37,48,3,31,62,13,44,15,60,21,42,35,49,1,32,46,29,59,55,8,4,22,26,27,54,17,34,16,2,5,40,57,39,19,50,23,58,36,9,12,51,10,20,24,6,53,43,7,56
record	m=7340032	52,11,33,30,18,45,61,47,25,38,28,14,41,37,3,48,62,31,13,44,60,15,21,42,35,49,32,1,29,46,55,59,4,8,26,22,27,54,17,34,16,2,40,5,39,57,50,19,58,23,9,36,51,12,20,10,24,6,53,43,7,56
641036869327037803942891358513868884679	cd=383	9,36,18,45,27,54,61,47,57,39,21,42,48,3,31,62,16,2,17,34,52,11,24,6,22,26,23,58,5,40,46,29,12,51,1,32,50,19,38,25,43,53,4,8,28,14,30,33,20,10,15,60,55,59,56,7,44,13,35,49,41,37
record	m=7340032	9,36,18,45,54,27,61,47,57,39,21,42,3,48,62,31,2,16,17,34,52,11,24,6,26,22,58,23,40,5,29,46,51,12,32,1,50,19,25,38,53,43,8,4,28,14,30,33,20,10,15,60,55,59,56,7,13,44,35,49,41,37
1010807565808321509397105594185514960430	cd=311	16,2,14,28,48,3,54,27,61,47,44,13,29,46,34,17,50,19,33,30,9,36,60,15,22,26,40,5,57,39,58,23,49,35,10,20,43,53,56,7,37,41,8,4,25,38,11,52,45,18,12,51,1,32,42,21,6,24,62,31,55,59
record	m=12976128	2,16,28,14,3,48,54,27,61,47,13,44,29,46,17,34,50,19,33,30,9,36,60,15,26,22,5,40,57,39,23,58,35,49,20,10,43,53,7,56,37,41,4,8,38,25,52,11,18,45,51,12,32,1,42,21,24,6,31,62,55,59
369736243779143502627159398715984895696	cd=355	18,45,9,36,50,19,61,47,32,1,16,2,62,31,44,13,57,39,22,26,48,3,49,35,28,14,23,58,12,51,15,60,37,41,25,38,55,59,43,53,4,8,33,30,6,24,17,34,40,5,10,20,52,11,46,29,56,7,27,54,42,21
record	m=5111808	18,45,9,36,50,19,61,47,32,1,2,16,31,62,13,44,57,39,22,26,3,48,35,49,14,28,23,58,51,12,60,15,41,37,25,38,55,59,43,53,4,8,33,30,24,6,17,34,40,5,10,20,52,11,29,46,7,56,54,27,21,42
895060283194755993801469172514861048226	cd=303	60,15,21,42,37,41,4,8,27,54,32,1,26,22,38,25,5,40,33,30,56,7,16,2,48,3,47,61,31,62,23,58,55,59,14,28,35,49,36,9,45,18,6,24,12,51,19,50,57,39,46,29,17,34,53,43,44,13,20,10,11,52
record	m=802816	60,15,21,42,41,37,4,8,27,54,32,1,26,22,25,38,40,5,33,30,7,56,2,16,3,48,61,47,31,62,23,58,55,59,28,14,35,49,9,36,45,18,24,6,12,51,50,19,57,39,29,46,17,34,43,53,13,44,20,10,11,52
43498377056725897959616428270473934050	cd=307	13,44,29,46,30,33,12,51,3,48,39,57,42,21,50,19,1,32,49,35,11,52,6,24,14,28,7,56,18,45,34,17,59,55,27,54,60,15,62,31,22,26,9,36,37,41,4,8,38,25,23,58,61,47,5,40,43,53,10,20,16,2
record	m=25804800	13,44,29,46,33,30,51,12,3,48,57,39,21,42,50,19,32,1,35,49,52,11,24,6,28,14,7,56,18,45,17,34,55,59,54,27,60,15,31,62,26,22,36,9,41,37,4,8,25,38,23,58,61,47,40,5,43,53,10,20,2,16
580728803908302398678033811412299176355	cd=363	26,22,39,57,59,55,36,9,28,14,2,16,12,51,38,25,41,37,11,52,60,15,6,24,61,47,35,49,3,48,54,27,43,53,30,33,8,4,56,7,34,17,45,18,40,5,10,20,19,50,42,21,13,44,29,46,23,58,31,62,1,32
record	m=3075072	26,22,39,57,55,59,9,36,28,14,2,16,51,12,25,38,41,37,52,11,15,60,24,6,47,61,35,49,3,48,54,27,53,43,33,30,4,8,7,56,17,34,18,45,40,5,20,10,50,19,42,21,44,13,29,46,23,58,31,62,1,32
893388108621075791338756221698277542696	cd=343	33,30,38,25,10,20,17,34,53,43,2,16,51,12,27,54,28,14,36,9,60,15,3,48,50,19,58,23,40,5,37,41,1,32,26,22,47,61,55,59,62,31,4,8,45,18,49,35,6,24,21,42,57,39,46,29,44,13,56,7,11,52
record	m=27525120	33,30,25,38,20,10,17,34,53,43,2,16,51,12,54,27,28,14,9,36,60,15,3,48,50,19,23,58,5,40,37,41,32,1,26,22,61,47,55,59,31,62,4,8,18,45,35,49,24,6,21,42,57,39,29,46,13,44,56,7,11,52
661951105542902786155693189503445558826	cd=367	53,43,8,4,3,48,17,34,1,32,44,13,15,60,28,14,49,35,56,7,10,20,33,30,29,46,52,11,19,50,23,58,39,57,45,18,40,5,55,59,47,61,27,54,31,62,36,9,6,24,41,37,16,2,26,22,12,51,42,21,25,38
record	m=6553600	53,43,8,4,3,48,17,34,32,1,13,44,60,15,28,14,49,35,7,56,20,10,33,30,29,46,52,11,50,19,58,23,57,39,18,45,40,5,55,59,61,47,54,27,62,31,9,36,24,6,37,41,2,16,26,22,51,12,21,42,38,25
56621737615663527601901441574015243586	cd=287	35,49,3,48,15,60,20,10,41,37,12,51,22,26,21,42,55,59,34,17,4,8,28,14,29,46,62,31,11,52,54,27,1,32,43,53,25,38,47,61,56,7,19,50,24,6,40,5,57,39,23,58,36,9,45,18,33,30,13,44,16,2
record	m=9732096	35,49,3,48,15,60,20,10,41,37,51,12,26,22,21,42,55,59,17,34,4,8,28,14,29,46,62,31,52,11,27,54,32,1,53,43,25,38,61,47,7,56,50,19,24,6,40,5,57,39,23,58,9,36,45,18,30,33,13,44,2,16
644761674364317975997427417215825668795	cd=331	57,39,18,45,44,13,1,32,6,24,52,11,2,16,47,61,12,51,58,23,50,19,59,55,62,31,20,10,35,49,28,14,46,29,54,27,5,40,38,25,3,48,53,43,30,33,15,60,42,21,4,8,17,34,26,22,36,9,7,56,41,37
record	m=11010048	57,39,18,45,13,44,32,1,24,6,52,11,2,16,61,47,51,12,23,58,50,19,55,59,31,62,20,10,35,49,14,28,46,29,54,27,40,5,25,38,3,48,53,43,33,30,60,15,21,42,4,8,17,34,26,22,36,9,7,56,41,37
624586241228274569202266234296319263059	cd=383	21,42,6,24,52,11,40,5,12,51,61,47,9,36,60,15,18,45,3,48,58,23,16,2,25,38,53,43,20,10,29,46,8,4,50,19,35,49,1,32,62,31,54,27,13,44,57,39,55,59,56,7,26,22,14,28,30,33,34,17,41,37
record	m=25690112	21,42,24,6,52,11,40,5,51,12,61,47,9,36,60,15,18,45,3,48,23,58,2,16,25,38,53,43,20,10,29,46,4,8,50,19,35,49,32,1,31,62,54,27,13,44,57,39,59,55,7,56,26,22,28,14,30,33,17,34,41,37
980076564127712563156793060833288028264	cd=387	52,11,1,32,3,48,34,17,33,30,51,12,29,46,45,18,31,62,35,49,27,54,19,50,14,28,2,16,38,25,55,59,10,20,40,5,61,47,58,23,13,44,37,41,43,53,22,26,42,21,57,39,24,6,15,60,4,8,9,36,7,56
record	m=11698176	52,11,32,1,3,48,17,34,33,30,51,12,29,46,18,45,31,62,35,49,54,27,50,19,28,14,2,16,25,38,55,59,10,20,40,5,61,47,23,58,44,13,41,37,53,43,26,22,21,42,57,39,24,6,60,15,4,8,36,9,7,56
204592956438880009133500024537349877203	cd=367	34,17,6,24,14,28,53,43,50,19,35,49,57,39,9,36,13,44,54,27,46,29,37,41,22,26,3,48,56,7,32,1,4,8,2,16,12,51,38,25,23,58,60,15,5,40,18,45,10,20,61,47,33,30,42,21,59,55,31,62,52,11
record	m=3145728	17,34,24,6,28,14,43,53,50,19,35,49,57,39,9,36,13,44,54,27,29,46,41,37,26,22,3,48,56,7,32,1,4,8,2,16,51,12,25,38,23,58,60,15,40,5,18,45,20,10,47,61,33,30,21,42,55,59,31,62,52,11
70229714496159703867313822625409569464	cd=319	37,41,48,3,54,27,22,26,15,60,33,30,56,7,9,36,28,14,38,25,58,23,45,18,39,57,13,44,47,61,50,19,16,2,1,32,46,29,40,5,31,62,12,51,59,55,49,35,11,52,21,42,10,20,43,53,34,17,24,6,8,4
record	m=3211264	41,37,3,48,54,27,22,26,60,15,33,30,7,56,9,36,28,14,25,38,23,58,18,45,57,39,13,44,61,47,50,19,2,16,32,1,29,46,40,5,31,62,12,51,55,59,35,49,11,52,42,21,20,10,53,43,17,34,24,6,8,4
860215234593847569068514851549023349265	cd=383	6,24,30,33,17,34,29,46,23,58,25,38,45,18,7,56,57,39,14,28,20,10,47,61,22,26,35,49,27,54,53,43,40,5,11,52,44,13,4,8,3,48,2,16,55,59,21,42,62,31,41,37,12,51,15,60,32,1,36,9,19,50
record	m=2064384	24,6,33,30,17,34,29,46,23,58,25,38,18,45,7,56,57,39,14,28,20,10,47,61,26,22,35,49,54,27,43,53,5,40,52,11,13,44,4,8,3,48,2,16,55,59,42,21,31,62,41,37,51,12,60,15,1,32,9,36,50,19
875581002246096838256680611329416153183	cd=347	18,45,11,52,6,24,13,44,29,46,53,43,27,54,58,23,61,47,9,36,10,20,2,16,17,34,39,57,3,48,25,38,37,41,42,21,56,7,5,40,26,22,60,15,55,59,4,8,30,33,12,51,1,32,28,14,31,62,49,35,19,50
record	m=24772608	18,45,52,11,24,6,13,44,29,46,53,43,54,27,23,58,61,47,9,36,20,10,2,16,34,17,57,39,3,48,25,38,41,37,21,42,7,56,40,5,22,26,60,15,55,59,4,8,33,30,51,12,32,1,28,14,31,62,35,49,50,19
393428800504818486580761583048197297253	cd=383	19,50,31,62,35,49,28,14,6,24,57,39,61,47,10,20,52,11,44,13,1,32,53,43,29,46,37,41,8,4,3,48,18,45,60,15,42,21,16,2,58,23,12,51,56,7,9,36,27,54,30,33,55,59,25,38,5,40,17,34,26,22
record	m=19070976	50,19,31,62,35,49,28,14,24,6,57,39,47,61,20,10,11,52,13,44,32,1,53,43,29,46,41,37,4,8,3,48,18,45,60,15,21,42,2,16,23,58,51,12,7,56,9,36,54,27,33,30,55,59,38,25,40,5,34,17,26,22
125634983803863253487741530064224432151	cd=387	42,21,54,27,3,48,8,4,49,35,1,32,50,19,14,28,25,38,31,62,53,43,13,44,10,20,16,2,5,40,30,33,12,51,9,36,15,60,24,6,46,29,17,34,59,55,47,61,57,39,22,26,37,41,58,23,52,11,18,45,56,7
record	m=15597568	21,42,54,27,3,48,4,8,35,49,32,1,50,19,28,14,25,38,31,62,53,43,13,44,20,10,2,16,40,5,33,30,51,12,9,36,60,15,24,6,46,29,17,34,55,59,61,47,39,57,26,22,41,37,23,58,52,11,18,45,7,56
441595862636196997536324628712834437910	cd=303	39,57,46,29,45,18,30,33,12,51,52,11,56,7,34,17,24,6,3,48,55,59,1,32,2,16,54,27,8,4,26,22,36,9,42,21,60,15,13,44,10,20,62,31,19,50,53,43,35,49,61,47,41,37,28,14,5,40,23,58,38,25
record	m=13762560	57,39,29,46,18,45,33,30,51,12,52,11,7,56,17,34,24,6,3,48,55,59,32,1,2,16,54,27,8,4,22,26,9,36,21,42,60,15,13,44,20,10,31,62,50,19,53,43,35,49,61,47,41,37,28,14,40,5,58,23,25,38
893690038297761459691541797361876328766	cd=383	41,37,13,44,28,14,55,59,33,30,21,42,39,57,19,50,49,35,26,22,10,20,9,36,61,47,23,58,40,5,31,62,4,8,43,53,1,32,60,15,51,12,6,24,54,27,18,45,29,46,17,34,2,16,48,3,25,38,56,7,11,52
record	m=12582912	41,37,13,44,28,14,55,59,33,30,21,42,57,39,50,19,35,49,26,22,20,10,9,36,61,47,23,58,40,5,31,62,4,8,43,53,32,1,15,60,51,12,24,6,54,27,45,18,29,46,17,34,2,16,3,48,25,38,7,56,11,52
633368512864516558407131729823326442582	cd=379	12,51,19,50,13,44,26,22,35,49,18,45,25,38,2,16,42,21,15,60,48,3,32,1,57,39,6,24,43,53,61,47,58,23,33,30,11,52,59,55,20,10,31,62,56,7,4,8,36,9,14,28,54,27,5,40,46,29,17,34,41,37
record	m=9633792	12,51,50,19,13,44,26,22,35,49,18,45,25,38,2,16,21,42,60,15,3,48,32,1,57,39,24,6,53,43,61,47,23,58,33,30,52,11,55,59,10,20,31,62,56,7,4,8,36,9,28,14,54,27,40,5,29,46,34,17,41,37
109394592107588014498796953442768226568	cd=363	11,52,4,8,5,40,10,20,43,53,50,19,47,61,15,60,59,55,58,23,27,54,34,17,16,2,25,38,35,49,21,42,57,39,36,9,6,24,32,1,14,28,13,44,31,62,12,51,46,29,22,26,3,48,41,37,33,30,45,18,56,7
record	m=30277632	52,11,4,8,40,5,20,10,53,43,50,19,61,47,60,15,55,59,23,58,54,27,17,34,16,2,25,38,35,49,21,42,57,39,9,36,24,6,32,1,28,14,13,44,31,62,51,12,29,46,26,22,3,48,41,37,33,30,18,45,7,56
953379346013250036533709974129575180629	cd=331	43,53,10,20,27,54,36,9,40,5,52,11,29,46,22,26,61,47,42,21,6,24,49,35,23,58,45,18,17,34,30,33,41,37,56,7,14,28,48,3,31,62,16,2,50,19,57,39,32,1,4,8,13,44,15,60,25,38,12,51,59,55
record	m=6291456	53,43,20,10,54,27,9,36,40,5,52,11,29,46,26,22,61,47,21,42,24,6,35,49,23,58,18,45,17,34,30,33,41,37,7,56,28,14,3,48,62,31,2,16,50,19,57,39,32,1,4,8,13,44,15,60,25,38,12,51,55,59
1063625993833833016036906713194174011772	cd=275	7,56,50,19,44,13,25,38,45,18,43,53,51,12,3,48,26,22,10,20,8,4,42,21,55,59,60,15,27,54,52,11,24,6,14,28,57,39,41,37,61,47,40,5,34,17,30,33,46,29,9,36,49,35,32,1,23,58,16,2,31,62
record	m=7340032	7,56,50,19,44,13,25,38,18,45,53,43,51,12,3,48,26,22,20,10,4,8,21,42,55,59,60,15,54,27,11,52,24,6,28,14,39,57,37,41,61,47,40,5,17,34,30,33,29,46,36,9,35,49,32,1,23,58,2,16,31,62
320889803759272457808821681968139657275	cd=331	10,20,45,18,53,43,51,12,5,40,49,35,52,11,21,42,28,14,60,15,37,41,34,17,23,58,16,2,38,25,33,30,44,13,39,57,61,47,46,29,56,7,31,62,22,26,1,32,3,48,59,55,8,4,24,6,9,36,54,27,50,19
record	m=48168960	20,10,18,45,53,43,51,12,40,5,35,49,52,11,21,42,28,14,60,15,41,37,17,34,23,58,2,16,25,38,33,30,13,44,57,39,61,47,29,46,7,56,31,62,26,22,32,1,3,48,55,59,8,4,24,6,9,36,27,54,50,19
818179312701606619569256833941258435222	cd=383	29,46,59,55,6,24,9,36,27,54,14,28,19,50,34,17,31,62,39,57,52,11,51,12,22,26,25,38,37,41,35,49,8,4,18,45,21,42,58,23,3,48,33,30,20,10,60,15,44,13,32,1,43,53,40,5,2,16,7,56,61,47
record	m=10616832	29,46,55,59,24,6,9,36,27,54,28,14,50,19,17,34,62,31,57,39,52,11,51,12,26,22,25,38,41,37,35,49,4,8,18,45,21,42,58,23,3,48,33,30,20,10,60,15,44,13,1,32,53,43,40,5,2,16,56,7,47,61
202581858524492186219262852580020084139	cd=375	3,48,30,33,51,12,4,8,13,44,61,47,9,36,27,54,21,42,15,60,38,25,50,19,39,57,34,17,45,18,28,14,2,16,22,26,1,32,24,6,31,62,41,37,29,46,40,5,49,35,53,43,56,7,23,58,10,20,55,59,52,11
record	m=18350080	3,48,33,30,51,12,4,8,13,44,61,47,9,36,27,54,21,42,60,15,25,38,50,19,57,39,17,34,18,45,28,14,2,16,26,22,32,1,24,6,31,62,41,37,29,46,5,40,35,49,43,53,7,56,58,23,10,20,55,59,52,11
673047885928266642206304821551324263867	cd=351	49,35,2,16,40,5,33,30,47,61,20,10,17,34,60,15,23,58,8,4,29,46,12,51,3,48,43,53,56,7,59,55,22,26,54,27,31,62,1,32,18,45,52,11,19,50,6,24,41,37,39,57,36,9,14,28,21,42,13,44,25,38
record	m=8718336	35,49,2,16,40,5,33,30,61,47,10,20,17,34,60,15,23,58,8,4,29,46,51,12,3,48,53,43,7,56,55,59,26,22,54,27,31,62,1,32,18,45,52,11,50,19,24,6,37,41,39,57,9,36,28,14,21,42,44,13,25,38
691503377661182905445898664789380799904	cd=291	50,19,33,30,6,24,34,17,10,20,13,44,29,46,7,56,52,11,27,54,48,3,57,39,1,32,18,45,9,36,35,49,53,43,15,60,25,38,31,62,16,2,4,8,59,55,47,61,23,58,5,40,26,22,51,12,42,21,28,14,37,41
record	m=30277632	50,19,33,30,24,6,17,34,20,10,13,44,29,46,7,56,52,11,27,54,3,48,57,39,32,1,18,45,9,36,35,49,53,43,60,15,25,38,31,62,2,16,4,8,55,59,61,47,23,58,40,5,22,26,51,12,21,42,14,28,41,37
588352693242710347443221191973839646203	cd=339	54,27,11,52,33,30,17,34,37,41,19,50,31,62,61,47,9,36,13,44,32,1,59,55,5,40,2,16,23,58,25,38,42,21,12,51,43,53,7,56,4,8,29,46,22,26,6,24,10,20,48,3,18,45,39,57,15,60,28,14,49,35
record	m=19267584	54,27,11,52,33,30,17,34,41,37,50,19,31,62,61,47,9,36,13,44,32,1,55,59,40,5,2,16,23,58,25,38,21,42,51,12,53,43,7,56,4,8,29,46,26,22,24,6,20,10,3,48,18,45,57,39,15,60,28,14,49,35
926578845726246685412064916172229779891	cd=387	3,48,38,25,18,45,36,9,57,39,54,27,43,53,28,14,35,49,51,12,1,32,47,61,24,6,11,52,30,33,21,42,56,7,5,40,17,34,37,41,15,60,29,46,31,62,2,16,58,23,10,20,13,44,22,26,50,19,8,4,59,55
record	m=5505024	3,48,25,38,18,45,9,36,57,39,54,27,53,43,14,28,35,49,51,12,32,1,61,47,6,24,52,11,33,30,21,42,56,7,5,40,34,17,41,37,60,15,29,46,31,62,2,16,23,58,10,20,13,44,26,22,50,19,4,8,59,55
378723844331366899913653750695099708661	cd=363	3,48,36,9,6,24,21,42,33,30,58,23,59,55,54,27,40,5,45,18,28,14,39,57,52,11,16,2,49,35,46,29,34,17,13,44,15,60,20,10,47,61,1,32,12,51,50,19,53,43,31,62,37,41,25,38,4,8,56,7,26,22
record	m=2027520	3,48,9,36,24,6,21,42,33,30,23,58,55,59,54,27,40,5,18,45,28,14,39,57,52,11,2,16,35,49,29,46,17,34,44,13,15,60,20,10,47,61,32,1,12,51,50,19,53,43,31,62,41,37,38,25,8,4,7,56,26,22
1034257704448453973754816294144290791516	cd=347	57,39,60,15,21,42,13,44,4,8,14,28,49,35,27,54,24,6,48,3,7,56,46,29,9,36,5,40,11,52,50,19,1,32,18,45,23,58,55,59,34,17,2,16,26,22,31,62,12,51,25,38,30,33,37,41,53,43,20,10,47,61
record	m=2752512	57,39,60,15,21,42,13,44,4,8,28,14,35,49,54,27,24,6,3,48,56,7,29,46,9,36,40,5,52,11,50,19,32,1,45,18,23,58,55,59,17,34,16,2,26,22,31,62,51,12,25,38,30,33,41,37,43,53,10,20,61,47
304144547883288172599978481003494257636	cd=387	36,9,5,40,39,57,58,23,29,46,17,34,52,11,41,37,38,25,49,35,27,54,26,22,48,3,14,28,42,21,20,10,4,8,33,30,44,13,47,61,60,15,19,50,7,56,51,12,18,45,32,1,31,62,43,53,24,6,55,59,2,16
record	m=6193152	9,36,40,5,57,39,23,58,29,46,17,34,52,11,41,37,25,38,35,49,54,27,26,22,3,48,28,14,21,42,10,20,8,4,33,30,13,44,61,47,60,15,19,50,56,7,51,12,45,18,32,1,31,62,53,43,24,6,55,59,2,16
432944313484277104098444335814635430956	cd=299	1,32,46,29,59,55,17,34,8,4,3,48,30,33,60,15,6,24,54,27,53,43,57,39,14,28,9,36,62,31,19,50,22,26,10,20,51,12,52,11,23,58,41,37,47,61,2,16,40,5,45,18,7,56,35,49,42,21,13,44,38,25
record	m=6094848	32,1,29,46,55,59,17,34,4,8,3,48,33,30,60,15,24,6,54,27,53,43,57,39,14,28,9,36,62,31,50,19,26,22,20,10,51,12,52,11,23,58,41,37,61,47,16,2,40,5,18,45,7,56,35,49,21,42,13,44,38,25
585042174191752884650778082179030733631	cd=343	22,26,9,36,54,27,58,23,24,6,11,52,57,39,53,43,44,13,21,42,37,41,50,19,5,40,28,14,38,25,7,56,32,1,45,18,16,2,12,51,33,30,3,48,46,29,31,62,34,17,61,47,10,20,60,15,55,59,4,8,49,35
record	m=1720320	26,22,36,9,54,27,23,58,24,6,52,11,57,39,53,43,13,44,21,42,41,37,50,19,5,40,28,14,25,38,7,56,32,1,45,18,2,16,51,12,30,33,3,48,29,46,62,31,17,34,47,61,20,10,60,15,55,59,8,4,35,49
149621416195903745879455706839552767250	cd=347	19,50,39,57,24,6,46,29,49,35,17,34,55,59,1,32,7,56,45,18,25,38,60,15,3,48,21,42,40,5,58,23,28,14,31,62,13,44,16,2,20,10,36,9,33,30,27,54,51,12,61,47,43,53,41,37,52,11,22,26,4,8
record	m=11010048	50,19,57,39,24,6,29,46,35,49,17,34,55,59,32,1,7,56,18,45,25,38,60,15,3,48,21,42,40,5,23,58,28,14,31,62,13,44,2,16,10,20,9,36,33,30,54,27,51,12,61,47,53,43,37,41,52,11,26,22,8,4
22821174015198568937791629989971758711	cd=315	23,58,52,11,24,6,39,57,12,51,42,21,50,19,30,33,41,37,29,46,5,40,15,60,13,44,48,3,47,61,25,38,43,53,17,34,36,9,4,8,55,59,26,22,35,49,27,54,20,10,62,31,28,14,7,56,2,16,18,45,32,1
record	m=3244032	23,58,52,11,24,6,57,39,51,12,21,42,50,19,30,33,41,37,29,46,40,5,60,15,44,13,3,48,61,47,25,38,53,43,17,34,9,36,8,4,55,59,26,22,35,49,54,27,10,20,31,62,28,14,7,56,16,2,18,45,32,1
288152540088228658520776567817086362126	cd=343	12,51,42,21,56,7,8,4,45,18,22,26,62,31,49,35,34,17,59,55,27,54,32,1,36,9,23,58,10,20,38,25,52,11,41,37,46,29,5,40,39,57,13,44,28,14,61,47,6,24,19,50,43,53,60,15,48,3,33,30,2,16
record	m=11354112	51,12,21,42,7,56,4,8,45,18,26,22,31,62,35,49,17,34,55,59,54,27,1,32,9,36,23,58,20,10,25,38,52,11,41,37,29,46,40,5,57,39,13,44,28,14,47,61,24,6,50,19,53,43,15,60,3,48,33,30,2,16
362235266172708048675019807359329625719	cd=335	29,46,15,60,36,9,59,55,20,10,33,30,54,27,26,22,53,43,32,1,48,3,37,41,28,14,8,4,34,17,7,56,25,38,51,12,18,45,5,40,23,58,44,13,35,49,31,62,47,61,24,6,2,16,19,50,11,52,57,39,42,21
record	m=3932160	29,46,60,15,9,36,55,59,10,20,33,30,54,27,26,22,53,43,32,1,3,48,41,37,28,14,4,8,17,34,7,56,25,38,51,12,18,45,40,5,58,23,13,44,35,49,31,62,61,47,6,24,2,16,50,19,52,11,57,39,21,42
782719348843955717810257110849369444281	cd=351	43,53,61,47,42,21,30,33,25,38,20,10,27,54,60,15,2,16,57,39,7,56,17,34,29,46,24,6,26,22,31,62,18,45,58,23,1,32,3,48,8,4,28,14,52,11,37,41,12,51,40,5,9,36,49,35,50,19,59,55,13,44
record	m=5505024	53,43,61,47,21,42,33,30,25,38,20,10,54,27,60,15,2,16,57,39,7,56,17,34,29,46,24,6,26,22,31,62,18,45,23,58,32,1,3,48,4,8,28,14,11,52,37,41,51,12,40,5,9,36,35,49,50,19,55,59,13,44
625297904598260650055074732657440224413	cd=335	18,45,8,4,55,59,40,5,51,12,16,2,58,23,35,49,27,54,3,48,9,36,61,47,39,57,15,60,44,13,52,11,31,62,14,28,26,22,7,56,46,29,34,17,53,43,38,25,33,30,10,20,1,32,6,24,21,42,50,19,41,37
record	m=30277632	18,45,4,8,55,59,40,5,51,12,2,16,23,58,35,49,54,27,3,48,9,36,61,47,39,57,60,15,13,44,52,11,31,62,28,14,26,22,56,7,29,46,34,17,43,53,25,38,30,33,20,10,32,1,24,6,21,42,19,50,41,37
312639434488024305222607074956885820886	cd=379	10,20,31,62,57,39,53,43,8,4,21,42,51,12,29,46,59,55,1,32,45,18,40,5,27,54,15,60,34,17,11,52,37,41,56,7,3,48,35,49,25,38,23,58,28,14,61,47,9,36,30,33,2,16,26,22,6,24,44,13,50,19
record	m=33030144	20,10,31,62,57,39,53,43,8,4,21,42,51,12,29,46,55,59,32,1,18,45,40,5,54,27,60,15,17,34,52,11,41,37,7,56,48,3,35,49,38,25,23,58,28,14,61,47,9,36,30,33,2,16,26,22,24,6,13,44,19,50
27469886421383949292929004536064404653	cd=327	12,51,18,45,28,14,49,35,34,17,5,40,42,21,54,27,30,33,44,13,46,29,43,53,47,61,59,55,3,48,58,23,4,8,60,15,24,6,9,36,2,16,38,25,19,50,39,57,26,22,10,20,7,56,37,41,31,62,11,52,32,1
record	m=7028736	51,12,18,45,28,14,49,35,17,34,40,5,21,42,54,27,33,30,13,44,29,46,53,43,61,47,55,59,3,48,23,58,8,4,60,15,24,6,36,9,2,16,25,38,50,19,57,39,22,26,10,20,7,56,41,37,31,62,52,11,1,32
651331722167255806557029514097582318709	cd=339	11,52,23,58,6,24,2,16,51,12,47,61,53,43,54,27,48,3,15,60,33,30,42,21,29,46,17,34,39,57,35,49,19,50,20,10,13,44,32,1,40,5,9,36,7,56,18,45,62,31,26,22,14,28,55,59,37,41,8,4,25,38
record	m=22020096	52,11,23,58,24,6,2,16,51,12,61,47,53,43,54,27,3,48,60,15,33,30,21,42,46,29,34,17,57,39,49,35,50,19,20,10,13,44,1,32,5,40,9,36,7,56,18,45,31,62,26,22,28,14,55,59,37,41,4,8,38,25
416206993969009733011488039733272247848	cd=347	41,37,55,59,35,49,18,45,30,33,57,39,21,42,31,62,24,6,14,28,4,8,13,44,9,36,23,58,32,1,56,7,27,54,60,15,3,48,52,11,22,26,19,50,53,43,61,47,34,17,46,29,40,5,2,16,10,20,51,12,38,25
record	m=5505024	41,37,55,59,35,49,18,45,33,30,57,39,21,42,31,62,24,6,28,14,4,8,13,44,9,36,23,58,32,1,7,56,54,27,60,15,3,48,52,11,22,26,50,19,53,43,61,47,34,17,46,29,40,5,2,16,20,10,51,12,25,38
405557419904994123591196993379810918605	cd=287	53,43,15,60,20,10,51,12,21,42,30,33,50,19,8,4,45,18,59,55,27,54,36,9,35,49,23,58,3,48,24,6,11,52,2,16,47,61,28,14,39,57,17,34,32,1,44,13,46,29,31,62,40,5,41,37,38,25,7,56,26,22
record	m=13178880	53,43,60,15,20,10,51,12,21,42,33,30,50,19,4,8,18,45,55,59,54,27,9,36,35,49,23,58,3,48,24,6,52,11,2,16,47,61,28,14,39,57,17,34,32,1,13,44,29,46,31,62,40,5,37,41,25,38,7,56,22,26
425726733002474716246312803312244730732	cd=387	16,2,36,9,12,51,54,27,14,28,57,39,45,18,42,21,53,43,13,44,24,6,10,20,40,5,48,3,60,15,58,23,61,47,7,56,34,17,26,22,1,32,59,55,49,35,11,52,19,50,33,30,8,4,37,41,46,29,62,31,38,25
record	m=27525120	2,16,9,36,51,12,54,27,28,14,39,57,18,45,21,42,43,53,13,44,24,6,20,10,40,5,3,48,15,60,23,58,61,47,7,56,17,34,26,22,32,1,55,59,35,49,52,11,50,19,33,30,4,8,41,37,29,46,31,62,38,25
401275121697805909187698866892110040324	cd=335	15,60,62,31,16,2,30,33,36,9,47,61,55,59,19,50,1,32,44,13,25,38,20,10,54,27,28,14,4,8,29,46,43,53,34,17,35,49,39,57,56,7,41,37,6,24,21,42,51,12,52,11,45,18,23,58,5,40,3,48,26,22
record	m=24772608	60,15,31,62,2,16,33,30,9,36,61,47,55,59,50,19,32,1,13,44,25,38,20,10,54,27,28,14,4,8,29,46,53,43,34,17,35,49,39,57,56,7,37,41,24,6,21,42,51,12,52,11,45,18,23,58,5,40,48,3,26,22
149337714871958532266143928304400288160	cd=383	51,12,10,20,1,32,43,53,33,30,44,13,27,54,29,46,17,34,19,50,56,7,23,58,61,47,52,11,35,49,18,45,57,39,9,36,3,48,37,41,31,62,24,6,14,28,16,2,40,5,55,59,26,22,60,15,21,42,38,25,4,8
record	m=12976128	51,12,20,10,32,1,53,43,33,30,13,44,54,27,29,46,17,34,50,19,7,56,58,23,61,47,52,11,35,49,18,45,57,39,9,36,3,48,41,37,31,62,24,6,28,14,2,16,40,5,55,59,26,22,60,15,21,42,25,38,8,4
126004582437319531033851768949848362237	cd=343	43,53,34,17,46,29,60,15,11,52,59,55,48,3,42,21,12,51,26,22,4,8,33,30,24,6,2,16,57,39,31,62,35,49,19,50,40,5,32,1,47,61,28,14,13,44,9,36,23,58,10,20,54,27,41,37,25,38,18,45,56,7
record	m=5505024	53,43,17,34,29,46,60,15,11,52,55,59,3,48,21,42,51,12,26,22,4,8,33,30,24,6,2,16,57,39,31,62,35,49,50,19,5,40,1,32,61,47,28,14,13,44,9,36,23,58,20,10,27,54,37,41,25,38,18,45,7,56
451741529425401159707946020331369139482	cd=307	57,39,24,6,1,32,17,34,52,11,31,62,16,2,48,3,5,40,12,51,42,21,27,54,58,23,18,45,25,38,56,7,61,47,46,29,15,60,33,30,59,55,49,35,36,9,37,41,53,43,14,28,8,4,20,10,19,50,44,13,22,26
record	m=34406400	57,39,24,6,32,1,17,34,52,11,31,62,2,16,3,48,40,5,51,12,21,42,54,27,23,58,18,45,25,38,7,56,47,61,29,46,60,15,33,30,55,59,35,49,9,36,41,37,43,53,28,14,4,8,20,10,50,19,13,44,26,22
505701810403556139168261595570492106342	cd=351	20,10,25,38,31,62,57,39,34,17,26,22,8,4,29,46,43,53,30,33,16,2,55,59,51,12,41,37,47,61,40,5,24,6,45,18,50,19,42,21,52,11,23,58,60,15,44,13,27,54,7,56,36,9,3,48,1,32,35,49,14,28
record	m=8257536	20,10,25,38,31,62,57,39,17,34,26,22,4,8,29,46,53,43,33,30,2,16,55,59,51,12,41,37,61,47,40,5,24,6,45,18,50,19,21,42,52,11,23,58,60,15,44,13,27,54,7,56,9,36,48,3,32,1,35,49,14,28
528215269999096216581023585617417853678	cd=383	11,52,44,13,50,19,10,20,57,39,2,16,24,6,8,4,15,60,32,1,55,59,33,30,25,38,56,7,22,26,61,47,29,46,53,43,45,18,54,27,48,3,17,34,41,37,35,49,58,23,21,42,12,51,9,36,5,40,14,28,62,31
record	m=11796480	52,11,13,44,19,50,20,10,57,39,2,16,24,6,8,4,60,15,1,32,55,59,33,30,25,38,7,56,26,22,61,47,29,46,53,43,18,45,54,27,3,48,17,34,41,37,35,49,23,58,42,21,12,51,9,36,40,5,28,14,31,62
114931288700296588207574968451489600670	cd=367	36,9,46,29,15,60,3,48,12,51,37,41,58,23,17,34,30,33,52,11,27,54,16,2,31,62,47,61,4,8,21,42,6,24,22,26,43,53,45,18,32,1,57,39,19,50,40,5,44,13,49,35,38,25,59,55,20,10,14,28,56,7
record	m=3096576	9,36,29,46,60,15,48,3,51,12,41,37,23,58,17,34,33,30,52,11,27,54,2,16,31,62,61,47,4,8,21,42,24,6,26,22,53,43,18,45,32,1,57,39,50,19,5,40,13,44,35,49,25,38,55,59,10,20,28,14,7,56
624950341110895110916042013296140553816	cd=383	60,15,21,42,34,17,43,53,4,8,46,29,9,36,51,12,27,54,30,33,32,1,38,25,31,62,45,18,5,40,28,14,49,35,6,24,57,39,52,11,58,23,47,61,55,59,48,3,13,44,56,7,20,10,22,26,16,2,50,19,41,37
record	m=3670016	60,15,21,42,34,17,53,43,8,4,29,46,9,36,51,12,54,27,30,33,32,1,25,38,31,62,18,45,40,5,28,14,35,49,24,6,57,39,52,11,23,58,61,47,55,59,3,48,44,13,7,56,20,10,22,26,2,16,50,19,41,37
353231218635615703916375073598642176481	cd=383	27,54,56,7,2,16,51,12,26,22,8,4,37,41,61,47,40,5,45,18,49,35,53,43,44,13,33,30,28,14,23,58,59,55,1,32,17,34,36,9,24,6,46,29,3,48,15,60,10,20,62,31,19,50,39,57,52,11,38,25,42,21
record	m=32440320	54,27,7,56,2,16,51,12,26,22,4,8,41,37,61,47,40,5,18,45,35,49,53,43,13,44,33,30,28,14,23,58,55,59,32,1,34,17,9,36,24,6,29,46,3,48,15,60,20,10,31,62,50,19,57,39,52,11,25,38,42,21
848814507510637811967021648708061282217	cd=275	13,44,26,22,41,37,19,50,8,4,2,16,24,6,17,34,58,23,3,48,60,15,59,55,57,39,5,40,46,29,33,30,25,38,18,45,1,32,20,10,31,62,43,53,7,56,27,54,28,14,42,21,11,52,47,61,9,36,12,51,35,49
record	m=55050240	13,44,26,22,41,37,50,19,4,8,2,16,24,6,17,34,23,58,3,48,60,15,55,59,39,57,40,5,29,46,33,30,25,38,18,45,32,1,20,10,31,62,53,43,7,56,54,27,28,14,42,21,52,11,47,61,9,36,12,51,35,49
610353388993512854736426467519496946814	cd=295	41,37,33,30,12,51,26,22,25,38,43,53,7,56,10,20,23,58,19,50,31,62,60,15,5,40,36,9,44,13,52,11,57,39,27,54,14,28,8,4,32,1,24,6,48,3,29,46,45,18,42,21,2,16,47,61,17,34,59,55,49,35
record	m=20643840	41,37,33,30,51,12,26,22,25,38,53,43,7,56,20,10,23,58,50,19,31,62,15,60,40,5,9,36,13,44,52,11,57,39,54,27,28,14,4,8,32,1,24,6,48,3,29,46,18,45,21,42,16,2,61,47,34,17,55,59,35,49
779182782092498570905799530092534594321	cd=335	43,53,33,30,42,21,12,51,36,9,10,20,38,25,57,39,15,60,8,4,29,46,37,41,22,26,52,11,17,34,48,3,27,54,49,35,14,28,23,58,45,18,16,2,40,5,55,59,50,19,32,1,24,6,31,62,7,56,61,47,13,44
record	m=33030144	53,43,33,30,21,42,51,12,9,36,20,10,25,38,39,57,60,15,4,8,29,46,41,37,26,22,52,11,17,34,3,48,27,54,35,49,28,14,23,58,45,18,2,16,40,5,55,59,50,19,32,1,24,6,31,62,7,56,47,61,13,44
1013371307425763017441767775965514273748	cd=331	34,17,40,5,3,48,21,42,27,54,9,36,50,19,8,4,39,57,46,29,58,23,6,24,60,15,22,26,13,44,56,7,51,12,11,52,37,41,31,62,25,38,33,30,2,16,32,1,43,53,47,61,45,18,28,14,10,20,49,35,55,59
record	m=8257536	17,34,40,5,3,48,21,42,54,27,36,9,19,50,4,8,57,39,29,46,23,58,24,6,60,15,26,22,13,44,7,56,51,12,52,11,41,37,31,62,38,25,33,30,2,16,32,1,53,43,61,47,45,18,28,14,10,20,49,35,55,59
654921584661905743469407378897863591494	cd=283	53,43,51,12,20,10,14,28,37,41,50,19,1,32,49,35,45,18,59,55,31,62,56,7,34,17,46,29,26,22,44,13,30,33,39,57,8,4,40,5,27,54,2,16,48,3,47,61,9,36,42,21,24,6,60,15,58,23,52,11,25,38
record	m=12582912	53,43,51,12,20,10,28,14,41,37,50,19,32,1,35,49,18,45,55,59,31,62,7,56,17,34,29,46,26,22,13,44,30,33,57,39,4,8,40,5,54,27,2,16,48,3,47,61,9,36,21,42,24,6,15,60,58,23,52,11,25,38
1017180209932432104738264051184763795277	cd=383	2,16,38,25,5,40,9,36,8,4,3,48,54,27,60,15,51,12,13,44,52,11,18,45,33,30,50,19,34,17,46,29,57,39,23,58,47,61,35,49,31,62,22,26,6,24,42,21,37,41,14,28,7,56,20,10,32,1,53,43,55,59
record	m=6881280	2,16,25,38,40,5,9,36,8,4,3,48,54,27,60,15,51,12,13,44,52,11,18,45,33,30,50,19,34,17,46,29,57,39,23,58,61,47,49,35,31,62,26,22,24,6,21,42,37,41,28,14,56,7,20,10,32,1,53,43,55,59
582789945019190712238780095717024116859	cd=343	13,44,28,14,38,25,10,20,43,53,22,26,42,21,30,33,37,41,17,34,62,31,61,47,6,24,50,19,32,1,29,46,39,57,5,40,16,2,58,23,15,60,56,7,59,55,36,9,51,12,3,48,54,27,45,18,52,11,8,4,49,35
record	m=1720320	13,44,28,14,25,38,20,10,53,43,26,22,21,42,30,33,41,37,17,34,62,31,61,47,6,24,50,19,32,1,29,46,57,39,40,5,2,16,23,58,60,15,7,56,55,59,9,36,12,51,3,48,54,27,18,45,52,11,4,8,35,49
433107777518011278312961046033456088914	cd=287	8,4,52,11,15,60,26,22,55,59,48,3,10,20,43,53,18,45,28,14,29,46,7,56,16,2,37,41,17,34,39,57,35,49,58,23,12,51,54,27,33,30,40,5,61,47,31,62,19,50,1,32,24,6,21,42,9,36,13,44,38,25
record	m=13762560	4,8,52,11,15,60,26,22,55,59,3,48,20,10,53,43,18,45,28,14,29,46,7,56,2,16,41,37,17,34,57,39,49,35,23,58,51,12,54,27,30,33,40,5,61,47,31,62,50,19,32,1,24,6,21,42,9,36,13,44,38,25
1046671060392979967683128900583936884723	cd=387	45,18,52,11,3,48,60,15,25,38,42,21,36,9,26,22,39,57,29,46,27,54,14,28,23,58,24,6,10,20,4,8,44,13,56,7,51,12,34,17,41,37,50,19,5,40,2,16,35,49,32,1,62,31,55,59,53,43,30,33,47,61
record	m=6881280	18,45,52,11,3,48,60,15,25,38,21,42,9,36,22,26,57,39,29,46,54,27,28,14,23,58,24,6,20,10,4,8,13,44,7,56,51,12,17,34,41,37,50,19,5,40,2,16,35,49,32,1,62,31,55,59,43,53,30,33,61,47
919376465419781492980939135299228082499	cd=307	13,44,39,57,27,54,50,19,5,40,16,2,28,14,58,23,45,18,34,17,9,36,49,35,25,38,31,62,20,10,29,46,42,21,6,24,30,33,43,53,1,32,56,7,47,61,8,4,55,59,41,37,3,48,15,60,22,26,12,51,11,52
record	m=24379392	13,44,57,39,54,27,19,50,40,5,2,16,28,14,23,58,18,45,17,34,9,36,35,49,25,38,31,62,20,10,29,46,42,21,24,6,33,30,53,43,32,1,7,56,61,47,4,8,55,59,41,37,3,48,60,15,26,22,51,12,52,11
579663606783915657460761648288917853521	cd=323	44,13,19,50,30,33,2,16,56,7,17,34,43,53,4,8,45,18,3,48,5,40,26,22,23,58,20,10,60,15,47,61,51,12,27,54,21,42,41,37,9,36,35,49,25,38,59,55,14,28,46,29,57,39,6,24,52,11,31,62,1,32
record	m=12773376	13,44,50,19,33,30,2,16,7,56,17,34,53,43,8,4,18,45,3,48,40,5,22,26,23,58,20,10,60,15,61,47,12,51,54,27,21,42,41,37,36,9,35,49,25,38,55,59,28,14,46,29,57,39,6,24,52,11,31,62,1,32
671817422570270174706030616677353386428	cd=335	5,40,9,36,48,3,58,23,7,56,52,11,17,34,8,4,59,55,13,44,54,27,35,49,37,41,15,60,43,53,62,31,46,29,14,28,47,61,1,32,45,18,26,22,10,20,50,19,16,2,33,30,12,51,24,6,39,57,21,42,25,38
record	m=4128768	40,5,9,36,3,48,23,58,56,7,52,11,17,34,4,8,55,59,13,44,54,27,35,49,41,37,60,15,53,43,31,62,29,46,28,14,61,47,32,1,45,18,26,22,10,20,50,19,2,16,30,33,51,12,24,6,39,57,21,42,38,25
1030467609183287790191545932348521647698	cd=359	48,3,41,37,51,12,29,46,18,45,23,58,22,26,60,15,30,33,38,25,21,42,44,13,24,6,34,17,11,52,62,31,32,1,49,35,43,53,28,14,55,59,8,4,50,19,54,27,7,56,57,39,20,10,36,9,16,2,40,5,47,61
record	m=16515072	3,48,41,37,51,12,29,46,18,45,23,58,26,22,60,15,33,30,25,38,42,21,13,44,24,6,34,17,52,11,31,62,32,1,35,49,43,53,28,14,55,59,4,8,50,19,54,27,7,56,57,39,20,10,9,36,2,16,40,5,61,47
1095727926149811793514660466713541168935	cd=335	33,30,2,16,47,61,43,53,40,5,52,11,37,41,7,56,50,19,26,22,27,54,51,12,36,9,23,58,49,35,46,29,44,13,55,59,45,18,24,6,4,8,14,28,42,21,48,3,38,25,17,34,10,20,39,57,32,1,15,60,31,62
record	m=4014080	33,30,2,16,47,61,53,43,40,5,52,11,41,37,7,56,50,19,26,22,27,54,12,51,9,36,23,58,35,49,29,46,13,44,55,59,18,45,24,6,8,4,28,14,21,42,3,48,25,38,34,17,20,10,57,39,32,1,15,60,31,62
900782388326595482082322257621832325778	cd=383	28,14,31,62,1,32,8,4,36,9,3,48,37,41,55,59,19,50,22,26,35,49,24,6,44,13,20,10,25,38,58,23,45,18,53,43,7,56,46,29,39,57,61,47,5,40,16,2,54,27,51,12,17,34,33,30,60,15,42,21,11,52
record	m=25165824	28,14,31,62,1,32,4,8,9,36,3,48,41,37,55,59,50,19,26,22,35,49,24,6,13,44,20,10,25,38,23,58,18,45,53,43,7,56,29,46,57,39,47,61,40,5,2,16,54,27,51,12,17,34,30,33,60,15,21,42,52,11
161084541735343195838553629417744019190	cd=383	26,22,19,50,37,41,3,48,25,38,1,32,62,31,53,43,7,56,16,2,13,44,59,55,20,10,30,33,24,6,39,57,21,42,51,12,36,9,17,34,47,61,28,14,15,60,52,11,40,5,58,23,45,18,27,54,35,49,29,46,4,8
record	m=5242880	26,22,50,19,41,37,3,48,25,38,32,1,31,62,53,43,7,56,2,16,13,44,55,59,10,20,33,30,24,6,57,39,21,42,51,12,9,36,34,17,61,47,14,28,60,15,11,52,40,5,23,58,18,45,54,27,35,49,29,46,4,8
922707478220949689119498991204894217385	cd=371	30,33,27,54,44,13,10,20,50,19,15,60,3,48,17,34,42,21,7,56,12,51,43,53,25,38,18,45,40,5,61,47,8,4,49,35,46,29,9,36,32,1,28,14,41,37,23,58,57,39,31,62,24,6,26,22,2,16,55,59,11,52
record	m=2097152	33,30,54,27,13,44,20,10,50,19,15,60,3,48,17,34,42,21,7,56,51,12,53,43,25,38,18,45,40,5,61,47,4,8,35,49,29,46,9,36,32,1,28,14,41,37,23,58,57,39,31,62,24,6,26,22,2,16,55,59,11,52
570695312091332609263713496618847477688	cd=295	8,4,6,24,49,35,57,39,36,9,37,41,55,59,2,16,47,61,40,5,17,34,58,23,27,54,46,29,60,15,22,26,44,13,42,21,14,28,48,3,20,10,30,33,19,50,7,56,52,11,51,12,62,31,45,18,25,38,53,43,1,32
record	m=22708224	4,8,24,6,35,49,39,57,9,36,41,37,55,59,2,16,47,61,40,5,17,34,23,58,54,27,29,46,60,15,26,22,13,44,21,42,28,14,3,48,20,10,33,30,50,19,7,56,11,52,51,12,31,62,18,45,25,38,53,43,32,1
651812911800208241971135015569387923733	cd=367	34,17,55,59,8,4,47,61,62,31,51,12,26,22,19,50,11,52,7,56,43,53,48,3,13,44,21,42,37,41,10,20,2,16,30,33,1,32,18,45,27,54,46,29,57,39,6,24,60,15,14,28,36,9,35,49,58,23,40,5,25,38
record	m=11010048	17,34,55,59,4,8,61,47,31,62,51,12,26,22,50,19,52,11,7,56,53,43,3,48,44,13,21,42,37,41,10,20,2,16,30,33,32,1,18,45,54,27,46,29,39,57,24,6,60,15,14,28,9,36,35,49,23,58,40,5,25,38
462201634427158556766281610383076785640	cd=383	24,6,10,20,18,45,51,12,7,56,9,36,55,59,54,27,2,16,11,52,35,49,31,62,47,61,48,3,15,60,43,53,21,42,57,39,40,5,14,28,13,44,19,50,23,58,30,33,4,8,46,29,37,41,32,1,38,25,17,34,22,26
record	m=2752512	24,6,20,10,18,45,51,12,7,56,9,36,55,59,54,27,2,16,52,11,35,49,31,62,61,47,3,48,15,60,43,53,21,42,57,39,40,5,28,14,13,44,50,19,58,23,33,30,4,8,29,46,41,37,32,1,38,25,17,34,26,22
298424987797120988289793747761321902757	cd=291	58,23,21,42,27,54,35,49,40,5,45,18,51,12,25,38,32,1,24,6,31,62,10,20,57,39,53,43,14,28,26,22,13,44,59,55,8,4,33,30,29,46,9,36,7,56,60,15,19,50,3,48,34,17,41,37,11,52,61,47,2,16
record	m=5505024	23,58,42,21,54,27,35,49,40,5,18,45,51,12,25,38,32,1,24,6,31,62,20,10,57,39,53,43,14,28,26,22,13,44,55,59,4,8,33,30,29,46,36,9,7,56,60,15,19,50,3,48,17,34,41,37,52,11,47,61,16,2
784942570775031845087782752543820683603	cd=387	21,42,9,36,27,54,47,61,1,32,37,41,4,8,11,52,39,57,29,46,22,26,62,31,17,34,56,7,51,12,3,48,16,2,28,14,45,18,40,5,38,25,49,35,33,30,23,58,24,6,50,19,20,10,43,53,15,60,55,59,13,44
record	m=33030144	21,42,9,36,54,27,61,47,32,1,41,37,4,8,52,11,57,39,29,46,26,22,31,62,34,17,7,56,51,12,3,48,16,2,28,14,18,45,40,5,25,38,35,49,33,30,23,58,24,6,50,19,20,10,53,43,60,15,55,59,13,44
68072861801883112494506657214447202715	cd=359	12,51,22,26,9,36,27,54,55,59,49,35,11,52,24,6,33,30,42,21,57,39,18,45,23,58,17,34,5,40,37,41,7,56,28,14,44,13,61,47,53,43,10,20,19,50,1,32,46,29,62,31,15,60,25,38,48,3,16,2,8,4
record	m=7864320	51,12,26,22,36,9,54,27,55,59,35,49,52,11,24,6,33,30,21,42,57,39,18,45,23,58,17,34,40,5,41,37,7,56,14,28,13,44,61,47,53,43,10,20,50,19,32,1,29,46,31,62,60,15,25,38,3,48,16,2,4,8
51302449491112899294350154364483085553	cd=355	45,18,52,11,40,5,23,58,55,59,9,36,37,41,22,26,7,56,1,32,62,31,12,51,27,54,19,50,6,24,49,35,47,61,43,53,17,34,14,28,42,21,4,8,60,15,10,20,48,3,29,46,13,44,38,25,57,39,30,33,16,2
record	m=1330560	18,45,52,11,40,5,23,58,55,59,9,36,41,37,26,22,7,56,32,1,31,62,51,12,54,27,50,19,24,6,35,49,61,47,53,43,17,34,14,28,21,42,4,8,60,15,20,10,3,48,29,46,44,13,25,38,39,57,30,33,2,16
77535681665305606602389971081064913729	cd=375	50,19,51,12,18,45,1,32,25,38,62,31,39,57,37,41,48,3,15,60,43,53,6,24,27,54,56,7,13,44,5,40,59,55,26,22,16,2,17,34,58,23,36,9,42,21,61,47,28,14,49,35,46,29,30,33,52,11,10,20,8,4
record	m=811008	50,19,51,12,18,45,32,1,25,38,31,62,57,39,41,37,3,48,60,15,53,43,24,6,54,27,7,56,13,44,5,40,59,55,26,22,2,16,34,17,23,58,9,36,21,42,47,61,28,14,49,35,46,29,30,33,52,11,10,20,8,4
501480441173818072928310996779321120714	cd=319	22,26,20,10,56,7,61,47,41,37,3,48,45,18,59,55,36,9,53,43,8,4,17,34,2,16,62,31,46,29,27,54,50,19,35,49,11,52,44,13,60,15,51,12,32,1,39,57,23,58,5,40,24,6,30,33,38,25,21,42,14,28
record	m=18923520	26,22,20,10,7,56,61,47,41,37,3,48,18,45,55,59,9,36,53,43,8,4,17,34,2,16,31,62,29,46,54,27,50,19,35,49,52,11,13,44,15,60,51,12,32,1,57,39,58,23,40,5,24,6,33,30,25,38,21,42,28,14
98843487362320604646433209193401274785	cd=387	60,15,9,36,20,10,50,19,2,16,33,30,46,29,3,48,61,47,13,44,41,37,26,22,39,57,43,53,24,6,40,5,31,62,42,21,51,12,11,52,1,32,28,14,25,38,34,17,49,35,54,27,56,7,45,18,55,59,23,58,8,4
record	m=4587520	60,15,9,36,20,10,50,19,2,16,33,30,29,46,3,48,61,47,13,44,41,37,26,22,39,57,53,43,24,6,40,5,31,62,21,42,51,12,52,11,32,1,28,14,38,25,17,34,35,49,54,27,7,56,18,45,55,59,23,58,8,4
42448045022398454868707172137180270402	cd=367	29,46,58,23,62,31,53,43,20,10,32,1,42,21,44,13,25,38,39,57,34,17,50,19,48,3,27,54,56,7,4,8,22,26,60,15,41,37,51,12,6,24,49,35,59,55,28,14,47,61,40,5,52,11,33,30,9,36,45,18,16,2
record	m=3784704	29,46,23,58,31,62,53,43,20,10,32,1,21,42,13,44,25,38,39,57,17,34,19,50,3,48,54,27,7,56,4,8,26,22,60,15,41,37,51,12,24,6,35,49,55,59,28,14,61,47,40,5,52,11,30,33,9,36,45,18,2,16
1059139852469023188086003559618936606404	cd=307	42,21,18,45,12,51,23,58,35,49,50,19,44,13,36,9,5,40,14,28,37,41,17,34,22,26,55,59,62,31,8,4,33,30,16,2,3,48,27,54,46,29,52,11,10,20,25,38,1,32,6,24,57,39,60,15,43,53,7,56,47,61
record	m=66060288	21,42,18,45,51,12,23,58,35,49,50,19,13,44,9,36,40,5,28,14,41,37,17,34,26,22,55,59,31,62,4,8,33,30,2,16,48,3,54,27,29,46,52,11,10,20,25,38,32,1,24,6,57,39,60,15,43,53,7,56,61,47
404543740707292062471897971092787074123	cd=295	28,14,3,48,55,59,8,4,60,15,25,38,39,57,19,50,11,52,2,16,47,61,49,35,10,20,17,34,51,12,24,6,53,43,13,44,31,62,45,18,30,33,58,23,5,40,56,7,21,42,9,36,41,37,32,1,29,46,27,54,26,22
record	m=1191936	28,14,3,48,55,59,4,8,60,15,25,38,39,57,50,19,52,11,2,16,61,47,35,49,20,10,17,34,51,12,24,6,53,43,13,44,31,62,18,45,33,30,23,58,40,5,7,56,21,42,9,36,41,37,32,1,29,46,27,54,26,22
574709601395989622280861684553091041497	cd=371	34,17,20,10,5,40,43,53,46,29,4,8,55,59,57,39,45,18,56,7,38,25,48,3,26,22,13,44,9,36,60,15,61,47,33,30,16,2,49,35,58,23,6,24,14,28,54,27,31,62,21,42,41,37,50,19,52,11,12,51,1,32
record	m=64880640	17,34,20,10,40,5,53,43,29,46,4,8,55,59,57,39,18,45,7,56,25,38,3,48,26,22,13,44,9,36,60,15,61,47,33,30,2,16,35,49,23,58,24,6,28,14,54,27,31,62,21,42,41,37,50,19,11,52,51,12,32,1
713505306088902331485099856687319045666	cd=383	18,45,53,43,32,1,62,31,6,24,34,17,12,51,57,39,14,28,44,13,21,42,36,9,46,29,11,52,7,56,33,30,8,4,38,25,59,55,19,50,48,3,20,10,35,49,22,26,23,58,2,16,40,5,60,15,47,61,27,54,37,41
record	m=11010048	18,45,53,43,32,1,62,31,24,6,17,34,51,12,57,39,14,28,13,44,21,42,9,36,29,46,52,11,7,56,33,30,4,8,25,38,55,59,50,19,3,48,10,20,49,35,26,22,23,58,2,16,40,5,60,15,61,47,54,27,41,37
800389592803874960273034138875798118632	cd=291	53,43,7,56,42,21,39,57,32,1,24,6,52,11,44,13,17,34,62,31,27,54,36,9,45,18,29,46,5,40,58,23,35,49,3,48,15,60,12,51,19,50,33,30,8,4,55,59,10,20,2,16,41,37,14,28,26,22,38,25,61,47
record	m=3932160	53,43,7,56,21,42,57,39,32,1,24,6,52,11,13,44,34,17,31,62,54,27,9,36,18,45,29,46,40,5,23,58,35,49,3,48,60,15,12,51,50,19,33,30,4,8,55,59,10,20,2,16,41,37,28,14,26,22,25,38,61,47
195590898262435407461929633154783648199	cd=371	5,40,1,32,16,2,28,14,8,4,47,61,24,6,42,21,33,30,59,55,20,10,35,49,43,53,9,36,54,27,3,48,45,18,31,62,37,41,26,22,23,58,60,15,7,56,34,17,50,19,44,13,25,38,51,12,39,57,29,46,52,11
record	m=3211264	40,5,32,1,2,16,28,14,4,8,61,47,6,24,21,42,33,30,55,59,10,20,49,35,53,43,9,36,54,27,3,48,18,45,31,62,41,37,26,22,23,58,15,60,56,7,17,34,19,50,44,13,38,25,51,12,57,39,29,46,52,11
105405949500514371958416919343306917139	cd=383	58,23,26,22,25,38,32,1,62,31,3,48,54,27,30,33,2,16,37,41,21,42,60,15,61,47,13,44,35,49,20,10,24,6,50,19,53,43,57,39,46,29,55,59,51,12,4,8,5,40,9,36,28,14,18,45,17,34,52,11,56,7
record	m=4587520	23,58,22,26,25,38,32,1,62,31,3,48,54,27,33,30,2,16,41,37,21,42,60,15,61,47,13,44,35,49,20,10,24,6,50,19,53,43,57,39,29,46,55,59,51,12,4,8,5,40,9,36,28,14,18,45,17,34,52,11,56,7
912462683837146574809790277779369579371	cd=363	5,40,29,46,45,18,1,32,59,55,8,4,48,3,26,22,21,42,58,23,15,60,10,20,19,50,25,38,35,49,53,43,62,31,44,13,28,14,61,47,33,30,16,2,24,6,37,41,34,17,36,9,27,54,56,7,12,51,57,39,11,52
record	m=30277632	40,5,29,46,18,45,32,1,55,59,4,8,3,48,26,22,21,42,58,23,60,15,20,10,50,19,25,38,35,49,53,43,31,62,13,44,28,14,61,47,33,30,2,16,6,24,41,37,17,34,9,36,54,27,7,56,12,51,57,39,52,11
272755790419467605016309555004050976547	cd=307	56,7,9,36,8,4,40,5,20,10,57,39,24,6,50,19,27,54,16,2,23,58,53,43,44,13,15,60,34,17,48,3,29,46,22,26,41,37,38,25,47,61,21,42,30,33,52,11,12,51,18,45,35,49,32,1,59,55,31,62,28,14
record	m=110100480	7,56,9,36,4,8,40,5,20,10,57,39,24,6,50,19,54,27,2,16,23,58,53,43,13,44,15,60,17,34,3,48,29,46,26,22,37,41,25,38,61,47,42,21,33,30,52,11,51,12,45,18,35,49,32,1,55,59,31,62,28,14
1003250366502827053261732535718220557681	cd=347	9,36,2,16,52,11,27,54,40,5,30,33,15,60,26,22,29,46,23,58,34,17,24,6,42,21,12,51,62,31,1,32,10,20,43,53,47,61,7,56,25,38,37,41,50,19,57,39,49,35,48,3,14,28,4,8,44,13,45,18,55,59
record	m=3670016	9,36,2,16,52,11,27,54,40,5,33,30,60,15,26,22,29,46,23,58,17,34,24,6,21,42,51,12,31,62,32,1,20,10,53,43,61,47,7,56,25,38,41,37,50,19,57,39,49,35,48,3,14,28,4,8,13,44,45,18,55,59
910059397459187259827179611360267623120	cd=291	37,41,26,22,32,1,45,18,54,27,7,56,36,9,29,46,31,62,58,23,57,39,6,24,15,60,3,48,21,42,51,12,47,61,30,33,38,25,4,8,59,55,13,44,14,28,16,2,43,53,17,34,50,19,20,10,40,5,49,35,11,52
record	m=20643840	41,37,26,22,32,1,18,45,54,27,7,56,9,36,29,46,31,62,58,23,57,39,6,24,60,15,3,48,21,42,51,12,61,47,33,30,25,38,4,8,59,55,13,44,28,14,2,16,53,43,17,34,50,19,20,10,40,5,35,49,52,11
430230966112970312474069829752670729434	cd=323	21,42,28,14,20,10,56,7,47,61,43,53,30,33,3,48,60,15,41,37,59,55,50,19,39,57,49,35,16,2,24,6,4,8,46,29,9,36,51,12,31,62,1,32,17,34,18,45,54,27,22,26,13,44,52,11,58,23,5,40,38,25
record	m=36126720	21,42,28,14,20,10,7,56,61,47,53,43,33,30,3,48,60,15,41,37,55,59,50,19,57,39,35,49,2,16,24,6,8,4,29,46,9,36,51,12,31,62,1,32,17,34,18,45,54,27,22,26,13,44,52,11,23,58,40,5,25,38
72761584639593194196030954996270292651	cd=351	40,5,31,62,39,57,27,54,18,45,32,1,24,6,10,20,34,17,56,7,21,42,36,9,58,23,53,43,26,22,46,29,44,13,47,61,35,49,55,59,37,41,3,48,15,60,52,11,30,33,16,2,28,14,50,19,38,25,51,12,8,4
record	m=8257536	40,5,31,62,57,39,54,27,18,45,32,1,24,6,20,10,17,34,7,56,21,42,9,36,23,58,53,43,26,22,29,46,13,44,61,47,35,49,55,59,41,37,3,48,15,60,52,11,33,30,2,16,14,28,50,19,38,25,51,12,4,8
596443703431185675973939436522336424715	cd=383	11,52,53,43,15,60,30,33,45,18,9,36,41,37,59,55,46,29,4,8,6,24,26,22,3,48,10,20,51,12,40,5,61,47,21,42,39,57,62,31,32,1,19,50,17,34,16,2,44,13,23,58,54,27,7,56,25,38,14,28,49,35
record	m=9175040	52,11,43,53,60,15,33,30,18,45,9,36,41,37,55,59,29,46,4,8,24,6,26,22,3,48,20,10,51,12,40,5,61,47,21,42,57,39,31,62,32,1,50,19,34,17,2,16,13,44,58,23,54,27,7,56,25,38,28,14,49,35
328867436075986298895146980581522481823	cd=379	14,28,35,49,23,58,51,12,5,40,15,60,18,45,43,53,47,61,16,2,55,59,33,30,21,42,34,17,25,38,20,10,57,39,32,1,26,22,48,3,13,44,6,24,9,36,54,27,56,7,31,62,52,11,29,46,8,4,37,41,50,19
record	m=2883584	28,14,35,49,23,58,51,12,40,5,60,15,18,45,53,43,61,47,16,2,55,59,33,30,21,42,34,17,25,38,20,10,57,39,32,1,26,22,3,48,44,13,24,6,36,9,27,54,7,56,62,31,11,52,29,46,4,8,41,37,50,19
534301888322030087775511992109732867222	cd=363	54,27,18,45,8,4,59,55,47,61,9,36,10,20,7,56,11,52,19,50,39,57,3,48,60,15,53,43,14,28,58,23,13,44,24,6,32,1,16,2,38,25,41,37,46,29,49,35,33,30,12,51,22,26,42,21,17,34,5,40,62,31
record	m=3784704	54,27,18,45,4,8,55,59,61,47,9,36,20,10,7,56,52,11,50,19,57,39,3,48,60,15,53,43,14,28,23,58,44,13,24,6,32,1,2,16,25,38,41,37,29,46,35,49,33,30,51,12,26,22,42,21,17,34,5,40,62,31
535977229550674885095758382470961759663	cd=339	49,35,33,30,44,13,52,11,59,55,50,19,2,16,36,9,48,3,15,60,58,23,4,8,27,54,20,10,5,40,14,28,41,37,26,22,29,46,61,47,21,42,6,24,45,18,39,57,32,1,12,51,7,56,25,38,34,17,53,43,62,31
record	m=6881280	35,49,33,30,13,44,52,11,55,59,50,19,2,16,9,36,3,48,60,15,23,58,8,4,54,27,20,10,40,5,28,14,41,37,26,22,29,46,61,47,21,42,24,6,18,45,57,39,32,1,51,12,7,56,38,25,17,34,53,43,31,62
190645941259887283453362820825427486335	cd=367	57,39,24,6,37,41,44,13,55,59,30,33,50,19,28,14,45,18,22,26,46,29,10,20,15,60,21,42,61,47,5,40,34,17,53,43,51,12,31,62,23,58,48,3,35,49,8,4,32,1,27,54,16,2,36,9,7,56,25,38,52,11
record	m=11010048	57,39,24,6,37,41,13,44,55,59,33,30,50,19,28,14,45,18,26,22,29,46,20,10,60,15,21,42,61,47,40,5,17,34,43,53,51,12,31,62,23,58,48,3,35,49,4,8,32,1,27,54,2,16,9,36,7,56,25,38,52,11
619624242779213634259320829587548083538	cd=331	51,12,14,28,48,3,59,55,49,35,16,2,33,30,15,60,39,57,45,18,36,9,54,27,29,46,7,56,17,34,23,58,47,61,5,40,62,31,25,38,4,8,13,44,22,26,6,24,50,19,53,43,42,21,52,11,32,1,20,10,41,37
record	m=4128768	51,12,28,14,3,48,55,59,35,49,2,16,33,30,60,15,57,39,18,45,9,36,27,54,29,46,7,56,17,34,23,58,61,47,40,5,31,62,38,25,8,4,13,44,26,22,24,6,50,19,53,43,42,21,52,11,1,32,20,10,41,37
101325939140871770833653461706641051893	cd=335	18,45,55,59,48,3,6,24,16,2,10,20,43,53,28,14,60,15,27,54,39,57,35,49,5,40,34,17,23,58,47,61,8,4,41,37,29,46,31,62,21,42,36,9,26,22,52,11,50,19,33,30,51,12,25,38,44,13,32,1,56,7
record	m=15375360	18,45,55,59,3,48,24,6,2,16,20,10,53,43,14,28,15,60,54,27,57,39,49,35,40,5,17,34,23,58,61,47,4,8,41,37,29,46,31,62,21,42,9,36,22,26,52,11,50,19,33,30,51,12,25,38,13,44,32,1,7,56
876703233720910288593834394026794798852	cd=355	33,30,5,40,37,41,60,15,4,8,12,51,54,27,18,45,23,58,34,17,26,22,36,9,14,28,59,55,35,49,2,16,11,52,29,46,31,62,38,25,7,56,61,47,3,48,6,24,13,44,10,20,43,53,21,42,32,1,57,39,19,50
record	m=4587520	33,30,40,5,41,37,60,15,4,8,12,51,54,27,18,45,23,58,17,34,26,22,36,9,28,14,55,59,35,49,2,16,52,11,29,46,31,62,25,38,7,56,61,47,3,48,24,6,13,44,20,10,53,43,42,21,32,1,57,39,50,19
670331327741148620393727896880238762069	cd=387	45,18,51,12,13,44,62,31,47,61,8,4,10,20,24,6,55,59,2,16,37,41,22,26,57,39,21,42,49,35,17,34,53,43,19,50,27,54,14,28,23,58,3,48,1,32,56,7,15,60,29,46,52,11,30,33,9,36,5,40,25,38
record	m=1310720	18,45,51,12,13,44,31,62,61,47,4,8,20,10,24,6,55,59,2,16,41,37,26,22,39,57,21,42,35,49,34,17,53,43,50,19,54,27,28,14,23,58,3,48,1,32,7,56,60,15,29,46,52,11,30,33,9,36,40,5,25,38
144855721605580913453714653809897097134	cd=371	57,39,35,49,47,61,15,60,24,6,10,20,38,25,21,42,9,36,14,28,16,2,40,5,11,52,22,26,43,53,54,27,33,30,58,23,13,44,19,50,46,29,62,31,37,41,55,59,1,32,48,3,51,12,17,34,56,7,45,18,4,8
record	m=8257536	57,39,35,49,61,47,60,15,24,6,20,10,25,38,21,42,9,36,28,14,2,16,40,5,52,11,26,22,53,43,27,54,33,30,23,58,44,13,50,19,29,46,31,62,41,37,55,59,32,1,3,48,51,12,17,34,7,56,18,45,4,8
933520137271846341871145106492607665139	cd=375	7,56,41,37,54,27,29,46,45,18,12,51,10,20,53,43,61,47,49,35,36,9,40,5,48,3,22,26,62,31,15,60,16,2,14,28,1,32,38,25,30,33,23,58,8,4,11,52,24,6,13,44,19,50,39,57,21,42,34,17,59,55
record	m=7569408	7,56,41,37,54,27,29,46,18,45,51,12,20,10,53,43,61,47,35,49,9,36,40,5,3,48,26,22,31,62,60,15,2,16,28,14,32,1,38,25,30,33,23,58,8,4,11,52,24,6,13,44,50,19,57,39,21,42,34,17,55,59
339248188186401473908864679706165929688	cd=371	58,23,47,61,2,16,1,32,9,36,18,45,38,25,31,62,35,49,11,52,54,27,51,12,26,22,6,24,48,3,5,40,43,53,46,29,14,28,10,20,56,7,44,13,37,41,34,17,57,39,4,8,59,55,30,33,21,42,15,60,50,19
record	m=6881280	23,58,61,47,2,16,32,1,9,36,18,45,25,38,31,62,35,49,52,11,27,54,51,12,26,22,24,6,3,48,40,5,53,43,29,46,28,14,20,10,7,56,13,44,41,37,17,34,39,57,8,4,59,55,33,30,21,42,60,15,19,50
19438158192508093186273264987902274901	cd=375	54,27,3,48,42,21,29,46,60,15,31,62,37,41,34,17,43,53,10,20,2,16,38,25,11,52,56,7,51,12,45,18,9,36,47,61,58,23,5,40,50,19,6,24,13,44,8,4,30,33,55,59,28,14,22,26,49,35,57,39,32,1
record	m=27525120	54,27,3,48,21,42,46,29,60,15,31,62,41,37,17,34,53,43,20,10,16,2,25,38,52,11,7,56,51,12,18,45,9,36,61,47,23,58,40,5,19,50,24,6,13,44,4,8,33,30,55,59,28,14,26,22,35,49,39,57,32,1
126112505113285022556494776875584964348	cd=291	16,2,61,47,57,39,48,3,24,6,60,15,27,54,34,17,59,55,1,32,9,36,51,12,22,26,44,13,10,20,31,62,19,50,43,53,33,30,29,46,38,25,58,23,4,8,14,28,21,42,41,37,52,11,5,40,35,49,18,45,56,7
record	m=12189696	2,16,47,61,39,57,3,48,24,6,60,15,54,27,17,34,55,59,32,1,36,9,51,12,26,22,13,44,20,10,31,62,50,19,53,43,33,30,29,46,38,25,23,58,8,4,28,14,21,42,41,37,52,11,40,5,35,49,18,45,7,56
158384701453652258041836661888073263260	cd=347	35,49,42,21,33,30,38,25,16,2,3,48,28,14,23,58,47,61,55,59,11,52,60,15,9,36,62,31,6,24,5,40,26,22,1,32,44,13,50,19,54,27,12,51,43,53,39,57,18,45,10,20,17,34,56,7,46,29,37,41,4,8
record	m=7340032	35,49,21,42,33,30,25,38,2,16,3,48,28,14,23,58,61,47,55,59,52,11,15,60,9,36,62,31,24,6,40,5,22,26,32,1,13,44,19,50,54,27,51,12,53,43,57,39,18,45,20,10,34,17,7,56,29,46,41,37,4,8
194683784978236240288469968208126758368	cd=295	19,50,40,5,23,58,61,47,62,31,6,24,44,13,56,7,21,42,28,14,55,59,48,3,49,35,15,60,32,1,25,38,39,57,37,41,4,8,20,10,26,22,2,16,33,30,9,36,12,51,27,54,43,53,17,34,29,46,18,45,52,11
record	m=3440640	50,19,5,40,23,58,61,47,31,62,24,6,13,44,7,56,21,42,28,14,55,59,3,48,35,49,60,15,1,32,25,38,39,57,41,37,4,8,20,10,22,26,2,16,33,30,9,36,12,51,54,27,53,43,34,17,29,46,45,18,52,11
178102536984199394638006130408565642159	cd=319	48,3,23,58,10,20,7,56,60,15,5,40,35,49,59,55,32,1,14,28,19,50,31,62,30,33,21,42,51,12,16,2,38,25,44,13,24,6,29,46,4,8,57,39,41,37,17,34,26,22,61,47,53,43,27,54,9,36,45,18,52,11
record	m=5505024	3,48,23,58,20,10,7,56,60,15,40,5,35,49,55,59,32,1,28,14,50,19,31,62,30,33,21,42,51,12,2,16,25,38,44,13,24,6,46,29,4,8,57,39,41,37,17,34,26,22,61,47,53,43,27,54,9,36,45,18,52,11
678298558326052545270358678558916898727	cd=359	45,18,1,32,2,16,59,55,31,62,48,3,15,60,17,34,8,4,44,13,37,41,29,46,11,52,20,10,33,30,58,23,14,28,56,7,22,26,9,36,35,49,5,40,61,47,50,19,51,12,54,27,42,21,39,57,6,24,43,53,25,38
record	m=25165824	18,45,32,1,2,16,55,59,31,62,48,3,60,15,17,34,4,8,13,44,41,37,29,46,52,11,10,20,33,30,23,58,28,14,7,56,22,26,9,36,35,49,40,5,61,47,50,19,51,12,54,27,21,42,57,39,6,24,53,43,25,38
287570450157934960004825334691125662581	cd=371	25,38,43,53,51,12,62,31,15,60,10,20,46,29,56,7,17,34,23,58,3,48,37,41,49,35,22,26,30,33,47,61,52,11,28,14,13,44,5,40,4,8,36,9,57,39,24,6,45,18,32,1,19,50,42,21,55,59,54,27,2,16
record	m=18923520	25,38,53,43,51,12,31,62,60,15,20,10,29,46,7,56,17,34,23,58,3,48,41,37,35,49,26,22,30,33,61,47,52,11,28,14,13,44,5,40,4,8,36,9,57,39,24,6,18,45,32,1,19,50,42,21,55,59,54,27,2,16
1033069215488196839892233235441001524489	cd=263	25,38,53,43,58,23,40,5,20,10,62,31,19,50,30,33,27,54,37,41,35,49,22,26,21,42,1,32,56,7,44,13,12,51,45,18,28,14,6,24,57,39,52,11,34,17,48,3,8,4,29,46,60,15,59,55,16,2,36,9,47,61
record	m=33030144	25,38,53,43,23,58,40,5,20,10,31,62,50,19,33,30,54,27,41,37,35,49,26,22,21,42,1,32,7,56,13,44,12,51,45,18,28,14,6,24,39,57,52,11,17,34,3,48,4,8,29,46,60,15,55,59,2,16,9,36,61,47
961988494337397728426438731089828159933	cd=347	18,45,47,61,39,57,44,13,23,58,52,11,16,2,27,54,40,5,53,43,6,24,33,30,60,15,9,36,49,35,1,32,31,62,25,38,50,19,34,17,20,10,22,26,48,3,37,41,55,59,46,29,14,28,21,42,51,12,4,8,7,56
record	m=2064384	18,45,61,47,57,39,13,44,58,23,52,11,2,16,54,27,40,5,53,43,24,6,33,30,60,15,9,36,35,49,32,1,62,31,25,38,50,19,34,17,10,20,26,22,3,48,41,37,59,55,29,46,28,14,21,42,51,12,4,8,7,56
100453169676506174394354179989516551956	cd=371	56,7,19,50,60,15,46,29,6,24,48,3,21,42,43,53,39,57,34,17,41,37,20,10,30,33,44,13,40,5,55,59,27,54,45,18,38,25,2,16,35,49,28,14,22,26,31,62,1,32,58,23,11,52,51,12,9,36,47,61,8,4
record	m=4128768	7,56,50,19,15,60,29,46,24,6,3,48,21,42,43,53,57,39,17,34,41,37,20,10,33,30,13,44,40,5,55,59,54,27,18,45,25,38,2,16,35,49,28,14,26,22,31,62,1,32,58,23,52,11,12,51,9,36,61,47,4,8
520062044001183564101855434507057171752	cd=307	37,41,53,43,10,20,5,40,26,22,58,23,27,54,12,51,6,24,21,42,38,25,52,11,45,18,16,2,61,47,7,56,34,17,32,1,29,46,50,19,55,59,13,44,35,49,36,9,39,57,3,48,33,30,8,4,15,60,28,14,62,31
record	m=3670016	41,37,53,43,20,10,40,5,22,26,23,58,54,27,51,12,24,6,21,42,25,38,52,11,45,18,2,16,61,47,7,56,17,34,1,32,46,29,19,50,55,59,13,44,35,49,9,36,57,39,48,3,30,33,4,8,60,15,28,14,31,62
763062082142724423166761180057190957460	cd=347	60,15,6,24,57,39,30,33,47,61,43,53,32,1,27,54,23,58,41,37,26,22,36,9,42,21,5,40,3,48,16,2,51,12,34,17,31,62,52,11,59,55,46,29,18,45,49,35,4,8,14,28,56,7,50,19,25,38,10,20,13,44
record	m=3784704	60,15,24,6,57,39,33,30,61,47,53,43,32,1,27,54,23,58,41,37,22,26,9,36,21,42,40,5,3,48,16,2,51,12,17,34,62,31,52,11,55,59,29,46,45,18,35,49,4,8,28,14,7,56,50,19,25,38,20,10,13,44
733729660192787596197532906280228015267	cd=339	34,17,18,45,11,52,58,23,7,56,59,55,62,31,41,37,13,44,33,30,50,19,22,26,40,5,61,47,25,38,16,2,46,29,14,28,32,1,15,60,49,35,43,53,4,8,36,9,51,12,20,10,3,48,6,24,39,57,54,27,21,42
record	m=1720320	17,34,18,45,52,11,23,58,56,7,55,59,31,62,41,37,13,44,33,30,50,19,26,22,5,40,61,47,25,38,2,16,29,46,28,14,32,1,15,60,49,35,53,43,8,4,36,9,51,12,20,10,48,3,24,6,57,39,27,54,21,42
334736643388607999438233105223197349957	cd=323	60,15,62,31,51,12,11,52,25,38,48,3,29,46,30,33,49,35,27,54,32,1,16,2,34,17,18,45,58,23,6,24,61,47,14,28,56,7,36,9,37,41,39,57,13,44,21,42,4,8,55,59,26,22,5,40,20,10,43,53,50,19
record	m=4128768	60,15,31,62,51,12,52,11,25,38,3,48,29,46,30,33,35,49,54,27,1,32,2,16,34,17,18,45,23,58,24,6,47,61,28,14,7,56,9,36,41,37,57,39,13,44,21,42,4,8,55,59,22,26,40,5,10,20,53,43,50,19
158488569338972517046170185052845363960	cd=359	23,58,60,15,42,21,48,3,25,38,19,50,6,24,13,44,36,9,47,61,2,16,11,52,22,26,14,28,32,1,31,62,39,57,34,17,35,49,54,27,59,55,5,40,12,51,56,7,46,29,30,33,45,18,10,20,53,43,37,41,4,8
record	m=24772608	23,58,60,15,21,42,3,48,25,38,50,19,24,6,13,44,9,36,61,47,2,16,52,11,26,22,28,14,32,1,31,62,57,39,17,34,35,49,54,27,55,59,40,5,51,12,7,56,29,46,30,33,45,18,20,10,53,43,41,37,8,4
910583772765841991053962931043721477410	cd=375	20,10,57,39,36,9,13,44,50,19,48,3,4,8,43,53,59,55,22,26,17,34,37,41,21,42,15,60,45,18,62,31,32,1,29,46,51,12,28,14,40,5,47,61,38,25,16,2,23,58,6,24,54,27,30,33,7,56,49,35,11,52
record	m=8110080	20,10,57,39,9,36,13,44,50,19,3,48,4,8,43,53,59,55,26,22,17,34,41,37,21,42,60,15,18,45,31,62,1,32,46,29,51,12,28,14,40,5,61,47,25,38,2,16,23,58,24,6,54,27,30,33,7,56,49,35,11,52
645919881404581501704179944779070138242	cd=351	24,6,16,2,27,54,61,47,19,50,39,57,30,33,56,7,3,48,43,53,60,15,29,46,45,18,8,4,9,36,62,31,1,32,44,13,42,21,14,28,35,49,20,10,51,12,22,26,59,55,52,11,40,5,25,38,34,17,23,58,41,37
record	m=1892352	24,6,16,2,54,27,61,47,50,19,57,39,33,30,7,56,48,3,53,43,60,15,29,46,18,45,4,8,36,9,31,62,32,1,13,44,21,42,28,14,49,35,10,20,12,51,26,22,55,59,11,52,40,5,25,38,34,17,23,58,41,37
218664622207296467860344497882405242057	cd=367	3,48,41,37,61,47,23,58,54,27,53,43,40,5,9,36,4,8,45,18,55,59,15,60,21,42,30,33,52,11,34,17,46,29,10,20,25,38,6,24,32,1,22,26,51,12,39,57,62,31,56,7,49,35,2,16,50,19,14,28,44,13
record	m=44040192	3,48,41,37,61,47,23,58,54,27,53,43,40,5,9,36,4,8,18,45,55,59,60,15,21,42,33,30,52,11,17,34,29,46,20,10,25,38,6,24,32,1,26,22,51,12,57,39,31,62,7,56,35,49,16,2,50,19,28,14,13,44
#provenance	engine=solve.c/kc	branch=<BRANCH>	git=<GIT>	source_sha=<SRC>	n=31	convention=V4_CONVENTION_FREEZE_RECONCILED_2026_07_14(repr=orient-lex-min,slot-0-only)	validity=C1C2C4C5+walk-cd<=387(=C1-C5-at-full-31;T=387<=>C3<=776)
