[f1] group self-checks PASS: |G48|=48 verified elementwise (Hamming isometry 64x64, 32-pair closure, pair-0 fixed, rev-commutation); quotient = 24 pair-perms, closed under composition, kernel {id,rev}
[f1] pair-orbits of the 31 free pairs: 3:[3,7,11] 3:[4,6,21] 3:[13,14,30] 4:[5,8,26,31] 6:[1,9,17,19,22,25] 6:[2,12,16,18,24,28] 6:[10,15,20,23,27,29]
[kc-ooc] opened <FDIR>: n=31 layers=0..31 kind=f format=v2 index=1255.8 MB cache=2048 MB (1170 blocks of 65536 entries)
103463679980028841404028257424181992070	cd=543	50,19,37,41,55,59,53,43,32,1,26,22,46,29,36,9,44,13,23,58,10,20,2,16,18,45,12,51,39,57,6,24,48,3,34,17,11,52,35,49,61,47,25,38,5,40,28,14,15,60,31,62,42,21,30,33,27,54,4,8,56,7
record	m=3809280	50,19,41,37,55,59,53,43,32,1,26,22,29,46,9,36,13,44,58,23,20,10,2,16,18,45,51,12,57,39,24,6,3,48,17,34,52,11,35,49,61,47,25,38,40,5,28,14,60,15,62,31,21,42,33,30,54,27,8,4,56,7
680110360497959818227375125609015520258	cd=639	24,6,43,53,23,58,5,40,27,54,32,1,22,26,49,35,56,7,21,42,48,3,46,29,14,28,16,2,50,19,9,36,13,44,12,51,45,18,4,8,33,30,52,11,34,17,31,62,10,20,55,59,47,61,37,41,60,15,39,57,25,38
record	m=983040	24,6,53,43,23,58,5,40,54,27,1,32,26,22,35,49,7,56,42,21,3,48,29,46,28,14,2,16,50,19,9,36,13,44,12,51,18,45,4,8,33,30,52,11,17,34,62,31,20,10,59,55,61,47,41,37,60,15,39,57,25,38
109146129368661883971989343260648234476	cd=371	12,51,20,10,3,48,43,53,44,13,38,25,47,61,50,19,23,58,57,39,62,31,42,21,1,32,6,24,11,52,8,4,59,55,33,30,27,54,35,49,34,17,2,16,26,22,15,60,41,37,5,40,46,29,14,28,36,9,45,18,56,7
record	m=75694080	51,12,20,10,3,48,53,43,13,44,25,38,61,47,50,19,23,58,57,39,31,62,21,42,32,1,24,6,52,11,4,8,55,59,33,30,54,27,35,49,17,34,16,2,26,22,60,15,41,37,40,5,29,46,28,14,9,36,18,45,7,56
756888100056431907250382051534602080388	cd=439	42,21,24,6,36,9,1,32,33,30,29,46,59,55,57,39,20,10,4,8,18,45,58,23,50,19,43,53,17,34,37,41,22,26,52,11,28,14,62,31,25,38,15,60,40,5,48,3,16,2,12,51,54,27,49,35,61,47,56,7,13,44
record	m=18923520	21,42,24,6,9,36,32,1,33,30,29,46,55,59,39,57,20,10,4,8,18,45,23,58,19,50,53,43,17,34,41,37,26,22,52,11,28,14,31,62,25,38,60,15,40,5,3,48,2,16,12,51,54,27,35,49,61,47,7,56,44,13
649782292164625264592680121459568199009	cd=411	22,26,37,41,52,11,33,30,15,60,21,42,39,57,20,10,12,51,46,29,56,7,36,9,17,34,53,43,8,4,14,28,58,23,61,47,31,62,54,27,48,3,5,40,13,44,24,6,35,49,1,32,19,50,55,59,45,18,16,2,25,38
record	m=14680064	26,22,41,37,52,11,33,30,60,15,21,42,57,39,20,10,51,12,29,46,7,56,9,36,17,34,53,43,8,4,28,14,23,58,61,47,31,62,54,27,3,48,5,40,13,44,24,6,35,49,32,1,50,19,55,59,45,18,2,16,38,25
933844556190045393922132106337724603858	cd=387	19,50,46,29,48,3,34,17,43,53,25,38,41,37,26,22,14,28,15,60,61,47,5,40,36,9,30,33,11,52,20,10,35,49,44,13,57,39,54,27,51,12,31,62,23,58,6,24,4,8,32,1,16,2,21,42,56,7,45,18,59,55
record	m=7340032	50,19,29,46,3,48,17,34,53,43,25,38,41,37,26,22,28,14,60,15,61,47,40,5,9,36,33,30,52,11,10,20,49,35,13,44,57,39,54,27,51,12,31,62,23,58,6,24,8,4,32,1,2,16,42,21,56,7,18,45,55,59
860015767047263881772236147915033940394	cd=443	38,25,48,3,39,57,60,15,2,16,58,23,33,30,45,18,42,21,49,35,44,13,27,54,53,43,61,47,14,28,12,51,36,9,29,46,10,20,26,22,59,55,34,17,41,37,56,7,6,24,11,52,32,1,62,31,5,40,4,8,19,50
record	m=506880	25,38,3,48,57,39,60,15,2,16,23,58,33,30,18,45,21,42,35,49,13,44,54,27,53,43,61,47,28,14,12,51,9,36,46,29,20,10,22,26,59,55,17,34,41,37,7,56,24,6,52,11,1,32,31,62,40,5,8,4,50,19
146762309645208142914174907232349491001	cd=559	18,45,27,54,55,59,47,61,58,23,26,22,11,52,57,39,30,33,7,56,44,13,28,14,40,5,46,29,16,2,9,36,6,24,3,48,35,49,43,53,31,62,1,32,17,34,12,51,50,19,41,37,20,10,15,60,25,38,42,21,4,8
record	m=5160960	18,45,54,27,55,59,61,47,23,58,26,22,52,11,57,39,33,30,7,56,13,44,28,14,40,5,29,46,2,16,9,36,24,6,3,48,35,49,43,53,31,62,1,32,17,34,12,51,50,19,41,37,20,10,60,15,25,38,21,42,8,4
273218589131201782995055805662698535396	cd=387	9,36,23,58,53,43,62,31,4,8,5,40,24,6,21,42,57,39,35,49,55,59,3,48,27,54,52,11,25,38,20,10,28,14,29,46,56,7,17,34,18,45,12,51,61,47,30,33,60,15,22,26,37,41,50,19,13,44,32,1,2,16
record	m=29360128	9,36,23,58,53,43,31,62,4,8,40,5,24,6,21,42,57,39,49,35,55,59,3,48,54,27,11,52,25,38,20,10,28,14,29,46,7,56,17,34,18,45,12,51,61,47,33,30,60,15,26,22,41,37,50,19,13,44,32,1,2,16
30089177988578431338151476299326285381	cd=415	5,40,25,38,42,21,54,27,16,2,26,22,13,44,19,50,14,28,4,8,9,36,47,61,53,43,12,51,7,56,52,11,37,41,3,48,30,33,46,29,60,15,55,59,23,58,34,17,45,18,35,49,20,10,62,31,24,6,39,57,32,1
record	m=44040192	40,5,25,38,21,42,54,27,2,16,26,22,13,44,50,19,28,14,4,8,9,36,61,47,53,43,51,12,7,56,52,11,41,37,3,48,30,33,29,46,60,15,55,59,58,23,17,34,45,18,35,49,20,10,31,62,24,6,57,39,32,1
791506903547529223352005584085124591712	cd=615	7,56,16,2,27,54,28,14,1,32,55,59,49,35,26,22,60,15,21,42,41,37,53,43,34,17,13,44,58,23,52,11,6,24,39,57,19,50,20,10,4,8,38,25,31,62,30,33,3,48,40,5,18,45,51,12,46,29,36,9,61,47
record	m=12845056	7,56,2,16,54,27,28,14,32,1,55,59,35,49,26,22,60,15,21,42,41,37,53,43,17,34,44,13,23,58,52,11,24,6,57,39,50,19,20,10,4,8,25,38,31,62,30,33,3,48,40,5,45,18,51,12,29,46,9,36,61,47
580497868580484847288640568843819933937	cd=575	25,38,13,44,41,37,16,2,17,34,39,57,40,5,49,35,53,43,55,59,10,20,45,18,33,30,4,8,48,3,27,54,15,60,26,22,14,28,21,42,47,61,36,9,23,58,11,52,29,46,7,56,24,6,12,51,19,50,31,62,1,32
record	m=4128768	25,38,13,44,41,37,2,16,34,17,57,39,40,5,35,49,43,53,59,55,20,10,18,45,33,30,4,8,3,48,54,27,60,15,26,22,28,14,21,42,61,47,9,36,23,58,52,11,29,46,7,56,24,6,12,51,50,19,31,62,1,32
991031769598570497701540489398989599507	cd=391	9,36,51,12,23,58,57,39,35,49,47,61,14,28,15,60,16,2,30,33,3,48,26,22,19,50,44,13,6,24,11,52,40,5,20,10,53,43,34,17,1,32,21,42,38,25,18,45,8,4,29,46,59,55,62,31,37,41,27,54,7,56
record	m=20643840	9,36,51,12,23,58,57,39,35,49,61,47,28,14,60,15,2,16,33,30,3,48,26,22,50,19,13,44,24,6,52,11,40,5,20,10,53,43,17,34,32,1,21,42,38,25,18,45,4,8,29,46,55,59,31,62,41,37,54,27,7,56
1013202017719081948488047388209394589380	cd=499	18,45,52,11,50,19,44,13,28,14,30,33,20,10,56,7,54,27,47,61,8,4,53,43,24,6,51,12,60,15,38,25,26,22,21,42,9,36,32,1,40,5,39,57,17,34,62,31,46,29,41,37,3,48,23,58,16,2,49,35,55,59
record	m=11010048	18,45,52,11,50,19,44,13,28,14,30,33,20,10,7,56,54,27,61,47,4,8,43,53,24,6,51,12,60,15,25,38,26,22,21,42,9,36,32,1,40,5,57,39,34,17,31,62,29,46,41,37,3,48,58,23,2,16,49,35,55,59
1069428015428108800977878027333565091465	cd=611	32,1,36,9,3,48,53,43,41,37,6,24,45,18,46,29,14,28,55,59,17,34,10,20,44,13,2,16,4,8,57,39,22,26,38,25,61,47,60,15,40,5,58,23,12,51,56,7,33,30,42,21,54,27,50,19,35,49,52,11,31,62
record	m=4300800	32,1,9,36,3,48,53,43,37,41,24,6,18,45,29,46,28,14,55,59,17,34,20,10,13,44,2,16,4,8,57,39,22,26,25,38,61,47,60,15,40,5,58,23,51,12,7,56,33,30,21,42,54,27,50,19,35,49,52,11,62,31
696174980144237058642629142265455090368	cd=471	38,25,50,19,24,6,28,14,18,45,62,31,2,16,55,59,4,8,43,53,23,58,11,52,40,5,48,3,39,57,61,47,56,7,9,36,54,27,15,60,21,42,51,12,20,10,46,29,1,32,35,49,17,34,33,30,13,44,26,22,37,41
record	m=10027008	25,38,50,19,24,6,28,14,18,45,31,62,2,16,55,59,4,8,43,53,23,58,52,11,40,5,3,48,57,39,47,61,7,56,9,36,54,27,60,15,21,42,51,12,20,10,29,46,32,1,35,49,17,34,33,30,13,44,26,22,37,41
402223025709759991301335953841981077399	cd=479	11,52,17,34,33,30,24,6,31,62,32,1,48,3,47,61,7,56,57,39,53,43,40,5,12,51,35,49,42,21,37,41,29,46,55,59,23,58,9,36,27,54,14,28,2,16,38,25,18,45,4,8,13,44,20,10,60,15,19,50,26,22
record	m=3211264	52,11,17,34,33,30,24,6,31,62,32,1,48,3,47,61,7,56,57,39,53,43,40,5,12,51,35,49,21,42,37,41,29,46,55,59,23,58,9,36,27,54,28,14,16,2,25,38,18,45,4,8,13,44,20,10,60,15,19,50,26,22
693540754052241105715994938832365136531	cd=611	58,23,27,54,32,1,15,60,26,22,47,61,57,39,6,24,11,52,4,8,45,18,12,51,19,50,55,59,29,46,7,56,62,31,21,42,48,3,13,44,5,40,20,10,16,2,25,38,14,28,35,49,9,36,43,53,30,33,34,17,37,41
record	m=6193152	23,58,54,27,1,32,60,15,26,22,61,47,57,39,24,6,52,11,4,8,18,45,12,51,50,19,55,59,29,46,7,56,31,62,21,42,3,48,44,13,40,5,20,10,2,16,25,38,14,28,49,35,9,36,53,43,33,30,17,34,41,37
832786127500018840462461948692212743984	cd=315	56,7,46,29,52,11,5,40,23,58,36,9,27,54,28,14,24,6,43,53,17,34,33,30,12,51,50,19,10,20,26,22,2,16,61,47,57,39,18,45,41,37,1,32,3,48,25,38,62,31,44,13,55,59,60,15,4,8,42,21,35,49
record	m=2424832	7,56,29,46,52,11,40,5,23,58,9,36,54,27,28,14,24,6,53,43,17,34,33,30,12,51,50,19,20,10,22,26,2,16,47,61,39,57,18,45,41,37,32,1,48,3,25,38,31,62,13,44,55,59,60,15,4,8,42,21,49,35
948785456593087212245472857638774713765	cd=419	2,16,19,50,35,49,14,28,47,61,56,7,34,17,48,3,25,38,41,37,46,29,23,58,52,11,40,5,54,27,39,57,1,32,18,45,12,51,26,22,53,43,60,15,62,31,42,21,36,9,33,30,4,8,10,20,6,24,13,44,59,55
record	m=66060288	2,16,50,19,35,49,14,28,61,47,7,56,17,34,3,48,25,38,41,37,29,46,23,58,52,11,40,5,54,27,57,39,32,1,18,45,51,12,26,22,53,43,60,15,31,62,21,42,9,36,33,30,4,8,20,10,24,6,13,44,55,59
587201422271277579451279404368773715185	cd=375	39,57,24,6,60,15,47,61,59,55,42,21,52,11,51,12,37,41,4,8,46,29,26,22,38,25,43,53,31,62,16,2,54,27,23,58,40,5,19,50,30,33,48,3,36,9,44,13,32,1,17,34,18,45,7,56,20,10,28,14,49,35
record	m=37158912	57,39,24,6,60,15,61,47,55,59,21,42,52,11,51,12,41,37,4,8,29,46,26,22,25,38,53,43,31,62,2,16,54,27,23,58,40,5,19,50,30,33,3,48,36,9,13,44,32,1,17,34,18,45,7,56,20,10,28,14,35,49
749907183867865616583624887856091876826	cd=499	23,58,9,36,46,29,55,59,50,19,48,3,4,8,33,30,18,45,1,32,10,20,62,31,52,11,26,22,16,2,61,47,53,43,13,44,49,35,27,54,5,40,34,17,51,12,41,37,14,28,7,56,24,6,15,60,25,38,39,57,21,42
record	m=7340032	23,58,9,36,29,46,55,59,50,19,48,3,4,8,33,30,18,45,32,1,20,10,31,62,52,11,26,22,2,16,47,61,43,53,13,44,35,49,54,27,40,5,17,34,51,12,41,37,28,14,7,56,24,6,60,15,25,38,39,57,21,42
908198601598800036746167230902556311240	cd=507	10,20,21,42,3,48,22,26,15,60,57,39,31,62,55,59,2,16,5,40,54,27,50,19,44,13,43,53,61,47,7,56,8,4,49,35,58,23,14,28,38,25,30,33,17,34,41,37,46,29,24,6,51,12,18,45,9,36,1,32,11,52
record	m=38535168	20,10,42,21,3,48,26,22,60,15,57,39,31,62,55,59,2,16,40,5,54,27,50,19,44,13,53,43,61,47,7,56,4,8,35,49,23,58,28,14,25,38,33,30,17,34,41,37,29,46,6,24,12,51,18,45,9,36,32,1,11,52
1009605706453549151674694015357530568201	cd=535	21,42,28,14,32,1,57,39,38,25,58,23,5,40,13,44,15,60,10,20,12,51,47,61,36,9,54,27,62,31,45,18,8,4,35,49,19,50,48,3,33,30,34,17,56,7,37,41,2,16,22,26,11,52,24,6,53,43,46,29,55,59
record	m=31457280	21,42,28,14,32,1,57,39,38,25,23,58,40,5,13,44,15,60,20,10,51,12,61,47,9,36,27,54,31,62,18,45,4,8,35,49,50,19,48,3,33,30,17,34,7,56,41,37,2,16,26,22,52,11,24,6,53,43,46,29,55,59
492124940749092595383251702639105399550	cd=623	22,26,48,3,17,34,44,13,8,4,33,30,5,40,24,6,60,15,2,16,18,45,56,7,11,52,51,12,53,43,20,10,1,32,42,21,36,9,29,46,59,55,58,23,19,50,39,57,54,27,47,61,62,31,49,35,37,41,38,25,14,28
record	m=13762560	26,22,3,48,17,34,44,13,4,8,33,30,40,5,24,6,60,15,2,16,18,45,7,56,52,11,51,12,53,43,20,10,32,1,21,42,9,36,29,46,55,59,23,58,50,19,57,39,54,27,61,47,31,62,35,49,41,37,25,38,14,28
116162207918338592393891647111074071457	cd=419	8,4,33,30,24,6,11,52,39,57,60,15,3,48,54,27,62,31,23,58,47,61,14,28,1,32,49,35,10,20,43,53,17,34,45,18,40,5,41,37,13,44,25,38,51,12,2,16,50,19,9,36,42,21,26,22,59,55,46,29,56,7
record	m=19267584	4,8,33,30,24,6,52,11,57,39,60,15,3,48,54,27,31,62,23,58,61,47,28,14,32,1,35,49,20,10,53,43,17,34,18,45,40,5,41,37,13,44,25,38,51,12,2,16,50,19,9,36,21,42,22,26,55,59,29,46,7,56
840316853876251912546977262046057467092	cd=435	46,29,48,3,13,44,52,11,47,61,59,55,8,4,30,33,2,16,58,23,18,45,40,5,32,1,56,7,51,12,60,15,53,43,26,22,39,57,62,31,37,41,28,14,24,6,54,27,10,20,19,50,34,17,25,38,21,42,9,36,35,49
record	m=3145728	29,46,3,48,44,13,52,11,61,47,55,59,4,8,33,30,2,16,23,58,18,45,40,5,32,1,7,56,51,12,60,15,53,43,26,22,39,57,31,62,41,37,28,14,24,6,54,27,10,20,50,19,17,34,38,25,21,42,9,36,35,49
213435120978679695832313958227812980661	cd=451	22,26,51,12,62,31,43,53,34,17,48,3,32,1,59,55,42,21,37,41,11,52,28,14,40,5,18,45,36,9,46,29,58,23,6,24,10,20,25,38,15,60,61,47,54,27,35,49,57,39,2,16,56,7,30,33,8,4,50,19,44,13
record	m=49545216	26,22,51,12,31,62,53,43,17,34,3,48,32,1,55,59,21,42,41,37,52,11,28,14,40,5,18,45,9,36,29,46,58,23,6,24,20,10,25,38,60,15,61,47,54,27,35,49,57,39,2,16,56,7,33,30,4,8,50,19,44,13
194632813003170917260148589401961046139	cd=547	48,3,58,23,34,17,13,44,57,39,55,59,4,8,25,38,30,33,61,47,35,49,29,46,27,54,6,24,31,62,41,37,22,26,10,20,19,50,43,53,36,9,28,14,2,16,42,21,7,56,51,12,1,32,60,15,5,40,18,45,52,11
record	m=6488064	3,48,23,58,17,34,44,13,57,39,55,59,4,8,25,38,33,30,61,47,35,49,29,46,54,27,24,6,31,62,41,37,22,26,10,20,50,19,53,43,9,36,28,14,2,16,21,42,7,56,51,12,32,1,15,60,5,40,18,45,52,11
581440168390398642715657445331522631986	cd=539	26,22,36,9,21,42,3,48,57,39,34,17,7,56,51,12,24,6,62,31,30,33,19,50,13,44,52,11,55,59,40,5,54,27,61,47,45,18,53,43,58,23,46,29,20,10,4,8,37,41,15,60,25,38,14,28,32,1,16,2,49,35
record	m=5406720	26,22,36,9,21,42,3,48,57,39,17,34,7,56,51,12,24,6,31,62,30,33,50,19,44,13,52,11,55,59,40,5,54,27,61,47,45,18,53,43,23,58,46,29,20,10,4,8,41,37,60,15,25,38,14,28,32,1,2,16,49,35
357741025175421599544200796581616020482	cd=367	35,49,19,50,11,52,53,43,36,9,12,51,38,25,1,32,20,10,62,31,7,56,37,41,22,26,3,48,46,29,13,44,28,14,47,61,17,34,8,4,54,27,60,15,58,23,39,57,55,59,18,45,24,6,5,40,16,2,30,33,42,21
record	m=15138816	35,49,50,19,52,11,43,53,9,36,51,12,25,38,32,1,20,10,31,62,7,56,41,37,26,22,3,48,29,46,13,44,28,14,61,47,34,17,4,8,27,54,60,15,23,58,57,39,55,59,18,45,24,6,5,40,2,16,33,30,21,42
69946588125200210696473429494561050961	cd=475	48,3,60,15,46,29,61,47,33,30,34,17,41,37,51,12,42,21,6,24,11,52,58,23,9,36,13,44,14,28,56,7,10,20,57,39,35,49,55,59,18,45,54,27,2,16,26,22,38,25,62,31,50,19,1,32,43,53,40,5,8,4
record	m=88080384	3,48,15,60,29,46,61,47,33,30,17,34,41,37,51,12,21,42,24,6,52,11,23,58,9,36,13,44,28,14,7,56,20,10,57,39,35,49,55,59,18,45,54,27,2,16,26,22,25,38,31,62,50,19,32,1,53,43,40,5,4,8
621458614257343126103179423814178658401	cd=487	26,22,52,11,1,32,18,45,38,25,2,16,34,17,61,47,15,60,24,6,27,54,48,3,14,28,36,9,7,56,44,13,50,19,53,43,59,55,4,8,21,42,62,31,46,29,5,40,30,33,58,23,10,20,49,35,57,39,51,12,41,37
record	m=7265280	26,22,52,11,32,1,18,45,25,38,2,16,17,34,47,61,60,15,24,6,54,27,3,48,28,14,9,36,7,56,13,44,50,19,53,43,55,59,4,8,21,42,31,62,29,46,40,5,33,30,23,58,20,10,35,49,39,57,51,12,41,37
837625221449766514790625028961981836047	cd=459	36,9,59,55,60,15,23,58,3,48,57,39,42,21,13,44,5,40,56,7,11,52,18,45,30,33,4,8,41,37,46,29,10,20,25,38,53,43,51,12,62,31,54,27,47,61,16,2,22,26,24,6,17,34,1,32,19,50,14,28,35,49
record	m=15138816	9,36,55,59,60,15,23,58,3,48,57,39,21,42,13,44,40,5,7,56,52,11,18,45,33,30,4,8,41,37,29,46,20,10,25,38,53,43,51,12,31,62,27,54,61,47,2,16,26,22,24,6,17,34,1,32,19,50,28,14,49,35
309471494799006774103378999781249982998	cd=435	36,9,16,2,17,34,47,61,7,56,37,41,29,46,35,49,44,13,32,1,10,20,60,15,54,27,12,51,48,3,31,62,59,55,38,25,28,14,18,45,8,4,39,57,52,11,22,26,30,33,21,42,43,53,23,58,5,40,24,6,50,19
record	m=2064384	9,36,2,16,34,17,61,47,7,56,41,37,29,46,35,49,13,44,32,1,20,10,60,15,54,27,51,12,3,48,62,31,55,59,25,38,28,14,18,45,4,8,57,39,52,11,26,22,30,33,21,42,43,53,58,23,40,5,24,6,50,19
222169693398397652891570529395087864902	cd=539	54,27,35,49,19,50,41,37,48,3,34,17,26,22,21,42,9,36,29,46,55,59,2,16,58,23,53,43,20,10,18,45,56,7,12,51,24,6,52,11,5,40,60,15,31,62,61,47,4,8,57,39,1,32,25,38,14,28,30,33,44,13
record	m=29360128	54,27,35,49,50,19,41,37,3,48,17,34,26,22,21,42,9,36,29,46,55,59,2,16,23,58,53,43,20,10,18,45,7,56,51,12,24,6,52,11,40,5,60,15,31,62,61,47,4,8,57,39,32,1,25,38,14,28,30,33,13,44
1076995594446528845131195548838896332101	cd=695	10,20,4,8,57,39,51,12,48,3,46,29,44,13,15,60,49,35,50,19,54,27,41,37,1,32,47,61,21,42,28,14,45,18,58,23,40,5,38,25,11,52,7,56,30,33,17,34,26,22,53,43,36,9,59,55,2,16,6,24,31,62
record	m=2867200	20,10,4,8,57,39,51,12,3,48,29,46,13,44,60,15,35,49,50,19,54,27,41,37,32,1,61,47,21,42,28,14,18,45,23,58,5,40,25,38,52,11,7,56,30,33,17,34,26,22,53,43,9,36,55,59,2,16,24,6,31,62
325936703896846912724872642551560817985	cd=611	32,1,55,59,52,11,39,57,49,35,8,4,34,17,18,45,20,10,28,14,54,27,56,7,22,26,23,58,16,2,30,33,42,21,13,44,37,41,38,25,12,51,47,61,31,62,29,46,3,48,15,60,24,6,40,5,53,43,9,36,50,19
record	m=29360128	32,1,55,59,52,11,57,39,35,49,4,8,17,34,18,45,20,10,28,14,54,27,7,56,26,22,58,23,2,16,33,30,21,42,13,44,41,37,25,38,51,12,61,47,31,62,29,46,3,48,15,60,24,6,5,40,43,53,36,9,19,50
963597359234671359540536799280633229378	cd=523	52,11,27,54,14,28,9,36,32,1,47,61,41,37,51,12,6,24,17,34,15,60,4,8,58,23,38,25,19,50,13,44,35,49,22,26,59,55,30,33,48,3,39,57,5,40,2,16,42,21,45,18,62,31,43,53,46,29,20,10,7,56
record	m=15728640	52,11,27,54,28,14,9,36,32,1,61,47,41,37,51,12,24,6,17,34,60,15,4,8,58,23,25,38,50,19,44,13,35,49,26,22,55,59,33,30,3,48,57,39,40,5,2,16,21,42,18,45,31,62,53,43,46,29,20,10,7,56
292343068911840230727203368464055523391	cd=603	12,51,27,54,60,15,31,62,20,10,53,43,23,58,6,24,50,19,5,40,35,49,8,4,56,7,14,28,41,37,29,46,18,45,25,38,44,13,61,47,33,30,22,26,17,34,48,3,21,42,39,57,1,32,52,11,55,59,9,36,2,16
record	m=13762560	51,12,54,27,60,15,31,62,20,10,53,43,23,58,24,6,50,19,5,40,35,49,4,8,7,56,28,14,41,37,29,46,45,18,25,38,44,13,61,47,33,30,26,22,17,34,3,48,21,42,57,39,32,1,11,52,55,59,9,36,2,16
34529408435986149736789554511525303964	cd=571	14,28,52,11,39,57,61,47,31,62,34,17,46,29,60,15,41,37,32,1,42,21,55,59,7,56,54,27,35,49,8,4,18,45,25,38,13,44,20,10,40,5,36,9,30,33,23,58,53,43,19,50,51,12,24,6,26,22,48,3,16,2
record	m=16515072	28,14,52,11,57,39,61,47,31,62,34,17,46,29,60,15,41,37,32,1,21,42,55,59,7,56,54,27,35,49,4,8,18,45,25,38,13,44,20,10,40,5,9,36,30,33,23,58,43,53,50,19,51,12,24,6,26,22,3,48,16,2
843216041695306460431215529635412217324	cd=467	5,40,20,10,7,56,46,29,12,51,43,53,32,1,42,21,8,4,18,45,38,25,2,16,57,39,13,44,62,31,59,55,58,23,30,33,60,15,27,54,28,14,6,24,61,47,52,11,9,36,17,34,19,50,3,48,22,26,37,41,35,49
record	m=6422528	40,5,20,10,7,56,29,46,51,12,53,43,32,1,21,42,4,8,18,45,25,38,2,16,57,39,13,44,31,62,55,59,23,58,33,30,60,15,54,27,28,14,24,6,47,61,52,11,9,36,17,34,50,19,48,3,26,22,41,37,35,49
1044321154279648829959610151522627703385	cd=579	23,58,10,20,48,3,32,1,44,13,46,29,52,11,59,55,14,28,37,41,56,7,51,12,24,6,50,19,34,17,39,57,49,35,22,26,31,62,60,15,2,16,5,40,43,53,27,54,9,36,42,21,25,38,18,45,8,4,33,30,47,61
record	m=19660800	23,58,20,10,3,48,32,1,13,44,29,46,52,11,55,59,28,14,41,37,7,56,51,12,24,6,50,19,17,34,57,39,49,35,26,22,31,62,15,60,16,2,40,5,53,43,27,54,9,36,21,42,38,25,18,45,4,8,33,30,61,47
394763414975206034377552884454275489704	cd=615	53,43,44,13,1,32,39,57,33,30,45,18,48,3,14,28,38,25,23,58,55,59,17,34,47,61,27,54,24,6,35,49,52,11,4,8,10,20,31,62,15,60,40,5,7,56,29,46,51,12,9,36,16,2,19,50,42,21,41,37,26,22
record	m=5849088	53,43,13,44,32,1,57,39,33,30,18,45,3,48,28,14,25,38,23,58,55,59,17,34,47,61,54,27,24,6,35,49,52,11,4,8,20,10,31,62,60,15,40,5,7,56,29,46,51,12,9,36,2,16,50,19,21,42,37,41,22,26
701786681091202614875119077294930591100	cd=419	46,29,3,48,8,4,32,1,9,36,47,61,27,54,16,2,17,34,6,24,39,57,62,31,19,50,52,11,5,40,59,55,26,22,28,14,43,53,7,56,21,42,44,13,35,49,58,23,60,15,12,51,45,18,20,10,25,38,30,33,37,41
record	m=14680064	29,46,3,48,4,8,32,1,9,36,61,47,54,27,2,16,34,17,24,6,57,39,31,62,50,19,52,11,40,5,55,59,26,22,28,14,43,53,7,56,21,42,13,44,35,49,23,58,60,15,51,12,45,18,20,10,25,38,30,33,41,37
175628543593873055486749372372859990578	cd=419	45,18,9,36,33,30,58,23,24,6,57,39,2,16,49,35,53,43,32,1,59,55,20,10,28,14,3,48,62,31,46,29,40,5,47,61,56,7,21,42,4,8,41,37,54,27,51,12,25,38,34,17,50,19,26,22,15,60,44,13,52,11
record	m=476160	18,45,9,36,33,30,23,58,24,6,57,39,2,16,35,49,53,43,32,1,55,59,10,20,14,28,48,3,31,62,29,46,40,5,61,47,7,56,21,42,4,8,37,41,27,54,12,51,25,38,34,17,50,19,26,22,60,15,44,13,52,11
825140647470363141002207176166109850122	cd=411	3,48,52,11,8,4,39,57,24,6,47,61,1,32,17,34,37,41,46,29,15,60,23,58,51,12,45,18,43,53,59,55,26,22,36,9,31,62,25,38,33,30,50,19,44,13,40,5,2,16,20,10,54,27,28,14,42,21,56,7,35,49
record	m=1892352	3,48,52,11,4,8,57,39,24,6,47,61,32,1,17,34,41,37,29,46,60,15,23,58,51,12,18,45,53,43,55,59,26,22,36,9,31,62,25,38,33,30,50,19,13,44,5,40,2,16,10,20,54,27,28,14,21,42,7,56,49,35
503301718578181090841014078548310948175	cd=399	44,13,52,11,32,1,39,57,46,29,24,6,35,49,34,17,33,30,5,40,37,41,10,20,12,51,53,43,19,50,48,3,26,22,15,60,21,42,25,38,62,31,47,61,4,8,36,9,54,27,23,58,59,55,2,16,56,7,18,45,14,28
record	m=18350080	13,44,52,11,32,1,57,39,29,46,24,6,35,49,17,34,33,30,40,5,41,37,20,10,12,51,53,43,50,19,3,48,26,22,60,15,21,42,25,38,62,31,61,47,4,8,36,9,54,27,23,58,55,59,2,16,56,7,18,45,28,14
466159264062610315893951154726976424227	cd=487	9,36,53,43,7,56,57,39,2,16,60,15,40,5,48,3,55,59,17,34,19,50,47,61,58,23,30,33,6,24,45,18,1,32,11,52,20,10,46,29,49,35,42,21,8,4,44,13,28,14,54,27,62,31,25,38,51,12,37,41,22,26
record	m=2064384	9,36,53,43,7,56,57,39,2,16,60,15,40,5,3,48,55,59,17,34,19,50,61,47,23,58,33,30,24,6,18,45,32,1,52,11,10,20,29,46,35,49,42,21,8,4,13,44,28,14,54,27,62,31,38,25,51,12,41,37,26,22
202793069832629428125836578921800275037	cd=499	57,39,50,19,58,23,61,47,27,54,21,42,7,56,49,35,22,26,12,51,25,38,48,3,30,33,13,44,24,6,60,15,45,18,16,2,34,17,5,40,9,36,46,29,8,4,37,41,1,32,62,31,28,14,20,10,53,43,55,59,52,11
record	m=33030144	57,39,50,19,23,58,61,47,54,27,21,42,7,56,35,49,26,22,51,12,25,38,3,48,33,30,13,44,24,6,60,15,45,18,2,16,34,17,40,5,9,36,29,46,4,8,41,37,32,1,62,31,28,14,20,10,43,53,59,55,52,11
99023490014525949393525513437182739469	cd=523	19,50,56,7,46,29,27,54,2,16,1,32,35,49,22,26,13,44,57,39,21,42,60,15,48,3,53,43,9,36,52,11,47,61,5,40,20,10,31,62,25,38,58,23,37,41,51,12,24,6,17,34,14,28,30,33,45,18,55,59,8,4
record	m=15138816	50,19,7,56,29,46,54,27,2,16,32,1,35,49,26,22,13,44,57,39,21,42,60,15,3,48,53,43,9,36,52,11,61,47,40,5,20,10,31,62,25,38,23,58,41,37,12,51,24,6,17,34,14,28,30,33,18,45,55,59,4,8
894309661037374596227029530012558801896	cd=647	28,14,19,50,6,24,15,60,58,23,51,12,18,45,36,9,46,29,41,37,59,55,32,1,40,5,21,42,38,25,26,22,53,43,49,35,57,39,31,62,44,13,33,30,7,56,48,3,27,54,10,20,2,16,47,61,17,34,4,8,11,52
record	m=691200	28,14,50,19,24,6,60,15,23,58,51,12,18,45,9,36,29,46,41,37,55,59,32,1,40,5,21,42,25,38,26,22,53,43,49,35,57,39,31,62,44,13,33,30,7,56,48,3,27,54,20,10,16,2,61,47,34,17,4,8,11,52
624278570273751480314177794456085141695	cd=439	19,50,27,54,31,62,55,59,49,35,33,30,15,60,58,23,9,36,10,20,40,5,32,1,18,45,28,14,42,21,25,38,8,4,11,52,57,39,44,13,24,6,3,48,46,29,26,22,12,51,43,53,61,47,16,2,56,7,34,17,41,37
record	m=33030144	50,19,54,27,31,62,55,59,35,49,33,30,60,15,23,58,9,36,20,10,40,5,32,1,18,45,28,14,21,42,25,38,4,8,52,11,57,39,13,44,24,6,3,48,29,46,26,22,51,12,53,43,61,47,16,2,56,7,17,34,41,37
188124324975781615651499881698438662178	cd=539	42,21,48,3,53,43,27,54,24,6,16,2,32,1,14,28,37,41,62,31,22,26,55,59,30,33,36,9,4,8,46,29,7,56,51,12,10,20,50,19,57,39,23,58,5,40,44,13,61,47,15,60,45,18,25,38,49,35,17,34,52,11
record	m=82575360	21,42,3,48,53,43,54,27,24,6,2,16,32,1,28,14,41,37,31,62,26,22,55,59,33,30,9,36,4,8,29,46,7,56,51,12,20,10,50,19,57,39,23,58,5,40,13,44,61,47,60,15,18,45,25,38,49,35,17,34,52,11
975455290551604015700295841797101844788	cd=315	18,45,42,21,60,15,22,26,3,48,30,33,61,47,37,41,1,32,16,2,52,11,4,8,27,54,38,25,58,23,12,51,9,36,53,43,44,13,14,28,35,49,24,6,62,31,59,55,57,39,20,10,17,34,50,19,5,40,46,29,7,56
record	m=5505024	18,45,21,42,60,15,26,22,3,48,33,30,61,47,41,37,32,1,2,16,52,11,4,8,27,54,38,25,23,58,12,51,9,36,43,53,13,44,28,14,49,35,6,24,31,62,55,59,57,39,20,10,17,34,19,50,40,5,46,29,7,56
188345890024495660817471858184177745582	cd=347	10,20,49,35,22,26,12,51,19,50,30,33,56,7,6,24,13,44,39,57,53,43,45,18,62,31,58,23,16,2,55,59,14,28,37,41,47,61,8,4,1,32,9,36,60,15,48,3,21,42,38,25,40,5,29,46,27,54,17,34,52,11
record	m=7864320	20,10,35,49,26,22,12,51,50,19,33,30,7,56,24,6,13,44,57,39,53,43,18,45,31,62,23,58,2,16,55,59,28,14,41,37,61,47,4,8,32,1,36,9,60,15,48,3,21,42,38,25,40,5,29,46,54,27,17,34,52,11
570180532644458877346808296938410037157	cd=399	17,34,5,40,51,12,46,29,33,30,8,4,59,55,36,9,16,2,39,57,31,62,26,22,24,6,20,10,56,7,61,47,37,41,58,23,49,35,15,60,54,27,11,52,44,13,3,48,25,38,19,50,28,14,18,45,43,53,21,42,1,32
record	m=917504	17,34,40,5,51,12,29,46,33,30,4,8,55,59,9,36,2,16,57,39,31,62,26,22,24,6,20,10,7,56,61,47,41,37,23,58,35,49,60,15,54,27,11,52,13,44,48,3,25,38,50,19,28,14,45,18,53,43,42,21,32,1
714311602774084779941336579135216265053	cd=587	9,36,60,15,24,6,33,30,28,14,38,25,5,40,12,51,21,42,61,47,31,62,18,45,35,49,11,52,29,46,20,10,58,23,55,59,3,48,2,16,26,22,32,1,39,57,53,43,13,44,19,50,27,54,4,8,34,17,7,56,37,41
record	m=24772608	9,36,60,15,24,6,33,30,28,14,25,38,40,5,51,12,21,42,61,47,31,62,18,45,35,49,52,11,29,46,20,10,58,23,55,59,3,48,2,16,26,22,32,1,57,39,53,43,13,44,19,50,27,54,4,8,17,34,7,56,41,37
956707878025764004883243956509155296120	cd=631	33,30,13,44,5,40,34,17,4,8,19,50,61,47,62,31,9,36,27,54,56,7,21,42,28,14,52,11,45,18,26,22,12,51,39,57,60,15,38,25,20,10,41,37,1,32,16,2,48,3,46,29,6,24,53,43,49,35,23,58,59,55
record	m=7340032	33,30,13,44,40,5,17,34,4,8,50,19,61,47,31,62,36,9,54,27,7,56,21,42,28,14,52,11,45,18,26,22,12,51,57,39,15,60,25,38,20,10,41,37,32,1,2,16,3,48,29,46,6,24,53,43,49,35,23,58,55,59
345672826286482364920100835034294005351	cd=511	23,58,20,10,12,51,40,5,61,47,44,13,27,54,59,55,18,45,31,62,15,60,17,34,29,46,48,3,22,26,14,28,37,41,53,43,49,35,11,52,19,50,6,24,16,2,30,33,25,38,4,8,32,1,7,56,57,39,36,9,42,21
record	m=9830400	23,58,20,10,51,12,40,5,61,47,13,44,54,27,55,59,18,45,31,62,60,15,17,34,29,46,3,48,26,22,28,14,41,37,43,53,35,49,52,11,50,19,24,6,16,2,33,30,25,38,4,8,32,1,7,56,57,39,36,9,21,42
945018166940493303316538545680371375464	cd=431	9,36,34,17,46,29,15,60,31,62,18,45,20,10,1,32,58,23,5,40,50,19,37,41,4,8,57,39,42,21,30,33,49,35,48,3,13,44,24,6,54,27,22,26,43,53,51,12,14,28,7,56,52,11,47,61,16,2,25,38,59,55
record	m=172032	9,36,17,34,29,46,60,15,62,31,18,45,20,10,32,1,23,58,40,5,19,50,41,37,4,8,57,39,21,42,30,33,35,49,3,48,44,13,24,6,54,27,22,26,43,53,51,12,28,14,7,56,52,11,61,47,2,16,38,25,55,59
830789606602384083058299047001707437731	cd=395	7,56,20,10,53,43,23,58,11,52,24,6,54,27,12,51,47,61,19,50,59,55,2,16,5,40,62,31,14,28,57,39,30,33,9,36,32,1,29,46,8,4,22,26,41,37,45,18,48,3,21,42,44,13,25,38,60,15,34,17,35,49
record	m=9175040	7,56,20,10,53,43,23,58,52,11,24,6,54,27,51,12,61,47,50,19,55,59,2,16,40,5,31,62,28,14,39,57,33,30,9,36,32,1,29,46,4,8,26,22,37,41,45,18,3,48,21,42,13,44,38,25,60,15,17,34,49,35
228801506272428309102925246496533200913	cd=555	36,9,49,35,26,22,60,15,25,38,48,3,51,12,58,23,14,28,10,20,31,62,57,39,29,46,8,4,56,7,41,37,19,50,16,2,61,47,59,55,27,54,32,1,11,52,40,5,24,6,30,33,21,42,43,53,17,34,18,45,44,13
record	m=9175040	9,36,35,49,26,22,60,15,25,38,3,48,51,12,23,58,28,14,20,10,31,62,57,39,29,46,4,8,7,56,41,37,50,19,2,16,47,61,55,59,54,27,1,32,52,11,40,5,24,6,33,30,21,42,43,53,17,34,18,45,13,44
968437313129586772689268512354063281833	cd=435	44,13,50,19,1,32,20,10,33,30,60,15,37,41,29,46,24,6,39,57,16,2,47,61,11,52,22,26,48,3,18,45,4,8,62,31,14,28,58,23,27,54,42,21,36,9,51,12,40,5,38,25,35,49,53,43,59,55,34,17,7,56
record	m=28835840	13,44,50,19,32,1,20,10,33,30,60,15,41,37,29,46,24,6,57,39,2,16,61,47,11,52,22,26,3,48,18,45,4,8,31,62,28,14,23,58,54,27,21,42,9,36,51,12,40,5,25,38,35,49,53,43,59,55,17,34,7,56
432276780847546369470747191920514750480	cd=427	49,35,11,52,29,46,17,34,22,26,23,58,15,60,37,41,42,21,6,24,27,54,31,62,48,3,19,50,44,13,47,61,59,55,32,1,8,4,36,9,33,30,57,39,12,51,45,18,7,56,20,10,5,40,16,2,14,28,53,43,38,25
record	m=24772608	35,49,52,11,29,46,17,34,26,22,23,58,60,15,41,37,21,42,24,6,54,27,31,62,48,3,50,19,13,44,61,47,55,59,32,1,4,8,36,9,33,30,57,39,12,51,45,18,7,56,20,10,5,40,2,16,14,28,53,43,25,38
114342260693341154081142367556624687091	cd=339	52,11,16,2,25,38,35,49,40,5,58,23,26,22,28,14,43,53,55,59,13,44,4,8,29,46,51,12,10,20,17,34,37,41,39,57,62,31,19,50,42,21,33,30,61,47,60,15,45,18,36,9,32,1,3,48,6,24,54,27,56,7
record	m=34406400	52,11,2,16,25,38,35,49,40,5,58,23,26,22,28,14,43,53,55,59,13,44,4,8,29,46,51,12,20,10,17,34,41,37,57,39,31,62,50,19,42,21,33,30,61,47,60,15,18,45,9,36,32,1,48,3,24,6,27,54,7,56
899803479041349176575354900290452245107	cd=459	17,34,62,31,10,20,25,38,55,59,56,7,8,4,24,6,26,22,51,12,41,37,28,14,15,60,58,23,53,43,48,3,57,39,61,47,36,9,54,27,21,42,40,5,30,33,46,29,44,13,16,2,19,50,32,1,35,49,45,18,11,52
record	m=9175040	17,34,62,31,20,10,25,38,55,59,7,56,4,8,24,6,26,22,51,12,41,37,28,14,60,15,23,58,53,43,3,48,57,39,61,47,9,36,27,54,21,42,40,5,30,33,29,46,13,44,2,16,50,19,1,32,35,49,18,45,52,11
415674438753532979210884304314758997301	cd=587	30,33,59,55,26,22,19,50,20,10,40,5,29,46,47,61,27,54,32,1,28,14,43,53,18,45,12,51,41,37,7,56,44,13,23,58,16,2,42,21,15,60,4,8,34,17,36,9,3,48,49,35,6,24,39,57,62,31,52,11,38,25
record	m=3514368	33,30,55,59,26,22,50,19,20,10,40,5,29,46,47,61,54,27,1,32,28,14,43,53,18,45,51,12,41,37,7,56,13,44,58,23,2,16,21,42,60,15,4,8,17,34,9,36,3,48,49,35,6,24,39,57,31,62,52,11,38,25
268437804981250840186464372650643934160	cd=551	12,51,11,52,30,33,48,3,1,32,39,57,20,10,9,36,47,61,5,40,16,2,8,4,38,25,44,13,6,24,18,45,37,41,58,23,34,17,46,29,22,26,56,7,42,21,60,15,62,31,50,19,43,53,27,54,35,49,59,55,28,14
record	m=33030144	51,12,52,11,33,30,3,48,32,1,57,39,20,10,9,36,61,47,40,5,2,16,4,8,25,38,13,44,24,6,18,45,41,37,23,58,17,34,29,46,26,22,7,56,21,42,60,15,62,31,19,50,53,43,27,54,35,49,55,59,28,14
687890343864337986328034847756137290361	cd=559	28,14,49,35,6,24,15,60,10,20,16,2,59,55,42,21,12,51,22,26,52,11,38,25,18,45,39,57,1,32,5,40,50,19,43,53,46,29,47,61,36,9,31,62,58,23,27,54,34,17,3,48,33,30,8,4,13,44,56,7,37,41
record	m=11354112	28,14,49,35,6,24,60,15,20,10,2,16,55,59,21,42,51,12,26,22,52,11,25,38,18,45,57,39,32,1,40,5,19,50,53,43,29,46,61,47,9,36,62,31,23,58,54,27,17,34,3,48,30,33,4,8,13,44,7,56,37,41
117438188762380298505533545989970270580	cd=523	44,13,28,14,37,41,46,29,3,48,5,40,8,4,60,15,9,36,16,2,12,51,61,47,52,11,34,17,35,49,38,25,26,22,53,43,20,10,24,6,18,45,59,55,57,39,33,30,27,54,32,1,50,19,58,23,21,42,62,31,56,7
record	m=6881280	13,44,28,14,41,37,29,46,3,48,40,5,4,8,60,15,9,36,2,16,51,12,61,47,52,11,17,34,49,35,25,38,26,22,53,43,20,10,24,6,18,45,55,59,39,57,33,30,54,27,1,32,50,19,58,23,21,42,31,62,7,56
869811966999780339410227939863492816896	cd=547	33,30,44,13,49,35,28,14,58,23,4,8,17,34,20,10,27,54,6,24,21,42,12,51,52,11,18,45,31,62,39,57,60,15,7,56,1,32,40,5,3,48,38,25,53,43,29,46,9,36,41,37,16,2,47,61,59,55,22,26,19,50
record	m=27525120	33,30,13,44,35,49,28,14,23,58,8,4,17,34,20,10,54,27,24,6,21,42,51,12,52,11,18,45,31,62,57,39,60,15,7,56,32,1,40,5,3,48,25,38,53,43,29,46,36,9,41,37,2,16,47,61,55,59,26,22,50,19
66682308499802236908695786913093867146	cd=411	22,26,58,23,20,10,18,45,35,49,39,57,40,5,3,48,55,59,1,32,4,8,50,19,24,6,28,14,31,62,43,53,25,38,11,52,60,15,29,46,12,51,21,42,37,41,7,56,33,30,9,36,27,54,44,13,17,34,47,61,16,2
record	m=6193152	26,22,23,58,20,10,18,45,35,49,39,57,40,5,3,48,55,59,32,1,4,8,50,19,24,6,28,14,31,62,53,43,25,38,52,11,15,60,29,46,51,12,21,42,41,37,56,7,33,30,9,36,27,54,44,13,17,34,47,61,16,2
330534089393098711054761664519021400742	cd=555	18,45,4,8,37,41,29,46,20,10,36,9,56,7,61,47,35,49,52,11,12,51,16,2,17,34,33,30,42,21,23,58,6,24,59,55,31,62,28,14,38,25,60,15,48,3,22,26,1,32,40,5,39,57,54,27,13,44,53,43,50,19
record	m=15138816	18,45,4,8,41,37,29,46,20,10,9,36,7,56,61,47,35,49,52,11,51,12,2,16,17,34,30,33,21,42,58,23,24,6,55,59,31,62,28,14,25,38,60,15,48,3,26,22,32,1,40,5,57,39,27,54,44,13,53,43,50,19
381271560393126106479185384461808322442	cd=235	28,14,45,18,1,32,62,31,60,15,36,9,44,13,19,50,35,49,7,56,48,3,21,42,39,57,51,12,6,24,34,17,54,27,61,47,23,58,5,40,46,29,59,55,53,43,10,20,37,41,38,25,8,4,16,2,30,33,52,11,26,22
record	m=10321920	28,14,18,45,32,1,31,62,60,15,9,36,13,44,50,19,35,49,7,56,48,3,21,42,57,39,51,12,24,6,17,34,54,27,61,47,23,58,40,5,29,46,55,59,53,43,20,10,41,37,25,38,8,4,2,16,33,30,52,11,22,26
42430645122337935680230720731934281957	cd=403	56,7,10,20,33,30,60,15,22,26,50,19,13,44,42,21,35,49,5,40,37,41,36,9,57,39,24,6,8,4,25,38,23,58,14,28,52,11,12,51,54,27,3,48,46,29,62,31,53,43,55,59,61,47,32,1,17,34,45,18,16,2
record	m=11010048	7,56,20,10,33,30,60,15,26,22,50,19,13,44,21,42,35,49,40,5,41,37,9,36,57,39,24,6,4,8,25,38,23,58,28,14,11,52,12,51,54,27,3,48,29,46,31,62,53,43,55,59,61,47,32,1,34,17,45,18,2,16
898289498154144899148890892908359166361	cd=355	5,40,34,17,7,56,32,1,33,30,24,6,28,14,25,38,50,19,57,39,46,29,51,12,31,62,27,54,48,3,26,22,37,41,15,60,42,21,49,35,36,9,58,23,13,44,10,20,55,59,4,8,45,18,43,53,61,47,2,16,11,52
record	m=7741440	40,5,17,34,7,56,32,1,33,30,24,6,28,14,25,38,50,19,57,39,29,46,51,12,31,62,54,27,3,48,26,22,41,37,60,15,21,42,35,49,9,36,23,58,44,13,20,10,59,55,4,8,18,45,53,43,61,47,2,16,11,52
1020818437722693680959102020901998580791	cd=643	25,38,32,1,13,44,30,33,5,40,2,16,47,61,54,27,24,6,15,60,8,4,42,21,35,49,29,46,20,10,56,7,43,53,28,14,50,19,26,22,37,41,51,12,36,9,11,52,17,34,45,18,57,39,31,62,58,23,3,48,55,59
record	m=12189696	25,38,32,1,13,44,33,30,40,5,2,16,61,47,54,27,24,6,60,15,4,8,21,42,35,49,29,46,20,10,7,56,53,43,14,28,50,19,26,22,41,37,51,12,9,36,52,11,17,34,18,45,57,39,31,62,58,23,48,3,55,59
288037917469032317441615915385350249357	cd=415	26,22,24,6,54,27,8,4,1,32,44,13,45,18,23,58,19,50,36,9,37,41,17,34,39,57,3,48,59,55,43,53,29,46,51,12,62,31,52,11,38,25,5,40,15,60,30,33,47,61,7,56,10,20,21,42,35,49,14,28,2,16
record	m=878592	26,22,24,6,54,27,8,4,32,1,13,44,45,18,23,58,19,50,36,9,37,41,17,34,57,39,3,48,55,59,53,43,29,46,51,12,31,62,52,11,25,38,40,5,60,15,33,30,61,47,7,56,20,10,42,21,35,49,14,28,2,16
168893560553818262467218857274710841221	cd=471	50,19,37,41,25,38,36,9,33,30,42,21,56,7,31,62,6,24,22,26,20,10,1,32,46,29,15,60,39,57,13,44,40,5,49,35,55,59,14,28,54,27,45,18,52,11,12,51,58,23,53,43,48,3,34,17,2,16,47,61,4,8
record	m=16515072	50,19,41,37,25,38,36,9,33,30,21,42,7,56,31,62,24,6,26,22,20,10,32,1,29,46,60,15,57,39,13,44,5,40,35,49,55,59,28,14,54,27,18,45,52,11,12,51,23,58,43,53,48,3,17,34,16,2,61,47,4,8
13159318837012184183081040985107003291	cd=423	23,58,35,49,7,56,25,38,20,10,16,2,9,36,33,30,42,21,4,8,18,45,43,53,60,15,54,27,40,5,14,28,47,61,51,12,26,22,13,44,39,57,41,37,11,52,48,3,17,34,29,46,59,55,50,19,31,62,6,24,32,1
record	m=55050240	23,58,35,49,7,56,25,38,20,10,2,16,9,36,33,30,21,42,4,8,18,45,53,43,60,15,54,27,40,5,28,14,47,61,51,12,26,22,13,44,57,39,41,37,52,11,3,48,17,34,29,46,55,59,50,19,31,62,24,6,32,1
594318981538625628687755211184257375268	cd=375	32,1,4,8,56,7,30,33,58,23,13,44,24,6,40,5,45,18,31,62,10,20,43,53,47,61,48,3,12,51,50,19,57,39,17,34,46,29,52,11,42,21,26,22,27,54,2,16,37,41,59,55,15,60,9,36,28,14,38,25,49,35
record	m=7569408	32,1,4,8,7,56,33,30,23,58,44,13,24,6,40,5,18,45,31,62,20,10,53,43,61,47,3,48,12,51,50,19,57,39,17,34,46,29,52,11,21,42,26,22,27,54,2,16,41,37,55,59,60,15,9,36,28,14,38,25,49,35
1060629035989564973544012196949978458466	cd=499	4,8,25,38,30,33,3,48,21,42,9,36,62,31,14,28,56,7,5,40,51,12,57,39,32,1,35,49,29,46,55,59,26,22,37,41,53,43,27,54,45,18,24,6,16,2,52,11,34,17,10,20,19,50,13,44,15,60,23,58,47,61
record	m=3670016	4,8,25,38,33,30,3,48,21,42,9,36,62,31,28,14,7,56,40,5,51,12,57,39,32,1,35,49,29,46,55,59,26,22,41,37,43,53,54,27,18,45,24,6,16,2,52,11,17,34,20,10,50,19,13,44,15,60,58,23,61,47
742411483420668059992130071767467628188	cd=439	53,43,49,35,4,8,32,1,62,31,59,55,47,61,15,60,46,29,44,13,33,30,52,11,10,20,28,14,9,36,7,56,25,38,16,2,50,19,57,39,58,23,48,3,22,26,40,5,51,12,37,41,24,6,54,27,34,17,18,45,21,42
record	m=7340032	53,43,35,49,4,8,32,1,62,31,55,59,61,47,60,15,29,46,13,44,33,30,52,11,10,20,14,28,9,36,7,56,25,38,2,16,50,19,57,39,23,58,3,48,26,22,5,40,51,12,41,37,6,24,54,27,34,17,45,18,21,42
894863631835068008009264222874319112236	cd=519	26,22,2,16,31,62,59,55,35,49,42,21,38,25,50,19,7,56,12,51,61,47,60,15,48,3,24,6,37,41,17,34,23,58,14,28,53,43,13,44,39,57,40,5,1,32,54,27,8,4,33,30,20,10,46,29,18,45,36,9,11,52
record	m=4128768	26,22,2,16,31,62,55,59,35,49,21,42,25,38,50,19,7,56,51,12,61,47,60,15,48,3,24,6,37,41,17,34,23,58,28,14,43,53,13,44,57,39,40,5,1,32,54,27,8,4,33,30,20,10,29,46,18,45,9,36,52,11
1040285725121340671848331016148402679708	cd=495	40,5,23,58,49,35,2,16,52,11,33,30,31,62,18,45,4,8,43,53,46,29,34,17,7,56,12,51,27,54,39,57,25,38,48,3,55,59,15,60,42,21,50,19,14,28,1,32,44,13,36,9,6,24,10,20,37,41,26,22,47,61
record	m=5963776	40,5,23,58,35,49,2,16,52,11,33,30,31,62,18,45,4,8,43,53,29,46,17,34,7,56,51,12,54,27,57,39,38,25,3,48,55,59,60,15,21,42,50,19,28,14,32,1,13,44,9,36,24,6,20,10,41,37,22,26,61,47
150717386050861363147341117895673996089	cd=503	28,14,18,45,57,39,61,47,16,2,52,11,9,36,23,58,20,10,30,33,53,43,51,12,17,34,44,13,37,41,1,32,42,21,6,24,31,62,60,15,35,49,26,22,48,3,54,27,55,59,25,38,5,40,50,19,56,7,46,29,4,8
record	m=5505024	28,14,18,45,57,39,61,47,16,2,52,11,9,36,23,58,20,10,33,30,53,43,51,12,17,34,44,13,41,37,32,1,21,42,24,6,31,62,60,15,35,49,26,22,3,48,54,27,55,59,25,38,40,5,19,50,56,7,29,46,4,8
543743600361673156316237847326140086545	cd=627	37,41,19,50,43,53,35,49,8,4,23,58,28,14,47,61,1,32,7,56,16,2,48,3,17,34,52,11,42,21,30,33,25,38,5,40,26,22,15,60,24,6,44,13,29,46,27,54,9,36,51,12,45,18,10,20,39,57,59,55,62,31
record	m=18087936	41,37,50,19,53,43,35,49,4,8,58,23,28,14,61,47,32,1,7,56,2,16,3,48,17,34,52,11,42,21,33,30,25,38,40,5,22,26,60,15,6,24,13,44,29,46,54,27,36,9,51,12,45,18,20,10,57,39,55,59,31,62
160823878831815415216427024823145214194	cd=583	43,53,60,15,35,49,23,58,3,48,22,26,51,12,21,42,41,37,1,32,2,16,17,34,45,18,27,54,56,7,52,11,6,24,31,62,55,59,50,19,44,13,39,57,10,20,61,47,9,36,33,30,40,5,14,28,38,25,29,46,4,8
record	m=20971520	53,43,60,15,35,49,23,58,3,48,26,22,51,12,21,42,41,37,32,1,2,16,17,34,18,45,54,27,7,56,52,11,24,6,31,62,55,59,50,19,44,13,57,39,20,10,47,61,9,36,33,30,40,5,28,14,25,38,46,29,4,8
283264080390673709517942316473251827392	cd=487	45,18,8,4,34,17,36,9,28,14,20,10,1,32,38,25,11,52,19,50,56,7,35,49,57,39,29,46,12,51,62,31,53,43,26,22,41,37,13,44,60,15,55,59,23,58,54,27,47,61,48,3,5,40,30,33,24,6,42,21,2,16
record	m=19464192	18,45,4,8,17,34,9,36,28,14,20,10,32,1,25,38,52,11,50,19,7,56,35,49,57,39,29,46,51,12,31,62,53,43,26,22,41,37,13,44,60,15,55,59,23,58,54,27,61,47,3,48,40,5,30,33,24,6,21,42,2,16
942516375239886628363593200129590085179	cd=443	54,27,26,22,5,40,61,47,16,2,39,57,56,7,12,51,42,21,3,48,24,6,18,45,9,36,43,53,1,32,37,41,38,25,11,52,29,46,34,17,8,4,19,50,60,15,62,31,13,44,49,35,14,28,23,58,20,10,30,33,59,55
record	m=3473408	54,27,26,22,5,40,61,47,2,16,57,39,7,56,51,12,21,42,3,48,24,6,18,45,9,36,53,43,32,1,41,37,25,38,52,11,29,46,17,34,4,8,50,19,15,60,31,62,13,44,35,49,28,14,23,58,10,20,30,33,55,59
354948750229188583990930785664836442633	cd=503	6,24,39,57,59,55,22,26,1,32,19,50,36,9,58,23,61,47,41,37,49,35,31,62,51,12,2,16,52,11,46,29,10,20,44,13,17,34,15,60,14,28,56,7,43,53,18,45,33,30,4,8,40,5,38,25,3,48,54,27,42,21
record	m=22020096	24,6,57,39,55,59,26,22,32,1,50,19,9,36,23,58,61,47,41,37,35,49,31,62,51,12,2,16,52,11,29,46,20,10,13,44,34,17,60,15,28,14,7,56,53,43,18,45,33,30,4,8,40,5,25,38,3,48,54,27,21,42
536146607717585055915027678285292456552	cd=471	7,56,1,32,46,29,34,17,59,55,47,61,24,6,18,45,41,37,57,39,13,44,49,35,14,28,40,5,12,51,11,52,25,38,21,42,2,16,8,4,60,15,9,36,48,3,27,54,50,19,20,10,22,26,23,58,33,30,53,43,62,31
record	m=6881280	7,56,32,1,29,46,17,34,55,59,61,47,6,24,18,45,41,37,57,39,13,44,35,49,28,14,40,5,51,12,52,11,25,38,21,42,2,16,4,8,60,15,9,36,3,48,54,27,50,19,20,10,26,22,58,23,33,30,53,43,31,62
876015815569870877820801553453500459306	cd=475	60,15,38,25,26,22,58,23,27,54,48,3,36,9,44,13,46,29,7,56,33,30,43,53,1,32,17,34,39,57,6,24,59,55,20,10,14,28,5,40,12,51,47,61,4,8,62,31,42,21,52,11,2,16,18,45,35,49,41,37,19,50
record	m=3440640	60,15,25,38,26,22,23,58,54,27,3,48,9,36,13,44,29,46,7,56,33,30,53,43,32,1,34,17,57,39,24,6,55,59,10,20,14,28,40,5,12,51,61,47,4,8,31,62,42,21,52,11,2,16,18,45,35,49,41,37,50,19
97238101427791315908579573792178497238	cd=431	42,21,30,33,11,52,19,50,46,29,23,58,3,48,53,43,24,6,27,54,51,12,22,26,57,39,41,37,9,36,34,17,5,40,32,1,62,31,60,15,28,14,61,47,45,18,59,55,16,2,13,44,20,10,38,25,49,35,7,56,8,4
record	m=2534400	21,42,33,30,52,11,50,19,29,46,23,58,3,48,53,43,24,6,54,27,51,12,26,22,39,57,41,37,9,36,17,34,40,5,32,1,62,31,60,15,28,14,47,61,45,18,55,59,2,16,13,44,20,10,25,38,35,49,56,7,4,8
538932067427835925904498406401537351917	cd=439	23,58,28,14,20,10,30,33,44,13,42,21,53,43,2,16,5,40,32,1,57,39,6,24,46,29,19,50,26,22,25,38,37,41,60,15,59,55,49,35,17,34,51,12,18,45,8,4,52,11,56,7,61,47,54,27,36,9,3,48,62,31
record	m=5677056	23,58,28,14,20,10,33,30,13,44,21,42,43,53,16,2,40,5,32,1,57,39,24,6,29,46,50,19,26,22,25,38,41,37,60,15,55,59,35,49,17,34,51,12,18,45,4,8,11,52,56,7,47,61,54,27,9,36,48,3,31,62
320208883751980762710066708038079353611	cd=471	38,25,7,56,16,2,40,5,49,35,27,54,31,62,57,39,52,11,6,24,17,34,48,3,18,45,51,12,14,28,47,61,15,60,33,30,59,55,46,29,13,44,58,23,43,53,10,20,36,9,32,1,21,42,8,4,41,37,22,26,50,19
record	m=15138816	25,38,7,56,2,16,40,5,35,49,54,27,31,62,57,39,52,11,24,6,17,34,3,48,18,45,51,12,28,14,61,47,60,15,33,30,55,59,29,46,13,44,58,23,53,43,20,10,9,36,1,32,21,42,8,4,37,41,26,22,50,19
886952981252698335633406455082665305342	cd=599	1,32,20,10,7,56,26,22,24,6,46,29,52,11,62,31,47,61,23,58,53,43,36,9,12,51,30,33,21,42,44,13,4,8,17,34,48,3,25,38,2,16,27,54,37,41,28,14,49,35,45,18,15,60,5,40,59,55,39,57,19,50
record	m=30277632	32,1,20,10,7,56,26,22,24,6,29,46,52,11,31,62,61,47,23,58,53,43,9,36,51,12,33,30,21,42,13,44,4,8,17,34,3,48,25,38,2,16,54,27,41,37,28,14,49,35,18,45,60,15,40,5,55,59,57,39,50,19
245903629722135435654161478999920277162	cd=635	20,10,24,6,2,16,1,32,25,38,51,12,7,56,19,50,62,31,55,59,18,45,60,15,53,43,40,5,49,35,17,34,37,41,22,26,21,42,9,36,4,8,33,30,48,3,58,23,52,11,46,29,47,61,27,54,57,39,44,13,28,14
record	m=47185920	20,10,24,6,2,16,32,1,25,38,51,12,7,56,50,19,31,62,55,59,45,18,60,15,53,43,5,40,35,49,17,34,41,37,26,22,42,21,9,36,8,4,33,30,3,48,23,58,52,11,29,46,61,47,54,27,39,57,13,44,28,14
276060370423551138601684558518128974105	cd=491	5,40,33,30,61,47,12,51,6,24,44,13,35,49,1,32,18,45,25,38,7,56,28,14,37,41,22,26,11,52,34,17,39,57,9,36,23,58,31,62,29,46,42,21,53,43,50,19,15,60,55,59,54,27,20,10,48,3,4,8,2,16
record	m=4128768	40,5,33,30,61,47,51,12,24,6,13,44,35,49,32,1,18,45,25,38,7,56,28,14,41,37,26,22,52,11,17,34,57,39,9,36,23,58,31,62,29,46,42,21,53,43,50,19,15,60,55,59,54,27,20,10,48,3,4,8,2,16
221405362818898215383163423082017902109	cd=395	4,8,38,25,41,37,48,3,51,12,10,20,26,22,21,42,55,59,39,57,16,2,61,47,45,18,11,52,17,34,30,33,46,29,9,36,56,7,31,62,27,54,43,53,58,23,35,49,60,15,19,50,28,14,40,5,6,24,1,32,44,13
record	m=1382400	4,8,25,38,41,37,3,48,51,12,20,10,22,26,21,42,55,59,39,57,16,2,61,47,45,18,52,11,17,34,33,30,29,46,9,36,7,56,31,62,27,54,53,43,23,58,35,49,60,15,19,50,28,14,40,5,6,24,32,1,13,44
781509306614916883177604642431629146023	cd=355	3,48,15,60,37,41,56,7,22,26,2,16,10,20,29,46,34,17,18,45,30,33,4,8,58,23,50,19,5,40,51,12,38,25,24,6,32,1,27,54,47,61,55,59,57,39,9,36,21,42,31,62,49,35,53,43,14,28,11,52,13,44
record	m=1720320	3,48,60,15,41,37,7,56,26,22,2,16,20,10,29,46,17,34,18,45,33,30,4,8,58,23,50,19,5,40,51,12,25,38,6,24,32,1,27,54,61,47,55,59,39,57,36,9,21,42,31,62,35,49,43,53,28,14,52,11,44,13
450313552837262889499920005709540160080	cd=411	51,12,37,41,24,6,28,14,27,54,34,17,57,39,20,10,43,53,45,18,8,4,62,31,46,29,30,33,1,32,7,56,21,42,35,49,36,9,19,50,2,16,47,61,15,60,5,40,44,13,3,48,59,55,58,23,25,38,52,11,22,26
record	m=2365440	51,12,41,37,6,24,28,14,54,27,17,34,57,39,20,10,53,43,18,45,4,8,31,62,29,46,30,33,32,1,7,56,21,42,35,49,9,36,50,19,2,16,61,47,60,15,5,40,13,44,48,3,55,59,23,58,25,38,52,11,26,22
918049575254549228792770767217119812237	cd=483	23,58,51,12,42,21,47,61,36,9,54,27,55,59,50,19,22,26,25,38,62,31,39,57,13,44,16,2,30,33,29,46,56,7,28,14,43,53,37,41,34,17,1,32,6,24,40,5,3,48,60,15,20,10,4,8,45,18,35,49,11,52
record	m=49545216	23,58,51,12,21,42,61,47,9,36,54,27,55,59,50,19,26,22,25,38,31,62,57,39,13,44,2,16,33,30,29,46,7,56,28,14,43,53,41,37,17,34,32,1,24,6,40,5,3,48,15,60,20,10,8,4,18,45,35,49,11,52
555195903651024407773043204105728437575	cd=587	23,58,25,38,43,53,18,45,9,36,4,8,57,39,22,26,60,15,54,27,49,35,28,14,42,21,37,41,29,46,62,31,7,56,33,30,50,19,34,17,13,44,11,52,61,47,59,55,20,10,5,40,48,3,24,6,51,12,2,16,1,32
record	m=6193152	23,58,25,38,53,43,18,45,9,36,4,8,57,39,22,26,60,15,54,27,35,49,14,28,21,42,41,37,29,46,31,62,7,56,33,30,50,19,17,34,44,13,52,11,61,47,55,59,10,20,40,5,3,48,24,6,12,51,2,16,32,1
1079020176680224146250974366691016952658	cd=459	18,45,34,17,28,14,56,7,41,37,46,29,25,38,43,53,35,49,32,1,47,61,48,3,12,51,2,16,52,11,39,57,36,9,20,10,50,19,58,23,5,40,26,22,21,42,59,55,8,4,33,30,24,6,15,60,13,44,54,27,31,62
record	m=1892352	18,45,17,34,14,28,7,56,41,37,29,46,38,25,53,43,35,49,32,1,61,47,3,48,51,12,2,16,52,11,57,39,9,36,20,10,50,19,58,23,40,5,22,26,21,42,55,59,8,4,33,30,24,6,15,60,13,44,54,27,62,31
301979686787131801781245439242415590223	cd=603	22,26,20,10,28,14,35,49,18,45,32,1,36,9,23,58,24,6,55,59,48,3,60,15,11,52,50,19,61,47,57,39,53,43,29,46,41,37,56,7,62,31,30,33,4,8,44,13,21,42,38,25,5,40,12,51,17,34,27,54,2,16
record	m=1720320	26,22,10,20,14,28,35,49,18,45,32,1,36,9,23,58,24,6,55,59,3,48,60,15,11,52,50,19,61,47,57,39,53,43,29,46,41,37,7,56,31,62,30,33,4,8,13,44,21,42,25,38,40,5,12,51,17,34,27,54,2,16
1004835692664589541007567682150030782811	cd=463	26,22,21,42,52,11,32,1,7,56,12,51,62,31,57,39,24,6,29,46,53,43,13,44,40,5,23,58,49,35,27,54,4,8,15,60,30,33,48,3,41,37,61,47,19,50,2,16,38,25,9,36,28,14,18,45,17,34,10,20,55,59
record	m=13762560	26,22,21,42,52,11,32,1,7,56,51,12,31,62,57,39,24,6,29,46,53,43,13,44,40,5,23,58,35,49,54,27,8,4,60,15,33,30,3,48,41,37,61,47,50,19,2,16,25,38,36,9,28,14,45,18,17,34,10,20,55,59
716003686248182664340345890579461577289	cd=423	42,21,39,57,48,3,30,33,36,9,17,34,49,35,2,16,6,24,10,20,14,28,54,27,23,58,26,22,25,38,15,60,61,47,56,7,43,53,18,45,29,46,11,52,8,4,50,19,44,13,40,5,32,1,51,12,31,62,55,59,37,41
record	m=48168960	21,42,57,39,3,48,33,30,9,36,17,34,35,49,2,16,24,6,20,10,28,14,54,27,23,58,22,26,25,38,60,15,61,47,7,56,53,43,18,45,29,46,52,11,4,8,50,19,44,13,40,5,32,1,51,12,31,62,55,59,37,41
514090747363442241616131845704360936437	cd=507	56,7,45,18,17,34,50,19,43,53,37,41,51,12,10,20,25,38,15,60,46,29,30,33,55,59,40,5,47,61,26,22,35,49,54,27,42,21,32,1,11,52,13,44,28,14,3,48,39,57,6,24,9,36,23,58,8,4,16,2,62,31
record	m=7340032	7,56,18,45,17,34,50,19,53,43,41,37,51,12,20,10,25,38,60,15,29,46,33,30,55,59,40,5,61,47,26,22,35,49,54,27,21,42,32,1,52,11,13,44,28,14,3,48,57,39,24,6,36,9,23,58,8,4,2,16,31,62
313092117135436798756905075555002617228	cd=531	57,39,60,15,62,31,55,59,54,27,25,38,30,33,61,47,52,11,1,32,51,12,9,36,5,40,20,10,56,7,26,22,24,6,46,29,8,4,48,3,42,21,49,35,34,17,45,18,28,14,43,53,23,58,2,16,37,41,44,13,50,19
record	m=16515072	57,39,60,15,31,62,55,59,54,27,25,38,33,30,61,47,52,11,32,1,51,12,9,36,40,5,20,10,7,56,26,22,24,6,29,46,4,8,3,48,21,42,35,49,34,17,18,45,28,14,43,53,58,23,2,16,41,37,13,44,19,50
34317044293636520278462087255207605180	cd=475	38,25,47,61,39,57,45,18,23,58,56,7,33,30,14,28,59,55,21,42,11,52,13,44,19,50,46,29,26,22,3,48,41,37,6,24,15,60,12,51,36,9,27,54,17,34,40,5,49,35,10,20,8,4,53,43,31,62,32,1,16,2
record	m=630784	25,38,61,47,57,39,18,45,23,58,56,7,33,30,28,14,55,59,21,42,11,52,44,13,50,19,29,46,26,22,3,48,41,37,6,24,60,15,51,12,9,36,54,27,17,34,40,5,35,49,20,10,4,8,43,53,31,62,32,1,2,16
649865634175234534038896735761995730213	cd=407	13,44,29,46,30,33,10,20,45,18,27,54,51,12,11,52,42,21,41,37,22,26,17,34,43,53,47,61,56,7,23,58,59,55,6,24,40,5,32,1,57,39,31,62,4,8,15,60,3,48,19,50,49,35,36,9,14,28,16,2,25,38
record	m=10321920	13,44,29,46,33,30,20,10,18,45,54,27,51,12,52,11,21,42,41,37,26,22,17,34,53,43,61,47,7,56,58,23,55,59,24,6,40,5,32,1,57,39,31,62,4,8,60,15,3,48,19,50,35,49,9,36,28,14,2,16,38,25
1018398593531643485440419661604017298610	cd=447	41,37,25,38,61,47,16,2,27,54,34,17,30,33,4,8,26,22,56,7,62,31,58,23,21,42,12,51,29,46,32,1,15,60,20,10,11,52,6,24,14,28,53,43,40,5,49,35,19,50,3,48,18,45,9,36,39,57,13,44,55,59
record	m=811008	41,37,25,38,61,47,16,2,54,27,17,34,33,30,4,8,26,22,7,56,31,62,23,58,42,21,51,12,29,46,32,1,15,60,20,10,11,52,24,6,28,14,43,53,40,5,35,49,50,19,48,3,45,18,9,36,39,57,13,44,55,59
1047750931541454151526190266147778092124	cd=487	26,22,15,60,34,17,59,55,13,44,53,43,25,38,41,37,40,5,10,20,48,3,33,30,2,16,21,42,24,6,1,32,52,11,8,4,19,50,51,12,62,31,58,23,7,56,29,46,45,18,9,36,57,39,54,27,28,14,49,35,47,61
record	m=7864320	26,22,60,15,17,34,55,59,13,44,53,43,25,38,41,37,40,5,20,10,3,48,33,30,2,16,21,42,24,6,32,1,52,11,4,8,50,19,51,12,31,62,23,58,56,7,29,46,18,45,9,36,39,57,27,54,28,14,49,35,47,61
523695288379729017237590691687301804336	cd=455	50,19,16,2,46,29,52,11,51,12,33,30,55,59,60,15,53,43,54,27,61,47,28,14,38,25,23,58,40,5,49,35,9,36,8,4,17,34,3,48,32,1,57,39,10,20,24,6,18,45,44,13,56,7,22,26,37,41,42,21,62,31
record	m=27525120	50,19,2,16,29,46,52,11,51,12,33,30,55,59,60,15,53,43,54,27,61,47,28,14,25,38,23,58,40,5,35,49,9,36,4,8,17,34,3,48,1,32,57,39,20,10,24,6,18,45,13,44,7,56,26,22,41,37,21,42,62,31
368554114933582180471229835357034831962	cd=575	43,53,50,19,44,13,61,47,32,1,7,56,40,5,8,4,11,52,41,37,15,60,38,25,24,6,62,31,14,28,18,45,27,54,30,33,59,55,36,9,26,22,3,48,34,17,29,46,10,20,39,57,35,49,16,2,58,23,12,51,42,21
record	m=4128768	53,43,50,19,13,44,61,47,32,1,7,56,40,5,8,4,52,11,41,37,60,15,25,38,6,24,31,62,28,14,18,45,54,27,33,30,55,59,9,36,22,26,3,48,17,34,29,46,20,10,57,39,49,35,2,16,23,58,51,12,21,42
728994086093582369237744488676046304713	cd=379	17,34,44,13,49,35,62,31,52,11,46,29,12,51,56,7,61,47,9,36,54,27,33,30,14,28,10,20,18,45,43,53,58,23,39,57,1,32,2,16,40,5,22,26,37,41,60,15,38,25,55,59,48,3,4,8,24,6,50,19,21,42
record	m=12845056	17,34,44,13,35,49,31,62,52,11,29,46,51,12,7,56,61,47,9,36,54,27,33,30,28,14,20,10,18,45,53,43,23,58,57,39,32,1,2,16,40,5,22,26,37,41,60,15,25,38,59,55,3,48,4,8,24,6,50,19,42,21
689252599486219380051042691446769151492	cd=591	22,26,58,23,3,48,45,18,34,17,8,4,24,6,42,21,55,59,62,31,60,15,20,10,35,49,14,28,50,19,33,30,56,7,39,57,44,13,2,16,27,54,51,12,46,29,40,5,52,11,61,47,32,1,25,38,43,53,36,9,37,41
record	m=11010048	26,22,23,58,3,48,18,45,17,34,4,8,6,24,21,42,55,59,31,62,15,60,20,10,35,49,14,28,50,19,33,30,7,56,57,39,13,44,2,16,54,27,51,12,29,46,40,5,52,11,61,47,32,1,25,38,53,43,9,36,41,37
640318988522713338304473403515361758295	cd=575	9,36,57,39,50,19,22,26,58,23,61,47,52,11,40,5,27,54,21,42,15,60,30,33,18,45,6,24,1,32,53,43,17,34,55,59,4,8,10,20,14,28,46,29,12,51,25,38,16,2,35,49,56,7,31,62,44,13,3,48,41,37
record	m=45416448	9,36,57,39,50,19,26,22,23,58,61,47,52,11,40,5,54,27,21,42,60,15,33,30,18,45,24,6,32,1,53,43,17,34,55,59,4,8,20,10,28,14,46,29,51,12,25,38,2,16,49,35,7,56,62,31,13,44,48,3,41,37
45352037114061608578417034709380022409	cd=339	10,20,9,36,32,1,31,62,6,24,39,57,48,3,50,19,35,49,60,15,54,27,55,59,21,42,41,37,34,17,53,43,8,4,44,13,29,46,28,14,47,61,22,26,12,51,40,5,25,38,7,56,18,45,30,33,11,52,58,23,16,2
record	m=18923520	20,10,9,36,32,1,31,62,24,6,57,39,3,48,50,19,35,49,60,15,54,27,55,59,21,42,41,37,17,34,53,43,8,4,13,44,29,46,28,14,61,47,26,22,51,12,40,5,25,38,7,56,18,45,30,33,52,11,23,58,2,16
9332347377179998749689688331213164674	cd=619	26,22,41,37,2,16,59,55,25,38,15,60,31,62,24,6,30,33,29,46,35,49,20,10,43,53,52,11,61,47,58,23,18,45,56,7,50,19,9,36,8,4,21,42,44,13,12,51,48,3,14,28,57,39,5,40,27,54,34,17,32,1
record	m=172032	26,22,41,37,2,16,55,59,25,38,60,15,62,31,24,6,33,30,29,46,35,49,20,10,43,53,52,11,61,47,23,58,18,45,7,56,50,19,9,36,8,4,21,42,13,44,12,51,3,48,28,14,39,57,40,5,54,27,34,17,32,1
298342627832543248136846639327386640197	cd=447	20,10,22,26,49,35,51,12,37,41,27,54,40,5,44,13,56,7,38,25,4,8,33,30,28,14,18,45,57,39,1,32,31,62,36,9,59,55,6,24,17,34,3,48,58,23,15,60,50,19,21,42,52,11,29,46,53,43,61,47,2,16
record	m=215040	20,10,22,26,35,49,51,12,41,37,54,27,40,5,44,13,7,56,25,38,4,8,33,30,28,14,18,45,57,39,32,1,31,62,36,9,59,55,6,24,17,34,3,48,23,58,60,15,19,50,21,42,52,11,29,46,53,43,61,47,16,2
1005215190374117708642315391058539926811	cd=455	60,15,19,50,62,31,39,57,27,54,32,1,33,30,8,4,61,47,2,16,36,9,18,45,49,35,28,14,29,46,41,37,22,26,43,53,17,34,44,13,38,25,23,58,24,6,10,20,52,11,5,40,48,3,51,12,56,7,42,21,55,59
record	m=737280	60,15,19,50,31,62,57,39,54,27,1,32,33,30,4,8,61,47,2,16,9,36,18,45,35,49,28,14,29,46,41,37,26,22,53,43,17,34,44,13,25,38,23,58,24,6,20,10,11,52,40,5,3,48,51,12,7,56,42,21,55,59
163522728522636993045234523998705103670	cd=611	38,25,30,33,44,13,43,53,56,7,37,41,32,1,6,24,49,35,59,55,51,12,10,20,36,9,39,57,48,3,16,2,17,34,23,58,5,40,28,14,54,27,22,26,52,11,47,61,42,21,45,18,46,29,60,15,31,62,19,50,4,8
record	m=13762560	25,38,33,30,13,44,53,43,7,56,41,37,32,1,24,6,35,49,55,59,51,12,20,10,9,36,57,39,3,48,2,16,17,34,23,58,5,40,28,14,54,27,22,26,52,11,61,47,21,42,18,45,29,46,60,15,62,31,50,19,4,8
291112946129148531684189664859512601151	cd=515	17,34,43,53,50,19,37,41,51,12,54,27,47,61,9,36,6,24,42,21,15,60,10,20,38,25,3,48,23,58,57,39,52,11,45,18,28,14,29,46,30,33,44,13,5,40,32,1,62,31,26,22,7,56,55,59,8,4,49,35,2,16
record	m=82575360	17,34,53,43,50,19,41,37,51,12,54,27,61,47,9,36,24,6,21,42,60,15,20,10,25,38,3,48,58,23,39,57,52,11,18,45,28,14,29,46,30,33,13,44,40,5,1,32,31,62,26,22,7,56,59,55,4,8,35,49,16,2
786703270551199879891013264418012419856	cd=511	7,56,1,32,42,21,2,16,25,38,52,11,30,33,5,40,8,4,10,20,51,12,57,39,24,6,55,59,45,18,28,14,35,49,17,34,19,50,26,22,15,60,54,27,61,47,3,48,41,37,9,36,23,58,46,29,53,43,31,62,13,44
record	m=16220160	7,56,32,1,21,42,2,16,25,38,52,11,33,30,40,5,4,8,20,10,51,12,57,39,24,6,55,59,18,45,28,14,35,49,17,34,19,50,26,22,60,15,54,27,61,47,3,48,41,37,9,36,23,58,29,46,43,53,31,62,44,13
474742153154736539523111442395498671325	cd=367	44,13,38,25,28,14,24,6,29,46,57,39,50,19,11,52,37,41,35,49,42,21,30,33,12,51,3,48,18,45,8,4,34,17,9,36,15,60,16,2,20,10,53,43,62,31,54,27,56,7,5,40,1,32,61,47,23,58,59,55,22,26
record	m=8785920	13,44,25,38,28,14,24,6,29,46,57,39,50,19,52,11,41,37,35,49,21,42,33,30,12,51,3,48,18,45,4,8,17,34,9,36,60,15,2,16,20,10,53,43,31,62,27,54,7,56,40,5,32,1,61,47,23,58,55,59,26,22
1008971279067697726723658587963519140003	cd=583	12,51,49,35,32,1,38,25,18,45,43,53,46,29,26,22,24,6,57,39,7,56,2,16,8,4,30,33,34,17,52,11,58,23,3,48,27,54,31,62,40,5,41,37,50,19,10,20,36,9,44,13,42,21,60,15,61,47,14,28,55,59
record	m=1032192	12,51,35,49,32,1,25,38,18,45,53,43,29,46,26,22,24,6,57,39,7,56,2,16,4,8,33,30,17,34,52,11,23,58,3,48,54,27,62,31,5,40,37,41,50,19,20,10,9,36,13,44,21,42,60,15,61,47,14,28,55,59
460378249092372930647886435790230622043	cd=603	21,42,11,52,8,4,39,57,58,23,48,3,49,35,61,47,10,20,24,6,31,62,53,43,46,29,19,50,13,44,37,41,36,9,59,55,38,25,17,34,51,12,18,45,40,5,60,15,1,32,7,56,54,27,28,14,16,2,33,30,22,26
record	m=430080	21,42,52,11,4,8,57,39,23,58,3,48,35,49,61,47,10,20,24,6,31,62,53,43,29,46,50,19,44,13,41,37,9,36,55,59,25,38,34,17,51,12,18,45,40,5,60,15,1,32,7,56,54,27,28,14,2,16,33,30,26,22
1059557801467994500879363255858491058553	cd=543	17,34,59,55,14,28,21,42,60,15,1,32,10,20,36,9,51,12,30,33,50,19,49,35,5,40,8,4,48,3,29,46,56,7,43,53,54,27,2,16,37,41,22,26,13,44,52,11,38,25,24,6,18,45,58,23,62,31,39,57,47,61
record	m=16515072	17,34,55,59,28,14,21,42,60,15,1,32,20,10,9,36,51,12,30,33,50,19,35,49,40,5,4,8,3,48,29,46,7,56,53,43,27,54,2,16,41,37,26,22,13,44,52,11,25,38,6,24,18,45,23,58,31,62,57,39,61,47
562117286241238812828015028289508464754	cd=583	13,44,56,7,23,58,53,43,9,36,39,57,37,41,22,26,42,21,45,18,60,15,19,50,47,61,62,31,55,59,25,38,20,10,11,52,6,24,51,12,29,46,8,4,17,34,14,28,2,16,3,48,35,49,5,40,30,33,54,27,1,32
record	m=917504	13,44,7,56,58,23,53,43,9,36,57,39,41,37,26,22,21,42,18,45,60,15,19,50,61,47,31,62,55,59,25,38,20,10,11,52,24,6,51,12,29,46,4,8,17,34,14,28,2,16,3,48,35,49,40,5,30,33,54,27,1,32
429477951480290841637721846589106225509	cd=531	28,14,2,16,44,13,40,5,48,3,60,15,35,49,55,59,22,26,42,21,54,27,23,58,18,45,24,6,29,46,32,1,12,51,33,30,50,19,34,17,61,47,4,8,36,9,56,7,43,53,52,11,31,62,10,20,39,57,41,37,38,25
record	m=3670016	28,14,2,16,13,44,40,5,3,48,15,60,49,35,55,59,26,22,21,42,54,27,23,58,18,45,24,6,29,46,32,1,51,12,33,30,50,19,34,17,61,47,4,8,36,9,7,56,53,43,11,52,31,62,20,10,57,39,41,37,38,25
682268278856255656747206697451795868203	cd=591	22,26,46,29,55,59,13,44,14,28,56,7,61,47,3,48,8,4,1,32,51,12,18,45,23,58,50,19,21,42,41,37,39,57,52,11,30,33,2,16,31,62,34,17,6,24,27,54,53,43,20,10,5,40,36,9,49,35,15,60,25,38
record	m=8257536	26,22,29,46,55,59,13,44,28,14,7,56,61,47,3,48,4,8,32,1,51,12,18,45,23,58,50,19,21,42,41,37,39,57,52,11,33,30,2,16,31,62,34,17,24,6,27,54,43,53,10,20,40,5,9,36,35,49,60,15,25,38
40770625995367062635418774180062574623	cd=543	45,18,48,3,9,36,10,20,56,7,47,61,5,40,59,55,1,32,33,30,50,19,31,62,8,4,37,41,34,17,54,27,21,42,43,53,22,26,60,15,29,46,24,6,28,14,49,35,25,38,52,11,39,57,44,13,23,58,51,12,16,2
record	m=3440640	18,45,3,48,9,36,20,10,7,56,61,47,40,5,55,59,32,1,33,30,50,19,31,62,4,8,41,37,17,34,54,27,21,42,43,53,22,26,60,15,29,46,24,6,28,14,49,35,25,38,52,11,57,39,13,44,58,23,12,51,2,16
225727099191589117401014834487726838655	cd=475	22,26,16,2,54,27,30,33,9,36,8,4,34,17,35,49,62,31,43,53,40,5,28,14,37,41,12,51,23,58,59,55,19,50,61,47,45,18,48,3,60,15,42,21,11,52,46,29,56,7,25,38,1,32,10,20,6,24,57,39,44,13
record	m=47185920	26,22,2,16,54,27,33,30,9,36,4,8,17,34,49,35,31,62,53,43,40,5,28,14,41,37,51,12,23,58,55,59,50,19,61,47,45,18,3,48,60,15,21,42,52,11,29,46,7,56,25,38,32,1,20,10,24,6,57,39,13,44
931766713685183860627407477300328845421	cd=607	35,49,23,58,61,47,37,41,38,25,7,56,45,18,11,52,51,12,20,10,27,54,6,24,22,26,9,36,32,1,34,17,46,29,30,33,42,21,48,3,8,4,50,19,57,39,53,43,40,5,60,15,13,44,2,16,31,62,28,14,59,55
record	m=44040192	35,49,23,58,61,47,41,37,25,38,7,56,18,45,52,11,51,12,20,10,54,27,24,6,26,22,36,9,32,1,17,34,29,46,33,30,21,42,3,48,4,8,50,19,57,39,53,43,40,5,15,60,44,13,2,16,31,62,28,14,55,59
908907795168889769210808100227893631233	cd=471	15,60,12,51,6,24,29,46,9,36,27,54,18,45,62,31,58,23,1,32,42,21,28,14,3,48,8,4,16,2,26,22,5,40,44,13,53,43,35,49,59,55,17,34,37,41,10,20,25,38,56,7,61,47,50,19,57,39,30,33,11,52
record	m=6881280	60,15,51,12,24,6,29,46,9,36,27,54,18,45,31,62,23,58,32,1,21,42,28,14,3,48,4,8,2,16,26,22,5,40,44,13,53,43,35,49,55,59,17,34,41,37,20,10,25,38,7,56,61,47,50,19,57,39,30,33,52,11
310225502541266667041286409295651846383	cd=359	37,41,34,17,18,45,1,32,14,28,8,4,54,27,22,26,52,11,24,6,36,9,29,46,35,49,57,39,61,47,30,33,15,60,3,48,16,2,5,40,12,51,31,62,55,59,21,42,25,38,44,13,20,10,23,58,43,53,56,7,50,19
record	m=22708224	41,37,17,34,18,45,32,1,28,14,4,8,27,54,26,22,52,11,24,6,9,36,29,46,35,49,57,39,61,47,33,30,60,15,48,3,2,16,40,5,51,12,31,62,55,59,21,42,25,38,13,44,20,10,58,23,53,43,7,56,50,19
1041783013957284739033145370659390409116	cd=399	7,56,59,55,57,39,21,42,52,11,46,29,33,30,6,24,36,9,10,20,25,38,58,23,40,5,12,51,1,32,2,16,34,17,31,62,54,27,60,15,19,50,18,45,48,3,13,44,28,14,43,53,35,49,41,37,8,4,22,26,47,61
record	m=2293760	7,56,55,59,57,39,21,42,52,11,29,46,33,30,24,6,9,36,20,10,25,38,23,58,5,40,51,12,32,1,2,16,34,17,31,62,27,54,60,15,19,50,18,45,3,48,44,13,28,14,43,53,35,49,41,37,4,8,26,22,61,47
125712219958598940085396923006933484385	cd=367	12,51,37,41,2,16,59,55,21,42,19,50,60,15,48,3,9,36,57,39,5,40,33,30,13,44,6,24,61,47,26,22,54,27,28,14,23,58,43,53,4,8,46,29,49,35,1,32,20,10,31,62,11,52,25,38,34,17,18,45,56,7
record	m=2703360	51,12,41,37,2,16,55,59,21,42,50,19,15,60,3,48,9,36,57,39,5,40,33,30,13,44,24,6,47,61,26,22,54,27,28,14,23,58,43,53,4,8,29,46,35,49,32,1,20,10,31,62,52,11,25,38,34,17,18,45,7,56
706279836202248150586586730188569775376	cd=519	60,15,6,24,16,2,32,1,12,51,5,40,27,54,9,36,49,35,17,34,52,11,47,61,42,21,57,39,45,18,62,31,50,19,29,46,20,10,8,4,7,56,59,55,28,14,13,44,33,30,38,25,48,3,26,22,58,23,53,43,37,41
record	m=34406400	60,15,24,6,2,16,32,1,51,12,40,5,54,27,36,9,35,49,17,34,52,11,61,47,21,42,57,39,18,45,31,62,50,19,29,46,10,20,8,4,7,56,59,55,28,14,13,44,33,30,25,38,3,48,26,22,58,23,53,43,37,41
962807646146585760626436507142284432540	cd=403	48,3,38,25,32,1,55,59,34,17,6,24,44,13,60,15,11,52,49,35,50,19,33,30,31,62,29,46,23,58,5,40,61,47,2,16,57,39,22,26,42,21,8,4,54,27,18,45,53,43,51,12,20,10,41,37,14,28,36,9,7,56
record	m=802816	3,48,25,38,32,1,55,59,17,34,24,6,13,44,15,60,52,11,35,49,50,19,33,30,31,62,29,46,23,58,40,5,61,47,16,2,39,57,26,22,21,42,4,8,27,54,18,45,53,43,12,51,20,10,41,37,28,14,9,36,7,56
700264068627790790556597177387410018628	cd=455	38,25,56,7,51,12,10,20,8,4,26,22,21,42,36,9,49,35,57,39,48,3,27,54,45,18,43,53,23,58,15,60,44,13,24,6,1,32,61,47,16,2,62,31,28,14,40,5,33,30,59,55,50,19,17,34,11,52,46,29,37,41
record	m=82575360	25,38,7,56,51,12,20,10,4,8,26,22,21,42,9,36,35,49,57,39,3,48,54,27,45,18,53,43,23,58,15,60,13,44,24,6,32,1,61,47,16,2,31,62,28,14,40,5,30,33,55,59,50,19,17,34,52,11,29,46,41,37
68458118822389053026612706890867130992	cd=599	39,57,15,60,26,22,50,19,58,23,25,38,42,21,27,54,14,28,29,46,9,36,32,1,12,51,53,43,31,62,13,44,52,11,40,5,55,59,17,34,6,24,18,45,35,49,56,7,41,37,48,3,30,33,10,20,61,47,16,2,8,4
record	m=20643840	57,39,60,15,26,22,50,19,23,58,25,38,21,42,54,27,28,14,29,46,9,36,32,1,51,12,53,43,31,62,13,44,52,11,40,5,55,59,17,34,24,6,18,45,35,49,56,7,37,41,3,48,33,30,20,10,47,61,2,16,4,8
460511198066975621527069533794754584209	cd=351	21,42,24,6,51,12,7,56,41,37,57,39,45,18,3,48,32,1,14,28,62,31,17,34,40,5,60,15,8,4,50,19,44,13,46,29,54,27,9,36,35,49,61,47,59,55,43,53,16,2,58,23,11,52,25,38,10,20,33,30,22,26
record	m=6422528	21,42,24,6,51,12,7,56,41,37,57,39,18,45,3,48,32,1,28,14,31,62,34,17,40,5,15,60,4,8,50,19,44,13,46,29,27,54,36,9,35,49,61,47,55,59,53,43,2,16,23,58,52,11,25,38,20,10,33,30,26,22
102062395768668847287708442636283234301	cd=451	25,38,28,14,6,24,58,23,50,19,57,39,20,10,34,17,22,26,40,5,33,30,44,13,8,4,46,29,21,42,3,48,12,51,61,47,49,35,62,31,60,15,37,41,11,52,59,55,36,9,54,27,18,45,43,53,1,32,16,2,56,7
record	m=10321920	25,38,28,14,24,6,23,58,50,19,57,39,20,10,17,34,26,22,5,40,33,30,13,44,4,8,29,46,42,21,3,48,51,12,61,47,35,49,31,62,15,60,41,37,52,11,55,59,9,36,27,54,45,18,53,43,32,1,2,16,56,7
955705181941401653219446280547387198744	cd=551	8,4,9,36,28,14,22,26,29,46,33,30,25,38,40,5,20,10,18,45,37,41,27,54,3,48,35,49,42,21,2,16,31,62,6,24,61,47,60,15,12,51,34,17,52,11,23,58,39,57,43,53,32,1,44,13,50,19,7,56,59,55
record	m=3440640	4,8,36,9,28,14,26,22,29,46,33,30,25,38,40,5,20,10,18,45,41,37,54,27,3,48,35,49,21,42,2,16,31,62,24,6,47,61,15,60,51,12,17,34,52,11,23,58,57,39,53,43,32,1,44,13,50,19,56,7,59,55
724501818082284549844516003607947759109	cd=503	37,41,29,46,18,45,47,61,56,7,2,16,30,33,57,39,38,25,48,3,60,15,8,4,31,62,19,50,27,54,6,24,14,28,23,58,10,20,49,35,52,11,44,13,22,26,40,5,32,1,55,59,9,36,53,43,34,17,51,12,21,42
record	m=337920	41,37,29,46,18,45,61,47,7,56,2,16,33,30,57,39,38,25,3,48,15,60,4,8,31,62,50,19,54,27,24,6,28,14,23,58,20,10,35,49,52,11,13,44,26,22,5,40,1,32,55,59,9,36,53,43,34,17,51,12,21,42
988252337646264788444733525423175394161	cd=259	22,26,30,33,60,15,48,3,55,59,46,29,37,41,58,23,27,54,4,8,36,9,45,18,10,20,39,57,24,6,38,25,53,43,51,12,32,1,31,62,34,17,2,16,42,21,35,49,61,47,5,40,13,44,28,14,11,52,19,50,7,56
record	m=688128	26,22,30,33,60,15,3,48,55,59,29,46,41,37,23,58,54,27,8,4,9,36,18,45,20,10,57,39,24,6,38,25,53,43,51,12,32,1,31,62,34,17,2,16,21,42,35,49,61,47,40,5,44,13,28,14,52,11,50,19,7,56
958077886420467452277786982001657176070	cd=435	38,25,12,51,10,20,50,19,48,3,14,28,44,13,30,33,4,8,58,23,5,40,41,37,11,52,22,26,57,39,27,54,43,53,15,60,56,7,46,29,6,24,21,42,62,31,32,1,16,2,17,34,36,9,45,18,35,49,47,61,59,55
record	m=4866048	25,38,51,12,20,10,50,19,3,48,28,14,13,44,33,30,4,8,58,23,40,5,41,37,52,11,26,22,39,57,54,27,53,43,60,15,7,56,29,46,24,6,21,42,31,62,32,1,2,16,34,17,9,36,18,45,35,49,61,47,55,59
471413858023926643330284653212343942892	cd=267	33,30,40,5,14,28,27,54,49,35,45,18,12,51,25,38,23,58,10,20,31,62,56,7,42,21,59,55,8,4,11,52,16,2,43,53,48,3,47,61,36,9,1,32,6,24,15,60,44,13,39,57,29,46,34,17,37,41,19,50,22,26
record	m=15138816	33,30,40,5,28,14,54,27,35,49,18,45,51,12,25,38,23,58,20,10,31,62,7,56,21,42,55,59,4,8,11,52,16,2,43,53,48,3,47,61,9,36,32,1,24,6,15,60,44,13,57,39,46,29,17,34,41,37,50,19,26,22
1004510664013938410882570779883764738772	cd=423	25,38,41,37,57,39,5,40,56,7,51,12,61,47,23,58,54,27,14,28,16,2,48,3,17,34,29,46,30,33,4,8,21,42,35,49,26,22,60,15,62,31,52,11,9,36,1,32,44,13,19,50,53,43,18,45,24,6,10,20,55,59
record	m=1720320	25,38,41,37,57,39,40,5,7,56,51,12,61,47,23,58,54,27,28,14,2,16,3,48,17,34,29,46,33,30,4,8,21,42,35,49,26,22,60,15,62,31,52,11,9,36,1,32,44,13,19,50,53,43,45,18,24,6,20,10,59,55
780913475005837552000066660302494060832	cd=543	16,2,30,33,45,18,14,28,61,47,9,36,37,41,42,21,59,55,7,56,20,10,38,25,5,40,39,57,46,29,1,32,3,48,54,27,51,12,26,22,34,17,11,52,62,31,6,24,23,58,53,43,60,15,4,8,35,49,19,50,13,44
record	m=56229888	2,16,33,30,18,45,28,14,61,47,9,36,41,37,21,42,55,59,7,56,20,10,25,38,40,5,57,39,29,46,32,1,3,48,54,27,51,12,26,22,17,34,52,11,31,62,24,6,23,58,53,43,15,60,4,8,35,49,50,19,44,13
24589979317562915163430336628704363047	cd=555	52,11,42,21,47,61,12,51,18,45,5,40,46,29,26,22,15,60,6,24,27,54,43,53,38,25,7,56,37,41,8,4,55,59,30,33,50,19,44,13,57,39,23,58,17,34,62,31,10,20,14,28,9,36,35,49,16,2,3,48,32,1
record	m=36900864	52,11,21,42,61,47,51,12,18,45,40,5,29,46,26,22,60,15,24,6,54,27,53,43,25,38,7,56,41,37,4,8,55,59,33,30,50,19,13,44,57,39,23,58,17,34,62,31,20,10,28,14,9,36,35,49,16,2,3,48,32,1
259021622831783572619223649192201967953	cd=467	9,36,47,61,49,35,58,23,27,54,48,3,21,42,60,15,34,17,8,4,18,45,20,10,40,5,41,37,57,39,55,59,11,52,46,29,19,50,13,44,43,53,22,26,1,32,62,31,12,51,33,30,6,24,16,2,56,7,25,38,28,14
record	m=20643840	9,36,61,47,35,49,23,58,54,27,3,48,21,42,60,15,17,34,4,8,18,45,20,10,40,5,41,37,57,39,55,59,52,11,29,46,50,19,13,44,53,43,26,22,32,1,62,31,51,12,33,30,24,6,2,16,7,56,25,38,14,28
997352171358231936043454917525027535931	cd=507	60,15,23,58,34,17,52,11,18,45,46,29,47,61,26,22,51,12,25,38,32,1,42,21,36,9,31,62,41,37,39,57,50,19,44,13,35,49,3,48,53,43,8,4,56,7,14,28,20,10,16,2,40,5,33,30,27,54,24,6,55,59
record	m=3809280	60,15,23,58,17,34,52,11,18,45,29,46,61,47,26,22,51,12,25,38,32,1,21,42,9,36,62,31,41,37,57,39,50,19,44,13,35,49,3,48,53,43,8,4,7,56,28,14,10,20,16,2,40,5,30,33,54,27,24,6,55,59
1087308201623406770260625671444957209522	cd=475	7,56,46,29,40,5,24,6,1,32,35,49,37,41,34,17,9,36,53,43,38,25,11,52,26,22,48,3,58,23,20,10,28,14,30,33,15,60,50,19,51,12,21,42,39,57,27,54,16,2,61,47,8,4,13,44,55,59,18,45,31,62
record	m=16515072	7,56,29,46,40,5,24,6,32,1,35,49,41,37,17,34,9,36,53,43,25,38,52,11,26,22,3,48,23,58,20,10,28,14,30,33,60,15,19,50,51,12,21,42,57,39,54,27,2,16,47,61,4,8,13,44,55,59,18,45,31,62
633897869619838273980765112028735455222	cd=487	36,9,14,28,23,58,45,18,42,21,29,46,53,43,10,20,5,40,17,34,8,4,33,30,6,24,25,38,48,3,26,22,27,54,59,55,44,13,7,56,47,61,51,12,11,52,62,31,32,1,50,19,57,39,60,15,2,16,49,35,41,37
record	m=7569408	9,36,28,14,23,58,18,45,21,42,46,29,53,43,20,10,40,5,17,34,4,8,33,30,24,6,38,25,3,48,26,22,27,54,59,55,13,44,7,56,61,47,51,12,52,11,62,31,1,32,19,50,57,39,60,15,2,16,35,49,41,37
1054810151715507704343663698908932385825	cd=411	2,16,51,12,30,33,60,15,59,55,29,46,27,54,9,36,8,4,34,17,3,48,45,18,20,10,25,38,1,32,14,28,6,24,13,44,42,21,22,26,41,37,52,11,57,39,49,35,40,5,23,58,62,31,53,43,56,7,19,50,47,61
record	m=47710208	2,16,51,12,33,30,60,15,55,59,29,46,54,27,9,36,4,8,17,34,3,48,18,45,20,10,25,38,32,1,28,14,24,6,13,44,21,42,26,22,41,37,11,52,57,39,49,35,40,5,23,58,31,62,53,43,7,56,19,50,61,47
577018366223027176745475058924902765729	cd=531	14,28,15,60,16,2,38,25,58,23,45,18,62,31,27,54,9,36,13,44,50,19,26,22,24,6,10,20,5,40,48,3,47,61,12,51,17,34,57,39,46,29,52,11,30,33,49,35,4,8,21,42,41,37,56,7,43,53,59,55,1,32
record	m=4730880	28,14,60,15,2,16,25,38,23,58,18,45,31,62,54,27,9,36,13,44,19,50,26,22,24,6,20,10,40,5,3,48,61,47,51,12,17,34,57,39,29,46,52,11,30,33,35,49,4,8,21,42,41,37,56,7,53,43,55,59,32,1
875259701737639438833483488672935888894	cd=435	40,5,11,52,13,44,21,42,8,4,36,9,3,48,26,22,46,29,56,7,37,41,34,17,55,59,18,45,12,51,24,6,38,25,15,60,33,30,20,10,57,39,23,58,32,1,27,54,31,62,53,43,2,16,47,61,14,28,49,35,19,50
record	m=8257536	40,5,52,11,13,44,21,42,4,8,9,36,3,48,26,22,29,46,7,56,41,37,17,34,55,59,18,45,51,12,24,6,38,25,60,15,33,30,20,10,57,39,23,58,32,1,27,54,31,62,53,43,2,16,61,47,14,28,35,49,50,19
1058988999081478049869182800195622787934	cd=595	54,27,60,15,44,13,21,42,39,57,32,1,48,3,41,37,34,17,8,4,62,31,12,51,5,40,16,2,25,38,30,33,58,23,29,46,14,28,53,43,20,10,24,6,36,9,26,22,52,11,59,55,45,18,19,50,49,35,7,56,47,61
record	m=11354112	54,27,60,15,13,44,21,42,57,39,32,1,48,3,41,37,17,34,4,8,31,62,51,12,40,5,2,16,25,38,33,30,23,58,29,46,28,14,43,53,10,20,24,6,9,36,22,26,52,11,59,55,45,18,50,19,35,49,56,7,47,61
235013091866354792028690339982605135881	cd=399	28,14,16,2,35,49,57,39,32,1,61,47,11,52,5,40,18,45,37,41,17,34,30,33,23,58,38,25,20,10,36,9,54,27,22,26,8,4,46,29,15,60,6,24,59,55,19,50,42,21,48,3,43,53,31,62,12,51,7,56,44,13
record	m=27525120	28,14,2,16,35,49,57,39,32,1,61,47,52,11,40,5,18,45,41,37,17,34,33,30,23,58,25,38,20,10,9,36,27,54,26,22,4,8,29,46,60,15,24,6,55,59,50,19,21,42,3,48,43,53,31,62,51,12,7,56,13,44
602995144793107216050085866067751081406	cd=535	13,44,42,21,28,14,4,8,7,56,53,43,36,9,16,2,26,22,12,51,15,60,59,55,37,41,29,46,23,58,48,3,34,17,11,52,20,10,54,27,47,61,33,30,24,6,19,50,1,32,31,62,18,45,25,38,39,57,5,40,49,35
record	m=51904512	13,44,21,42,28,14,4,8,7,56,53,43,9,36,2,16,26,22,51,12,60,15,55,59,41,37,29,46,23,58,3,48,17,34,52,11,10,20,54,27,61,47,33,30,24,6,50,19,32,1,62,31,18,45,25,38,39,57,5,40,35,49
683542488254038823512143343049430505893	cd=699	37,41,55,59,61,47,44,13,46,29,24,6,20,10,1,32,11,52,5,40,28,14,58,23,48,3,60,15,54,27,49,35,50,19,43,53,56,7,45,18,51,12,39,57,34,17,2,16,21,42,9,36,4,8,33,30,22,26,31,62,25,38
record	m=23592960	41,37,55,59,61,47,13,44,29,46,24,6,20,10,32,1,52,11,40,5,28,14,23,58,3,48,15,60,54,27,35,49,50,19,53,43,7,56,18,45,51,12,57,39,17,34,2,16,21,42,9,36,8,4,33,30,26,22,31,62,25,38
1032488842059119254283431199775634025479	cd=599	25,38,3,48,4,8,6,24,29,46,28,14,1,32,13,44,36,9,54,27,35,49,58,23,62,31,53,43,17,34,2,16,37,41,52,11,26,22,12,51,40,5,30,33,57,39,19,50,42,21,18,45,60,15,10,20,55,59,56,7,47,61
record	m=27033600	25,38,3,48,4,8,24,6,29,46,28,14,32,1,13,44,9,36,27,54,35,49,23,58,31,62,53,43,17,34,2,16,41,37,52,11,26,22,51,12,40,5,33,30,57,39,50,19,21,42,18,45,60,15,20,10,59,55,7,56,47,61
430809276750830674024013282577165366423	cd=431	22,26,23,58,24,6,57,39,5,40,49,35,45,18,21,42,8,4,10,20,30,33,2,16,59,55,60,15,27,54,62,31,14,28,17,34,53,43,3,48,56,7,50,19,1,32,13,44,9,36,47,61,12,51,46,29,52,11,37,41,38,25
record	m=14057472	26,22,23,58,24,6,57,39,40,5,35,49,18,45,21,42,4,8,20,10,33,30,2,16,55,59,60,15,54,27,62,31,28,14,34,17,53,43,3,48,56,7,50,19,32,1,13,44,9,36,61,47,51,12,29,46,52,11,41,37,38,25
325066978819859213048730560270410017299	cd=467	18,45,52,11,7,56,37,41,12,51,40,5,25,38,4,8,43,53,29,46,44,13,16,2,17,34,20,10,59,55,39,57,62,31,28,14,58,23,15,60,48,3,22,26,9,36,27,54,32,1,61,47,21,42,30,33,6,24,49,35,50,19
record	m=3096576	18,45,52,11,7,56,41,37,51,12,40,5,25,38,4,8,43,53,46,29,13,44,2,16,17,34,20,10,59,55,57,39,31,62,28,14,23,58,15,60,3,48,26,22,36,9,27,54,32,1,61,47,21,42,30,33,24,6,35,49,50,19
367945287481098343293762367924176048711	cd=435	41,37,16,2,28,14,38,25,18,45,11,52,59,55,58,23,27,54,9,36,8,4,29,46,22,26,51,12,34,17,7,56,43,53,20,10,13,44,60,15,47,61,1,32,49,35,57,39,33,30,48,3,5,40,6,24,62,31,19,50,42,21
record	m=91750400	41,37,2,16,28,14,25,38,18,45,52,11,55,59,23,58,54,27,9,36,4,8,29,46,26,22,51,12,17,34,7,56,53,43,20,10,13,44,60,15,61,47,32,1,35,49,39,57,33,30,3,48,40,5,24,6,31,62,50,19,21,42
248272927137695352762200377931668113369	cd=531	30,33,8,4,23,58,38,25,20,10,32,1,49,35,46,29,39,57,60,15,43,53,50,19,13,44,55,59,16,2,34,17,37,41,27,54,9,36,3,48,24,6,47,61,22,26,31,62,52,11,12,51,56,7,21,42,40,5,45,18,28,14
record	m=3440640	33,30,4,8,58,23,25,38,20,10,32,1,35,49,29,46,57,39,60,15,53,43,50,19,13,44,55,59,2,16,17,34,41,37,54,27,36,9,3,48,24,6,47,61,26,22,31,62,52,11,51,12,7,56,42,21,5,40,45,18,28,14
421225032085780230174620862289525118492	cd=435	13,44,19,50,42,21,60,15,11,52,7,56,18,45,46,29,53,43,51,12,2,16,55,59,33,30,3,48,5,40,39,57,17,34,9,36,22,26,27,54,31,62,6,24,49,35,1,32,58,23,28,14,8,4,61,47,37,41,10,20,38,25
record	m=4128768	13,44,19,50,21,42,60,15,11,52,7,56,18,45,29,46,53,43,51,12,2,16,55,59,33,30,3,48,40,5,57,39,34,17,9,36,22,26,54,27,31,62,24,6,35,49,32,1,23,58,28,14,4,8,61,47,41,37,20,10,25,38
359828462414132629055729518135414625409	cd=595	17,34,41,37,49,35,54,27,48,3,22,26,59,55,25,38,23,58,57,39,15,60,4,8,18,45,53,43,47,61,50,19,30,33,7,56,13,44,52,11,62,31,32,1,29,46,28,14,40,5,2,16,24,6,12,51,10,20,9,36,42,21
record	m=49545216	17,34,41,37,35,49,54,27,3,48,26,22,55,59,25,38,23,58,57,39,60,15,4,8,18,45,53,43,61,47,50,19,33,30,7,56,13,44,11,52,31,62,1,32,46,29,28,14,40,5,2,16,24,6,51,12,20,10,36,9,21,42
191268913635362780448963846615388644427	cd=487	50,19,6,24,49,35,28,14,9,36,33,30,26,22,7,56,32,1,31,62,51,12,15,60,48,3,2,16,38,25,18,45,17,34,4,8,37,41,29,46,23,58,10,20,13,44,59,55,5,40,27,54,42,21,61,47,53,43,57,39,52,11
record	m=11010048	50,19,24,6,35,49,28,14,9,36,33,30,26,22,7,56,32,1,31,62,51,12,60,15,48,3,2,16,25,38,18,45,17,34,4,8,41,37,29,46,23,58,20,10,13,44,55,59,40,5,54,27,21,42,47,61,43,53,57,39,52,11
556302488863373834640097226085917520538	cd=479	43,53,47,61,56,7,39,57,62,31,16,2,8,4,55,59,21,42,30,33,52,11,13,44,5,40,58,23,15,60,37,41,22,26,54,27,14,28,36,9,34,17,29,46,12,51,3,48,49,35,25,38,10,20,50,19,6,24,45,18,1,32
record	m=12845056	53,43,61,47,7,56,57,39,31,62,2,16,4,8,55,59,21,42,33,30,52,11,13,44,40,5,23,58,60,15,41,37,22,26,54,27,28,14,9,36,17,34,46,29,51,12,3,48,35,49,25,38,20,10,50,19,24,6,18,45,32,1
261106197670464543957154220071787982479	cd=651	5,40,48,3,60,15,45,18,35,49,43,53,12,51,41,37,31,62,27,54,46,29,47,61,33,30,44,13,59,55,17,34,6,24,52,11,10,20,16,2,25,38,7,56,36,9,57,39,4,8,22,26,50,19,58,23,1,32,21,42,28,14
record	m=4730880	40,5,3,48,15,60,18,45,35,49,53,43,51,12,41,37,31,62,27,54,29,46,61,47,33,30,13,44,55,59,17,34,24,6,52,11,10,20,2,16,25,38,7,56,9,36,57,39,4,8,26,22,50,19,58,23,1,32,21,42,14,28
285255671644069868369502747978605789711	cd=415	19,50,8,4,41,37,3,48,56,7,15,60,43,53,29,46,27,54,49,35,36,9,23,58,5,40,28,14,22,26,34,17,13,44,11,52,61,47,32,1,12,51,33,30,55,59,31,62,10,20,25,38,42,21,57,39,45,18,6,24,2,16
record	m=12845056	50,19,4,8,41,37,3,48,56,7,15,60,53,43,29,46,54,27,35,49,9,36,23,58,5,40,28,14,26,22,17,34,44,13,52,11,61,47,32,1,51,12,33,30,55,59,31,62,20,10,25,38,42,21,57,39,45,18,24,6,16,2
125511779306276123930205693484911630432	cd=647	24,6,52,11,47,61,35,49,55,59,50,19,29,46,26,22,53,43,38,25,32,1,23,58,5,40,12,51,20,10,42,21,13,44,48,3,57,39,34,17,30,33,36,9,4,8,31,62,27,54,37,41,60,15,28,14,16,2,18,45,56,7
record	m=286720	24,6,52,11,61,47,35,49,55,59,50,19,29,46,26,22,53,43,25,38,32,1,23,58,5,40,51,12,20,10,42,21,13,44,48,3,57,39,17,34,33,30,9,36,8,4,31,62,27,54,37,41,60,15,28,14,16,2,18,45,7,56
818979262577786291102840289646306255620	cd=455	42,21,25,38,45,18,3,48,36,9,20,10,22,26,46,29,11,52,7,56,34,17,24,6,33,30,8,4,59,55,19,50,44,13,53,43,14,28,60,15,62,31,41,37,23,58,2,16,49,35,32,1,40,5,51,12,27,54,39,57,61,47
record	m=17203200	21,42,25,38,18,45,3,48,9,36,20,10,26,22,29,46,52,11,7,56,17,34,24,6,33,30,4,8,55,59,50,19,13,44,53,43,14,28,60,15,62,31,41,37,23,58,2,16,49,35,32,1,40,5,12,51,54,27,57,39,61,47
525441301672039345718645679343148734504	cd=555	60,15,42,21,16,2,34,17,59,55,1,32,11,52,35,49,9,36,47,61,41,37,50,19,13,44,33,30,40,5,39,57,27,54,4,8,29,46,14,28,26,22,12,51,3,48,58,23,38,25,20,10,53,43,7,56,45,18,6,24,62,31
record	m=27525120	60,15,21,42,2,16,17,34,55,59,32,1,52,11,35,49,9,36,61,47,41,37,50,19,13,44,33,30,40,5,57,39,54,27,8,4,29,46,14,28,26,22,12,51,3,48,58,23,25,38,20,10,53,43,7,56,45,18,24,6,31,62
868845236146896984821968520625085301031	cd=531	2,16,4,8,57,39,27,54,5,40,37,41,11,52,12,51,9,36,24,6,35,49,23,58,60,15,44,13,55,59,7,56,43,53,45,18,32,1,62,31,61,47,29,46,30,33,48,3,14,28,17,34,22,26,20,10,42,21,38,25,19,50
record	m=430080	2,16,4,8,57,39,54,27,40,5,41,37,52,11,51,12,9,36,24,6,35,49,23,58,60,15,44,13,55,59,7,56,53,43,18,45,32,1,62,31,61,47,29,46,33,30,3,48,28,14,34,17,26,22,10,20,21,42,38,25,19,50
659099119874156205894150618194573762823	cd=399	52,11,7,56,60,15,12,51,21,42,6,24,36,9,49,35,28,14,19,50,16,2,62,31,54,27,20,10,46,29,44,13,32,1,39,57,40,5,61,47,30,33,43,53,22,26,23,58,8,4,37,41,55,59,18,45,3,48,34,17,25,38
record	m=1892352	52,11,7,56,60,15,51,12,21,42,24,6,9,36,35,49,14,28,50,19,2,16,31,62,27,54,20,10,29,46,13,44,32,1,57,39,40,5,61,47,33,30,53,43,26,22,58,23,4,8,41,37,55,59,45,18,3,48,17,34,38,25
1093663882131928146066365171930232568797	cd=407	15,60,27,54,44,13,21,42,48,3,36,9,6,24,10,20,30,33,55,59,11,52,58,23,5,40,41,37,56,7,17,34,26,22,1,32,8,4,38,25,43,53,19,50,18,45,46,29,14,28,35,49,47,61,51,12,16,2,39,57,31,62
record	m=16515072	60,15,54,27,13,44,21,42,3,48,9,36,24,6,20,10,33,30,55,59,11,52,23,58,40,5,41,37,7,56,17,34,26,22,32,1,4,8,25,38,53,43,50,19,18,45,29,46,14,28,35,49,61,47,51,12,2,16,57,39,31,62
99450794867085643670004127462053047111	cd=539	40,5,58,23,50,19,6,24,51,12,43,53,13,44,59,55,62,31,25,38,45,18,28,14,47,61,9,36,7,56,57,39,48,3,46,29,11,52,30,33,17,34,20,10,2,16,22,26,21,42,35,49,37,41,27,54,32,1,15,60,8,4
record	m=7340032	40,5,58,23,50,19,24,6,51,12,53,43,13,44,55,59,31,62,25,38,18,45,28,14,61,47,9,36,7,56,57,39,3,48,29,46,52,11,33,30,17,34,10,20,16,2,26,22,21,42,35,49,41,37,54,27,1,32,60,15,4,8
411770381569361152482213901369369935329	cd=515	6,24,20,10,40,5,44,13,62,31,50,19,1,32,16,2,51,12,37,41,17,34,11,52,14,28,57,39,59,55,60,15,46,29,61,47,30,33,42,21,56,7,22,26,23,58,49,35,43,53,9,36,27,54,3,48,45,18,8,4,38,25
record	m=27033600	24,6,20,10,40,5,13,44,31,62,50,19,32,1,2,16,51,12,41,37,17,34,52,11,28,14,39,57,55,59,60,15,29,46,61,47,33,30,21,42,7,56,26,22,23,58,35,49,43,53,9,36,27,54,3,48,18,45,4,8,38,25
18837694935729824515406596591634394649	cd=399	33,30,13,44,48,3,8,4,49,35,17,34,20,10,29,46,50,19,23,58,60,15,40,5,27,54,14,28,37,41,11,52,39,57,26,22,7,56,59,55,51,12,47,61,2,16,62,31,6,24,9,36,42,21,18,45,53,43,25,38,32,1
record	m=2703360	33,30,13,44,48,3,4,8,35,49,17,34,20,10,29,46,50,19,58,23,60,15,5,40,54,27,28,14,41,37,52,11,57,39,22,26,56,7,55,59,51,12,61,47,16,2,31,62,24,6,36,9,21,42,18,45,53,43,25,38,32,1
259179395454534052518179690891456862508	cd=451	19,50,3,48,42,21,16,2,33,30,47,61,40,5,17,34,1,32,43,53,46,29,23,58,9,36,15,60,59,55,49,35,52,11,24,6,57,39,31,62,18,45,44,13,12,51,27,54,20,10,56,7,37,41,8,4,26,22,25,38,28,14
record	m=15138816	50,19,48,3,21,42,2,16,33,30,61,47,40,5,17,34,1,32,53,43,29,46,23,58,9,36,60,15,55,59,35,49,52,11,24,6,57,39,31,62,18,45,13,44,12,51,54,27,20,10,7,56,41,37,4,8,22,26,38,25,14,28
376766927903200935024500892429346311182	cd=611	49,35,59,55,43,53,44,13,1,32,19,50,18,45,30,33,56,7,27,54,60,15,51,12,2,16,40,5,39,57,41,37,4,8,47,61,20,10,38,25,31,62,52,11,23,58,6,24,42,21,28,14,34,17,46,29,36,9,48,3,26,22
record	m=14057472	35,49,55,59,53,43,13,44,32,1,50,19,18,45,33,30,7,56,54,27,60,15,51,12,2,16,40,5,57,39,37,41,4,8,61,47,10,20,25,38,31,62,52,11,23,58,24,6,21,42,14,28,17,34,29,46,36,9,3,48,26,22
110287689086813478440433770684058868651	cd=407	35,49,39,57,52,11,18,45,40,5,36,9,34,17,23,58,61,47,55,59,24,6,4,8,32,1,14,28,37,41,10,20,26,22,27,54,43,53,44,13,25,38,31,62,42,21,12,51,16,2,30,33,29,46,15,60,3,48,50,19,56,7
record	m=20643840	35,49,57,39,52,11,18,45,40,5,9,36,17,34,23,58,61,47,55,59,24,6,4,8,32,1,28,14,41,37,20,10,22,26,54,27,53,43,13,44,25,38,31,62,42,21,51,12,2,16,33,30,29,46,60,15,48,3,50,19,7,56
812161939151134367740631263638585911782	cd=391	34,17,19,50,30,33,56,7,21,42,3,48,51,12,24,6,57,39,58,23,9,36,46,29,8,4,15,60,10,20,31,62,41,37,43,53,32,1,40,5,25,38,11,52,22,26,59,55,44,13,27,54,49,35,2,16,14,28,18,45,61,47
record	m=15925248	17,34,50,19,33,30,7,56,21,42,3,48,51,12,24,6,57,39,23,58,9,36,29,46,4,8,60,15,20,10,31,62,41,37,43,53,32,1,40,5,25,38,52,11,26,22,55,59,13,44,54,27,35,49,2,16,28,14,18,45,61,47
369120561481183810448084815165136519509	cd=347	38,25,30,33,8,4,3,48,6,24,13,44,2,16,22,26,50,19,59,55,61,47,37,41,57,39,35,49,9,36,58,23,17,34,60,15,12,51,20,10,27,54,14,28,45,18,32,1,62,31,46,29,56,7,43,53,40,5,11,52,42,21
record	m=125829120	25,38,33,30,4,8,3,48,24,6,13,44,2,16,26,22,50,19,55,59,61,47,41,37,57,39,35,49,9,36,23,58,17,34,60,15,51,12,20,10,54,27,28,14,18,45,32,1,62,31,29,46,7,56,53,43,40,5,52,11,21,42
14725445908899578547549246359702371051	cd=659	45,18,31,62,56,7,19,50,10,20,23,58,49,35,55,59,48,3,39,57,42,21,52,11,37,41,47,61,43,53,34,17,26,22,51,12,6,24,13,44,40,5,30,33,8,4,25,38,46,29,16,2,9,36,27,54,15,60,14,28,32,1
record	m=22708224	18,45,31,62,7,56,50,19,20,10,23,58,35,49,55,59,3,48,57,39,21,42,52,11,41,37,61,47,53,43,17,34,26,22,51,12,24,6,13,44,40,5,33,30,4,8,38,25,29,46,2,16,9,36,27,54,15,60,14,28,32,1
11364999816995436796788132542578227100	cd=407	12,51,26,22,60,15,61,47,25,38,50,19,14,28,49,35,2,16,54,27,57,39,34,17,46,29,11,52,41,37,36,9,13,44,7,56,43,53,23,58,6,24,31,62,18,45,8,4,40,5,48,3,33,30,42,21,55,59,10,20,32,1
record	m=36900864	51,12,26,22,60,15,61,47,25,38,50,19,28,14,35,49,2,16,54,27,57,39,17,34,29,46,52,11,41,37,9,36,44,13,7,56,53,43,23,58,24,6,31,62,18,45,4,8,40,5,3,48,33,30,21,42,59,55,20,10,32,1
881691589076274533623262616891130542791	cd=619	57,39,55,59,33,30,47,61,27,54,56,7,52,11,32,1,41,37,44,13,40,5,21,42,49,35,26,22,15,60,8,4,16,2,9,36,46,29,34,17,24,6,45,18,51,12,58,23,20,10,25,38,14,28,53,43,62,31,3,48,19,50
record	m=12386304	57,39,55,59,33,30,61,47,54,27,7,56,52,11,32,1,41,37,13,44,5,40,42,21,35,49,26,22,60,15,4,8,2,16,9,36,29,46,17,34,24,6,18,45,12,51,23,58,20,10,25,38,14,28,53,43,31,62,48,3,50,19
739836190427494219416276099728157152468	cd=475	20,10,32,1,29,46,17,34,53,43,37,41,31,62,39,57,35,49,7,56,4,8,33,30,47,61,48,3,5,40,45,18,55,59,9,36,52,11,44,13,12,51,15,60,24,6,23,58,22,26,28,14,27,54,19,50,2,16,25,38,21,42
record	m=516096	20,10,32,1,29,46,17,34,53,43,37,41,31,62,57,39,49,35,7,56,4,8,33,30,61,47,3,48,40,5,18,45,55,59,9,36,52,11,13,44,12,51,60,15,24,6,23,58,22,26,28,14,54,27,50,19,2,16,25,38,21,42
510070028448390668875057247289275040802	cd=343	13,44,45,18,53,43,2,16,19,50,47,61,21,42,36,9,20,10,11,52,37,41,15,60,17,34,29,46,22,26,38,25,5,40,35,49,24,6,12,51,3,48,4,8,33,30,57,39,62,31,59,55,1,32,56,7,27,54,23,58,14,28
record	m=13631488	13,44,45,18,53,43,2,16,50,19,61,47,21,42,9,36,20,10,11,52,41,37,60,15,17,34,29,46,26,22,25,38,40,5,35,49,24,6,12,51,3,48,4,8,30,33,57,39,31,62,55,59,32,1,7,56,54,27,23,58,28,14
898938390481060487025040386679060544926	cd=579	27,54,58,23,43,53,49,35,61,47,59,55,29,46,56,7,2,16,31,62,30,33,36,9,26,22,15,60,8,4,25,38,51,12,45,18,28,14,40,5,6,24,39,57,10,20,1,32,37,41,42,21,50,19,48,3,13,44,34,17,11,52
record	m=9175040	54,27,23,58,53,43,35,49,61,47,55,59,29,46,7,56,2,16,31,62,30,33,9,36,22,26,60,15,4,8,25,38,51,12,18,45,28,14,40,5,24,6,57,39,20,10,32,1,41,37,21,42,50,19,48,3,13,44,34,17,52,11
119224169809452310802075034808890778135	cd=371	39,57,30,33,50,19,5,40,13,44,21,42,37,41,38,25,27,54,31,62,32,1,45,18,35,49,55,59,61,47,36,9,24,6,26,22,14,28,4,8,10,20,2,16,29,46,43,53,60,15,48,3,51,12,23,58,52,11,17,34,56,7
record	m=4587520	57,39,33,30,50,19,5,40,13,44,21,42,41,37,25,38,54,27,31,62,32,1,18,45,35,49,55,59,61,47,9,36,24,6,26,22,28,14,4,8,20,10,16,2,46,29,53,43,60,15,48,3,51,12,23,58,52,11,17,34,7,56
894573294677999563178868974238138239069	cd=479	51,12,27,54,19,50,6,24,17,34,29,46,9,36,2,16,23,58,35,49,7,56,26,22,59,55,18,45,31,62,39,57,32,1,13,44,40,5,20,10,3,48,53,43,61,47,25,38,14,28,42,21,30,33,37,41,15,60,4,8,11,52
record	m=36900864	51,12,54,27,50,19,24,6,17,34,29,46,9,36,2,16,23,58,35,49,7,56,26,22,55,59,18,45,31,62,57,39,32,1,13,44,40,5,20,10,3,48,53,43,61,47,25,38,28,14,42,21,30,33,41,37,60,15,4,8,11,52
774136066475293732234587844217350512782	cd=363	5,40,52,11,4,8,45,18,56,7,26,22,62,31,19,50,37,41,55,59,1,32,53,43,12,51,48,3,47,61,15,60,16,2,9,36,49,35,42,21,27,54,20,10,17,34,58,23,14,28,30,33,25,38,46,29,24,6,57,39,13,44
record	m=8257536	40,5,52,11,4,8,18,45,7,56,26,22,31,62,50,19,41,37,55,59,32,1,53,43,51,12,3,48,61,47,60,15,2,16,9,36,35,49,21,42,54,27,20,10,17,34,23,58,28,14,30,33,25,38,46,29,24,6,57,39,13,44
13504675427282112668250112395918188073	cd=459	18,45,21,42,61,47,34,17,51,12,41,37,39,57,58,23,5,40,3,48,49,35,6,24,2,16,60,15,62,31,59,55,56,7,44,13,27,54,9,36,20,10,46,29,22,26,28,14,52,11,50,19,33,30,8,4,53,43,38,25,32,1
record	m=2433024	18,45,21,42,61,47,34,17,51,12,41,37,57,39,23,58,40,5,3,48,35,49,24,6,2,16,60,15,31,62,55,59,7,56,13,44,54,27,36,9,20,10,29,46,26,22,28,14,52,11,50,19,33,30,4,8,43,53,25,38,32,1
749441320648264696216295251973665786549	cd=327	26,22,11,52,41,37,29,46,6,24,13,44,54,27,55,59,7,56,19,50,17,34,43,53,10,20,2,16,49,35,47,61,14,28,18,45,36,9,3,48,60,15,12,51,38,25,5,40,8,4,62,31,30,33,23,58,32,1,39,57,21,42
record	m=6488064	26,22,52,11,41,37,29,46,24,6,13,44,54,27,55,59,7,56,50,19,17,34,53,43,20,10,16,2,35,49,61,47,28,14,18,45,9,36,3,48,60,15,12,51,25,38,40,5,8,4,31,62,30,33,23,58,32,1,57,39,21,42
1018979942957266881811507927421506825090	cd=403	52,11,13,44,57,39,23,58,20,10,43,53,41,37,34,17,49,35,50,19,33,30,25,38,15,60,48,3,29,46,5,40,62,31,22,26,4,8,7,56,2,16,32,1,28,14,12,51,61,47,6,24,9,36,27,54,21,42,18,45,55,59
record	m=11010048	52,11,13,44,57,39,23,58,20,10,53,43,41,37,17,34,49,35,50,19,33,30,25,38,60,15,3,48,29,46,40,5,31,62,26,22,8,4,56,7,16,2,32,1,28,14,12,51,61,47,6,24,36,9,27,54,21,42,18,45,55,59
194879122031128856244952171276511076082	cd=523	35,49,61,47,44,13,59,55,14,28,36,9,17,34,43,53,37,41,39,57,33,30,25,38,54,27,50,19,42,21,26,22,1,32,10,20,3,48,15,60,4,8,58,23,5,40,51,12,6,24,2,16,29,46,56,7,31,62,18,45,52,11
record	m=7340032	35,49,61,47,13,44,55,59,28,14,9,36,17,34,53,43,41,37,57,39,33,30,25,38,54,27,50,19,21,42,26,22,32,1,20,10,3,48,60,15,4,8,58,23,40,5,51,12,24,6,16,2,46,29,7,56,31,62,18,45,52,11
936777114771758287170029311877615895934	cd=379	25,38,42,21,41,37,12,51,26,22,1,32,62,31,53,43,2,16,8,4,44,13,9,36,27,54,60,15,17,34,35,49,61,47,30,33,20,10,19,50,46,29,7,56,45,18,6,24,5,40,28,14,52,11,57,39,3,48,58,23,59,55
record	m=22708224	25,38,21,42,41,37,51,12,26,22,32,1,31,62,53,43,2,16,4,8,13,44,9,36,27,54,60,15,17,34,35,49,61,47,33,30,20,10,50,19,29,46,7,56,18,45,24,6,40,5,28,14,52,11,57,39,3,48,58,23,55,59
734464177420386378979566255749687235899	cd=415	9,36,55,59,4,8,47,61,20,10,6,24,57,39,52,11,45,18,51,12,31,62,7,56,54,27,14,28,19,50,49,35,15,60,5,40,41,37,48,3,32,1,22,26,25,38,58,23,17,34,43,53,30,33,44,13,16,2,46,29,21,42
record	m=3670016	9,36,55,59,4,8,61,47,10,20,24,6,39,57,52,11,18,45,51,12,31,62,7,56,54,27,28,14,50,19,35,49,60,15,40,5,41,37,3,48,32,1,26,22,38,25,23,58,34,17,53,43,33,30,13,44,2,16,29,46,42,21
841595225018622528872809872140280824270	cd=551	22,26,44,13,2,16,29,46,11,52,18,45,55,59,39,57,53,43,33,30,20,10,48,3,60,15,9,36,28,14,24,6,47,61,4,8,31,62,34,17,41,37,5,40,12,51,1,32,56,7,50,19,23,58,27,54,21,42,25,38,35,49
record	m=8257536	26,22,13,44,2,16,29,46,52,11,18,45,55,59,57,39,53,43,33,30,20,10,3,48,15,60,9,36,28,14,24,6,47,61,4,8,31,62,34,17,41,37,40,5,51,12,32,1,7,56,50,19,23,58,54,27,21,42,25,38,35,49
457476664052258778713332328934076624666	cd=483	11,52,5,40,20,10,54,27,33,30,8,4,32,1,47,61,15,60,59,55,3,48,19,50,36,9,14,28,41,37,38,25,16,2,23,58,42,21,51,12,44,13,31,62,56,7,35,49,18,45,17,34,29,46,39,57,53,43,6,24,22,26
record	m=3440640	52,11,40,5,20,10,54,27,33,30,4,8,32,1,61,47,60,15,55,59,3,48,19,50,36,9,28,14,41,37,25,38,2,16,23,58,42,21,51,12,13,44,31,62,56,7,35,49,45,18,17,34,29,46,39,57,53,43,24,6,26,22
194537229073622015734679225920427803537	cd=495	14,28,32,1,25,38,43,53,12,51,5,40,58,23,55,59,16,2,37,41,27,54,6,24,44,13,50,19,21,42,47,61,36,9,49,35,10,20,17,34,26,22,3,48,46,29,60,15,7,56,62,31,57,39,4,8,30,33,18,45,52,11
record	m=4194304	28,14,32,1,25,38,53,43,51,12,40,5,23,58,59,55,2,16,41,37,54,27,24,6,13,44,19,50,21,42,61,47,9,36,35,49,20,10,17,34,26,22,3,48,29,46,60,15,7,56,62,31,57,39,4,8,33,30,18,45,52,11
786976687629772489970945834872050521023	cd=455	19,50,25,38,55,59,9,36,62,31,4,8,41,37,51,12,43,53,56,7,5,40,13,44,52,11,26,22,39,57,58,23,29,46,34,17,33,30,3,48,42,21,60,15,18,45,6,24,16,2,54,27,14,28,35,49,20,10,32,1,61,47
record	m=2654208	50,19,25,38,55,59,9,36,62,31,4,8,41,37,51,12,53,43,7,56,40,5,13,44,52,11,26,22,39,57,23,58,29,46,17,34,33,30,3,48,21,42,60,15,45,18,24,6,16,2,54,27,28,14,35,49,20,10,32,1,61,47
367175231003881390995014143596367614324	cd=563	60,15,46,29,36,9,12,51,40,5,28,14,39,57,32,1,20,10,43,53,52,11,58,23,45,18,38,25,59,55,8,4,24,6,7,56,16,2,22,26,17,34,62,31,47,61,27,54,19,50,33,30,48,3,41,37,44,13,35,49,42,21
record	m=4587520	60,15,29,46,9,36,51,12,40,5,28,14,39,57,32,1,20,10,53,43,11,52,23,58,18,45,25,38,55,59,8,4,24,6,7,56,2,16,26,22,17,34,62,31,61,47,54,27,50,19,33,30,3,48,41,37,13,44,35,49,21,42
960813474763822138714795191269025791713	cd=431	28,14,21,42,39,57,15,60,12,51,2,16,3,48,27,54,33,30,59,55,19,50,17,34,35,49,44,13,46,29,62,31,61,47,6,24,36,9,58,23,22,26,11,52,45,18,38,25,43,53,10,20,5,40,37,41,1,32,8,4,7,56
record	m=21676032	28,14,21,42,57,39,60,15,51,12,2,16,3,48,54,27,33,30,55,59,50,19,17,34,35,49,13,44,29,46,31,62,61,47,6,24,9,36,23,58,22,26,52,11,18,45,25,38,53,43,20,10,40,5,41,37,32,1,4,8,56,7
1016707407275114231284521977262772842318	cd=331	12,51,25,38,34,17,43,53,1,32,45,18,10,20,46,29,13,44,47,61,23,58,6,24,57,39,2,16,35,49,52,11,31,62,15,60,41,37,7,56,36,9,54,27,14,28,19,50,40,5,22,26,48,3,33,30,4,8,21,42,55,59
record	m=7569408	51,12,25,38,34,17,53,43,32,1,18,45,20,10,29,46,13,44,61,47,23,58,24,6,57,39,2,16,35,49,52,11,31,62,60,15,41,37,7,56,9,36,54,27,28,14,50,19,5,40,26,22,3,48,33,30,4,8,21,42,55,59
792581603780975608135332217987346327121	cd=571	16,2,42,21,31,62,6,24,30,33,7,56,17,34,9,36,27,54,45,18,23,58,22,26,32,1,25,38,4,8,44,13,3,48,35,49,20,10,50,19,14,28,40,5,46,29,41,37,39,57,11,52,55,59,53,43,60,15,51,12,61,47
record	m=13762560	2,16,21,42,31,62,24,6,33,30,7,56,17,34,9,36,27,54,18,45,23,58,26,22,32,1,25,38,4,8,13,44,48,3,49,35,10,20,50,19,28,14,40,5,29,46,41,37,57,39,52,11,55,59,53,43,15,60,12,51,61,47
923200742547686069551512007601530441118	cd=411	49,35,17,34,12,51,2,16,24,6,50,19,61,47,28,14,9,36,5,40,23,58,46,29,4,8,20,10,13,44,26,22,21,42,37,41,53,43,32,1,7,56,27,54,38,25,30,33,60,15,18,45,39,57,48,3,31,62,55,59,11,52
record	m=16515072	35,49,17,34,51,12,2,16,6,24,50,19,61,47,28,14,9,36,40,5,58,23,29,46,4,8,20,10,13,44,26,22,21,42,41,37,43,53,32,1,7,56,54,27,25,38,30,33,60,15,18,45,57,39,48,3,31,62,55,59,52,11
238315659014970455452373032458757152206	cd=507	24,6,51,12,60,15,48,3,50,19,28,14,37,41,26,22,42,21,27,54,10,20,32,1,33,30,23,58,11,52,4,8,36,9,56,7,2,16,53,43,49,35,57,39,38,25,5,40,61,47,55,59,45,18,29,46,34,17,31,62,44,13
record	m=901120	24,6,51,12,60,15,3,48,19,50,28,14,41,37,26,22,21,42,54,27,20,10,32,1,33,30,23,58,52,11,4,8,36,9,7,56,2,16,53,43,49,35,57,39,38,25,40,5,61,47,55,59,18,45,29,46,34,17,31,62,13,44
601964207462337349737537480218680695442	cd=235	27,54,9,36,40,5,23,58,38,25,18,45,33,30,8,4,16,2,55,59,19,50,34,17,29,46,56,7,3,48,6,24,44,13,47,61,52,11,22,26,51,12,41,37,20,10,60,15,42,21,14,28,1,32,43,53,62,31,57,39,49,35
record	m=23592960	54,27,9,36,40,5,23,58,25,38,18,45,33,30,4,8,2,16,55,59,50,19,17,34,29,46,7,56,48,3,24,6,13,44,61,47,52,11,26,22,51,12,41,37,20,10,60,15,21,42,28,14,32,1,53,43,31,62,57,39,49,35
535035214581977610411395915814296236995	cd=655	22,26,23,58,51,12,3,48,1,32,59,55,33,30,20,10,47,61,46,29,8,4,6,24,14,28,7,56,17,34,38,25,18,45,15,60,39,57,42,21,11,52,13,44,19,50,43,53,5,40,36,9,27,54,16,2,35,49,37,41,62,31
record	m=10321920	26,22,23,58,51,12,3,48,1,32,55,59,33,30,20,10,47,61,46,29,4,8,6,24,14,28,7,56,17,34,38,25,18,45,60,15,57,39,21,42,52,11,13,44,50,19,53,43,40,5,9,36,27,54,2,16,49,35,41,37,31,62
991234596633306507803926160628857030043	cd=295	4,8,34,17,19,50,42,21,2,16,37,41,51,12,61,47,44,13,24,6,31,62,59,55,29,46,22,26,11,52,18,45,25,38,1,32,28,14,39,57,53,43,30,33,15,60,49,35,10,20,48,3,36,9,5,40,23,58,27,54,7,56
record	m=13631488	4,8,17,34,50,19,21,42,2,16,41,37,51,12,61,47,13,44,24,6,31,62,55,59,29,46,26,22,52,11,18,45,25,38,1,32,28,14,39,57,53,43,30,33,60,15,35,49,20,10,48,3,36,9,40,5,58,23,54,27,7,56
714184718397608506301296083076307294613	cd=431	6,24,31,62,57,39,21,42,55,59,10,20,23,58,9,36,12,51,47,61,8,4,33,30,11,52,40,5,19,50,13,44,15,60,18,45,54,27,46,29,1,32,43,53,49,35,2,16,22,26,25,38,14,28,17,34,48,3,7,56,37,41
record	m=3670016	24,6,31,62,57,39,21,42,55,59,10,20,23,58,9,36,51,12,61,47,4,8,33,30,52,11,40,5,19,50,13,44,60,15,18,45,54,27,29,46,32,1,53,43,49,35,2,16,26,22,25,38,14,28,17,34,3,48,56,7,37,41
546246774878305856746276284716583989191	cd=459	38,25,40,5,3,48,37,41,59,55,20,10,4,8,13,44,26,22,32,1,51,12,29,46,18,45,43,53,33,30,23,58,17,34,42,21,49,35,28,14,56,7,52,11,39,57,47,61,9,36,50,19,54,27,2,16,6,24,15,60,62,31
record	m=4014080	25,38,40,5,3,48,41,37,55,59,10,20,4,8,13,44,26,22,32,1,51,12,29,46,18,45,53,43,33,30,23,58,17,34,42,21,35,49,14,28,7,56,52,11,57,39,61,47,9,36,50,19,54,27,2,16,6,24,15,60,31,62
83633264124628609657089831087522007174	cd=523	10,20,54,27,23,58,41,37,43,53,1,32,7,56,12,51,16,2,55,59,9,36,28,14,38,25,40,5,34,17,19,50,13,44,42,21,30,33,6,24,49,35,26,22,52,11,29,46,39,57,61,47,60,15,3,48,45,18,62,31,8,4
record	m=10321920	20,10,54,27,23,58,41,37,53,43,32,1,7,56,51,12,2,16,55,59,9,36,28,14,25,38,40,5,17,34,50,19,13,44,21,42,33,30,24,6,35,49,26,22,52,11,29,46,39,57,47,61,15,60,3,48,18,45,31,62,4,8
148875454587474389963883643970056624495	cd=491	7,56,62,31,32,1,26,22,17,34,43,53,21,42,35,49,33,30,25,38,18,45,48,3,41,37,40,5,61,47,2,16,9,36,29,46,50,19,39,57,55,59,11,52,13,44,28,14,23,58,60,15,54,27,10,20,12,51,6,24,4,8
record	m=3440640	7,56,31,62,32,1,26,22,17,34,53,43,42,21,35,49,33,30,25,38,18,45,3,48,41,37,40,5,61,47,16,2,9,36,46,29,19,50,57,39,59,55,52,11,13,44,28,14,23,58,60,15,27,54,20,10,51,12,24,6,8,4
1086364589231746045695717336806974020161	cd=631	8,4,29,46,11,52,23,58,6,24,27,54,26,22,47,61,2,16,50,19,34,17,10,20,30,33,59,55,42,21,45,18,28,14,40,5,60,15,9,36,1,32,7,56,51,12,25,38,35,49,48,3,43,53,57,39,41,37,13,44,31,62
record	m=37847040	4,8,29,46,52,11,23,58,24,6,54,27,26,22,61,47,16,2,50,19,34,17,20,10,33,30,55,59,21,42,18,45,28,14,40,5,60,15,9,36,1,32,7,56,51,12,25,38,35,49,3,48,43,53,57,39,41,37,13,44,31,62
502650122305013562414052476634334218467	cd=487	58,23,40,5,30,33,57,39,2,16,31,62,36,9,18,45,4,8,32,1,49,35,10,20,27,54,42,21,48,3,19,50,11,52,61,47,43,53,41,37,51,12,15,60,55,59,46,29,17,34,7,56,25,38,26,22,24,6,13,44,14,28
record	m=13762560	23,58,40,5,33,30,57,39,2,16,31,62,36,9,18,45,4,8,32,1,35,49,20,10,54,27,21,42,3,48,50,19,52,11,61,47,53,43,41,37,51,12,60,15,55,59,29,46,17,34,7,56,25,38,22,26,6,24,13,44,28,14
718057106299523033801368772412324100900	cd=519	34,17,22,26,37,41,29,46,13,44,28,14,2,16,12,51,20,10,15,60,39,57,35,49,58,23,59,55,18,45,31,62,8,4,9,36,56,7,33,30,54,27,25,38,6,24,48,3,43,53,40,5,19,50,61,47,52,11,32,1,21,42
record	m=1892352	17,34,26,22,41,37,29,46,13,44,28,14,2,16,51,12,20,10,60,15,57,39,49,35,23,58,55,59,18,45,31,62,4,8,36,9,7,56,33,30,54,27,25,38,6,24,3,48,53,43,40,5,19,50,61,47,52,11,32,1,21,42
379087161327320021304009709151331579392	cd=591	39,57,11,52,47,61,58,23,25,38,53,43,34,17,41,37,45,18,21,42,14,28,9,36,20,10,48,3,6,24,31,62,55,59,32,1,40,5,15,60,16,2,30,33,27,54,51,12,44,13,50,19,35,49,8,4,29,46,56,7,26,22
record	m=16515072	57,39,52,11,61,47,23,58,25,38,53,43,17,34,41,37,45,18,21,42,28,14,9,36,20,10,3,48,24,6,31,62,55,59,32,1,40,5,60,15,2,16,33,30,54,27,51,12,13,44,19,50,35,49,4,8,29,46,7,56,26,22
72927333188588645570344698487689155704	cd=695	49,35,2,16,13,44,58,23,39,57,34,17,59,55,60,15,45,18,33,30,29,46,53,43,36,9,54,27,21,42,56,7,37,41,10,20,31,62,28,14,25,38,47,61,24,6,1,32,48,3,22,26,40,5,19,50,11,52,51,12,8,4
record	m=1794048	35,49,2,16,13,44,58,23,57,39,17,34,55,59,60,15,18,45,33,30,29,46,53,43,9,36,27,54,21,42,7,56,41,37,20,10,31,62,28,14,38,25,61,47,6,24,32,1,3,48,26,22,5,40,50,19,11,52,51,12,4,8
518458324020558128900504530297855886331	cd=459	3,48,32,1,45,18,54,27,57,39,9,36,41,37,28,14,56,7,13,44,43,53,22,26,19,50,20,10,2,16,52,11,47,61,46,29,55,59,4,8,34,17,23,58,15,60,49,35,40,5,30,33,38,25,42,21,6,24,51,12,62,31
record	m=22708224	3,48,32,1,18,45,54,27,57,39,9,36,41,37,28,14,7,56,13,44,53,43,26,22,50,19,20,10,2,16,52,11,61,47,29,46,55,59,4,8,17,34,23,58,60,15,35,49,40,5,33,30,25,38,21,42,24,6,12,51,31,62
228209958069433346649576673659339087863	cd=251	14,28,9,36,33,30,12,51,35,49,41,37,22,26,7,56,1,32,25,38,18,45,42,21,27,54,34,17,46,29,59,55,5,40,47,61,16,2,39,57,24,6,8,4,52,11,15,60,23,58,3,48,20,10,19,50,62,31,53,43,44,13
record	m=3440640	28,14,9,36,33,30,12,51,35,49,41,37,26,22,7,56,32,1,25,38,18,45,21,42,54,27,34,17,29,46,55,59,40,5,61,47,2,16,57,39,6,24,4,8,52,11,15,60,23,58,3,48,10,20,50,19,62,31,53,43,13,44
492486929724285749316621688631664832718	cd=627	50,19,38,25,12,51,37,41,62,31,43,53,60,15,47,61,27,54,7,56,46,29,8,4,59,55,49,35,39,57,1,32,20,10,5,40,6,24,2,16,9,36,48,3,17,34,58,23,45,18,33,30,21,42,11,52,44,13,22,26,14,28
record	m=99090432	50,19,25,38,51,12,41,37,31,62,53,43,60,15,61,47,54,27,7,56,29,46,4,8,55,59,35,49,57,39,32,1,20,10,40,5,24,6,2,16,9,36,3,48,17,34,23,58,18,45,33,30,21,42,52,11,13,44,26,22,28,14
487830606848355848969296629245373494762	cd=459	43,53,5,40,4,8,46,29,17,34,27,54,56,7,9,36,24,6,33,30,23,58,48,3,25,38,26,22,10,20,13,44,1,32,31,62,39,57,35,49,51,12,2,16,21,42,59,55,15,60,41,37,52,11,19,50,47,61,45,18,14,28
record	m=5406720	53,43,40,5,8,4,29,46,17,34,54,27,7,56,9,36,24,6,33,30,23,58,3,48,25,38,26,22,10,20,13,44,32,1,31,62,57,39,49,35,51,12,2,16,21,42,59,55,60,15,41,37,52,11,19,50,61,47,45,18,28,14
959194695159745176256162512923612396812	cd=271	42,21,45,18,14,28,55,59,44,13,38,25,15,60,40,5,23,58,50,19,11,52,4,8,3,48,27,54,2,16,30,33,36,9,49,35,46,29,6,24,34,17,20,10,41,37,26,22,61,47,43,53,51,12,62,31,57,39,32,1,7,56
record	m=8110080	21,42,18,45,28,14,55,59,13,44,25,38,60,15,40,5,23,58,50,19,52,11,4,8,3,48,54,27,2,16,30,33,9,36,35,49,29,46,6,24,17,34,10,20,37,41,22,26,61,47,43,53,51,12,31,62,57,39,32,1,7,56
218996162232394791099886104575617449701	cd=355	25,38,5,40,20,10,54,27,43,53,45,18,24,6,34,17,31,62,23,58,52,11,32,1,26,22,50,19,9,36,46,29,39,57,42,21,8,4,12,51,2,16,7,56,30,33,59,55,15,60,61,47,37,41,3,48,35,49,14,28,44,13
record	m=10321920	25,38,40,5,20,10,54,27,53,43,18,45,24,6,17,34,62,31,23,58,52,11,32,1,26,22,50,19,9,36,46,29,57,39,21,42,8,4,12,51,2,16,56,7,33,30,55,59,60,15,61,47,41,37,3,48,35,49,14,28,13,44
100465025805053258178599064270073014983	cd=595	48,3,6,24,36,9,26,22,34,17,23,58,44,13,20,10,27,54,51,12,53,43,38,25,7,56,1,32,2,16,60,15,19,50,40,5,11,52,33,30,31,62,55,59,45,18,42,21,29,46,57,39,49,35,28,14,41,37,47,61,8,4
record	m=1146880	3,48,24,6,9,36,22,26,17,34,23,58,44,13,20,10,54,27,51,12,53,43,25,38,7,56,32,1,2,16,60,15,19,50,40,5,52,11,33,30,31,62,55,59,18,45,21,42,46,29,39,57,35,49,14,28,41,37,61,47,4,8
758317445087002666654389846180571978330	cd=615	33,30,28,14,58,23,45,18,39,57,54,27,1,32,3,48,41,37,9,36,50,19,43,53,6,24,17,34,29,46,51,12,11,52,56,7,2,16,31,62,42,21,5,40,4,8,26,22,35,49,60,15,55,59,61,47,38,25,20,10,13,44
record	m=802816	33,30,28,14,23,58,18,45,57,39,54,27,1,32,3,48,41,37,9,36,50,19,53,43,24,6,17,34,29,46,51,12,52,11,7,56,2,16,31,62,21,42,40,5,8,4,22,26,35,49,60,15,55,59,61,47,38,25,20,10,13,44
879179861281312150078537025882399518623	cd=567	1,32,6,24,41,37,42,21,28,14,30,33,8,4,26,22,10,20,7,56,35,49,3,48,29,46,17,34,45,18,23,58,2,16,51,12,36,9,57,39,52,11,40,5,60,15,25,38,44,13,62,31,59,55,47,61,27,54,53,43,19,50
record	m=16515072	32,1,24,6,37,41,21,42,28,14,30,33,4,8,26,22,10,20,7,56,35,49,3,48,29,46,17,34,18,45,23,58,2,16,51,12,9,36,57,39,52,11,40,5,60,15,25,38,44,13,31,62,55,59,61,47,54,27,43,53,50,19
365597745077358684954405318869101000430	cd=575	26,22,59,55,3,48,54,27,31,62,6,24,51,12,43,53,58,23,28,14,40,5,57,39,49,35,45,18,17,34,41,37,52,11,30,33,20,10,38,25,56,7,4,8,2,16,1,32,61,47,36,9,44,13,50,19,15,60,29,46,42,21
record	m=20643840	26,22,55,59,3,48,54,27,31,62,24,6,51,12,53,43,23,58,28,14,40,5,57,39,49,35,18,45,17,34,41,37,52,11,33,30,20,10,25,38,7,56,4,8,2,16,32,1,61,47,9,36,13,44,19,50,60,15,29,46,42,21
53617133396356458239610259256410071787	cd=547	19,50,55,59,21,42,61,47,1,32,43,53,5,40,25,38,39,57,15,60,33,30,24,6,12,51,34,17,29,46,56,7,44,13,20,10,28,14,23,58,11,52,49,35,48,3,4,8,18,45,31,62,22,26,54,27,36,9,41,37,16,2
record	m=31457280	50,19,55,59,21,42,61,47,32,1,53,43,40,5,25,38,39,57,60,15,33,30,24,6,51,12,17,34,29,46,7,56,44,13,20,10,28,14,23,58,52,11,35,49,3,48,4,8,18,45,31,62,26,22,54,27,9,36,41,37,2,16
642679993570981642627227487431728422863	cd=539	7,56,55,59,60,15,24,6,17,34,33,30,44,13,28,14,36,9,23,58,5,40,10,20,46,29,27,54,42,21,57,39,1,32,25,38,35,49,50,19,18,45,52,11,26,22,48,3,2,16,4,8,62,31,53,43,61,47,12,51,41,37
record	m=66060288	7,56,55,59,60,15,24,6,17,34,33,30,13,44,28,14,9,36,23,58,5,40,20,10,29,46,54,27,21,42,57,39,32,1,25,38,35,49,50,19,18,45,52,11,26,22,3,48,2,16,4,8,31,62,53,43,47,61,51,12,41,37
538909147327349128657832286772229443583	cd=667	60,15,55,59,50,19,38,25,32,1,29,46,33,30,58,23,16,2,36,9,17,34,35,49,14,28,53,43,37,41,27,54,42,21,51,12,20,10,6,24,18,45,57,39,61,47,4,8,52,11,40,5,22,26,13,44,56,7,3,48,62,31
record	m=1277952	60,15,55,59,50,19,25,38,32,1,29,46,33,30,23,58,2,16,9,36,17,34,35,49,14,28,53,43,37,41,27,54,21,42,51,12,20,10,24,6,18,45,57,39,61,47,4,8,52,11,40,5,22,26,13,44,7,56,48,3,31,62
324376176996889425029826782677533440918	cd=463	35,49,34,17,1,32,56,7,8,4,38,25,62,31,60,15,22,26,21,42,12,51,11,52,45,18,23,58,6,24,27,54,59,55,37,41,5,40,28,14,20,10,29,46,53,43,9,36,48,3,2,16,47,61,13,44,39,57,30,33,50,19
record	m=36900864	35,49,17,34,32,1,7,56,4,8,25,38,31,62,15,60,26,22,21,42,51,12,52,11,18,45,23,58,24,6,54,27,55,59,41,37,40,5,28,14,20,10,29,46,53,43,9,36,3,48,2,16,47,61,13,44,57,39,30,33,50,19
169456827223927227902936350226884118971	cd=503	29,46,55,59,60,15,61,47,26,22,21,42,2,16,9,36,32,1,12,51,56,7,54,27,35,49,37,41,17,34,33,30,18,45,6,24,57,39,13,44,14,28,58,23,40,5,53,43,48,3,38,25,50,19,52,11,10,20,31,62,4,8
record	m=69206016	29,46,55,59,60,15,61,47,26,22,21,42,2,16,9,36,32,1,51,12,7,56,54,27,35,49,41,37,17,34,33,30,18,45,24,6,57,39,13,44,28,14,23,58,40,5,53,43,48,3,25,38,19,50,11,52,20,10,31,62,4,8
461316497871145837124563997803488670041	cd=603	37,41,1,32,46,29,5,40,50,19,61,47,6,24,43,53,48,3,60,15,7,56,14,28,17,34,49,35,57,39,12,51,52,11,16,2,54,27,18,45,36,9,13,44,58,23,10,20,8,4,30,33,42,21,38,25,59,55,62,31,22,26
record	m=917504	41,37,32,1,29,46,40,5,19,50,61,47,6,24,53,43,3,48,15,60,56,7,28,14,34,17,35,49,57,39,51,12,52,11,2,16,54,27,45,18,9,36,13,44,58,23,20,10,4,8,33,30,21,42,25,38,59,55,31,62,26,22
276580930527583383919987712128463173062	cd=575	6,24,23,58,32,1,19,50,47,61,33,30,21,42,44,13,26,22,48,3,18,45,54,27,35,49,37,41,46,29,57,39,15,60,38,25,43,53,9,36,52,11,56,7,20,10,28,14,12,51,31,62,40,5,34,17,55,59,4,8,2,16
record	m=9175040	24,6,23,58,32,1,50,19,61,47,33,30,21,42,13,44,26,22,3,48,18,45,54,27,35,49,41,37,29,46,57,39,60,15,25,38,53,43,9,36,52,11,7,56,20,10,28,14,12,51,31,62,40,5,17,34,55,59,4,8,2,16
1043355159761296943964725518324515875252	cd=495	42,21,24,6,3,48,44,13,20,10,18,45,27,54,7,56,30,33,17,34,5,40,8,4,38,25,50,19,29,46,53,43,31,62,1,32,9,36,41,37,15,60,23,58,59,55,49,35,26,22,16,2,11,52,12,51,57,39,14,28,47,61
record	m=12386304	21,42,24,6,3,48,44,13,20,10,18,45,54,27,7,56,33,30,17,34,40,5,4,8,25,38,50,19,29,46,53,43,31,62,1,32,9,36,41,37,60,15,23,58,59,55,35,49,26,22,2,16,11,52,51,12,57,39,14,28,47,61
969360643138329752593923030369941627528	cd=539	34,17,61,47,21,42,18,45,55,59,44,13,9,36,22,26,43,53,48,3,38,25,10,20,23,58,27,54,51,12,2,16,29,46,5,40,32,1,52,11,30,33,57,39,62,31,60,15,6,24,41,37,14,28,35,49,8,4,50,19,7,56
record	m=2064384	17,34,47,61,21,42,18,45,55,59,13,44,9,36,22,26,43,53,3,48,25,38,20,10,23,58,54,27,51,12,2,16,29,46,40,5,1,32,52,11,33,30,57,39,31,62,60,15,6,24,41,37,28,14,49,35,4,8,50,19,7,56
678560859738203081182450714248913958984	cd=491	15,60,12,51,37,41,48,3,10,20,49,35,11,52,50,19,22,26,62,31,56,7,46,29,8,4,59,55,23,58,28,14,54,27,16,2,1,32,39,57,45,18,21,42,13,44,9,36,30,33,24,6,40,5,34,17,61,47,43,53,25,38
record	m=20643840	60,15,51,12,41,37,3,48,20,10,35,49,52,11,50,19,26,22,31,62,7,56,29,46,4,8,55,59,23,58,28,14,54,27,2,16,32,1,57,39,18,45,21,42,13,44,36,9,33,30,24,6,40,5,17,34,47,61,53,43,25,38
244479604079734772687197255378795818157	cd=615	33,30,4,8,3,48,18,45,7,56,2,16,58,23,46,29,61,47,35,49,31,62,53,43,37,41,40,5,24,6,57,39,13,44,38,25,32,1,11,52,51,12,9,36,21,42,27,54,15,60,34,17,26,22,50,19,59,55,20,10,28,14
record	m=45416448	33,30,4,8,3,48,18,45,7,56,2,16,23,58,29,46,61,47,35,49,31,62,53,43,41,37,40,5,24,6,57,39,13,44,25,38,32,1,52,11,51,12,9,36,21,42,54,27,15,60,17,34,26,22,50,19,55,59,10,20,28,14
897452021484645090617716748354164589093	cd=471	19,50,1,32,56,7,30,33,25,38,12,51,16,2,27,54,46,29,41,37,26,22,34,17,15,60,9,36,4,8,62,31,24,6,18,45,43,53,3,48,35,49,58,23,39,57,20,10,42,21,55,59,13,44,5,40,47,61,28,14,11,52
record	m=18284544	50,19,32,1,7,56,33,30,25,38,51,12,2,16,54,27,29,46,41,37,26,22,17,34,60,15,9,36,4,8,31,62,24,6,18,45,53,43,3,48,35,49,23,58,57,39,20,10,42,21,55,59,13,44,5,40,61,47,28,14,52,11
274453758581974269290642168102357581039	cd=479	45,18,25,38,12,51,19,50,52,11,31,62,13,44,6,24,39,57,37,41,3,48,36,9,58,23,55,59,53,43,7,56,47,61,28,14,42,21,27,54,15,60,22,26,49,35,32,1,29,46,30,33,4,8,17,34,20,10,40,5,2,16
record	m=19464192	18,45,25,38,12,51,50,19,52,11,31,62,13,44,24,6,57,39,41,37,3,48,9,36,23,58,55,59,43,53,7,56,61,47,28,14,21,42,54,27,15,60,26,22,35,49,32,1,29,46,30,33,4,8,17,34,10,20,5,40,2,16
108316251163459613823446953380741573818	cd=451	53,43,6,24,42,21,31,62,40,5,58,23,25,38,37,41,61,47,50,19,11,52,13,44,22,26,54,27,35,49,60,15,14,28,10,20,48,3,2,16,29,46,39,57,55,59,33,30,9,36,18,45,12,51,1,32,8,4,34,17,56,7
record	m=6881280	53,43,24,6,21,42,31,62,40,5,58,23,25,38,41,37,61,47,50,19,52,11,13,44,26,22,54,27,35,49,60,15,28,14,20,10,3,48,2,16,29,46,39,57,59,55,30,33,9,36,45,18,51,12,32,1,4,8,17,34,7,56
551459262826008524755642276798395617226	cd=567	14,28,23,58,44,13,52,11,8,4,2,16,38,25,60,15,55,59,41,37,19,50,56,7,43,53,17,34,30,33,45,18,9,36,27,54,35,49,62,31,46,29,22,26,51,12,48,3,5,40,57,39,47,61,24,6,42,21,20,10,1,32
record	m=12386304	28,14,23,58,44,13,52,11,4,8,2,16,25,38,60,15,55,59,41,37,50,19,7,56,53,43,17,34,33,30,18,45,9,36,27,54,35,49,31,62,29,46,26,22,51,12,3,48,40,5,57,39,47,61,24,6,21,42,10,20,32,1
851764611628629432589808311975153690152	cd=507	20,10,59,55,58,23,40,5,48,3,17,34,41,37,9,36,1,32,39,57,42,21,38,25,53,43,26,22,31,62,27,54,60,15,18,45,47,61,19,50,28,14,6,24,2,16,51,12,46,29,33,30,4,8,11,52,44,13,7,56,35,49
record	m=3096576	20,10,59,55,23,58,5,40,3,48,17,34,41,37,9,36,1,32,57,39,21,42,25,38,53,43,26,22,31,62,27,54,60,15,18,45,61,47,50,19,28,14,24,6,16,2,51,12,29,46,33,30,4,8,52,11,13,44,56,7,35,49
417226140708374846355380641898675714344	cd=475	46,29,37,41,45,18,12,51,16,2,1,32,6,24,9,36,27,54,48,3,14,28,7,56,26,22,61,47,21,42,11,52,20,10,35,49,58,23,17,34,55,59,15,60,31,62,43,53,57,39,33,30,8,4,40,5,19,50,44,13,38,25
record	m=1892352	29,46,41,37,45,18,51,12,2,16,32,1,24,6,9,36,54,27,3,48,28,14,7,56,26,22,61,47,21,42,52,11,10,20,49,35,23,58,17,34,55,59,60,15,62,31,53,43,57,39,33,30,4,8,5,40,50,19,44,13,38,25
821378962457159954218665363526495312080	cd=647	23,58,6,24,4,8,13,44,12,51,9,36,27,54,10,20,26,22,42,21,7,56,30,33,45,18,28,14,62,31,61,47,53,43,37,41,52,11,17,34,48,3,50,19,29,46,55,59,57,39,60,15,2,16,25,38,40,5,32,1,35,49
record	m=1605632	23,58,24,6,4,8,13,44,12,51,9,36,27,54,20,10,22,26,21,42,7,56,33,30,18,45,28,14,31,62,61,47,53,43,37,41,52,11,17,34,3,48,19,50,46,29,55,59,39,57,15,60,16,2,25,38,40,5,32,1,35,49
155608596050140221486872692600052966575	cd=603	43,53,33,30,25,38,59,55,48,3,5,40,17,34,32,1,22,26,23,58,44,13,60,15,45,18,14,28,47,61,2,16,42,21,12,51,11,52,57,39,6,24,50,19,56,7,35,49,20,10,27,54,31,62,29,46,36,9,41,37,4,8
record	m=9884160	53,43,33,30,25,38,55,59,3,48,40,5,17,34,32,1,26,22,23,58,44,13,60,15,18,45,28,14,61,47,2,16,21,42,51,12,52,11,57,39,24,6,50,19,7,56,35,49,20,10,54,27,62,31,46,29,9,36,41,37,4,8
19118034882627462901402367027111878766	cd=595	46,29,62,31,10,20,36,9,41,37,34,17,52,11,2,16,50,19,14,28,21,42,3,48,12,51,6,24,49,35,26,22,7,56,18,45,47,61,23,58,53,43,13,44,54,27,30,33,5,40,15,60,25,38,55,59,4,8,57,39,32,1
record	m=5111808	29,46,31,62,20,10,9,36,37,41,17,34,52,11,2,16,50,19,28,14,21,42,3,48,51,12,24,6,35,49,26,22,7,56,18,45,61,47,23,58,53,43,13,44,54,27,33,30,40,5,15,60,25,38,55,59,4,8,57,39,32,1
537663888794967230282086134725568126743	cd=571	44,13,38,25,43,53,7,56,12,51,61,47,21,42,58,23,5,40,48,3,59,55,22,26,34,17,36,9,35,49,32,1,52,11,41,37,50,19,27,54,20,10,16,2,39,57,6,24,15,60,30,33,4,8,28,14,29,46,18,45,62,31
record	m=22708224	13,44,25,38,53,43,7,56,51,12,61,47,21,42,58,23,40,5,3,48,55,59,26,22,17,34,9,36,35,49,32,1,52,11,41,37,50,19,54,27,20,10,2,16,57,39,6,24,60,15,33,30,4,8,28,14,29,46,45,18,31,62
801939156965359739703520434019185461556	cd=471	49,35,28,14,37,41,19,50,57,39,22,26,3,48,8,4,13,44,12,51,62,31,16,2,15,60,56,7,33,30,42,21,9,36,45,18,10,20,5,40,52,11,38,25,55,59,1,32,17,34,58,23,29,46,6,24,43,53,54,27,61,47
record	m=2883584	35,49,14,28,41,37,50,19,57,39,22,26,3,48,4,8,13,44,12,51,31,62,2,16,60,15,7,56,33,30,21,42,9,36,18,45,20,10,40,5,52,11,25,38,55,59,32,1,34,17,23,58,46,29,24,6,53,43,27,54,61,47
935976912846551137105932160520272741051	cd=503	25,38,62,31,53,43,23,58,46,29,3,48,4,8,12,51,5,40,34,17,28,14,11,52,45,18,50,19,20,10,9,36,30,33,2,16,61,47,57,39,1,32,60,15,27,54,44,13,42,21,7,56,49,35,6,24,41,37,26,22,59,55
record	m=506880	25,38,31,62,53,43,23,58,29,46,3,48,4,8,12,51,40,5,17,34,14,28,52,11,45,18,50,19,20,10,9,36,33,30,2,16,61,47,57,39,32,1,15,60,54,27,13,44,21,42,56,7,35,49,24,6,37,41,22,26,59,55
1014452117039930075359639028514023459223	cd=547	44,13,30,33,27,54,29,46,45,18,5,40,17,34,4,8,10,20,7,56,16,2,24,6,26,22,12,51,11,52,62,31,1,32,50,19,58,23,47,61,41,37,14,28,49,35,53,43,42,21,25,38,48,3,60,15,39,57,9,36,55,59
record	m=6881280	13,44,33,30,54,27,29,46,18,45,40,5,17,34,4,8,20,10,7,56,2,16,24,6,26,22,51,12,52,11,31,62,32,1,50,19,58,23,61,47,41,37,28,14,35,49,43,53,21,42,25,38,3,48,15,60,57,39,36,9,59,55
643387429430742821354813035243879856289	cd=463	18,45,7,56,50,19,5,40,4,8,29,46,28,14,21,42,36,9,44,13,53,43,25,38,20,10,33,30,12,51,49,35,32,1,6,24,34,17,48,3,60,15,58,23,39,57,26,22,31,62,2,16,54,27,59,55,47,61,11,52,41,37
record	m=7340032	18,45,7,56,50,19,5,40,4,8,29,46,28,14,21,42,9,36,13,44,53,43,25,38,20,10,33,30,12,51,35,49,32,1,24,6,17,34,3,48,15,60,23,58,57,39,22,26,31,62,2,16,54,27,59,55,61,47,52,11,37,41
140078288609765938771613709972279917268	cd=659	51,12,39,57,55,59,34,17,41,37,61,47,15,60,23,58,43,53,22,26,54,27,14,28,46,29,5,40,45,18,11,52,38,25,19,50,13,44,33,30,42,21,48,3,7,56,49,35,1,32,62,31,2,16,6,24,36,9,20,10,4,8
record	m=5160960	51,12,57,39,55,59,17,34,41,37,61,47,60,15,23,58,53,43,26,22,27,54,28,14,29,46,40,5,18,45,52,11,25,38,50,19,13,44,33,30,21,42,3,48,56,7,35,49,32,1,62,31,2,16,6,24,9,36,10,20,8,4
1021025388818982859207998059559308263995	cd=579	52,11,2,16,29,46,6,24,53,43,17,34,9,36,18,45,23,58,56,7,4,8,1,32,31,62,10,20,25,38,35,49,21,42,12,51,41,37,60,15,26,22,30,33,13,44,47,61,54,27,40,5,14,28,19,50,57,39,3,48,55,59
record	m=25690112	52,11,2,16,29,46,24,6,53,43,17,34,9,36,45,18,23,58,56,7,4,8,32,1,62,31,20,10,25,38,35,49,21,42,51,12,41,37,60,15,26,22,30,33,13,44,61,47,54,27,40,5,28,14,50,19,57,39,48,3,55,59
805938023211719488252193818363572608140	cd=507	13,44,28,14,6,24,4,8,45,18,54,27,17,34,23,58,32,1,39,57,36,9,59,55,43,53,10,20,29,46,3,48,5,40,16,2,21,42,15,60,37,41,51,12,26,22,50,19,7,56,62,31,25,38,11,52,30,33,49,35,61,47
record	m=11354112	13,44,28,14,24,6,4,8,18,45,54,27,17,34,23,58,32,1,57,39,9,36,55,59,53,43,20,10,29,46,3,48,40,5,2,16,21,42,60,15,41,37,51,12,26,22,50,19,7,56,31,62,25,38,52,11,30,33,35,49,61,47
927069569570682762456562424265633792558	cd=627	46,29,11,52,50,19,2,16,37,41,36,9,48,3,53,43,57,39,15,60,12,51,5,40,35,49,61,47,30,33,42,21,18,45,31,62,56,7,17,34,10,20,14,28,58,23,13,44,24,6,22,26,1,32,54,27,25,38,8,4,59,55
record	m=11010048	29,46,52,11,50,19,2,16,41,37,9,36,3,48,53,43,57,39,60,15,51,12,40,5,35,49,61,47,33,30,21,42,18,45,31,62,56,7,17,34,10,20,28,14,23,58,44,13,24,6,26,22,32,1,27,54,38,25,8,4,59,55
351810874164058584834721141841006990970	cd=503	20,10,15,60,24,6,57,39,36,9,7,56,46,29,12,51,32,1,19,50,44,13,27,54,59,55,5,40,38,25,14,28,11,52,53,43,3,48,37,41,2,16,58,23,49,35,62,31,18,45,47,61,17,34,33,30,8,4,26,22,42,21
record	m=3244032	20,10,60,15,24,6,57,39,9,36,7,56,29,46,51,12,32,1,19,50,44,13,27,54,59,55,5,40,25,38,14,28,52,11,43,53,48,3,41,37,2,16,23,58,35,49,31,62,18,45,61,47,34,17,33,30,4,8,26,22,21,42
627163423314773799849984009964529675409	cd=579	14,28,9,36,6,24,11,52,38,25,43,53,54,27,8,4,61,47,58,23,13,44,29,46,62,31,45,18,12,51,48,3,1,32,19,50,17,34,60,15,10,20,7,56,30,33,5,40,57,39,2,16,55,59,21,42,35,49,26,22,41,37
record	m=4055040	28,14,9,36,24,6,52,11,25,38,53,43,54,27,8,4,61,47,23,58,44,13,29,46,31,62,18,45,12,51,3,48,32,1,50,19,34,17,60,15,10,20,7,56,30,33,40,5,39,57,16,2,55,59,42,21,49,35,26,22,41,37
791697117077114162909385113631876260840	cd=551	38,25,15,60,17,34,58,23,43,53,32,1,22,26,10,20,6,24,30,33,44,13,57,39,4,8,35,49,14,28,16,2,19,50,48,3,42,21,37,41,62,31,12,51,7,56,55,59,45,18,27,54,40,5,52,11,29,46,36,9,61,47
record	m=14680064	25,38,60,15,17,34,23,58,53,43,32,1,26,22,20,10,24,6,30,33,13,44,57,39,4,8,35,49,14,28,16,2,50,19,3,48,21,42,41,37,31,62,51,12,7,56,59,55,45,18,54,27,40,5,52,11,29,46,36,9,61,47
352257120920864539594221236984151302597	cd=627	32,1,45,18,40,5,17,34,14,28,6,24,9,36,3,48,12,51,62,31,25,38,4,8,37,41,2,16,49,35,43,53,10,20,55,59,11,52,39,57,46,29,19,50,56,7,33,30,44,13,60,15,23,58,61,47,27,54,26,22,42,21
record	m=6150144	32,1,18,45,40,5,17,34,14,28,24,6,9,36,3,48,51,12,31,62,25,38,4,8,41,37,2,16,35,49,43,53,10,20,55,59,52,11,57,39,29,46,50,19,7,56,33,30,13,44,15,60,58,23,61,47,54,27,22,26,42,21
205918883226090164378120248172203021720	cd=399	29,46,28,14,26,22,24,6,57,39,20,10,11,52,37,41,51,12,25,38,49,35,55,59,34,17,50,19,31,62,48,3,32,1,23,58,53,43,33,30,40,5,54,27,7,56,21,42,2,16,9,36,61,47,15,60,45,18,8,4,44,13
record	m=5734400	29,46,28,14,26,22,24,6,57,39,20,10,11,52,41,37,51,12,25,38,35,49,55,59,17,34,50,19,31,62,48,3,32,1,23,58,53,43,33,30,40,5,54,27,7,56,21,42,2,16,9,36,61,47,60,15,45,18,4,8,13,44
285367766438977123535379699040247634865	cd=527	15,60,52,11,59,55,22,26,51,12,62,31,13,44,42,21,30,33,47,61,7,56,19,50,54,27,40,5,18,45,17,34,41,37,38,25,8,4,48,3,32,1,29,46,10,20,43,53,39,57,36,9,35,49,23,58,14,28,6,24,2,16
record	m=12189696	60,15,11,52,55,59,26,22,51,12,31,62,13,44,21,42,33,30,61,47,7,56,50,19,54,27,40,5,18,45,17,34,41,37,25,38,4,8,3,48,32,1,29,46,10,20,43,53,57,39,36,9,35,49,23,58,28,14,24,6,16,2
213180629058764418136659938142624446311	cd=555	33,30,54,27,15,60,6,24,5,40,38,25,26,22,59,55,46,29,52,11,1,32,9,36,23,58,47,61,12,51,21,42,4,8,17,34,3,48,57,39,50,19,10,20,28,14,49,35,62,31,18,45,7,56,41,37,53,43,2,16,44,13
record	m=31850496	33,30,54,27,60,15,24,6,40,5,25,38,26,22,55,59,29,46,52,11,1,32,9,36,23,58,61,47,51,12,21,42,8,4,17,34,3,48,57,39,50,19,20,10,14,28,35,49,31,62,18,45,7,56,41,37,53,43,2,16,13,44
641987989198526647885588866440342135223	cd=655	36,9,26,22,30,33,21,42,38,25,10,20,44,13,24,6,47,61,56,7,16,2,32,1,40,5,34,17,8,4,28,14,39,57,51,12,48,3,60,15,58,23,54,27,55,59,52,11,49,35,18,45,46,29,31,62,43,53,19,50,41,37
record	m=5505024	9,36,22,26,30,33,21,42,25,38,20,10,13,44,24,6,47,61,7,56,2,16,32,1,40,5,17,34,4,8,28,14,39,57,51,12,3,48,15,60,23,58,54,27,55,59,52,11,35,49,18,45,29,46,62,31,53,43,50,19,41,37
1044306381327534851888563172921073456122	cd=443	26,22,11,52,40,5,46,29,44,13,6,24,56,7,19,50,62,31,10,20,53,43,18,45,35,49,27,54,9,36,34,17,39,57,21,42,37,41,58,23,16,2,38,25,8,4,55,59,15,60,28,14,1,32,12,51,48,3,33,30,47,61
record	m=20545536	26,22,52,11,40,5,29,46,13,44,24,6,7,56,50,19,31,62,20,10,53,43,18,45,35,49,54,27,9,36,17,34,57,39,21,42,41,37,23,58,2,16,25,38,4,8,59,55,60,15,14,28,32,1,51,12,3,48,30,33,61,47
405409701568624249178770352818708820067	cd=471	28,14,41,37,45,18,33,30,46,29,34,17,25,38,5,40,27,54,32,1,16,2,20,10,3,48,51,12,61,47,6,24,49,35,53,43,31,62,39,57,9,36,23,58,55,59,44,13,21,42,4,8,15,60,50,19,52,11,7,56,26,22
record	m=229376	28,14,41,37,45,18,33,30,29,46,17,34,38,25,40,5,54,27,1,32,2,16,10,20,3,48,51,12,61,47,6,24,49,35,53,43,31,62,57,39,9,36,23,58,55,59,13,44,42,21,4,8,60,15,19,50,52,11,7,56,26,22
713245360127349997606570924394457271938	cd=647	30,33,10,20,23,58,56,7,18,45,8,4,29,46,22,26,6,24,15,60,49,35,38,25,42,21,47,61,51,12,11,52,62,31,28,14,13,44,2,16,50,19,5,40,43,53,55,59,48,3,32,1,34,17,57,39,9,36,27,54,37,41
record	m=3440640	33,30,20,10,23,58,56,7,18,45,4,8,29,46,26,22,24,6,60,15,35,49,25,38,21,42,61,47,51,12,52,11,31,62,28,14,13,44,2,16,50,19,5,40,53,43,55,59,3,48,32,1,34,17,57,39,9,36,27,54,37,41
197210167563470102142776917357788467136	cd=391	27,54,9,36,13,44,20,10,34,17,30,33,6,24,57,39,38,25,5,40,46,29,56,7,12,51,62,31,23,58,14,28,8,4,45,18,53,43,37,41,19,50,2,16,22,26,60,15,42,21,47,61,1,32,3,48,59,55,35,49,52,11
record	m=31457280	54,27,9,36,13,44,20,10,17,34,33,30,24,6,57,39,38,25,40,5,29,46,7,56,51,12,31,62,23,58,28,14,4,8,45,18,53,43,41,37,50,19,2,16,26,22,60,15,21,42,61,47,32,1,48,3,55,59,35,49,11,52
393744627816157678975703523611033404120	cd=655	7,56,30,33,3,48,46,29,25,38,14,28,23,58,19,50,52,11,45,18,10,20,36,9,47,61,2,16,37,41,32,1,57,39,54,27,59,55,6,24,62,31,12,51,21,42,44,13,40,5,43,53,15,60,34,17,8,4,49,35,26,22
record	m=7077888	7,56,33,30,3,48,29,46,38,25,28,14,23,58,50,19,52,11,45,18,20,10,9,36,61,47,16,2,41,37,32,1,57,39,54,27,55,59,24,6,31,62,51,12,21,42,44,13,40,5,53,43,15,60,17,34,4,8,35,49,26,22
932227140045268517013363977561030158562	cd=531	24,6,18,45,48,3,11,52,33,30,9,36,56,7,35,49,54,27,1,32,58,23,61,47,26,22,41,37,4,8,40,5,20,10,13,44,31,62,39,57,12,51,34,17,29,46,28,14,21,42,16,2,50,19,53,43,25,38,60,15,59,55
record	m=18350080	24,6,18,45,3,48,52,11,33,30,9,36,7,56,35,49,54,27,1,32,58,23,61,47,26,22,41,37,4,8,40,5,20,10,13,44,31,62,57,39,51,12,17,34,46,29,14,28,21,42,16,2,50,19,53,43,25,38,60,15,55,59
344664741437260219638712427350151411456	cd=479	7,56,24,6,34,17,12,51,39,57,26,22,29,46,31,62,28,14,27,54,3,48,2,16,5,40,10,20,37,41,15,60,55,59,18,45,33,30,25,38,1,32,49,35,44,13,50,19,23,58,9,36,53,43,61,47,52,11,4,8,42,21
record	m=8257536	7,56,24,6,17,34,51,12,57,39,22,26,29,46,31,62,28,14,54,27,3,48,2,16,40,5,20,10,41,37,60,15,55,59,18,45,33,30,25,38,32,1,35,49,13,44,19,50,23,58,9,36,53,43,47,61,11,52,8,4,42,21
430883524970010922792748982709403790967	cd=519	45,18,2,16,22,26,30,33,27,54,23,58,32,1,12,51,36,9,46,29,49,35,7,56,53,43,8,4,10,20,39,57,11,52,28,14,40,5,17,34,59,55,47,61,44,13,60,15,48,3,31,62,42,21,24,6,50,19,37,41,38,25
record	m=1146880	45,18,2,16,26,22,30,33,54,27,23,58,32,1,51,12,9,36,29,46,35,49,7,56,53,43,8,4,10,20,57,39,52,11,28,14,40,5,17,34,55,59,61,47,13,44,15,60,3,48,62,31,21,42,24,6,50,19,41,37,38,25
1069372631844088163022593729244326700336	cd=379	53,43,15,60,12,51,38,25,56,7,10,20,33,30,42,21,5,40,6,24,22,26,1,32,14,28,35,49,36,9,23,58,48,3,50,19,57,39,54,27,47,61,46,29,41,37,17,34,55,59,16,2,8,4,18,45,13,44,52,11,31,62
record	m=2359296	53,43,60,15,51,12,25,38,7,56,20,10,30,33,21,42,40,5,6,24,22,26,32,1,28,14,49,35,9,36,23,58,48,3,50,19,57,39,54,27,61,47,29,46,41,37,17,34,55,59,2,16,4,8,18,45,13,44,52,11,31,62
465899416096747601906722041111713499400	cd=611	9,36,23,58,60,15,55,59,28,14,39,57,44,13,53,43,47,61,25,38,42,21,4,8,19,50,30,33,45,18,56,7,12,51,3,48,40,5,52,11,62,31,27,54,32,1,24,6,17,34,49,35,10,20,46,29,16,2,37,41,22,26
record	m=2949120	9,36,23,58,60,15,55,59,28,14,39,57,13,44,53,43,61,47,25,38,21,42,4,8,50,19,33,30,18,45,7,56,12,51,3,48,40,5,52,11,31,62,54,27,1,32,24,6,34,17,49,35,10,20,29,46,2,16,41,37,26,22
263408440381287516564550481933362630747	cd=551	48,3,17,34,4,8,25,38,37,41,58,23,24,6,57,39,47,61,54,27,15,60,52,11,22,26,32,1,12,51,5,40,53,43,50,19,35,49,31,62,2,16,36,9,42,21,13,44,10,20,55,59,45,18,30,33,7,56,29,46,28,14
record	m=16515072	3,48,17,34,4,8,25,38,41,37,23,58,24,6,57,39,61,47,54,27,60,15,11,52,26,22,32,1,51,12,40,5,53,43,50,19,35,49,31,62,2,16,9,36,21,42,13,44,20,10,59,55,18,45,33,30,7,56,29,46,14,28
1001672203613899819336395237559616089302	cd=519	40,5,27,54,34,17,12,51,3,48,2,16,33,30,29,46,52,11,21,42,37,41,36,9,4,8,58,23,25,38,7,56,18,45,57,39,44,13,28,14,32,1,31,62,24,6,22,26,19,50,10,20,43,53,49,35,61,47,60,15,55,59
record	m=34406400	40,5,54,27,17,34,51,12,3,48,2,16,33,30,29,46,52,11,21,42,41,37,9,36,4,8,58,23,25,38,7,56,45,18,57,39,13,44,28,14,32,1,31,62,24,6,26,22,50,19,20,10,53,43,35,49,47,61,15,60,55,59
921091552084230737066174606661572526055	cd=479	6,24,20,10,51,12,16,2,59,55,28,14,50,19,35,49,58,23,37,41,22,26,13,44,43,53,4,8,15,60,54,27,33,30,31,62,21,42,48,3,32,1,29,46,34,17,18,45,38,25,61,47,5,40,9,36,56,7,39,57,11,52
record	m=3932160	24,6,20,10,51,12,2,16,55,59,28,14,50,19,35,49,23,58,41,37,26,22,13,44,53,43,8,4,60,15,54,27,33,30,31,62,42,21,3,48,1,32,46,29,17,34,18,45,25,38,47,61,40,5,9,36,7,56,57,39,52,11
166635229125344853393500461151335838650	cd=379	20,10,2,16,25,38,28,14,19,50,27,54,5,40,17,34,44,13,37,41,43,53,35,49,22,26,46,29,23,58,3,48,42,21,30,33,61,47,6,24,60,15,45,18,56,7,12,51,31,62,36,9,57,39,11,52,32,1,55,59,4,8
record	m=8257536	20,10,2,16,25,38,28,14,50,19,54,27,40,5,17,34,44,13,41,37,53,43,49,35,26,22,29,46,23,58,3,48,21,42,33,30,61,47,6,24,60,15,45,18,7,56,51,12,31,62,36,9,57,39,52,11,1,32,55,59,4,8
745008712439738897992226077535335224023	cd=343	22,26,1,32,4,8,37,41,58,23,46,29,12,51,34,17,59,55,36,9,28,14,47,61,49,35,40,5,10,20,43,53,7,56,2,16,6,24,52,11,25,38,15,60,57,39,54,27,33,30,44,13,45,18,31,62,48,3,19,50,21,42
record	m=6488064	26,22,32,1,4,8,41,37,23,58,29,46,51,12,17,34,55,59,9,36,28,14,61,47,35,49,40,5,20,10,53,43,7,56,2,16,24,6,52,11,25,38,60,15,57,39,54,27,30,33,13,44,45,18,31,62,48,3,50,19,21,42
81975105620013192317052581703103598298	cd=499	44,13,32,1,47,61,15,60,46,29,21,42,19,50,48,3,33,30,56,7,18,45,52,11,37,41,10,20,25,38,59,55,26,22,2,16,36,9,49,35,57,39,24,6,23,58,40,5,17,34,62,31,43,53,12,51,27,54,14,28,8,4
record	m=11010048	13,44,32,1,61,47,60,15,29,46,42,21,50,19,3,48,33,30,7,56,18,45,52,11,41,37,20,10,25,38,59,55,26,22,2,16,9,36,35,49,39,57,24,6,58,23,40,5,34,17,31,62,53,43,51,12,54,27,28,14,4,8
380454134089543302347525268667362504911	cd=467	29,46,52,11,7,56,33,30,24,6,55,59,38,25,31,62,20,10,32,1,49,35,50,19,34,17,2,16,60,15,44,13,37,41,40,5,58,23,4,8,14,28,47,61,53,43,39,57,18,45,27,54,21,42,3,48,12,51,36,9,26,22
record	m=3276800	29,46,52,11,7,56,33,30,24,6,55,59,25,38,31,62,20,10,32,1,35,49,50,19,17,34,2,16,60,15,44,13,41,37,40,5,58,23,4,8,28,14,61,47,53,43,57,39,18,45,54,27,21,42,3,48,12,51,9,36,22,26
357061162534475250834863236086363292517	cd=507	12,51,41,37,20,10,53,43,48,3,39,57,28,14,23,58,36,9,11,52,2,16,40,5,38,25,49,35,18,45,8,4,26,22,46,29,44,13,7,56,60,15,34,17,33,30,6,24,32,1,61,47,54,27,50,19,55,59,62,31,42,21
record	m=3211264	51,12,41,37,20,10,53,43,3,48,57,39,14,28,23,58,9,36,52,11,2,16,40,5,25,38,35,49,18,45,4,8,26,22,29,46,13,44,7,56,60,15,17,34,30,33,24,6,32,1,61,47,54,27,50,19,55,59,31,62,42,21
145330443670846446653768594158745584270	cd=443	2,16,34,17,32,1,53,43,20,10,28,14,60,15,44,13,25,38,11,52,39,57,36,9,49,35,61,47,50,19,31,62,51,12,54,27,24,6,26,22,7,56,41,37,29,46,58,23,30,33,55,59,42,21,5,40,3,48,45,18,4,8
record	m=1537536	2,16,34,17,32,1,53,43,20,10,28,14,60,15,44,13,25,38,52,11,57,39,9,36,35,49,61,47,50,19,31,62,51,12,54,27,24,6,26,22,7,56,41,37,29,46,23,58,33,30,55,59,21,42,40,5,3,48,45,18,4,8
433175163778900052963043150495597745406	cd=511	2,16,1,32,17,34,51,12,56,7,20,10,41,37,23,58,47,61,5,40,35,49,52,11,28,14,3,48,39,57,19,50,54,27,36,9,60,15,8,4,62,31,24,6,29,46,45,18,30,33,53,43,26,22,59,55,21,42,13,44,38,25
record	m=6881280	2,16,32,1,17,34,51,12,7,56,20,10,41,37,23,58,61,47,40,5,35,49,52,11,28,14,3,48,57,39,50,19,54,27,36,9,60,15,4,8,31,62,24,6,29,46,18,45,33,30,53,43,26,22,55,59,21,42,44,13,25,38
360169798611399989892847384716718362719	cd=471	11,52,28,14,50,19,20,10,5,40,45,18,7,56,44,13,43,53,27,54,17,34,29,46,51,12,60,15,4,8,26,22,16,2,25,38,3,48,55,59,57,39,33,30,31,62,37,41,24,6,47,61,23,58,32,1,35,49,9,36,42,21
record	m=9175040	52,11,28,14,50,19,20,10,40,5,18,45,7,56,13,44,53,43,54,27,17,34,29,46,51,12,60,15,4,8,26,22,2,16,25,38,3,48,55,59,57,39,33,30,31,62,41,37,6,24,61,47,23,58,32,1,35,49,9,36,21,42
352769757267366090549622459936118698876	cd=375	29,46,45,18,25,38,20,10,3,48,60,15,1,32,35,49,27,54,26,22,62,31,44,13,50,19,9,36,7,56,37,41,53,43,2,16,8,4,12,51,52,11,28,14,59,55,39,57,5,40,58,23,47,61,33,30,17,34,6,24,42,21
record	m=4816896	29,46,18,45,25,38,20,10,3,48,60,15,1,32,35,49,54,27,26,22,31,62,13,44,50,19,9,36,7,56,41,37,43,53,16,2,4,8,12,51,52,11,28,14,55,59,39,57,40,5,58,23,61,47,33,30,17,34,6,24,21,42
1001620524450936211832319269665462715537	cd=467	17,34,22,26,11,52,6,24,62,31,32,1,37,41,27,54,42,21,57,39,20,10,58,23,2,16,35,49,7,56,44,13,5,40,46,29,12,51,47,61,38,25,33,30,4,8,18,45,48,3,19,50,14,28,9,36,53,43,60,15,55,59
record	m=30277632	17,34,26,22,52,11,24,6,31,62,1,32,41,37,54,27,21,42,57,39,20,10,23,58,2,16,35,49,7,56,13,44,40,5,29,46,51,12,61,47,38,25,33,30,4,8,45,18,3,48,50,19,28,14,9,36,53,43,15,60,55,59
206439795889496056246214805925550115046	cd=535	53,43,33,30,45,18,35,49,61,47,46,29,12,51,31,62,48,3,36,9,15,60,41,37,26,22,7,56,55,59,32,1,34,17,24,6,20,10,28,14,25,38,23,58,52,11,50,19,39,57,42,21,27,54,16,2,4,8,40,5,44,13
record	m=37847040	53,43,33,30,18,45,35,49,61,47,29,46,51,12,31,62,48,3,9,36,60,15,41,37,26,22,7,56,55,59,32,1,17,34,24,6,20,10,28,14,25,38,23,58,52,11,50,19,57,39,21,42,54,27,2,16,4,8,40,5,44,13
546197681151884747462820940551678650509	cd=507	18,45,7,56,47,61,36,9,29,46,52,11,28,14,40,5,13,44,59,55,58,23,4,8,21,42,3,48,41,37,26,22,51,12,38,25,49,35,2,16,6,24,20,10,54,27,50,19,1,32,43,53,39,57,30,33,34,17,15,60,62,31
record	m=41287680	18,45,7,56,61,47,9,36,29,46,52,11,28,14,40,5,13,44,55,59,23,58,8,4,21,42,3,48,41,37,26,22,51,12,25,38,35,49,2,16,24,6,20,10,54,27,50,19,1,32,53,43,57,39,33,30,17,34,60,15,62,31
61608309445215805655615332263500067233	cd=471	57,39,14,28,35,49,1,32,55,59,11,52,4,8,29,46,41,37,5,40,20,10,31,62,51,12,25,38,30,33,23,58,60,15,13,44,34,17,45,18,56,7,61,47,42,21,3,48,26,22,19,50,27,54,6,24,9,36,43,53,16,2
record	m=11354112	57,39,14,28,35,49,32,1,55,59,52,11,4,8,29,46,41,37,40,5,20,10,31,62,51,12,25,38,33,30,23,58,60,15,13,44,34,17,18,45,7,56,61,47,21,42,3,48,26,22,50,19,27,54,24,6,9,36,53,43,2,16
796412548062248013401705629019807284272	cd=419	34,17,2,16,49,35,58,23,28,14,25,38,10,20,53,43,1,32,33,30,26,22,39,57,27,54,37,41,24,6,62,31,52,11,29,46,60,15,9,36,55,59,42,21,8,4,7,56,12,51,5,40,18,45,3,48,44,13,50,19,61,47
record	m=1720320	17,34,16,2,35,49,23,58,28,14,25,38,20,10,53,43,32,1,33,30,26,22,39,57,54,27,41,37,6,24,31,62,52,11,29,46,60,15,9,36,55,59,21,42,4,8,7,56,51,12,40,5,45,18,3,48,44,13,19,50,61,47
1073389728145080406783794851672041989730	cd=407	51,12,38,25,8,4,22,26,46,29,9,36,17,34,43,53,19,50,28,14,30,33,52,11,13,44,58,23,7,56,47,61,20,10,54,27,16,2,37,41,60,15,48,3,42,21,55,59,35,49,40,5,39,57,32,1,6,24,45,18,31,62
record	m=12976128	51,12,25,38,4,8,26,22,29,46,9,36,17,34,53,43,50,19,28,14,30,33,52,11,13,44,58,23,7,56,61,47,10,20,54,27,2,16,41,37,60,15,48,3,21,42,55,59,35,49,40,5,39,57,32,1,24,6,18,45,31,62
710000435931610476313739784735187429639	cd=371	11,52,7,56,16,2,25,38,44,13,22,26,51,12,1,32,20,10,53,43,34,17,31,62,59,55,18,45,21,42,6,24,50,19,29,46,39,57,33,30,9,36,4,8,15,60,61,47,27,54,3,48,5,40,58,23,28,14,35,49,37,41
record	m=12845056	52,11,7,56,2,16,25,38,13,44,26,22,51,12,32,1,20,10,53,43,17,34,62,31,55,59,18,45,21,42,24,6,50,19,29,46,57,39,33,30,9,36,4,8,60,15,47,61,54,27,3,48,40,5,23,58,28,14,35,49,41,37
397985783560440348708174947204245419918	cd=459	28,14,61,47,29,46,9,36,1,32,52,11,10,20,45,18,62,31,23,58,48,3,15,60,16,2,51,12,56,7,19,50,43,53,40,5,27,54,34,17,24,6,13,44,30,33,55,59,4,8,41,37,25,38,49,35,57,39,21,42,26,22
record	m=12300288	28,14,61,47,29,46,9,36,32,1,52,11,10,20,18,45,31,62,23,58,3,48,60,15,2,16,51,12,7,56,50,19,53,43,40,5,54,27,17,34,24,6,13,44,33,30,55,59,4,8,41,37,25,38,35,49,39,57,21,42,26,22
174303958074300021828004084550704079724	cd=531	14,28,7,56,26,22,10,20,40,5,39,57,37,41,38,25,13,44,32,1,31,62,60,15,43,53,47,61,29,46,17,34,27,54,42,21,30,33,36,9,18,45,59,55,19,50,35,49,24,6,58,23,4,8,48,3,16,2,51,12,52,11
record	m=13178880	28,14,7,56,26,22,20,10,40,5,57,39,41,37,25,38,13,44,32,1,31,62,60,15,53,43,61,47,29,46,17,34,54,27,21,42,33,30,9,36,18,45,55,59,50,19,35,49,24,6,23,58,8,4,3,48,2,16,51,12,52,11
706508815303552392558749923158606583315	cd=511	36,9,34,17,30,33,39,57,6,24,4,8,56,7,2,16,58,23,38,25,42,21,59,55,62,31,45,18,46,29,14,28,20,10,50,19,11,52,12,51,3,48,32,1,40,5,47,61,35,49,27,54,60,15,26,22,13,44,53,43,37,41
record	m=61931520	9,36,17,34,33,30,57,39,24,6,4,8,7,56,2,16,23,58,25,38,21,42,55,59,31,62,18,45,29,46,28,14,20,10,50,19,11,52,12,51,3,48,32,1,40,5,61,47,35,49,54,27,15,60,26,22,13,44,53,43,37,41
525089516545749448066092246713657551367	cd=531	19,50,60,15,53,43,20,10,5,40,27,54,36,9,28,14,8,4,22,26,21,42,18,45,46,29,11,52,35,49,39,57,61,47,34,17,13,44,30,33,37,41,48,3,59,55,1,32,25,38,7,56,16,2,24,6,12,51,58,23,62,31
record	m=3440640	50,19,15,60,53,43,20,10,40,5,54,27,9,36,28,14,4,8,26,22,21,42,18,45,29,46,52,11,35,49,57,39,61,47,34,17,13,44,30,33,41,37,3,48,55,59,32,1,38,25,7,56,2,16,6,24,51,12,23,58,31,62
542712646901853468594922708009036954907	cd=371	26,22,37,41,5,40,3,48,23,58,28,14,45,18,12,51,29,46,15,60,54,27,56,7,38,25,11,52,32,1,21,42,30,33,35,49,57,39,20,10,50,19,44,13,6,24,61,47,2,16,4,8,36,9,17,34,59,55,43,53,62,31
record	m=10321920	26,22,41,37,40,5,3,48,23,58,28,14,18,45,51,12,29,46,60,15,54,27,7,56,25,38,52,11,32,1,21,42,30,33,35,49,57,39,20,10,50,19,13,44,24,6,47,61,16,2,4,8,36,9,17,34,55,59,53,43,31,62
164141729683348877235787252235415140690	cd=567	52,11,62,31,12,51,25,38,45,18,30,33,58,23,27,54,59,55,22,26,17,34,47,61,20,10,29,46,39,57,6,24,19,50,35,49,36,9,15,60,48,3,16,2,41,37,14,28,7,56,44,13,5,40,42,21,32,1,43,53,4,8
record	m=6193152	52,11,31,62,51,12,25,38,18,45,33,30,23,58,54,27,55,59,26,22,17,34,47,61,20,10,29,46,57,39,24,6,50,19,35,49,9,36,60,15,3,48,2,16,41,37,28,14,56,7,44,13,5,40,42,21,32,1,53,43,8,4
228677665227159340994777044303555493346	cd=403	56,7,43,53,15,60,41,37,38,25,12,51,54,27,3,48,39,57,20,10,47,61,1,32,21,42,62,31,6,24,49,35,55,59,33,30,22,26,40,5,2,16,50,19,58,23,9,36,34,17,46,29,8,4,11,52,28,14,18,45,44,13
record	m=3440640	7,56,53,43,60,15,41,37,25,38,51,12,54,27,3,48,57,39,20,10,47,61,32,1,21,42,31,62,24,6,35,49,55,59,33,30,26,22,5,40,2,16,50,19,58,23,9,36,34,17,46,29,4,8,11,52,28,14,18,45,13,44
617166321653133515067944854472029487424	cd=623	35,49,48,3,59,55,46,29,62,31,50,19,5,40,9,36,14,28,27,54,61,47,60,15,10,20,43,53,7,56,30,33,51,12,6,24,26,22,17,34,45,18,23,58,39,57,1,32,11,52,38,25,2,16,42,21,13,44,8,4,41,37
record	m=45416448	35,49,3,48,55,59,29,46,31,62,50,19,5,40,9,36,28,14,54,27,61,47,15,60,20,10,53,43,7,56,33,30,51,12,24,6,22,26,17,34,18,45,23,58,57,39,32,1,52,11,25,38,16,2,21,42,13,44,4,8,37,41
597181852584029965122869572075002434851	cd=427	13,44,39,57,6,24,21,42,41,37,51,12,56,7,26,22,1,32,60,15,40,5,8,4,47,61,16,2,43,53,48,3,34,17,30,33,9,36,54,27,59,55,20,10,50,19,14,28,25,38,52,11,58,23,31,62,18,45,46,29,49,35
record	m=3784704	13,44,57,39,24,6,21,42,41,37,51,12,7,56,26,22,32,1,15,60,40,5,4,8,61,47,2,16,53,43,3,48,17,34,33,30,9,36,54,27,55,59,10,20,50,19,28,14,25,38,52,11,23,58,62,31,45,18,29,46,35,49
123381770237248749576495129601985642062	cd=495	52,11,24,6,42,21,1,32,34,17,12,51,46,29,16,2,33,30,55,59,25,38,22,26,9,36,43,53,39,57,35,49,23,58,20,10,18,45,3,48,62,31,27,54,40,5,14,28,8,4,19,50,13,44,15,60,47,61,37,41,56,7
record	m=9830400	52,11,24,6,21,42,32,1,17,34,51,12,29,46,2,16,33,30,55,59,25,38,26,22,36,9,53,43,57,39,35,49,23,58,20,10,18,45,3,48,62,31,54,27,40,5,28,14,4,8,50,19,44,13,60,15,61,47,41,37,56,7
65080958818111775500842237904154120185	cd=619	14,28,25,38,50,19,34,17,5,40,42,21,11,52,12,51,6,24,61,47,55,59,32,1,26,22,41,37,29,46,15,60,13,44,45,18,20,10,33,30,57,39,3,48,62,31,54,27,49,35,8,4,9,36,7,56,43,53,23,58,16,2
record	m=917504	28,14,25,38,50,19,34,17,40,5,21,42,52,11,51,12,24,6,47,61,55,59,32,1,26,22,41,37,29,46,60,15,44,13,45,18,20,10,30,33,57,39,3,48,62,31,54,27,35,49,4,8,36,9,7,56,53,43,23,58,2,16
42988635797351989644595698284865245464	cd=515	23,58,62,31,43,53,10,20,26,22,34,17,9,36,33,30,47,61,48,3,32,1,35,49,4,8,28,14,59,55,46,29,24,6,42,21,60,15,12,51,56,7,27,54,57,39,52,11,38,25,5,40,18,45,44,13,37,41,50,19,16,2
record	m=23592960	23,58,31,62,53,43,20,10,26,22,17,34,9,36,33,30,61,47,3,48,1,32,35,49,4,8,28,14,55,59,29,46,24,6,21,42,60,15,12,51,7,56,54,27,57,39,52,11,25,38,40,5,18,45,13,44,41,37,50,19,2,16
634339700742217621979086347078503395540	cd=567	19,50,3,48,5,40,46,29,54,27,7,56,42,21,12,51,52,11,13,44,55,59,61,47,26,22,34,17,9,36,20,10,1,32,8,4,39,57,6,24,53,43,25,38,18,45,28,14,16,2,23,58,33,30,62,31,15,60,49,35,41,37
record	m=14680064	50,19,3,48,40,5,29,46,54,27,7,56,21,42,51,12,52,11,13,44,55,59,61,47,26,22,17,34,9,36,20,10,32,1,4,8,57,39,24,6,53,43,25,38,18,45,28,14,16,2,23,58,33,30,31,62,15,60,49,35,41,37
244839017040739526130585966462354388413	cd=547	10,20,18,45,39,57,35,49,13,44,38,25,24,6,21,42,26,22,32,1,34,17,36,9,47,61,48,3,58,23,40,5,2,16,12,51,43,53,7,56,27,54,37,41,15,60,29,46,62,31,50,19,55,59,8,4,30,33,52,11,28,14
record	m=11010048	20,10,18,45,57,39,35,49,13,44,25,38,6,24,21,42,26,22,32,1,34,17,9,36,61,47,3,48,23,58,40,5,2,16,51,12,53,43,7,56,54,27,41,37,60,15,29,46,31,62,19,50,55,59,4,8,33,30,52,11,28,14
12629382882235770381055095220790658461	cd=491	36,9,27,54,12,51,25,38,37,41,39,57,58,23,7,56,21,42,47,61,46,29,44,13,40,5,30,33,15,60,48,3,59,55,8,4,62,31,45,18,52,11,10,20,49,35,22,26,19,50,28,14,34,17,53,43,2,16,6,24,32,1
record	m=167936	9,36,54,27,51,12,25,38,41,37,57,39,23,58,56,7,21,42,61,47,29,46,13,44,5,40,33,30,60,15,48,3,55,59,8,4,31,62,18,45,52,11,10,20,49,35,26,22,50,19,28,14,34,17,43,53,16,2,24,6,32,1
740448827576653577255952965306058090211	cd=543	13,44,5,40,45,18,36,9,56,7,14,28,38,25,60,15,1,32,34,17,49,35,4,8,37,41,51,12,33,30,29,46,11,52,59,55,22,26,31,62,61,47,3,48,24,6,23,58,19,50,43,53,10,20,27,54,2,16,57,39,21,42
record	m=12386304	13,44,40,5,18,45,9,36,7,56,28,14,25,38,60,15,1,32,17,34,35,49,4,8,41,37,51,12,33,30,29,46,52,11,55,59,26,22,31,62,61,47,3,48,24,6,58,23,50,19,53,43,20,10,54,27,2,16,57,39,21,42
119160648288501410435715807009960957294	cd=515	60,15,1,32,48,3,14,28,21,42,2,16,57,39,58,23,51,12,5,40,4,8,18,45,11,52,49,35,37,41,46,29,43,53,33,30,31,62,27,54,9,36,13,44,25,38,26,22,59,55,47,61,20,10,19,50,24,6,17,34,56,7
record	m=1720320	60,15,1,32,3,48,28,14,21,42,2,16,57,39,23,58,51,12,40,5,4,8,18,45,52,11,35,49,41,37,29,46,53,43,33,30,31,62,27,54,9,36,13,44,25,38,26,22,59,55,61,47,10,20,50,19,24,6,17,34,7,56
220194714742504775898756787232945129039	cd=511	14,28,45,18,2,16,25,38,58,23,62,31,3,48,19,50,51,12,47,61,59,55,7,56,1,32,42,21,11,52,57,39,36,9,4,8,26,22,49,35,40,5,15,60,43,53,41,37,6,24,17,34,29,46,20,10,54,27,33,30,44,13
record	m=878592	28,14,45,18,2,16,25,38,23,58,31,62,48,3,50,19,51,12,61,47,55,59,7,56,32,1,21,42,52,11,57,39,9,36,8,4,26,22,35,49,40,5,60,15,53,43,37,41,24,6,34,17,46,29,20,10,27,54,30,33,13,44
654038148073723289154412838921233837088	cd=431	26,22,19,50,44,13,35,49,39,57,41,37,43,53,56,7,28,14,23,58,48,3,16,2,61,47,11,52,17,34,54,27,15,60,30,33,42,21,12,51,31,62,55,59,1,32,36,9,46,29,40,5,24,6,18,45,4,8,20,10,25,38
record	m=51609600	26,22,50,19,13,44,35,49,57,39,41,37,53,43,7,56,28,14,23,58,3,48,2,16,47,61,52,11,17,34,54,27,60,15,33,30,21,42,51,12,31,62,55,59,32,1,36,9,29,46,40,5,24,6,18,45,4,8,20,10,25,38
628742595685753188260055032364992926788	cd=355	1,32,39,57,21,42,59,55,34,17,15,60,23,58,36,9,8,4,24,6,5,40,43,53,3,48,29,46,12,51,2,16,61,47,31,62,56,7,10,20,49,35,26,22,27,54,14,28,45,18,52,11,30,33,13,44,19,50,38,25,41,37
record	m=14155776	32,1,57,39,21,42,55,59,17,34,60,15,23,58,9,36,4,8,6,24,40,5,53,43,3,48,29,46,51,12,2,16,61,47,31,62,56,7,20,10,35,49,26,22,27,54,28,14,18,45,52,11,33,30,13,44,19,50,38,25,41,37
71473724206905200046472730416729379928	cd=499	5,40,23,58,53,43,24,6,51,12,7,56,27,54,30,33,47,61,28,14,29,46,31,62,49,35,10,20,2,16,60,15,44,13,41,37,19,50,59,55,48,3,25,38,52,11,34,17,57,39,18,45,42,21,22,26,1,32,36,9,8,4
record	m=13762560	40,5,58,23,53,43,24,6,51,12,7,56,54,27,33,30,61,47,28,14,29,46,31,62,35,49,20,10,2,16,60,15,13,44,41,37,50,19,55,59,3,48,25,38,52,11,17,34,39,57,45,18,21,42,26,22,32,1,36,9,4,8
844434784775273521582543561133405110538	cd=499	45,18,6,24,36,9,56,7,21,42,30,33,55,59,2,16,29,46,3,48,15,60,38,25,23,58,19,50,40,5,27,54,31,62,12,51,37,41,61,47,44,13,14,28,8,4,26,22,34,17,20,10,11,52,1,32,57,39,53,43,35,49
record	m=15728640	18,45,24,6,9,36,7,56,21,42,33,30,55,59,2,16,29,46,3,48,15,60,25,38,23,58,50,19,5,40,54,27,62,31,51,12,41,37,61,47,13,44,28,14,4,8,26,22,17,34,20,10,11,52,32,1,57,39,53,43,49,35
920132221525401167686089879451790708391	cd=515	14,28,4,8,22,26,10,20,48,3,24,6,32,1,34,17,41,37,35,49,50,19,31,62,18,45,61,47,16,2,39,57,15,60,21,42,12,51,40,5,53,43,38,25,13,44,54,27,23,58,29,46,56,7,9,36,30,33,59,55,11,52
record	m=10813440	28,14,4,8,26,22,20,10,3,48,24,6,32,1,34,17,41,37,35,49,50,19,31,62,18,45,61,47,16,2,39,57,15,60,21,42,12,51,40,5,43,53,25,38,13,44,54,27,23,58,29,46,7,56,9,36,30,33,55,59,52,11
602410939367436044614247554274883080315	cd=547	42,21,13,44,43,53,7,56,47,61,2,16,32,1,38,25,27,54,34,17,28,14,3,48,8,4,12,51,6,24,59,55,62,31,19,50,57,39,22,26,11,52,33,30,45,18,29,46,41,37,60,15,23,58,20,10,36,9,5,40,49,35
record	m=3784704	21,42,13,44,53,43,7,56,61,47,16,2,32,1,25,38,54,27,17,34,14,28,48,3,4,8,12,51,24,6,55,59,31,62,50,19,57,39,22,26,52,11,33,30,45,18,29,46,41,37,60,15,23,58,20,10,36,9,40,5,35,49
53741399462060269104678400166967246659	cd=551	52,11,21,42,27,54,50,19,32,1,35,49,57,39,3,48,22,26,9,36,29,46,45,18,28,14,47,61,31,62,10,20,15,60,38,25,12,51,34,17,4,8,7,56,13,44,33,30,55,59,53,43,40,5,58,23,6,24,41,37,16,2
record	m=22708224	52,11,21,42,54,27,50,19,32,1,35,49,57,39,3,48,26,22,36,9,29,46,18,45,28,14,61,47,31,62,20,10,60,15,25,38,51,12,17,34,4,8,56,7,13,44,33,30,55,59,43,53,5,40,23,58,24,6,37,41,2,16
610592970759441194322316072137220213791	cd=555	46,29,13,44,1,32,3,48,62,31,53,43,33,30,25,38,58,23,39,57,5,40,2,16,21,42,45,18,7,56,34,17,52,11,14,28,50,19,41,37,51,12,54,27,36,9,15,60,4,8,6,24,10,20,22,26,47,61,59,55,49,35
record	m=44040192	29,46,13,44,32,1,3,48,62,31,53,43,33,30,25,38,23,58,57,39,40,5,2,16,21,42,18,45,7,56,17,34,52,11,28,14,50,19,41,37,51,12,54,27,36,9,15,60,4,8,24,6,20,10,22,26,61,47,55,59,35,49
584061071982410529877720960479240142099	cd=367	4,8,58,23,37,41,39,57,17,34,6,24,53,43,33,30,29,46,60,15,22,26,40,5,55,59,42,21,50,19,16,2,3,48,20,10,28,14,18,45,62,31,44,13,38,25,51,12,1,32,54,27,36,9,61,47,52,11,56,7,49,35
record	m=2580480	4,8,58,23,37,41,57,39,17,34,24,6,53,43,33,30,29,46,60,15,26,22,5,40,59,55,21,42,50,19,2,16,3,48,20,10,28,14,18,45,31,62,13,44,25,38,51,12,32,1,27,54,9,36,61,47,52,11,7,56,35,49
1025508969265908100808967671189595777921	cd=415	48,3,13,44,7,56,20,10,12,51,21,42,18,45,25,38,26,22,5,40,43,53,33,30,50,19,62,31,41,37,49,35,57,39,34,17,61,47,16,2,1,32,46,29,24,6,27,54,15,60,14,28,11,52,36,9,8,4,23,58,55,59
record	m=946176	3,48,44,13,7,56,20,10,51,12,21,42,18,45,25,38,26,22,5,40,53,43,33,30,50,19,31,62,41,37,35,49,57,39,17,34,47,61,2,16,32,1,29,46,24,6,54,27,60,15,28,14,11,52,36,9,4,8,58,23,59,55
983692002369297197982161387113000863290	cd=463	40,5,33,30,50,19,61,47,16,2,8,4,29,46,44,13,26,22,17,34,3,48,42,21,1,32,10,20,27,54,31,62,36,9,57,39,38,25,12,51,37,41,14,28,59,55,58,23,11,52,35,49,18,45,15,60,24,6,53,43,7,56
record	m=16515072	40,5,33,30,50,19,61,47,16,2,4,8,29,46,13,44,26,22,17,34,3,48,21,42,32,1,20,10,54,27,31,62,36,9,57,39,38,25,51,12,41,37,28,14,55,59,23,58,52,11,35,49,18,45,60,15,24,6,53,43,7,56
577757306366774640875886585891153300183	cd=423	23,58,52,11,14,28,35,49,48,3,37,41,19,50,53,43,44,13,2,16,60,15,29,46,33,30,25,38,22,26,40,5,55,59,47,61,42,21,31,62,54,27,45,18,6,24,4,8,20,10,9,36,7,56,17,34,51,12,39,57,1,32
record	m=11796480	23,58,52,11,28,14,49,35,3,48,41,37,50,19,53,43,13,44,2,16,60,15,29,46,33,30,25,38,22,26,40,5,55,59,61,47,42,21,31,62,54,27,18,45,24,6,8,4,10,20,36,9,7,56,17,34,51,12,57,39,32,1
519641126389330412067018442955376021301	cd=539	29,46,18,45,42,21,55,59,52,11,58,23,39,57,10,20,36,9,16,2,15,60,3,48,4,8,6,24,5,40,12,51,35,49,37,41,27,54,44,13,1,32,7,56,33,30,61,47,22,26,50,19,53,43,25,38,34,17,28,14,62,31
record	m=2293760	29,46,18,45,21,42,55,59,52,11,23,58,57,39,20,10,9,36,2,16,60,15,48,3,4,8,6,24,40,5,12,51,35,49,41,37,54,27,13,44,32,1,56,7,33,30,61,47,26,22,50,19,53,43,25,38,34,17,28,14,31,62
112554791246843706314329094106145765972	cd=503	44,13,61,47,10,20,33,30,60,15,59,55,8,4,9,36,43,53,57,39,19,50,42,21,3,48,62,31,37,41,28,14,45,18,58,23,29,46,22,26,32,1,2,16,12,51,17,34,11,52,25,38,54,27,40,5,49,35,6,24,56,7
record	m=3932160	13,44,61,47,10,20,33,30,60,15,55,59,4,8,36,9,53,43,57,39,50,19,21,42,3,48,62,31,41,37,28,14,18,45,23,58,46,29,26,22,32,1,2,16,12,51,17,34,52,11,25,38,54,27,40,5,35,49,24,6,7,56
239062032440609783581448172521110797459	cd=475	40,5,23,58,48,3,49,35,56,7,19,50,38,25,18,45,52,11,46,29,55,59,51,12,34,17,10,20,8,4,33,30,47,61,41,37,6,24,36,9,54,27,42,21,2,16,44,13,15,60,22,26,62,31,53,43,57,39,32,1,28,14
record	m=27525120	40,5,23,58,3,48,35,49,7,56,50,19,25,38,18,45,52,11,29,46,55,59,51,12,17,34,20,10,4,8,33,30,61,47,41,37,6,24,9,36,27,54,21,42,16,2,13,44,60,15,26,22,31,62,53,43,57,39,32,1,28,14
159042001955043534264656825058687273246	cd=511	19,50,17,34,62,31,60,15,18,45,41,37,1,32,53,43,14,28,48,3,33,30,40,5,20,10,2,16,27,54,12,51,11,52,49,35,23,58,47,61,59,55,26,22,38,25,56,7,29,46,9,36,6,24,39,57,13,44,21,42,4,8
record	m=6193152	50,19,17,34,62,31,60,15,18,45,41,37,32,1,53,43,14,28,48,3,33,30,40,5,20,10,16,2,54,27,51,12,52,11,35,49,23,58,61,47,55,59,26,22,25,38,7,56,29,46,9,36,24,6,57,39,13,44,21,42,4,8
108920998460659733979902854738116323785	cd=455	37,41,29,46,10,20,28,14,26,22,62,31,35,49,24,6,5,40,32,1,18,45,58,23,25,38,47,61,9,36,8,4,59,55,44,13,42,21,3,48,27,54,60,15,2,16,30,33,51,12,53,43,57,39,19,50,11,52,34,17,56,7
record	m=24772608	41,37,29,46,20,10,28,14,26,22,31,62,35,49,24,6,40,5,1,32,18,45,23,58,25,38,61,47,9,36,4,8,55,59,13,44,21,42,3,48,54,27,15,60,16,2,33,30,12,51,53,43,57,39,50,19,11,52,17,34,7,56
493542375991077206605369235420107475738	cd=467	19,50,36,9,30,33,4,8,46,29,11,52,51,12,34,17,59,55,47,61,13,44,60,15,37,41,25,38,58,23,24,6,35,49,2,16,42,21,18,45,5,40,56,7,22,26,31,62,1,32,20,10,39,57,43,53,3,48,54,27,14,28
record	m=13762560	50,19,9,36,33,30,4,8,29,46,52,11,51,12,17,34,55,59,61,47,13,44,60,15,41,37,25,38,23,58,24,6,35,49,2,16,21,42,18,45,40,5,7,56,22,26,31,62,1,32,20,10,57,39,53,43,48,3,54,27,28,14
671974638789268263745797388407798799726	cd=483	17,34,16,2,20,10,3,48,58,23,21,42,46,29,15,60,55,59,37,41,8,4,11,52,24,6,28,14,27,54,5,40,30,33,47,61,44,13,50,19,32,1,57,39,49,35,22,26,56,7,51,12,31,62,18,45,36,9,53,43,25,38
record	m=4128768	17,34,16,2,20,10,3,48,23,58,42,21,29,46,60,15,55,59,41,37,4,8,52,11,24,6,28,14,54,27,40,5,33,30,61,47,13,44,19,50,32,1,57,39,49,35,26,22,56,7,51,12,31,62,45,18,9,36,43,53,25,38
843524485250463915037694990901274358769	cd=447	7,56,48,3,18,45,44,13,52,11,29,46,53,43,58,23,26,22,51,12,17,34,19,50,27,54,9,36,20,10,57,39,31,62,21,42,4,8,32,1,25,38,2,16,5,40,47,61,59,55,30,33,6,24,14,28,15,60,37,41,35,49
record	m=1720320	7,56,48,3,18,45,13,44,52,11,29,46,53,43,23,58,22,26,51,12,17,34,19,50,27,54,9,36,20,10,57,39,31,62,21,42,4,8,32,1,25,38,2,16,40,5,61,47,55,59,30,33,24,6,28,14,60,15,41,37,35,49
261156627504704939669034613990274334238	cd=643	36,9,35,49,26,22,29,46,45,18,23,58,16,2,19,50,27,54,48,3,32,1,55,59,11,52,25,38,12,51,47,61,43,53,62,31,10,20,4,8,60,15,33,30,13,44,39,57,6,24,34,17,40,5,7,56,41,37,21,42,28,14
record	m=27525120	9,36,35,49,26,22,29,46,18,45,23,58,2,16,50,19,54,27,3,48,32,1,55,59,52,11,25,38,51,12,61,47,53,43,31,62,20,10,4,8,60,15,33,30,13,44,57,39,24,6,17,34,40,5,7,56,41,37,21,42,14,28
130716054270417452616777645188941958772	cd=491	35,49,59,55,54,27,29,46,57,39,50,19,58,23,40,5,4,8,1,32,14,28,45,18,36,9,26,22,53,43,13,44,15,60,47,61,37,41,21,42,30,33,6,24,20,10,17,34,48,3,16,2,62,31,25,38,12,51,11,52,56,7
record	m=13762560	35,49,55,59,54,27,29,46,57,39,50,19,23,58,5,40,4,8,32,1,28,14,18,45,9,36,22,26,43,53,13,44,60,15,61,47,41,37,21,42,30,33,24,6,20,10,17,34,3,48,2,16,31,62,25,38,51,12,52,11,56,7
993221278766768481555216292449343989187	cd=511	41,37,60,15,39,57,55,59,33,30,29,46,4,8,48,3,40,5,22,26,16,2,13,44,36,9,42,21,45,18,1,32,35,49,25,38,28,14,54,27,19,50,11,52,61,47,10,20,43,53,34,17,23,58,24,6,51,12,31,62,7,56
record	m=22708224	41,37,60,15,57,39,55,59,33,30,29,46,4,8,3,48,40,5,22,26,2,16,13,44,9,36,21,42,18,45,32,1,35,49,25,38,28,14,54,27,19,50,52,11,61,47,10,20,43,53,17,34,23,58,24,6,51,12,31,62,7,56
247329930153669476826059878901794169444	cd=423	42,21,22,26,43,53,31,62,15,60,45,18,17,34,58,23,3,48,19,50,20,10,41,37,4,8,59,55,51,12,52,11,30,33,29,46,6,24,39,57,49,35,36,9,7,56,54,27,5,40,13,44,1,32,25,38,61,47,2,16,28,14
record	m=4091904	21,42,26,22,53,43,31,62,60,15,18,45,17,34,23,58,3,48,19,50,20,10,41,37,4,8,55,59,51,12,52,11,33,30,29,46,24,6,39,57,35,49,9,36,7,56,54,27,40,5,44,13,1,32,38,25,61,47,2,16,28,14
533884286971559598406380971218028518938	cd=579	23,58,33,30,13,44,24,6,20,10,53,43,37,41,29,46,9,36,60,15,34,17,8,4,21,42,32,1,27,54,61,47,5,40,3,48,38,25,45,18,50,19,49,35,2,16,52,11,26,22,12,51,7,56,14,28,55,59,57,39,62,31
record	m=27525120	23,58,33,30,13,44,24,6,20,10,53,43,41,37,29,46,9,36,60,15,17,34,4,8,21,42,32,1,27,54,61,47,40,5,3,48,25,38,45,18,50,19,35,49,2,16,52,11,26,22,51,12,7,56,28,14,55,59,39,57,31,62
1084542153512932781201018813081867652508	cd=571	5,40,11,52,54,27,45,18,51,12,26,22,16,2,30,33,32,1,34,17,20,10,48,3,55,59,53,43,39,57,13,44,19,50,23,58,46,29,4,8,15,60,9,36,47,61,7,56,49,35,6,24,21,42,28,14,25,38,37,41,31,62
record	m=3784704	40,5,52,11,27,54,18,45,51,12,26,22,2,16,30,33,32,1,34,17,20,10,3,48,55,59,53,43,57,39,13,44,19,50,23,58,29,46,4,8,60,15,9,36,61,47,7,56,35,49,24,6,21,42,28,14,25,38,41,37,31,62
140686736480844722321450799962726195646	cd=415	30,33,41,37,21,42,50,19,47,61,16,2,40,5,52,11,18,45,12,51,7,56,54,27,26,22,13,44,57,39,24,6,48,3,17,34,49,35,32,1,55,59,53,43,14,28,36,9,23,58,46,29,60,15,38,25,31,62,20,10,4,8
record	m=11010048	30,33,41,37,21,42,50,19,61,47,2,16,40,5,52,11,18,45,51,12,7,56,54,27,26,22,13,44,57,39,24,6,3,48,17,34,49,35,32,1,55,59,53,43,14,28,9,36,23,58,46,29,60,15,25,38,62,31,20,10,4,8
908707882897916819334321610644017753103	cd=311	13,44,24,6,21,42,57,39,48,3,12,51,55,59,19,50,60,15,28,14,26,22,38,25,35,49,2,16,29,46,5,40,37,41,47,61,23,58,31,62,43,53,54,27,36,9,45,18,8,4,56,7,1,32,34,17,10,20,30,33,11,52
record	m=7569408	13,44,24,6,21,42,57,39,3,48,12,51,55,59,50,19,15,60,28,14,26,22,25,38,35,49,2,16,29,46,40,5,41,37,61,47,23,58,31,62,53,43,54,27,36,9,18,45,4,8,7,56,32,1,34,17,20,10,33,30,52,11
484027265996698011328987386197025871506	cd=443	3,48,45,18,2,16,47,61,27,54,7,56,46,29,24,6,21,42,60,15,51,12,26,22,44,13,52,11,33,30,39,57,58,23,38,25,19,50,55,59,32,1,35,49,37,41,17,34,5,40,8,4,10,20,62,31,43,53,36,9,14,28
record	m=73400320	3,48,45,18,2,16,47,61,54,27,7,56,29,46,24,6,21,42,60,15,51,12,26,22,13,44,52,11,33,30,57,39,23,58,25,38,50,19,55,59,32,1,35,49,41,37,17,34,40,5,4,8,20,10,31,62,53,43,36,9,28,14
861022808274936523877865113121813630037	cd=467	18,45,52,11,14,28,59,55,38,25,40,5,24,6,8,4,46,29,9,36,42,21,13,44,1,32,60,15,3,48,30,33,27,54,22,26,51,12,17,34,58,23,35,49,57,39,62,31,61,47,16,2,41,37,43,53,56,7,20,10,19,50
record	m=36569088	18,45,52,11,28,14,55,59,25,38,40,5,24,6,4,8,29,46,9,36,21,42,13,44,32,1,15,60,3,48,33,30,54,27,26,22,12,51,17,34,58,23,35,49,39,57,31,62,61,47,2,16,41,37,43,53,7,56,20,10,50,19
759973443260083938365469316336517669272	cd=543	49,35,5,40,36,9,20,10,41,37,34,17,50,19,8,4,52,11,59,55,53,43,62,31,22,26,47,61,54,27,51,12,23,58,30,33,42,21,2,16,29,46,7,56,38,25,57,39,24,6,1,32,60,15,3,48,45,18,28,14,13,44
record	m=9175040	35,49,40,5,9,36,20,10,41,37,17,34,50,19,4,8,52,11,55,59,53,43,31,62,26,22,61,47,54,27,51,12,23,58,33,30,21,42,2,16,29,46,7,56,25,38,39,57,24,6,32,1,15,60,3,48,45,18,28,14,13,44
520330910907083512611218326137439781983	cd=563	46,29,7,56,43,53,24,6,54,27,5,40,41,37,50,19,20,10,45,18,38,25,21,42,32,1,57,39,13,44,49,35,2,16,47,61,28,14,8,4,33,30,11,52,12,51,55,59,17,34,26,22,36,9,3,48,58,23,60,15,62,31
record	m=9437184	29,46,7,56,53,43,24,6,54,27,40,5,41,37,50,19,20,10,18,45,25,38,21,42,32,1,57,39,13,44,35,49,2,16,47,61,28,14,4,8,33,30,52,11,12,51,55,59,17,34,26,22,36,9,3,48,58,23,15,60,62,31
110829521314907110758995891040861028142	cd=467	12,51,39,57,13,44,11,52,42,21,24,6,4,8,40,5,38,25,58,23,3,48,2,16,34,17,37,41,28,14,47,61,1,32,43,53,9,36,27,54,26,22,62,31,60,15,45,18,46,29,49,35,50,19,55,59,30,33,10,20,56,7
record	m=29491200	51,12,57,39,13,44,52,11,21,42,24,6,4,8,40,5,25,38,23,58,3,48,2,16,34,17,41,37,28,14,47,61,32,1,53,43,9,36,27,54,26,22,31,62,15,60,18,45,29,46,35,49,50,19,55,59,33,30,20,10,7,56
282214101136164095167708365123765828561	cd=471	18,45,61,47,27,54,20,10,33,30,9,36,57,39,21,42,13,44,43,53,7,56,55,59,3,48,28,14,60,15,51,12,41,37,35,49,31,62,34,17,46,29,22,26,40,5,4,8,25,38,23,58,24,6,52,11,1,32,50,19,2,16
record	m=6881280	18,45,61,47,54,27,20,10,33,30,9,36,57,39,21,42,13,44,53,43,7,56,55,59,3,48,28,14,60,15,12,51,41,37,35,49,31,62,34,17,46,29,26,22,5,40,8,4,38,25,23,58,24,6,52,11,1,32,50,19,2,16
891369947392725879111350166014414650235	cd=495	33,30,45,18,23,58,54,27,7,56,31,62,42,21,28,14,22,26,17,34,20,10,13,44,19,50,40,5,9,36,60,15,61,47,49,35,57,39,32,1,48,3,38,25,29,46,55,59,53,43,2,16,41,37,12,51,6,24,8,4,11,52
record	m=4587520	33,30,18,45,23,58,54,27,7,56,31,62,21,42,28,14,26,22,17,34,20,10,13,44,19,50,40,5,9,36,60,15,61,47,35,49,57,39,32,1,48,3,25,38,46,29,55,59,53,43,2,16,41,37,51,12,24,6,8,4,11,52
1058671478726561562892566490471346504240	cd=431	38,25,45,18,36,9,35,49,11,52,54,27,15,60,40,5,24,6,62,31,46,29,57,39,13,44,48,3,43,53,19,50,26,22,41,37,12,51,55,59,14,28,23,58,34,17,2,16,42,21,30,33,10,20,32,1,8,4,7,56,47,61
record	m=7569408	25,38,18,45,9,36,35,49,52,11,27,54,60,15,40,5,24,6,31,62,29,46,57,39,13,44,48,3,53,43,50,19,26,22,41,37,12,51,55,59,28,14,23,58,17,34,16,2,21,42,33,30,20,10,32,1,4,8,56,7,47,61
1065343222001230207254402446526298051509	cd=527	49,35,3,48,2,16,60,15,36,9,18,45,23,58,24,6,19,50,17,34,14,28,52,11,42,21,47,61,26,22,51,12,20,10,59,55,8,4,7,56,44,13,53,43,54,27,30,33,41,37,57,39,46,29,1,32,25,38,40,5,31,62
record	m=811008	35,49,3,48,2,16,60,15,9,36,18,45,23,58,24,6,50,19,17,34,14,28,52,11,21,42,61,47,26,22,51,12,20,10,59,55,8,4,7,56,13,44,53,43,54,27,30,33,41,37,57,39,46,29,1,32,38,25,40,5,31,62
375037682269686572482609235590781706475	cd=527	56,7,12,51,18,45,9,36,58,23,11,52,29,46,4,8,55,59,10,20,6,24,3,48,16,2,35,49,13,44,30,33,60,15,37,41,34,17,57,39,38,25,50,19,54,27,43,53,22,26,1,32,61,47,5,40,28,14,31,62,42,21
record	m=11010048	7,56,51,12,18,45,9,36,23,58,52,11,29,46,4,8,55,59,10,20,24,6,3,48,2,16,35,49,13,44,33,30,60,15,41,37,17,34,57,39,38,25,19,50,54,27,43,53,22,26,32,1,61,47,40,5,28,14,31,62,42,21
901512574237811254260789681403227914352	cd=575	30,33,54,27,45,18,8,4,41,37,12,51,1,32,57,39,34,17,3,48,53,43,49,35,28,14,40,5,23,58,42,21,9,36,24,6,19,50,59,55,15,60,47,61,25,38,16,2,46,29,13,44,20,10,7,56,62,31,26,22,11,52
record	m=18284544	33,30,54,27,18,45,4,8,41,37,51,12,32,1,57,39,17,34,3,48,53,43,35,49,28,14,40,5,58,23,21,42,9,36,24,6,50,19,55,59,60,15,61,47,25,38,16,2,46,29,44,13,20,10,7,56,31,62,26,22,11,52
308032516985359304543124015291584130152	cd=615	32,1,10,20,44,13,14,28,40,5,29,46,45,18,11,52,33,30,57,39,41,37,9,36,23,58,24,6,21,42,35,49,62,31,53,43,15,60,56,7,59,55,4,8,2,16,47,61,51,12,25,38,26,22,17,34,54,27,48,3,50,19
record	m=13762560	32,1,20,10,13,44,28,14,40,5,29,46,18,45,52,11,33,30,57,39,41,37,9,36,23,58,24,6,21,42,35,49,31,62,53,43,60,15,7,56,55,59,4,8,2,16,61,47,51,12,25,38,22,26,17,34,54,27,3,48,19,50
24426164665636373076053617676218655902	cd=427	5,40,62,31,25,38,49,35,6,24,50,19,37,41,58,23,54,27,39,57,44,13,45,18,59,55,21,42,9,36,12,51,33,30,3,48,26,22,8,4,14,28,15,60,10,20,2,16,34,17,46,29,56,7,11,52,53,43,61,47,32,1
record	m=516096	40,5,31,62,25,38,35,49,24,6,50,19,41,37,23,58,54,27,57,39,13,44,45,18,55,59,21,42,9,36,51,12,33,30,3,48,26,22,4,8,28,14,60,15,10,20,2,16,34,17,46,29,7,56,52,11,43,53,47,61,32,1
748670156669268636092212607126345428520	cd=303	13,44,20,10,5,40,43,53,19,50,3,48,15,60,32,1,47,61,35,49,24,6,18,45,27,54,58,23,31,62,36,9,11,52,16,2,51,12,41,37,22,26,38,25,30,33,39,57,34,17,56,7,14,28,4,8,29,46,59,55,21,42
record	m=8257536	13,44,20,10,40,5,53,43,50,19,3,48,60,15,1,32,61,47,35,49,24,6,18,45,54,27,23,58,31,62,36,9,11,52,2,16,51,12,41,37,26,22,25,38,33,30,57,39,17,34,7,56,28,14,4,8,29,46,55,59,21,42
461884850014879200031934811672326106872	cd=563	34,17,36,9,12,51,35,49,24,6,10,20,18,45,21,42,39,57,58,23,37,41,33,30,4,8,52,11,44,13,19,50,40,5,53,43,7,56,25,38,3,48,28,14,31,62,15,60,27,54,16,2,61,47,29,46,55,59,1,32,22,26
record	m=1146880	17,34,9,36,12,51,35,49,24,6,20,10,18,45,21,42,57,39,23,58,41,37,33,30,4,8,52,11,13,44,50,19,5,40,53,43,7,56,25,38,3,48,28,14,31,62,15,60,27,54,2,16,47,61,46,29,55,59,32,1,26,22
932038973863093157745186561587737515060	cd=519	20,10,25,38,19,50,35,49,4,8,45,18,27,54,61,47,51,12,42,21,23,58,43,53,40,5,41,37,9,36,57,39,13,44,30,33,29,46,17,34,16,2,7,56,11,52,32,1,14,28,62,31,3,48,26,22,6,24,60,15,59,55
record	m=16515072	20,10,25,38,50,19,35,49,4,8,18,45,54,27,61,47,51,12,21,42,58,23,53,43,40,5,41,37,9,36,57,39,13,44,33,30,29,46,17,34,2,16,7,56,52,11,32,1,28,14,31,62,48,3,26,22,24,6,60,15,55,59
512373981908928039397334821892282292851	cd=635	10,20,57,39,32,1,51,12,11,52,4,8,46,29,19,50,61,47,16,2,35,49,18,45,41,37,40,5,36,9,3,48,43,53,58,23,34,17,55,59,26,22,54,27,15,60,42,21,24,6,13,44,7,56,30,33,25,38,31,62,14,28
record	m=33030144	20,10,57,39,32,1,51,12,52,11,4,8,29,46,50,19,61,47,16,2,35,49,18,45,41,37,40,5,9,36,3,48,53,43,23,58,17,34,55,59,26,22,54,27,60,15,21,42,24,6,13,44,56,7,33,30,25,38,62,31,28,14
370284154743715645750010377964902968216	cd=591	16,2,12,51,11,52,32,1,9,36,18,45,4,8,49,35,28,14,34,17,48,3,22,26,57,39,5,40,60,15,44,13,24,6,33,30,58,23,53,43,38,25,31,62,37,41,29,46,20,10,59,55,56,7,47,61,19,50,27,54,42,21
record	m=8257536	2,16,51,12,52,11,32,1,9,36,18,45,4,8,35,49,14,28,17,34,3,48,26,22,39,57,40,5,60,15,44,13,24,6,33,30,23,58,43,53,25,38,62,31,41,37,29,46,10,20,55,59,56,7,47,61,50,19,54,27,21,42
505751934564288644056034919285796624220	cd=399	23,58,47,61,53,43,40,5,20,10,8,4,19,50,17,34,56,7,11,52,31,62,2,16,1,32,54,27,41,37,48,3,6,24,44,13,33,30,57,39,42,21,22,26,60,15,29,46,51,12,38,25,59,55,45,18,9,36,35,49,14,28
record	m=20643840	23,58,61,47,53,43,40,5,20,10,8,4,50,19,17,34,7,56,52,11,31,62,2,16,32,1,27,54,37,41,3,48,24,6,13,44,33,30,57,39,21,42,26,22,60,15,29,46,51,12,25,38,59,55,45,18,9,36,35,49,14,28
586663173196411248229306773179291333932	cd=391	22,26,54,27,36,9,61,47,52,11,55,59,45,18,62,31,7,56,24,6,37,41,29,46,2,16,34,17,12,51,3,48,33,30,15,60,10,20,40,5,57,39,50,19,23,58,8,4,53,43,14,28,21,42,38,25,1,32,44,13,49,35
record	m=1142784	26,22,54,27,36,9,61,47,52,11,55,59,18,45,31,62,7,56,24,6,37,41,29,46,2,16,34,17,51,12,3,48,33,30,60,15,20,10,40,5,57,39,50,19,58,23,4,8,43,53,28,14,42,21,25,38,32,1,13,44,35,49
202870212469596269199131841305306717217	cd=495	27,54,6,24,2,16,57,39,61,47,3,48,38,25,28,14,13,44,26,22,58,23,31,62,36,9,10,20,7,56,34,17,46,29,60,15,42,21,32,1,51,12,30,33,19,50,4,8,37,41,43,53,45,18,5,40,35,49,55,59,52,11
record	m=11468800	54,27,24,6,2,16,57,39,61,47,3,48,25,38,28,14,13,44,26,22,23,58,31,62,36,9,20,10,7,56,17,34,29,46,60,15,21,42,32,1,51,12,33,30,50,19,4,8,41,37,43,53,18,45,40,5,35,49,55,59,11,52
946298541060531871338540018911951853463	cd=555	22,26,32,1,16,2,61,47,44,13,53,43,38,25,51,12,27,54,49,35,31,62,23,58,57,39,29,46,28,14,24,6,8,4,33,30,20,10,11,52,42,21,37,41,19,50,18,45,15,60,9,36,56,7,34,17,48,3,5,40,59,55
record	m=2293760	26,22,32,1,2,16,47,61,13,44,53,43,25,38,51,12,54,27,35,49,31,62,23,58,57,39,29,46,28,14,24,6,8,4,33,30,20,10,11,52,21,42,41,37,50,19,18,45,60,15,36,9,7,56,17,34,3,48,5,40,59,55
283058039288435722406975694075145884582	cd=607	48,3,32,1,53,43,24,6,37,41,55,59,7,56,54,27,34,17,35,49,25,38,5,40,23,58,15,60,26,22,62,31,11,52,30,33,8,4,21,42,14,28,19,50,51,12,29,46,13,44,9,36,39,57,18,45,61,47,10,20,2,16
record	m=516096	3,48,1,32,53,43,24,6,37,41,55,59,7,56,54,27,17,34,49,35,25,38,40,5,58,23,60,15,26,22,31,62,52,11,33,30,4,8,42,21,28,14,50,19,51,12,29,46,13,44,9,36,39,57,18,45,61,47,10,20,2,16
236495072976071181634550212114239526218	cd=551	50,19,6,24,34,17,9,36,7,56,20,10,2,16,38,25,29,46,39,57,48,3,33,30,61,47,4,8,5,40,28,14,49,35,55,59,21,42,12,51,31,62,18,45,15,60,37,41,26,22,52,11,32,1,43,53,27,54,23,58,44,13
record	m=30277632	50,19,24,6,17,34,9,36,7,56,20,10,2,16,25,38,46,29,57,39,3,48,33,30,61,47,4,8,5,40,28,14,35,49,55,59,21,42,51,12,31,62,18,45,60,15,41,37,26,22,52,11,32,1,53,43,54,27,23,58,44,13
873336399317549098156731030090967483238	cd=475	38,25,30,33,61,47,34,17,41,37,13,44,7,56,28,14,49,35,51,12,43,53,46,29,52,11,6,24,36,9,10,20,8,4,48,3,40,5,39,57,23,58,27,54,21,42,2,16,26,22,60,15,31,62,59,55,18,45,1,32,19,50
record	m=27525120	25,38,33,30,61,47,34,17,41,37,13,44,7,56,28,14,49,35,51,12,53,43,29,46,52,11,24,6,9,36,20,10,4,8,3,48,40,5,57,39,23,58,54,27,21,42,16,2,26,22,60,15,31,62,55,59,18,45,32,1,50,19
867651482249296833509390370226899588253	cd=587	13,44,35,49,1,32,43,53,6,24,42,21,51,12,30,33,36,9,61,47,3,48,45,18,62,31,8,4,39,57,28,14,37,41,22,26,16,2,40,5,17,34,59,55,20,10,46,29,54,27,15,60,52,11,7,56,38,25,58,23,19,50
record	m=2752512	13,44,35,49,32,1,53,43,24,6,21,42,51,12,33,30,9,36,61,47,3,48,18,45,31,62,4,8,57,39,14,28,41,37,26,22,2,16,40,5,17,34,55,59,10,20,29,46,54,27,60,15,11,52,56,7,38,25,23,58,50,19
1057767198092225407546091819653959981046	cd=495	45,18,55,59,56,7,20,10,53,43,15,60,9,36,13,44,37,41,12,51,34,17,23,58,52,11,25,38,46,29,19,50,4,8,31,62,40,5,28,14,22,26,6,24,16,2,21,42,33,30,48,3,49,35,32,1,57,39,27,54,47,61
record	m=8257536	18,45,55,59,7,56,20,10,53,43,60,15,9,36,13,44,41,37,51,12,17,34,23,58,52,11,25,38,46,29,19,50,4,8,31,62,40,5,28,14,26,22,24,6,2,16,21,42,33,30,3,48,35,49,32,1,57,39,54,27,61,47
51023829874446992797065462321783704700	cd=531	17,34,1,32,47,61,48,3,27,54,50,19,6,24,20,10,42,21,7,56,31,62,13,44,53,43,8,4,23,58,45,18,36,9,15,60,40,5,35,49,14,28,59,55,46,29,11,52,38,25,22,26,57,39,41,37,51,12,30,33,16,2
record	m=2580480	17,34,32,1,61,47,3,48,54,27,50,19,24,6,20,10,42,21,7,56,31,62,13,44,53,43,8,4,23,58,18,45,9,36,60,15,40,5,35,49,14,28,55,59,29,46,52,11,25,38,26,22,39,57,37,41,51,12,33,30,2,16
594174643031728452753879879978114750179	cd=543	28,14,9,36,39,57,42,21,61,47,6,24,44,13,43,53,37,41,2,16,34,17,12,51,45,18,48,3,55,59,4,8,31,62,15,60,22,26,30,33,46,29,23,58,40,5,19,50,20,10,27,54,7,56,11,52,32,1,38,25,49,35
record	m=5750784	28,14,9,36,57,39,21,42,61,47,6,24,13,44,53,43,41,37,2,16,34,17,51,12,18,45,3,48,55,59,4,8,31,62,15,60,26,22,30,33,29,46,58,23,5,40,50,19,20,10,27,54,7,56,52,11,1,32,38,25,49,35
78349826986815723597046184968551385273	cd=371	57,39,51,12,61,47,5,40,45,18,56,7,16,2,36,9,58,23,52,11,30,33,24,6,34,17,1,32,3,48,60,15,10,20,26,22,41,37,55,59,53,43,50,19,38,25,28,14,62,31,46,29,13,44,49,35,54,27,42,21,8,4
record	m=40550400	57,39,51,12,61,47,40,5,18,45,7,56,2,16,9,36,23,58,52,11,33,30,24,6,17,34,32,1,3,48,60,15,20,10,22,26,37,41,59,55,43,53,50,19,25,38,14,28,31,62,29,46,13,44,35,49,54,27,21,42,8,4
555321776060251976575274504820695661915	cd=563	8,4,10,20,13,44,29,46,40,5,58,23,43,53,39,57,19,50,3,48,35,49,54,27,22,26,61,47,56,7,14,28,52,11,12,51,41,37,21,42,31,62,59,55,15,60,25,38,36,9,34,17,45,18,33,30,6,24,2,16,1,32
record	m=1949696	4,8,20,10,13,44,29,46,40,5,58,23,53,43,57,39,50,19,48,3,49,35,54,27,22,26,61,47,7,56,28,14,52,11,51,12,41,37,42,21,62,31,55,59,60,15,25,38,36,9,34,17,18,45,30,33,24,6,16,2,32,1
685461023348889075735396060435841949695	cd=451	5,40,61,47,52,11,42,21,9,36,30,33,12,51,27,54,56,7,8,4,29,46,44,13,60,15,2,16,18,45,17,34,43,53,35,49,1,32,58,23,57,39,24,6,50,19,62,31,10,20,14,28,26,22,55,59,25,38,48,3,37,41
record	m=7798784	40,5,61,47,52,11,21,42,9,36,33,30,51,12,54,27,7,56,4,8,29,46,13,44,60,15,2,16,18,45,17,34,53,43,49,35,32,1,23,58,57,39,24,6,50,19,31,62,20,10,28,14,26,22,55,59,25,38,3,48,41,37
649988888951118857134589238275478668289	cd=615	4,8,57,39,61,47,55,59,26,22,60,15,44,13,43,53,46,29,12,51,9,36,7,56,40,5,3,48,30,33,17,34,11,52,21,42,27,54,24,6,1,32,14,28,35,49,23,58,18,45,62,31,19,50,10,20,37,41,16,2,25,38
record	m=7340032	4,8,57,39,61,47,55,59,26,22,60,15,44,13,53,43,29,46,51,12,9,36,7,56,40,5,3,48,33,30,17,34,52,11,21,42,54,27,24,6,32,1,28,14,49,35,23,58,18,45,31,62,50,19,20,10,41,37,2,16,38,25
810009054934591286293751869236072305300	cd=559	24,6,42,21,30,33,46,29,40,5,27,54,32,1,19,50,3,48,52,11,25,38,34,17,2,16,53,43,23,58,22,26,13,44,20,10,9,36,7,56,45,18,57,39,59,55,62,31,28,14,49,35,4,8,60,15,12,51,37,41,61,47
record	m=1146880	24,6,21,42,33,30,29,46,40,5,54,27,1,32,50,19,48,3,11,52,25,38,34,17,2,16,53,43,23,58,22,26,13,44,20,10,9,36,7,56,45,18,57,39,59,55,31,62,28,14,49,35,4,8,60,15,51,12,41,37,61,47
1062308840150323074920079312863082953171	cd=571	44,13,43,53,27,54,4,8,58,23,15,60,20,10,6,24,21,42,39,57,41,37,19,50,49,35,25,38,16,2,11,52,45,18,33,30,5,40,9,36,34,17,7,56,12,51,22,26,29,46,55,59,14,28,48,3,1,32,31,62,47,61
record	m=8257536	13,44,53,43,54,27,8,4,23,58,60,15,20,10,24,6,21,42,57,39,37,41,50,19,35,49,25,38,2,16,52,11,45,18,33,30,40,5,9,36,17,34,7,56,51,12,26,22,29,46,55,59,28,14,3,48,32,1,62,31,61,47
212363216867226394865301704113631209194	cd=563	41,37,47,61,26,22,29,46,8,4,9,36,40,5,58,23,39,57,10,20,56,7,25,38,21,42,3,48,18,45,43,53,49,35,59,55,32,1,24,6,51,12,2,16,52,11,30,33,19,50,27,54,17,34,62,31,14,28,60,15,44,13
record	m=39321600	41,37,61,47,26,22,29,46,4,8,9,36,40,5,58,23,57,39,20,10,7,56,25,38,21,42,3,48,18,45,53,43,35,49,55,59,32,1,24,6,51,12,2,16,52,11,33,30,50,19,54,27,34,17,31,62,28,14,60,15,44,13
1053178631594355273061771959243696946358	cd=515	60,15,43,53,38,25,2,16,12,51,42,21,3,48,23,58,29,46,6,24,39,57,52,11,35,49,45,18,22,26,7,56,37,41,59,55,30,33,50,19,28,14,5,40,36,9,32,1,27,54,34,17,8,4,20,10,62,31,13,44,47,61
record	m=30277632	60,15,53,43,25,38,2,16,51,12,21,42,3,48,23,58,29,46,24,6,57,39,52,11,35,49,45,18,26,22,7,56,41,37,55,59,33,30,50,19,28,14,40,5,9,36,32,1,27,54,17,34,4,8,20,10,31,62,44,13,61,47
92861647429935050860519368950389518218	cd=311	3,48,52,11,12,51,21,42,31,62,46,29,14,28,35,49,56,7,41,37,44,13,57,39,50,19,26,22,34,17,53,43,60,15,1,32,6,24,59,55,25,38,18,45,20,10,23,58,40,5,2,16,30,33,9,36,54,27,61,47,8,4
record	m=11010048	3,48,52,11,51,12,21,42,31,62,29,46,14,28,35,49,7,56,41,37,13,44,57,39,50,19,26,22,17,34,53,43,60,15,1,32,24,6,55,59,25,38,18,45,20,10,23,58,40,5,2,16,30,33,9,36,54,27,61,47,4,8
718214089687992159102288550072975556477	cd=371	25,38,16,2,22,26,47,61,17,34,56,7,5,40,45,18,35,49,48,3,15,60,50,19,55,59,11,52,58,23,13,44,4,8,29,46,51,12,31,62,20,10,53,43,24,6,37,41,27,54,33,30,39,57,9,36,14,28,32,1,21,42
record	m=1966080	25,38,2,16,26,22,61,47,34,17,7,56,40,5,18,45,35,49,48,3,60,15,19,50,55,59,52,11,23,58,44,13,4,8,29,46,51,12,31,62,20,10,43,53,24,6,37,41,27,54,30,33,57,39,9,36,28,14,32,1,21,42
841286442608030809380178196173509279307	cd=551	53,43,46,29,62,31,15,60,22,26,40,5,18,45,55,59,30,33,3,48,27,54,56,7,20,10,14,28,4,8,58,23,9,36,13,44,39,57,6,24,2,16,19,50,21,42,47,61,17,34,12,51,41,37,32,1,52,11,25,38,35,49
record	m=10321920	53,43,29,46,31,62,60,15,26,22,5,40,18,45,55,59,33,30,3,48,54,27,7,56,20,10,28,14,4,8,58,23,9,36,13,44,57,39,24,6,2,16,50,19,21,42,61,47,34,17,51,12,41,37,32,1,52,11,25,38,35,49
231860500174686393412271442569432686052	cd=555	60,15,53,43,23,58,49,35,32,1,4,8,62,31,2,16,17,34,33,30,56,7,39,57,42,21,28,14,18,45,29,46,12,51,37,41,25,38,10,20,55,59,48,3,40,5,61,47,26,22,27,54,9,36,50,19,24,6,11,52,44,13
record	m=11010048	60,15,53,43,23,58,35,49,32,1,4,8,31,62,2,16,17,34,33,30,7,56,57,39,21,42,28,14,18,45,29,46,12,51,41,37,38,25,20,10,59,55,3,48,40,5,61,47,26,22,27,54,9,36,50,19,24,6,52,11,13,44
446980944734155094184819959140044196033	cd=347	38,25,19,50,13,44,29,46,34,17,41,37,59,55,4,8,2,16,33,30,56,7,35,49,27,54,21,42,43,53,57,39,61,47,31,62,60,15,36,9,10,20,14,28,6,24,3,48,45,18,51,12,23,58,52,11,32,1,40,5,22,26
record	m=4300800	25,38,50,19,13,44,29,46,17,34,41,37,55,59,8,4,2,16,33,30,7,56,35,49,54,27,21,42,43,53,57,39,61,47,31,62,60,15,9,36,20,10,28,14,24,6,48,3,18,45,51,12,23,58,52,11,32,1,40,5,22,26
756052071368064136274423078783676332927	cd=483	29,46,17,34,10,20,26,22,5,40,36,9,18,45,51,12,58,23,16,2,43,53,39,57,41,37,48,3,55,59,11,52,62,31,25,38,7,56,60,15,28,14,19,50,4,8,30,33,42,21,54,27,49,35,47,61,1,32,24,6,13,44
record	m=9043968	29,46,17,34,20,10,26,22,5,40,9,36,18,45,12,51,23,58,2,16,53,43,57,39,41,37,3,48,55,59,52,11,31,62,38,25,56,7,15,60,14,28,50,19,4,8,33,30,21,42,54,27,35,49,61,47,32,1,24,6,13,44
285578697567382585792347432898498742618	cd=475	56,7,33,30,48,3,38,25,52,11,35,49,43,53,20,10,51,12,58,23,21,42,26,22,41,37,46,29,44,13,57,39,59,55,31,62,14,28,61,47,9,36,5,40,15,60,32,1,34,17,27,54,4,8,19,50,18,45,6,24,2,16
record	m=458752	7,56,33,30,3,48,25,38,52,11,35,49,43,53,20,10,51,12,23,58,42,21,26,22,41,37,29,46,13,44,57,39,59,55,31,62,28,14,61,47,9,36,40,5,15,60,32,1,34,17,27,54,4,8,50,19,18,45,24,6,16,2
406041484913112286622281732272044443448	cd=487	35,49,38,25,42,21,51,12,16,2,46,29,34,17,60,15,27,54,30,33,50,19,8,4,11,52,55,59,53,43,1,32,24,6,10,20,18,45,9,36,44,13,62,31,5,40,48,3,41,37,14,28,23,58,47,61,56,7,39,57,26,22
record	m=5308416	35,49,25,38,21,42,51,12,2,16,29,46,17,34,60,15,54,27,33,30,50,19,4,8,52,11,59,55,53,43,32,1,24,6,20,10,18,45,9,36,13,44,62,31,5,40,48,3,41,37,28,14,23,58,61,47,7,56,57,39,22,26
422904871397255135385086766435027774300	cd=371	45,18,10,20,7,56,50,19,52,11,51,12,46,29,24,6,30,33,36,9,26,22,34,17,13,44,53,43,59,55,41,37,1,32,21,42,57,39,4,8,61,47,5,40,27,54,49,35,15,60,3,48,16,2,31,62,28,14,58,23,38,25
record	m=3407872	18,45,20,10,7,56,50,19,52,11,51,12,29,46,24,6,30,33,9,36,22,26,17,34,44,13,53,43,59,55,41,37,32,1,21,42,57,39,4,8,61,47,40,5,54,27,35,49,60,15,48,3,2,16,31,62,28,14,23,58,25,38
1049518103740685802382371887366521856160	cd=447	35,49,14,28,11,52,6,24,36,9,40,5,15,60,53,43,59,55,3,48,2,16,57,39,34,17,27,54,31,62,46,29,44,13,10,20,33,30,45,18,4,8,56,7,42,21,38,25,19,50,1,32,51,12,22,26,23,58,41,37,47,61
record	m=13178880	35,49,14,28,52,11,24,6,9,36,40,5,60,15,53,43,55,59,3,48,2,16,57,39,17,34,54,27,31,62,29,46,13,44,20,10,33,30,18,45,4,8,7,56,21,42,38,25,19,50,32,1,51,12,26,22,23,58,41,37,61,47
574344954564828765842557646715454900060	cd=551	16,2,22,26,38,25,14,28,45,18,15,60,47,61,43,53,23,58,9,36,27,54,44,13,46,29,62,31,37,41,12,51,3,48,56,7,55,59,40,5,49,35,42,21,33,30,20,10,39,57,24,6,52,11,8,4,17,34,19,50,1,32
record	m=860160	2,16,26,22,25,38,28,14,18,45,60,15,61,47,53,43,23,58,9,36,54,27,13,44,29,46,31,62,41,37,51,12,3,48,56,7,55,59,40,5,35,49,21,42,33,30,20,10,57,39,24,6,52,11,8,4,17,34,19,50,32,1
909198545650602905453852802581005784511	cd=471	22,26,12,51,27,54,49,35,50,19,43,53,5,40,62,31,1,32,41,37,20,10,8,4,46,29,56,7,47,61,57,39,24,6,28,14,18,45,17,34,58,23,2,16,59,55,42,21,13,44,25,38,3,48,9,36,15,60,30,33,11,52
record	m=22708224	26,22,51,12,54,27,35,49,50,19,53,43,40,5,31,62,32,1,41,37,20,10,4,8,29,46,7,56,61,47,39,57,6,24,28,14,18,45,17,34,23,58,2,16,55,59,21,42,13,44,38,25,3,48,36,9,15,60,30,33,52,11
267795254995647757079946978559056757514	cd=403	20,10,6,24,39,57,11,52,40,5,30,33,9,36,42,21,41,37,12,51,45,18,23,58,22,26,34,17,60,15,31,62,46,29,8,4,44,13,7,56,1,32,49,35,48,3,59,55,43,53,25,38,19,50,2,16,61,47,27,54,28,14
record	m=55050240	20,10,24,6,57,39,52,11,40,5,33,30,9,36,21,42,41,37,51,12,18,45,23,58,26,22,17,34,60,15,31,62,29,46,4,8,13,44,7,56,32,1,35,49,3,48,55,59,53,43,25,38,19,50,2,16,61,47,54,27,28,14
524709842889589671469549538348628716050	cd=483	51,12,30,33,25,38,44,13,15,60,40,5,3,48,39,57,26,22,41,37,35,49,47,61,7,56,36,9,28,14,55,59,34,17,1,32,6,24,53,43,8,4,10,20,18,45,29,46,2,16,27,54,42,21,52,11,50,19,58,23,62,31
record	m=7618560	51,12,33,30,25,38,13,44,60,15,40,5,3,48,57,39,22,26,37,41,35,49,61,47,7,56,9,36,28,14,55,59,17,34,32,1,24,6,53,43,8,4,10,20,18,45,29,46,2,16,54,27,21,42,52,11,19,50,23,58,31,62
196876672169353385408643274989000572047	cd=339	37,41,2,16,62,31,51,12,47,61,26,22,50,19,9,36,55,59,15,60,6,24,27,54,46,29,34,17,57,39,7,56,20,10,13,44,45,18,43,53,33,30,48,3,32,1,21,42,8,4,25,38,5,40,28,14,58,23,35,49,52,11
record	m=3670016	41,37,2,16,31,62,51,12,61,47,26,22,50,19,9,36,55,59,60,15,24,6,54,27,29,46,17,34,57,39,7,56,20,10,13,44,45,18,53,43,33,30,3,48,1,32,42,21,4,8,25,38,40,5,28,14,23,58,35,49,52,11
30544999454646662818150916992671910717	cd=571	43,53,9,36,49,35,37,41,56,7,55,59,23,58,61,47,51,12,11,52,19,50,10,20,17,34,42,21,3,48,15,60,4,8,28,14,16,2,5,40,54,27,45,18,26,22,24,6,44,13,31,62,38,25,30,33,29,46,39,57,32,1
record	m=13762560	53,43,9,36,35,49,41,37,7,56,55,59,23,58,61,47,51,12,52,11,50,19,20,10,17,34,42,21,3,48,15,60,4,8,28,14,2,16,40,5,54,27,45,18,26,22,24,6,13,44,31,62,38,25,33,30,29,46,39,57,32,1
706674506561151644731985609459245912119	cd=343	23,58,38,25,5,40,45,18,62,31,60,15,29,46,61,47,42,21,50,19,32,1,9,36,2,16,34,17,52,11,8,4,59,55,30,33,27,54,6,24,44,13,7,56,22,26,10,20,49,35,14,28,48,3,12,51,39,57,53,43,37,41
record	m=15482880	23,58,25,38,40,5,18,45,31,62,60,15,29,46,61,47,21,42,50,19,32,1,9,36,2,16,34,17,52,11,4,8,55,59,33,30,54,27,24,6,13,44,56,7,22,26,20,10,35,49,28,14,3,48,51,12,57,39,53,43,37,41
290923842518375749928655552401458008266	cd=687	28,14,22,26,4,8,6,24,13,44,31,62,11,52,55,59,46,29,10,20,12,51,61,47,33,30,21,42,15,60,27,54,19,50,53,43,7,56,32,1,18,45,39,57,48,3,23,58,5,40,41,37,25,38,35,49,9,36,17,34,2,16
record	m=84344832	28,14,26,22,4,8,24,6,13,44,31,62,52,11,55,59,29,46,20,10,51,12,61,47,33,30,21,42,60,15,54,27,50,19,53,43,7,56,32,1,18,45,57,39,3,48,23,58,5,40,41,37,25,38,35,49,9,36,34,17,2,16
29538708058996559683248749121221060891	cd=571	4,8,48,3,60,15,18,45,54,27,23,58,62,31,39,57,37,41,29,46,24,6,21,42,9,36,61,47,53,43,25,38,49,35,52,11,40,5,12,51,33,30,10,20,44,13,55,59,2,16,19,50,17,34,26,22,28,14,7,56,32,1
record	m=58720256	4,8,3,48,15,60,18,45,54,27,23,58,31,62,57,39,41,37,29,46,24,6,21,42,9,36,61,47,53,43,25,38,35,49,52,11,40,5,51,12,33,30,20,10,13,44,55,59,2,16,50,19,17,34,26,22,28,14,7,56,32,1
153610213364572696885832983479808419408	cd=555	26,22,47,61,62,31,60,15,1,32,54,27,57,39,35,49,37,41,42,21,11,52,58,23,10,20,28,14,45,18,25,38,55,59,29,46,17,34,40,5,3,48,19,50,53,43,24,6,12,51,56,7,44,13,2,16,9,36,30,33,4,8
record	m=20643840	26,22,61,47,31,62,60,15,1,32,54,27,57,39,35,49,41,37,21,42,52,11,23,58,20,10,28,14,18,45,25,38,55,59,29,46,17,34,40,5,3,48,19,50,53,43,24,6,51,12,7,56,13,44,2,16,9,36,33,30,4,8
580929915543237647721923565574891045460	cd=467	12,51,42,21,38,25,50,19,6,24,39,57,52,11,17,34,18,45,62,31,44,13,22,26,14,28,15,60,30,33,7,56,2,16,8,4,53,43,61,47,23,58,41,37,36,9,5,40,3,48,29,46,54,27,59,55,20,10,32,1,49,35
record	m=12386304	51,12,21,42,25,38,50,19,24,6,57,39,52,11,17,34,18,45,31,62,13,44,26,22,28,14,60,15,33,30,7,56,2,16,4,8,43,53,61,47,23,58,41,37,9,36,40,5,3,48,29,46,54,27,59,55,20,10,32,1,35,49
299698672961736205968376164842453502631	cd=455	44,13,15,60,26,22,41,37,48,3,47,61,21,42,31,62,19,50,59,55,7,56,33,30,27,54,17,34,40,5,8,4,14,28,9,36,38,25,12,51,20,10,1,32,24,6,18,45,52,11,23,58,43,53,46,29,39,57,35,49,2,16
record	m=21086208	13,44,60,15,26,22,41,37,3,48,61,47,21,42,31,62,50,19,55,59,7,56,33,30,54,27,17,34,40,5,8,4,28,14,9,36,38,25,51,12,20,10,32,1,24,6,18,45,52,11,23,58,53,43,29,46,57,39,49,35,16,2
1017613400387220617797046634110559196689	cd=531	34,17,39,57,60,15,48,3,10,20,26,22,50,19,56,7,44,13,4,8,46,29,62,31,45,18,32,1,40,5,28,14,2,16,27,54,49,35,33,30,51,12,23,58,41,37,25,38,61,47,6,24,42,21,52,11,9,36,53,43,55,59
record	m=761856	17,34,57,39,60,15,48,3,20,10,22,26,50,19,7,56,13,44,4,8,29,46,31,62,18,45,32,1,40,5,28,14,2,16,54,27,35,49,33,30,51,12,23,58,41,37,25,38,47,61,24,6,21,42,11,52,36,9,43,53,59,55
433734016135353367410692238259790766225	cd=443	34,17,52,11,51,12,24,6,14,28,13,44,50,19,62,31,20,10,60,15,37,41,48,3,29,46,8,4,9,36,1,32,22,26,49,35,40,5,57,39,21,42,56,7,55,59,30,33,16,2,61,47,43,53,23,58,54,27,18,45,38,25
record	m=88080384	17,34,52,11,51,12,24,6,28,14,13,44,50,19,31,62,20,10,60,15,41,37,3,48,29,46,4,8,9,36,32,1,26,22,35,49,40,5,57,39,21,42,7,56,59,55,33,30,2,16,47,61,43,53,23,58,54,27,18,45,25,38
918381669657232405473001438885976487894	cd=487	34,17,22,26,32,1,16,2,40,5,3,48,61,47,13,44,19,50,43,53,46,29,6,24,4,8,15,60,33,30,38,25,10,20,36,9,57,39,58,23,31,62,12,51,41,37,7,56,21,42,14,28,18,45,55,59,27,54,35,49,11,52
record	m=45416448	17,34,26,22,32,1,2,16,40,5,3,48,61,47,13,44,19,50,53,43,29,46,24,6,4,8,60,15,33,30,25,38,20,10,9,36,57,39,23,58,31,62,51,12,41,37,7,56,21,42,28,14,18,45,55,59,27,54,35,49,52,11
526267726365639459772755322647323039718	cd=467	11,52,16,2,46,29,56,7,1,32,59,55,27,54,58,23,47,61,15,60,21,42,3,48,9,36,50,19,41,37,13,44,14,28,35,49,43,53,22,26,24,6,20,10,5,40,34,17,4,8,18,45,30,33,12,51,57,39,38,25,62,31
record	m=4128768	52,11,2,16,29,46,7,56,32,1,55,59,54,27,23,58,61,47,60,15,21,42,3,48,9,36,50,19,41,37,13,44,28,14,49,35,53,43,26,22,6,24,20,10,40,5,17,34,4,8,45,18,33,30,51,12,57,39,38,25,62,31
1047052747285590020313671147583700009470	cd=563	56,7,43,53,30,33,21,42,22,26,54,27,14,28,16,2,46,29,39,57,10,20,40,5,51,12,24,6,4,8,55,59,3,48,25,38,37,41,44,13,45,18,58,23,62,31,49,35,32,1,15,60,36,9,19,50,52,11,17,34,47,61
record	m=3440640	7,56,53,43,33,30,21,42,26,22,54,27,28,14,2,16,29,46,57,39,20,10,40,5,51,12,24,6,8,4,59,55,3,48,25,38,41,37,13,44,45,18,23,58,31,62,35,49,32,1,15,60,9,36,50,19,52,11,17,34,47,61
217462252736754197988721896752575619259	cd=415	48,3,40,5,57,39,20,10,60,15,34,17,11,52,62,31,18,45,9,36,28,14,46,29,49,35,53,43,1,32,12,51,22,26,37,41,27,54,2,16,58,23,30,33,8,4,21,42,19,50,56,7,55,59,47,61,24,6,38,25,44,13
record	m=7569408	3,48,40,5,57,39,20,10,60,15,17,34,52,11,31,62,18,45,9,36,28,14,29,46,35,49,53,43,32,1,51,12,26,22,41,37,54,27,2,16,23,58,33,30,4,8,21,42,50,19,7,56,55,59,61,47,6,24,25,38,44,13
320343302789856638744539649780689858540	cd=583	58,23,6,24,8,4,48,3,14,28,10,20,53,43,18,45,32,1,2,16,13,44,31,62,15,60,41,37,9,36,42,21,39,57,27,54,5,40,38,25,61,47,34,17,46,29,30,33,7,56,55,59,11,52,12,51,35,49,22,26,50,19
record	m=7340032	23,58,24,6,4,8,3,48,28,14,20,10,53,43,18,45,32,1,2,16,13,44,31,62,15,60,41,37,9,36,21,42,57,39,54,27,40,5,25,38,61,47,34,17,29,46,30,33,7,56,59,55,52,11,12,51,35,49,26,22,50,19
681142948494082927213539579552568511941	cd=419	10,20,39,57,26,22,42,21,4,8,33,30,2,16,11,52,44,13,43,53,15,60,46,29,3,48,37,41,24,6,12,51,19,50,34,17,7,56,54,27,36,9,40,5,35,49,59,55,28,14,31,62,18,45,32,1,47,61,23,58,25,38
record	m=20971520	20,10,57,39,22,26,21,42,4,8,33,30,2,16,52,11,13,44,53,43,60,15,29,46,3,48,41,37,6,24,12,51,50,19,17,34,7,56,54,27,36,9,40,5,35,49,55,59,28,14,31,62,18,45,32,1,61,47,23,58,25,38
216639549614635797381082940124697573007	cd=551	37,41,33,30,4,8,58,23,10,20,18,45,11,52,2,16,31,62,24,6,57,39,5,40,14,28,21,42,15,60,32,1,29,46,12,51,34,17,59,55,50,19,35,49,53,43,54,27,3,48,38,25,7,56,36,9,47,61,26,22,44,13
record	m=6422528	41,37,33,30,4,8,58,23,20,10,18,45,52,11,2,16,31,62,24,6,57,39,40,5,28,14,21,42,60,15,1,32,46,29,51,12,17,34,55,59,50,19,35,49,53,43,27,54,48,3,25,38,7,56,9,36,61,47,26,22,13,44
727508008456104615496006671549836379282	cd=563	36,9,34,17,8,4,37,41,50,19,30,33,5,40,18,45,62,31,32,1,27,54,15,60,49,35,57,39,7,56,20,10,13,44,14,28,29,46,3,48,55,59,23,58,47,61,52,11,26,22,12,51,6,24,53,43,25,38,2,16,21,42
record	m=10321920	9,36,17,34,4,8,41,37,50,19,33,30,40,5,18,45,31,62,1,32,54,27,60,15,35,49,57,39,7,56,20,10,13,44,28,14,29,46,3,48,55,59,23,58,61,47,11,52,22,26,51,12,24,6,53,43,25,38,2,16,21,42
412534407098914208834386914668148842031	cd=511	49,35,58,23,54,27,56,7,19,50,53,43,20,10,13,44,60,15,59,55,57,39,32,1,4,8,22,26,21,42,14,28,37,41,46,29,33,30,17,34,36,9,51,12,47,61,45,18,48,3,16,2,52,11,31,62,6,24,40,5,38,25
record	m=41287680	35,49,23,58,54,27,7,56,50,19,53,43,20,10,13,44,60,15,55,59,39,57,32,1,4,8,26,22,21,42,28,14,41,37,29,46,33,30,17,34,9,36,51,12,61,47,45,18,3,48,2,16,52,11,31,62,24,6,40,5,25,38
322149618644730449414255544556902271491	cd=423	40,5,55,59,7,56,61,47,52,11,58,23,4,8,41,37,29,46,6,24,49,35,14,28,27,54,43,53,18,45,25,38,13,44,34,17,22,26,10,20,21,42,12,51,57,39,62,31,1,32,2,16,60,15,48,3,9,36,33,30,50,19
record	m=1419264	40,5,55,59,7,56,61,47,52,11,23,58,8,4,41,37,29,46,24,6,35,49,28,14,54,27,53,43,18,45,25,38,44,13,17,34,26,22,20,10,42,21,12,51,57,39,31,62,1,32,2,16,60,15,3,48,36,9,33,30,50,19
207195871790106859869600333583873224922	cd=567	12,51,30,33,55,59,38,25,56,7,52,11,61,47,53,43,19,50,60,15,62,31,5,40,8,4,18,45,37,41,27,54,20,10,39,57,29,46,17,34,22,26,28,14,2,16,42,21,1,32,3,48,23,58,35,49,36,9,24,6,44,13
record	m=3514368	51,12,33,30,55,59,25,38,7,56,52,11,61,47,53,43,50,19,15,60,31,62,40,5,4,8,18,45,41,37,54,27,20,10,57,39,29,46,17,34,26,22,28,14,2,16,21,42,32,1,48,3,23,58,35,49,9,36,24,6,13,44
584437305547624556957792905392433429048	cd=563	13,44,47,61,2,16,8,4,36,9,14,28,37,41,25,38,62,31,26,22,53,43,5,40,27,54,3,48,17,34,10,20,52,11,45,18,55,59,39,57,21,42,30,33,58,23,60,15,19,50,6,24,29,46,32,1,12,51,56,7,49,35
record	m=8257536	13,44,61,47,16,2,4,8,9,36,28,14,41,37,25,38,31,62,26,22,53,43,40,5,54,27,3,48,17,34,20,10,11,52,18,45,55,59,39,57,21,42,33,30,23,58,60,15,19,50,24,6,29,46,32,1,51,12,7,56,35,49
687490658572720473720771371624105503489	cd=471	36,9,39,57,1,32,45,18,6,24,19,50,49,35,10,20,43,53,23,58,60,15,42,21,31,62,34,17,54,27,3,48,26,22,61,47,28,14,46,29,59,55,44,13,33,30,52,11,12,51,25,38,16,2,5,40,8,4,56,7,37,41
record	m=15138816	9,36,57,39,32,1,18,45,24,6,50,19,35,49,20,10,53,43,23,58,60,15,21,42,31,62,34,17,54,27,3,48,26,22,61,47,14,28,29,46,55,59,13,44,33,30,52,11,51,12,25,38,2,16,40,5,4,8,56,7,37,41
1022196533665429099495286494889493862792	cd=399	58,23,20,10,62,31,26,22,60,15,41,37,8,4,53,43,36,9,45,18,3,48,21,42,54,27,2,16,28,14,40,5,47,61,39,57,12,51,25,38,6,24,56,7,49,35,52,11,1,32,13,44,34,17,46,29,30,33,19,50,55,59
record	m=6881280	23,58,20,10,31,62,26,22,60,15,41,37,4,8,43,53,9,36,18,45,3,48,21,42,54,27,2,16,28,14,40,5,61,47,57,39,51,12,25,38,6,24,56,7,35,49,52,11,32,1,13,44,34,17,46,29,33,30,50,19,55,59
570605557299128760860513811464780627141	cd=443	41,37,11,52,21,42,9,36,50,19,27,54,57,39,17,34,10,20,2,16,56,7,18,45,6,24,51,12,26,22,55,59,29,46,47,61,15,60,31,62,23,58,5,40,48,3,14,28,44,13,8,4,35,49,25,38,33,30,53,43,1,32
record	m=14192640	41,37,52,11,21,42,9,36,50,19,54,27,57,39,17,34,20,10,2,16,7,56,18,45,24,6,51,12,26,22,55,59,29,46,61,47,60,15,31,62,23,58,5,40,48,3,14,28,13,44,4,8,35,49,25,38,30,33,53,43,32,1
1050508318708448930011379913159986405756	cd=503	29,46,37,41,22,26,13,44,35,49,53,43,25,38,60,15,62,31,5,40,10,20,14,28,56,7,19,50,52,11,55,59,24,6,9,36,45,18,3,48,42,21,32,1,12,51,34,17,4,8,33,30,23,58,16,2,27,54,57,39,47,61
record	m=12533760	29,46,41,37,26,22,13,44,35,49,53,43,25,38,60,15,31,62,40,5,20,10,28,14,7,56,50,19,52,11,55,59,24,6,9,36,45,18,3,48,21,42,32,1,51,12,17,34,4,8,33,30,23,58,2,16,54,27,57,39,61,47
33274863791129768431539272054410766835	cd=439	15,60,51,12,4,8,18,45,21,42,50,19,49,35,10,20,13,44,30,33,25,38,56,7,59,55,27,54,40,5,6,24,22,26,37,41,29,46,58,23,28,14,47,61,39,57,48,3,34,17,43,53,16,2,11,52,36,9,31,62,32,1
record	m=688128	60,15,51,12,4,8,18,45,21,42,50,19,35,49,20,10,13,44,33,30,25,38,7,56,55,59,54,27,40,5,24,6,26,22,41,37,29,46,23,58,28,14,47,61,39,57,48,3,17,34,43,53,16,2,11,52,36,9,31,62,32,1
938296756669971083253329117486975209670	cd=379	10,20,1,32,14,28,38,25,53,43,58,23,40,5,2,16,54,27,48,3,11,52,62,31,17,34,46,29,47,61,30,33,12,51,37,41,39,57,49,35,56,7,13,44,6,24,50,19,15,60,18,45,36,9,42,21,8,4,22,26,59,55
record	m=12386304	20,10,32,1,28,14,25,38,53,43,23,58,40,5,2,16,54,27,3,48,52,11,31,62,34,17,46,29,61,47,33,30,51,12,41,37,57,39,49,35,7,56,13,44,24,6,50,19,15,60,18,45,9,36,21,42,4,8,26,22,55,59
923352640165707804039350396293085048606	cd=415	26,22,56,7,35,49,54,27,45,18,55,59,8,4,1,32,9,36,50,19,21,42,12,51,57,39,38,25,5,40,17,34,44,13,37,41,46,29,24,6,15,60,3,48,30,33,23,58,16,2,10,20,62,31,43,53,28,14,47,61,11,52
record	m=6488064	26,22,7,56,35,49,54,27,18,45,55,59,4,8,32,1,9,36,50,19,21,42,51,12,57,39,38,25,40,5,17,34,44,13,41,37,29,46,24,6,60,15,3,48,30,33,23,58,2,16,10,20,31,62,53,43,14,28,61,47,52,11
834212859305604126455859247410595034687	cd=667	18,45,27,54,26,22,5,40,38,25,14,28,7,56,51,12,62,31,3,48,59,55,46,29,34,17,24,6,33,30,52,11,13,44,2,16,19,50,61,47,36,9,43,53,21,42,8,4,60,15,10,20,57,39,37,41,1,32,58,23,35,49
record	m=7340032	18,45,54,27,26,22,5,40,25,38,28,14,7,56,51,12,31,62,48,3,55,59,29,46,17,34,24,6,33,30,52,11,13,44,2,16,50,19,61,47,9,36,53,43,42,21,4,8,60,15,10,20,57,39,41,37,32,1,23,58,35,49
261996877129148509359254286851404929360	cd=427	52,11,39,57,25,38,12,51,31,62,24,6,33,30,40,5,47,61,2,16,42,21,48,3,10,20,36,9,37,41,59,55,46,29,23,58,53,43,60,15,35,49,4,8,44,13,19,50,56,7,22,26,27,54,34,17,32,1,18,45,28,14
record	m=18284544	52,11,57,39,38,25,51,12,31,62,24,6,33,30,40,5,61,47,2,16,21,42,3,48,20,10,9,36,41,37,55,59,29,46,23,58,53,43,60,15,35,49,4,8,13,44,19,50,56,7,22,26,54,27,17,34,32,1,18,45,28,14
216988334373282008750370357256465185034	cd=563	38,25,58,23,40,5,53,43,60,15,19,50,27,54,51,12,16,2,7,56,33,30,3,48,21,42,55,59,14,28,18,45,39,57,17,34,62,31,47,61,22,26,4,8,10,20,52,11,1,32,9,36,49,35,41,37,46,29,6,24,44,13
record	m=11354112	25,38,23,58,5,40,53,43,60,15,19,50,54,27,51,12,2,16,7,56,33,30,3,48,21,42,55,59,28,14,18,45,57,39,34,17,31,62,61,47,26,22,4,8,20,10,11,52,32,1,36,9,35,49,41,37,29,46,6,24,13,44
433125617418072228398893512786459909662	cd=503	27,54,28,14,31,62,1,32,45,18,7,56,26,22,16,2,55,59,43,53,60,15,5,40,35,49,9,36,46,29,20,10,51,12,3,48,6,24,21,42,61,47,58,23,52,11,34,17,50,19,30,33,37,41,4,8,57,39,13,44,38,25
record	m=27525120	54,27,28,14,31,62,1,32,18,45,7,56,26,22,2,16,55,59,53,43,60,15,40,5,35,49,9,36,29,46,20,10,12,51,3,48,24,6,21,42,61,47,23,58,52,11,17,34,50,19,30,33,41,37,4,8,57,39,13,44,38,25
674216729715503931483166721087130358535	cd=451	7,56,45,18,19,50,4,8,3,48,34,17,5,40,28,14,11,52,59,55,6,24,9,36,58,23,49,35,53,43,10,20,33,30,12,51,62,31,32,1,15,60,29,46,42,21,54,27,16,2,39,57,37,41,44,13,26,22,61,47,25,38
record	m=1835008	7,56,45,18,50,19,4,8,3,48,17,34,40,5,28,14,52,11,55,59,24,6,9,36,23,58,35,49,43,53,20,10,30,33,51,12,31,62,1,32,60,15,29,46,42,21,54,27,2,16,57,39,41,37,13,44,26,22,61,47,38,25
856004113100865503008318136267311047948	cd=535	26,22,53,43,41,37,4,8,25,38,7,56,31,62,36,9,54,27,30,33,58,23,47,61,42,21,3,48,39,57,28,14,10,20,51,12,11,52,29,46,2,16,59,55,44,13,40,5,17,34,6,24,18,45,49,35,15,60,32,1,19,50
record	m=1013760	26,22,53,43,41,37,4,8,25,38,7,56,31,62,36,9,54,27,33,30,23,58,61,47,21,42,3,48,57,39,14,28,20,10,51,12,52,11,29,46,2,16,55,59,13,44,5,40,17,34,6,24,18,45,35,49,60,15,1,32,50,19
904634014208228530260185476553768343959	cd=499	56,7,37,41,58,23,34,17,13,44,39,57,43,53,35,49,51,12,40,5,15,60,9,36,28,14,54,27,16,2,61,47,50,19,25,38,48,3,45,18,10,20,1,32,6,24,33,30,62,31,21,42,4,8,29,46,55,59,22,26,11,52
record	m=8257536	7,56,41,37,23,58,17,34,44,13,57,39,53,43,49,35,51,12,40,5,60,15,9,36,28,14,54,27,2,16,47,61,50,19,25,38,3,48,18,45,20,10,32,1,24,6,33,30,31,62,21,42,4,8,29,46,55,59,26,22,52,11
743843283613476172922989633119816247238	cd=539	39,57,28,14,31,62,20,10,2,16,37,41,61,47,8,4,7,56,30,33,59,55,17,34,54,27,36,9,1,32,25,38,45,18,15,60,26,22,11,52,40,5,43,53,19,50,49,35,46,29,44,13,24,6,12,51,58,23,3,48,21,42
record	m=22020096	57,39,14,28,31,62,20,10,2,16,41,37,61,47,4,8,7,56,33,30,55,59,17,34,54,27,36,9,32,1,25,38,18,45,60,15,26,22,52,11,40,5,53,43,50,19,35,49,29,46,44,13,24,6,51,12,23,58,3,48,21,42
66297092042584042009278373485755187015	cd=559	6,24,10,20,26,22,14,28,40,5,25,38,11,52,57,39,18,45,62,31,17,34,30,33,8,4,37,41,47,61,21,42,44,13,46,29,1,32,55,59,9,36,27,54,50,19,51,12,23,58,3,48,35,49,56,7,43,53,15,60,16,2
record	m=2064384	24,6,20,10,26,22,28,14,40,5,25,38,52,11,57,39,18,45,31,62,34,17,33,30,4,8,41,37,61,47,21,42,13,44,29,46,32,1,55,59,9,36,27,54,19,50,51,12,23,58,3,48,35,49,7,56,53,43,15,60,16,2
51038141079833815928391976249186321478	cd=431	18,45,56,7,21,42,14,28,53,43,26,22,39,57,41,37,25,38,19,50,55,59,3,48,10,20,17,34,51,12,52,11,49,35,15,60,36,9,8,4,61,47,58,23,40,5,27,54,6,24,1,32,46,29,62,31,44,13,30,33,16,2
record	m=2433024	18,45,7,56,21,42,28,14,43,53,22,26,57,39,41,37,25,38,50,19,55,59,3,48,20,10,17,34,51,12,52,11,35,49,60,15,9,36,4,8,61,47,23,58,5,40,54,27,24,6,32,1,29,46,62,31,44,13,33,30,2,16
1021462519296119800817484859737312490496	cd=491	23,58,20,10,22,26,4,8,18,45,32,1,21,42,15,60,27,54,3,48,40,5,46,29,25,38,34,17,52,11,33,30,12,51,9,36,41,37,7,56,62,31,57,39,14,28,16,2,61,47,6,24,44,13,53,43,50,19,35,49,55,59
record	m=3784704	23,58,20,10,22,26,4,8,18,45,32,1,21,42,60,15,54,27,3,48,40,5,29,46,38,25,17,34,52,11,33,30,51,12,9,36,41,37,7,56,31,62,57,39,14,28,2,16,47,61,24,6,13,44,53,43,50,19,35,49,55,59
1059450646771993753939563891040229059844	cd=387	30,33,32,1,18,45,59,55,26,22,36,9,31,62,27,54,19,50,38,25,56,7,12,51,29,46,15,60,20,10,24,6,11,52,41,37,3,48,43,53,17,34,4,8,14,28,13,44,16,2,49,35,5,40,23,58,42,21,39,57,47,61
record	m=2064384	30,33,32,1,18,45,55,59,26,22,36,9,31,62,27,54,19,50,25,38,7,56,51,12,29,46,60,15,20,10,24,6,52,11,41,37,3,48,43,53,34,17,4,8,28,14,13,44,2,16,35,49,40,5,58,23,21,42,57,39,61,47
392304772449968407700468556330339886601	cd=531	29,46,18,45,25,38,52,11,14,28,17,34,47,61,15,60,37,41,50,19,5,40,16,2,9,36,32,1,48,3,20,10,39,57,13,44,4,8,55,59,58,23,51,12,30,33,43,53,56,7,21,42,24,6,27,54,35,49,62,31,26,22
record	m=7471104	29,46,18,45,25,38,52,11,28,14,34,17,61,47,60,15,41,37,50,19,5,40,2,16,9,36,32,1,3,48,20,10,57,39,13,44,4,8,55,59,23,58,51,12,30,33,53,43,7,56,21,42,24,6,54,27,35,49,31,62,26,22
645662066974439538411339029594539554472	cd=579	17,34,46,29,40,5,14,28,10,20,13,44,11,52,4,8,60,15,2,16,47,61,19,50,26,22,12,51,56,7,18,45,43,53,24,6,36,9,42,21,30,33,38,25,62,31,35,49,55,59,23,58,32,1,3,48,27,54,39,57,41,37
record	m=24772608	17,34,29,46,40,5,28,14,20,10,13,44,52,11,4,8,60,15,2,16,61,47,50,19,26,22,51,12,7,56,18,45,53,43,24,6,9,36,21,42,33,30,25,38,31,62,35,49,55,59,23,58,32,1,3,48,54,27,57,39,37,41
591307350699710560868330935962815873672	cd=551	2,16,40,5,48,3,42,21,37,41,52,11,39,57,28,14,26,22,47,61,33,30,36,9,19,50,62,31,6,24,25,38,4,8,13,44,7,56,46,29,34,17,55,59,53,43,1,32,12,51,15,60,58,23,54,27,18,45,10,20,49,35
record	m=8257536	2,16,40,5,3,48,21,42,41,37,52,11,57,39,14,28,26,22,61,47,33,30,9,36,50,19,31,62,24,6,38,25,4,8,13,44,7,56,29,46,17,34,55,59,53,43,32,1,12,51,60,15,58,23,54,27,18,45,20,10,35,49
885921620304553525254589142754466689912	cd=515	35,49,52,11,45,18,6,24,14,28,27,54,43,53,62,31,3,48,17,34,47,61,55,59,4,8,12,51,40,5,29,46,22,26,15,60,32,1,13,44,58,23,9,36,37,41,16,2,38,25,30,33,10,20,57,39,42,21,7,56,19,50
record	m=2752512	35,49,52,11,18,45,24,6,28,14,54,27,53,43,31,62,48,3,17,34,47,61,55,59,4,8,12,51,40,5,29,46,26,22,60,15,1,32,13,44,58,23,9,36,37,41,2,16,25,38,33,30,20,10,57,39,21,42,56,7,19,50
785574926695945135868291510428880978872	cd=395	18,45,38,25,17,34,57,39,29,46,30,33,21,42,41,37,31,62,51,12,10,20,50,19,6,24,61,47,59,55,5,40,28,14,4,8,43,53,1,32,35,49,11,52,56,7,26,22,23,58,36,9,16,2,27,54,3,48,15,60,13,44
record	m=8257536	18,45,25,38,34,17,57,39,29,46,33,30,21,42,41,37,31,62,51,12,20,10,50,19,24,6,47,61,55,59,40,5,28,14,4,8,43,53,32,1,35,49,52,11,56,7,26,22,23,58,9,36,2,16,54,27,48,3,60,15,44,13
1058633509123892282969842168466150234505	cd=483	15,60,28,14,22,26,3,48,21,42,24,6,20,10,56,7,13,44,2,16,51,12,53,43,46,29,4,8,36,9,41,37,54,27,50,19,49,35,25,38,33,30,52,11,17,34,40,5,58,23,45,18,39,57,32,1,31,62,59,55,47,61
record	m=40894464	60,15,28,14,26,22,3,48,21,42,24,6,20,10,7,56,13,44,2,16,51,12,53,43,29,46,4,8,9,36,41,37,54,27,19,50,35,49,25,38,33,30,52,11,17,34,40,5,23,58,45,18,57,39,32,1,62,31,55,59,61,47
233493603226430628027441328561464229124	cd=467	42,21,31,62,51,12,33,30,45,18,50,19,7,56,46,29,23,58,6,24,59,55,49,35,4,8,1,32,53,43,5,40,14,28,36,9,60,15,3,48,37,41,39,57,47,61,2,16,52,11,17,34,10,20,38,25,22,26,27,54,44,13
record	m=11354112	21,42,31,62,51,12,33,30,45,18,50,19,7,56,29,46,23,58,24,6,55,59,35,49,4,8,32,1,53,43,40,5,28,14,9,36,60,15,3,48,41,37,57,39,61,47,16,2,52,11,17,34,20,10,25,38,22,26,27,54,44,13
789578785049255221050093038325819161257	cd=507	60,15,53,43,20,10,8,4,1,32,57,39,2,16,25,38,51,12,22,26,44,13,37,41,11,52,34,17,24,6,28,14,3,48,30,33,59,55,31,62,54,27,7,56,50,19,29,46,23,58,9,36,35,49,21,42,45,18,40,5,61,47
record	m=12386304	60,15,53,43,20,10,4,8,32,1,57,39,2,16,25,38,51,12,26,22,13,44,41,37,52,11,17,34,24,6,14,28,48,3,33,30,55,59,31,62,54,27,7,56,50,19,29,46,23,58,9,36,35,49,21,42,45,18,40,5,61,47
350583846771504782644624135534371167583	cd=499	11,52,41,37,16,2,1,32,4,8,56,7,10,20,39,57,47,61,51,12,46,29,49,35,28,14,15,60,9,36,34,17,26,22,24,6,50,19,53,43,48,3,58,23,54,27,33,30,59,55,31,62,38,25,40,5,44,13,45,18,42,21
record	m=16515072	52,11,41,37,2,16,32,1,4,8,7,56,20,10,57,39,61,47,51,12,29,46,35,49,14,28,60,15,9,36,17,34,26,22,24,6,50,19,53,43,3,48,23,58,54,27,33,30,55,59,31,62,25,38,40,5,44,13,45,18,21,42
50200866278331109875329394118752352552	cd=539	11,52,61,47,23,58,42,21,32,1,53,43,56,7,29,46,59,55,22,26,8,4,50,19,18,45,57,39,41,37,44,13,30,33,38,25,15,60,34,17,48,3,24,6,10,20,9,36,35,49,14,28,54,27,5,40,12,51,62,31,16,2
record	m=36700160	52,11,61,47,23,58,42,21,32,1,53,43,7,56,29,46,55,59,26,22,4,8,50,19,18,45,57,39,41,37,13,44,33,30,25,38,60,15,17,34,3,48,24,6,20,10,9,36,35,49,14,28,54,27,40,5,51,12,31,62,2,16
386838277818903764153805561211842587914	cd=571	60,15,46,29,7,56,9,36,41,37,33,30,16,2,21,42,18,45,4,8,11,52,31,62,39,57,59,55,35,49,40,5,3,48,28,14,61,47,44,13,50,19,32,1,24,6,54,27,58,23,38,25,43,53,12,51,34,17,10,20,26,22
record	m=22020096	60,15,29,46,7,56,9,36,41,37,33,30,2,16,21,42,18,45,4,8,52,11,31,62,57,39,55,59,35,49,40,5,3,48,28,14,61,47,13,44,19,50,1,32,24,6,27,54,23,58,25,38,53,43,51,12,17,34,20,10,22,26
1070920826890178544694768086306812990956	cd=527	49,35,39,57,6,24,17,34,37,41,27,54,45,18,7,56,9,36,42,21,4,8,52,11,5,40,38,25,20,10,15,60,16,2,19,50,30,33,29,46,58,23,51,12,48,3,22,26,55,59,13,44,47,61,53,43,32,1,28,14,31,62
record	m=18350080	35,49,57,39,24,6,17,34,41,37,54,27,18,45,7,56,9,36,21,42,4,8,52,11,40,5,25,38,20,10,60,15,2,16,50,19,33,30,29,46,58,23,51,12,3,48,26,22,55,59,13,44,61,47,43,53,32,1,28,14,31,62
785527229904820630786058795898528970289	cd=659	17,34,14,28,23,58,30,33,59,55,19,50,39,57,36,9,47,61,38,25,53,43,26,22,49,35,7,56,18,45,12,51,10,20,8,4,40,5,21,42,16,2,11,52,54,27,41,37,31,62,1,32,3,48,6,24,29,46,15,60,13,44
record	m=516096	17,34,14,28,23,58,33,30,55,59,50,19,57,39,9,36,61,47,25,38,53,43,26,22,35,49,7,56,18,45,51,12,20,10,4,8,5,40,42,21,16,2,11,52,54,27,41,37,31,62,1,32,3,48,24,6,46,29,60,15,44,13
321724901529766223412153242280158319917	cd=551	36,9,6,24,4,8,37,41,31,62,52,11,29,46,57,39,61,47,58,23,2,16,56,7,12,51,18,45,44,13,53,43,27,54,26,22,42,21,1,32,17,34,38,25,10,20,30,33,40,5,49,35,15,60,3,48,55,59,14,28,50,19
record	m=1327104	9,36,24,6,8,4,41,37,31,62,52,11,29,46,57,39,61,47,23,58,2,16,7,56,12,51,18,45,13,44,53,43,27,54,26,22,21,42,32,1,34,17,25,38,20,10,30,33,40,5,35,49,60,15,48,3,55,59,28,14,50,19
996015665861446210048852006065777543989	cd=475	4,8,46,29,56,7,34,17,54,27,43,53,12,51,47,61,2,16,49,35,19,50,3,48,28,14,38,25,18,45,57,39,30,33,36,9,6,24,23,58,44,13,26,22,31,62,60,15,42,21,52,11,37,41,10,20,32,1,40,5,55,59
record	m=6193152	4,8,29,46,7,56,17,34,54,27,53,43,51,12,61,47,16,2,35,49,50,19,3,48,28,14,25,38,18,45,57,39,33,30,9,36,24,6,23,58,44,13,26,22,31,62,15,60,21,42,52,11,37,41,10,20,32,1,40,5,55,59
339833651762626389432750696028929782541	cd=559	3,48,15,60,46,29,22,26,12,51,62,31,11,52,7,56,24,6,20,10,27,54,33,30,21,42,18,45,55,59,1,32,25,38,44,13,16,2,43,53,41,37,14,28,23,58,8,4,17,34,36,9,5,40,49,35,57,39,47,61,50,19
record	m=13762560	3,48,15,60,29,46,26,22,51,12,31,62,52,11,7,56,24,6,20,10,54,27,33,30,21,42,18,45,55,59,32,1,25,38,13,44,2,16,53,43,41,37,28,14,23,58,8,4,17,34,36,9,40,5,35,49,39,57,47,61,50,19
468602246535984454864097773493150934208	cd=499	9,36,57,39,2,16,47,61,56,7,49,35,34,17,11,52,58,23,1,32,51,12,18,45,14,28,5,40,24,6,31,62,55,59,37,41,19,50,30,33,60,15,10,20,25,38,42,21,3,48,54,27,53,43,8,4,44,13,29,46,22,26
record	m=7569408	9,36,57,39,2,16,47,61,7,56,35,49,17,34,52,11,23,58,32,1,51,12,18,45,28,14,40,5,24,6,31,62,55,59,41,37,50,19,33,30,60,15,20,10,25,38,42,21,3,48,54,27,43,53,4,8,13,44,46,29,26,22
952520785333657955366479317771738335807	cd=475	50,19,48,3,21,42,52,11,16,2,5,40,29,46,13,44,14,28,18,45,1,32,31,62,34,17,30,33,39,57,26,22,25,38,54,27,9,36,6,24,58,23,60,15,7,56,10,20,53,43,8,4,37,41,51,12,47,61,35,49,59,55
record	m=1376256	50,19,48,3,21,42,52,11,2,16,40,5,29,46,13,44,28,14,18,45,32,1,31,62,34,17,33,30,57,39,22,26,25,38,54,27,9,36,24,6,23,58,15,60,56,7,20,10,53,43,8,4,41,37,51,12,61,47,49,35,55,59
622550307628658287670686635787351976053	cd=503	24,6,52,11,30,33,40,5,8,4,13,44,22,26,58,23,29,46,35,49,34,17,3,48,60,15,36,9,61,47,57,39,53,43,2,16,54,27,56,7,18,45,55,59,42,21,32,1,62,31,50,19,38,25,12,51,10,20,28,14,41,37
record	m=20643840	24,6,52,11,33,30,40,5,4,8,13,44,26,22,23,58,29,46,35,49,34,17,3,48,60,15,9,36,61,47,57,39,53,43,2,16,54,27,7,56,18,45,55,59,21,42,32,1,62,31,50,19,25,38,12,51,20,10,28,14,41,37
81244069557769541169686890069507537529	cd=411	34,17,18,45,52,11,16,2,51,12,57,39,23,58,41,37,38,25,30,33,24,6,31,62,21,42,46,29,61,47,28,14,40,5,53,43,55,59,26,22,49,35,48,3,60,15,19,50,7,56,32,1,36,9,10,20,13,44,54,27,8,4
record	m=1757184	17,34,18,45,52,11,2,16,51,12,57,39,23,58,41,37,25,38,33,30,24,6,31,62,21,42,46,29,61,47,28,14,40,5,53,43,55,59,26,22,35,49,3,48,15,60,50,19,7,56,1,32,9,36,10,20,13,44,54,27,8,4
807339759328794395071530418690921375225	cd=403	49,35,54,27,29,46,8,4,17,34,18,45,21,42,22,26,11,52,55,59,23,58,5,40,14,28,19,50,60,15,51,12,48,3,32,1,33,30,57,39,9,36,20,10,62,31,7,56,53,43,2,16,6,24,25,38,13,44,41,37,61,47
record	m=1720320	35,49,54,27,29,46,4,8,17,34,18,45,21,42,26,22,52,11,55,59,23,58,5,40,28,14,50,19,15,60,51,12,3,48,1,32,33,30,57,39,9,36,20,10,31,62,7,56,53,43,2,16,6,24,25,38,44,13,41,37,61,47
372770110705352055296479297282073596678	cd=515	7,56,20,10,41,37,33,30,40,5,24,6,54,27,48,3,31,62,55,59,25,38,43,53,4,8,22,26,16,2,51,12,1,32,13,44,28,14,35,49,60,15,18,45,36,9,57,39,61,47,11,52,34,17,46,29,19,50,23,58,42,21
record	m=516096	7,56,20,10,41,37,33,30,40,5,24,6,54,27,3,48,62,31,55,59,25,38,53,43,8,4,26,22,2,16,51,12,32,1,13,44,28,14,35,49,60,15,18,45,9,36,57,39,61,47,52,11,17,34,29,46,50,19,58,23,21,42
763422463762095711230571433977814116375	cd=459	37,41,62,31,2,16,34,17,10,20,49,35,27,54,36,9,53,43,7,56,1,32,40,5,12,51,52,11,19,50,26,22,14,28,18,45,46,29,25,38,60,15,58,23,39,57,47,61,48,3,30,33,4,8,55,59,24,6,42,21,13,44
record	m=5677056	41,37,31,62,2,16,17,34,20,10,35,49,54,27,9,36,53,43,7,56,32,1,40,5,51,12,52,11,50,19,26,22,28,14,18,45,29,46,38,25,60,15,23,58,57,39,61,47,3,48,30,33,4,8,55,59,24,6,21,42,13,44
776146448056817687173351451387986607461	cd=563	32,1,48,3,50,19,26,22,47,61,2,16,9,36,43,53,20,10,4,8,56,7,30,33,58,23,54,27,35,49,52,11,55,59,38,25,51,12,40,5,14,28,18,45,42,21,29,46,31,62,24,6,39,57,34,17,15,60,37,41,13,44
record	m=6422528	32,1,48,3,50,19,26,22,61,47,2,16,9,36,53,43,20,10,4,8,7,56,33,30,23,58,54,27,35,49,52,11,55,59,25,38,12,51,40,5,28,14,18,45,21,42,46,29,62,31,24,6,39,57,34,17,60,15,41,37,13,44
1059833846475482794428687536651746118374	cd=619	56,7,37,41,50,19,33,30,45,18,35,49,48,3,25,38,52,11,23,58,36,9,16,2,31,62,10,20,13,44,12,51,34,17,46,29,14,28,42,21,1,32,24,6,55,59,22,26,8,4,54,27,15,60,5,40,43,53,39,57,47,61
record	m=10321920	7,56,41,37,50,19,33,30,18,45,35,49,3,48,25,38,52,11,23,58,9,36,2,16,31,62,20,10,13,44,12,51,17,34,29,46,28,14,21,42,32,1,24,6,55,59,26,22,4,8,27,54,15,60,5,40,53,43,57,39,47,61
327057532542143620505385737225665834616	cd=439	42,21,24,6,18,45,3,48,57,39,13,44,36,9,51,12,26,22,5,40,23,58,53,43,2,16,41,37,62,31,46,29,20,10,4,8,27,54,60,15,61,47,35,49,17,34,59,55,52,11,30,33,56,7,14,28,1,32,25,38,50,19
record	m=4915200	21,42,24,6,18,45,3,48,57,39,13,44,9,36,51,12,26,22,5,40,23,58,53,43,2,16,41,37,31,62,29,46,20,10,4,8,27,54,60,15,47,61,49,35,34,17,55,59,11,52,33,30,7,56,28,14,32,1,25,38,50,19
1094208952154456825327985579953533236716	cd=271	10,20,55,59,44,13,42,21,50,19,30,33,29,46,40,5,16,2,8,4,53,43,47,61,17,34,36,9,27,54,38,25,56,7,35,49,14,28,58,23,26,22,60,15,1,32,12,51,45,18,52,11,37,41,24,6,3,48,39,57,31,62
record	m=1892352	20,10,59,55,13,44,21,42,50,19,33,30,29,46,40,5,2,16,4,8,43,53,61,47,34,17,9,36,54,27,25,38,7,56,35,49,14,28,23,58,22,26,60,15,1,32,51,12,18,45,52,11,37,41,24,6,48,3,57,39,31,62
338409868679249014968693275371594360725	cd=523	41,37,42,21,45,18,34,17,40,5,35,49,53,43,9,36,61,47,16,2,38,25,58,23,4,8,27,54,39,57,1,32,28,14,62,31,24,6,44,13,56,7,20,10,48,3,33,30,12,51,15,60,52,11,22,26,46,29,55,59,50,19
record	m=15138816	41,37,21,42,18,45,17,34,40,5,35,49,53,43,9,36,61,47,16,2,25,38,23,58,8,4,54,27,57,39,32,1,28,14,31,62,24,6,13,44,7,56,20,10,3,48,30,33,12,51,60,15,11,52,22,26,29,46,55,59,50,19
995805297842840525515091877488973733986	cd=447	41,37,15,60,38,25,32,1,51,12,54,27,7,56,31,62,52,11,39,57,33,30,19,50,48,3,43,53,58,23,40,5,14,28,21,42,47,61,22,26,16,2,6,24,44,13,17,34,18,45,46,29,10,20,49,35,9,36,8,4,55,59
record	m=19464192	41,37,60,15,25,38,32,1,51,12,54,27,7,56,31,62,52,11,57,39,33,30,50,19,3,48,53,43,23,58,40,5,28,14,21,42,61,47,26,22,2,16,24,6,13,44,34,17,18,45,29,46,20,10,35,49,9,36,8,4,59,55
509845103588464338391356038236839247833	cd=407	45,18,30,33,4,8,27,54,62,31,59,55,20,10,9,36,15,60,38,25,26,22,21,42,57,39,24,6,52,11,46,29,49,35,34,17,43,53,44,13,47,61,1,32,19,50,56,7,16,2,5,40,3,48,51,12,41,37,23,58,14,28
record	m=3784704	18,45,33,30,4,8,27,54,62,31,55,59,10,20,9,36,60,15,25,38,26,22,21,42,57,39,24,6,52,11,29,46,35,49,17,34,53,43,13,44,61,47,32,1,50,19,7,56,2,16,40,5,3,48,12,51,41,37,23,58,28,14
652691425687744834386460616557614181130	cd=427	19,50,13,44,57,39,32,1,29,46,5,40,27,54,6,24,34,17,22,26,42,21,30,33,20,10,35,49,52,11,47,61,28,14,36,9,4,8,16,2,59,55,15,60,58,23,31,62,45,18,48,3,12,51,41,37,53,43,56,7,25,38
record	m=19464192	50,19,44,13,57,39,32,1,29,46,40,5,54,27,24,6,17,34,26,22,21,42,33,30,20,10,35,49,52,11,61,47,28,14,9,36,4,8,2,16,55,59,60,15,23,58,31,62,18,45,3,48,51,12,41,37,53,43,7,56,38,25
513677024335723657855897625927473252920	cd=511	34,17,43,53,4,8,61,47,41,37,6,24,13,44,59,55,42,21,9,36,54,27,51,12,56,7,11,52,58,23,39,57,49,35,46,29,18,45,20,10,22,26,19,50,33,30,40,5,14,28,25,38,60,15,2,16,3,48,32,1,62,31
record	m=5505024	17,34,53,43,8,4,61,47,41,37,6,24,13,44,55,59,21,42,9,36,54,27,51,12,7,56,52,11,23,58,57,39,35,49,29,46,18,45,20,10,26,22,50,19,33,30,40,5,28,14,38,25,60,15,2,16,3,48,1,32,31,62
286623377704850949937650889014636926718	cd=519	20,10,14,28,52,11,33,30,24,6,31,62,27,54,44,13,55,59,39,57,46,29,36,9,19,50,60,15,37,41,53,43,23,58,5,40,56,7,4,8,32,1,18,45,25,38,42,21,3,48,17,34,12,51,61,47,49,35,22,26,2,16
record	m=4128768	20,10,28,14,52,11,33,30,24,6,31,62,54,27,13,44,55,59,39,57,29,46,9,36,50,19,15,60,41,37,43,53,23,58,5,40,56,7,4,8,32,1,18,45,25,38,21,42,3,48,17,34,12,51,61,47,49,35,26,22,2,16
48549115716526141217843749683137028003	cd=431	60,15,12,51,38,25,59,55,49,35,14,28,53,43,32,1,5,40,4,8,22,26,37,41,11,52,56,7,13,44,30,33,17,34,50,19,10,20,58,23,61,47,6,24,3,48,27,54,21,42,36,9,31,62,39,57,45,18,46,29,16,2
record	m=5160960	60,15,51,12,25,38,55,59,35,49,28,14,43,53,32,1,40,5,4,8,26,22,41,37,52,11,7,56,13,44,33,30,17,34,50,19,20,10,23,58,61,47,6,24,48,3,27,54,21,42,9,36,62,31,57,39,18,45,29,46,2,16
516521887522709781944834298350206448175	cd=663	1,32,41,37,13,44,54,27,36,9,2,16,40,5,35,49,38,25,7,56,43,53,30,33,57,39,29,46,55,59,15,60,58,23,26,22,24,6,28,14,20,10,3,48,51,12,52,11,50,19,42,21,61,47,45,18,34,17,4,8,62,31
record	m=4128768	32,1,41,37,13,44,54,27,36,9,2,16,40,5,35,49,25,38,7,56,53,43,33,30,57,39,29,46,55,59,60,15,23,58,22,26,6,24,14,28,10,20,3,48,51,12,52,11,50,19,42,21,47,61,45,18,17,34,4,8,31,62
673402627269381544969656202667885655482	cd=459	42,21,4,8,47,61,57,39,52,11,6,24,22,26,43,53,33,30,50,19,1,32,49,35,31,62,7,56,60,15,34,17,46,29,44,13,37,41,3,48,23,58,10,20,54,27,9,36,28,14,5,40,59,55,2,16,51,12,18,45,25,38
record	m=11010048	21,42,4,8,61,47,57,39,52,11,24,6,26,22,53,43,33,30,50,19,32,1,35,49,31,62,7,56,60,15,17,34,29,46,44,13,41,37,3,48,58,23,20,10,27,54,36,9,28,14,40,5,55,59,2,16,51,12,45,18,25,38
31778602576365338275582693768505551238	cd=427	10,20,7,56,2,16,19,50,62,31,53,43,61,47,29,46,35,49,40,5,11,52,58,23,57,39,33,30,4,8,9,36,6,24,28,14,34,17,27,54,45,18,51,12,21,42,15,60,3,48,44,13,26,22,38,25,37,41,55,59,32,1
record	m=11354112	20,10,7,56,2,16,50,19,31,62,53,43,61,47,29,46,35,49,40,5,52,11,23,58,57,39,33,30,4,8,9,36,24,6,14,28,17,34,54,27,18,45,51,12,21,42,60,15,48,3,13,44,26,22,25,38,41,37,55,59,32,1
500902018401001617726374032533368240021	cd=415	15,60,25,38,40,5,55,59,61,47,44,13,19,50,23,58,51,12,32,1,31,62,53,43,34,17,3,48,36,9,42,21,49,35,57,39,20,10,2,16,24,6,27,54,7,56,30,33,8,4,18,45,46,29,52,11,22,26,37,41,14,28
record	m=24772608	60,15,25,38,40,5,55,59,61,47,13,44,50,19,23,58,51,12,32,1,31,62,53,43,17,34,3,48,9,36,21,42,35,49,57,39,20,10,16,2,24,6,54,27,7,56,33,30,4,8,18,45,29,46,52,11,26,22,41,37,28,14
148874990104825806372788330214880869712	cd=475	23,58,46,29,15,60,42,21,48,3,37,41,52,11,56,7,5,40,57,39,50,19,53,43,61,47,30,33,25,38,22,26,14,28,35,49,9,36,16,2,59,55,44,13,31,62,54,27,10,20,18,45,32,1,34,17,12,51,6,24,4,8
record	m=25690112	23,58,29,46,60,15,21,42,3,48,41,37,52,11,7,56,40,5,57,39,50,19,53,43,61,47,33,30,25,38,26,22,28,14,49,35,9,36,2,16,55,59,13,44,31,62,54,27,10,20,18,45,32,1,34,17,51,12,24,6,8,4
720799384226317251914999913676233981499	cd=539	35,49,62,31,61,47,41,37,60,15,43,53,10,20,50,19,57,39,11,52,7,56,28,14,8,4,30,33,1,32,51,12,17,34,55,59,3,48,45,18,36,9,16,2,44,13,24,6,54,27,46,29,23,58,22,26,25,38,40,5,21,42
record	m=29360128	35,49,31,62,61,47,41,37,60,15,53,43,20,10,50,19,57,39,52,11,7,56,28,14,4,8,30,33,32,1,51,12,17,34,55,59,3,48,18,45,9,36,2,16,13,44,24,6,54,27,46,29,58,23,26,22,25,38,40,5,21,42
906282942247318875388074020631527127279	cd=459	14,28,41,37,45,18,9,36,35,49,32,1,48,3,17,34,12,51,31,62,16,2,24,6,26,22,58,23,40,5,55,59,42,21,47,61,8,4,44,13,43,53,19,50,10,20,15,60,38,25,56,7,39,57,33,30,27,54,46,29,11,52
record	m=1703936	28,14,41,37,45,18,9,36,35,49,32,1,48,3,17,34,51,12,31,62,2,16,6,24,22,26,23,58,5,40,59,55,21,42,61,47,4,8,13,44,53,43,50,19,20,10,60,15,25,38,7,56,57,39,33,30,54,27,46,29,52,11
142758179743517234763918472742018252892	cd=587	12,51,48,3,42,21,36,9,13,44,55,59,23,58,27,54,2,16,26,22,56,7,49,35,41,37,17,34,10,20,38,25,5,40,47,61,30,33,24,6,53,43,1,32,31,62,11,52,18,45,29,46,50,19,39,57,15,60,28,14,4,8
record	m=44040192	51,12,3,48,21,42,9,36,13,44,55,59,58,23,54,27,2,16,26,22,7,56,35,49,41,37,17,34,20,10,25,38,40,5,61,47,33,30,24,6,53,43,32,1,62,31,52,11,18,45,29,46,50,19,57,39,15,60,28,14,4,8
45575467356574176919697076551340520914	cd=479	9,36,28,14,31,62,25,38,55,59,30,33,1,32,51,12,58,23,5,40,52,11,26,22,29,46,41,37,43,53,13,44,19,50,49,35,56,7,61,47,60,15,27,54,42,21,39,57,18,45,17,34,4,8,3,48,10,20,6,24,16,2
record	m=31850496	9,36,28,14,31,62,25,38,55,59,30,33,32,1,51,12,23,58,40,5,52,11,26,22,29,46,41,37,53,43,13,44,19,50,35,49,7,56,61,47,60,15,54,27,21,42,57,39,18,45,17,34,4,8,3,48,10,20,24,6,16,2
652930635737771661928857053995282103327	cd=591	12,51,5,40,62,31,2,16,6,24,50,19,18,45,56,7,52,11,22,26,60,15,20,10,35,49,14,28,46,29,47,61,53,43,33,30,36,9,32,1,34,17,57,39,41,37,21,42,44,13,55,59,54,27,23,58,48,3,4,8,25,38
record	m=917504	51,12,40,5,31,62,2,16,24,6,50,19,18,45,7,56,52,11,26,22,60,15,20,10,35,49,14,28,46,29,47,61,43,53,33,30,9,36,1,32,17,34,57,39,41,37,21,42,13,44,55,59,54,27,23,58,48,3,4,8,25,38
400922828974283138629529035933172478267	cd=415	45,18,33,30,52,11,41,37,57,39,49,35,55,59,19,50,54,27,21,42,62,31,7,56,24,6,1,32,44,13,2,16,9,36,53,43,61,47,5,40,14,28,4,8,17,34,29,46,23,58,20,10,25,38,15,60,51,12,3,48,26,22
record	m=27525120	18,45,33,30,52,11,41,37,57,39,35,49,55,59,50,19,54,27,21,42,31,62,7,56,24,6,32,1,13,44,2,16,9,36,53,43,61,47,40,5,28,14,4,8,17,34,29,46,23,58,20,10,25,38,60,15,51,12,3,48,26,22
704713349370094051106351736443360514649	cd=555	44,13,11,52,28,14,7,56,22,26,34,17,43,53,54,27,36,9,46,29,48,3,51,12,6,24,49,35,55,59,23,58,38,25,20,10,47,61,50,19,62,31,21,42,60,15,2,16,18,45,8,4,33,30,57,39,32,1,5,40,37,41
record	m=4571136	13,44,52,11,28,14,7,56,26,22,17,34,53,43,54,27,36,9,29,46,3,48,51,12,24,6,35,49,55,59,23,58,25,38,20,10,47,61,50,19,31,62,21,42,60,15,2,16,18,45,4,8,33,30,57,39,32,1,40,5,37,41
885191772575491942226054859085948112796	cd=567	21,42,27,54,52,11,13,44,15,60,10,20,7,56,31,62,37,41,61,47,53,43,49,35,28,14,24,6,23,58,57,39,40,5,2,16,18,45,34,17,30,33,38,25,51,12,29,46,4,8,26,22,1,32,3,48,36,9,59,55,19,50
record	m=860160	21,42,54,27,11,52,13,44,15,60,20,10,7,56,31,62,41,37,61,47,53,43,49,35,28,14,24,6,23,58,57,39,40,5,2,16,18,45,17,34,33,30,25,38,51,12,29,46,4,8,26,22,32,1,48,3,36,9,59,55,50,19
510554262565537011424514525888163640261	cd=403	22,26,21,42,60,15,31,62,1,32,24,6,51,12,30,33,47,61,52,11,16,2,40,5,34,17,29,46,38,25,53,43,37,41,3,48,35,49,44,13,39,57,9,36,54,27,56,7,19,50,4,8,58,23,20,10,18,45,55,59,14,28
record	m=11059200	26,22,21,42,60,15,31,62,32,1,24,6,51,12,33,30,61,47,52,11,2,16,40,5,17,34,29,46,38,25,53,43,37,41,3,48,35,49,13,44,57,39,36,9,27,54,7,56,50,19,4,8,58,23,20,10,18,45,55,59,28,14
544507923849362904712660248867798605906	cd=559	25,38,61,47,37,41,19,50,3,48,22,26,24,6,46,29,53,43,20,10,44,13,49,35,42,21,12,51,1,32,28,14,54,27,55,59,33,30,58,23,7,56,52,11,4,8,15,60,5,40,16,2,17,34,18,45,36,9,39,57,62,31
record	m=21233664	25,38,61,47,41,37,50,19,3,48,26,22,24,6,29,46,53,43,20,10,13,44,35,49,21,42,51,12,32,1,28,14,54,27,55,59,33,30,23,58,56,7,52,11,8,4,60,15,5,40,2,16,34,17,18,45,9,36,39,57,31,62
627956155238432146818672007807756209693	cd=503	27,54,29,46,60,15,23,58,26,22,18,45,1,32,3,48,10,20,19,50,53,43,44,13,40,5,25,38,33,30,21,42,47,61,17,34,12,51,39,57,62,31,28,14,35,49,55,59,4,8,52,11,2,16,7,56,9,36,6,24,41,37
record	m=13762560	54,27,29,46,60,15,23,58,26,22,18,45,32,1,48,3,20,10,50,19,53,43,13,44,5,40,25,38,33,30,21,42,61,47,34,17,51,12,57,39,31,62,28,14,35,49,55,59,4,8,52,11,2,16,7,56,9,36,6,24,41,37
286380006022219641809407830963857417578	cd=535	56,7,54,27,3,48,50,19,20,10,17,34,29,46,14,28,45,18,32,1,43,53,41,37,38,25,15,60,9,36,57,39,58,23,12,51,62,31,47,61,59,55,13,44,5,40,33,30,21,42,11,52,49,35,6,24,4,8,22,26,2,16
record	m=37847040	7,56,54,27,3,48,50,19,20,10,17,34,29,46,28,14,18,45,32,1,53,43,41,37,25,38,60,15,9,36,57,39,23,58,51,12,31,62,61,47,55,59,13,44,5,40,33,30,21,42,52,11,49,35,6,24,4,8,22,26,2,16
40628234610673007843074257045658839765	cd=367	17,34,11,52,35,49,59,55,8,4,48,3,15,60,24,6,19,50,32,1,45,18,57,39,62,31,26,22,13,44,36,9,56,7,21,42,27,54,10,20,5,40,53,43,14,28,58,23,38,25,47,61,30,33,41,37,29,46,51,12,16,2
record	m=30277632	17,34,52,11,35,49,55,59,4,8,3,48,60,15,24,6,50,19,32,1,18,45,57,39,31,62,26,22,13,44,36,9,7,56,21,42,54,27,20,10,40,5,53,43,14,28,23,58,25,38,61,47,30,33,41,37,29,46,51,12,2,16
425038051933213789861185029776013635286	cd=423	7,56,10,20,60,15,27,54,61,47,41,37,3,48,50,19,16,2,24,6,39,57,18,45,51,12,23,58,53,43,31,62,44,13,42,21,49,35,26,22,11,52,29,46,17,34,59,55,36,9,28,14,4,8,5,40,1,32,33,30,38,25
record	m=12845056	7,56,20,10,60,15,54,27,61,47,41,37,3,48,50,19,2,16,6,24,57,39,18,45,51,12,23,58,53,43,31,62,44,13,21,42,35,49,26,22,52,11,29,46,17,34,55,59,9,36,28,14,4,8,5,40,1,32,33,30,25,38
809211264661512570397228032702596127190	cd=467	6,24,21,42,11,52,59,55,44,13,3,48,35,49,56,7,45,18,30,33,27,54,14,28,20,10,53,43,39,57,31,62,29,46,22,26,50,19,32,1,15,60,8,4,2,16,38,25,9,36,41,37,51,12,58,23,17,34,5,40,61,47
record	m=6881280	24,6,21,42,52,11,55,59,13,44,48,3,35,49,7,56,18,45,33,30,54,27,28,14,20,10,53,43,57,39,31,62,29,46,26,22,50,19,32,1,15,60,4,8,2,16,25,38,36,9,37,41,51,12,23,58,17,34,40,5,61,47
302822899623931433165323473370686230116	cd=463	39,57,8,4,29,46,54,27,11,52,48,3,13,44,33,30,21,42,19,50,25,38,12,51,53,43,6,24,17,34,62,31,9,36,22,26,37,41,32,1,20,10,58,23,5,40,47,61,56,7,49,35,14,28,18,45,15,60,59,55,2,16
record	m=835584	57,39,4,8,29,46,54,27,11,52,48,3,13,44,33,30,21,42,50,19,25,38,51,12,53,43,24,6,17,34,62,31,9,36,22,26,41,37,32,1,20,10,23,58,40,5,61,47,7,56,49,35,28,14,18,45,60,15,55,59,2,16
928856984130899543174062340349452263928	cd=543	32,1,15,60,58,23,11,52,46,29,3,48,8,4,49,35,62,31,38,25,27,54,33,30,61,47,28,14,7,56,45,18,10,20,43,53,51,12,22,26,50,19,21,42,41,37,6,24,2,16,40,5,44,13,57,39,34,17,36,9,59,55
record	m=2703360	32,1,15,60,23,58,52,11,29,46,3,48,4,8,35,49,31,62,25,38,54,27,33,30,61,47,28,14,7,56,45,18,20,10,53,43,51,12,26,22,50,19,21,42,41,37,6,24,2,16,40,5,44,13,57,39,34,17,9,36,55,59
449274451354498296987516986832911423616	cd=571	13,44,21,42,25,38,4,8,45,18,53,43,37,41,12,51,23,58,28,14,54,27,5,40,47,61,62,31,55,59,49,35,36,9,48,3,34,17,46,29,6,24,56,7,15,60,33,30,52,11,19,50,57,39,32,1,16,2,20,10,22,26
record	m=5505024	13,44,21,42,25,38,4,8,18,45,53,43,37,41,51,12,23,58,28,14,54,27,40,5,61,47,31,62,55,59,35,49,9,36,3,48,17,34,29,46,24,6,7,56,60,15,33,30,52,11,19,50,57,39,32,1,2,16,10,20,26,22
501604865301427815662784618838181351155	cd=523	27,54,7,56,43,53,30,33,8,4,13,44,57,39,36,9,11,52,19,50,17,34,16,2,22,26,49,35,58,23,59,55,51,12,38,25,48,3,29,46,60,15,20,10,18,45,5,40,47,61,1,32,31,62,6,24,41,37,21,42,14,28
record	m=3407872	54,27,7,56,53,43,33,30,4,8,13,44,57,39,9,36,52,11,50,19,34,17,2,16,26,22,35,49,23,58,55,59,51,12,25,38,3,48,29,46,60,15,20,10,18,45,40,5,61,47,32,1,62,31,24,6,37,41,42,21,28,14
47768748607921801310274590036988717065	cd=487	3,48,37,41,26,22,32,1,34,17,36,9,43,53,47,61,29,46,50,19,23,58,5,40,57,39,44,13,38,25,51,12,31,62,15,60,55,59,21,42,6,24,30,33,10,20,7,56,18,45,54,27,35,49,52,11,8,4,14,28,16,2
record	m=41287680	3,48,41,37,26,22,32,1,17,34,9,36,53,43,61,47,29,46,50,19,23,58,40,5,57,39,13,44,25,38,51,12,31,62,15,60,55,59,21,42,24,6,33,30,20,10,7,56,18,45,54,27,35,49,52,11,8,4,28,14,2,16
21427766369634323243812637254502823373	cd=455	19,50,33,30,47,61,46,29,12,51,11,52,5,40,17,34,26,22,16,2,27,54,45,18,28,14,6,24,57,39,62,31,13,44,38,25,4,8,7,56,9,36,48,3,15,60,23,58,42,21,41,37,59,55,35,49,20,10,53,43,32,1
record	m=16220160	50,19,33,30,61,47,29,46,51,12,52,11,40,5,17,34,26,22,2,16,54,27,18,45,28,14,6,24,57,39,31,62,13,44,25,38,4,8,7,56,9,36,3,48,60,15,23,58,42,21,41,37,59,55,35,49,20,10,53,43,32,1
277544849103573017612289251132600496988	cd=447	57,39,24,6,54,27,21,42,60,15,25,38,58,23,35,49,31,62,40,5,9,36,56,7,19,50,26,22,12,51,48,3,30,33,46,29,43,53,52,11,61,47,44,13,32,1,34,17,55,59,45,18,14,28,4,8,41,37,20,10,2,16
record	m=14680064	57,39,24,6,54,27,21,42,60,15,25,38,23,58,35,49,31,62,40,5,9,36,7,56,50,19,26,22,51,12,3,48,33,30,29,46,53,43,11,52,47,61,13,44,1,32,17,34,55,59,18,45,28,14,4,8,37,41,10,20,16,2
696812695403259230878457738598312008524	cd=519	27,54,31,62,13,44,24,6,20,10,45,18,9,36,21,42,48,3,34,17,32,1,4,8,55,59,14,28,12,51,22,26,50,19,15,60,46,29,30,33,47,61,49,35,40,5,16,2,38,25,7,56,53,43,11,52,57,39,58,23,37,41
record	m=3407872	54,27,62,31,13,44,24,6,20,10,18,45,9,36,21,42,3,48,17,34,1,32,4,8,55,59,28,14,12,51,26,22,50,19,15,60,29,46,33,30,61,47,49,35,40,5,2,16,38,25,7,56,53,43,11,52,57,39,58,23,37,41
145902351525569715580776336312486903443	cd=511	7,56,18,45,11,52,57,39,27,54,51,12,26,22,60,15,44,13,6,24,31,62,47,61,53,43,36,9,33,30,20,10,40,5,58,23,59,55,17,34,48,3,35,49,25,38,1,32,2,16,42,21,14,28,41,37,29,46,50,19,4,8
record	m=44040192	7,56,18,45,52,11,57,39,54,27,51,12,26,22,60,15,13,44,24,6,31,62,61,47,53,43,9,36,33,30,20,10,5,40,23,58,55,59,17,34,3,48,49,35,25,38,1,32,2,16,42,21,14,28,41,37,29,46,50,19,4,8
164562231354041112088807027416010413623	cd=387	42,21,37,41,22,26,55,59,60,15,45,18,35,49,13,44,50,19,7,56,52,11,31,62,23,58,16,2,24,6,51,12,1,32,40,5,3,48,30,33,9,36,61,47,57,39,27,54,28,14,29,46,10,20,34,17,25,38,43,53,4,8
record	m=6758400	21,42,41,37,26,22,55,59,60,15,18,45,35,49,13,44,50,19,7,56,52,11,31,62,23,58,2,16,24,6,51,12,32,1,40,5,3,48,33,30,9,36,61,47,57,39,54,27,28,14,29,46,20,10,17,34,38,25,53,43,8,4
281232146170163130072009082220867934140	cd=639	1,32,47,61,13,44,39,57,12,51,56,7,55,59,14,28,18,45,21,42,62,31,5,40,29,46,22,26,6,24,53,43,38,25,30,33,11,52,54,27,10,20,23,58,19,50,8,4,37,41,49,35,15,60,3,48,9,36,34,17,2,16
record	m=2752512	32,1,61,47,13,44,57,39,51,12,7,56,55,59,28,14,18,45,21,42,31,62,40,5,29,46,26,22,24,6,53,43,25,38,33,30,52,11,27,54,20,10,23,58,19,50,4,8,41,37,35,49,60,15,48,3,9,36,34,17,2,16
983980914005155819492400857267787011725	cd=435	12,51,48,3,39,57,54,27,58,23,19,50,62,31,15,60,32,1,44,13,10,20,14,28,35,49,5,40,4,8,45,18,42,21,22,26,29,46,55,59,52,11,6,24,61,47,25,38,16,2,41,37,17,34,36,9,33,30,53,43,7,56
record	m=20643840	51,12,3,48,57,39,54,27,23,58,50,19,31,62,60,15,1,32,13,44,20,10,28,14,49,35,40,5,8,4,18,45,21,42,26,22,29,46,55,59,52,11,24,6,47,61,25,38,2,16,41,37,17,34,9,36,33,30,53,43,7,56
16096226511330559237492620722356476377	cd=443	38,25,22,26,20,10,4,8,57,39,44,13,55,59,24,6,11,52,49,35,40,5,33,30,27,54,34,17,18,45,53,43,61,47,19,50,14,28,36,9,60,15,41,37,16,2,3,48,51,12,21,42,56,7,29,46,23,58,62,31,32,1
record	m=8028160	25,38,26,22,20,10,4,8,57,39,13,44,55,59,24,6,52,11,35,49,40,5,33,30,54,27,17,34,18,45,53,43,61,47,50,19,28,14,9,36,60,15,41,37,2,16,3,48,51,12,21,42,7,56,29,46,23,58,62,31,32,1
216091383763946422955552601023654184416	cd=475	35,49,29,46,56,7,47,61,31,62,27,54,36,9,58,23,50,19,41,37,32,1,25,38,48,3,22,26,34,17,5,40,14,28,20,10,51,12,2,16,11,52,24,6,30,33,8,4,59,55,39,57,18,45,43,53,15,60,42,21,44,13
record	m=49545216	35,49,29,46,7,56,61,47,31,62,54,27,9,36,23,58,50,19,41,37,32,1,25,38,3,48,26,22,17,34,40,5,28,14,20,10,51,12,2,16,52,11,24,6,33,30,4,8,55,59,39,57,18,45,53,43,60,15,21,42,13,44
171235707063100237113141954060294753678	cd=559	49,35,19,50,3,48,1,32,41,37,62,31,55,59,53,43,42,21,17,34,5,40,23,58,60,15,20,10,47,61,51,12,36,9,28,14,25,38,13,44,6,24,18,45,27,54,7,56,22,26,29,46,2,16,57,39,33,30,8,4,52,11
record	m=1032192	35,49,50,19,48,3,32,1,41,37,31,62,55,59,53,43,42,21,17,34,40,5,58,23,60,15,20,10,47,61,51,12,9,36,28,14,25,38,13,44,24,6,18,45,54,27,7,56,26,22,29,46,2,16,57,39,33,30,4,8,52,11
838761732076300823341527299371766574030	cd=623	14,28,29,46,41,37,50,19,54,27,48,3,4,8,30,33,9,36,5,40,47,61,39,57,6,24,21,42,15,60,58,23,45,18,43,53,51,12,38,25,26,22,10,20,52,11,17,34,7,56,16,2,13,44,59,55,62,31,1,32,35,49
record	m=29360128	28,14,29,46,41,37,50,19,54,27,3,48,4,8,33,30,9,36,40,5,61,47,57,39,24,6,21,42,60,15,23,58,18,45,53,43,51,12,25,38,26,22,20,10,11,52,17,34,7,56,2,16,13,44,55,59,31,62,32,1,35,49
370272409516433201700516599991063670973	cd=575	34,17,59,55,26,22,29,46,44,13,3,48,36,9,30,33,52,11,14,28,57,39,23,58,5,40,18,45,35,49,37,41,2,16,7,56,51,12,32,1,20,10,8,4,47,61,62,31,25,38,53,43,6,24,60,15,19,50,27,54,42,21
record	m=12386304	17,34,55,59,26,22,29,46,13,44,48,3,9,36,33,30,52,11,28,14,39,57,23,58,5,40,18,45,35,49,41,37,2,16,7,56,51,12,32,1,20,10,8,4,61,47,31,62,38,25,53,43,24,6,15,60,50,19,27,54,21,42
337593470291254885458924584139350555129	cd=371	52,11,2,16,23,58,46,29,20,10,41,37,26,22,54,27,42,21,28,14,60,15,34,17,40,5,53,43,9,36,47,61,32,1,31,62,18,45,48,3,59,55,4,8,13,44,33,30,56,7,6,24,51,12,25,38,35,49,39,57,50,19
record	m=8847360	52,11,2,16,23,58,29,46,20,10,41,37,26,22,54,27,21,42,28,14,60,15,17,34,40,5,53,43,9,36,61,47,32,1,31,62,45,18,3,48,55,59,8,4,13,44,33,30,7,56,24,6,12,51,25,38,35,49,39,57,50,19
818705760010800425388027402439540253560	cd=595	49,35,42,21,11,52,5,40,9,36,62,31,41,37,15,60,45,18,22,26,29,46,54,27,13,44,33,30,2,16,25,38,53,43,55,59,4,8,58,23,34,17,6,24,12,51,48,3,14,28,1,32,19,50,56,7,20,10,39,57,61,47
record	m=3211264	35,49,21,42,52,11,40,5,9,36,62,31,41,37,60,15,45,18,26,22,29,46,54,27,13,44,33,30,2,16,25,38,53,43,55,59,4,8,58,23,17,34,24,6,51,12,3,48,28,14,32,1,19,50,56,7,20,10,57,39,47,61
887743658064236061269653934279114570313	cd=499	52,11,51,12,5,40,41,37,14,28,45,18,35,49,34,17,31,62,8,4,25,38,2,16,7,56,48,3,55,59,53,43,10,20,30,33,60,15,42,21,13,44,32,1,29,46,27,54,6,24,39,57,9,36,22,26,47,61,23,58,19,50
record	m=2752512	52,11,51,12,40,5,41,37,28,14,18,45,35,49,17,34,62,31,4,8,25,38,2,16,7,56,48,3,55,59,53,43,20,10,33,30,60,15,21,42,13,44,32,1,29,46,54,27,24,6,39,57,36,9,26,22,61,47,23,58,19,50
796537493893753195324032839678262663512	cd=679	29,46,9,36,41,37,40,5,7,56,49,35,1,32,55,59,17,34,60,15,39,57,13,44,33,30,4,8,43,53,10,20,23,58,2,16,25,38,21,42,14,28,26,22,24,6,51,12,62,31,45,18,52,11,3,48,54,27,50,19,61,47
record	m=1376256	29,46,9,36,41,37,40,5,7,56,35,49,32,1,55,59,17,34,60,15,57,39,13,44,33,30,4,8,43,53,10,20,23,58,2,16,25,38,42,21,28,14,26,22,24,6,12,51,31,62,18,45,52,11,3,48,54,27,50,19,61,47
669197255732750786898471760010184740738	cd=447	50,19,39,57,11,52,51,12,17,34,46,29,45,18,14,28,60,15,21,42,13,44,8,4,53,43,32,1,56,7,47,61,24,6,30,33,58,23,3,48,16,2,22,26,55,59,31,62,10,20,40,5,41,37,9,36,27,54,49,35,25,38
record	m=16515072	50,19,57,39,52,11,51,12,17,34,29,46,18,45,28,14,60,15,21,42,13,44,4,8,43,53,32,1,7,56,61,47,6,24,33,30,23,58,3,48,2,16,26,22,55,59,31,62,20,10,5,40,41,37,36,9,27,54,35,49,38,25
982448935955865397857194739257233319904	cd=391	36,9,51,12,25,38,42,21,54,27,35,49,61,47,23,58,5,40,6,24,46,29,22,26,48,3,31,62,2,16,1,32,14,28,13,44,37,41,4,8,45,18,17,34,52,11,10,20,50,19,43,53,59,55,30,33,15,60,57,39,7,56
record	m=16515072	9,36,51,12,25,38,21,42,54,27,35,49,61,47,23,58,5,40,24,6,29,46,26,22,3,48,62,31,2,16,32,1,28,14,13,44,41,37,4,8,18,45,17,34,52,11,10,20,50,19,53,43,55,59,33,30,60,15,57,39,7,56
574046247501680098660804248407227976047	cd=447	2,16,42,21,57,39,22,26,48,3,59,55,51,12,37,41,53,43,20,10,44,13,19,50,4,8,27,54,58,23,29,46,56,7,38,25,45,18,34,17,11,52,5,40,9,36,30,33,24,6,60,15,28,14,62,31,47,61,35,49,1,32
record	m=5505024	2,16,21,42,57,39,22,26,3,48,55,59,51,12,41,37,43,53,20,10,13,44,19,50,4,8,27,54,23,58,29,46,7,56,25,38,18,45,17,34,52,11,40,5,9,36,30,33,24,6,60,15,28,14,31,62,61,47,49,35,32,1
541271561268588749473275192003059923026	cd=583	50,19,48,3,32,1,20,10,46,29,44,13,7,56,49,35,36,9,5,40,37,41,38,25,22,26,52,11,21,42,57,39,60,15,55,59,4,8,28,14,30,33,53,43,6,24,23,58,47,61,17,34,54,27,2,16,18,45,12,51,62,31
record	m=1892352	50,19,48,3,32,1,20,10,29,46,13,44,7,56,35,49,9,36,40,5,41,37,25,38,26,22,52,11,21,42,57,39,15,60,55,59,4,8,28,14,30,33,53,43,24,6,23,58,61,47,34,17,27,54,2,16,18,45,12,51,31,62
401225647073809413221176060859636773861	cd=323	18,45,1,32,42,21,51,12,39,57,43,53,62,31,38,25,19,50,36,9,27,54,29,46,34,17,28,14,59,55,6,24,8,4,60,15,20,10,2,16,47,61,11,52,33,30,56,7,44,13,40,5,23,58,49,35,41,37,3,48,26,22
record	m=5677056	18,45,32,1,21,42,51,12,57,39,53,43,31,62,25,38,50,19,9,36,54,27,29,46,17,34,14,28,55,59,24,6,4,8,60,15,20,10,2,16,61,47,52,11,33,30,7,56,13,44,5,40,58,23,35,49,41,37,3,48,26,22
526323165040691568025040340253170006479	cd=323	4,8,59,55,58,23,47,61,37,41,15,60,40,5,3,48,12,51,26,22,29,46,24,6,21,42,39,57,36,9,32,1,35,49,18,45,33,30,34,17,11,52,20,10,54,27,14,28,53,43,2,16,56,7,19,50,13,44,38,25,62,31
record	m=7569408	4,8,55,59,23,58,61,47,41,37,60,15,40,5,3,48,51,12,26,22,29,46,24,6,21,42,57,39,9,36,1,32,35,49,18,45,33,30,17,34,52,11,10,20,54,27,28,14,43,53,16,2,7,56,50,19,13,44,25,38,31,62
1089980243306892111657633989341216880849	cd=563	27,54,46,29,20,10,14,28,50,19,5,40,13,44,8,4,61,47,57,39,52,11,45,18,16,2,25,38,58,23,49,35,41,37,22,26,55,59,30,33,56,7,1,32,60,15,48,3,6,24,43,53,17,34,36,9,42,21,12,51,31,62
record	m=8257536	54,27,29,46,20,10,28,14,50,19,5,40,13,44,4,8,61,47,39,57,52,11,45,18,2,16,25,38,23,58,35,49,41,37,26,22,55,59,33,30,7,56,32,1,15,60,48,3,24,6,53,43,17,34,36,9,21,42,51,12,31,62
347782922922381303918984626254136782218	cd=487	25,38,19,50,41,37,61,47,44,13,56,7,16,2,10,20,6,24,60,15,34,17,28,14,62,31,5,40,18,45,36,9,54,27,8,4,32,1,29,46,22,26,3,48,35,49,23,58,57,39,11,52,33,30,53,43,55,59,51,12,42,21
record	m=2949120	25,38,50,19,41,37,61,47,13,44,7,56,2,16,20,10,24,6,60,15,17,34,14,28,31,62,40,5,18,45,9,36,27,54,4,8,32,1,29,46,26,22,3,48,35,49,23,58,57,39,52,11,33,30,53,43,55,59,51,12,21,42
876299715172510072294025494290277982069	cd=555	9,36,24,6,13,44,4,8,33,30,11,52,7,56,21,42,48,3,35,49,26,22,39,57,23,58,18,45,46,29,41,37,12,51,2,16,59,55,61,47,27,54,14,28,15,60,20,10,43,53,31,62,1,32,5,40,34,17,25,38,19,50
record	m=22020096	9,36,24,6,13,44,4,8,33,30,52,11,7,56,21,42,3,48,35,49,26,22,39,57,23,58,18,45,29,46,41,37,51,12,2,16,55,59,61,47,54,27,28,14,60,15,20,10,53,43,31,62,32,1,5,40,34,17,25,38,50,19
1020821500659580169467788039388114509722	cd=531	50,19,56,7,35,49,9,36,42,21,12,51,18,45,30,33,53,43,57,39,61,47,11,52,20,10,31,62,58,23,1,32,46,29,40,5,60,15,22,26,37,41,28,14,13,44,54,27,34,17,4,8,25,38,2,16,6,24,3,48,55,59
record	m=5677056	50,19,7,56,35,49,9,36,21,42,51,12,18,45,33,30,53,43,57,39,61,47,52,11,10,20,31,62,23,58,32,1,29,46,40,5,60,15,26,22,41,37,28,14,13,44,54,27,17,34,4,8,25,38,2,16,24,6,48,3,55,59
912078534576299137016748637315138113645	cd=435	9,36,14,28,13,44,47,61,33,30,50,19,62,31,41,37,46,29,27,54,48,3,60,15,7,56,1,32,8,4,45,18,49,35,5,40,26,22,34,17,53,43,12,51,21,42,55,59,38,25,20,10,2,16,6,24,58,23,57,39,11,52
record	m=27525120	9,36,28,14,13,44,61,47,33,30,50,19,31,62,41,37,29,46,54,27,3,48,15,60,56,7,32,1,4,8,18,45,35,49,40,5,22,26,17,34,53,43,51,12,21,42,55,59,38,25,20,10,2,16,6,24,23,58,39,57,52,11
5819635448892023505464976256437967183	cd=431	21,42,45,18,17,34,38,25,43,53,47,61,54,27,56,7,28,14,8,4,30,33,35,49,19,50,26,22,2,16,60,15,55,59,37,41,44,13,40,5,58,23,9,36,24,6,29,46,3,48,51,12,57,39,52,11,31,62,20,10,32,1
record	m=7864320	21,42,18,45,17,34,38,25,53,43,61,47,54,27,7,56,28,14,4,8,30,33,35,49,50,19,26,22,2,16,60,15,55,59,41,37,13,44,5,40,23,58,9,36,24,6,29,46,3,48,51,12,57,39,52,11,62,31,20,10,32,1
760361449806670378340804459009260978975	cd=551	50,19,15,60,21,42,41,37,25,38,36,9,3,48,24,6,1,32,26,22,2,16,30,33,43,53,4,8,55,59,46,29,40,5,34,17,45,18,11,52,62,31,23,58,54,27,49,35,56,7,12,51,20,10,47,61,39,57,28,14,13,44
record	m=3784704	50,19,15,60,21,42,41,37,25,38,36,9,3,48,24,6,32,1,26,22,2,16,33,30,53,43,8,4,59,55,29,46,40,5,17,34,45,18,52,11,62,31,23,58,54,27,35,49,7,56,12,51,20,10,47,61,39,57,28,14,13,44
613396283984321127223743738923424674674	cd=371	42,21,12,51,56,7,53,43,31,62,14,28,4,8,30,33,40,5,20,10,46,29,26,22,37,41,55,59,23,58,18,45,1,32,2,16,47,61,27,54,39,57,19,50,44,13,6,24,3,48,9,36,52,11,38,25,17,34,15,60,49,35
record	m=12386304	21,42,51,12,7,56,53,43,31,62,28,14,4,8,33,30,40,5,20,10,29,46,26,22,41,37,55,59,23,58,18,45,32,1,2,16,61,47,54,27,57,39,50,19,13,44,24,6,3,48,9,36,52,11,38,25,17,34,60,15,35,49
887297351860669689027821580439675833304	cd=443	38,25,33,30,42,21,12,51,9,36,7,56,59,55,15,60,34,17,40,5,37,41,47,61,4,8,20,10,3,48,27,54,18,45,11,52,16,2,49,35,53,43,62,31,6,24,39,57,29,46,28,14,44,13,1,32,26,22,23,58,19,50
record	m=51609600	25,38,33,30,21,42,51,12,9,36,7,56,55,59,60,15,17,34,40,5,41,37,61,47,4,8,20,10,3,48,54,27,18,45,52,11,2,16,35,49,53,43,31,62,24,6,57,39,29,46,28,14,13,44,1,32,26,22,23,58,19,50
363853619142790153398746860748898138373	cd=495	46,29,47,61,4,8,55,59,53,43,12,51,38,25,37,41,40,5,11,52,57,39,9,36,14,28,18,45,33,30,17,34,54,27,62,31,10,20,26,22,16,2,48,3,15,60,58,23,35,49,32,1,50,19,6,24,56,7,13,44,42,21
record	m=11354112	29,46,61,47,4,8,55,59,53,43,51,12,25,38,41,37,40,5,52,11,57,39,9,36,28,14,18,45,33,30,17,34,54,27,31,62,20,10,22,26,2,16,3,48,60,15,23,58,35,49,32,1,50,19,24,6,7,56,13,44,42,21
693635996085321725626441909595658971924	cd=527	23,58,40,5,54,27,21,42,24,6,20,10,38,25,7,56,62,31,52,11,33,30,4,8,2,16,47,61,28,14,43,53,18,45,48,3,19,50,46,29,55,59,26,22,12,51,35,49,9,36,39,57,60,15,1,32,13,44,34,17,37,41
record	m=3440640	23,58,40,5,54,27,21,42,24,6,20,10,25,38,7,56,31,62,52,11,33,30,4,8,2,16,47,61,28,14,43,53,18,45,3,48,50,19,29,46,55,59,26,22,12,51,35,49,9,36,57,39,60,15,1,32,44,13,17,34,41,37
824525577291371637731279805587676115327	cd=495	39,57,45,18,53,43,33,30,20,10,62,31,25,38,8,4,40,5,28,14,32,1,34,17,13,44,41,37,26,22,48,3,42,21,29,46,47,61,15,60,23,58,16,2,56,7,9,36,12,51,11,52,59,55,50,19,54,27,24,6,35,49
record	m=4587520	57,39,18,45,53,43,33,30,20,10,31,62,25,38,4,8,40,5,28,14,32,1,34,17,13,44,41,37,26,22,3,48,21,42,46,29,47,61,15,60,23,58,2,16,7,56,9,36,51,12,52,11,59,55,50,19,54,27,24,6,35,49
907511415694522902077497776289839696342	cd=407	29,46,44,13,22,26,40,5,54,27,18,45,55,59,4,8,56,7,12,51,16,2,50,19,9,36,23,58,41,37,21,42,60,15,38,25,47,61,30,33,6,24,1,32,3,48,20,10,17,34,35,49,39,57,53,43,14,28,62,31,11,52
record	m=5505024	29,46,13,44,26,22,5,40,54,27,18,45,55,59,4,8,7,56,51,12,2,16,50,19,9,36,23,58,41,37,21,42,60,15,25,38,61,47,33,30,24,6,32,1,3,48,20,10,17,34,35,49,39,57,53,43,14,28,31,62,52,11
22641056906904284184941823908755380014	cd=587	16,2,12,51,25,38,4,8,43,53,50,19,7,56,31,62,39,57,17,34,49,35,40,5,28,14,22,26,61,47,60,15,42,21,20,10,46,29,6,24,59,55,41,37,11,52,44,13,36,9,54,27,30,33,58,23,48,3,18,45,32,1
record	m=3784704	2,16,51,12,25,38,4,8,43,53,50,19,7,56,31,62,57,39,17,34,49,35,40,5,28,14,26,22,61,47,60,15,21,42,10,20,29,46,24,6,55,59,41,37,52,11,13,44,9,36,27,54,33,30,23,58,3,48,45,18,32,1
654997683959039558202633901545345455325	cd=451	34,17,1,32,22,26,15,60,12,51,27,54,42,21,47,61,24,6,50,19,57,39,18,45,29,46,20,10,31,62,43,53,48,3,41,37,8,4,16,2,23,58,5,40,59,55,13,44,14,28,36,9,56,7,49,35,33,30,52,11,25,38
record	m=15728640	17,34,32,1,26,22,60,15,51,12,54,27,21,42,61,47,6,24,50,19,57,39,18,45,29,46,20,10,31,62,53,43,3,48,41,37,4,8,2,16,23,58,5,40,59,55,13,44,28,14,9,36,7,56,49,35,33,30,52,11,25,38
551568285907808450498061099254001574960	cd=491	21,42,56,7,45,18,25,38,40,5,49,35,53,43,48,3,34,17,23,58,41,37,55,59,52,11,62,31,51,12,14,28,46,29,57,39,60,15,27,54,47,61,22,26,44,13,50,19,16,2,36,9,6,24,8,4,33,30,20,10,1,32
record	m=22708224	21,42,7,56,18,45,25,38,40,5,35,49,53,43,3,48,17,34,23,58,41,37,55,59,52,11,31,62,51,12,28,14,29,46,57,39,60,15,27,54,61,47,26,22,13,44,19,50,2,16,9,36,6,24,4,8,33,30,20,10,32,1
193982009489939321925735072764547539206	cd=391	26,22,51,12,45,18,55,59,10,20,46,29,25,38,53,43,9,36,47,61,28,14,7,56,4,8,21,42,49,35,15,60,6,24,41,37,2,16,54,27,58,23,5,40,30,33,39,57,31,62,48,3,32,1,17,34,19,50,13,44,52,11
record	m=2838528	26,22,51,12,18,45,55,59,10,20,29,46,38,25,53,43,9,36,61,47,28,14,7,56,4,8,21,42,35,49,60,15,24,6,37,41,2,16,54,27,23,58,40,5,33,30,57,39,31,62,48,3,32,1,17,34,19,50,13,44,52,11
543301866458125936897374112845506498381	cd=495	34,17,27,54,42,21,11,52,23,58,38,25,45,18,10,20,1,32,51,12,26,22,15,60,48,3,46,29,44,13,40,5,16,2,8,4,47,61,53,43,36,9,6,24,56,7,19,50,33,30,39,57,37,41,49,35,28,14,59,55,62,31
record	m=36700160	17,34,54,27,21,42,52,11,23,58,25,38,18,45,20,10,32,1,51,12,26,22,60,15,3,48,29,46,13,44,40,5,2,16,4,8,61,47,53,43,9,36,24,6,7,56,50,19,33,30,57,39,41,37,35,49,14,28,55,59,31,62
100625027209978267855199239939533907473	cd=687	26,22,34,17,53,43,20,10,28,14,16,2,7,56,24,6,32,1,50,19,38,25,59,55,30,33,23,58,54,27,49,35,52,11,18,45,62,31,51,12,29,46,60,15,5,40,37,41,48,3,42,21,13,44,36,9,39,57,47,61,8,4
record	m=30277632	26,22,17,34,53,43,20,10,28,14,2,16,7,56,24,6,32,1,50,19,25,38,55,59,33,30,23,58,54,27,35,49,52,11,18,45,31,62,51,12,29,46,60,15,40,5,41,37,3,48,21,42,13,44,9,36,57,39,47,61,4,8
1023313489305042846170376871734641592384	cd=535	56,7,29,46,22,26,16,2,32,1,14,28,27,54,9,36,3,48,57,39,62,31,5,40,18,45,42,21,49,35,51,12,38,25,58,23,43,53,47,61,8,4,34,17,10,20,6,24,19,50,60,15,30,33,37,41,13,44,11,52,55,59
record	m=7340032	7,56,29,46,26,22,2,16,32,1,28,14,54,27,36,9,3,48,57,39,31,62,40,5,18,45,21,42,35,49,51,12,25,38,23,58,53,43,61,47,4,8,17,34,20,10,24,6,50,19,15,60,30,33,41,37,13,44,11,52,59,55
86181560578632551610902982826443442326	cd=575	44,13,61,47,59,55,46,29,39,57,1,32,40,5,15,60,3,48,10,20,38,25,12,51,62,31,58,23,21,42,16,2,41,37,11,52,22,26,56,7,17,34,14,28,53,43,50,19,33,30,24,6,27,54,36,9,45,18,49,35,8,4
record	m=16515072	13,44,61,47,55,59,29,46,57,39,32,1,40,5,60,15,3,48,20,10,25,38,51,12,31,62,58,23,21,42,2,16,41,37,52,11,26,22,7,56,17,34,14,28,53,43,50,19,30,33,24,6,27,54,9,36,18,45,35,49,4,8
1010589875039611422269030657494530195331	cd=563	21,42,15,60,56,7,54,27,50,19,47,61,5,40,52,11,57,39,14,28,49,35,8,4,22,26,2,16,3,48,29,46,36,9,12,51,20,10,38,25,33,30,45,18,6,24,34,17,23,58,44,13,37,41,43,53,32,1,62,31,55,59
record	m=11796480	21,42,60,15,7,56,54,27,50,19,61,47,40,5,52,11,57,39,14,28,35,49,4,8,26,22,2,16,3,48,29,46,9,36,51,12,20,10,25,38,33,30,18,45,24,6,34,17,23,58,44,13,41,37,53,43,32,1,31,62,55,59
293528914527161843539944708809495826601	cd=499	26,22,50,19,14,28,23,58,43,53,40,5,38,25,21,42,36,9,51,12,47,61,4,8,27,54,46,29,20,10,59,55,30,33,1,32,31,62,49,35,44,13,24,6,34,17,52,11,15,60,41,37,7,56,45,18,48,3,57,39,2,16
record	m=3932160	26,22,50,19,28,14,23,58,53,43,40,5,25,38,21,42,9,36,51,12,61,47,4,8,27,54,46,29,20,10,59,55,30,33,32,1,62,31,35,49,13,44,24,6,34,17,52,11,15,60,41,37,7,56,45,18,3,48,57,39,2,16
958019985503696607911635644475268847507	cd=407	25,38,52,11,17,34,6,24,56,7,30,33,27,54,19,50,2,16,14,28,49,35,31,62,8,4,9,36,29,46,13,44,45,18,21,42,32,1,57,39,20,10,53,43,3,48,58,23,15,60,22,26,12,51,37,41,5,40,47,61,59,55
record	m=3440640	25,38,52,11,17,34,24,6,7,56,33,30,54,27,50,19,2,16,28,14,35,49,31,62,4,8,36,9,29,46,13,44,45,18,21,42,32,1,57,39,20,10,53,43,3,48,23,58,15,60,26,22,51,12,41,37,40,5,61,47,55,59
950848114615644948843365736462768256080	cd=547	48,3,21,42,12,51,31,62,24,6,27,54,19,50,44,13,39,57,43,53,16,2,49,35,23,58,29,46,14,28,56,7,52,11,18,45,4,8,5,40,32,1,37,41,22,26,60,15,17,34,36,9,10,20,33,30,38,25,61,47,59,55
record	m=49545216	3,48,21,42,51,12,31,62,24,6,54,27,50,19,13,44,57,39,53,43,2,16,35,49,23,58,29,46,28,14,7,56,52,11,18,45,4,8,40,5,1,32,41,37,26,22,60,15,17,34,9,36,20,10,33,30,25,38,61,47,55,59
602377473112851105029919854978414106211	cd=567	21,42,37,41,25,38,2,16,57,39,13,44,47,61,43,53,15,60,58,23,17,34,62,31,12,51,20,10,33,30,45,18,4,8,46,29,11,52,48,3,7,56,59,55,22,26,9,36,27,54,28,14,19,50,1,32,24,6,5,40,49,35
record	m=3514368	21,42,41,37,25,38,2,16,57,39,13,44,61,47,53,43,60,15,23,58,17,34,62,31,51,12,20,10,33,30,18,45,4,8,29,46,52,11,3,48,56,7,55,59,26,22,36,9,54,27,28,14,50,19,32,1,24,6,40,5,35,49
295036026900517525598071254339988297938	cd=559	20,10,44,13,56,7,59,55,8,4,60,15,35,49,9,36,40,5,1,32,22,26,43,53,31,62,24,6,38,25,21,42,3,48,19,50,30,33,18,45,12,51,57,39,29,46,52,11,47,61,23,58,27,54,34,17,28,14,37,41,2,16
record	m=8257536	20,10,13,44,7,56,55,59,4,8,60,15,35,49,9,36,40,5,32,1,26,22,53,43,31,62,24,6,38,25,21,42,3,48,50,19,33,30,18,45,51,12,57,39,46,29,52,11,47,61,23,58,54,27,17,34,14,28,41,37,2,16
141724243929942148697236989148075707591	cd=583	51,12,42,21,52,11,26,22,50,19,10,20,54,27,29,46,17,34,23,58,56,7,36,9,28,14,59,55,3,48,61,47,62,31,5,40,6,24,49,35,18,45,38,25,53,43,30,33,41,37,32,1,57,39,60,15,2,16,44,13,4,8
record	m=4587520	51,12,21,42,52,11,26,22,50,19,20,10,54,27,29,46,17,34,23,58,56,7,9,36,28,14,55,59,3,48,61,47,31,62,40,5,6,24,49,35,18,45,25,38,53,43,30,33,41,37,32,1,57,39,15,60,16,2,13,44,4,8
272734291509164847638100605410584175930	cd=447	19,50,34,17,57,39,44,13,35,49,42,21,1,32,45,18,24,6,26,22,46,29,37,41,60,15,8,4,25,38,58,23,10,20,36,9,27,54,3,48,51,12,16,2,61,47,5,40,56,7,59,55,52,11,33,30,43,53,31,62,28,14
record	m=56229888	50,19,17,34,57,39,13,44,35,49,21,42,32,1,18,45,24,6,26,22,29,46,41,37,60,15,4,8,25,38,23,58,20,10,9,36,54,27,3,48,51,12,2,16,47,61,40,5,7,56,55,59,52,11,33,30,53,43,31,62,28,14
777073725041612920833191637358410326530	cd=571	38,25,27,54,60,15,33,30,56,7,55,59,31,62,20,10,41,37,8,4,42,21,39,57,49,35,61,47,12,51,45,18,11,52,16,2,22,26,19,50,40,5,36,9,23,58,3,48,28,14,24,6,32,1,34,17,46,29,53,43,13,44
record	m=5160960	25,38,54,27,60,15,33,30,7,56,55,59,31,62,20,10,41,37,4,8,21,42,57,39,35,49,61,47,51,12,18,45,52,11,2,16,26,22,50,19,5,40,9,36,23,58,3,48,28,14,24,6,32,1,34,17,46,29,53,43,13,44
420287906746769410998004839097714271538	cd=519	13,44,35,49,7,56,24,6,21,42,52,11,30,33,9,36,23,58,18,45,39,57,48,3,46,29,47,61,59,55,43,53,4,8,5,40,28,14,10,20,54,27,1,32,22,26,37,41,17,34,62,31,60,15,12,51,2,16,50,19,38,25
record	m=1720320	13,44,35,49,7,56,24,6,21,42,52,11,33,30,9,36,23,58,18,45,57,39,3,48,29,46,61,47,55,59,53,43,8,4,40,5,28,14,20,10,27,54,32,1,26,22,41,37,17,34,62,31,15,60,12,51,2,16,50,19,25,38
695554326509039888150578985224957219189	cd=567	30,33,19,50,16,2,7,56,22,26,6,24,51,12,8,4,3,48,34,17,13,44,11,52,61,47,10,20,62,31,60,15,14,28,5,40,38,25,55,59,18,45,32,1,49,35,54,27,36,9,58,23,46,29,53,43,57,39,42,21,37,41
record	m=12386304	33,30,50,19,2,16,7,56,26,22,24,6,51,12,4,8,3,48,17,34,44,13,52,11,61,47,10,20,31,62,60,15,28,14,40,5,25,38,55,59,18,45,32,1,35,49,54,27,36,9,23,58,29,46,53,43,57,39,21,42,41,37
934035227690039550757530020936983591769	cd=391	41,37,34,17,25,38,49,35,21,42,60,15,36,9,27,54,29,46,31,62,20,10,58,23,50,19,43,53,48,3,13,44,1,32,5,40,47,61,30,33,51,12,8,4,22,26,28,14,56,7,11,52,16,2,39,57,6,24,45,18,59,55
record	m=1757184	41,37,17,34,38,25,35,49,21,42,60,15,9,36,54,27,29,46,31,62,20,10,23,58,19,50,53,43,3,48,44,13,32,1,40,5,61,47,33,30,51,12,4,8,26,22,28,14,7,56,11,52,2,16,57,39,24,6,45,18,55,59
876434532047715454194606233458755737174	cd=483	18,45,35,49,52,11,6,24,59,55,44,13,14,28,53,43,51,12,27,54,46,29,36,9,56,7,37,41,34,17,2,16,23,58,42,21,61,47,5,40,62,31,57,39,30,33,8,4,20,10,3,48,15,60,22,26,1,32,25,38,19,50
record	m=6881280	18,45,35,49,52,11,24,6,55,59,13,44,28,14,43,53,51,12,54,27,29,46,9,36,7,56,41,37,17,34,2,16,23,58,42,21,61,47,40,5,31,62,57,39,33,30,4,8,20,10,48,3,60,15,26,22,32,1,38,25,50,19
153455475665670049012302086345054243242	cd=527	23,58,5,40,32,1,55,59,53,43,2,16,36,9,51,12,38,25,28,14,34,17,29,46,26,22,3,48,61,47,7,56,41,37,60,15,24,6,19,50,44,13,49,35,62,31,21,42,45,18,27,54,39,57,52,11,10,20,30,33,4,8
record	m=2555904	23,58,40,5,32,1,55,59,43,53,16,2,9,36,51,12,25,38,28,14,34,17,29,46,26,22,3,48,61,47,7,56,41,37,60,15,24,6,50,19,44,13,35,49,31,62,42,21,45,18,54,27,57,39,52,11,10,20,30,33,4,8
377092236302745170804891050814403659059	cd=403	35,49,34,17,46,29,61,47,44,13,28,14,54,27,57,39,30,33,58,23,25,38,20,10,12,51,15,60,9,36,43,53,56,7,2,16,50,19,18,45,52,11,55,59,24,6,42,21,4,8,5,40,62,31,1,32,41,37,48,3,26,22
record	m=8257536	35,49,17,34,29,46,61,47,13,44,28,14,54,27,57,39,33,30,23,58,25,38,20,10,51,12,60,15,36,9,53,43,7,56,2,16,50,19,18,45,52,11,55,59,24,6,21,42,4,8,5,40,62,31,1,32,41,37,3,48,26,22
536840917118412966779599722289061196252	cd=487	25,38,22,26,57,39,34,17,8,4,48,3,29,46,40,5,52,11,47,61,2,16,58,23,10,20,28,14,27,54,53,43,45,18,21,42,6,24,36,9,1,32,12,51,15,60,49,35,19,50,37,41,55,59,7,56,30,33,13,44,62,31
record	m=12976128	25,38,26,22,39,57,17,34,4,8,3,48,29,46,40,5,52,11,61,47,16,2,23,58,20,10,14,28,54,27,53,43,18,45,21,42,24,6,36,9,1,32,51,12,60,15,35,49,50,19,41,37,55,59,56,7,33,30,13,44,62,31
899659428310741856635173595258317438593	cd=635	22,26,31,62,14,28,60,15,34,17,39,57,8,4,35,49,44,13,19,50,2,16,27,54,42,21,33,30,10,20,25,38,53,43,40,5,58,23,47,61,51,12,6,24,3,48,36,9,59,55,46,29,1,32,7,56,41,37,45,18,11,52
record	m=8257536	26,22,31,62,28,14,15,60,17,34,57,39,4,8,35,49,13,44,50,19,2,16,54,27,21,42,33,30,20,10,25,38,53,43,40,5,58,23,61,47,51,12,24,6,3,48,9,36,55,59,29,46,32,1,7,56,37,41,45,18,52,11
799923410460301569865763998527277468570	cd=619	17,34,4,8,49,35,9,36,37,41,40,5,16,2,19,50,57,39,52,11,28,14,29,46,3,48,55,59,44,13,62,31,32,1,18,45,30,33,43,53,15,60,54,27,58,23,26,22,7,56,51,12,20,10,38,25,21,42,6,24,61,47
record	m=49545216	17,34,4,8,35,49,9,36,41,37,40,5,2,16,50,19,57,39,52,11,28,14,46,29,3,48,55,59,13,44,31,62,1,32,18,45,33,30,53,43,60,15,27,54,23,58,26,22,7,56,51,12,20,10,25,38,42,21,24,6,47,61
1048581093884546314940671095030300930633	cd=535	22,26,19,50,43,53,55,59,40,5,10,20,33,30,24,6,13,44,41,37,2,16,56,7,27,54,62,31,35,49,45,18,4,8,25,38,28,14,11,52,51,12,21,42,48,3,60,15,34,17,58,23,39,57,1,32,46,29,9,36,47,61
record	m=14680064	26,22,50,19,53,43,59,55,5,40,20,10,33,30,24,6,13,44,41,37,2,16,7,56,54,27,31,62,35,49,18,45,4,8,25,38,28,14,11,52,51,12,21,42,3,48,15,60,17,34,58,23,39,57,32,1,29,46,36,9,61,47
731833084591814794842908211829654237972	cd=411	58,23,37,41,39,57,10,20,40,5,18,45,31,62,34,17,59,55,29,46,50,19,43,53,22,26,13,44,61,47,11,52,32,1,3,48,28,14,49,35,7,56,54,27,9,36,16,2,33,30,6,24,15,60,51,12,8,4,38,25,21,42
record	m=983040	23,58,41,37,57,39,20,10,40,5,18,45,31,62,34,17,55,59,29,46,50,19,53,43,26,22,13,44,61,47,52,11,32,1,3,48,28,14,49,35,7,56,54,27,9,36,2,16,33,30,24,6,15,60,51,12,4,8,25,38,42,21
795224269254429261052826227341283350298	cd=475	38,25,26,22,42,21,4,8,45,18,7,56,9,36,49,35,31,62,29,46,14,28,30,33,48,3,53,43,27,54,34,17,11,52,19,50,24,6,57,39,51,12,60,15,40,5,32,1,23,58,41,37,55,59,44,13,10,20,2,16,61,47
record	m=6094848	25,38,26,22,21,42,4,8,18,45,7,56,9,36,35,49,31,62,29,46,28,14,30,33,3,48,53,43,54,27,17,34,52,11,50,19,24,6,57,39,51,12,60,15,5,40,32,1,23,58,41,37,55,59,13,44,20,10,16,2,47,61
167501264726944255814345573192070847993	cd=327	38,25,12,51,41,37,13,44,49,35,27,54,26,22,46,29,9,36,42,21,30,33,47,61,19,50,56,7,11,52,2,16,17,34,48,3,5,40,6,24,10,20,31,62,53,43,23,58,14,28,1,32,18,45,60,15,57,39,55,59,4,8
record	m=99090432	25,38,51,12,41,37,13,44,35,49,54,27,26,22,29,46,9,36,21,42,33,30,61,47,50,19,7,56,52,11,2,16,17,34,3,48,40,5,24,6,20,10,31,62,53,43,23,58,28,14,32,1,18,45,60,15,57,39,59,55,8,4
392002371789603493321511648549083454844	cd=479	36,9,14,28,19,50,38,25,27,54,32,1,49,35,18,45,17,34,12,51,15,60,41,37,46,29,47,61,11,52,30,33,48,3,23,58,6,24,59,55,8,4,56,7,21,42,39,57,43,53,44,13,5,40,2,16,10,20,62,31,26,22
record	m=9633792	9,36,28,14,50,19,25,38,54,27,1,32,35,49,18,45,17,34,51,12,60,15,41,37,29,46,61,47,52,11,33,30,3,48,23,58,24,6,55,59,4,8,7,56,21,42,57,39,53,43,13,44,40,5,2,16,10,20,31,62,26,22
298188540118157760730344751983203541123	cd=399	30,33,13,44,36,9,12,51,55,59,42,21,28,14,58,23,40,5,43,53,35,49,19,50,31,62,34,17,4,8,60,15,38,25,26,22,48,3,29,46,52,11,57,39,6,24,20,10,45,18,1,32,37,41,7,56,54,27,61,47,2,16
record	m=18350080	33,30,13,44,9,36,12,51,55,59,21,42,28,14,23,58,40,5,53,43,35,49,50,19,31,62,34,17,4,8,60,15,25,38,26,22,3,48,29,46,52,11,57,39,24,6,20,10,45,18,32,1,41,37,56,7,54,27,61,47,2,16
65135602303487452283788627709425710273	cd=583	25,38,20,10,34,17,45,18,33,30,14,28,35,49,44,13,40,5,32,1,6,24,59,55,7,56,43,53,48,3,12,51,26,22,31,62,21,42,11,52,36,9,27,54,47,61,41,37,8,4,39,57,29,46,50,19,15,60,23,58,16,2
record	m=860160	25,38,20,10,17,34,18,45,33,30,28,14,35,49,13,44,5,40,1,32,24,6,55,59,7,56,53,43,3,48,51,12,26,22,31,62,21,42,52,11,9,36,27,54,61,47,41,37,4,8,57,39,29,46,50,19,15,60,58,23,2,16
945672845013668568514946829196514079486	cd=411	53,43,61,47,2,16,38,25,20,10,30,33,44,13,31,62,56,7,41,37,23,58,17,34,6,24,8,4,21,42,3,48,46,29,22,26,15,60,12,51,19,50,40,5,9,36,54,27,35,49,14,28,32,1,18,45,52,11,57,39,59,55
record	m=6881280	53,43,61,47,2,16,25,38,20,10,33,30,13,44,31,62,7,56,41,37,23,58,34,17,24,6,4,8,42,21,3,48,29,46,26,22,60,15,12,51,50,19,5,40,9,36,54,27,35,49,14,28,32,1,18,45,52,11,57,39,59,55
171162988348188373229950039712044361613	cd=527	10,20,29,46,60,15,43,53,62,31,9,36,49,35,42,21,51,12,23,58,50,19,57,39,54,27,47,61,38,25,45,18,5,40,14,28,1,32,3,48,37,41,22,26,7,56,13,44,2,16,33,30,55,59,17,34,6,24,8,4,52,11
record	m=45416448	20,10,29,46,60,15,53,43,31,62,36,9,35,49,21,42,51,12,23,58,50,19,57,39,54,27,61,47,25,38,18,45,40,5,28,14,32,1,3,48,41,37,26,22,7,56,13,44,2,16,33,30,55,59,17,34,6,24,4,8,11,52
858547668092140863370759730472164038308	cd=539	33,30,60,15,17,34,62,31,18,45,38,25,44,13,53,43,58,23,16,2,8,4,11,52,55,59,51,12,36,9,7,56,48,3,14,28,35,49,20,10,27,54,5,40,46,29,47,61,1,32,57,39,21,42,37,41,26,22,24,6,19,50
record	m=1376256	33,30,60,15,17,34,62,31,18,45,25,38,13,44,53,43,23,58,2,16,4,8,52,11,59,55,51,12,9,36,7,56,48,3,14,28,35,49,20,10,27,54,40,5,29,46,61,47,32,1,57,39,21,42,41,37,22,26,6,24,50,19
822119706305023857604755191417111215228	cd=527	27,54,26,22,32,1,47,61,21,42,30,33,39,57,6,24,59,55,3,48,56,7,10,20,25,38,23,58,43,53,4,8,5,40,15,60,46,29,12,51,31,62,37,41,14,28,18,45,9,36,44,13,52,11,34,17,50,19,16,2,35,49
record	m=3670016	54,27,26,22,32,1,61,47,21,42,33,30,57,39,24,6,55,59,3,48,56,7,20,10,25,38,23,58,43,53,4,8,5,40,60,15,29,46,12,51,31,62,41,37,28,14,18,45,9,36,13,44,52,11,17,34,19,50,2,16,49,35
869708905697904014597446578574246749917	cd=435	28,14,39,57,3,48,38,25,13,44,62,31,6,24,21,42,51,12,45,18,52,11,32,1,16,2,7,56,33,30,60,15,47,61,23,58,36,9,37,41,53,43,35,49,4,8,55,59,10,20,27,54,40,5,34,17,29,46,22,26,19,50
record	m=20643840	28,14,39,57,3,48,25,38,13,44,31,62,24,6,21,42,51,12,18,45,52,11,1,32,2,16,56,7,33,30,60,15,61,47,23,58,9,36,41,37,53,43,35,49,4,8,55,59,10,20,54,27,40,5,17,34,46,29,26,22,50,19
183719819267012343958092226777389599236	cd=495	22,26,62,31,61,47,54,27,50,19,35,49,1,32,36,9,24,6,51,12,60,15,44,13,53,43,38,25,3,48,42,21,8,4,10,20,18,45,34,17,55,59,37,41,16,2,40,5,58,23,33,30,39,57,56,7,46,29,14,28,52,11
record	m=18350080	26,22,31,62,61,47,54,27,50,19,35,49,32,1,9,36,24,6,51,12,60,15,44,13,53,43,25,38,3,48,21,42,4,8,20,10,18,45,17,34,55,59,41,37,2,16,40,5,58,23,33,30,57,39,7,56,29,46,28,14,11,52
781868972784812739446069300248734789457	cd=463	14,28,22,26,18,45,25,38,35,49,47,61,46,29,11,52,51,12,3,48,58,23,9,36,37,41,15,60,57,39,34,17,50,19,10,20,2,16,4,8,56,7,30,33,24,6,55,59,32,1,62,31,21,42,27,54,40,5,43,53,13,44
record	m=13762560	28,14,26,22,18,45,25,38,35,49,61,47,29,46,52,11,51,12,3,48,23,58,9,36,41,37,60,15,57,39,17,34,50,19,20,10,16,2,4,8,56,7,33,30,24,6,55,59,32,1,62,31,21,42,54,27,40,5,53,43,13,44
1047787624856822620751028321784183557197	cd=407	7,56,9,36,27,54,15,60,41,37,6,24,32,1,5,40,43,53,20,10,58,23,28,14,31,62,25,38,39,57,46,29,52,11,12,51,33,30,50,19,26,22,59,55,13,44,16,2,17,34,48,3,8,4,42,21,45,18,49,35,47,61
record	m=33030144	7,56,9,36,54,27,60,15,41,37,6,24,32,1,40,5,53,43,20,10,23,58,28,14,31,62,25,38,39,57,29,46,52,11,51,12,33,30,50,19,26,22,55,59,13,44,2,16,17,34,3,48,4,8,21,42,18,45,35,49,61,47
364743445713198687363259573229614707953	cd=555	39,57,35,49,14,28,59,55,13,44,54,27,41,37,3,48,29,46,58,23,47,61,50,19,7,56,8,4,10,20,52,11,12,51,6,24,30,33,17,34,15,60,16,2,26,22,31,62,53,43,1,32,36,9,40,5,38,25,18,45,42,21
record	m=3145728	57,39,35,49,14,28,55,59,13,44,54,27,41,37,3,48,29,46,23,58,61,47,50,19,7,56,8,4,10,20,52,11,51,12,24,6,30,33,17,34,60,15,2,16,26,22,31,62,53,43,32,1,36,9,40,5,25,38,18,45,21,42
497925252765983134245720309287822509183	cd=479	15,60,45,18,55,59,22,26,10,20,19,50,61,47,40,5,41,37,38,25,8,4,11,52,21,42,30,33,34,17,39,57,24,6,46,29,1,32,3,48,56,7,44,13,62,31,12,51,43,53,16,2,58,23,49,35,27,54,9,36,14,28
record	m=9732096	60,15,18,45,55,59,26,22,20,10,50,19,61,47,40,5,41,37,25,38,4,8,52,11,21,42,33,30,17,34,39,57,24,6,46,29,1,32,3,48,56,7,13,44,62,31,12,51,53,43,2,16,23,58,35,49,54,27,36,9,28,14
18265316992870493275019215407234178155	cd=523	14,28,2,16,17,34,6,24,39,57,42,21,49,35,55,59,62,31,26,22,25,38,7,56,27,54,40,5,60,15,61,47,30,33,8,4,45,18,11,52,23,58,12,51,3,48,9,36,44,13,20,10,19,50,53,43,29,46,41,37,32,1
record	m=88080384	28,14,2,16,17,34,24,6,57,39,21,42,35,49,55,59,31,62,26,22,25,38,7,56,54,27,40,5,60,15,61,47,33,30,4,8,18,45,52,11,23,58,51,12,3,48,9,36,44,13,20,10,50,19,53,43,29,46,41,37,32,1
944931591714553313581353258375222183980	cd=431	19,50,11,52,56,7,61,47,23,58,38,25,42,21,44,13,10,20,30,33,45,18,26,22,16,2,39,57,49,35,1,32,51,12,36,9,40,5,28,14,29,46,34,17,31,62,27,54,15,60,3,48,4,8,6,24,43,53,41,37,59,55
record	m=4014080	50,19,52,11,7,56,61,47,23,58,25,38,21,42,13,44,20,10,33,30,45,18,26,22,2,16,57,39,35,49,32,1,51,12,9,36,40,5,28,14,29,46,17,34,62,31,54,27,60,15,3,48,4,8,6,24,53,43,37,41,59,55
793544051631594975471400640394569077279	cd=615	41,37,36,9,32,1,2,16,50,19,10,20,57,39,22,26,6,24,17,34,46,29,14,28,59,55,8,4,11,52,25,38,40,5,27,54,56,7,45,18,15,60,21,42,51,12,62,31,3,48,58,23,30,33,43,53,49,35,44,13,61,47
record	m=17039360	41,37,9,36,32,1,2,16,50,19,20,10,57,39,22,26,24,6,17,34,29,46,28,14,55,59,8,4,52,11,25,38,40,5,54,27,7,56,18,45,60,15,21,42,51,12,31,62,48,3,58,23,30,33,53,43,49,35,13,44,61,47
988007256265339767756498280042030388964	cd=487	2,16,33,30,39,57,52,11,35,49,28,14,60,15,48,3,4,8,27,54,10,20,44,13,21,42,32,1,53,43,26,22,12,51,23,58,61,47,55,59,17,34,24,6,46,29,37,41,62,31,45,18,40,5,9,36,38,25,19,50,7,56
record	m=15138816	2,16,33,30,57,39,52,11,35,49,28,14,60,15,48,3,4,8,27,54,20,10,13,44,21,42,32,1,53,43,26,22,51,12,23,58,61,47,55,59,17,34,24,6,29,46,41,37,31,62,18,45,40,5,9,36,38,25,19,50,56,7
701567261036689742659066242860995556839	cd=559	17,34,33,30,45,18,35,49,61,47,11,52,51,12,42,21,20,10,59,55,36,9,44,13,26,22,25,38,6,24,57,39,50,19,4,8,48,3,40,5,16,2,7,56,27,54,14,28,23,58,60,15,53,43,29,46,31,62,1,32,37,41
record	m=3784704	17,34,33,30,18,45,35,49,61,47,52,11,51,12,21,42,10,20,55,59,9,36,13,44,26,22,25,38,6,24,57,39,50,19,4,8,3,48,40,5,2,16,7,56,54,27,28,14,23,58,60,15,53,43,29,46,31,62,1,32,41,37
357935911216656791595506023103303925570	cd=655	9,36,20,10,31,62,16,2,13,44,49,35,54,27,29,46,56,7,22,26,37,41,38,25,15,60,59,55,58,23,51,12,57,39,6,24,11,52,17,34,45,18,1,32,5,40,43,53,19,50,48,3,4,8,47,61,28,14,30,33,42,21
record	m=22020096	9,36,20,10,31,62,2,16,13,44,35,49,54,27,29,46,7,56,26,22,41,37,25,38,60,15,55,59,23,58,51,12,57,39,6,24,52,11,17,34,18,45,32,1,40,5,53,43,50,19,3,48,4,8,61,47,28,14,30,33,21,42
341760379324934710610680151014661771389	cd=459	30,33,61,47,3,48,51,12,52,11,32,1,13,44,57,39,23,58,40,5,17,34,6,24,49,35,26,22,59,55,60,15,31,62,28,14,10,20,19,50,53,43,25,38,56,7,29,46,37,41,4,8,45,18,9,36,27,54,16,2,42,21
record	m=15138816	33,30,61,47,3,48,51,12,52,11,32,1,13,44,57,39,23,58,40,5,17,34,24,6,35,49,26,22,55,59,60,15,31,62,28,14,10,20,50,19,53,43,25,38,56,7,29,46,41,37,8,4,45,18,9,36,27,54,2,16,42,21
103852881566934140471223442986258964426	cd=503	43,53,62,31,61,47,28,14,6,24,50,19,55,59,38,25,35,49,58,23,5,40,3,48,60,15,4,8,34,17,20,10,18,45,11,52,41,37,57,39,1,32,16,2,12,51,21,42,33,30,46,29,13,44,22,26,54,27,36,9,56,7
record	m=66060288	53,43,31,62,61,47,28,14,24,6,50,19,55,59,25,38,35,49,23,58,40,5,3,48,60,15,4,8,17,34,20,10,45,18,52,11,37,41,57,39,32,1,2,16,51,12,21,42,30,33,29,46,13,44,26,22,54,27,36,9,7,56
291892223884954414941999932691222293642	cd=487	39,57,48,3,14,28,46,29,45,18,11,52,17,34,12,51,1,32,54,27,23,58,26,22,20,10,47,61,35,49,5,40,53,43,6,24,60,15,37,41,25,38,8,4,55,59,62,31,7,56,50,19,44,13,33,30,42,21,9,36,2,16
record	m=10321920	57,39,3,48,28,14,29,46,18,45,52,11,17,34,51,12,32,1,27,54,23,58,26,22,20,10,47,61,35,49,40,5,53,43,24,6,60,15,41,37,25,38,4,8,55,59,31,62,56,7,19,50,44,13,33,30,21,42,9,36,2,16
892000017651489750858423862193921315110	cd=419	17,34,7,56,19,50,31,62,32,1,27,54,28,14,6,24,9,36,47,61,48,3,51,12,33,30,38,25,41,37,29,46,60,15,21,42,49,35,53,43,26,22,16,2,10,20,55,59,44,13,4,8,45,18,39,57,58,23,40,5,11,52
record	m=5160960	17,34,7,56,50,19,31,62,32,1,27,54,28,14,24,6,9,36,61,47,3,48,51,12,33,30,25,38,41,37,29,46,60,15,21,42,35,49,53,43,26,22,2,16,20,10,59,55,13,44,4,8,45,18,57,39,58,23,40,5,52,11
721763789807279242848280996991446622795	cd=403	35,49,55,59,43,53,51,12,39,57,28,14,40,5,47,61,37,41,2,16,31,62,20,10,1,32,45,18,19,50,25,38,30,33,58,23,11,52,44,13,24,6,54,27,36,9,60,15,22,26,34,17,48,3,46,29,4,8,56,7,21,42
record	m=36700160	35,49,55,59,43,53,51,12,57,39,14,28,40,5,61,47,41,37,2,16,31,62,20,10,32,1,45,18,50,19,25,38,33,30,23,58,52,11,13,44,24,6,54,27,36,9,60,15,26,22,17,34,3,48,29,46,4,8,7,56,21,42
214860253501566292499517442222677032392	cd=435	60,15,5,40,42,21,45,18,25,38,59,55,54,27,30,33,34,17,46,29,51,12,16,2,35,49,56,7,14,28,37,41,26,22,3,48,62,31,58,23,6,24,32,1,36,9,61,47,19,50,11,52,57,39,53,43,8,4,10,20,44,13
record	m=5308416	60,15,40,5,21,42,18,45,25,38,55,59,54,27,33,30,17,34,29,46,12,51,2,16,49,35,7,56,28,14,41,37,22,26,3,48,62,31,23,58,24,6,32,1,36,9,61,47,50,19,11,52,57,39,53,43,8,4,10,20,13,44
890954851399052513661899244879358982304	cd=427	10,20,26,22,62,31,58,23,40,5,33,30,57,39,50,19,6,24,1,32,17,34,37,41,8,4,15,60,21,42,35,49,25,38,61,47,14,28,59,55,46,29,13,44,16,2,12,51,36,9,45,18,53,43,7,56,54,27,48,3,11,52
record	m=36700160	20,10,26,22,31,62,23,58,5,40,33,30,57,39,50,19,24,6,32,1,34,17,41,37,4,8,60,15,21,42,35,49,25,38,61,47,28,14,55,59,29,46,13,44,2,16,51,12,9,36,18,45,53,43,7,56,54,27,48,3,11,52
149024824539319916731133530822368393641	cd=619	19,50,59,55,60,15,37,41,56,7,33,30,11,52,46,29,53,43,36,9,10,20,31,62,58,23,28,14,49,35,13,44,61,47,3,48,51,12,6,24,54,27,40,5,21,42,22,26,57,39,1,32,18,45,17,34,16,2,38,25,4,8
record	m=13762560	50,19,55,59,60,15,41,37,7,56,33,30,52,11,29,46,53,43,9,36,20,10,31,62,23,58,28,14,49,35,13,44,61,47,3,48,51,12,24,6,54,27,40,5,21,42,22,26,57,39,32,1,18,45,17,34,2,16,38,25,4,8
518210808318802257168413206856883882451	cd=611	19,50,55,59,27,54,60,15,37,41,39,57,47,61,48,3,20,10,28,14,21,42,9,36,17,34,8,4,49,35,11,52,40,5,58,23,46,29,56,7,1,32,38,25,13,44,45,18,24,6,33,30,53,43,26,22,16,2,51,12,62,31
record	m=6881280	50,19,55,59,54,27,60,15,41,37,57,39,61,47,3,48,20,10,14,28,21,42,9,36,17,34,4,8,35,49,52,11,40,5,58,23,29,46,7,56,32,1,38,25,44,13,45,18,24,6,33,30,53,43,26,22,2,16,51,12,31,62
511927284286253812960680209678142647562	cd=495	49,35,31,62,1,32,11,52,13,44,40,5,41,37,57,39,50,19,55,59,25,38,23,58,18,45,34,17,51,12,56,7,30,33,48,3,9,36,10,20,60,15,8,4,29,46,53,43,2,16,24,6,26,22,21,42,27,54,47,61,14,28
record	m=37847040	35,49,31,62,1,32,52,11,13,44,40,5,41,37,57,39,50,19,55,59,25,38,23,58,18,45,17,34,51,12,7,56,33,30,3,48,9,36,20,10,60,15,4,8,29,46,53,43,2,16,24,6,26,22,21,42,54,27,61,47,28,14
517688500704416208249406877396947825109	cd=379	5,40,16,2,46,29,37,41,22,26,7,56,50,19,15,60,47,61,44,13,43,53,18,45,39,57,48,3,21,42,10,20,27,54,34,17,51,12,38,25,23,58,59,55,30,33,8,4,35,49,1,32,28,14,9,36,24,6,52,11,62,31
record	m=18350080	40,5,2,16,29,46,41,37,26,22,7,56,50,19,15,60,61,47,13,44,53,43,18,45,57,39,3,48,21,42,10,20,54,27,34,17,12,51,25,38,23,58,55,59,33,30,4,8,35,49,32,1,28,14,9,36,24,6,52,11,62,31
902524066247063970918858245966047582788	cd=471	45,18,59,55,43,53,41,37,6,24,16,2,44,13,50,19,8,4,22,26,51,12,1,32,33,30,17,34,46,29,49,35,54,27,3,48,5,40,9,36,61,47,60,15,10,20,7,56,31,62,25,38,14,28,21,42,39,57,58,23,11,52
record	m=5406720	18,45,55,59,53,43,41,37,6,24,2,16,13,44,50,19,4,8,26,22,51,12,32,1,33,30,17,34,29,46,35,49,54,27,3,48,40,5,9,36,61,47,60,15,20,10,7,56,31,62,25,38,14,28,21,42,57,39,23,58,52,11
66000359627235853851405974196936614237	cd=631	24,6,23,58,49,35,42,21,45,18,29,46,59,55,38,25,7,56,36,9,20,10,22,26,17,34,12,51,61,47,33,30,62,31,44,13,50,19,43,53,4,8,1,32,37,41,14,28,5,40,11,52,48,3,57,39,54,27,15,60,16,2
record	m=7569408	24,6,23,58,35,49,21,42,18,45,29,46,55,59,25,38,7,56,9,36,10,20,26,22,17,34,12,51,61,47,33,30,31,62,13,44,19,50,53,43,8,4,32,1,41,37,28,14,40,5,52,11,3,48,39,57,54,27,60,15,2,16
107688063952431845688156433095315599647	cd=343	49,35,11,52,4,8,43,53,59,55,33,30,5,40,14,28,60,15,3,48,54,27,50,19,22,26,41,37,34,17,46,29,44,13,42,21,20,10,12,51,39,57,47,61,1,32,6,24,62,31,38,25,18,45,58,23,36,9,2,16,56,7
record	m=6307840	35,49,52,11,4,8,43,53,55,59,33,30,40,5,28,14,60,15,3,48,54,27,50,19,26,22,41,37,17,34,46,29,44,13,21,42,10,20,51,12,57,39,61,47,32,1,24,6,31,62,25,38,45,18,23,58,9,36,2,16,56,7
582189713983959468394830504789515741155	cd=555	14,28,22,26,6,24,18,45,59,55,54,27,8,4,13,44,58,23,17,34,29,46,57,39,61,47,42,21,7,56,36,9,31,62,19,50,43,53,12,51,5,40,60,15,37,41,38,25,52,11,32,1,33,30,2,16,10,20,48,3,49,35
record	m=2027520	28,14,26,22,24,6,18,45,55,59,54,27,8,4,13,44,58,23,17,34,29,46,57,39,61,47,21,42,7,56,9,36,62,31,50,19,53,43,51,12,40,5,60,15,41,37,25,38,52,11,32,1,33,30,2,16,20,10,3,48,35,49
1039278353336035490055126744143726322678	cd=491	43,53,16,2,15,60,38,25,30,33,32,1,42,21,55,59,62,31,20,10,36,9,5,40,8,4,3,48,18,45,46,29,26,22,44,13,11,52,28,14,58,23,24,6,57,39,41,37,34,17,7,56,51,12,27,54,35,49,50,19,47,61
record	m=14680064	53,43,2,16,60,15,25,38,30,33,32,1,21,42,55,59,31,62,20,10,9,36,40,5,4,8,3,48,18,45,29,46,26,22,13,44,52,11,28,14,23,58,6,24,39,57,37,41,17,34,7,56,51,12,54,27,35,49,50,19,61,47
997981851850600831624964881170105369535	cd=379	13,44,24,6,19,50,28,14,35,49,26,22,10,20,58,23,4,8,34,17,5,40,36,9,61,47,16,2,37,41,29,46,54,27,43,53,31,62,60,15,39,57,18,45,38,25,12,51,3,48,42,21,30,33,1,32,11,52,56,7,55,59
record	m=15728640	13,44,24,6,50,19,28,14,35,49,26,22,20,10,23,58,8,4,17,34,40,5,9,36,61,47,16,2,41,37,29,46,54,27,53,43,31,62,15,60,57,39,18,45,25,38,12,51,3,48,21,42,30,33,32,1,11,52,56,7,55,59
1035507737618002501258737108518587316304	cd=499	44,13,15,60,33,30,16,2,40,5,6,24,49,35,25,38,50,19,8,4,14,28,59,55,21,42,52,11,45,18,9,36,46,29,22,26,62,31,58,23,39,57,41,37,3,48,27,54,32,1,53,43,20,10,56,7,17,34,51,12,47,61
record	m=22708224	13,44,60,15,33,30,2,16,40,5,24,6,35,49,25,38,50,19,4,8,28,14,55,59,21,42,52,11,18,45,9,36,29,46,26,22,31,62,23,58,57,39,37,41,3,48,54,27,1,32,53,43,20,10,7,56,17,34,51,12,61,47
783974867301832312899231307886956777474	cd=551	56,7,59,55,58,23,61,47,15,60,9,36,48,3,42,21,1,32,41,37,14,28,54,27,10,20,8,4,19,50,18,45,33,30,43,53,29,46,51,12,25,38,22,26,2,16,34,17,11,52,31,62,40,5,49,35,6,24,39,57,13,44
record	m=8257536	7,56,55,59,23,58,61,47,60,15,9,36,3,48,21,42,32,1,41,37,28,14,54,27,20,10,4,8,50,19,18,45,33,30,53,43,29,46,12,51,25,38,22,26,2,16,17,34,52,11,31,62,40,5,35,49,24,6,57,39,13,44
530273275279627282901981195834412681160	cd=523	50,19,44,13,8,4,39,57,48,3,2,16,36,9,5,40,29,46,22,26,28,14,41,37,6,24,27,54,33,30,25,38,11,52,35,49,20,10,12,51,47,61,23,58,59,55,15,60,21,42,1,32,7,56,43,53,45,18,17,34,62,31
record	m=3440640	50,19,44,13,4,8,57,39,3,48,16,2,9,36,40,5,29,46,26,22,28,14,41,37,6,24,54,27,33,30,25,38,52,11,35,49,20,10,51,12,61,47,23,58,59,55,60,15,21,42,32,1,56,7,53,43,18,45,17,34,62,31
900317676858212368234176342559744649515	cd=519	18,45,42,21,13,44,47,61,20,10,23,58,5,40,15,60,55,59,17,34,27,54,51,12,37,41,33,30,29,46,26,22,3,48,25,38,14,28,7,56,4,8,31,62,53,43,2,16,24,6,9,36,49,35,57,39,1,32,50,19,11,52
record	m=15138816	18,45,21,42,13,44,61,47,10,20,23,58,5,40,60,15,55,59,17,34,54,27,51,12,41,37,33,30,29,46,26,22,3,48,25,38,28,14,7,56,4,8,31,62,53,43,2,16,24,6,9,36,35,49,39,57,32,1,50,19,52,11
559477915154160576530812856742907953156	cd=391	51,12,27,54,20,10,13,44,41,37,26,22,50,19,47,61,53,43,25,38,3,48,5,40,28,14,9,36,34,17,33,30,56,7,16,2,18,45,52,11,55,59,49,35,46,29,8,4,39,57,62,31,21,42,15,60,6,24,58,23,1,32
record	m=6881280	51,12,54,27,20,10,13,44,41,37,26,22,50,19,61,47,43,53,25,38,3,48,40,5,28,14,9,36,17,34,33,30,7,56,2,16,18,45,52,11,55,59,35,49,29,46,4,8,57,39,31,62,42,21,60,15,6,24,58,23,1,32
940816304633732566608492012532996124239	cd=463	54,27,28,14,22,26,46,29,45,18,11,52,21,42,38,25,23,58,3,48,35,49,40,5,4,8,41,37,61,47,19,50,36,9,53,43,2,16,56,7,1,32,10,20,15,60,44,13,17,34,12,51,31,62,39,57,6,24,33,30,59,55
record	m=11354112	54,27,28,14,26,22,29,46,18,45,52,11,21,42,25,38,23,58,3,48,35,49,40,5,4,8,41,37,61,47,50,19,9,36,53,43,2,16,7,56,32,1,20,10,15,60,44,13,17,34,51,12,31,62,57,39,24,6,30,33,55,59
658729890165043290019529589623050408341	cd=455	48,3,7,56,53,43,27,54,15,60,32,1,41,37,11,52,5,40,33,30,12,51,21,42,19,50,22,26,47,61,45,18,17,34,44,13,20,10,31,62,36,9,49,35,23,58,8,4,46,29,6,24,39,57,28,14,59,55,2,16,25,38
record	m=2293760	3,48,56,7,53,43,54,27,60,15,1,32,41,37,52,11,40,5,33,30,51,12,21,42,50,19,26,22,61,47,45,18,17,34,44,13,20,10,31,62,36,9,35,49,23,58,8,4,29,46,24,6,57,39,14,28,55,59,2,16,25,38
871025470406278918094802967924819502646	cd=475	48,3,59,55,37,41,7,56,26,22,44,13,28,14,12,51,38,25,21,42,6,24,62,31,39,57,11,52,18,45,32,1,47,61,16,2,20,10,58,23,27,54,60,15,33,30,9,36,8,4,5,40,35,49,43,53,34,17,46,29,19,50
record	m=14680064	3,48,55,59,41,37,7,56,26,22,13,44,28,14,12,51,25,38,21,42,24,6,31,62,57,39,52,11,18,45,32,1,61,47,2,16,20,10,23,58,54,27,60,15,30,33,9,36,8,4,40,5,35,49,43,53,34,17,46,29,19,50
62249225630960603465102703933947185055	cd=303	37,41,1,32,61,47,26,22,17,34,60,15,3,48,45,18,25,38,51,12,52,11,31,62,46,29,28,14,23,58,9,36,5,40,49,35,6,24,57,39,59,55,8,4,53,43,10,20,7,56,21,42,50,19,13,44,33,30,27,54,16,2
record	m=6881280	41,37,32,1,61,47,26,22,17,34,60,15,3,48,18,45,25,38,51,12,52,11,31,62,29,46,14,28,23,58,9,36,40,5,35,49,24,6,57,39,55,59,8,4,53,43,10,20,7,56,21,42,50,19,13,44,33,30,54,27,2,16
1024663382114572698880949353228326266337	cd=587	11,52,14,28,36,9,15,60,16,2,30,33,42,21,19,50,47,61,24,6,31,62,8,4,32,1,5,40,37,41,17,34,22,26,20,10,53,43,3,48,54,27,51,12,13,44,38,25,45,18,58,23,46,29,39,57,35,49,7,56,55,59
record	m=7569408	52,11,28,14,9,36,60,15,2,16,33,30,21,42,50,19,61,47,6,24,31,62,4,8,32,1,40,5,41,37,17,34,26,22,20,10,53,43,3,48,54,27,51,12,13,44,25,38,18,45,23,58,29,46,57,39,49,35,7,56,59,55
956093308039855458324330240384482015563	cd=435	5,40,33,30,44,13,38,25,4,8,35,49,14,28,26,22,46,29,36,9,32,1,23,58,6,24,27,54,50,19,47,61,17,34,11,52,2,16,51,12,41,37,57,39,3,48,60,15,10,20,31,62,18,45,21,42,43,53,7,56,59,55
record	m=11354112	40,5,33,30,13,44,25,38,4,8,35,49,28,14,26,22,29,46,9,36,32,1,23,58,24,6,54,27,50,19,61,47,34,17,52,11,2,16,51,12,41,37,57,39,3,48,15,60,10,20,31,62,18,45,21,42,43,53,7,56,55,59
943960081029173877696483898865355535021	cd=615	44,13,38,25,58,23,22,26,1,32,6,24,10,20,43,53,56,7,4,8,29,46,40,5,14,28,31,62,16,2,36,9,3,48,39,57,50,19,51,12,42,21,54,27,45,18,33,30,15,60,41,37,47,61,17,34,52,11,49,35,59,55
record	m=34603008	13,44,25,38,23,58,26,22,32,1,24,6,20,10,53,43,7,56,4,8,29,46,40,5,28,14,31,62,2,16,9,36,3,48,57,39,50,19,51,12,21,42,54,27,18,45,30,33,60,15,41,37,61,47,34,17,52,11,35,49,55,59
129774445957352939835032228311602240757	cd=527	50,19,15,60,36,9,4,8,35,49,43,53,20,10,26,22,47,61,59,55,29,46,6,24,42,21,11,52,54,27,17,34,41,37,3,48,5,40,1,32,31,62,23,58,57,39,45,18,25,38,13,44,28,14,16,2,30,33,12,51,56,7
record	m=9461760	50,19,15,60,9,36,4,8,35,49,43,53,20,10,22,26,61,47,55,59,29,46,24,6,21,42,52,11,27,54,17,34,41,37,3,48,40,5,32,1,62,31,58,23,57,39,45,18,25,38,44,13,28,14,2,16,33,30,12,51,7,56
928534613603076828835092789756030386112	cd=511	50,19,26,22,62,31,23,58,5,40,47,61,35,49,60,15,29,46,53,43,44,13,52,11,28,14,25,38,3,48,21,42,57,39,2,16,30,33,27,54,7,56,9,36,37,41,1,32,51,12,20,10,6,24,17,34,18,45,4,8,59,55
record	m=7864320	50,19,26,22,31,62,58,23,40,5,61,47,35,49,60,15,29,46,53,43,13,44,52,11,28,14,25,38,3,48,21,42,57,39,2,16,33,30,54,27,7,56,9,36,37,41,32,1,12,51,20,10,24,6,17,34,45,18,4,8,59,55
886834709523440184307409295578195863480	cd=475	42,21,54,27,62,31,53,43,41,37,8,4,2,16,1,32,26,22,46,29,40,5,24,6,20,10,30,33,38,25,12,51,34,17,61,47,23,58,35,49,44,13,28,14,52,11,9,36,7,56,59,55,3,48,15,60,18,45,39,57,19,50
record	m=36700160	21,42,54,27,31,62,53,43,37,41,4,8,2,16,32,1,26,22,29,46,40,5,24,6,20,10,33,30,25,38,51,12,17,34,47,61,23,58,35,49,13,44,28,14,11,52,36,9,7,56,59,55,3,48,15,60,18,45,57,39,50,19
802781983734981976569558282730195785979	cd=347	14,28,55,59,54,27,48,3,8,4,38,25,56,7,19,50,49,35,53,43,51,12,10,20,37,41,15,60,42,21,62,31,45,18,9,36,13,44,1,32,40,5,30,33,11,52,39,57,6,24,17,34,16,2,26,22,58,23,46,29,61,47
record	m=18063360	28,14,55,59,54,27,3,48,4,8,25,38,7,56,50,19,35,49,53,43,51,12,20,10,41,37,60,15,21,42,31,62,45,18,9,36,13,44,1,32,40,5,30,33,52,11,57,39,24,6,17,34,16,2,26,22,58,23,46,29,47,61
753462458480406301084008688893638715898	cd=483	22,26,12,51,62,31,43,53,20,10,14,28,57,39,1,32,4,8,60,15,58,23,45,18,55,59,38,25,49,35,56,7,11,52,54,27,21,42,50,19,47,61,9,36,30,33,5,40,48,3,37,41,46,29,34,17,24,6,16,2,13,44
record	m=33030144	26,22,51,12,31,62,53,43,20,10,28,14,39,57,32,1,4,8,60,15,23,58,18,45,55,59,25,38,35,49,7,56,52,11,27,54,21,42,19,50,61,47,9,36,33,30,40,5,48,3,41,37,29,46,34,17,6,24,16,2,13,44
985059713051126380084365350544593753596	cd=527	29,46,50,19,62,31,32,1,20,10,14,28,5,40,11,52,41,37,47,61,48,3,49,35,8,4,38,25,13,44,53,43,33,30,59,55,17,34,42,21,9,36,57,39,23,58,22,26,2,16,51,12,27,54,15,60,24,6,18,45,7,56
record	m=11354112	29,46,50,19,31,62,1,32,20,10,28,14,40,5,52,11,41,37,61,47,3,48,35,49,4,8,25,38,13,44,53,43,33,30,55,59,17,34,42,21,9,36,57,39,23,58,26,22,2,16,51,12,54,27,60,15,24,6,18,45,7,56
758213841379018408959293763233903474885	cd=391	34,17,30,33,57,39,46,29,21,42,12,51,15,60,55,59,18,45,1,32,4,8,43,53,3,48,40,5,38,25,14,28,49,35,22,26,54,27,56,7,11,52,23,58,41,37,62,31,19,50,36,9,24,6,47,61,2,16,20,10,13,44
record	m=3670016	17,34,33,30,57,39,29,46,42,21,51,12,60,15,55,59,18,45,32,1,4,8,43,53,3,48,40,5,25,38,28,14,35,49,26,22,54,27,7,56,52,11,23,58,41,37,31,62,50,19,9,36,6,24,61,47,16,2,20,10,13,44
840774923561124828170468243346295014837	cd=503	6,24,1,32,17,34,40,5,28,14,11,52,30,33,42,21,56,7,45,18,25,38,47,61,4,8,36,9,48,3,57,39,15,60,59,55,58,23,46,29,27,54,62,31,16,2,20,10,12,51,50,19,53,43,44,13,26,22,41,37,35,49
record	m=20643840	24,6,32,1,17,34,40,5,28,14,52,11,33,30,21,42,7,56,18,45,25,38,61,47,4,8,36,9,3,48,57,39,60,15,55,59,23,58,46,29,27,54,31,62,2,16,10,20,12,51,50,19,53,43,13,44,26,22,41,37,35,49
41346214883487703553357688560518580012	cd=427	7,56,12,51,43,53,60,15,11,52,58,23,25,38,4,8,46,29,5,40,20,10,41,37,19,50,6,24,57,39,35,49,31,62,1,32,22,26,17,34,30,33,21,42,18,45,9,36,3,48,28,14,54,27,55,59,47,61,44,13,16,2
record	m=11010048	7,56,51,12,53,43,60,15,11,52,23,58,25,38,4,8,29,46,40,5,20,10,41,37,50,19,24,6,57,39,35,49,31,62,32,1,26,22,17,34,33,30,21,42,18,45,9,36,48,3,14,28,54,27,55,59,61,47,13,44,2,16
279185667890836606833673129863001412245	cd=447	26,22,5,40,25,38,34,17,18,45,62,31,43,53,41,37,23,58,36,9,57,39,51,12,32,1,14,28,56,7,47,61,24,6,60,15,20,10,42,21,35,49,52,11,30,33,48,3,55,59,8,4,54,27,29,46,50,19,44,13,2,16
record	m=337920	26,22,5,40,25,38,34,17,18,45,31,62,53,43,37,41,58,23,9,36,57,39,51,12,32,1,28,14,7,56,61,47,6,24,60,15,20,10,42,21,35,49,52,11,30,33,3,48,55,59,4,8,27,54,46,29,19,50,44,13,2,16
1063258043910623204789144382352546727437	cd=507	10,20,43,53,35,49,29,46,30,33,34,17,8,4,15,60,25,38,61,47,51,12,5,40,50,19,21,42,54,27,24,6,55,59,23,58,3,48,37,41,32,1,56,7,28,14,45,18,22,26,11,52,57,39,9,36,44,13,16,2,31,62
record	m=5160960	20,10,53,43,35,49,29,46,33,30,17,34,4,8,60,15,25,38,61,47,51,12,40,5,19,50,21,42,54,27,24,6,55,59,23,58,3,48,41,37,32,1,7,56,28,14,45,18,26,22,52,11,57,39,36,9,44,13,2,16,31,62
546790079874350652038151421791780745287	cd=323	19,50,38,25,22,26,13,44,43,53,37,41,12,51,5,40,20,10,16,2,59,55,15,60,3,48,54,27,17,34,4,8,58,23,35,49,18,45,46,29,52,11,21,42,6,24,14,28,7,56,32,1,9,36,39,57,33,30,47,61,62,31
record	m=38928384	50,19,25,38,26,22,13,44,53,43,41,37,51,12,40,5,20,10,2,16,55,59,60,15,48,3,54,27,17,34,4,8,58,23,35,49,18,45,29,46,52,11,21,42,24,6,28,14,7,56,32,1,36,9,39,57,30,33,61,47,31,62
756665854096149733737641116851738640504	cd=431	42,21,8,4,59,55,18,45,61,47,36,9,19,50,24,6,26,22,1,32,11,52,34,17,40,5,41,37,46,29,39,57,12,51,27,54,48,3,16,2,25,38,60,15,23,58,43,53,35,49,33,30,10,20,62,31,14,28,56,7,13,44
record	m=2064384	21,42,4,8,55,59,18,45,61,47,9,36,50,19,24,6,26,22,32,1,52,11,17,34,40,5,41,37,29,46,57,39,51,12,54,27,3,48,2,16,25,38,60,15,23,58,53,43,49,35,33,30,20,10,31,62,28,14,7,56,13,44
214742161096561112356769692091497701384	cd=499	46,29,8,4,3,48,10,20,9,36,61,47,12,51,23,58,57,39,5,40,6,24,1,32,52,11,34,17,53,43,41,37,7,56,21,42,54,27,55,59,22,26,62,31,30,33,16,2,28,14,38,25,18,45,49,35,15,60,50,19,44,13
record	m=14057472	29,46,4,8,3,48,20,10,9,36,61,47,51,12,23,58,57,39,40,5,24,6,32,1,52,11,17,34,53,43,41,37,7,56,21,42,54,27,55,59,26,22,31,62,30,33,2,16,28,14,38,25,18,45,35,49,60,15,19,50,13,44
582033535627447750861636003250897112453	cd=515	46,29,21,42,54,27,61,47,6,24,36,9,7,56,60,15,12,51,11,52,4,8,16,2,23,58,17,34,20,10,19,50,26,22,25,38,30,33,44,13,41,37,32,1,62,31,45,18,14,28,59,55,43,53,39,57,40,5,48,3,49,35
record	m=7340032	29,46,42,21,54,27,61,47,6,24,9,36,7,56,60,15,51,12,52,11,4,8,2,16,23,58,17,34,20,10,50,19,26,22,25,38,33,30,13,44,41,37,32,1,62,31,18,45,28,14,55,59,53,43,57,39,5,40,48,3,49,35
548726837740873548473061761718253858824	cd=583	54,27,21,42,18,45,6,24,23,58,53,43,51,12,38,25,41,37,4,8,62,31,46,29,34,17,26,22,7,56,16,2,9,36,14,28,57,39,19,50,52,11,30,33,13,44,47,61,60,15,55,59,35,49,3,48,10,20,40,5,1,32
record	m=45416448	54,27,21,42,18,45,24,6,23,58,53,43,51,12,25,38,41,37,4,8,31,62,29,46,17,34,26,22,7,56,2,16,9,36,28,14,39,57,50,19,52,11,33,30,13,44,61,47,60,15,55,59,35,49,48,3,10,20,5,40,32,1
1060279797995314068764323046863711557830	cd=543	32,1,4,8,12,51,34,17,5,40,50,19,53,43,62,31,6,24,41,37,26,22,11,52,44,13,10,20,33,30,45,18,60,15,2,16,55,59,54,27,28,14,3,48,9,36,56,7,38,25,49,35,21,42,57,39,46,29,23,58,47,61
record	m=3784704	32,1,4,8,12,51,17,34,40,5,19,50,53,43,31,62,24,6,37,41,22,26,52,11,13,44,20,10,33,30,18,45,60,15,2,16,55,59,54,27,28,14,3,48,9,36,7,56,25,38,35,49,42,21,57,39,29,46,23,58,61,47
55659152537397141797071398007643761068	cd=535	45,18,42,21,28,14,54,27,33,30,19,50,39,57,17,34,3,48,9,36,4,8,32,1,24,6,13,44,47,61,60,15,22,26,49,35,10,20,58,23,40,5,52,11,7,56,51,12,25,38,31,62,55,59,46,29,53,43,37,41,16,2
record	m=49545216	18,45,21,42,28,14,54,27,33,30,50,19,57,39,17,34,3,48,9,36,4,8,32,1,24,6,13,44,61,47,60,15,26,22,35,49,20,10,23,58,5,40,52,11,7,56,51,12,25,38,62,31,55,59,29,46,43,53,37,41,2,16
467177224100589270706930896271733058275	cd=459	15,60,58,23,11,52,36,9,59,55,29,46,48,3,30,33,61,47,50,19,4,8,28,14,44,13,53,43,2,16,5,40,1,32,6,24,31,62,38,25,51,12,42,21,17,34,18,45,39,57,20,10,27,54,49,35,7,56,37,41,22,26
record	m=4194304	60,15,23,58,52,11,9,36,55,59,29,46,3,48,33,30,61,47,50,19,4,8,28,14,13,44,53,43,2,16,40,5,32,1,24,6,31,62,25,38,51,12,21,42,34,17,18,45,57,39,20,10,54,27,35,49,56,7,37,41,22,26
157566581354151738945280443587546010945	cd=539	6,24,53,43,7,56,9,36,12,51,58,23,59,55,18,45,30,33,48,3,21,42,57,39,29,46,11,52,54,27,16,2,26,22,17,34,20,10,50,19,31,62,15,60,37,41,61,47,38,25,32,1,14,28,35,49,44,13,5,40,4,8
record	m=29360128	24,6,53,43,7,56,9,36,51,12,23,58,55,59,18,45,33,30,3,48,21,42,57,39,29,46,52,11,27,54,2,16,26,22,17,34,10,20,50,19,31,62,60,15,41,37,61,47,38,25,1,32,28,14,49,35,13,44,5,40,4,8
512511826881145169736742999346175019640	cd=535	23,58,55,59,9,36,6,24,53,43,57,39,52,11,13,44,41,37,35,49,29,46,17,34,54,27,20,10,56,7,33,30,2,16,38,25,40,5,4,8,3,48,42,21,18,45,61,47,19,50,1,32,26,22,15,60,12,51,31,62,14,28
record	m=18350080	23,58,55,59,9,36,24,6,53,43,57,39,52,11,13,44,41,37,35,49,29,46,17,34,54,27,20,10,7,56,33,30,2,16,25,38,40,5,4,8,3,48,21,42,18,45,61,47,50,19,32,1,26,22,60,15,12,51,31,62,28,14
590278695491868667617941824775297171858	cd=519	46,29,7,56,55,59,61,47,14,28,57,39,52,11,2,16,5,40,6,24,41,37,42,21,51,12,9,36,43,53,3,48,26,22,60,15,31,62,45,18,32,1,8,4,33,30,54,27,58,23,34,17,25,38,20,10,44,13,50,19,49,35
record	m=13762560	29,46,7,56,55,59,61,47,28,14,39,57,52,11,2,16,40,5,24,6,37,41,21,42,51,12,9,36,53,43,3,48,26,22,60,15,31,62,18,45,32,1,4,8,30,33,54,27,23,58,17,34,38,25,20,10,13,44,19,50,35,49
416671528990557629086628484814797147405	cd=547	48,3,22,26,57,39,31,62,2,16,28,14,7,56,43,53,40,5,58,23,9,36,49,35,13,44,60,15,45,18,21,42,1,32,52,11,46,29,54,27,10,20,61,47,50,19,34,17,24,6,37,41,8,4,30,33,59,55,51,12,38,25
record	m=3932160	3,48,26,22,39,57,31,62,2,16,28,14,7,56,53,43,40,5,58,23,9,36,35,49,13,44,60,15,18,45,21,42,32,1,52,11,29,46,54,27,20,10,47,61,50,19,34,17,24,6,37,41,8,4,33,30,55,59,51,12,25,38
959290906057047035289876009161947100757	cd=415	35,49,55,59,37,41,44,13,9,36,45,18,14,28,60,15,48,3,12,51,5,40,50,19,30,33,57,39,43,53,22,26,6,24,46,29,11,52,34,17,58,23,38,25,20,10,16,2,27,54,4,8,21,42,62,31,61,47,32,1,7,56
record	m=9633792	35,49,55,59,41,37,13,44,9,36,18,45,28,14,60,15,48,3,51,12,40,5,19,50,33,30,57,39,53,43,26,22,6,24,29,46,52,11,17,34,23,58,25,38,20,10,2,16,54,27,8,4,42,21,62,31,61,47,32,1,56,7
648365095730117583435037794782741214200	cd=579	11,52,19,50,17,34,26,22,27,54,58,23,5,40,20,10,53,43,38,25,14,28,16,2,8,4,12,51,24,6,31,62,29,46,55,59,3,48,30,33,35,49,60,15,18,45,39,57,13,44,32,1,36,9,42,21,7,56,47,61,41,37
record	m=2293760	52,11,50,19,34,17,26,22,27,54,23,58,40,5,20,10,53,43,25,38,28,14,2,16,4,8,12,51,24,6,31,62,29,46,55,59,3,48,30,33,35,49,60,15,18,45,57,39,13,44,32,1,36,9,21,42,7,56,47,61,41,37
900670788004167292534022858389545668546	cd=443	6,24,22,26,4,8,57,39,51,12,14,28,1,32,54,27,13,44,15,60,41,37,49,35,50,19,29,46,30,33,36,9,20,10,45,18,38,25,53,43,55,59,61,47,58,23,40,5,7,56,2,16,62,31,17,34,48,3,42,21,11,52
record	m=180224	24,6,26,22,4,8,57,39,51,12,28,14,32,1,27,54,44,13,60,15,41,37,35,49,50,19,29,46,33,30,9,36,20,10,45,18,25,38,53,43,55,59,61,47,23,58,5,40,56,7,16,2,31,62,34,17,3,48,21,42,52,11
485306499423755802578425784827923016071	cd=531	26,22,5,40,1,32,3,48,4,8,50,19,37,41,29,46,24,6,42,21,61,47,35,49,44,13,23,58,53,43,10,20,55,59,31,62,11,52,60,15,39,57,33,30,34,17,27,54,9,36,16,2,7,56,45,18,38,25,51,12,14,28
record	m=1835008	26,22,5,40,1,32,3,48,4,8,50,19,41,37,29,46,24,6,21,42,61,47,35,49,13,44,58,23,53,43,20,10,59,55,31,62,52,11,15,60,57,39,33,30,17,34,54,27,9,36,2,16,7,56,18,45,25,38,51,12,28,14
1062007303548830075645602229281297695872	cd=471	24,6,11,52,21,42,43,53,27,54,10,20,45,18,59,55,39,57,60,15,41,37,26,22,29,46,34,17,2,16,32,1,38,25,12,51,5,40,35,49,56,7,33,30,13,44,50,19,9,36,23,58,28,14,4,8,48,3,31,62,47,61
record	m=11927552	24,6,52,11,21,42,43,53,54,27,20,10,18,45,55,59,57,39,60,15,41,37,26,22,29,46,34,17,2,16,32,1,25,38,12,51,40,5,35,49,7,56,33,30,13,44,50,19,9,36,23,58,28,14,4,8,3,48,62,31,61,47
1025466905539402642831918666933496545523	cd=435	18,45,25,38,7,56,29,46,20,10,6,24,42,21,9,36,57,39,49,35,28,14,13,44,31,62,12,51,19,50,47,61,5,40,27,54,22,26,43,53,4,8,2,16,11,52,41,37,3,48,60,15,30,33,34,17,32,1,23,58,55,59
record	m=3670016	18,45,25,38,7,56,29,46,20,10,24,6,21,42,9,36,57,39,35,49,28,14,13,44,31,62,12,51,50,19,61,47,40,5,54,27,22,26,43,53,4,8,2,16,52,11,37,41,3,48,15,60,30,33,17,34,1,32,58,23,59,55
298139290005452705810486603605966885462	cd=499	42,21,14,28,49,35,25,38,60,15,9,36,40,5,31,62,4,8,11,52,57,39,43,53,56,7,45,18,34,17,1,32,41,37,48,3,50,19,44,13,12,51,46,29,6,24,20,10,22,26,54,27,55,59,33,30,58,23,61,47,2,16
record	m=8601600	21,42,28,14,35,49,25,38,60,15,9,36,40,5,31,62,4,8,52,11,57,39,53,43,7,56,18,45,17,34,32,1,41,37,3,48,19,50,13,44,12,51,29,46,6,24,20,10,22,26,54,27,55,59,33,30,23,58,61,47,2,16
160475762342902622134021635221839558943	cd=491	22,26,32,1,24,6,2,16,47,61,41,37,14,28,56,7,27,54,36,9,12,51,17,34,55,59,52,11,46,29,20,10,42,21,38,25,60,15,58,23,30,33,44,13,40,5,19,50,49,35,48,3,53,43,31,62,39,57,18,45,4,8
record	m=20643840	26,22,32,1,24,6,2,16,61,47,41,37,28,14,7,56,54,27,36,9,51,12,17,34,55,59,52,11,29,46,20,10,42,21,25,38,60,15,23,58,30,33,13,44,5,40,50,19,35,49,3,48,53,43,31,62,57,39,45,18,4,8
209878913284013596284306364017302301952	cd=547	48,3,38,25,15,60,58,23,17,34,29,46,22,26,32,1,43,53,50,19,51,12,39,57,28,14,8,4,6,24,52,11,33,30,54,27,42,21,35,49,41,37,7,56,61,47,2,16,62,31,45,18,5,40,59,55,36,9,20,10,44,13
record	m=8257536	3,48,25,38,60,15,23,58,17,34,29,46,26,22,32,1,53,43,50,19,51,12,57,39,14,28,4,8,24,6,52,11,33,30,54,27,21,42,35,49,41,37,7,56,61,47,2,16,31,62,45,18,40,5,55,59,9,36,10,20,13,44
718869545671252504411584760755050527986	cd=419	15,60,56,7,12,51,48,3,46,29,47,61,41,37,52,11,59,55,28,14,34,17,32,1,20,10,38,25,23,58,43,53,40,5,13,44,57,39,19,50,22,26,35,49,31,62,45,18,8,4,54,27,36,9,24,6,30,33,16,2,21,42
record	m=5505024	60,15,7,56,51,12,3,48,29,46,61,47,41,37,52,11,55,59,28,14,34,17,32,1,20,10,25,38,23,58,43,53,5,40,44,13,57,39,50,19,26,22,35,49,31,62,18,45,4,8,27,54,9,36,6,24,30,33,2,16,21,42
770270765583491801961591575800649380921	cd=447	41,37,23,58,46,29,20,10,12,51,35,49,19,50,40,5,34,17,56,7,11,52,2,16,27,54,28,14,47,61,42,21,48,3,4,8,60,15,36,9,53,43,18,45,55,59,30,33,1,32,25,38,22,26,6,24,39,57,62,31,13,44
record	m=7028736	41,37,23,58,29,46,20,10,12,51,35,49,50,19,5,40,17,34,7,56,52,11,2,16,54,27,28,14,61,47,21,42,3,48,4,8,60,15,9,36,53,43,18,45,55,59,30,33,32,1,25,38,26,22,24,6,57,39,31,62,44,13
6310698860748628302568815223457590308	cd=619	24,6,7,56,36,9,61,47,13,44,14,28,40,5,34,17,3,48,10,20,27,54,51,12,25,38,41,37,26,22,59,55,35,49,33,30,19,50,53,43,29,46,2,16,8,4,45,18,62,31,58,23,15,60,42,21,39,57,52,11,32,1
record	m=4718592	24,6,7,56,9,36,61,47,13,44,28,14,40,5,17,34,3,48,20,10,54,27,12,51,25,38,41,37,26,22,59,55,35,49,33,30,50,19,53,43,29,46,2,16,4,8,18,45,31,62,23,58,15,60,21,42,57,39,52,11,32,1
281537434991982388961562361724309447066	cd=559	51,12,46,29,19,50,36,9,48,3,30,33,38,25,7,56,62,31,8,4,18,45,11,52,21,42,32,1,53,43,20,10,26,22,54,27,28,14,58,23,57,39,15,60,40,5,41,37,61,47,6,24,44,13,35,49,55,59,34,17,2,16
record	m=12386304	51,12,29,46,50,19,9,36,3,48,33,30,25,38,7,56,31,62,4,8,18,45,52,11,21,42,32,1,53,43,20,10,26,22,54,27,28,14,23,58,57,39,60,15,5,40,37,41,61,47,6,24,13,44,35,49,55,59,17,34,16,2
849366971915835508234662190958584066101	cd=491	14,28,47,61,39,57,19,50,42,21,25,38,60,15,31,62,1,32,20,10,30,33,2,16,3,48,5,40,9,36,45,18,46,29,23,58,44,13,27,54,51,12,4,8,59,55,6,24,34,17,56,7,26,22,53,43,37,41,11,52,35,49
record	m=2064384	28,14,61,47,57,39,50,19,21,42,25,38,60,15,31,62,32,1,20,10,33,30,2,16,3,48,40,5,9,36,18,45,29,46,23,58,44,13,27,54,51,12,4,8,55,59,24,6,17,34,7,56,26,22,53,43,37,41,11,52,49,35
1086104181730907456577744005687069956121	cd=371	35,49,24,6,3,48,57,39,9,36,2,16,34,17,46,29,14,28,54,27,43,53,59,55,11,52,45,18,5,40,38,25,47,61,60,15,33,30,42,21,4,8,12,51,37,41,1,32,58,23,10,20,50,19,22,26,56,7,13,44,31,62
record	m=7028736	35,49,24,6,3,48,57,39,9,36,2,16,17,34,29,46,28,14,54,27,53,43,55,59,52,11,18,45,40,5,25,38,61,47,60,15,33,30,21,42,4,8,12,51,41,37,32,1,23,58,20,10,50,19,26,22,7,56,44,13,31,62
125430024143061655853481312399031042720	cd=579	43,53,9,36,12,51,2,16,20,10,19,50,18,45,48,3,26,22,37,41,58,23,62,31,8,4,24,6,46,29,34,17,28,14,32,1,27,54,42,21,52,11,25,38,55,59,15,60,33,30,61,47,35,49,40,5,39,57,13,44,56,7
record	m=2027520	53,43,9,36,51,12,2,16,20,10,50,19,18,45,3,48,26,22,41,37,23,58,31,62,4,8,6,24,29,46,34,17,28,14,32,1,27,54,21,42,52,11,25,38,55,59,60,15,33,30,61,47,35,49,40,5,39,57,13,44,56,7
19089410375036118718011461960504557017	cd=667	2,16,5,40,35,49,44,13,37,41,62,31,10,20,56,7,46,29,48,3,38,25,60,15,27,54,21,42,8,4,11,52,22,26,28,14,61,47,53,43,33,30,9,36,50,19,23,58,55,59,18,45,12,51,17,34,24,6,57,39,32,1
record	m=44040192	2,16,40,5,35,49,13,44,41,37,31,62,20,10,7,56,29,46,3,48,25,38,60,15,54,27,21,42,4,8,52,11,26,22,28,14,47,61,53,43,33,30,9,36,50,19,58,23,59,55,18,45,12,51,17,34,6,24,39,57,32,1
660500305744292148601961255966837761370	cd=423	42,21,32,1,26,22,8,4,29,46,43,53,10,20,9,36,14,28,52,11,51,12,24,6,31,62,45,18,39,57,55,59,27,54,40,5,15,60,37,41,48,3,47,61,17,34,2,16,23,58,30,33,7,56,44,13,35,49,50,19,25,38
record	m=16220160	21,42,32,1,26,22,4,8,29,46,53,43,20,10,9,36,28,14,52,11,51,12,24,6,31,62,18,45,57,39,55,59,54,27,40,5,60,15,41,37,3,48,61,47,34,17,16,2,23,58,33,30,7,56,44,13,35,49,50,19,25,38
552495432631504283790902159016920361335	cd=375	34,17,59,55,37,41,4,8,3,48,24,6,10,20,25,38,39,57,28,14,15,60,33,30,61,47,35,49,54,27,50,19,22,26,51,12,53,43,13,44,29,46,18,45,42,21,36,9,58,23,40,5,2,16,31,62,7,56,52,11,1,32
record	m=24772608	17,34,55,59,41,37,4,8,3,48,24,6,20,10,25,38,39,57,28,14,60,15,33,30,61,47,35,49,54,27,50,19,26,22,51,12,53,43,13,44,46,29,18,45,21,42,9,36,23,58,5,40,2,16,31,62,7,56,52,11,32,1
424073023283477463685986685643044896093	cd=507	10,20,32,1,23,58,49,35,44,13,46,29,31,62,55,59,9,36,27,54,14,28,21,42,56,7,45,18,51,12,48,3,50,19,53,43,37,41,4,8,2,16,30,33,34,17,11,52,5,40,24,6,60,15,57,39,47,61,22,26,38,25
record	m=20643840	20,10,32,1,23,58,35,49,13,44,29,46,31,62,55,59,9,36,27,54,28,14,21,42,7,56,18,45,51,12,3,48,50,19,53,43,41,37,4,8,2,16,33,30,17,34,52,11,40,5,6,24,60,15,39,57,47,61,26,22,38,25
78386755129924072454049435101453022656	cd=423	20,10,16,2,48,3,49,35,5,40,13,44,52,11,9,36,47,61,14,28,50,19,6,24,39,57,54,27,18,45,30,33,23,58,26,22,46,29,62,31,25,38,37,41,34,17,53,43,60,15,55,59,56,7,51,12,1,32,42,21,8,4
record	m=10321920	20,10,2,16,3,48,35,49,40,5,44,13,52,11,9,36,61,47,28,14,50,19,24,6,57,39,54,27,18,45,33,30,23,58,22,26,29,46,31,62,25,38,41,37,17,34,53,43,60,15,55,59,56,7,51,12,32,1,21,42,8,4
1020934335350111517194703972700087630807	cd=527	13,44,6,24,15,60,22,26,37,41,10,20,51,12,42,21,35,49,18,45,32,1,38,25,11,52,4,8,14,28,62,31,17,34,50,19,56,7,23,58,40,5,61,47,29,46,57,39,54,27,43,53,16,2,36,9,30,33,3,48,55,59
record	m=7569408	13,44,24,6,60,15,26,22,41,37,20,10,51,12,21,42,35,49,18,45,32,1,25,38,52,11,4,8,28,14,31,62,34,17,50,19,7,56,58,23,5,40,61,47,46,29,39,57,54,27,53,43,2,16,9,36,33,30,3,48,55,59
102226371285424390723312915816361034707	cd=475	3,48,8,4,30,33,46,29,6,24,21,42,54,27,1,32,58,23,18,45,15,60,52,11,50,19,38,25,57,39,41,37,44,13,53,43,17,34,20,10,9,36,22,26,40,5,31,62,59,55,35,49,14,28,61,47,12,51,16,2,56,7
record	m=663552	3,48,4,8,33,30,29,46,24,6,21,42,54,27,1,32,58,23,18,45,60,15,11,52,50,19,38,25,57,39,41,37,13,44,53,43,17,34,20,10,36,9,26,22,5,40,62,31,55,59,35,49,14,28,47,61,51,12,2,16,7,56
907081803169850370465537145052702666566	cd=455	37,41,26,22,58,23,29,46,28,14,9,36,60,15,51,12,61,47,35,49,50,19,42,21,13,44,62,31,32,1,55,59,39,57,17,34,4,8,24,6,3,48,38,25,53,43,18,45,7,56,20,10,2,16,40,5,27,54,33,30,11,52
record	m=54067200	41,37,26,22,23,58,29,46,28,14,9,36,60,15,51,12,61,47,35,49,50,19,21,42,13,44,31,62,32,1,55,59,57,39,34,17,4,8,6,24,48,3,25,38,53,43,45,18,7,56,20,10,16,2,40,5,54,27,30,33,52,11
180496686427287169508566582165075727166	cd=423	43,53,1,32,6,24,16,2,38,25,3,48,59,55,60,15,20,10,17,34,36,9,49,35,57,39,18,45,27,54,7,56,28,14,29,46,51,12,30,33,50,19,44,13,47,61,62,31,5,40,4,8,37,41,58,23,21,42,26,22,52,11
record	m=6881280	53,43,32,1,24,6,2,16,25,38,3,48,55,59,60,15,20,10,17,34,9,36,35,49,39,57,18,45,54,27,7,56,28,14,29,46,51,12,30,33,50,19,44,13,61,47,31,62,40,5,8,4,37,41,58,23,21,42,26,22,52,11
404040691714729945148127550581782938093	cd=523	23,58,42,21,55,59,25,38,37,41,31,62,57,39,13,44,20,10,50,19,15,60,56,7,11,52,33,30,18,45,32,1,48,3,8,4,14,28,35,49,61,47,40,5,51,12,34,17,29,46,53,43,24,6,9,36,16,2,27,54,26,22
record	m=5308416	23,58,42,21,55,59,25,38,41,37,31,62,57,39,13,44,20,10,50,19,15,60,56,7,52,11,33,30,18,45,32,1,48,3,4,8,28,14,35,49,61,47,40,5,12,51,17,34,29,46,53,43,24,6,36,9,2,16,54,27,22,26
268401626002907312861957992543893523395	cd=531	45,18,54,27,49,35,53,43,61,47,21,42,57,39,32,1,62,31,2,16,4,8,56,7,36,9,48,3,34,17,25,38,5,40,58,23,11,52,33,30,60,15,44,13,12,51,6,24,20,10,22,26,50,19,37,41,29,46,59,55,28,14
record	m=5242880	18,45,54,27,35,49,43,53,47,61,21,42,57,39,32,1,31,62,2,16,4,8,7,56,9,36,48,3,17,34,38,25,40,5,58,23,52,11,33,30,60,15,44,13,12,51,24,6,20,10,22,26,50,19,41,37,29,46,55,59,28,14
143322875083176562793179973510798498079	cd=391	37,41,5,40,46,29,7,56,52,11,30,33,43,53,28,14,18,45,49,35,9,36,17,34,47,61,1,32,21,42,26,22,19,50,13,44,31,62,23,58,2,16,24,6,54,27,20,10,51,12,39,57,59,55,38,25,3,48,60,15,4,8
record	m=19464192	41,37,40,5,29,46,7,56,52,11,33,30,53,43,14,28,18,45,35,49,9,36,17,34,47,61,32,1,21,42,26,22,50,19,13,44,31,62,23,58,2,16,24,6,54,27,20,10,12,51,57,39,55,59,38,25,3,48,15,60,4,8
717446744818218397867043098324247190125	cd=499	58,23,47,61,51,12,28,14,3,48,38,25,22,26,11,52,16,2,19,50,13,44,43,53,60,15,24,6,54,27,33,30,45,18,42,21,49,35,34,17,29,46,5,40,1,32,39,57,8,4,9,36,55,59,10,20,56,7,31,62,37,41
record	m=2433024	23,58,61,47,51,12,28,14,3,48,25,38,26,22,52,11,2,16,50,19,13,44,53,43,60,15,24,6,54,27,33,30,18,45,21,42,35,49,17,34,29,46,40,5,32,1,57,39,4,8,36,9,59,55,20,10,7,56,62,31,41,37
900018418549951690960952291008577738416	cd=567	33,30,39,57,44,13,38,25,32,1,62,31,37,41,14,28,59,55,29,46,2,16,27,54,35,49,53,43,15,60,58,23,24,6,34,17,8,4,9,36,22,26,56,7,18,45,5,40,42,21,51,12,61,47,10,20,48,3,50,19,11,52
record	m=2949120	33,30,57,39,13,44,25,38,32,1,62,31,41,37,28,14,55,59,29,46,2,16,54,27,35,49,53,43,60,15,23,58,24,6,17,34,4,8,36,9,26,22,7,56,18,45,40,5,21,42,51,12,61,47,10,20,48,3,50,19,11,52
138403503297269857377312402637678687024	cd=631	53,43,5,40,59,55,20,10,27,54,14,28,32,1,13,44,19,50,2,16,37,41,48,3,21,42,26,22,56,7,45,18,57,39,36,9,33,30,52,11,29,46,31,62,60,15,25,38,49,35,23,58,51,12,61,47,34,17,24,6,4,8
record	m=8110080	53,43,40,5,55,59,10,20,54,27,28,14,32,1,13,44,19,50,2,16,41,37,3,48,21,42,26,22,7,56,18,45,57,39,9,36,33,30,52,11,29,46,31,62,60,15,25,38,49,35,23,58,12,51,61,47,34,17,6,24,8,4
815250510706017723466493429443830899967	cd=531	22,26,19,50,53,43,9,36,27,54,5,40,16,2,21,42,41,37,31,62,59,55,35,49,48,3,14,28,58,23,11,52,17,34,32,1,38,25,20,10,60,15,18,45,39,57,29,46,56,7,8,4,30,33,13,44,6,24,12,51,61,47
record	m=36700160	26,22,50,19,53,43,9,36,27,54,40,5,2,16,21,42,41,37,31,62,55,59,35,49,48,3,14,28,23,58,52,11,17,34,32,1,25,38,20,10,60,15,18,45,57,39,29,46,7,56,4,8,33,30,13,44,24,6,51,12,61,47
1062893148241010443953401372924662490180	cd=571	20,10,41,37,57,39,46,29,14,28,21,42,61,47,8,4,59,55,30,33,3,48,19,50,27,54,24,6,17,34,52,11,7,56,9,36,40,5,2,16,12,51,35,49,26,22,15,60,53,43,18,45,44,13,23,58,25,38,32,1,31,62
record	m=688128	20,10,41,37,57,39,29,46,28,14,21,42,61,47,4,8,55,59,30,33,3,48,19,50,27,54,6,24,17,34,52,11,7,56,9,36,40,5,2,16,12,51,35,49,26,22,60,15,43,53,18,45,13,44,58,23,25,38,32,1,31,62
50016534302492552722593503910695566490	cd=463	44,13,60,15,41,37,4,8,56,7,26,22,28,14,45,18,34,17,23,58,57,39,24,6,29,46,55,59,53,43,9,36,49,35,42,21,11,52,25,38,20,10,1,32,5,40,54,27,50,19,3,48,12,51,61,47,33,30,62,31,16,2
record	m=16220160	13,44,60,15,41,37,4,8,7,56,26,22,28,14,18,45,17,34,23,58,57,39,24,6,29,46,55,59,53,43,9,36,35,49,21,42,52,11,25,38,20,10,32,1,40,5,54,27,50,19,48,3,51,12,61,47,33,30,31,62,2,16
307202744705221135986747496541580663085	cd=467	39,57,13,44,49,35,10,20,28,14,3,48,15,60,41,37,55,59,56,7,53,43,5,40,6,24,33,30,46,29,62,31,8,4,45,18,58,23,47,61,25,38,32,1,51,12,11,52,26,22,27,54,42,21,17,34,36,9,16,2,50,19
record	m=8257536	57,39,13,44,35,49,20,10,28,14,3,48,15,60,41,37,55,59,7,56,53,43,40,5,24,6,33,30,29,46,31,62,4,8,18,45,23,58,61,47,38,25,1,32,51,12,52,11,26,22,54,27,21,42,34,17,9,36,2,16,50,19
917592548156058174462985044867489786766	cd=531	1,32,12,51,43,53,21,42,6,24,50,19,16,2,14,28,27,54,33,30,38,25,5,40,13,44,10,20,48,3,9,36,57,39,4,8,18,45,58,23,26,22,41,37,62,31,60,15,29,46,34,17,59,55,56,7,49,35,61,47,11,52
record	m=7569408	32,1,51,12,53,43,42,21,24,6,50,19,2,16,28,14,54,27,33,30,25,38,40,5,44,13,20,10,3,48,9,36,57,39,4,8,18,45,23,58,22,26,41,37,31,62,15,60,29,46,17,34,55,59,56,7,35,49,61,47,11,52
190977385496802285793620828418863857676	cd=483	7,56,48,3,37,41,22,26,46,29,27,54,32,1,24,6,30,33,59,55,60,15,5,40,25,38,28,14,19,50,4,8,47,61,49,35,62,31,58,23,34,17,20,10,44,13,36,9,12,51,53,43,45,18,2,16,42,21,57,39,52,11
record	m=4194304	7,56,48,3,41,37,26,22,29,46,54,27,1,32,24,6,33,30,55,59,60,15,40,5,25,38,28,14,50,19,4,8,61,47,35,49,31,62,23,58,34,17,20,10,13,44,9,36,12,51,53,43,45,18,2,16,21,42,57,39,52,11
661006087326158094494348295415159270401	cd=443	37,41,17,34,12,51,18,45,40,5,9,36,42,21,54,27,11,52,28,14,35,49,2,16,47,61,24,6,19,50,1,32,39,57,15,60,26,22,4,8,43,53,48,3,59,55,56,7,46,29,44,13,31,62,58,23,33,30,10,20,25,38
record	m=15597568	41,37,17,34,51,12,18,45,40,5,9,36,21,42,54,27,11,52,28,14,35,49,2,16,47,61,24,6,50,19,32,1,57,39,60,15,26,22,4,8,43,53,3,48,55,59,56,7,29,46,13,44,62,31,23,58,33,30,20,10,25,38
436598900130951884326016773376330105109	cd=555	41,37,44,13,39,57,1,32,10,20,43,53,21,42,28,14,59,55,7,56,22,26,29,46,51,12,16,2,9,36,47,61,4,8,49,35,15,60,31,62,40,5,45,18,34,17,52,11,6,24,30,33,58,23,27,54,48,3,19,50,38,25
record	m=13631488	41,37,13,44,57,39,32,1,20,10,53,43,42,21,28,14,55,59,7,56,26,22,29,46,51,12,2,16,9,36,61,47,4,8,35,49,60,15,31,62,40,5,45,18,17,34,52,11,24,6,33,30,23,58,54,27,3,48,19,50,25,38
746926150065750762650177003639157724057	cd=391	51,12,57,39,35,49,34,17,20,10,38,25,22,26,7,56,36,9,40,5,54,27,29,46,41,37,23,58,47,61,33,30,2,16,13,44,6,24,32,1,48,3,15,60,50,19,18,45,53,43,31,62,28,14,8,4,59,55,11,52,21,42
record	m=11010048	51,12,57,39,35,49,34,17,20,10,25,38,26,22,7,56,9,36,40,5,54,27,29,46,41,37,23,58,61,47,33,30,2,16,13,44,24,6,32,1,48,3,60,15,19,50,18,45,53,43,31,62,28,14,4,8,59,55,52,11,21,42
1094252636125840649702762639486054398421	cd=443	13,44,19,50,56,7,33,30,59,55,21,42,58,23,34,17,3,48,9,36,8,4,52,11,6,24,10,20,53,43,2,16,41,37,25,38,61,47,54,27,45,18,49,35,46,29,26,22,32,1,15,60,28,14,40,5,12,51,39,57,31,62
record	m=6881280	13,44,50,19,7,56,33,30,55,59,21,42,58,23,17,34,3,48,9,36,4,8,52,11,24,6,20,10,53,43,2,16,41,37,25,38,47,61,54,27,18,45,35,49,29,46,26,22,32,1,15,60,14,28,40,5,12,51,57,39,31,62
17974092129064454557346609706817748040	cd=475	40,5,3,48,52,11,34,17,22,26,15,60,4,8,21,42,10,20,55,59,19,50,56,7,53,43,54,27,6,24,30,33,57,39,31,62,12,51,61,47,36,9,44,13,16,2,23,58,29,46,45,18,25,38,49,35,28,14,41,37,32,1
record	m=14680064	40,5,3,48,52,11,17,34,26,22,60,15,4,8,21,42,10,20,55,59,50,19,7,56,53,43,54,27,24,6,33,30,57,39,31,62,51,12,61,47,9,36,13,44,2,16,23,58,29,46,45,18,25,38,35,49,14,28,41,37,32,1
696804597837449805584693321507824124334	cd=599	26,22,6,24,61,47,16,2,59,55,17,34,9,36,48,3,21,42,38,25,43,53,62,31,18,45,10,20,29,46,35,49,52,11,50,19,4,8,15,60,54,27,30,33,7,56,40,5,14,28,44,13,1,32,51,12,57,39,58,23,37,41
record	m=6488064	26,22,6,24,61,47,16,2,55,59,17,34,9,36,3,48,21,42,25,38,53,43,31,62,18,45,20,10,29,46,35,49,52,11,19,50,4,8,60,15,27,54,30,33,7,56,40,5,28,14,13,44,32,1,12,51,57,39,23,58,41,37
287876975616380276678761234089896433503	cd=423	44,13,5,40,38,25,43,53,34,17,26,22,19,50,20,10,60,15,23,58,11,52,7,56,8,4,6,24,39,57,30,33,21,42,36,9,3,48,18,45,59,55,62,31,35,49,29,46,54,27,47,61,12,51,37,41,1,32,14,28,2,16
record	m=33030144	13,44,40,5,25,38,53,43,17,34,26,22,50,19,20,10,60,15,23,58,52,11,7,56,4,8,24,6,57,39,33,30,21,42,9,36,3,48,18,45,55,59,31,62,35,49,29,46,54,27,61,47,51,12,41,37,32,1,28,14,16,2
18400546948507465578093425419885368948	cd=523	34,17,4,8,14,28,36,9,54,27,53,43,29,46,7,56,26,22,31,62,48,3,11,52,42,21,30,33,24,6,19,50,57,39,10,20,15,60,13,44,58,23,49,35,51,12,2,16,25,38,47,61,5,40,18,45,55,59,41,37,32,1
record	m=6881280	17,34,4,8,28,14,9,36,27,54,53,43,29,46,7,56,26,22,31,62,48,3,11,52,21,42,33,30,24,6,50,19,57,39,20,10,60,15,44,13,23,58,35,49,51,12,2,16,38,25,47,61,40,5,18,45,55,59,37,41,32,1
869556996344348816638813304582043482086	cd=471	13,44,38,25,11,52,29,46,53,43,23,58,47,61,16,2,48,3,51,12,7,56,45,18,21,42,14,28,6,24,34,17,54,27,36,9,35,49,57,39,20,10,1,32,4,8,31,62,40,5,15,60,41,37,55,59,33,30,22,26,19,50
record	m=22708224	13,44,25,38,52,11,29,46,53,43,23,58,61,47,2,16,3,48,51,12,7,56,18,45,21,42,28,14,24,6,34,17,27,54,9,36,35,49,57,39,20,10,32,1,4,8,31,62,40,5,15,60,41,37,55,59,33,30,26,22,50,19
819904601416968655940090464772613146447	cd=483	4,8,60,15,48,3,23,58,27,54,21,42,32,1,52,11,35,49,43,53,40,5,14,28,46,29,41,37,51,12,36,9,24,6,45,18,22,26,25,38,56,7,44,13,30,33,50,19,39,57,31,62,34,17,10,20,2,16,55,59,61,47
record	m=7569408	4,8,60,15,48,3,23,58,54,27,21,42,32,1,52,11,35,49,43,53,40,5,28,14,29,46,41,37,51,12,9,36,24,6,45,18,26,22,25,38,7,56,13,44,33,30,50,19,57,39,31,62,34,17,20,10,16,2,55,59,61,47
704931400892145109701857472908491453341	cd=487	12,51,30,33,20,10,53,43,2,16,25,38,15,60,34,17,59,55,7,56,52,11,26,22,39,57,29,46,42,21,14,28,18,45,24,6,58,23,31,62,61,47,27,54,44,13,4,8,35,49,36,9,32,1,48,3,50,19,5,40,37,41
record	m=1146880	51,12,33,30,20,10,53,43,2,16,25,38,60,15,17,34,55,59,7,56,52,11,26,22,39,57,29,46,42,21,28,14,18,45,24,6,58,23,31,62,61,47,54,27,13,44,4,8,35,49,9,36,1,32,3,48,19,50,40,5,41,37
978452703073860345186775567285528900229	cd=455	12,51,60,15,28,14,5,40,27,54,49,35,3,48,39,57,20,10,47,61,31,62,44,13,22,26,1,32,16,2,9,36,21,42,11,52,41,37,17,34,29,46,8,4,45,18,23,58,24,6,38,25,53,43,50,19,59,55,30,33,7,56
record	m=31457280	51,12,60,15,28,14,40,5,54,27,35,49,48,3,57,39,20,10,47,61,31,62,13,44,26,22,32,1,2,16,9,36,21,42,11,52,37,41,17,34,29,46,4,8,45,18,23,58,24,6,38,25,53,43,50,19,55,59,33,30,7,56
65029721393857459065225381581940707710	cd=527	29,46,12,51,11,52,37,41,22,26,10,20,25,38,36,9,39,57,13,44,56,7,35,49,27,54,40,5,31,62,6,24,15,60,53,43,61,47,55,59,34,17,30,33,3,48,21,42,1,32,4,8,45,18,14,28,19,50,23,58,16,2
record	m=22020096	29,46,51,12,52,11,41,37,26,22,20,10,25,38,36,9,57,39,13,44,7,56,35,49,54,27,40,5,31,62,24,6,15,60,53,43,61,47,55,59,17,34,33,30,3,48,21,42,32,1,4,8,18,45,28,14,50,19,58,23,2,16
193197769632346123098951315469402453998	cd=539	53,43,8,4,2,16,19,50,36,9,12,51,32,1,35,49,54,27,6,24,39,57,17,34,55,59,37,41,14,28,40,5,3,48,23,58,61,47,29,46,38,25,10,20,7,56,22,26,18,45,62,31,13,44,15,60,30,33,21,42,52,11
record	m=4128768	53,43,8,4,2,16,50,19,9,36,51,12,32,1,35,49,54,27,24,6,57,39,17,34,55,59,41,37,28,14,40,5,3,48,23,58,61,47,29,46,38,25,20,10,7,56,26,22,18,45,31,62,13,44,15,60,33,30,21,42,11,52
24870316301498854249390046815901409192	cd=423	52,11,59,55,38,25,7,56,8,4,17,34,47,61,41,37,16,2,27,54,33,30,62,31,5,40,23,58,19,50,24,6,51,12,9,36,42,21,13,44,15,60,43,53,45,18,39,57,28,14,29,46,10,20,26,22,35,49,3,48,32,1
record	m=1032192	52,11,55,59,25,38,7,56,4,8,17,34,47,61,41,37,2,16,54,27,33,30,31,62,40,5,58,23,50,19,24,6,51,12,9,36,21,42,44,13,60,15,43,53,18,45,57,39,14,28,29,46,10,20,26,22,35,49,3,48,1,32
715110825769373505941122954337464321782	cd=471	33,30,51,12,40,5,53,43,42,21,54,27,16,2,35,49,14,28,22,26,19,50,10,20,46,29,3,48,55,59,18,45,7,56,34,17,36,9,61,47,8,4,23,58,11,52,25,38,44,13,15,60,24,6,62,31,1,32,39,57,37,41
record	m=29360128	33,30,51,12,40,5,53,43,42,21,54,27,2,16,35,49,28,14,26,22,50,19,20,10,29,46,3,48,55,59,18,45,7,56,17,34,9,36,61,47,4,8,58,23,52,11,25,38,44,13,60,15,6,24,31,62,1,32,57,39,37,41
810068302942878958591029701812853948341	cd=615	44,13,50,19,53,43,32,1,59,55,22,26,15,60,14,28,6,24,16,2,36,9,25,38,5,40,45,18,39,57,42,21,35,49,11,52,4,8,3,48,20,10,62,31,51,12,54,27,17,34,58,23,46,29,30,33,7,56,37,41,61,47
record	m=45416448	13,44,19,50,53,43,32,1,55,59,26,22,60,15,28,14,24,6,2,16,9,36,38,25,40,5,18,45,57,39,21,42,35,49,52,11,4,8,3,48,20,10,31,62,51,12,54,27,17,34,23,58,29,46,33,30,7,56,41,37,61,47
961487030130269573992880500093218223037	cd=391	27,54,42,21,48,3,10,20,17,34,41,37,6,24,15,60,4,8,52,11,39,57,46,29,26,22,2,16,12,51,9,36,33,30,25,38,32,1,19,50,13,44,61,47,28,14,43,53,49,35,62,31,45,18,55,59,23,58,40,5,7,56
record	m=15138816	54,27,21,42,3,48,20,10,17,34,41,37,6,24,60,15,4,8,52,11,57,39,29,46,26,22,2,16,51,12,9,36,33,30,25,38,32,1,50,19,13,44,61,47,14,28,53,43,35,49,31,62,18,45,55,59,23,58,5,40,56,7
506979579339871016629137804656608087695	cd=535	46,29,23,58,10,20,43,53,16,2,36,9,48,3,51,12,31,62,56,7,30,33,54,27,35,49,39,57,60,15,37,41,1,32,52,11,21,42,25,38,40,5,8,4,6,24,61,47,26,22,34,17,13,44,45,18,55,59,19,50,14,28
record	m=5160960	29,46,23,58,20,10,53,43,2,16,9,36,3,48,51,12,31,62,7,56,33,30,54,27,35,49,57,39,15,60,41,37,32,1,11,52,21,42,38,25,40,5,8,4,24,6,47,61,26,22,17,34,44,13,45,18,55,59,50,19,28,14
614367069936734298287840357424014154609	cd=395	28,14,60,15,12,51,43,53,30,33,54,27,20,10,24,6,19,50,39,57,42,21,11,52,18,45,56,7,13,44,36,9,29,46,55,59,26,22,34,17,3,48,32,1,37,41,58,23,25,38,8,4,40,5,61,47,16,2,31,62,49,35
record	m=40894464	28,14,60,15,51,12,53,43,33,30,54,27,20,10,24,6,50,19,57,39,21,42,52,11,18,45,7,56,13,44,9,36,46,29,55,59,26,22,17,34,3,48,32,1,41,37,23,58,25,38,4,8,40,5,61,47,16,2,31,62,35,49
698202689052404390932676295520995854471	cd=583	57,39,9,36,28,14,44,13,1,32,43,53,48,3,15,60,38,25,47,61,30,33,29,46,58,23,50,19,18,45,17,34,7,56,31,62,20,10,4,8,40,5,51,12,11,52,6,24,2,16,49,35,54,27,55,59,42,21,22,26,37,41
record	m=16220160	57,39,9,36,28,14,13,44,32,1,53,43,3,48,60,15,25,38,61,47,33,30,29,46,23,58,50,19,18,45,17,34,7,56,31,62,20,10,4,8,5,40,51,12,52,11,24,6,16,2,35,49,54,27,55,59,42,21,22,26,37,41
500915124077033374121337468218126628466	cd=443	54,27,50,19,53,43,42,21,47,61,56,7,1,32,24,6,20,10,5,40,49,35,13,44,57,39,15,60,23,58,33,30,18,45,12,51,2,16,36,9,25,38,62,31,3,48,59,55,17,34,4,8,11,52,29,46,22,26,37,41,14,28
record	m=10813440	54,27,50,19,53,43,42,21,61,47,7,56,32,1,24,6,20,10,40,5,35,49,13,44,57,39,60,15,23,58,33,30,18,45,51,12,2,16,9,36,38,25,31,62,48,3,55,59,17,34,4,8,52,11,29,46,26,22,41,37,28,14
90882695798860897489842340349649240594	cd=543	26,22,6,24,15,60,57,39,32,1,2,16,59,55,48,3,35,49,7,56,25,38,43,53,27,54,45,18,29,46,40,5,58,23,34,17,11,52,61,47,37,41,42,21,12,51,31,62,36,9,28,14,20,10,19,50,33,30,13,44,8,4
record	m=41287680	26,22,24,6,60,15,57,39,32,1,2,16,55,59,3,48,49,35,7,56,25,38,53,43,54,27,18,45,29,46,40,5,58,23,34,17,52,11,61,47,41,37,42,21,51,12,31,62,36,9,28,14,10,20,50,19,33,30,13,44,4,8
130636876428280464309461859644826364826	cd=415	33,30,21,42,14,28,53,43,27,54,59,55,8,4,31,62,45,18,22,26,15,60,10,20,49,35,23,58,29,46,3,48,40,5,39,57,37,41,34,17,50,19,2,16,38,25,12,51,24,6,32,1,9,36,47,61,13,44,11,52,56,7
record	m=7569408	33,30,21,42,28,14,43,53,54,27,55,59,4,8,31,62,45,18,26,22,60,15,20,10,35,49,23,58,29,46,3,48,40,5,57,39,41,37,17,34,50,19,2,16,25,38,51,12,24,6,32,1,36,9,61,47,13,44,52,11,56,7
172117798360810455456436622144312580302	cd=535	48,3,30,33,50,19,10,20,54,27,8,4,25,38,47,61,56,7,12,51,36,9,49,35,37,41,31,62,26,22,14,28,42,21,45,18,32,1,23,58,16,2,17,34,53,43,59,55,29,46,15,60,6,24,39,57,13,44,40,5,52,11
record	m=16515072	3,48,33,30,50,19,20,10,54,27,8,4,25,38,61,47,7,56,51,12,9,36,35,49,41,37,31,62,26,22,28,14,21,42,18,45,32,1,23,58,2,16,17,34,53,43,55,59,29,46,60,15,24,6,57,39,13,44,40,5,52,11
362540970839541024782674577952301597130	cd=443	54,27,36,9,51,12,18,45,56,7,14,28,16,2,17,34,43,53,20,10,32,1,23,58,24,6,8,4,25,38,15,60,59,55,29,46,13,44,26,22,19,50,3,48,41,37,47,61,31,62,57,39,35,49,11,52,33,30,5,40,42,21
record	m=10321920	54,27,9,36,51,12,18,45,7,56,28,14,2,16,17,34,53,43,20,10,32,1,23,58,24,6,8,4,25,38,60,15,55,59,29,46,13,44,26,22,50,19,48,3,41,37,61,47,31,62,57,39,49,35,52,11,30,33,40,5,21,42
1002634513162215522272457211735269299688	cd=619	58,23,62,31,2,16,27,54,21,42,47,61,43,53,57,39,52,11,4,8,50,19,29,46,10,20,7,56,44,13,28,14,49,35,22,26,51,12,3,48,36,9,41,37,33,30,38,25,18,45,32,1,15,60,40,5,6,24,34,17,55,59
record	m=8257536	23,58,31,62,2,16,54,27,21,42,61,47,53,43,57,39,52,11,4,8,50,19,29,46,20,10,7,56,44,13,28,14,49,35,26,22,12,51,3,48,36,9,41,37,33,30,25,38,18,45,32,1,15,60,40,5,6,24,17,34,55,59
480136631071285356168387134597013847208	cd=571	34,17,26,22,62,31,47,61,23,58,24,6,32,1,12,51,15,60,21,42,54,27,11,52,45,18,30,33,55,59,37,41,16,2,35,49,8,4,40,5,9,36,43,53,10,20,39,57,19,50,44,13,7,56,46,29,25,38,48,3,14,28
record	m=18350080	17,34,26,22,31,62,61,47,23,58,24,6,32,1,51,12,60,15,21,42,54,27,11,52,18,45,33,30,55,59,41,37,2,16,35,49,4,8,5,40,9,36,43,53,10,20,57,39,50,19,13,44,7,56,29,46,38,25,3,48,28,14
138761392980088513847430792544824155871	cd=447	57,39,17,34,37,41,11,52,29,46,14,28,21,42,54,27,36,9,19,50,2,16,49,35,61,47,3,48,5,40,20,10,32,1,18,45,31,62,60,15,24,6,30,33,38,25,51,12,26,22,55,59,23,58,43,53,44,13,56,7,4,8
record	m=21086208	57,39,17,34,41,37,52,11,29,46,28,14,21,42,54,27,36,9,19,50,2,16,35,49,61,47,3,48,40,5,20,10,32,1,18,45,31,62,60,15,24,6,33,30,25,38,51,12,26,22,55,59,58,23,53,43,13,44,7,56,8,4
861170019754872383912824160375615887129	cd=551	13,44,55,59,22,26,16,2,5,40,25,38,56,7,45,18,54,27,36,9,32,1,57,39,21,42,24,6,31,62,34,17,51,12,29,46,4,8,49,35,61,47,15,60,43,53,48,3,33,30,14,28,41,37,52,11,58,23,20,10,19,50
record	m=25690112	13,44,55,59,26,22,2,16,40,5,25,38,7,56,18,45,54,27,36,9,32,1,57,39,21,42,24,6,31,62,34,17,51,12,29,46,4,8,35,49,61,47,15,60,53,43,48,3,33,30,28,14,41,37,11,52,23,58,20,10,50,19
25392490391583795115586371112131460868	cd=403	33,30,34,17,13,44,38,25,11,52,5,40,28,14,58,23,60,15,24,6,19,50,27,54,36,9,29,46,20,10,59,55,39,57,21,42,12,51,43,53,62,31,18,45,4,8,56,7,61,47,26,22,41,37,16,2,3,48,35,49,32,1
record	m=20643840	33,30,17,34,44,13,25,38,52,11,40,5,28,14,23,58,60,15,24,6,50,19,54,27,9,36,29,46,20,10,59,55,57,39,21,42,51,12,53,43,31,62,18,45,4,8,56,7,47,61,26,22,41,37,2,16,48,3,35,49,32,1
538416264317060261209917525950372416500	cd=531	46,29,8,4,37,41,15,60,49,35,48,3,21,42,58,23,6,24,14,28,13,44,16,2,40,5,25,38,45,18,7,56,55,59,27,54,9,36,57,39,51,12,10,20,53,43,1,32,22,26,11,52,17,34,30,33,50,19,61,47,62,31
record	m=20447232	29,46,4,8,41,37,60,15,35,49,3,48,21,42,58,23,24,6,28,14,13,44,2,16,40,5,25,38,18,45,7,56,55,59,27,54,9,36,57,39,51,12,20,10,43,53,32,1,26,22,52,11,17,34,33,30,50,19,61,47,31,62
44387904000772520767646303616123711087	cd=475	39,57,8,4,29,46,5,40,30,33,36,9,54,27,62,31,42,21,1,32,58,23,12,51,19,50,24,6,47,61,11,52,35,49,56,7,37,41,45,18,59,55,15,60,48,3,13,44,53,43,14,28,17,34,10,20,38,25,26,22,16,2
record	m=516096	57,39,4,8,29,46,40,5,33,30,9,36,54,27,62,31,21,42,32,1,23,58,12,51,50,19,24,6,47,61,52,11,35,49,7,56,37,41,45,18,55,59,60,15,48,3,13,44,53,43,14,28,17,34,20,10,25,38,26,22,2,16
270508164569949625663974730191223554505	cd=567	4,8,22,26,60,15,48,3,9,36,38,25,47,61,30,33,45,18,40,5,16,2,51,12,20,10,24,6,62,31,21,42,13,44,37,41,7,56,29,46,59,55,11,52,32,1,53,43,49,35,54,27,39,57,17,34,19,50,23,58,28,14
record	m=14057472	4,8,26,22,60,15,48,3,9,36,38,25,61,47,33,30,18,45,40,5,2,16,51,12,20,10,24,6,31,62,21,42,13,44,41,37,56,7,29,46,55,59,52,11,32,1,53,43,49,35,54,27,39,57,34,17,50,19,58,23,28,14
823868480011775519202629693500360120594	cd=655	15,60,8,4,10,20,23,58,54,27,56,7,19,50,6,24,57,39,22,26,46,29,34,17,11,52,61,47,36,9,12,51,31,62,55,59,21,42,37,41,14,28,38,25,45,18,32,1,3,48,16,2,44,13,53,43,30,33,40,5,35,49
record	m=55050240	60,15,4,8,20,10,23,58,54,27,7,56,50,19,24,6,57,39,22,26,29,46,34,17,52,11,61,47,9,36,51,12,31,62,55,59,42,21,37,41,28,14,38,25,18,45,32,1,3,48,16,2,13,44,53,43,33,30,40,5,35,49
773796987755928365671093609816882819724	cd=579	37,41,5,40,50,19,35,49,31,62,54,27,55,59,4,8,15,60,24,6,28,14,34,17,29,46,26,22,11,52,58,23,51,12,57,39,43,53,47,61,42,21,56,7,18,45,48,3,9,36,20,10,16,2,1,32,33,30,25,38,13,44
record	m=3096576	41,37,40,5,19,50,35,49,31,62,54,27,55,59,4,8,60,15,24,6,28,14,34,17,29,46,26,22,52,11,23,58,51,12,57,39,53,43,61,47,21,42,7,56,18,45,3,48,9,36,20,10,16,2,32,1,33,30,25,38,44,13
214428086030674508699046241710591452435	cd=419	37,41,39,57,58,23,6,24,21,42,35,49,25,38,1,32,48,3,26,22,51,12,56,7,10,20,8,4,46,29,18,45,15,60,14,28,55,59,27,54,30,33,43,53,17,34,5,40,52,11,62,31,2,16,9,36,61,47,50,19,44,13
record	m=41943040	41,37,57,39,23,58,24,6,21,42,35,49,25,38,32,1,3,48,26,22,51,12,7,56,20,10,4,8,29,46,18,45,60,15,28,14,55,59,27,54,33,30,53,43,17,34,40,5,52,11,31,62,2,16,9,36,61,47,50,19,44,13
581900212168215728763099726639527701595	cd=551	41,37,20,10,43,53,32,1,62,31,5,40,61,47,52,11,44,13,17,34,56,7,54,27,30,33,3,48,6,24,21,42,45,18,26,22,28,14,12,51,58,23,29,46,57,39,50,19,25,38,4,8,36,9,60,15,59,55,16,2,49,35
record	m=3440640	41,37,20,10,53,43,32,1,31,62,40,5,61,47,52,11,13,44,34,17,7,56,54,27,33,30,3,48,24,6,21,42,45,18,26,22,28,14,12,51,23,58,29,46,57,39,50,19,25,38,4,8,36,9,15,60,55,59,2,16,49,35
807428978307484579481331898142423483985	cd=511	27,54,26,22,7,56,62,31,9,36,28,14,4,8,15,60,5,40,32,1,42,21,48,3,29,46,39,57,30,33,59,55,50,19,44,13,12,51,38,25,16,2,20,10,6,24,49,35,17,34,52,11,23,58,45,18,43,53,41,37,61,47
record	m=4587520	54,27,26,22,7,56,31,62,36,9,28,14,4,8,60,15,40,5,32,1,21,42,3,48,29,46,57,39,33,30,55,59,50,19,44,13,12,51,25,38,2,16,10,20,24,6,35,49,34,17,52,11,23,58,45,18,53,43,37,41,61,47
788090707628135274338649545853696319088	cd=487	60,15,36,9,11,52,59,55,34,17,33,30,5,40,56,7,19,50,3,48,8,4,14,28,23,58,45,18,53,43,51,12,38,25,37,41,13,44,42,21,39,57,1,32,6,24,22,26,62,31,20,10,35,49,27,54,46,29,16,2,61,47
record	m=3670016	60,15,9,36,52,11,55,59,17,34,33,30,40,5,7,56,50,19,48,3,4,8,28,14,23,58,18,45,53,43,12,51,25,38,41,37,13,44,21,42,57,39,32,1,24,6,26,22,31,62,20,10,35,49,54,27,46,29,16,2,61,47
820404907014807696417537958183985909170	cd=563	50,19,49,35,57,39,10,20,8,4,30,33,43,53,25,38,2,16,32,1,56,7,45,18,58,23,40,5,14,28,22,26,13,44,29,46,48,3,17,34,37,41,36,9,51,12,31,62,21,42,54,27,59,55,11,52,24,6,15,60,61,47
record	m=68812800	50,19,35,49,57,39,20,10,4,8,33,30,53,43,25,38,2,16,32,1,7,56,18,45,23,58,5,40,28,14,26,22,13,44,29,46,3,48,17,34,41,37,9,36,51,12,31,62,21,42,54,27,55,59,11,52,24,6,15,60,61,47
641398339371830810647477251190292090513	cd=467	22,26,47,61,8,4,16,2,12,51,32,1,29,46,34,17,59,55,28,14,45,18,21,42,60,15,53,43,56,7,30,33,38,25,57,39,6,24,44,13,36,9,3,48,27,54,5,40,23,58,10,20,52,11,31,62,19,50,35,49,41,37
record	m=15728640	26,22,61,47,4,8,2,16,51,12,32,1,29,46,17,34,55,59,28,14,18,45,21,42,60,15,53,43,7,56,33,30,25,38,39,57,24,6,13,44,9,36,3,48,54,27,40,5,23,58,20,10,11,52,62,31,19,50,35,49,41,37
597182499670793605596883901128370927781	cd=419	19,50,30,33,45,18,9,36,54,27,53,43,26,22,56,7,17,34,12,51,39,57,21,42,41,37,20,10,25,38,58,23,48,3,15,60,28,14,62,31,11,52,5,40,59,55,32,1,4,8,6,24,13,44,16,2,61,47,46,29,49,35
record	m=5160960	50,19,33,30,18,45,9,36,54,27,53,43,26,22,7,56,17,34,51,12,57,39,21,42,41,37,20,10,25,38,23,58,3,48,15,60,28,14,31,62,11,52,40,5,55,59,32,1,4,8,24,6,13,44,2,16,61,47,29,46,35,49
879692877309327351472004780491310840779	cd=499	7,56,11,52,62,31,18,45,10,20,57,39,37,41,1,32,14,28,58,23,27,54,29,46,12,51,60,15,3,48,38,25,21,42,43,53,59,55,30,33,40,5,35,49,24,6,47,61,9,36,16,2,8,4,26,22,34,17,13,44,19,50
record	m=9175040	7,56,52,11,31,62,18,45,20,10,57,39,41,37,32,1,28,14,23,58,54,27,29,46,51,12,60,15,3,48,25,38,21,42,43,53,55,59,33,30,40,5,35,49,24,6,47,61,9,36,2,16,4,8,22,26,17,34,44,13,50,19
850669759192800882082851513622448616413	cd=519	41,37,52,11,19,50,46,29,21,42,14,28,10,20,3,48,9,36,7,56,40,5,17,34,60,15,44,13,39,57,53,43,31,62,24,6,18,45,4,8,55,59,32,1,23,58,51,12,25,38,61,47,26,22,16,2,30,33,27,54,35,49
record	m=3440640	41,37,52,11,50,19,29,46,42,21,28,14,20,10,3,48,9,36,7,56,40,5,17,34,60,15,44,13,57,39,53,43,31,62,24,6,18,45,4,8,55,59,32,1,23,58,51,12,25,38,61,47,26,22,2,16,30,33,54,27,35,49
409462340297362228918623272677242138827	cd=451	11,52,6,24,15,60,8,4,29,46,55,59,33,30,23,58,27,54,56,7,34,17,25,38,13,44,42,21,45,18,9,36,39,57,28,14,41,37,47,61,43,53,10,20,5,40,3,48,2,16,12,51,35,49,1,32,19,50,31,62,26,22
record	m=6881280	52,11,24,6,60,15,4,8,29,46,55,59,33,30,23,58,54,27,7,56,17,34,38,25,13,44,21,42,18,45,9,36,57,39,14,28,41,37,61,47,53,43,20,10,40,5,48,3,16,2,12,51,35,49,32,1,50,19,62,31,26,22
40341557697244129217212119670302897675	cd=343	7,56,38,25,28,14,11,52,34,17,33,30,47,61,5,40,27,54,36,9,53,43,20,10,35,49,18,45,62,31,23,58,44,13,29,46,50,19,15,60,57,39,48,3,8,4,1,32,42,21,26,22,37,41,59,55,6,24,51,12,16,2
record	m=1419264	7,56,25,38,28,14,52,11,17,34,33,30,61,47,40,5,54,27,9,36,53,43,20,10,35,49,18,45,31,62,58,23,13,44,46,29,19,50,60,15,57,39,3,48,4,8,32,1,21,42,26,22,37,41,55,59,24,6,51,12,2,16
905794290420030254469198023179098318779	cd=459	38,25,56,7,55,59,19,50,53,43,49,35,45,18,5,40,15,60,3,48,16,2,23,58,54,27,8,4,62,31,26,22,37,41,21,42,14,28,9,36,32,1,34,17,12,51,10,20,24,6,47,61,30,33,57,39,44,13,46,29,11,52
record	m=16056320	25,38,7,56,55,59,50,19,53,43,35,49,18,45,40,5,60,15,3,48,2,16,23,58,54,27,8,4,31,62,26,22,41,37,21,42,28,14,9,36,32,1,34,17,12,51,20,10,24,6,47,61,33,30,57,39,13,44,29,46,52,11
1087561478306963456907251029788850208246	cd=507	41,37,52,11,59,55,22,26,61,47,50,19,49,35,28,14,20,10,6,24,9,36,23,58,8,4,53,43,56,7,32,1,17,34,42,21,27,54,5,40,25,38,3,48,33,30,2,16,51,12,39,57,13,44,15,60,45,18,29,46,31,62
record	m=5505024	41,37,52,11,55,59,26,22,61,47,50,19,35,49,14,28,20,10,24,6,9,36,23,58,8,4,53,43,7,56,32,1,34,17,21,42,54,27,40,5,25,38,3,48,33,30,2,16,12,51,57,39,13,44,15,60,18,45,29,46,31,62
891280601329453673479104963383558295777	cd=563	53,43,30,33,41,37,40,5,44,13,49,35,28,14,47,61,12,51,62,31,9,36,46,29,10,20,32,1,56,7,55,59,34,17,27,54,6,24,3,48,38,25,23,58,57,39,42,21,45,18,50,19,26,22,2,16,60,15,8,4,11,52
record	m=3440640	53,43,30,33,41,37,40,5,44,13,35,49,14,28,61,47,51,12,31,62,36,9,29,46,20,10,32,1,7,56,55,59,17,34,54,27,24,6,3,48,25,38,23,58,39,57,21,42,45,18,50,19,26,22,2,16,60,15,4,8,52,11
12594006476423634388813101033969252350	cd=499	56,7,8,4,18,45,40,5,28,14,27,54,21,42,49,35,39,57,29,46,43,53,10,20,37,41,61,47,33,30,51,12,17,34,15,60,25,38,52,11,3,48,9,36,16,2,58,23,26,22,62,31,59,55,19,50,44,13,6,24,32,1
record	m=27525120	7,56,4,8,18,45,40,5,28,14,54,27,21,42,35,49,57,39,29,46,53,43,20,10,41,37,61,47,33,30,51,12,17,34,60,15,25,38,52,11,3,48,36,9,2,16,23,58,22,26,31,62,55,59,50,19,13,44,24,6,32,1
1016148274953810138969978992935314756655	cd=523	21,42,28,14,58,23,57,39,11,52,56,7,51,12,1,32,54,27,45,18,26,22,19,50,3,48,17,34,60,15,31,62,13,44,49,35,9,36,33,30,16,2,61,47,40,5,53,43,8,4,38,25,20,10,46,29,24,6,37,41,55,59
record	m=6881280	21,42,28,14,23,58,57,39,52,11,7,56,51,12,32,1,27,54,45,18,26,22,50,19,3,48,17,34,60,15,62,31,13,44,35,49,9,36,33,30,2,16,47,61,40,5,53,43,8,4,25,38,20,10,29,46,24,6,37,41,59,55
25905721973046909295064458432746265272	cd=511	56,7,17,34,48,3,25,38,15,60,8,4,59,55,62,31,6,24,40,5,44,13,29,46,26,22,28,14,21,42,52,11,16,2,10,20,33,30,61,47,41,37,12,51,54,27,43,53,18,45,58,23,35,49,9,36,57,39,19,50,32,1
record	m=63700992	7,56,17,34,3,48,25,38,60,15,4,8,55,59,31,62,24,6,40,5,13,44,29,46,26,22,28,14,21,42,52,11,2,16,20,10,33,30,61,47,41,37,51,12,54,27,53,43,45,18,23,58,35,49,9,36,57,39,50,19,1,32
424168186607535015137254313336342262238	cd=679	58,23,15,60,41,37,36,9,56,7,29,46,45,18,39,57,13,44,53,43,49,35,52,11,59,55,19,50,30,33,51,12,34,17,10,20,54,27,21,42,31,62,40,5,61,47,16,2,3,48,26,22,24,6,1,32,4,8,14,28,38,25
record	m=49545216	23,58,60,15,41,37,9,36,7,56,29,46,18,45,57,39,13,44,53,43,35,49,52,11,55,59,50,19,33,30,51,12,17,34,20,10,54,27,21,42,62,31,5,40,61,47,16,2,3,48,26,22,24,6,32,1,4,8,28,14,38,25
1009908958043770332286174209334694806691	cd=351	18,45,21,42,4,8,49,35,28,14,27,54,12,51,39,57,24,6,38,25,9,36,22,26,2,16,13,44,5,40,48,3,31,62,23,58,11,52,61,47,50,19,20,10,60,15,41,37,1,32,46,29,53,43,17,34,56,7,33,30,55,59
record	m=1835008	18,45,21,42,4,8,35,49,28,14,54,27,51,12,57,39,24,6,38,25,9,36,22,26,2,16,13,44,5,40,3,48,62,31,58,23,52,11,47,61,50,19,20,10,15,60,41,37,32,1,29,46,43,53,17,34,7,56,33,30,55,59
729019085537067409404003600341485911812	cd=399	29,46,9,36,53,43,1,32,52,11,18,45,62,31,16,2,14,28,27,54,10,20,5,40,37,41,60,15,4,8,3,48,58,23,49,35,51,12,26,22,38,25,17,34,59,55,44,13,24,6,57,39,30,33,47,61,56,7,50,19,21,42
record	m=16220160	29,46,9,36,53,43,32,1,52,11,18,45,31,62,2,16,28,14,54,27,20,10,40,5,41,37,60,15,4,8,3,48,23,58,35,49,51,12,26,22,38,25,17,34,55,59,13,44,24,6,57,39,33,30,61,47,7,56,50,19,21,42
885903787466319256712286025252945092603	cd=431	33,30,9,36,42,21,59,55,32,1,17,34,58,23,26,22,29,46,41,37,11,52,16,2,62,31,45,18,6,24,39,57,28,14,47,61,53,43,25,38,12,51,48,3,5,40,49,35,8,4,60,15,27,54,44,13,10,20,7,56,19,50
record	m=11796480	33,30,9,36,21,42,55,59,32,1,17,34,23,58,26,22,29,46,41,37,52,11,2,16,31,62,18,45,24,6,57,39,14,28,61,47,53,43,25,38,12,51,3,48,40,5,35,49,4,8,60,15,27,54,44,13,20,10,7,56,50,19
740490010271085771371755700060848732056	cd=407	3,48,51,12,32,1,10,20,52,11,29,46,15,60,22,26,59,55,28,14,23,58,5,40,62,31,44,13,7,56,37,41,17,34,49,35,8,4,16,2,43,53,45,18,24,6,38,25,47,61,27,54,33,30,9,36,50,19,57,39,21,42
record	m=3407872	3,48,51,12,32,1,20,10,11,52,29,46,60,15,26,22,55,59,28,14,23,58,5,40,62,31,13,44,7,56,41,37,17,34,49,35,4,8,2,16,53,43,18,45,24,6,38,25,61,47,54,27,33,30,9,36,50,19,57,39,21,42
231711354137878978693381829482802116588	cd=475	38,25,47,61,51,12,48,3,32,1,42,21,7,56,22,26,10,20,54,27,28,14,8,4,46,29,55,59,35,49,52,11,30,33,17,34,15,60,36,9,16,2,6,24,39,57,37,41,5,40,58,23,45,18,31,62,43,53,19,50,44,13
record	m=58490880	25,38,61,47,51,12,3,48,32,1,21,42,7,56,26,22,20,10,54,27,28,14,4,8,29,46,55,59,35,49,52,11,33,30,17,34,60,15,9,36,2,16,6,24,57,39,41,37,40,5,23,58,45,18,31,62,53,43,50,19,44,13
316563973963774069968251607226448641419	cd=447	34,17,27,54,42,21,6,24,56,7,31,62,22,26,29,46,48,3,38,25,41,37,60,15,45,18,52,11,55,59,8,4,35,49,53,43,32,1,51,12,23,58,44,13,14,28,36,9,30,33,47,61,2,16,40,5,39,57,10,20,50,19
record	m=29360128	17,34,54,27,21,42,24,6,7,56,31,62,26,22,29,46,3,48,25,38,41,37,60,15,18,45,52,11,59,55,4,8,35,49,53,43,32,1,12,51,23,58,44,13,28,14,9,36,33,30,61,47,16,2,40,5,39,57,20,10,50,19
585633502675067041127552802246466096948	cd=611	20,10,27,54,5,40,8,4,28,14,3,48,15,60,6,24,50,19,7,56,44,13,22,26,29,46,58,23,2,16,51,12,41,37,43,53,38,25,57,39,21,42,31,62,59,55,34,17,30,33,18,45,1,32,52,11,61,47,36,9,49,35
record	m=33030144	20,10,54,27,40,5,4,8,28,14,3,48,15,60,24,6,50,19,7,56,13,44,26,22,29,46,23,58,2,16,51,12,41,37,43,53,25,38,39,57,21,42,31,62,55,59,17,34,33,30,18,45,32,1,52,11,47,61,9,36,35,49
364732136200500698612117479624021817127	cd=363	44,13,19,50,4,8,16,2,23,58,47,61,53,43,40,5,12,51,48,3,26,22,41,37,11,52,31,62,7,56,30,33,38,25,59,55,29,46,35,49,36,9,15,60,57,39,14,28,20,10,17,34,1,32,54,27,6,24,18,45,42,21
record	m=9142272	13,44,50,19,4,8,2,16,23,58,61,47,53,43,40,5,51,12,3,48,26,22,41,37,52,11,31,62,7,56,33,30,25,38,55,59,29,46,35,49,9,36,60,15,57,39,14,28,20,10,17,34,32,1,27,54,6,24,18,45,21,42
427191510660050528637772469092120439890	cd=435	42,21,12,51,22,26,9,36,24,6,16,2,46,29,47,61,41,37,8,4,45,18,43,53,52,11,50,19,39,57,60,15,20,10,31,62,1,32,35,49,56,7,14,28,59,55,54,27,5,40,58,23,17,34,48,3,13,44,30,33,38,25
record	m=6193152	21,42,51,12,26,22,36,9,24,6,2,16,29,46,61,47,41,37,4,8,18,45,53,43,11,52,50,19,57,39,60,15,20,10,31,62,32,1,35,49,7,56,28,14,55,59,54,27,40,5,58,23,34,17,3,48,44,13,33,30,25,38
758968250005201265525402896475207883385	cd=403	25,38,56,7,23,58,61,47,16,2,39,57,40,5,35,49,9,36,4,8,42,21,60,15,34,17,53,43,18,45,54,27,10,20,62,31,55,59,3,48,37,41,51,12,32,1,6,24,46,29,33,30,50,19,14,28,26,22,52,11,13,44
record	m=27525120	25,38,7,56,58,23,61,47,16,2,39,57,40,5,35,49,9,36,4,8,21,42,60,15,17,34,53,43,18,45,54,27,20,10,31,62,55,59,3,48,41,37,51,12,32,1,24,6,46,29,30,33,50,19,28,14,26,22,52,11,13,44
918772643066226231028369202152705248178	cd=479	12,51,58,23,35,49,26,22,27,54,15,60,48,3,18,45,56,7,5,40,61,47,13,44,57,39,24,6,34,17,4,8,46,29,43,53,37,41,38,25,1,32,20,10,28,14,9,36,16,2,31,62,55,59,21,42,30,33,19,50,11,52
record	m=44040192	51,12,23,58,35,49,26,22,54,27,60,15,3,48,18,45,7,56,40,5,61,47,13,44,57,39,24,6,17,34,4,8,29,46,53,43,37,41,25,38,32,1,20,10,28,14,9,36,2,16,31,62,55,59,42,21,33,30,50,19,11,52
519835943867263233077732940113071197099	cd=323	56,7,52,11,42,21,33,30,36,9,37,41,26,22,23,58,47,61,19,50,43,53,12,51,54,27,13,44,34,17,18,45,59,55,20,10,5,40,46,29,24,6,32,1,16,2,35,49,57,39,4,8,48,3,60,15,25,38,28,14,62,31
record	m=6193152	7,56,52,11,21,42,33,30,9,36,41,37,26,22,23,58,61,47,50,19,53,43,51,12,54,27,13,44,34,17,18,45,55,59,10,20,40,5,29,46,24,6,32,1,2,16,35,49,57,39,4,8,3,48,60,15,25,38,14,28,31,62
1087458751362746331726211936646913836239	cd=419	13,44,56,7,55,59,38,25,19,50,16,2,58,23,39,57,6,24,4,8,40,5,35,49,37,41,45,18,36,9,34,17,33,30,51,12,43,53,1,32,60,15,20,10,22,26,3,48,61,47,27,54,42,21,14,28,52,11,29,46,31,62
record	m=7569408	13,44,7,56,55,59,25,38,50,19,2,16,23,58,57,39,24,6,4,8,5,40,35,49,41,37,45,18,9,36,17,34,33,30,51,12,53,43,32,1,15,60,20,10,22,26,3,48,61,47,54,27,21,42,28,14,11,52,29,46,31,62
275506728651646965492119911537637879659	cd=507	57,39,22,26,14,28,17,34,60,15,55,59,4,8,20,10,50,19,53,43,23,58,48,3,1,32,45,18,30,33,41,37,44,13,38,25,35,49,40,5,54,27,24,6,42,21,12,51,31,62,61,47,9,36,46,29,52,11,56,7,2,16
record	m=16515072	57,39,22,26,28,14,34,17,60,15,55,59,4,8,20,10,50,19,53,43,23,58,3,48,32,1,18,45,30,33,41,37,13,44,25,38,35,49,40,5,54,27,24,6,21,42,51,12,31,62,61,47,9,36,46,29,52,11,7,56,16,2
113209918525409356546552501314745457872	cd=315	8,4,40,5,30,33,21,42,55,59,9,36,27,54,18,45,28,14,35,49,16,2,20,10,47,61,32,1,34,17,6,24,19,50,52,11,23,58,53,43,15,60,31,62,57,39,3,48,51,12,22,26,44,13,41,37,29,46,38,25,56,7
record	m=1622016	4,8,5,40,33,30,21,42,55,59,9,36,54,27,18,45,28,14,49,35,2,16,10,20,61,47,32,1,34,17,24,6,50,19,52,11,23,58,53,43,60,15,62,31,57,39,3,48,51,12,26,22,13,44,41,37,29,46,38,25,7,56
701247410331853112933083467402114510665	cd=551	54,27,49,35,53,43,2,16,8,4,48,3,11,52,61,47,23,58,20,10,31,62,39,57,6,24,36,9,19,50,46,29,60,15,12,51,17,34,44,13,26,22,21,42,7,56,40,5,30,33,55,59,25,38,45,18,14,28,1,32,37,41
record	m=1835008	54,27,35,49,43,53,16,2,4,8,3,48,52,11,61,47,23,58,20,10,31,62,57,39,24,6,9,36,50,19,29,46,60,15,12,51,17,34,44,13,26,22,21,42,7,56,40,5,33,30,55,59,25,38,18,45,28,14,32,1,41,37
185670110275826500810804119377999980468	cd=431	24,6,2,16,54,27,56,7,18,45,9,36,14,28,37,41,26,22,34,17,20,10,30,33,55,59,38,25,12,51,39,57,13,44,4,8,43,53,5,40,42,21,47,61,48,3,58,23,49,35,46,29,15,60,50,19,32,1,62,31,52,11
record	m=4128768	24,6,2,16,54,27,7,56,18,45,9,36,28,14,41,37,26,22,17,34,20,10,33,30,55,59,25,38,51,12,57,39,13,44,4,8,43,53,40,5,21,42,61,47,3,48,58,23,35,49,29,46,60,15,19,50,32,1,31,62,52,11
949117507347713112272423967308289044487	cd=555	30,33,35,49,50,19,6,24,51,12,42,21,4,8,3,48,54,27,61,47,16,2,20,10,29,46,56,7,13,44,52,11,39,57,34,17,58,23,14,28,31,62,53,43,25,38,41,37,5,40,9,36,60,15,26,22,32,1,18,45,59,55
record	m=66060288	30,33,35,49,50,19,24,6,51,12,21,42,4,8,3,48,54,27,61,47,16,2,20,10,29,46,7,56,13,44,52,11,57,39,17,34,58,23,28,14,31,62,53,43,25,38,37,41,40,5,9,36,60,15,26,22,32,1,18,45,55,59
784016026195014033687588204453407634996	cd=395	38,25,52,11,8,4,7,56,45,18,3,48,58,23,51,12,40,5,2,16,19,50,10,20,43,53,60,15,62,31,35,49,27,54,42,21,36,9,41,37,46,29,61,47,22,26,55,59,17,34,14,28,32,1,24,6,33,30,39,57,13,44
record	m=30670848	25,38,52,11,4,8,7,56,18,45,3,48,23,58,51,12,40,5,2,16,50,19,20,10,53,43,15,60,31,62,35,49,54,27,21,42,9,36,37,41,29,46,47,61,26,22,55,59,17,34,14,28,32,1,24,6,30,33,57,39,13,44
390227679353335124668768130378920673366	cd=463	3,48,1,32,10,20,43,53,29,46,62,31,2,16,40,5,15,60,13,44,39,57,9,36,61,47,37,41,56,7,17,34,30,33,59,55,6,24,42,21,38,25,23,58,11,52,49,35,4,8,19,50,51,12,27,54,45,18,14,28,26,22
record	m=22020096	3,48,32,1,20,10,53,43,29,46,31,62,2,16,40,5,60,15,44,13,57,39,9,36,61,47,41,37,7,56,17,34,33,30,55,59,24,6,21,42,38,25,23,58,52,11,35,49,4,8,50,19,51,12,54,27,18,45,28,14,26,22
495652958058809518623819585811579075560	cd=551	53,43,57,39,31,62,16,2,61,47,27,54,4,8,17,34,19,50,44,13,9,36,33,30,38,25,56,7,51,12,46,29,41,37,60,15,5,40,24,6,11,52,49,35,48,3,23,58,59,55,42,21,18,45,10,20,26,22,1,32,14,28
record	m=11796480	53,43,57,39,31,62,2,16,61,47,54,27,8,4,17,34,50,19,44,13,9,36,33,30,25,38,7,56,51,12,29,46,41,37,60,15,40,5,24,6,52,11,35,49,3,48,58,23,59,55,21,42,45,18,20,10,22,26,32,1,28,14
925655228199002096886051707858403718103	cd=555	4,8,43,53,47,61,19,50,11,52,24,6,20,10,57,39,22,26,14,28,23,58,17,34,36,9,44,13,38,25,27,54,33,30,12,51,62,31,32,1,35,49,60,15,46,29,16,2,56,7,18,45,5,40,37,41,42,21,48,3,59,55
record	m=1032192	4,8,43,53,47,61,50,19,52,11,24,6,20,10,57,39,22,26,28,14,23,58,17,34,9,36,13,44,25,38,54,27,33,30,12,51,31,62,1,32,35,49,60,15,29,46,2,16,56,7,18,45,40,5,41,37,21,42,3,48,55,59
359902081492795475811360022009803045054	cd=611	37,41,59,55,62,31,10,20,44,13,32,1,35,49,39,57,6,24,33,30,40,5,16,2,47,61,60,15,29,46,11,52,7,56,12,51,22,26,43,53,54,27,17,34,18,45,25,38,48,3,58,23,19,50,8,4,14,28,9,36,42,21
record	m=38535168	41,37,55,59,31,62,20,10,13,44,32,1,35,49,57,39,24,6,33,30,40,5,2,16,61,47,60,15,29,46,52,11,7,56,51,12,26,22,53,43,54,27,17,34,45,18,25,38,3,48,23,58,50,19,4,8,28,14,9,36,21,42
186618990626227806519677358054261862613	cd=379	9,36,45,18,33,30,55,59,8,4,19,50,27,54,6,24,21,42,16,2,58,23,60,15,25,38,43,53,57,39,46,29,10,20,31,62,44,13,12,51,61,47,5,40,56,7,17,34,26,22,49,35,28,14,3,48,41,37,1,32,52,11
record	m=16515072	9,36,18,45,33,30,55,59,4,8,50,19,54,27,24,6,21,42,2,16,23,58,60,15,25,38,53,43,57,39,29,46,20,10,31,62,13,44,12,51,61,47,40,5,7,56,17,34,26,22,35,49,28,14,3,48,41,37,32,1,11,52
187964402894620334359022522320378188562	cd=379	45,18,3,48,21,42,28,14,23,58,36,9,35,49,41,37,62,31,54,27,51,12,7,56,61,47,19,50,60,15,55,59,40,5,13,44,2,16,26,22,29,46,20,10,53,43,32,1,25,38,30,33,39,57,8,4,6,24,17,34,52,11
record	m=8257536	18,45,3,48,21,42,28,14,23,58,9,36,35,49,41,37,31,62,54,27,51,12,7,56,61,47,50,19,15,60,55,59,40,5,13,44,2,16,26,22,29,46,20,10,53,43,32,1,25,38,30,33,57,39,4,8,6,24,17,34,52,11
1086228701423482376765643775196271820774	cd=507	2,16,5,40,33,30,18,45,43,53,9,36,8,4,46,29,34,17,25,38,10,20,55,59,35,49,41,37,48,3,50,19,39,57,27,54,7,56,12,51,24,6,47,61,28,14,42,21,15,60,23,58,11,52,1,32,26,22,13,44,31,62
record	m=7340032	2,16,40,5,33,30,18,45,53,43,9,36,8,4,29,46,17,34,38,25,20,10,59,55,35,49,41,37,3,48,19,50,57,39,54,27,7,56,51,12,24,6,47,61,14,28,42,21,60,15,58,23,52,11,32,1,26,22,13,44,31,62
168302906048537786740986322519247718059	cd=527	54,27,43,53,29,46,5,40,36,9,56,7,11,52,6,24,30,33,55,59,57,39,61,47,16,2,62,31,14,28,48,3,51,12,18,45,35,49,13,44,41,37,20,10,1,32,22,26,23,58,19,50,17,34,42,21,38,25,15,60,4,8
record	m=4587520	54,27,53,43,29,46,40,5,9,36,7,56,52,11,24,6,33,30,55,59,57,39,61,47,16,2,31,62,28,14,3,48,51,12,45,18,35,49,13,44,41,37,20,10,32,1,26,22,58,23,50,19,34,17,21,42,38,25,60,15,4,8
177470054793295772692423249851927281180	cd=487	8,4,60,15,24,6,3,48,62,31,13,44,37,41,21,42,16,2,43,53,7,56,46,29,26,22,61,47,55,59,25,38,54,27,9,36,30,33,12,51,1,32,50,19,57,39,14,28,45,18,10,20,58,23,40,5,35,49,34,17,52,11
record	m=7569408	4,8,60,15,24,6,3,48,62,31,13,44,41,37,21,42,2,16,53,43,7,56,29,46,26,22,61,47,55,59,25,38,54,27,9,36,30,33,12,51,32,1,50,19,57,39,14,28,18,45,20,10,23,58,5,40,35,49,34,17,52,11
307033805864795589235532580201751987535	cd=411	17,34,7,56,20,10,24,6,43,53,38,25,60,15,37,41,13,44,59,55,4,8,57,39,49,35,3,48,21,42,14,28,61,47,22,26,23,58,5,40,9,36,33,30,18,45,11,52,12,51,16,2,62,31,29,46,27,54,32,1,50,19
record	m=27525120	17,34,7,56,20,10,24,6,53,43,25,38,60,15,41,37,13,44,55,59,4,8,57,39,35,49,3,48,21,42,28,14,61,47,26,22,23,58,40,5,9,36,33,30,18,45,52,11,51,12,2,16,31,62,29,46,54,27,1,32,19,50
1019247502314296818436121483405732718823	cd=647	22,26,40,5,2,16,36,9,49,35,43,53,34,17,56,7,1,32,48,3,45,18,12,51,54,27,62,31,21,42,39,57,20,10,41,37,15,60,30,33,61,47,8,4,52,11,14,28,44,13,50,19,25,38,58,23,24,6,29,46,55,59
record	m=18579456	26,22,5,40,2,16,9,36,35,49,53,43,17,34,7,56,32,1,3,48,18,45,51,12,54,27,62,31,21,42,57,39,20,10,41,37,60,15,33,30,61,47,4,8,52,11,14,28,13,44,19,50,38,25,23,58,24,6,46,29,55,59
76684056371236111470379223718074192424	cd=467	33,30,57,39,3,48,62,31,25,38,59,55,51,12,17,34,22,26,60,15,35,49,52,11,37,41,28,14,10,20,5,40,47,61,21,42,6,24,2,16,29,46,58,23,1,32,13,44,9,36,27,54,19,50,7,56,53,43,45,18,8,4
record	m=1351680	33,30,57,39,3,48,62,31,25,38,55,59,51,12,17,34,26,22,60,15,35,49,52,11,41,37,28,14,20,10,40,5,61,47,21,42,24,6,2,16,29,46,23,58,32,1,13,44,9,36,27,54,19,50,7,56,53,43,18,45,4,8
588142687109641255680835667191886740253	cd=535	36,9,20,10,34,17,60,15,21,42,18,45,4,8,26,22,52,11,41,37,19,50,3,48,62,31,56,7,38,25,58,23,59,55,30,33,1,32,16,2,51,12,61,47,57,39,6,24,54,27,40,5,46,29,13,44,43,53,28,14,49,35
record	m=6881280	9,36,20,10,17,34,60,15,21,42,18,45,4,8,26,22,52,11,41,37,50,19,3,48,62,31,7,56,25,38,23,58,55,59,30,33,32,1,2,16,51,12,61,47,57,39,24,6,27,54,40,5,46,29,44,13,53,43,14,28,49,35
35648378709202562986119629966630073790	cd=383	52,11,29,46,36,9,57,39,50,19,34,17,21,42,3,48,54,27,10,20,31,62,15,60,25,38,1,32,47,61,45,18,53,43,56,7,44,13,22,26,14,28,35,49,59,55,30,33,6,24,58,23,12,51,37,41,8,4,40,5,16,2
record	m=6881280	52,11,29,46,9,36,57,39,50,19,34,17,21,42,3,48,54,27,20,10,31,62,15,60,25,38,32,1,61,47,45,18,53,43,7,56,13,44,26,22,28,14,49,35,55,59,33,30,24,6,23,58,51,12,41,37,4,8,5,40,2,16
672783276501425686209380068551918281401	cd=443	9,36,4,8,22,26,50,19,34,17,27,54,42,21,18,45,51,12,11,52,32,1,62,31,61,47,40,5,57,39,59,55,30,33,6,24,41,37,2,16,48,3,29,46,15,60,53,43,56,7,10,20,49,35,58,23,28,14,13,44,25,38
record	m=22020096	9,36,4,8,26,22,50,19,17,34,54,27,21,42,18,45,51,12,52,11,32,1,62,31,61,47,40,5,57,39,59,55,33,30,24,6,37,41,2,16,3,48,29,46,60,15,53,43,7,56,20,10,35,49,23,58,28,14,13,44,25,38
152631612125014362835413044377144733835	cd=543	11,52,6,24,39,57,5,40,38,25,33,30,34,17,28,14,16,2,20,10,7,56,51,12,45,18,48,3,59,55,26,22,19,50,58,23,37,41,13,44,1,32,21,42,27,54,53,43,35,49,60,15,46,29,9,36,47,61,62,31,4,8
record	m=10321920	52,11,24,6,57,39,40,5,25,38,33,30,17,34,14,28,2,16,20,10,7,56,51,12,18,45,3,48,55,59,26,22,50,19,23,58,41,37,13,44,32,1,21,42,54,27,53,43,49,35,15,60,29,46,36,9,61,47,31,62,4,8
1092177131592251546486761360193028770680	cd=527	34,17,2,16,53,43,44,13,30,33,57,39,38,25,40,5,8,4,18,45,7,56,20,10,15,60,58,23,24,6,42,21,50,19,52,11,49,35,47,61,32,1,37,41,14,28,55,59,51,12,46,29,22,26,48,3,9,36,27,54,31,62
record	m=4128768	17,34,16,2,43,53,13,44,33,30,57,39,38,25,40,5,8,4,18,45,7,56,20,10,60,15,23,58,24,6,21,42,50,19,52,11,35,49,61,47,32,1,41,37,28,14,55,59,51,12,29,46,26,22,3,48,9,36,27,54,31,62
126427948013520406254853376507630150442	cd=483	35,49,36,9,19,50,41,37,53,43,2,16,61,47,1,32,45,18,33,30,62,31,10,20,38,25,8,4,17,34,11,52,21,42,59,55,27,54,39,57,5,40,24,6,58,23,28,14,13,44,26,22,60,15,48,3,51,12,29,46,56,7
record	m=10616832	35,49,9,36,50,19,41,37,53,43,2,16,61,47,32,1,18,45,33,30,31,62,20,10,25,38,4,8,17,34,52,11,21,42,55,59,54,27,57,39,40,5,6,24,58,23,28,14,13,44,26,22,60,15,48,3,51,12,29,46,7,56
1030446116354180541084758632240254788741	cd=383	5,40,37,41,19,50,52,11,12,51,49,35,38,25,18,45,14,28,44,13,20,10,48,3,60,15,26,22,56,7,1,32,9,36,21,42,27,54,23,58,59,55,34,17,39,57,46,29,16,2,43,53,33,30,6,24,31,62,8,4,47,61
record	m=11010048	40,5,41,37,50,19,52,11,12,51,35,49,25,38,18,45,28,14,13,44,20,10,3,48,15,60,26,22,7,56,32,1,9,36,21,42,54,27,23,58,55,59,17,34,57,39,46,29,16,2,43,53,30,33,24,6,31,62,4,8,61,47
285965354670102196191094166293026992464	cd=495	60,15,9,36,51,12,6,24,3,48,8,4,22,26,29,46,61,47,10,20,17,34,1,32,43,53,56,7,42,21,13,44,57,39,11,52,50,19,14,28,62,31,54,27,45,18,35,49,33,30,59,55,37,41,40,5,58,23,38,25,2,16
record	m=13762560	60,15,9,36,51,12,24,6,3,48,4,8,26,22,29,46,61,47,10,20,17,34,32,1,53,43,7,56,21,42,13,44,57,39,52,11,50,19,28,14,31,62,27,54,18,45,35,49,33,30,55,59,41,37,40,5,58,23,25,38,16,2
447645660243277054516583075642143203035	cd=607	44,13,15,60,23,58,39,57,33,30,20,10,51,12,47,61,9,36,42,21,17,34,56,7,35,49,16,2,38,25,37,41,53,43,46,29,24,6,50,19,28,14,3,48,45,18,52,11,8,4,54,27,62,31,32,1,55,59,40,5,22,26
record	m=1926144	13,44,60,15,23,58,57,39,33,30,20,10,51,12,61,47,9,36,21,42,34,17,7,56,35,49,2,16,25,38,41,37,43,53,29,46,24,6,50,19,28,14,3,48,18,45,52,11,8,4,54,27,62,31,32,1,55,59,40,5,22,26
529242969035782825825149083005373555455	cd=503	11,52,50,19,57,39,12,51,21,42,48,3,27,54,10,20,43,53,35,49,16,2,47,61,17,34,23,58,46,29,41,37,36,9,26,22,14,28,55,59,1,32,56,7,38,25,40,5,18,45,8,4,15,60,24,6,44,13,33,30,62,31
record	m=12976128	52,11,50,19,57,39,51,12,21,42,3,48,54,27,20,10,53,43,35,49,2,16,61,47,34,17,23,58,29,46,41,37,9,36,22,26,28,14,55,59,32,1,7,56,25,38,40,5,45,18,4,8,60,15,6,24,13,44,33,30,31,62
1085807618800367136022738813921535679770	cd=495	40,5,36,9,57,39,7,56,29,46,17,34,30,33,16,2,14,28,20,10,15,60,27,54,59,55,19,50,21,42,47,61,48,3,58,23,35,49,24,6,8,4,32,1,51,12,22,26,44,13,52,11,18,45,38,25,37,41,53,43,31,62
record	m=6881280	40,5,9,36,57,39,7,56,29,46,17,34,33,30,2,16,28,14,20,10,60,15,54,27,55,59,50,19,21,42,61,47,3,48,23,58,35,49,24,6,4,8,32,1,51,12,26,22,13,44,52,11,18,45,25,38,41,37,43,53,31,62
177901961282164753121731768051638210020	cd=575	5,40,35,49,57,39,13,44,29,46,43,53,25,38,34,17,48,3,32,1,2,16,33,30,51,12,20,10,7,56,62,31,55,59,22,26,15,60,21,42,19,50,28,14,41,37,6,24,4,8,47,61,36,9,54,27,58,23,45,18,52,11
record	m=18350080	40,5,35,49,57,39,13,44,29,46,53,43,25,38,34,17,3,48,1,32,2,16,33,30,51,12,20,10,7,56,31,62,55,59,26,22,60,15,21,42,50,19,28,14,41,37,6,24,4,8,61,47,9,36,27,54,23,58,45,18,52,11
404670626760853836905831568328111253487	cd=567	42,21,47,61,59,55,8,4,1,32,20,10,30,33,58,23,39,57,17,34,9,36,13,44,48,3,37,41,16,2,50,19,31,62,46,29,52,11,28,14,5,40,38,25,15,60,6,24,12,51,35,49,45,18,53,43,7,56,27,54,26,22
record	m=22020096	21,42,61,47,55,59,4,8,32,1,20,10,33,30,23,58,57,39,17,34,9,36,13,44,48,3,41,37,2,16,50,19,31,62,29,46,52,11,28,14,40,5,25,38,60,15,24,6,12,51,35,49,18,45,53,43,7,56,54,27,26,22
253055821078279182751656432922696908772	cd=603	6,24,31,62,18,45,29,46,39,57,55,59,37,41,40,5,52,11,61,47,42,21,3,48,54,27,19,50,13,44,1,32,12,51,10,20,53,43,7,56,36,9,30,33,16,2,35,49,34,17,58,23,25,38,8,4,60,15,22,26,28,14
record	m=84344832	24,6,31,62,18,45,29,46,57,39,55,59,41,37,40,5,52,11,61,47,21,42,3,48,54,27,50,19,13,44,32,1,51,12,20,10,53,43,7,56,9,36,33,30,2,16,35,49,17,34,23,58,25,38,8,4,60,15,26,22,28,14
250767234307524051979095497955648471324	cd=435	43,53,41,37,57,39,52,11,33,30,10,20,55,59,16,2,47,61,24,6,15,60,45,18,49,35,50,19,29,46,51,12,3,48,62,31,7,56,8,4,9,36,27,54,17,34,32,1,42,21,13,44,40,5,25,38,58,23,26,22,28,14
record	m=3225600	53,43,41,37,57,39,52,11,33,30,20,10,59,55,2,16,61,47,6,24,60,15,18,45,35,49,50,19,29,46,51,12,3,48,62,31,7,56,4,8,9,36,27,54,34,17,32,1,21,42,44,13,40,5,25,38,23,58,22,26,28,14
180252695122291810725353208156721623117	cd=451	23,58,42,21,16,2,51,12,8,4,48,3,31,62,25,38,60,15,30,33,9,36,14,28,35,49,27,54,45,18,46,29,37,41,1,32,44,13,40,5,61,47,50,19,39,57,10,20,6,24,59,55,7,56,43,53,34,17,26,22,52,11
record	m=6029312	23,58,42,21,2,16,51,12,4,8,3,48,62,31,25,38,60,15,33,30,9,36,28,14,49,35,54,27,18,45,29,46,41,37,32,1,13,44,5,40,61,47,50,19,57,39,20,10,24,6,55,59,7,56,53,43,34,17,26,22,52,11
659022506672607962211941772653838771551	cd=523	3,48,30,33,56,7,51,12,62,31,13,44,58,23,46,29,20,10,54,27,35,49,53,43,19,50,59,55,36,9,57,39,24,6,47,61,32,1,21,42,52,11,45,18,5,40,16,2,14,28,15,60,22,26,8,4,41,37,34,17,25,38
record	m=7569408	3,48,33,30,7,56,51,12,31,62,13,44,58,23,29,46,20,10,54,27,35,49,53,43,50,19,55,59,9,36,57,39,24,6,47,61,32,1,21,42,52,11,18,45,40,5,2,16,28,14,60,15,26,22,4,8,37,41,17,34,38,25
1091930848116696171172979663102085355918	cd=691	6,24,16,2,37,41,49,35,9,36,34,17,5,40,38,25,7,56,45,18,4,8,44,13,19,50,10,20,12,51,52,11,57,39,60,15,48,3,42,21,53,43,26,22,55,59,61,47,30,33,46,29,58,23,1,32,28,14,27,54,31,62
record	m=16515072	24,6,2,16,41,37,35,49,9,36,17,34,40,5,25,38,7,56,18,45,4,8,13,44,50,19,20,10,51,12,52,11,57,39,60,15,48,3,21,42,43,53,22,26,55,59,61,47,33,30,29,46,58,23,1,32,28,14,54,27,62,31
383009397326245097075423473386331698952	cd=583	54,27,50,19,25,38,39,57,53,43,34,17,61,47,44,13,16,2,58,23,40,5,8,4,41,37,48,3,12,51,7,56,21,42,35,49,55,59,46,29,11,52,6,24,62,31,30,33,60,15,18,45,36,9,32,1,20,10,28,14,26,22
record	m=2621440	54,27,50,19,25,38,39,57,53,43,17,34,47,61,13,44,2,16,23,58,5,40,4,8,41,37,3,48,51,12,7,56,21,42,49,35,55,59,29,46,52,11,24,6,31,62,30,33,60,15,18,45,9,36,1,32,20,10,28,14,26,22
1021892727703049041706080806841262856586	cd=467	49,35,23,58,45,18,3,48,53,43,51,12,29,46,61,47,62,31,17,34,11,52,14,28,54,27,36,9,7,56,37,41,2,16,5,40,6,24,22,26,30,33,32,1,25,38,42,21,39,57,13,44,15,60,10,20,8,4,19,50,55,59
record	m=3670016	35,49,23,58,18,45,3,48,53,43,51,12,29,46,61,47,31,62,34,17,52,11,28,14,54,27,36,9,7,56,41,37,2,16,40,5,24,6,26,22,30,33,32,1,25,38,21,42,57,39,13,44,15,60,10,20,8,4,50,19,55,59
910520423518822754094476223280187209566	cd=587	36,9,53,43,39,57,42,21,15,60,32,1,12,51,25,38,13,44,41,37,23,58,22,26,30,33,2,16,6,24,31,62,4,8,55,59,50,19,29,46,7,56,14,28,61,47,40,5,34,17,10,20,18,45,54,27,3,48,49,35,11,52
record	m=5505024	9,36,53,43,57,39,21,42,60,15,1,32,51,12,25,38,13,44,41,37,23,58,26,22,30,33,2,16,6,24,31,62,4,8,55,59,50,19,29,46,7,56,28,14,61,47,40,5,17,34,20,10,18,45,54,27,48,3,49,35,52,11
1000924075905839361937217225959266189696	cd=667	43,53,10,20,49,35,61,47,33,30,24,6,32,1,4,8,3,48,37,41,29,46,11,52,40,5,36,9,51,12,17,34,18,45,44,13,7,56,54,27,16,2,23,58,19,50,60,15,39,57,25,38,26,22,62,31,21,42,28,14,55,59
record	m=7340032	53,43,20,10,35,49,61,47,33,30,24,6,32,1,4,8,3,48,41,37,29,46,52,11,40,5,9,36,51,12,17,34,18,45,13,44,7,56,54,27,2,16,23,58,19,50,60,15,57,39,38,25,26,22,31,62,21,42,14,28,55,59
252394716118993895129830164533165012799	cd=411	2,16,53,43,61,47,22,26,51,12,31,62,35,49,8,4,32,1,21,42,10,20,34,17,13,44,29,46,27,54,56,7,45,18,40,5,23,58,30,33,3,48,37,41,15,60,36,9,59,55,50,19,24,6,57,39,52,11,38,25,28,14
record	m=3670016	2,16,53,43,61,47,26,22,51,12,31,62,35,49,4,8,32,1,21,42,10,20,17,34,44,13,46,29,54,27,7,56,18,45,40,5,23,58,33,30,3,48,41,37,60,15,9,36,55,59,50,19,24,6,57,39,52,11,25,38,28,14
65611367852681683160383346582346745668	cd=527	25,38,42,21,48,3,32,1,6,24,45,18,14,28,13,44,31,62,22,26,4,8,58,23,35,49,7,56,36,9,47,61,30,33,19,50,52,11,15,60,29,46,17,34,57,39,5,40,37,41,27,54,43,53,20,10,12,51,55,59,16,2
record	m=2752512	25,38,21,42,3,48,1,32,24,6,18,45,28,14,13,44,31,62,26,22,4,8,58,23,35,49,7,56,9,36,61,47,33,30,50,19,52,11,15,60,29,46,17,34,57,39,40,5,41,37,54,27,43,53,20,10,12,51,55,59,2,16
37132020202544906556736364463875532092	cd=503	42,21,41,37,14,28,53,43,3,48,32,1,13,44,20,10,26,22,39,57,24,6,51,12,25,38,30,33,47,61,23,58,40,5,54,27,8,4,59,55,52,11,49,35,18,45,46,29,9,36,60,15,19,50,31,62,34,17,56,7,16,2
record	m=1148928	21,42,41,37,28,14,43,53,3,48,32,1,13,44,20,10,26,22,39,57,24,6,51,12,25,38,33,30,61,47,23,58,40,5,54,27,8,4,59,55,52,11,35,49,18,45,29,46,9,36,60,15,19,50,31,62,34,17,7,56,2,16
834305923083407183530042404737109939241	cd=667	20,10,19,50,25,38,16,2,55,59,51,12,3,48,1,32,17,34,62,31,22,26,29,46,6,24,40,5,7,56,21,42,36,9,54,27,28,14,45,18,39,57,15,60,47,61,52,11,8,4,53,43,33,30,44,13,37,41,58,23,35,49
record	m=1032192	20,10,50,19,25,38,2,16,55,59,51,12,3,48,1,32,17,34,62,31,26,22,29,46,24,6,40,5,7,56,21,42,9,36,27,54,28,14,18,45,57,39,60,15,61,47,52,11,8,4,53,43,33,30,13,44,41,37,23,58,35,49
315905129673475336011174810556092501419	cd=427	22,26,48,3,7,56,18,45,4,8,33,30,53,43,15,60,28,14,40,5,6,24,54,27,35,49,25,38,42,21,9,36,12,51,41,37,57,39,34,17,46,29,58,23,61,47,55,59,44,13,16,2,31,62,11,52,32,1,10,20,50,19
record	m=43253760	26,22,3,48,56,7,18,45,4,8,33,30,53,43,60,15,28,14,40,5,24,6,54,27,35,49,25,38,21,42,9,36,12,51,41,37,39,57,17,34,29,46,58,23,61,47,55,59,13,44,2,16,31,62,52,11,1,32,20,10,50,19
127530911815539270366860397106550993629	cd=459	13,44,30,33,19,50,42,21,8,4,36,9,14,28,16,2,31,62,59,55,37,41,29,46,24,6,43,53,60,15,48,3,17,34,11,52,54,27,57,39,32,1,10,20,26,22,5,40,51,12,18,45,25,38,58,23,35,49,61,47,56,7
record	m=30277632	13,44,33,30,50,19,21,42,4,8,9,36,28,14,2,16,31,62,55,59,41,37,29,46,24,6,53,43,60,15,48,3,17,34,52,11,27,54,57,39,32,1,20,10,22,26,40,5,51,12,45,18,25,38,23,58,35,49,61,47,7,56
130103165828092658079151402406975869029	cd=387	18,45,1,32,4,8,44,13,55,59,28,14,37,41,15,60,24,6,21,42,31,62,19,50,43,53,20,10,26,22,27,54,5,40,25,38,58,23,17,34,39,57,33,30,52,11,9,36,29,46,35,49,3,48,2,16,47,61,12,51,56,7
record	m=11010048	18,45,32,1,4,8,13,44,55,59,28,14,41,37,60,15,24,6,21,42,31,62,50,19,53,43,20,10,26,22,27,54,40,5,25,38,23,58,34,17,57,39,33,30,52,11,9,36,46,29,49,35,48,3,16,2,47,61,51,12,7,56
291251035479177319859029536533869291695	cd=459	1,32,50,19,9,36,42,21,7,56,51,12,57,39,52,11,37,41,55,59,4,8,15,60,24,6,26,22,18,45,27,54,14,28,40,5,23,58,33,30,34,17,13,44,25,38,43,53,48,3,31,62,61,47,29,46,10,20,49,35,2,16
record	m=1622016	32,1,50,19,9,36,21,42,7,56,51,12,57,39,52,11,41,37,55,59,4,8,60,15,24,6,26,22,18,45,54,27,28,14,40,5,23,58,33,30,17,34,44,13,25,38,53,43,3,48,62,31,61,47,29,46,10,20,49,35,2,16
304748684366542471589017508855229119873	cd=459	37,41,14,28,1,32,12,51,62,31,50,19,11,52,21,42,34,17,8,4,45,18,40,5,23,58,39,57,55,59,46,29,60,15,27,54,20,10,38,25,3,48,53,43,7,56,36,9,44,13,22,26,35,49,33,30,24,6,47,61,2,16
record	m=5505024	41,37,28,14,32,1,51,12,31,62,50,19,52,11,21,42,34,17,4,8,18,45,40,5,23,58,57,39,59,55,29,46,60,15,54,27,10,20,25,38,3,48,53,43,7,56,9,36,13,44,26,22,35,49,33,30,24,6,47,61,2,16
481020534660907696746759612349100763632	cd=531	2,16,61,47,36,9,25,38,55,59,44,13,40,5,53,43,24,6,35,49,20,10,62,31,26,22,56,7,42,21,54,27,50,19,57,39,29,46,30,33,11,52,58,23,51,12,37,41,32,1,18,45,34,17,3,48,15,60,8,4,14,28
record	m=8257536	2,16,61,47,9,36,38,25,55,59,13,44,5,40,53,43,24,6,35,49,20,10,31,62,26,22,7,56,21,42,54,27,50,19,57,39,29,46,30,33,52,11,23,58,51,12,41,37,32,1,45,18,17,34,3,48,15,60,4,8,28,14
470133796090187704689636816239504539899	cd=439	25,38,33,30,9,36,49,35,1,32,28,14,61,47,5,40,23,58,27,54,24,6,42,21,60,15,37,41,59,55,53,43,11,52,50,19,2,16,44,13,10,20,8,4,18,45,62,31,7,56,29,46,57,39,51,12,17,34,3,48,22,26
record	m=73400320	25,38,33,30,9,36,35,49,32,1,28,14,61,47,40,5,58,23,54,27,24,6,21,42,60,15,41,37,55,59,53,43,11,52,50,19,2,16,13,44,20,10,8,4,18,45,31,62,7,56,29,46,57,39,51,12,17,34,3,48,26,22
947771693903964849857250100020222310707	cd=387	3,48,62,31,10,20,30,33,54,27,35,49,5,40,11,52,28,14,36,9,18,45,15,60,17,34,1,32,51,12,44,13,46,29,53,43,6,24,56,7,38,25,50,19,4,8,22,26,37,41,39,57,47,61,23,58,2,16,21,42,59,55
record	m=1376256	3,48,62,31,20,10,33,30,54,27,35,49,40,5,52,11,28,14,9,36,18,45,60,15,17,34,1,32,51,12,13,44,29,46,53,43,24,6,7,56,25,38,50,19,4,8,26,22,41,37,57,39,61,47,23,58,2,16,21,42,59,55
250745263039158175961104230402510559994	cd=543	18,45,37,41,59,55,33,30,34,17,13,44,7,56,25,38,31,62,36,9,5,40,15,60,43,53,19,50,23,58,11,52,46,29,49,35,32,1,4,8,3,48,42,21,24,6,27,54,39,57,61,47,16,2,12,51,10,20,26,22,28,14
record	m=2949120	18,45,41,37,55,59,33,30,17,34,44,13,7,56,25,38,31,62,36,9,40,5,60,15,53,43,50,19,23,58,52,11,29,46,35,49,32,1,4,8,3,48,21,42,24,6,27,54,57,39,61,47,16,2,12,51,20,10,22,26,28,14
511110325326858622097700211212008128213	cd=427	25,38,18,45,23,58,41,37,43,53,30,33,36,9,10,20,13,44,19,50,8,4,52,11,56,7,29,46,47,61,24,6,31,62,22,26,59,55,32,1,21,42,34,17,27,54,12,51,57,39,48,3,16,2,40,5,49,35,15,60,14,28
record	m=3670016	25,38,18,45,23,58,41,37,53,43,33,30,9,36,20,10,13,44,19,50,4,8,52,11,7,56,29,46,61,47,6,24,31,62,26,22,55,59,32,1,21,42,34,17,54,27,51,12,57,39,3,48,2,16,40,5,35,49,60,15,28,14
64419645302127189891011671473142124900	cd=567	49,35,7,56,11,52,33,30,48,3,9,36,32,1,29,46,18,45,20,10,13,44,41,37,12,51,42,21,61,47,62,31,28,14,24,6,19,50,43,53,34,17,22,26,25,38,5,40,23,58,27,54,55,59,8,4,15,60,39,57,16,2
record	m=15925248	35,49,7,56,52,11,33,30,3,48,9,36,32,1,29,46,18,45,20,10,13,44,41,37,51,12,21,42,61,47,31,62,28,14,24,6,50,19,53,43,17,34,26,22,38,25,40,5,23,58,54,27,59,55,8,4,60,15,39,57,16,2
783872038474438675911261886102412028733	cd=515	10,20,49,35,3,48,46,29,28,14,2,16,19,50,36,9,37,41,55,59,8,4,38,25,51,12,21,42,15,60,24,6,47,61,26,22,17,34,62,31,32,1,53,43,54,27,5,40,58,23,11,52,56,7,30,33,45,18,39,57,13,44
record	m=3440640	20,10,35,49,3,48,29,46,14,28,2,16,50,19,9,36,37,41,55,59,4,8,25,38,51,12,21,42,60,15,24,6,47,61,26,22,17,34,62,31,1,32,53,43,27,54,40,5,23,58,52,11,7,56,33,30,18,45,57,39,13,44
465322736929126564776496887560602499203	cd=563	45,18,9,36,16,2,48,3,50,19,49,35,11,52,61,47,8,4,59,55,20,10,14,28,32,1,25,38,46,29,24,6,37,41,58,23,51,12,62,31,54,27,5,40,43,53,15,60,21,42,30,33,7,56,13,44,34,17,57,39,22,26
record	m=663552	18,45,9,36,2,16,3,48,50,19,35,49,52,11,61,47,4,8,55,59,10,20,14,28,32,1,25,38,46,29,24,6,37,41,58,23,51,12,31,62,27,54,40,5,53,43,60,15,21,42,33,30,7,56,13,44,34,17,39,57,26,22
854958081273332461427513718314372263841	cd=559	17,34,38,25,8,4,59,55,57,39,12,51,26,22,1,32,60,15,3,48,18,45,44,13,40,5,61,47,9,36,21,42,52,11,19,50,28,14,37,41,58,23,53,43,7,56,54,27,24,6,46,29,33,30,16,2,20,10,31,62,35,49
record	m=1376256	17,34,38,25,4,8,55,59,39,57,51,12,26,22,32,1,15,60,48,3,18,45,13,44,5,40,61,47,9,36,21,42,52,11,50,19,28,14,41,37,23,58,43,53,7,56,54,27,24,6,46,29,30,33,2,16,10,20,31,62,35,49
573749754826254234255232284787000394609	cd=407	6,24,23,58,46,29,52,11,55,59,40,5,18,45,47,61,8,4,38,25,48,3,31,62,50,19,16,2,56,7,17,34,53,43,15,60,33,30,42,21,51,12,10,20,44,13,36,9,37,41,27,54,22,26,57,39,14,28,35,49,1,32
record	m=1548288	24,6,23,58,29,46,52,11,55,59,40,5,18,45,61,47,4,8,25,38,3,48,62,31,50,19,2,16,7,56,17,34,53,43,15,60,30,33,21,42,51,12,20,10,13,44,9,36,41,37,54,27,26,22,39,57,28,14,49,35,32,1
231859056903452696084082071671271279520	cd=607	48,3,5,40,36,9,61,47,16,2,49,35,27,54,19,50,57,39,41,37,45,18,31,62,25,38,8,4,12,51,23,58,34,17,26,22,42,21,56,7,10,20,60,15,53,43,33,30,55,59,46,29,1,32,28,14,24,6,11,52,44,13
record	m=3784704	3,48,40,5,9,36,61,47,16,2,35,49,54,27,50,19,57,39,41,37,45,18,31,62,25,38,4,8,12,51,23,58,17,34,26,22,21,42,7,56,20,10,60,15,53,43,33,30,55,59,29,46,32,1,28,14,24,6,52,11,44,13
528268283726603078066867142333458601403	cd=555	23,58,2,16,6,24,21,42,15,60,17,34,29,46,43,53,19,50,59,55,37,41,3,48,54,27,57,39,9,36,49,35,52,11,51,12,8,4,13,44,25,38,26,22,5,40,32,1,20,10,33,30,47,61,56,7,18,45,14,28,62,31
record	m=33030144	23,58,2,16,24,6,21,42,60,15,17,34,29,46,53,43,50,19,55,59,41,37,3,48,54,27,57,39,9,36,35,49,52,11,51,12,4,8,13,44,25,38,26,22,5,40,1,32,20,10,33,30,61,47,7,56,18,45,28,14,31,62
465101127923096466169977011742535210003	cd=387	24,6,23,58,33,30,5,40,61,47,54,27,16,2,19,50,51,12,41,37,32,1,31,62,8,4,45,18,7,56,46,29,59,55,39,57,10,20,17,34,44,13,52,11,35,49,14,28,36,9,42,21,48,3,53,43,15,60,25,38,22,26
record	m=29360128	24,6,23,58,33,30,40,5,61,47,54,27,2,16,50,19,51,12,41,37,32,1,31,62,4,8,18,45,7,56,29,46,55,59,57,39,20,10,17,34,44,13,52,11,35,49,14,28,9,36,21,42,3,48,53,43,15,60,25,38,22,26
692656809265447203952260857384953019912	cd=463	6,24,48,3,11,52,51,12,58,23,40,5,33,30,25,38,20,10,39,57,26,22,19,50,8,4,1,32,17,34,60,15,54,27,13,44,55,59,47,61,36,9,42,21,18,45,49,35,53,43,31,62,28,14,46,29,56,7,2,16,37,41
record	m=15728640	24,6,3,48,52,11,51,12,23,58,5,40,33,30,25,38,20,10,57,39,22,26,50,19,4,8,32,1,17,34,60,15,54,27,13,44,55,59,61,47,9,36,21,42,18,45,35,49,43,53,31,62,28,14,29,46,7,56,16,2,41,37
569363749927893147312719879930888043119	cd=543	3,48,2,16,10,20,54,27,14,28,22,26,51,12,43,53,50,19,15,60,49,35,62,31,55,59,7,56,61,47,39,57,6,24,11,52,34,17,30,33,25,38,21,42,4,8,29,46,36,9,45,18,40,5,13,44,58,23,37,41,1,32
record	m=5505024	3,48,2,16,20,10,54,27,28,14,26,22,51,12,53,43,50,19,15,60,49,35,31,62,55,59,7,56,61,47,57,39,24,6,52,11,17,34,33,30,25,38,21,42,4,8,29,46,36,9,18,45,40,5,13,44,58,23,37,41,32,1
679260484423160823540037771790331823035	cd=495	37,41,15,60,33,30,16,2,10,20,62,31,19,50,40,5,12,51,26,22,42,21,11,52,23,58,18,45,54,27,61,47,36,9,24,6,57,39,3,48,17,34,32,1,35,49,8,4,46,29,7,56,14,28,44,13,43,53,59,55,25,38
record	m=49545216	41,37,60,15,33,30,2,16,20,10,31,62,50,19,5,40,51,12,26,22,21,42,52,11,23,58,18,45,54,27,61,47,9,36,24,6,57,39,3,48,17,34,32,1,35,49,4,8,29,46,7,56,28,14,13,44,53,43,55,59,38,25
395852005744896864531752537071843793102	cd=543	40,5,61,47,30,33,46,29,51,12,6,24,17,34,52,11,28,14,23,58,62,31,37,41,48,3,4,8,27,54,7,56,50,19,21,42,60,15,36,9,2,16,18,45,57,39,49,35,55,59,10,20,43,53,32,1,44,13,25,38,26,22
record	m=16515072	40,5,61,47,33,30,29,46,51,12,24,6,17,34,52,11,28,14,23,58,31,62,41,37,3,48,4,8,27,54,7,56,50,19,21,42,60,15,9,36,2,16,18,45,57,39,35,49,55,59,10,20,43,53,32,1,44,13,38,25,22,26
1073303668702970650489380837015931232972	cd=327	24,6,53,43,38,25,20,10,60,15,42,21,36,9,19,50,13,44,39,57,12,51,58,23,5,40,47,61,37,41,27,54,33,30,29,46,22,26,32,1,49,35,2,16,48,3,7,56,11,52,17,34,59,55,4,8,28,14,45,18,31,62
record	m=18874368	24,6,53,43,25,38,20,10,60,15,21,42,9,36,50,19,13,44,57,39,51,12,23,58,40,5,61,47,41,37,54,27,33,30,29,46,26,22,32,1,35,49,2,16,48,3,7,56,52,11,17,34,55,59,4,8,28,14,18,45,31,62
576530871825682278712144482184540247732	cd=391	6,24,13,44,19,50,20,10,57,39,12,51,35,49,36,9,23,58,2,16,54,27,33,30,22,26,42,21,25,38,37,41,47,61,7,56,18,45,11,52,5,40,48,3,29,46,31,62,55,59,34,17,8,4,14,28,15,60,43,53,1,32
record	m=15728640	24,6,13,44,19,50,20,10,57,39,12,51,35,49,9,36,23,58,2,16,54,27,33,30,26,22,21,42,25,38,41,37,61,47,7,56,18,45,52,11,40,5,3,48,29,46,31,62,55,59,17,34,4,8,28,14,60,15,43,53,32,1
207218444561240128913595378635408177150	cd=583	36,9,61,47,40,5,46,29,27,54,53,43,32,1,59,55,3,48,56,7,38,25,57,39,33,30,8,4,28,14,23,58,41,37,26,22,35,49,2,16,19,50,20,10,17,34,62,31,45,18,12,51,15,60,42,21,52,11,24,6,44,13
record	m=16515072	9,36,61,47,40,5,29,46,54,27,53,43,32,1,55,59,3,48,56,7,25,38,39,57,33,30,4,8,28,14,23,58,41,37,26,22,35,49,2,16,50,19,20,10,17,34,62,31,18,45,51,12,60,15,21,42,11,52,24,6,13,44
643656556802139005378079628440209916704	cd=383	56,7,30,33,46,29,47,61,59,55,50,19,9,36,54,27,12,51,57,39,15,60,13,44,26,22,18,45,3,48,34,17,16,2,21,42,6,24,31,62,40,5,52,11,23,58,32,1,49,35,14,28,8,4,25,38,10,20,43,53,41,37
record	m=2359296	7,56,33,30,29,46,61,47,55,59,50,19,9,36,54,27,51,12,57,39,60,15,13,44,26,22,18,45,3,48,17,34,16,2,21,42,24,6,31,62,40,5,52,11,23,58,32,1,35,49,28,14,4,8,38,25,20,10,53,43,37,41
152335539460248993353427923837081541661	cd=551	37,41,22,26,48,3,27,54,42,21,19,50,44,13,10,20,49,35,1,32,52,11,24,6,45,18,53,43,29,46,47,61,5,40,59,55,38,25,15,60,34,17,56,7,23,58,2,16,33,30,36,9,12,51,57,39,14,28,62,31,4,8
record	m=6029312	41,37,26,22,3,48,54,27,21,42,50,19,13,44,20,10,35,49,32,1,52,11,24,6,18,45,53,43,29,46,47,61,40,5,55,59,25,38,60,15,17,34,7,56,58,23,2,16,30,33,9,36,51,12,57,39,14,28,31,62,4,8
416149047997800137453159826154295845396	cd=259	33,30,54,27,62,31,43,53,24,6,1,32,10,20,9,36,42,21,39,57,50,19,8,4,44,13,17,34,48,3,29,46,56,7,23,58,41,37,26,22,52,11,47,61,14,28,59,55,49,35,5,40,15,60,45,18,2,16,51,12,38,25
record	m=7864320	33,30,54,27,62,31,53,43,24,6,32,1,20,10,9,36,21,42,57,39,50,19,4,8,13,44,34,17,3,48,29,46,7,56,58,23,37,41,22,26,52,11,61,47,28,14,55,59,35,49,40,5,15,60,45,18,2,16,51,12,25,38
538381720899820316766867866999909391067	cd=439	13,44,34,17,43,53,46,29,37,41,49,35,57,39,52,11,27,54,4,8,14,28,24,6,10,20,2,16,9,36,18,45,51,12,21,42,55,59,32,1,56,7,22,26,50,19,30,33,3,48,58,23,40,5,25,38,60,15,61,47,62,31
record	m=5505024	13,44,34,17,53,43,29,46,41,37,35,49,57,39,52,11,27,54,4,8,28,14,24,6,20,10,16,2,9,36,18,45,51,12,21,42,55,59,32,1,7,56,26,22,50,19,33,30,3,48,23,58,5,40,25,38,60,15,61,47,31,62
900542758258470844205944630470861741629	cd=407	21,42,2,16,7,56,30,33,15,60,5,40,23,58,49,35,8,4,24,6,31,62,61,47,34,17,29,46,59,55,25,38,53,43,1,32,51,12,22,26,28,14,44,13,3,48,37,41,9,36,45,18,57,39,20,10,27,54,50,19,11,52
record	m=27525120	21,42,2,16,7,56,33,30,60,15,40,5,23,58,35,49,4,8,24,6,31,62,61,47,34,17,46,29,55,59,25,38,53,43,32,1,51,12,26,22,28,14,13,44,48,3,41,37,9,36,18,45,57,39,20,10,54,27,19,50,11,52
154139774628200133696293129290195202311	cd=675	9,36,55,59,41,37,29,46,32,1,14,28,2,16,27,54,24,6,12,51,47,61,23,58,5,40,60,15,53,43,25,38,18,45,31,62,13,44,35,49,7,56,30,33,57,39,52,11,42,21,3,48,20,10,26,22,50,19,17,34,4,8
record	m=15138816	9,36,55,59,41,37,29,46,32,1,28,14,2,16,54,27,24,6,51,12,61,47,23,58,5,40,60,15,53,43,25,38,18,45,31,62,13,44,35,49,7,56,33,30,57,39,52,11,42,21,3,48,20,10,26,22,50,19,17,34,4,8
89131296572027521756211207792302605261	cd=451	39,57,55,59,13,44,19,50,3,48,21,42,35,49,60,15,28,14,38,25,32,1,33,30,45,18,11,52,17,34,56,7,62,31,58,23,20,10,16,2,54,27,12,51,6,24,26,22,5,40,43,53,29,46,36,9,61,47,37,41,8,4
record	m=2285568	57,39,55,59,13,44,19,50,3,48,21,42,35,49,60,15,28,14,25,38,32,1,33,30,18,45,52,11,17,34,7,56,31,62,23,58,20,10,16,2,54,27,51,12,24,6,26,22,5,40,53,43,29,46,36,9,61,47,41,37,4,8
282551074780563286978026357873628390581	cd=411	40,5,36,9,23,58,38,25,59,55,34,17,24,6,62,31,26,22,29,46,42,21,41,37,11,52,14,28,35,49,44,13,45,18,43,53,57,39,50,19,30,33,54,27,56,7,51,12,32,1,4,8,15,60,47,61,48,3,10,20,2,16
record	m=9175040	40,5,9,36,23,58,25,38,55,59,17,34,24,6,31,62,26,22,29,46,42,21,41,37,52,11,28,14,49,35,13,44,45,18,53,43,57,39,50,19,33,30,54,27,7,56,51,12,32,1,4,8,60,15,61,47,3,48,10,20,2,16
32936216706425349357559135046850182295	cd=363	3,48,12,51,55,59,35,49,34,17,8,4,46,29,7,56,16,2,39,57,10,20,60,15,53,43,11,52,45,18,62,31,24,6,28,14,41,37,23,58,54,27,36,9,40,5,19,50,25,38,44,13,22,26,42,21,30,33,47,61,32,1
record	m=1966080	3,48,12,51,55,59,35,49,34,17,4,8,29,46,7,56,2,16,57,39,20,10,60,15,43,53,52,11,18,45,31,62,24,6,28,14,41,37,23,58,54,27,36,9,40,5,19,50,38,25,13,44,26,22,21,42,33,30,61,47,32,1
372468572202403784940760569826426672466	cd=455	34,17,43,53,50,19,30,33,11,52,14,28,57,39,5,40,44,13,10,20,7,56,45,18,12,51,46,29,41,37,49,35,2,16,6,24,60,15,9,36,62,31,55,59,4,8,47,61,26,22,25,38,48,3,27,54,32,1,23,58,42,21
record	m=4128768	17,34,53,43,50,19,33,30,52,11,28,14,39,57,40,5,13,44,20,10,7,56,18,45,51,12,29,46,41,37,35,49,2,16,6,24,60,15,9,36,62,31,55,59,4,8,61,47,26,22,25,38,3,48,54,27,1,32,58,23,21,42
762339479414530372845657941652035074048	cd=399	18,45,37,41,47,61,59,55,11,52,57,39,20,10,32,1,17,34,4,8,22,26,2,16,40,5,15,60,38,25,43,53,6,24,12,51,42,21,48,3,46,29,27,54,7,56,31,62,36,9,14,28,35,49,23,58,30,33,50,19,13,44
record	m=36700160	18,45,41,37,61,47,55,59,52,11,57,39,20,10,32,1,17,34,4,8,26,22,2,16,40,5,60,15,25,38,53,43,24,6,51,12,21,42,3,48,29,46,54,27,7,56,62,31,9,36,28,14,35,49,23,58,30,33,50,19,44,13
911493929778161115370589026704238934863	cd=547	58,23,39,57,17,34,56,7,10,20,55,59,40,5,49,35,28,14,3,48,22,26,9,36,33,30,13,44,53,43,12,51,47,61,32,1,8,4,37,41,50,19,15,60,24,6,2,16,31,62,42,21,18,45,46,29,54,27,25,38,11,52
record	m=983040	23,58,57,39,17,34,7,56,20,10,59,55,5,40,35,49,14,28,48,3,26,22,36,9,33,30,13,44,53,43,51,12,61,47,32,1,4,8,41,37,50,19,15,60,24,6,2,16,31,62,21,42,18,45,29,46,54,27,25,38,11,52
941895719073208422125716069428138135336	cd=467	7,56,4,8,31,62,28,14,47,61,27,54,19,50,36,9,30,33,3,48,20,10,15,60,49,35,38,25,53,43,5,40,2,16,51,12,44,13,57,39,23,58,42,21,52,11,17,34,37,41,22,26,46,29,18,45,24,6,1,32,59,55
record	m=6422528	7,56,4,8,31,62,28,14,61,47,54,27,50,19,9,36,33,30,3,48,20,10,60,15,35,49,25,38,53,43,40,5,2,16,51,12,13,44,57,39,23,58,42,21,11,52,17,34,41,37,26,22,29,46,45,18,24,6,32,1,55,59
752351341156861244075029811707793771124	cd=363	37,41,46,29,34,17,20,10,48,3,47,61,26,22,16,2,32,1,24,6,9,36,15,60,4,8,57,39,54,27,19,50,14,28,58,23,59,55,35,49,45,18,40,5,25,38,7,56,44,13,53,43,11,52,30,33,51,12,31,62,21,42
record	m=16515072	41,37,29,46,17,34,20,10,3,48,61,47,26,22,2,16,32,1,24,6,9,36,60,15,4,8,57,39,54,27,50,19,28,14,23,58,59,55,35,49,18,45,40,5,25,38,7,56,13,44,53,43,11,52,33,30,51,12,31,62,21,42
157849345289007734432566915824296589182	cd=439	56,7,1,32,14,28,37,41,2,16,19,50,17,34,29,46,23,58,60,15,47,61,48,3,21,42,44,13,53,43,10,20,39,57,24,6,26,22,54,27,62,31,9,36,12,51,30,33,55,59,52,11,25,38,18,45,49,35,5,40,4,8
record	m=10321920	7,56,32,1,28,14,41,37,2,16,50,19,17,34,29,46,23,58,60,15,61,47,3,48,21,42,13,44,53,43,10,20,57,39,6,24,26,22,27,54,31,62,36,9,51,12,30,33,55,59,11,52,38,25,18,45,35,49,40,5,8,4
1028449121520510922689216926399438587222	cd=487	56,7,9,36,27,54,44,13,45,18,24,6,62,31,52,11,30,33,2,16,55,59,25,38,21,42,43,53,50,19,26,22,3,48,8,4,14,28,49,35,58,23,5,40,17,34,10,20,29,46,60,15,37,41,51,12,57,39,32,1,47,61
record	m=23855104	7,56,9,36,54,27,13,44,45,18,24,6,31,62,52,11,33,30,2,16,55,59,25,38,21,42,43,53,50,19,26,22,3,48,4,8,28,14,35,49,23,58,5,40,17,34,20,10,29,46,60,15,41,37,12,51,57,39,32,1,61,47
897874036668497075218587979596591865570	cd=331	43,53,51,12,28,14,23,58,44,13,10,20,9,36,38,25,19,50,46,29,24,6,57,39,21,42,35,49,5,40,37,41,62,31,45,18,1,32,26,22,56,7,61,47,54,27,15,60,48,3,17,34,59,55,33,30,8,4,2,16,11,52
record	m=9175040	53,43,51,12,28,14,23,58,44,13,20,10,9,36,38,25,50,19,29,46,24,6,57,39,21,42,35,49,40,5,41,37,31,62,18,45,32,1,26,22,7,56,61,47,54,27,60,15,3,48,17,34,55,59,33,30,4,8,2,16,11,52
936017088925262673114467903711337932690	cd=455	11,52,53,43,49,35,36,9,23,58,47,61,24,6,39,57,42,21,1,32,60,15,48,3,40,5,2,16,14,28,13,44,4,8,17,34,27,54,7,56,12,51,46,29,45,18,62,31,19,50,38,25,20,10,30,33,37,41,26,22,59,55
record	m=5505024	52,11,43,53,35,49,9,36,23,58,61,47,6,24,57,39,21,42,32,1,15,60,3,48,40,5,2,16,28,14,13,44,4,8,17,34,54,27,7,56,12,51,29,46,18,45,31,62,19,50,25,38,20,10,30,33,41,37,22,26,55,59
485954843419684658725591619101477040684	cd=431	11,52,57,39,53,43,61,47,1,32,20,10,4,8,33,30,31,62,36,9,5,40,51,12,23,58,35,49,25,38,50,19,16,2,48,3,27,54,22,26,55,59,15,60,6,24,41,37,56,7,46,29,34,17,45,18,21,42,44,13,14,28
record	m=6422528	52,11,57,39,53,43,61,47,32,1,20,10,4,8,33,30,31,62,36,9,40,5,51,12,23,58,35,49,25,38,50,19,2,16,3,48,54,27,26,22,55,59,60,15,24,6,37,41,7,56,29,46,17,34,45,18,21,42,13,44,28,14
382930393301282235314143929533344234091	cd=387	13,44,40,5,48,3,50,19,7,56,41,37,4,8,55,59,15,60,20,10,35,49,53,43,58,23,62,31,38,25,12,51,29,46,24,6,1,32,45,18,54,27,42,21,11,52,57,39,34,17,30,33,61,47,9,36,16,2,28,14,26,22
record	m=42172416	13,44,40,5,3,48,50,19,7,56,41,37,4,8,55,59,60,15,20,10,35,49,43,53,23,58,31,62,25,38,51,12,29,46,24,6,32,1,18,45,54,27,21,42,52,11,57,39,17,34,33,30,61,47,9,36,2,16,14,28,26,22
279951964556289352082367542704993654945	cd=491	10,20,17,34,49,35,6,24,22,26,52,11,37,41,53,43,3,48,40,5,51,12,13,44,56,7,31,62,15,60,23,58,61,47,32,1,45,18,38,25,29,46,50,19,33,30,55,59,8,4,54,27,36,9,57,39,21,42,28,14,2,16
record	m=405504	20,10,17,34,49,35,6,24,22,26,52,11,41,37,43,53,3,48,40,5,51,12,13,44,7,56,31,62,15,60,58,23,61,47,32,1,18,45,25,38,46,29,19,50,33,30,55,59,4,8,27,54,36,9,57,39,21,42,14,28,16,2
868240566274355055423544357677406396139	cd=355	29,46,10,20,40,5,16,2,25,38,61,47,11,52,30,33,45,18,42,21,53,43,7,56,17,34,35,49,14,28,32,1,37,41,39,57,44,13,23,58,8,4,55,59,26,22,27,54,36,9,3,48,60,15,51,12,62,31,6,24,19,50
record	m=5160960	29,46,20,10,40,5,2,16,25,38,61,47,52,11,33,30,18,45,21,42,43,53,7,56,17,34,35,49,28,14,32,1,41,37,57,39,13,44,58,23,4,8,55,59,26,22,27,54,36,9,3,48,60,15,51,12,31,62,24,6,50,19
495711626847714328754540165119990284844	cd=615	23,58,22,26,62,31,12,51,25,38,53,43,40,5,7,56,13,44,29,46,52,11,9,36,6,24,2,16,33,30,3,48,15,60,45,18,49,35,50,19,20,10,39,57,34,17,4,8,42,21,55,59,37,41,47,61,54,27,1,32,14,28
record	m=4128768	23,58,22,26,31,62,51,12,25,38,53,43,40,5,7,56,13,44,29,46,52,11,9,36,24,6,16,2,33,30,3,48,15,60,18,45,35,49,50,19,20,10,57,39,34,17,4,8,42,21,55,59,41,37,61,47,54,27,1,32,28,14
288191143292614518589770077782483577783	cd=539	8,4,35,49,36,9,61,47,57,39,41,37,42,21,26,22,38,25,60,15,58,23,27,54,59,55,45,18,43,53,28,14,56,7,1,32,62,31,17,34,29,46,10,20,44,13,11,52,6,24,12,51,19,50,3,48,40,5,33,30,2,16
record	m=1892352	4,8,35,49,9,36,61,47,57,39,41,37,21,42,26,22,25,38,60,15,23,58,54,27,55,59,18,45,53,43,14,28,7,56,32,1,31,62,34,17,46,29,20,10,13,44,11,52,24,6,12,51,50,19,48,3,40,5,30,33,2,16
437545894393236597731266178499667394755	cd=583	57,39,15,60,14,28,18,45,23,58,29,46,7,56,8,4,59,55,19,50,21,42,11,52,54,27,43,53,20,10,16,2,36,9,61,47,26,22,32,1,48,3,13,44,33,30,31,62,49,35,40,5,17,34,41,37,6,24,12,51,38,25
record	m=983040	57,39,60,15,28,14,18,45,23,58,29,46,7,56,8,4,59,55,50,19,21,42,11,52,54,27,43,53,20,10,16,2,9,36,61,47,26,22,32,1,48,3,13,44,33,30,31,62,35,49,40,5,17,34,41,37,6,24,12,51,25,38
939693120888319047144454562707098365158	cd=483	49,35,40,5,39,57,1,32,62,31,18,45,61,47,34,17,3,48,44,13,24,6,4,8,36,9,58,23,54,27,29,46,50,19,42,21,16,2,41,37,43,53,10,20,30,33,15,60,22,26,51,12,56,7,38,25,11,52,14,28,59,55
record	m=5505024	35,49,40,5,57,39,32,1,31,62,18,45,61,47,34,17,3,48,44,13,24,6,4,8,36,9,23,58,54,27,29,46,50,19,21,42,2,16,41,37,43,53,10,20,33,30,60,15,26,22,51,12,7,56,25,38,52,11,28,14,55,59
7013787095850794752128721458960269231	cd=371	42,21,26,22,58,23,31,62,40,5,30,33,4,8,55,59,24,6,45,18,19,50,37,41,11,52,35,49,16,2,38,25,28,14,60,15,3,48,36,9,44,13,10,20,61,47,57,39,34,17,54,27,29,46,53,43,7,56,51,12,32,1
record	m=1647360	21,42,26,22,23,58,31,62,40,5,33,30,4,8,55,59,24,6,45,18,50,19,41,37,52,11,35,49,2,16,25,38,28,14,60,15,3,48,9,36,13,44,20,10,47,61,39,57,17,34,54,27,46,29,43,53,7,56,51,12,32,1
980874597582764409961203006660427949417	cd=599	3,48,53,43,31,62,18,45,8,4,33,30,9,36,5,40,23,58,17,34,44,13,47,61,14,28,32,1,15,60,16,2,21,42,6,24,11,52,26,22,20,10,38,25,29,46,55,59,35,49,50,19,39,57,54,27,51,12,41,37,7,56
record	m=5505024	3,48,53,43,31,62,18,45,4,8,33,30,9,36,40,5,58,23,17,34,44,13,61,47,28,14,32,1,15,60,16,2,21,42,24,6,52,11,26,22,20,10,25,38,46,29,55,59,35,49,50,19,57,39,27,54,12,51,41,37,56,7
1061179255074015772675448114382010977865	cd=423	37,41,15,60,3,48,32,1,51,12,31,62,13,44,42,21,24,6,28,14,7,56,17,34,5,40,43,53,58,23,38,25,26,22,39,57,36,9,16,2,19,50,18,45,20,10,27,54,49,35,8,4,30,33,46,29,11,52,55,59,47,61
record	m=30277632	41,37,60,15,48,3,32,1,51,12,31,62,13,44,21,42,24,6,14,28,7,56,17,34,40,5,53,43,23,58,25,38,26,22,39,57,9,36,2,16,50,19,18,45,20,10,27,54,35,49,4,8,33,30,29,46,52,11,59,55,61,47
808116024921347779149903273534810646274	cd=451	28,14,4,8,48,3,10,20,15,60,34,17,54,27,35,49,50,19,30,33,23,58,55,59,62,31,29,46,36,9,18,45,41,37,12,51,32,1,11,52,2,16,40,5,38,25,53,43,56,7,13,44,21,42,26,22,24,6,57,39,61,47
record	m=33030144	28,14,4,8,3,48,20,10,60,15,17,34,54,27,35,49,50,19,33,30,23,58,55,59,31,62,29,46,9,36,18,45,41,37,51,12,32,1,52,11,2,16,40,5,25,38,53,43,7,56,13,44,21,42,26,22,24,6,57,39,47,61
714488534531964751523666928495890862521	cd=539	22,26,11,52,49,35,58,23,18,45,21,42,27,54,10,20,44,13,25,38,48,3,8,4,29,46,36,9,17,34,40,5,61,47,2,16,57,39,24,6,60,15,43,53,62,31,50,19,32,1,14,28,12,51,59,55,30,33,7,56,37,41
record	m=49201152	26,22,52,11,35,49,23,58,18,45,21,42,54,27,20,10,13,44,25,38,3,48,4,8,29,46,9,36,17,34,40,5,61,47,2,16,57,39,24,6,60,15,43,53,31,62,50,19,1,32,28,14,12,51,55,59,33,30,7,56,41,37
468439140227354173096813284986078863699	cd=539	20,10,33,30,23,58,41,37,32,1,7,56,29,46,12,51,42,21,14,28,35,49,52,11,5,40,8,4,53,43,15,60,25,38,61,47,9,36,17,34,3,48,19,50,57,39,55,59,18,45,24,6,16,2,27,54,31,62,13,44,22,26
record	m=20643840	20,10,33,30,23,58,41,37,32,1,7,56,29,46,51,12,21,42,28,14,49,35,52,11,40,5,4,8,43,53,60,15,25,38,61,47,9,36,17,34,3,48,50,19,57,39,59,55,45,18,24,6,16,2,54,27,62,31,13,44,26,22
772104665207528104760623690937279305907	cd=427	60,15,14,28,47,61,2,16,55,59,10,20,27,54,17,34,36,9,32,1,53,43,46,29,11,52,24,6,8,4,48,3,22,26,12,51,45,18,31,62,42,21,7,56,41,37,40,5,38,25,19,50,33,30,58,23,39,57,49,35,13,44
record	m=20275200	60,15,28,14,61,47,16,2,55,59,10,20,54,27,17,34,9,36,32,1,53,43,29,46,52,11,24,6,4,8,3,48,26,22,51,12,18,45,31,62,42,21,7,56,41,37,40,5,25,38,50,19,33,30,23,58,57,39,49,35,13,44
900937786651954996345378583739820947640	cd=611	10,20,13,44,37,41,28,14,4,8,60,15,17,34,46,29,18,45,57,39,7,56,27,54,22,26,23,58,16,2,24,6,53,43,38,25,12,51,62,31,32,1,48,3,40,5,9,36,55,59,19,50,35,49,47,61,30,33,42,21,11,52
record	m=16777216	20,10,13,44,41,37,28,14,4,8,60,15,17,34,29,46,18,45,57,39,7,56,54,27,26,22,58,23,2,16,6,24,53,43,25,38,51,12,31,62,32,1,48,3,40,5,9,36,55,59,50,19,35,49,61,47,33,30,21,42,52,11
562624681422520210725022483266794391937	cd=511	39,57,34,17,19,50,49,35,59,55,43,53,6,24,29,46,41,37,51,12,11,52,62,31,45,18,10,20,22,26,44,13,60,15,30,33,47,61,40,5,58,23,27,54,4,8,56,7,25,38,3,48,2,16,36,9,42,21,14,28,1,32
record	m=36700160	57,39,17,34,50,19,35,49,55,59,53,43,24,6,29,46,41,37,51,12,52,11,31,62,18,45,20,10,26,22,13,44,15,60,30,33,61,47,40,5,58,23,54,27,8,4,7,56,25,38,3,48,2,16,9,36,21,42,14,28,32,1
1074492854013486642700059780259428612919	cd=375	48,3,21,42,56,7,44,13,12,51,22,26,25,38,18,45,24,6,52,11,33,30,57,39,35,49,14,28,40,5,60,15,29,46,2,16,23,58,55,59,47,61,17,34,43,53,9,36,54,27,8,4,41,37,19,50,32,1,10,20,31,62
record	m=7569408	3,48,21,42,7,56,13,44,12,51,26,22,25,38,18,45,24,6,52,11,33,30,57,39,35,49,28,14,40,5,15,60,29,46,2,16,23,58,55,59,61,47,34,17,53,43,9,36,27,54,4,8,41,37,50,19,1,32,20,10,31,62
690659190292494964488895400060697314705	cd=439	11,52,7,56,47,61,5,40,10,20,30,33,19,50,8,4,16,2,58,23,26,22,21,42,31,62,1,32,57,39,6,24,48,3,34,17,13,44,59,55,36,9,35,49,53,43,38,25,18,45,54,27,28,14,46,29,15,60,51,12,37,41
record	m=24772608	52,11,7,56,61,47,40,5,20,10,33,30,50,19,4,8,2,16,23,58,26,22,21,42,31,62,32,1,57,39,24,6,3,48,17,34,44,13,55,59,9,36,35,49,53,43,25,38,18,45,54,27,28,14,29,46,60,15,51,12,41,37
1056138475446882482024058814692759530382	cd=307	57,39,21,42,54,27,23,58,38,25,10,20,5,40,34,17,43,53,31,62,29,46,6,24,1,32,49,35,45,18,55,59,8,4,33,30,19,50,48,3,9,36,37,41,22,26,28,14,16,2,15,60,51,12,56,7,44,13,11,52,47,61
record	m=49545216	57,39,21,42,54,27,23,58,25,38,20,10,40,5,17,34,53,43,31,62,29,46,24,6,32,1,35,49,18,45,55,59,4,8,33,30,50,19,3,48,9,36,37,41,26,22,28,14,2,16,60,15,51,12,7,56,13,44,52,11,47,61
163538474003986035446655747452923428000	cd=635	35,49,16,2,43,53,38,25,37,41,60,15,40,5,28,14,62,31,21,42,44,13,17,34,7,56,30,33,36,9,58,23,22,26,12,51,29,46,57,39,24,6,18,45,59,55,27,54,19,50,48,3,20,10,47,61,32,1,11,52,4,8
record	m=9732096	35,49,2,16,53,43,25,38,41,37,60,15,40,5,28,14,31,62,21,42,13,44,34,17,7,56,30,33,9,36,23,58,26,22,51,12,29,46,39,57,6,24,18,45,55,59,54,27,50,19,3,48,20,10,47,61,32,1,11,52,4,8
778392196485673841979299674140756233095	cd=627	37,41,36,9,23,58,12,51,33,30,19,50,47,61,53,43,49,35,40,5,21,42,8,4,39,57,28,14,26,22,15,60,34,17,20,10,38,25,52,11,31,62,1,32,7,56,16,2,27,54,6,24,3,48,55,59,18,45,29,46,13,44
record	m=5406720	41,37,9,36,23,58,51,12,33,30,50,19,61,47,53,43,35,49,40,5,21,42,4,8,57,39,14,28,26,22,60,15,17,34,20,10,25,38,52,11,31,62,1,32,7,56,16,2,54,27,24,6,3,48,55,59,18,45,29,46,13,44
490560604381267903676225529690774997479	cd=655	10,20,19,50,37,41,16,2,12,51,54,27,34,17,60,15,26,22,52,11,25,38,40,5,3,48,35,49,8,4,18,45,33,30,47,61,7,56,59,55,39,57,42,21,53,43,1,32,31,62,36,9,46,29,44,13,6,24,58,23,14,28
record	m=11796480	20,10,50,19,41,37,2,16,51,12,54,27,17,34,60,15,26,22,52,11,25,38,40,5,3,48,35,49,4,8,18,45,33,30,61,47,7,56,55,59,57,39,21,42,43,53,32,1,62,31,9,36,29,46,13,44,24,6,23,58,28,14
743371866866001445759364172365955444728	cd=451	38,25,50,19,58,23,60,15,37,41,17,34,10,20,4,8,44,13,26,22,52,11,62,31,59,55,32,1,45,18,30,33,36,9,6,24,39,57,48,3,14,28,40,5,7,56,46,29,49,35,27,54,16,2,12,51,53,43,61,47,21,42
record	m=11354112	25,38,50,19,23,58,60,15,41,37,17,34,20,10,4,8,13,44,26,22,52,11,31,62,55,59,32,1,18,45,33,30,9,36,24,6,57,39,3,48,28,14,40,5,7,56,29,46,35,49,54,27,2,16,51,12,53,43,61,47,21,42
501150560611040637917549760378162591961	cd=471	7,56,45,18,40,5,52,11,35,49,33,30,9,36,2,16,51,12,10,20,46,29,60,15,3,48,38,25,13,44,19,50,43,53,17,34,1,32,47,61,8,4,23,58,6,24,26,22,55,59,62,31,39,57,21,42,27,54,37,41,14,28
record	m=11010048	7,56,18,45,40,5,52,11,35,49,33,30,9,36,2,16,51,12,20,10,29,46,60,15,3,48,25,38,13,44,19,50,53,43,17,34,32,1,61,47,4,8,58,23,6,24,22,26,59,55,31,62,57,39,21,42,54,27,41,37,28,14
590314533952520931250833158052770345146	cd=527	57,39,41,37,34,17,28,14,18,45,52,11,43,53,10,20,46,29,5,40,1,32,9,36,33,30,12,51,25,38,59,55,23,58,47,61,27,54,15,60,24,6,62,31,21,42,4,8,48,3,22,26,44,13,56,7,2,16,50,19,49,35
record	m=15138816	57,39,41,37,17,34,14,28,18,45,52,11,43,53,10,20,29,46,40,5,32,1,9,36,33,30,51,12,25,38,55,59,23,58,61,47,54,27,60,15,24,6,31,62,21,42,4,8,3,48,26,22,13,44,56,7,2,16,50,19,35,49
61385758796231303601284351123186810832	cd=487	51,12,42,21,14,28,25,38,47,61,50,19,48,3,13,44,56,7,29,46,62,31,60,15,33,30,45,18,59,55,23,58,52,11,40,5,24,6,54,27,1,32,10,20,8,4,22,26,37,41,49,35,36,9,57,39,34,17,43,53,16,2
record	m=8785920	51,12,21,42,28,14,25,38,61,47,50,19,3,48,44,13,7,56,29,46,31,62,60,15,33,30,18,45,55,59,23,58,52,11,40,5,24,6,54,27,1,32,20,10,4,8,26,22,41,37,35,49,9,36,39,57,17,34,43,53,16,2
1027673910208274637440864309254847477841	cd=511	22,26,48,3,37,41,60,15,24,6,42,21,8,4,29,46,36,9,32,1,38,25,28,14,58,23,18,45,61,47,49,35,27,54,20,10,56,7,2,16,44,13,50,19,33,30,17,34,5,40,52,11,43,53,39,57,51,12,31,62,55,59
record	m=30277632	26,22,3,48,41,37,60,15,24,6,21,42,4,8,29,46,9,36,1,32,25,38,28,14,23,58,18,45,61,47,35,49,54,27,20,10,7,56,16,2,13,44,19,50,30,33,17,34,40,5,52,11,43,53,57,39,51,12,31,62,55,59
508646860388374211644888003668976758675	cd=607	22,26,7,56,58,23,18,45,1,32,42,21,3,48,43,53,33,30,54,27,35,49,8,4,9,36,46,29,20,10,16,2,11,52,47,61,5,40,38,25,24,6,13,44,19,50,60,15,17,34,37,41,31,62,12,51,57,39,59,55,14,28
record	m=1523712	26,22,7,56,58,23,18,45,32,1,21,42,3,48,53,43,33,30,54,27,35,49,4,8,36,9,29,46,20,10,16,2,52,11,61,47,40,5,25,38,6,24,13,44,19,50,60,15,17,34,41,37,31,62,12,51,57,39,59,55,28,14
541077538002213970539931037883926160410	cd=427	7,56,9,36,35,49,38,25,24,6,20,10,16,2,50,19,27,54,57,39,53,43,18,45,42,21,47,61,58,23,34,17,46,29,59,55,15,60,41,37,32,1,52,11,40,5,8,4,14,28,13,44,26,22,48,3,33,30,12,51,62,31
record	m=22020096	7,56,9,36,35,49,25,38,6,24,20,10,2,16,50,19,54,27,57,39,53,43,18,45,21,42,61,47,23,58,17,34,29,46,55,59,60,15,41,37,32,1,52,11,40,5,8,4,28,14,13,44,26,22,3,48,30,33,12,51,31,62
421685075553512927023058274053838944545	cd=467	33,30,11,52,44,13,59,55,7,56,1,32,20,10,16,2,26,22,23,58,9,36,41,37,14,28,18,45,61,47,5,40,4,8,48,3,15,60,39,57,24,6,31,62,27,54,49,35,53,43,51,12,46,29,34,17,50,19,42,21,38,25
record	m=4816896	33,30,52,11,13,44,55,59,7,56,32,1,20,10,2,16,26,22,58,23,9,36,41,37,28,14,18,45,61,47,40,5,8,4,3,48,60,15,57,39,24,6,31,62,27,54,35,49,43,53,51,12,29,46,34,17,50,19,42,21,38,25
50511597695687540811160312512423228827	cd=615	56,7,17,34,38,25,61,47,33,30,19,50,20,10,54,27,62,31,55,59,51,12,39,57,52,11,4,8,36,9,3,48,15,60,40,5,35,49,22,26,44,13,43,53,18,45,58,23,37,41,42,21,28,14,29,46,6,24,1,32,16,2
record	m=3211264	7,56,17,34,38,25,61,47,33,30,50,19,20,10,54,27,62,31,55,59,51,12,57,39,52,11,4,8,36,9,3,48,15,60,40,5,35,49,26,22,13,44,53,43,18,45,23,58,41,37,21,42,14,28,46,29,24,6,32,1,2,16
125961536622930820168874987527217847438	cd=687	24,6,1,32,37,41,14,28,36,9,43,53,29,46,58,23,59,55,8,4,52,11,49,35,51,12,42,21,44,13,33,30,16,2,3,48,19,50,20,10,25,38,61,47,22,26,54,27,5,40,62,31,57,39,15,60,17,34,18,45,56,7
record	m=11010048	24,6,32,1,41,37,28,14,9,36,53,43,29,46,23,58,55,59,4,8,52,11,35,49,51,12,21,42,44,13,33,30,2,16,3,48,50,19,20,10,25,38,47,61,26,22,27,54,40,5,31,62,57,39,15,60,17,34,18,45,7,56
499514904677226177458337871419363937306	cd=387	32,1,26,22,37,41,40,5,58,23,43,53,25,38,62,31,10,20,19,50,4,8,30,33,48,3,47,61,52,11,35,49,9,36,56,7,17,34,15,60,45,18,42,21,2,16,51,12,46,29,44,13,55,59,24,6,54,27,57,39,14,28
record	m=5406720	32,1,26,22,41,37,40,5,23,58,53,43,25,38,31,62,20,10,50,19,4,8,33,30,3,48,61,47,11,52,49,35,9,36,7,56,17,34,60,15,45,18,21,42,2,16,51,12,29,46,44,13,55,59,24,6,54,27,57,39,14,28
450362851458125365327464671526058856036	cd=547	40,5,13,44,8,4,3,48,35,49,25,38,18,45,23,58,41,37,17,34,10,20,1,32,46,29,16,2,27,54,60,15,36,9,31,62,56,7,59,55,50,19,14,28,57,39,24,6,33,30,61,47,12,51,43,53,21,42,52,11,22,26
record	m=1892352	40,5,13,44,4,8,3,48,35,49,25,38,18,45,23,58,41,37,17,34,20,10,32,1,29,46,2,16,54,27,60,15,9,36,62,31,7,56,55,59,50,19,28,14,39,57,6,24,33,30,61,47,51,12,53,43,42,21,52,11,26,22
456239645040905024393183879957814628863	cd=431	30,33,39,57,17,34,37,41,50,19,48,3,36,9,2,16,60,15,6,24,4,8,13,44,55,59,58,23,35,49,61,47,51,12,40,5,54,27,11,52,14,28,10,20,38,25,18,45,56,7,43,53,29,46,32,1,62,31,42,21,22,26
record	m=5505024	33,30,57,39,17,34,41,37,50,19,3,48,9,36,2,16,60,15,24,6,8,4,13,44,55,59,23,58,35,49,61,47,51,12,40,5,54,27,11,52,28,14,20,10,25,38,18,45,7,56,53,43,46,29,1,32,31,62,42,21,22,26
448651974142153810237165596707925233378	cd=487	33,30,24,6,44,13,41,37,39,57,1,32,40,5,47,61,20,10,34,17,11,52,2,16,8,4,38,25,43,53,50,19,21,42,15,60,18,45,58,23,46,29,51,12,31,62,49,35,48,3,14,28,54,27,36,9,59,55,56,7,22,26
record	m=9633792	33,30,24,6,13,44,41,37,57,39,32,1,5,40,61,47,10,20,17,34,52,11,2,16,4,8,25,38,53,43,50,19,21,42,60,15,18,45,23,58,29,46,51,12,31,62,35,49,48,3,14,28,54,27,36,9,59,55,56,7,26,22
292796008655136523173077133419337057882	cd=491	42,21,44,13,39,57,11,52,20,10,3,48,43,53,28,14,31,62,18,45,46,29,24,6,19,50,8,4,61,47,54,27,30,33,1,32,5,40,23,58,60,15,34,17,22,26,25,38,59,55,49,35,9,36,56,7,12,51,41,37,2,16
record	m=14680064	21,42,13,44,57,39,52,11,10,20,3,48,53,43,14,28,31,62,18,45,29,46,24,6,50,19,4,8,61,47,54,27,30,33,32,1,40,5,58,23,15,60,17,34,26,22,38,25,59,55,35,49,9,36,7,56,51,12,41,37,2,16
874129855011740421233067940416126118713	cd=339	11,52,29,46,39,57,12,51,45,18,60,15,55,59,13,44,48,3,14,28,4,8,17,34,49,35,38,25,26,22,24,6,23,58,42,21,20,10,54,27,9,36,2,16,47,61,5,40,43,53,41,37,31,62,32,1,7,56,30,33,19,50
record	m=1179648	52,11,29,46,57,39,51,12,18,45,60,15,55,59,13,44,48,3,14,28,4,8,17,34,49,35,25,38,26,22,24,6,23,58,42,21,20,10,27,54,36,9,2,16,61,47,40,5,53,43,37,41,31,62,1,32,56,7,33,30,50,19
732458034512583715867989360373753626987	cd=571	7,56,54,27,14,28,5,40,48,3,19,50,4,8,37,41,34,17,45,18,11,52,49,35,51,12,6,24,36,9,44,13,33,30,10,20,61,47,16,2,15,60,43,53,46,29,22,26,59,55,32,1,57,39,23,58,31,62,38,25,21,42
record	m=9732096	7,56,54,27,28,14,40,5,3,48,50,19,4,8,41,37,17,34,18,45,52,11,35,49,51,12,24,6,9,36,13,44,33,30,20,10,47,61,2,16,60,15,53,43,29,46,26,22,55,59,32,1,57,39,23,58,31,62,25,38,21,42
719319824498763661243416604442635594633	cd=431	46,29,52,11,12,51,57,39,7,56,27,54,35,49,1,32,25,38,62,31,18,45,14,28,61,47,16,2,13,44,15,60,36,9,26,22,23,58,19,50,37,41,4,8,20,10,6,24,33,30,55,59,53,43,40,5,34,17,48,3,21,42
record	m=10321920	29,46,52,11,51,12,57,39,7,56,54,27,35,49,32,1,25,38,31,62,18,45,28,14,61,47,16,2,13,44,60,15,9,36,22,26,23,58,19,50,41,37,4,8,20,10,24,6,33,30,55,59,53,43,40,5,17,34,3,48,21,42
432400450700240867494361138786826618028	cd=511	46,29,58,23,50,19,33,30,2,16,13,44,45,18,32,1,48,3,51,12,40,5,11,52,42,21,14,28,36,9,10,20,17,34,39,57,37,41,26,22,6,24,62,31,59,55,8,4,15,60,54,27,7,56,47,61,49,35,53,43,38,25
record	m=13271040	29,46,23,58,50,19,33,30,2,16,13,44,45,18,32,1,48,3,51,12,40,5,52,11,21,42,28,14,9,36,20,10,17,34,39,57,37,41,26,22,24,6,31,62,55,59,4,8,60,15,27,54,7,56,61,47,35,49,43,53,25,38
363970084098496522170957839206909951200	cd=395	12,51,31,62,18,45,35,49,54,27,6,24,41,37,17,34,38,25,26,22,8,4,32,1,39,57,48,3,29,46,9,36,20,10,56,7,14,28,5,40,23,58,2,16,11,52,33,30,53,43,55,59,61,47,15,60,50,19,13,44,42,21
record	m=15138816	51,12,31,62,18,45,35,49,54,27,24,6,37,41,17,34,38,25,26,22,4,8,32,1,57,39,3,48,29,46,9,36,20,10,7,56,28,14,40,5,58,23,2,16,11,52,33,30,53,43,55,59,61,47,15,60,50,19,13,44,21,42
863884161005331312563800366139475550755	cd=455	5,40,25,38,56,7,44,13,12,51,42,21,61,47,59,55,58,23,43,53,54,27,49,35,26,22,16,2,24,6,57,39,36,9,1,32,10,20,46,29,62,31,14,28,11,52,30,33,8,4,34,17,18,45,48,3,37,41,60,15,19,50
record	m=14680064	40,5,25,38,7,56,13,44,12,51,21,42,61,47,55,59,23,58,53,43,54,27,35,49,26,22,2,16,24,6,57,39,9,36,1,32,20,10,46,29,62,31,28,14,11,52,33,30,4,8,17,34,18,45,3,48,41,37,60,15,19,50
290828912094715103910063816793905350333	cd=415	18,45,51,12,25,38,40,5,11,52,31,62,23,58,53,43,27,54,49,35,47,61,7,56,42,21,48,3,59,55,1,32,28,14,36,9,39,57,33,30,29,46,4,8,10,20,6,24,19,50,13,44,37,41,60,15,26,22,17,34,2,16
record	m=82575360	18,45,51,12,25,38,40,5,52,11,31,62,23,58,53,43,54,27,35,49,61,47,7,56,21,42,3,48,55,59,32,1,28,14,9,36,57,39,33,30,29,46,4,8,10,20,24,6,50,19,44,13,41,37,60,15,26,22,17,34,2,16
806532598695066327002061040961027290519	cd=459	52,11,7,56,53,43,5,40,38,25,35,49,20,10,19,50,42,21,45,18,12,51,26,22,62,31,27,54,23,58,24,6,55,59,60,15,4,8,1,32,33,30,13,44,16,2,14,28,41,37,3,48,39,57,34,17,46,29,9,36,61,47
record	m=16515072	52,11,7,56,53,43,40,5,25,38,35,49,20,10,50,19,21,42,18,45,51,12,26,22,31,62,54,27,23,58,24,6,55,59,60,15,4,8,32,1,33,30,13,44,2,16,14,28,41,37,3,48,39,57,34,17,46,29,36,9,61,47
947483335890798138746313289630686928126	cd=499	56,7,12,51,1,32,9,36,54,27,28,14,39,57,34,17,61,47,23,58,22,26,18,45,43,53,48,3,10,20,46,29,33,30,16,2,40,5,60,15,11,52,4,8,25,38,49,35,62,31,24,6,42,21,13,44,19,50,37,41,59,55
record	m=3244032	7,56,51,12,32,1,36,9,54,27,28,14,39,57,17,34,47,61,23,58,22,26,18,45,53,43,3,48,20,10,29,46,33,30,2,16,40,5,60,15,11,52,4,8,25,38,35,49,31,62,24,6,21,42,13,44,50,19,41,37,55,59
693415930799078436054722203633571167266	cd=547	49,35,5,40,10,20,2,16,29,46,38,25,31,62,19,50,47,61,30,33,24,6,60,15,3,48,55,59,4,8,13,44,39,57,54,27,42,21,51,12,9,36,23,58,18,45,32,1,28,14,43,53,52,11,7,56,26,22,34,17,37,41
record	m=5406720	35,49,40,5,20,10,16,2,46,29,25,38,31,62,50,19,61,47,33,30,24,6,60,15,3,48,55,59,4,8,13,44,57,39,54,27,21,42,51,12,9,36,23,58,18,45,32,1,28,14,43,53,52,11,56,7,26,22,17,34,41,37
550193654142866610826540270960691651310	cd=535	41,37,43,53,31,62,20,10,48,3,18,45,21,42,59,55,2,16,35,49,40,5,58,23,39,57,30,33,8,4,36,9,29,46,34,17,15,60,38,25,27,54,44,13,6,24,11,52,19,50,22,26,14,28,47,61,12,51,56,7,1,32
record	m=33030144	41,37,53,43,31,62,20,10,3,48,18,45,21,42,55,59,2,16,35,49,40,5,23,58,57,39,33,30,4,8,36,9,29,46,17,34,60,15,25,38,54,27,13,44,24,6,52,11,50,19,26,22,28,14,61,47,51,12,7,56,1,32
104703055254078925270646957487360625867	cd=451	30,33,51,12,5,40,47,61,16,2,49,35,22,26,14,28,54,27,45,18,60,15,39,57,19,50,11,52,4,8,34,17,46,29,25,38,48,3,32,1,21,42,41,37,23,58,55,59,24,6,44,13,9,36,53,43,62,31,20,10,56,7
record	m=9830400	33,30,51,12,40,5,61,47,2,16,35,49,26,22,28,14,54,27,18,45,60,15,57,39,50,19,52,11,4,8,17,34,29,46,38,25,3,48,32,1,21,42,41,37,23,58,55,59,24,6,13,44,9,36,53,43,31,62,20,10,7,56
1003903466219665517007640991804155713453	cd=487	10,20,32,1,31,62,16,2,46,29,6,24,60,15,45,18,27,54,56,7,33,30,25,38,3,48,21,42,57,39,44,13,5,40,37,41,35,49,14,28,36,9,43,53,17,34,47,61,26,22,23,58,12,51,52,11,4,8,50,19,55,59
record	m=20447232	20,10,32,1,31,62,2,16,29,46,24,6,60,15,45,18,54,27,7,56,33,30,25,38,3,48,21,42,57,39,13,44,40,5,41,37,35,49,14,28,9,36,53,43,17,34,47,61,26,22,23,58,51,12,52,11,8,4,50,19,55,59
461610354931931836300396494575739395885	cd=467	51,12,15,60,37,41,53,43,39,57,9,36,54,27,13,44,31,62,10,20,56,7,49,35,28,14,3,48,2,16,61,47,21,42,40,5,19,50,18,45,46,29,11,52,24,6,8,4,34,17,58,23,30,33,59,55,38,25,1,32,22,26
record	m=802816	51,12,60,15,41,37,43,53,57,39,9,36,54,27,13,44,31,62,20,10,7,56,35,49,28,14,3,48,2,16,47,61,21,42,40,5,19,50,18,45,29,46,52,11,24,6,8,4,17,34,23,58,30,33,55,59,25,38,32,1,26,22
83614810873864204520174143246673712452	cd=279	34,17,16,2,44,13,49,35,19,50,41,37,26,22,47,61,20,10,25,38,43,53,7,56,29,46,14,28,57,39,58,23,1,32,52,11,5,40,24,6,55,59,54,27,9,36,42,21,30,33,3,48,18,45,12,51,60,15,62,31,8,4
record	m=2949120	17,34,2,16,13,44,35,49,50,19,41,37,26,22,61,47,10,20,25,38,53,43,7,56,29,46,28,14,39,57,23,58,32,1,11,52,40,5,6,24,59,55,54,27,9,36,21,42,30,33,3,48,18,45,51,12,60,15,62,31,4,8
319910210783619797381316192904792896296	cd=543	41,37,17,34,32,1,28,14,18,45,54,27,62,31,44,13,24,6,57,39,36,9,23,58,61,47,29,46,60,15,8,4,33,30,48,3,35,49,55,59,10,20,51,12,7,56,52,11,25,38,42,21,2,16,53,43,40,5,22,26,50,19
record	m=12386304	41,37,17,34,32,1,28,14,18,45,54,27,31,62,13,44,24,6,57,39,9,36,23,58,61,47,29,46,60,15,4,8,33,30,3,48,35,49,55,59,10,20,51,12,7,56,52,11,25,38,42,21,16,2,43,53,5,40,26,22,50,19
902765549522579896414248500203976041876	cd=403	10,20,43,53,23,58,55,59,38,25,37,41,33,30,27,54,49,35,46,29,26,22,4,8,15,60,21,42,31,62,28,14,56,7,9,36,45,18,48,3,32,1,50,19,47,61,12,51,17,34,57,39,44,13,5,40,2,16,6,24,11,52
record	m=13762560	20,10,53,43,23,58,55,59,25,38,41,37,33,30,54,27,35,49,29,46,26,22,4,8,60,15,21,42,31,62,28,14,7,56,9,36,18,45,3,48,32,1,50,19,61,47,12,51,17,34,39,57,13,44,5,40,2,16,6,24,52,11
432902726417695694120513344969314569948	cd=491	9,36,50,19,27,54,46,29,14,28,5,40,16,2,22,26,37,41,11,52,61,47,23,58,31,62,51,12,8,4,15,60,18,45,20,10,33,30,43,53,24,6,35,49,3,48,55,59,56,7,32,1,42,21,57,39,34,17,13,44,38,25
record	m=3211264	9,36,50,19,54,27,29,46,28,14,40,5,2,16,26,22,41,37,52,11,61,47,23,58,31,62,51,12,4,8,60,15,18,45,20,10,33,30,53,43,24,6,35,49,48,3,55,59,7,56,32,1,21,42,57,39,34,17,13,44,38,25
877965059619631258550854004893010541146	cd=431	49,35,14,28,25,38,30,33,2,16,3,48,26,22,56,7,1,32,31,62,6,24,58,23,11,52,39,57,43,53,27,54,40,5,44,13,36,9,29,46,42,21,17,34,20,10,12,51,18,45,59,55,60,15,4,8,47,61,37,41,19,50
record	m=5505024	35,49,28,14,25,38,33,30,2,16,3,48,26,22,7,56,32,1,62,31,24,6,23,58,52,11,57,39,53,43,54,27,40,5,44,13,36,9,29,46,42,21,17,34,20,10,12,51,18,45,55,59,60,15,4,8,61,47,41,37,50,19
302091904651292386390717904696114503456	cd=551	49,35,59,55,28,14,34,17,30,33,39,57,50,19,47,61,4,8,3,48,12,51,20,10,9,36,42,21,5,40,46,29,56,7,32,1,62,31,13,44,45,18,11,52,58,23,6,24,22,26,15,60,41,37,38,25,53,43,27,54,2,16
record	m=11010048	35,49,55,59,28,14,34,17,33,30,57,39,50,19,61,47,4,8,3,48,51,12,20,10,9,36,21,42,40,5,29,46,7,56,32,1,62,31,13,44,45,18,52,11,23,58,6,24,22,26,60,15,41,37,25,38,53,43,54,27,2,16
1083104961286886054883744951310178176365	cd=323	45,18,21,42,15,60,55,59,17,34,48,3,40,5,4,8,44,13,35,49,7,56,28,14,20,10,53,43,9,36,33,30,54,27,61,47,19,50,23,58,11,52,39,57,41,37,51,12,46,29,26,22,32,1,6,24,2,16,25,38,31,62
record	m=64225280	18,45,21,42,60,15,55,59,17,34,3,48,40,5,4,8,13,44,35,49,7,56,28,14,20,10,53,43,9,36,33,30,54,27,61,47,50,19,23,58,52,11,57,39,41,37,12,51,29,46,26,22,32,1,24,6,16,2,25,38,31,62
965208475372923175371306532365081981659	cd=535	6,24,39,57,48,3,33,30,55,59,1,32,22,26,34,17,13,44,43,53,38,25,27,54,10,20,14,28,21,42,47,61,15,60,8,4,62,31,2,16,58,23,52,11,35,49,36,9,40,5,46,29,45,18,50,19,37,41,51,12,7,56
record	m=5505024	24,6,57,39,3,48,33,30,55,59,32,1,26,22,17,34,44,13,53,43,25,38,54,27,20,10,28,14,21,42,47,61,15,60,4,8,31,62,2,16,23,58,52,11,35,49,9,36,40,5,29,46,45,18,50,19,41,37,51,12,7,56
306006945419278265817391906293424447101	cd=555	44,13,23,58,31,62,43,53,18,45,24,6,54,27,29,46,4,8,21,42,55,59,35,49,50,19,57,39,11,52,56,7,5,40,12,51,38,25,48,3,36,9,37,41,26,22,14,28,17,34,32,1,10,20,30,33,15,60,47,61,2,16
record	m=7340032	13,44,58,23,31,62,53,43,18,45,24,6,54,27,29,46,4,8,21,42,55,59,35,49,50,19,57,39,52,11,7,56,40,5,51,12,25,38,3,48,36,9,37,41,26,22,28,14,34,17,32,1,20,10,33,30,60,15,61,47,16,2
342575012337253236521580254811284735561	cd=567	50,19,31,62,51,12,24,6,37,41,11,52,47,61,27,54,18,45,34,17,39,57,8,4,2,16,33,30,53,43,14,28,20,10,58,23,40,5,49,35,22,26,60,15,44,13,29,46,9,36,7,56,25,38,32,1,55,59,48,3,42,21
record	m=10321920	50,19,31,62,51,12,24,6,37,41,52,11,61,47,54,27,18,45,17,34,57,39,4,8,2,16,33,30,53,43,14,28,20,10,58,23,40,5,35,49,26,22,60,15,13,44,29,46,36,9,7,56,25,38,32,1,55,59,3,48,21,42
1090595828347299714378169631169796687588	cd=487	48,3,37,41,17,34,38,25,18,45,21,42,24,6,50,19,47,61,39,57,43,53,28,14,26,22,60,15,59,55,16,2,35,49,40,5,58,23,9,36,20,10,12,51,30,33,32,1,4,8,7,56,54,27,46,29,44,13,11,52,31,62
record	m=10485760	3,48,41,37,17,34,38,25,18,45,21,42,24,6,50,19,61,47,57,39,53,43,14,28,26,22,60,15,55,59,2,16,35,49,40,5,58,23,9,36,20,10,51,12,30,33,32,1,4,8,7,56,54,27,29,46,13,44,52,11,62,31
1083196584603624619521061057121072123544	cd=487	42,21,39,57,51,12,2,16,44,13,36,9,6,24,58,23,59,55,15,60,56,7,61,47,30,33,45,18,49,35,28,14,32,1,8,4,46,29,11,52,54,27,43,53,40,5,19,50,41,37,48,3,34,17,20,10,22,26,25,38,31,62
record	m=3440640	21,42,57,39,51,12,2,16,13,44,9,36,24,6,23,58,55,59,60,15,7,56,61,47,33,30,18,45,35,49,14,28,32,1,4,8,29,46,52,11,27,54,53,43,40,5,19,50,41,37,3,48,17,34,20,10,22,26,38,25,62,31
653352897757703475852660658363594543463	cd=579	20,10,16,2,40,5,22,26,28,14,59,55,27,54,37,41,24,6,12,51,46,29,53,43,30,33,32,1,47,61,17,34,44,13,36,9,19,50,52,11,42,21,48,3,60,15,23,58,35,49,62,31,56,7,39,57,18,45,4,8,25,38
record	m=86016	20,10,16,2,40,5,22,26,28,14,55,59,54,27,41,37,6,24,51,12,29,46,53,43,30,33,32,1,61,47,34,17,13,44,9,36,50,19,52,11,42,21,3,48,15,60,58,23,35,49,31,62,56,7,39,57,45,18,4,8,25,38
872399540025498575804790967974191172383	cd=435	17,34,57,39,59,55,5,40,33,30,26,22,21,42,46,29,43,53,28,14,38,25,23,58,6,24,3,48,41,37,4,8,15,60,32,1,11,52,45,18,9,36,12,51,7,56,54,27,35,49,44,13,2,16,47,61,20,10,62,31,19,50
record	m=1892352	17,34,57,39,59,55,5,40,33,30,26,22,21,42,46,29,53,43,14,28,25,38,23,58,24,6,3,48,41,37,4,8,60,15,1,32,11,52,45,18,9,36,51,12,7,56,54,27,35,49,13,44,2,16,47,61,20,10,31,62,19,50
324841007676481442756908234160879315715	cd=547	51,12,42,21,22,26,20,10,28,14,3,48,58,23,53,43,59,55,46,29,34,17,52,11,25,38,54,27,56,7,33,30,44,13,41,37,9,36,57,39,31,62,61,47,32,1,8,4,15,60,18,45,24,6,40,5,16,2,49,35,50,19
record	m=12845056	51,12,21,42,26,22,20,10,28,14,3,48,23,58,53,43,55,59,29,46,17,34,52,11,25,38,54,27,7,56,33,30,13,44,41,37,9,36,57,39,31,62,61,47,32,1,4,8,60,15,18,45,24,6,5,40,2,16,49,35,50,19
40462024328415741418372397013546232005	cd=427	54,27,46,29,48,3,37,41,60,15,44,13,50,19,7,56,4,8,42,21,1,32,39,57,35,49,17,34,36,9,58,23,6,24,26,22,52,11,5,40,45,18,25,38,31,62,10,20,61,47,28,14,43,53,59,55,30,33,51,12,16,2
record	m=10137600	54,27,29,46,3,48,41,37,60,15,13,44,19,50,7,56,4,8,21,42,32,1,57,39,35,49,34,17,9,36,23,58,24,6,26,22,52,11,40,5,18,45,25,38,62,31,20,10,47,61,28,14,43,53,59,55,33,30,12,51,2,16
706916309697942090358724587619026205383	cd=547	49,35,18,45,4,8,33,30,3,48,6,24,39,57,31,62,27,54,21,42,12,51,26,22,55,59,43,53,61,47,5,40,17,34,56,7,1,32,38,25,10,20,60,15,9,36,23,58,46,29,11,52,14,28,2,16,50,19,13,44,37,41
record	m=90832896	35,49,18,45,4,8,33,30,3,48,24,6,57,39,31,62,54,27,21,42,51,12,26,22,55,59,53,43,47,61,40,5,17,34,7,56,32,1,25,38,20,10,60,15,9,36,23,58,29,46,52,11,28,14,16,2,50,19,13,44,41,37
308816523910745362506175796680215006520	cd=435	27,54,55,59,23,58,10,20,43,53,36,9,5,40,47,61,30,33,24,6,46,29,12,51,35,49,45,18,31,62,14,28,41,37,34,17,7,56,2,16,3,48,38,25,44,13,1,32,60,15,26,22,39,57,52,11,21,42,8,4,50,19
record	m=12386304	54,27,55,59,23,58,20,10,53,43,9,36,40,5,61,47,33,30,24,6,29,46,12,51,35,49,18,45,31,62,28,14,41,37,17,34,7,56,2,16,48,3,25,38,13,44,32,1,15,60,26,22,39,57,52,11,42,21,4,8,50,19
644031323477032838360456964273863940379	cd=539	24,6,60,15,34,17,46,29,51,12,26,22,10,20,18,45,1,32,7,56,54,27,58,23,50,19,31,62,57,39,21,42,44,13,16,2,38,25,9,36,52,11,8,4,47,61,14,28,5,40,49,35,48,3,33,30,59,55,43,53,41,37
record	m=1720320	24,6,60,15,17,34,29,46,51,12,26,22,10,20,18,45,32,1,7,56,54,27,23,58,19,50,31,62,57,39,21,42,13,44,2,16,25,38,36,9,11,52,4,8,61,47,14,28,40,5,35,49,3,48,33,30,55,59,53,43,37,41
683561716126470927701002447509413201429	cd=515	23,58,8,4,17,34,30,33,48,3,43,53,22,26,46,29,54,27,59,55,36,9,47,61,52,11,5,40,1,32,42,21,35,49,56,7,20,10,6,24,19,50,13,44,39,57,16,2,18,45,12,51,15,60,37,41,14,28,31,62,25,38
record	m=4587520	23,58,8,4,17,34,33,30,3,48,53,43,26,22,29,46,54,27,55,59,9,36,61,47,52,11,40,5,1,32,21,42,35,49,7,56,20,10,24,6,50,19,44,13,57,39,2,16,18,45,51,12,60,15,41,37,28,14,31,62,38,25
505607563833421208801507224830683474916	cd=387	56,7,2,16,18,45,59,55,47,61,33,30,48,3,41,37,32,1,17,34,27,54,29,46,13,44,4,8,19,50,6,24,31,62,39,57,43,53,5,40,52,11,38,25,12,51,10,20,23,58,60,15,21,42,9,36,22,26,35,49,14,28
record	m=33030144	7,56,2,16,18,45,55,59,61,47,33,30,3,48,41,37,32,1,17,34,54,27,29,46,13,44,4,8,50,19,24,6,31,62,57,39,53,43,40,5,52,11,25,38,12,51,20,10,23,58,15,60,21,42,9,36,22,26,35,49,14,28
1021718491176033362101244489671624485891	cd=479	14,28,42,21,52,11,33,30,25,38,18,45,27,54,60,15,41,37,39,57,3,48,23,58,16,2,34,17,36,9,40,5,44,13,4,8,19,50,24,6,20,10,43,53,32,1,62,31,7,56,22,26,51,12,61,47,29,46,35,49,55,59
record	m=41287680	28,14,21,42,52,11,33,30,25,38,18,45,54,27,60,15,41,37,57,39,3,48,23,58,2,16,17,34,9,36,40,5,13,44,4,8,50,19,24,6,20,10,43,53,32,1,62,31,7,56,26,22,51,12,61,47,29,46,35,49,55,59
475588189775884127357903189047526143525	cd=479	10,20,51,12,39,57,37,41,24,6,45,18,8,4,5,40,30,33,38,25,2,16,11,52,34,17,61,47,35,49,14,28,9,36,60,15,46,29,48,3,59,55,31,62,42,21,54,27,13,44,32,1,53,43,7,56,50,19,23,58,22,26
record	m=10321920	20,10,51,12,57,39,41,37,6,24,18,45,4,8,40,5,33,30,25,38,2,16,52,11,17,34,47,61,35,49,14,28,9,36,60,15,29,46,3,48,55,59,31,62,21,42,54,27,13,44,1,32,53,43,7,56,19,50,23,58,26,22
1038892579716311501521996176351026732650	cd=459	34,17,37,41,42,21,27,54,29,46,3,48,40,5,1,32,24,6,57,39,31,62,55,59,35,49,26,22,60,15,7,56,36,9,10,20,53,43,2,16,13,44,52,11,33,30,38,25,51,12,58,23,14,28,18,45,8,4,50,19,47,61
record	m=31457280	17,34,41,37,21,42,54,27,29,46,3,48,40,5,1,32,24,6,57,39,31,62,55,59,35,49,26,22,60,15,7,56,9,36,20,10,43,53,16,2,13,44,11,52,33,30,25,38,51,12,23,58,28,14,18,45,4,8,50,19,61,47
732660931529194444150364719440309719172	cd=487	32,1,62,31,55,59,28,14,7,56,29,46,40,5,52,11,49,35,15,60,37,41,47,61,13,44,30,33,25,38,43,53,50,19,20,10,24,6,17,34,16,2,51,12,45,18,57,39,4,8,3,48,27,54,36,9,58,23,22,26,21,42
record	m=33030144	32,1,31,62,55,59,28,14,7,56,29,46,40,5,52,11,35,49,60,15,41,37,61,47,13,44,33,30,25,38,53,43,50,19,20,10,24,6,17,34,2,16,51,12,18,45,57,39,4,8,3,48,27,54,9,36,23,58,22,26,21,42
14574308864916501281380893989087698364	cd=407	23,58,52,11,3,48,59,55,4,8,13,44,38,25,40,5,35,49,36,9,54,27,26,22,12,51,41,37,20,10,18,45,29,46,30,33,19,50,57,39,6,24,62,31,2,16,53,43,15,60,34,17,56,7,61,47,21,42,14,28,32,1
record	m=7602176	23,58,52,11,3,48,55,59,4,8,13,44,25,38,40,5,35,49,9,36,54,27,26,22,51,12,41,37,20,10,18,45,29,46,33,30,50,19,57,39,6,24,31,62,2,16,53,43,60,15,17,34,7,56,61,47,42,21,28,14,32,1
920369393029570790649835854908633552204	cd=391	38,25,42,21,51,12,37,41,16,2,43,53,46,29,19,50,10,20,7,56,30,33,17,34,54,27,3,48,44,13,31,62,8,4,15,60,6,24,9,36,39,57,35,49,32,1,18,45,47,61,26,22,14,28,5,40,23,58,59,55,11,52
record	m=6881280	25,38,21,42,51,12,41,37,2,16,53,43,29,46,50,19,20,10,7,56,33,30,17,34,54,27,3,48,44,13,31,62,4,8,60,15,24,6,36,9,57,39,35,49,32,1,18,45,61,47,26,22,28,14,40,5,58,23,59,55,52,11
137886553511380719879511299877724497571	cd=443	54,27,22,26,61,47,51,12,57,39,32,1,43,53,41,37,35,49,24,6,33,30,18,45,38,25,10,20,13,44,9,36,50,19,21,42,40,5,14,28,7,56,52,11,59,55,2,16,62,31,15,60,46,29,34,17,23,58,48,3,4,8
record	m=5505024	54,27,26,22,61,47,51,12,57,39,32,1,53,43,37,41,35,49,24,6,33,30,18,45,25,38,20,10,13,44,9,36,50,19,21,42,40,5,28,14,7,56,52,11,55,59,2,16,31,62,15,60,29,46,17,34,58,23,3,48,4,8
69073062755961466004662891737177465681	cd=375	49,35,11,52,14,28,9,36,12,51,24,6,31,62,41,37,22,26,1,32,50,19,53,43,2,16,60,15,21,42,44,13,29,46,10,20,61,47,54,27,25,38,5,40,23,58,18,45,17,34,59,55,7,56,30,33,57,39,48,3,8,4
record	m=5505024	35,49,52,11,28,14,9,36,51,12,24,6,31,62,41,37,26,22,32,1,50,19,53,43,2,16,60,15,21,42,13,44,46,29,20,10,47,61,54,27,25,38,40,5,23,58,18,45,17,34,55,59,56,7,30,33,57,39,3,48,4,8
221259444604479799536373344350273638412	cd=583	56,7,51,12,42,21,28,14,52,11,55,59,37,41,50,19,31,62,6,24,40,5,9,36,54,27,33,30,47,61,58,23,34,17,53,43,2,16,3,48,15,60,4,8,46,29,26,22,18,45,57,39,35,49,38,25,20,10,1,32,44,13
record	m=30277632	7,56,51,12,21,42,28,14,52,11,55,59,41,37,50,19,31,62,24,6,40,5,9,36,54,27,33,30,61,47,23,58,17,34,43,53,16,2,3,48,15,60,4,8,29,46,26,22,18,45,57,39,49,35,38,25,20,10,32,1,13,44
900483100709741689586599062631230527476	cd=543	58,23,20,10,60,15,25,38,48,3,13,44,42,21,4,8,16,2,12,51,37,41,55,59,18,45,62,31,17,34,56,7,47,61,27,54,35,49,22,26,14,28,57,39,24,6,43,53,30,33,32,1,9,36,5,40,29,46,50,19,11,52
record	m=3670016	23,58,20,10,60,15,25,38,3,48,44,13,21,42,4,8,2,16,51,12,41,37,55,59,18,45,31,62,34,17,7,56,61,47,54,27,35,49,26,22,28,14,39,57,6,24,53,43,30,33,32,1,9,36,40,5,29,46,50,19,11,52
532193218358531977109986309009234377948	cd=647	36,9,34,17,19,50,2,16,33,30,52,11,59,55,15,60,22,26,12,51,25,38,18,45,20,10,57,39,4,8,58,23,14,28,35,49,56,7,43,53,48,3,13,44,61,47,46,29,5,40,54,27,24,6,32,1,42,21,41,37,62,31
record	m=8257536	9,36,17,34,50,19,2,16,33,30,52,11,55,59,60,15,26,22,51,12,25,38,18,45,20,10,57,39,4,8,58,23,28,14,49,35,7,56,53,43,3,48,44,13,61,47,46,29,40,5,54,27,24,6,32,1,21,42,41,37,31,62
329467228108778862242600602432690584893	cd=447	49,35,59,55,57,39,41,37,11,52,54,27,45,18,25,38,62,31,6,24,34,17,32,1,29,46,22,26,56,7,13,44,14,28,60,15,8,4,16,2,30,33,12,51,58,23,61,47,5,40,53,43,20,10,48,3,36,9,21,42,50,19
record	m=12976128	35,49,55,59,57,39,41,37,52,11,27,54,18,45,25,38,31,62,24,6,17,34,1,32,46,29,26,22,7,56,13,44,28,14,60,15,4,8,2,16,33,30,51,12,23,58,61,47,40,5,53,43,20,10,3,48,9,36,21,42,19,50
881825988282979590823278092570004140542	cd=523	58,23,25,38,51,12,36,9,4,8,30,33,59,55,6,24,34,17,35,49,13,44,61,47,7,56,11,52,28,14,10,20,16,2,15,60,57,39,45,18,21,42,62,31,46,29,5,40,53,43,54,27,1,32,22,26,37,41,3,48,19,50
record	m=5068800	23,58,25,38,51,12,9,36,4,8,33,30,55,59,24,6,17,34,35,49,13,44,61,47,7,56,52,11,28,14,20,10,16,2,15,60,57,39,18,45,21,42,31,62,29,46,40,5,53,43,27,54,32,1,26,22,41,37,3,48,19,50
942200526705337293591843878842949155506	cd=319	42,21,51,12,41,37,50,19,52,11,25,38,49,35,28,14,26,22,36,9,33,30,44,13,47,61,5,40,54,27,31,62,58,23,17,34,6,24,3,48,20,10,60,15,2,16,29,46,4,8,45,18,7,56,43,53,57,39,1,32,59,55
record	m=8257536	21,42,51,12,41,37,50,19,52,11,25,38,35,49,14,28,26,22,36,9,33,30,13,44,61,47,40,5,54,27,31,62,58,23,17,34,24,6,3,48,10,20,15,60,16,2,46,29,4,8,18,45,7,56,53,43,57,39,32,1,55,59
726802213643935520841942622510196680143	cd=531	48,3,9,36,12,51,34,17,6,24,33,30,56,7,41,37,4,8,2,16,19,50,18,45,13,44,55,59,32,1,40,5,22,26,62,31,35,49,58,23,47,61,39,57,11,52,29,46,28,14,54,27,20,10,53,43,25,38,60,15,21,42
record	m=7864320	3,48,9,36,51,12,17,34,24,6,30,33,7,56,41,37,4,8,2,16,50,19,18,45,13,44,55,59,32,1,40,5,22,26,31,62,35,49,23,58,61,47,57,39,52,11,29,46,28,14,54,27,10,20,43,53,25,38,60,15,21,42
981404484264964215372149354552287564685	cd=531	49,35,48,3,6,24,34,17,50,19,28,14,20,10,32,1,12,51,58,23,43,53,13,44,52,11,42,21,9,36,8,4,33,30,57,39,45,18,55,59,2,16,47,61,29,46,60,15,22,26,27,54,5,40,38,25,31,62,41,37,7,56
record	m=29491200	35,49,3,48,24,6,17,34,50,19,28,14,20,10,32,1,51,12,23,58,53,43,13,44,52,11,42,21,9,36,4,8,30,33,57,39,45,18,55,59,2,16,47,61,46,29,60,15,26,22,27,54,40,5,25,38,62,31,41,37,7,56
358175698699316700007490274089135079747	cd=531	19,50,55,59,28,14,26,22,27,54,12,51,2,16,4,8,47,61,31,62,29,46,11,52,18,45,7,56,32,1,40,5,6,24,3,48,17,34,57,39,38,25,23,58,44,13,35,49,53,43,20,10,15,60,41,37,9,36,30,33,42,21
record	m=11468800	50,19,55,59,28,14,26,22,54,27,51,12,2,16,4,8,61,47,31,62,29,46,52,11,18,45,7,56,32,1,40,5,24,6,3,48,17,34,57,39,38,25,23,58,44,13,35,49,43,53,10,20,15,60,41,37,9,36,30,33,21,42
710464648584925732425846293459092361045	cd=355	1,32,60,15,3,48,56,7,33,30,11,52,12,51,40,5,25,38,26,22,58,23,59,55,17,34,10,20,8,4,9,36,27,54,29,46,24,6,39,57,16,2,50,19,42,21,44,13,31,62,14,28,18,45,43,53,47,61,35,49,37,41
record	m=368640	32,1,15,60,3,48,56,7,33,30,52,11,51,12,40,5,25,38,26,22,58,23,59,55,17,34,20,10,4,8,36,9,27,54,29,46,24,6,39,57,16,2,50,19,21,42,13,44,31,62,28,14,18,45,53,43,61,47,49,35,41,37
869087768685991293083455347126370081652	cd=599	22,26,1,32,53,43,3,48,2,16,41,37,51,12,30,33,4,8,28,14,21,42,13,44,20,10,62,31,6,24,45,18,56,7,17,34,27,54,23,58,5,40,49,35,11,52,55,59,15,60,36,9,39,57,61,47,29,46,38,25,19,50
record	m=45416448	26,22,32,1,53,43,3,48,2,16,41,37,51,12,33,30,4,8,28,14,21,42,13,44,20,10,31,62,24,6,18,45,7,56,17,34,54,27,23,58,5,40,35,49,52,11,55,59,60,15,9,36,57,39,61,47,46,29,25,38,50,19
236412016711349244937765687460241824874	cd=591	25,38,8,4,15,60,42,21,5,40,33,30,29,46,43,53,47,61,50,19,59,55,28,14,45,18,11,52,54,27,36,9,39,57,17,34,6,24,48,3,26,22,32,1,16,2,56,7,41,37,12,51,31,62,20,10,35,49,23,58,44,13
record	m=6422528	25,38,4,8,60,15,21,42,40,5,33,30,29,46,53,43,61,47,50,19,55,59,28,14,18,45,52,11,27,54,9,36,57,39,17,34,24,6,3,48,26,22,32,1,2,16,56,7,37,41,51,12,31,62,20,10,35,49,23,58,44,13
349314109969244381973697343963494556538	cd=547	28,14,62,31,12,51,54,27,8,4,44,13,26,22,2,16,9,36,56,7,18,45,5,40,37,41,53,43,35,49,19,50,39,57,3,48,29,46,17,34,47,61,59,55,32,1,20,10,33,30,6,24,25,38,11,52,58,23,60,15,42,21
record	m=15728640	28,14,31,62,51,12,54,27,8,4,13,44,26,22,2,16,9,36,7,56,18,45,40,5,41,37,53,43,49,35,50,19,57,39,3,48,29,46,17,34,47,61,55,59,32,1,20,10,33,30,24,6,38,25,52,11,23,58,15,60,21,42
604606313091842083865892686796234549777	cd=651	4,8,22,26,11,52,39,57,62,31,9,36,42,21,18,45,20,10,58,23,47,61,44,13,41,37,14,28,38,25,29,46,6,24,19,50,27,54,34,17,51,12,56,7,16,2,59,55,15,60,3,48,1,32,5,40,33,30,53,43,49,35
record	m=4128768	4,8,26,22,52,11,57,39,31,62,36,9,21,42,18,45,20,10,23,58,61,47,13,44,41,37,28,14,25,38,46,29,24,6,50,19,54,27,17,34,51,12,7,56,2,16,55,59,60,15,48,3,32,1,40,5,33,30,53,43,49,35
111275815256718425163045642135885221660	cd=403	6,24,61,47,51,12,1,32,14,28,31,62,29,46,57,39,59,55,48,3,11,52,22,26,49,35,40,5,34,17,53,43,37,41,19,50,2,16,23,58,15,60,38,25,13,44,30,33,4,8,45,18,27,54,9,36,20,10,42,21,56,7
record	m=4128768	24,6,47,61,51,12,32,1,28,14,31,62,29,46,57,39,59,55,3,48,52,11,26,22,35,49,40,5,17,34,53,43,37,41,50,19,2,16,23,58,60,15,25,38,13,44,33,30,4,8,18,45,54,27,36,9,10,20,21,42,56,7
376856195594244163343621406686146082484	cd=431	23,58,19,50,44,13,45,18,1,32,21,42,61,47,16,2,49,35,10,20,46,29,37,41,53,43,15,60,40,5,24,6,31,62,55,59,11,52,28,14,39,57,8,4,12,51,25,38,30,33,36,9,7,56,27,54,34,17,48,3,26,22
record	m=1892352	23,58,19,50,13,44,45,18,32,1,21,42,61,47,2,16,35,49,20,10,29,46,41,37,43,53,60,15,40,5,24,6,31,62,55,59,11,52,28,14,39,57,8,4,12,51,25,38,30,33,9,36,7,56,54,27,17,34,3,48,26,22
128790844459942154612941394944933602090	cd=499	40,5,6,24,48,3,13,44,41,37,21,42,52,11,57,39,30,33,32,1,29,46,31,62,60,15,2,16,54,27,51,12,23,58,25,38,35,49,8,4,17,34,45,18,14,28,55,59,9,36,61,47,26,22,53,43,20,10,19,50,56,7
record	m=1376256	40,5,24,6,3,48,44,13,41,37,21,42,52,11,57,39,30,33,32,1,29,46,31,62,60,15,2,16,54,27,51,12,23,58,25,38,35,49,4,8,17,34,18,45,28,14,55,59,9,36,61,47,26,22,53,43,20,10,50,19,7,56
930283617148271767146767912276427427246	cd=531	37,41,12,51,23,58,25,38,39,57,17,34,45,18,10,20,56,7,27,54,28,14,36,9,31,62,35,49,44,13,5,40,33,30,21,42,24,6,60,15,48,3,16,2,46,29,53,43,8,4,61,47,32,1,50,19,26,22,52,11,59,55
record	m=3670016	41,37,51,12,23,58,25,38,39,57,17,34,18,45,20,10,7,56,54,27,28,14,9,36,62,31,35,49,13,44,40,5,33,30,21,42,24,6,60,15,48,3,16,2,46,29,53,43,8,4,61,47,32,1,19,50,26,22,52,11,59,55
298637047488307410836753714097558728139	cd=463	15,60,17,34,43,53,30,33,25,38,12,51,42,21,57,39,62,31,50,19,18,45,10,20,28,14,58,23,29,46,6,24,32,1,27,54,5,40,11,52,56,7,35,49,41,37,9,36,22,26,61,47,59,55,8,4,44,13,3,48,2,16
record	m=4128768	60,15,17,34,53,43,33,30,25,38,51,12,21,42,57,39,31,62,50,19,18,45,20,10,28,14,23,58,29,46,6,24,32,1,27,54,40,5,52,11,7,56,49,35,41,37,9,36,22,26,61,47,55,59,4,8,13,44,48,3,2,16
855360285524916116247464918258976568517	cd=431	28,14,40,5,3,48,37,41,11,52,60,15,30,33,42,21,55,59,51,12,23,58,22,26,54,27,53,43,61,47,56,7,46,29,10,20,45,18,34,17,6,24,4,8,25,38,44,13,50,19,9,36,16,2,32,1,39,57,31,62,35,49
record	m=1720320	28,14,40,5,3,48,41,37,52,11,15,60,33,30,21,42,55,59,51,12,23,58,22,26,54,27,53,43,61,47,7,56,29,46,20,10,18,45,17,34,6,24,4,8,25,38,44,13,50,19,9,36,2,16,32,1,57,39,31,62,35,49
254964858470865250094821015657848600044	cd=395	44,13,53,43,49,35,55,59,57,39,6,24,20,10,19,50,60,15,9,36,27,54,17,34,23,58,48,3,40,5,41,37,2,16,12,51,47,61,31,62,18,45,38,25,26,22,46,29,4,8,32,1,56,7,42,21,11,52,33,30,28,14
record	m=16515072	13,44,53,43,35,49,55,59,39,57,24,6,20,10,50,19,15,60,9,36,27,54,17,34,23,58,3,48,40,5,41,37,2,16,51,12,61,47,31,62,18,45,25,38,26,22,29,46,4,8,32,1,7,56,21,42,11,52,33,30,28,14
924675573878834400331024355559343215245	cd=663	48,3,37,41,24,6,33,30,56,7,13,44,36,9,53,43,18,45,58,23,52,11,62,31,17,34,4,8,12,51,25,38,5,40,46,29,15,60,20,10,50,19,54,27,35,49,42,21,16,2,61,47,14,28,22,26,57,39,32,1,59,55
record	m=6881280	3,48,41,37,6,24,33,30,7,56,13,44,9,36,53,43,18,45,23,58,52,11,31,62,34,17,4,8,12,51,25,38,40,5,29,46,60,15,20,10,50,19,27,54,35,49,21,42,2,16,47,61,14,28,26,22,39,57,32,1,55,59
981980390801402341897841298044978570577	cd=419	37,41,26,22,1,32,50,19,33,30,9,36,34,17,59,55,15,60,52,11,3,48,44,13,21,42,14,28,5,40,35,49,45,18,39,57,16,2,46,29,58,23,27,54,12,51,61,47,62,31,4,8,6,24,10,20,43,53,25,38,7,56
record	m=4128768	41,37,26,22,32,1,50,19,33,30,9,36,17,34,55,59,60,15,11,52,48,3,13,44,21,42,28,14,40,5,35,49,18,45,57,39,2,16,29,46,58,23,54,27,51,12,61,47,31,62,4,8,6,24,20,10,43,53,25,38,7,56
793276193523056040754857130213450412107	cd=443	60,15,19,50,4,8,57,39,12,51,46,29,59,55,45,18,11,52,24,6,17,34,40,5,2,16,32,1,53,43,3,48,20,10,58,23,14,28,56,7,54,27,42,21,31,62,30,33,25,38,49,35,26,22,41,37,36,9,44,13,61,47
record	m=12845056	60,15,19,50,4,8,57,39,51,12,29,46,55,59,18,45,52,11,24,6,17,34,40,5,2,16,32,1,53,43,3,48,20,10,23,58,28,14,7,56,54,27,21,42,31,62,30,33,25,38,49,35,26,22,41,37,9,36,44,13,61,47
334547624598867485133996629082397103281	cd=599	10,20,13,44,38,25,58,23,28,14,60,15,40,5,24,6,42,21,2,16,17,34,35,49,41,37,9,36,61,47,7,56,31,62,45,18,32,1,4,8,55,59,33,30,48,3,54,27,29,46,43,53,22,26,51,12,39,57,11,52,50,19
record	m=38928384	20,10,13,44,25,38,23,58,28,14,60,15,40,5,24,6,21,42,2,16,17,34,35,49,41,37,9,36,61,47,7,56,31,62,18,45,32,1,4,8,55,59,33,30,3,48,54,27,29,46,53,43,26,22,51,12,57,39,52,11,19,50
1072375833292543400080311923028021564697	cd=423	8,4,41,37,55,59,30,33,19,50,24,6,5,40,57,39,51,12,7,56,44,13,10,20,32,1,15,60,54,27,48,3,25,38,21,42,34,17,43,53,35,49,14,28,22,26,11,52,29,46,61,47,9,36,18,45,23,58,2,16,31,62
record	m=12976128	4,8,41,37,55,59,33,30,50,19,24,6,40,5,57,39,51,12,7,56,13,44,20,10,32,1,15,60,54,27,3,48,25,38,21,42,34,17,53,43,49,35,28,14,26,22,52,11,29,46,61,47,9,36,18,45,23,58,2,16,31,62
497940627998378770228569646143784215034	cd=435	5,40,32,1,56,7,25,38,19,50,60,15,11,52,59,55,58,23,47,61,21,42,33,30,48,3,16,2,8,4,24,6,37,41,17,34,51,12,22,26,35,49,43,53,45,18,39,57,29,46,10,20,44,13,31,62,27,54,9,36,14,28
record	m=3096576	40,5,32,1,7,56,25,38,50,19,15,60,52,11,55,59,23,58,61,47,21,42,33,30,3,48,2,16,4,8,24,6,37,41,17,34,51,12,26,22,35,49,43,53,18,45,57,39,29,46,20,10,13,44,62,31,54,27,36,9,28,14
739063080920393311269554625490363697917	cd=459	17,34,1,32,6,24,36,9,27,54,47,61,58,23,19,50,57,39,48,3,45,18,35,49,13,44,2,16,52,11,26,22,5,40,28,14,60,15,43,53,51,12,25,38,7,56,20,10,62,31,30,33,46,29,59,55,8,4,41,37,21,42
record	m=16220160	17,34,32,1,24,6,9,36,54,27,61,47,23,58,19,50,57,39,3,48,18,45,35,49,13,44,2,16,52,11,26,22,5,40,28,14,60,15,53,43,51,12,25,38,7,56,20,10,31,62,30,33,29,46,55,59,4,8,37,41,21,42
577511572071483381134535983465151250322	cd=411	6,24,50,19,61,47,25,38,20,10,4,8,44,13,28,14,39,57,17,34,43,53,35,49,27,54,55,59,37,41,22,26,52,11,3,48,51,12,5,40,16,2,33,30,21,42,60,15,62,31,58,23,9,36,45,18,29,46,7,56,1,32
record	m=9830400	24,6,50,19,61,47,25,38,20,10,4,8,13,44,28,14,39,57,17,34,53,43,35,49,54,27,55,59,41,37,26,22,52,11,3,48,12,51,40,5,2,16,33,30,21,42,60,15,62,31,58,23,9,36,18,45,29,46,7,56,32,1
481967634393074492880045093065807866215	cd=551	43,53,10,20,23,58,57,39,31,62,11,52,26,22,15,60,16,2,47,61,30,33,42,21,51,12,25,38,59,55,19,50,36,9,40,5,7,56,27,54,34,17,3,48,44,13,49,35,45,18,29,46,4,8,41,37,1,32,24,6,14,28
record	m=8257536	53,43,20,10,23,58,57,39,31,62,52,11,26,22,60,15,2,16,61,47,33,30,21,42,51,12,25,38,55,59,50,19,9,36,40,5,7,56,54,27,34,17,3,48,44,13,35,49,45,18,29,46,4,8,37,41,32,1,24,6,14,28
779681558834822774389851102136189120436	cd=443	32,1,45,18,30,33,8,4,21,42,25,38,41,37,56,7,47,61,15,60,36,9,17,34,26,22,16,2,39,57,6,24,50,19,23,58,3,48,55,59,31,62,29,46,28,14,27,54,5,40,11,52,12,51,20,10,43,53,35,49,13,44
record	m=20643840	32,1,18,45,33,30,4,8,21,42,25,38,41,37,7,56,61,47,60,15,9,36,17,34,26,22,2,16,57,39,24,6,50,19,23,58,3,48,55,59,31,62,29,46,28,14,54,27,40,5,52,11,51,12,20,10,43,53,35,49,13,44
472511854875594033078429037374044311709	cd=575	54,27,33,30,58,23,19,50,46,29,14,28,4,8,60,15,61,47,38,25,56,7,55,59,21,42,16,2,39,57,12,51,31,62,40,5,6,24,45,18,9,36,35,49,37,41,34,17,13,44,48,3,32,1,53,43,20,10,11,52,22,26
record	m=917504	54,27,33,30,23,58,50,19,29,46,28,14,4,8,60,15,61,47,25,38,7,56,55,59,21,42,2,16,57,39,51,12,31,62,40,5,24,6,18,45,9,36,35,49,41,37,17,34,44,13,3,48,1,32,53,43,20,10,11,52,26,22
258811446615599696575269024672496846415	cd=491	35,49,38,25,33,30,20,10,9,36,58,23,48,3,55,59,54,27,50,19,53,43,56,7,51,12,26,22,13,44,52,11,8,4,40,5,17,34,2,16,47,61,57,39,42,21,62,31,1,32,45,18,24,6,15,60,29,46,41,37,28,14
record	m=39321600	35,49,25,38,33,30,20,10,9,36,23,58,3,48,55,59,54,27,50,19,53,43,7,56,51,12,26,22,13,44,52,11,4,8,40,5,17,34,2,16,61,47,57,39,21,42,31,62,1,32,45,18,24,6,15,60,29,46,41,37,28,14
326896556631678749123001652256454952541	cd=511	58,23,15,60,34,17,10,20,44,13,56,7,41,37,3,48,54,27,49,35,28,14,9,36,46,29,6,24,52,11,57,39,21,42,47,61,51,12,1,32,53,43,45,18,31,62,8,4,5,40,59,55,33,30,26,22,2,16,25,38,50,19
record	m=21626880	23,58,60,15,17,34,20,10,13,44,7,56,41,37,3,48,54,27,35,49,14,28,9,36,29,46,24,6,52,11,57,39,21,42,47,61,51,12,32,1,53,43,45,18,31,62,4,8,40,5,55,59,33,30,26,22,2,16,25,38,50,19
661417932681094672885572316439030778668	cd=331	45,18,52,11,12,51,21,42,4,8,15,60,30,33,9,36,54,27,47,61,32,1,2,16,3,48,17,34,7,56,53,43,40,5,24,6,57,39,55,59,23,58,22,26,41,37,28,14,13,44,46,29,19,50,35,49,31,62,10,20,25,38
record	m=30146560	18,45,52,11,51,12,21,42,4,8,60,15,33,30,9,36,54,27,61,47,32,1,2,16,3,48,17,34,7,56,53,43,40,5,24,6,39,57,55,59,23,58,26,22,41,37,28,14,13,44,46,29,19,50,35,49,31,62,20,10,25,38
737585508683991664329300012312135328565	cd=375	17,34,29,46,56,7,18,45,23,58,38,25,10,20,16,2,1,32,14,28,44,13,43,53,62,31,12,51,60,15,9,36,50,19,11,52,55,59,61,47,26,22,3,48,49,35,27,54,4,8,41,37,6,24,5,40,39,57,30,33,21,42
record	m=8257536	17,34,29,46,7,56,18,45,23,58,25,38,20,10,2,16,32,1,28,14,13,44,53,43,31,62,51,12,60,15,9,36,50,19,52,11,55,59,61,47,26,22,3,48,49,35,54,27,8,4,41,37,6,24,40,5,57,39,33,30,21,42
447289412161499427826306923087993109297	cd=527	19,50,13,44,15,60,23,58,8,4,45,18,29,46,12,51,36,9,61,47,34,17,24,6,52,11,16,2,35,49,56,7,54,27,62,31,41,37,55,59,21,42,10,20,32,1,38,25,3,48,57,39,53,43,33,30,14,28,40,5,22,26
record	m=2064384	50,19,44,13,60,15,23,58,8,4,18,45,29,46,51,12,9,36,61,47,34,17,24,6,52,11,2,16,35,49,7,56,54,27,62,31,41,37,55,59,21,42,10,20,32,1,38,25,3,48,39,57,53,43,33,30,28,14,40,5,22,26
95037430746661166769939600262017617405	cd=587	37,41,28,14,32,1,12,51,47,61,9,36,54,27,22,26,50,19,39,57,58,23,18,45,59,55,33,30,21,42,46,29,34,17,10,20,3,48,35,49,13,44,5,40,43,53,25,38,62,31,7,56,2,16,6,24,60,15,11,52,8,4
record	m=3440640	41,37,28,14,32,1,51,12,61,47,9,36,54,27,22,26,50,19,57,39,23,58,18,45,55,59,33,30,21,42,46,29,34,17,20,10,3,48,35,49,13,44,5,40,53,43,25,38,31,62,7,56,2,16,6,24,60,15,11,52,4,8
343612804388644913005286665523539786033	cd=347	29,46,31,62,48,3,18,45,34,17,52,11,25,38,51,12,20,10,1,32,9,36,40,5,58,23,43,53,61,47,57,39,2,16,8,4,37,41,26,22,27,54,28,14,19,50,56,7,15,60,49,35,59,55,44,13,30,33,24,6,42,21
record	m=2867200	29,46,31,62,48,3,18,45,17,34,52,11,25,38,51,12,20,10,32,1,9,36,40,5,23,58,53,43,61,47,57,39,2,16,4,8,41,37,26,22,27,54,28,14,50,19,56,7,15,60,49,35,55,59,13,44,30,33,24,6,21,42
232922741331646854534324950156916122585	cd=379	49,35,2,16,27,54,17,34,9,36,10,20,28,14,3,48,37,41,29,46,40,5,8,4,42,21,22,26,60,15,23,58,12,51,38,25,62,31,32,1,55,59,30,33,7,56,52,11,47,61,45,18,24,6,19,50,57,39,43,53,44,13
record	m=30277632	35,49,2,16,54,27,17,34,9,36,20,10,28,14,3,48,41,37,29,46,40,5,4,8,21,42,26,22,60,15,23,58,51,12,25,38,31,62,1,32,55,59,33,30,7,56,11,52,47,61,45,18,24,6,50,19,57,39,53,43,13,44
701740246243874418583171343879270101612	cd=583	34,17,22,26,25,38,61,47,12,51,9,36,8,4,18,45,40,5,19,50,28,14,60,15,46,29,59,55,62,31,2,16,27,54,42,21,39,57,3,48,58,23,52,11,1,32,7,56,10,20,43,53,49,35,13,44,6,24,30,33,37,41
record	m=27525120	17,34,26,22,25,38,61,47,51,12,9,36,4,8,18,45,40,5,19,50,28,14,60,15,29,46,55,59,31,62,2,16,54,27,21,42,57,39,3,48,23,58,52,11,32,1,7,56,20,10,53,43,49,35,13,44,24,6,30,33,41,37
19550487251396561060508533040759924269	cd=427	23,58,29,46,61,47,40,5,51,12,33,30,21,42,48,3,55,59,19,50,6,24,56,7,35,49,44,13,37,41,22,26,4,8,11,52,28,14,20,10,16,2,17,34,60,15,43,53,31,62,27,54,36,9,25,38,18,45,57,39,32,1
record	m=1720320	23,58,29,46,61,47,40,5,51,12,33,30,21,42,3,48,55,59,50,19,24,6,7,56,35,49,13,44,41,37,26,22,4,8,11,52,28,14,20,10,16,2,17,34,60,15,43,53,31,62,27,54,36,9,25,38,18,45,57,39,32,1
421535415156753951771115411745303729314	cd=479	50,19,48,3,47,61,31,62,40,5,20,10,2,16,22,26,14,28,59,55,15,60,58,23,45,18,53,43,29,46,57,39,13,44,34,17,32,1,41,37,49,35,51,12,36,9,54,27,7,56,33,30,52,11,24,6,8,4,42,21,38,25
record	m=2097152	50,19,3,48,61,47,31,62,40,5,20,10,16,2,26,22,28,14,55,59,60,15,23,58,45,18,53,43,29,46,57,39,13,44,34,17,32,1,41,37,35,49,51,12,9,36,27,54,7,56,33,30,52,11,24,6,8,4,42,21,38,25
1039254668922471650045773460170989122052	cd=503	11,52,28,14,3,48,12,51,23,58,59,55,8,4,56,7,27,54,18,45,43,53,1,32,39,57,21,42,35,49,44,13,41,37,60,15,10,20,34,17,22,26,9,36,6,24,5,40,25,38,33,30,62,31,2,16,29,46,50,19,47,61
record	m=2752512	52,11,28,14,3,48,51,12,23,58,59,55,8,4,7,56,54,27,18,45,53,43,32,1,57,39,21,42,35,49,13,44,41,37,60,15,20,10,17,34,26,22,36,9,24,6,5,40,25,38,33,30,31,62,2,16,29,46,50,19,61,47
196702022499520594423052203736783139151	cd=407	10,20,36,9,33,30,23,58,32,1,13,44,31,62,42,21,26,22,5,40,53,43,45,18,55,59,34,17,25,38,51,12,7,56,27,54,28,14,29,46,8,4,61,47,2,16,48,3,37,41,19,50,60,15,57,39,24,6,35,49,52,11
record	m=3047424	20,10,9,36,33,30,23,58,32,1,13,44,31,62,21,42,26,22,5,40,53,43,18,45,55,59,17,34,38,25,51,12,7,56,54,27,28,14,29,46,4,8,61,47,2,16,48,3,41,37,50,19,15,60,57,39,24,6,35,49,52,11
135607113128569094367735779953906697597	cd=459	45,18,27,54,51,12,37,41,11,52,19,50,13,44,38,25,22,26,15,60,46,29,1,32,58,23,14,28,24,6,4,8,3,48,21,42,55,59,53,43,5,40,16,2,9,36,49,35,47,61,20,10,33,30,57,39,34,17,31,62,56,7
record	m=5160960	18,45,54,27,51,12,41,37,52,11,50,19,44,13,25,38,26,22,60,15,29,46,32,1,23,58,28,14,24,6,4,8,3,48,21,42,55,59,43,53,40,5,2,16,9,36,35,49,61,47,10,20,33,30,57,39,34,17,31,62,56,7
1050519408422622259046177103713359634741	cd=487	3,48,26,22,15,60,62,31,9,36,56,7,52,11,58,23,45,18,1,32,16,2,21,42,51,12,41,37,44,13,28,14,8,4,38,25,20,10,54,27,6,24,50,19,33,30,53,43,17,34,29,46,40,5,49,35,59,55,57,39,47,61
record	m=14155776	3,48,26,22,60,15,31,62,36,9,7,56,52,11,23,58,18,45,32,1,2,16,42,21,51,12,41,37,13,44,28,14,4,8,38,25,20,10,54,27,6,24,50,19,33,30,53,43,17,34,29,46,5,40,35,49,55,59,57,39,61,47
303590065720389868434154213592514063983	cd=483	9,36,34,17,28,14,29,46,8,4,59,55,54,27,61,47,12,51,40,5,31,62,52,11,57,39,10,20,38,25,35,49,7,56,22,26,60,15,43,53,6,24,44,13,42,21,45,18,30,33,48,3,37,41,1,32,50,19,23,58,2,16
record	m=22708224	9,36,17,34,14,28,29,46,4,8,55,59,54,27,61,47,51,12,40,5,31,62,52,11,57,39,20,10,25,38,35,49,7,56,26,22,60,15,53,43,24,6,13,44,21,42,18,45,33,30,3,48,41,37,32,1,19,50,58,23,2,16
759186397079820977901304591216452794504	cd=575	57,39,48,3,50,19,58,23,30,33,24,6,29,46,12,51,43,53,28,14,26,22,32,1,17,34,8,4,2,16,42,21,31,62,41,37,60,15,7,56,59,55,36,9,54,27,61,47,10,20,49,35,18,45,38,25,5,40,52,11,13,44
record	m=2555904	57,39,3,48,50,19,58,23,33,30,24,6,29,46,51,12,53,43,14,28,26,22,32,1,34,17,4,8,2,16,21,42,62,31,41,37,60,15,7,56,59,55,36,9,54,27,61,47,10,20,49,35,18,45,25,38,40,5,52,11,13,44
879639938944370879742662965596220727174	cd=483	57,39,33,30,55,59,31,62,18,45,10,20,27,54,61,47,23,58,48,3,42,21,1,32,24,6,43,53,40,5,38,25,2,16,37,41,11,52,46,29,7,56,9,36,12,51,35,49,34,17,28,14,26,22,4,8,60,15,13,44,19,50
record	m=33030144	57,39,33,30,55,59,31,62,18,45,20,10,54,27,61,47,23,58,3,48,21,42,32,1,24,6,53,43,40,5,25,38,2,16,41,37,52,11,29,46,7,56,9,36,12,51,35,49,17,34,14,28,26,22,8,4,60,15,44,13,50,19
124405453719750746516579542558075039898	cd=527	19,50,58,23,38,25,22,26,57,39,10,20,27,54,12,51,42,21,30,33,40,5,32,1,11,52,44,13,6,24,60,15,4,8,45,18,9,36,47,61,2,16,37,41,35,49,17,34,14,28,31,62,59,55,48,3,46,29,53,43,56,7
record	m=24772608	50,19,23,58,25,38,26,22,39,57,20,10,54,27,51,12,21,42,33,30,40,5,32,1,52,11,13,44,24,6,15,60,4,8,18,45,9,36,61,47,16,2,41,37,35,49,17,34,14,28,31,62,55,59,3,48,29,46,43,53,7,56
441569336795150525143830716808682249168	cd=595	20,10,8,4,59,55,29,46,13,44,22,26,28,14,32,1,56,7,33,30,17,34,15,60,6,24,9,36,52,11,12,51,45,18,3,48,21,42,2,16,57,39,53,43,61,47,5,40,50,19,31,62,27,54,35,49,41,37,23,58,38,25
record	m=4587520	20,10,4,8,55,59,29,46,13,44,26,22,28,14,32,1,7,56,33,30,17,34,60,15,24,6,9,36,52,11,51,12,45,18,3,48,21,42,2,16,57,39,53,43,61,47,40,5,19,50,31,62,54,27,35,49,41,37,23,58,25,38
291166096995756671259265280982536605980	cd=487	37,41,22,26,9,36,32,1,13,44,55,59,34,17,3,48,27,54,56,7,10,20,30,33,57,39,50,19,61,47,25,38,4,8,15,60,43,53,51,12,58,23,5,40,62,31,18,45,14,28,6,24,21,42,46,29,52,11,49,35,2,16
record	m=12845056	41,37,26,22,36,9,32,1,13,44,55,59,17,34,3,48,54,27,7,56,20,10,33,30,57,39,50,19,61,47,25,38,4,8,60,15,53,43,51,12,23,58,40,5,31,62,18,45,28,14,6,24,21,42,46,29,52,11,35,49,16,2
521801613714199735601016467090276959174	cd=559	29,46,28,14,34,17,4,8,48,3,16,2,27,54,58,23,60,15,44,13,32,1,43,53,61,47,36,9,12,51,39,57,33,30,56,7,19,50,25,38,20,10,42,21,41,37,26,22,35,49,52,11,55,59,24,6,5,40,45,18,62,31
record	m=6094848	29,46,28,14,34,17,4,8,3,48,2,16,54,27,23,58,60,15,13,44,32,1,53,43,61,47,9,36,51,12,57,39,33,30,7,56,50,19,25,38,20,10,42,21,41,37,26,22,35,49,52,11,55,59,24,6,40,5,45,18,31,62
482906593947555787140601765289076338740	cd=543	19,50,36,9,37,41,29,46,6,24,2,16,40,5,58,23,39,57,15,60,61,47,51,12,33,30,55,59,53,43,38,25,45,18,11,52,34,17,10,20,54,27,3,48,32,1,56,7,62,31,21,42,26,22,49,35,44,13,4,8,14,28
record	m=37847040	50,19,9,36,41,37,29,46,24,6,2,16,40,5,58,23,57,39,60,15,61,47,51,12,33,30,55,59,53,43,25,38,18,45,52,11,17,34,20,10,27,54,48,3,1,32,56,7,31,62,42,21,22,26,35,49,13,44,4,8,28,14
293434074901033172443963490698026872062	cd=575	57,39,21,42,32,1,34,17,13,44,60,15,30,33,8,4,11,52,35,49,5,40,18,45,59,55,29,46,27,54,22,26,9,36,61,47,19,50,62,31,12,51,58,23,3,48,41,37,20,10,53,43,24,6,28,14,7,56,25,38,2,16
record	m=6082560	57,39,21,42,32,1,17,34,44,13,60,15,33,30,4,8,52,11,35,49,40,5,18,45,55,59,29,46,54,27,26,22,36,9,61,47,50,19,31,62,51,12,23,58,48,3,41,37,20,10,53,43,24,6,28,14,7,56,25,38,2,16
202712242383226510177393621114939780452	cd=595	56,7,4,8,46,29,27,54,48,3,39,57,45,18,28,14,16,2,40,5,23,58,61,47,13,44,20,10,19,50,51,12,33,30,21,42,49,35,31,62,24,6,37,41,22,26,1,32,53,43,9,36,38,25,60,15,17,34,55,59,52,11
record	m=21626880	7,56,4,8,29,46,54,27,3,48,57,39,18,45,28,14,2,16,40,5,23,58,61,47,13,44,20,10,50,19,51,12,33,30,21,42,35,49,31,62,24,6,37,41,22,26,32,1,53,43,9,36,38,25,60,15,17,34,55,59,52,11
532080338602339931322685159175144944329	cd=455	57,39,17,34,33,30,43,53,28,14,23,58,25,38,48,3,6,24,52,11,9,36,46,29,8,4,44,13,55,59,54,27,42,21,19,50,49,35,2,16,47,61,20,10,1,32,45,18,15,60,12,51,26,22,5,40,56,7,41,37,62,31
record	m=3670016	57,39,17,34,33,30,53,43,14,28,23,58,25,38,3,48,24,6,52,11,9,36,29,46,4,8,13,44,55,59,54,27,21,42,50,19,35,49,2,16,47,61,20,10,32,1,18,45,60,15,12,51,26,22,5,40,56,7,37,41,31,62
342081792469997495584092773275931562800	cd=483	29,46,57,39,60,15,8,4,2,16,32,1,14,28,35,49,25,38,62,31,56,7,18,45,59,55,11,52,33,30,27,54,6,24,58,23,37,41,5,40,36,9,26,22,51,12,44,13,17,34,20,10,47,61,53,43,50,19,48,3,42,21
record	m=3096576	29,46,57,39,60,15,4,8,2,16,32,1,28,14,49,35,25,38,31,62,7,56,18,45,55,59,11,52,33,30,54,27,24,6,23,58,41,37,40,5,9,36,22,26,51,12,13,44,34,17,20,10,47,61,53,43,50,19,48,3,21,42
578894362547373422717342928541803693933	cd=443	38,25,31,62,35,49,54,27,36,9,15,60,56,7,34,17,45,18,3,48,51,12,26,22,50,19,6,24,42,21,37,41,57,39,5,40,59,55,11,52,13,44,43,53,58,23,14,28,10,20,29,46,2,16,30,33,8,4,47,61,1,32
record	m=11010048	25,38,31,62,35,49,54,27,36,9,60,15,7,56,17,34,18,45,3,48,51,12,26,22,50,19,24,6,21,42,41,37,57,39,40,5,55,59,11,52,44,13,53,43,58,23,28,14,10,20,29,46,2,16,33,30,4,8,61,47,32,1
314564870978016301454406737329305690807	cd=499	42,21,38,25,44,13,36,9,14,28,31,62,8,4,12,51,52,11,47,61,56,7,34,17,46,29,1,32,20,10,43,53,33,30,27,54,57,39,48,3,55,59,23,58,6,24,49,35,5,40,26,22,18,45,60,15,37,41,2,16,50,19
record	m=1835008	21,42,25,38,13,44,9,36,28,14,31,62,4,8,12,51,52,11,61,47,7,56,17,34,29,46,32,1,20,10,43,53,33,30,54,27,57,39,48,3,55,59,23,58,6,24,49,35,40,5,22,26,18,45,60,15,41,37,2,16,50,19
585818811503513861777303007031056253370	cd=647	44,13,39,57,18,45,30,33,3,48,61,47,14,28,27,54,32,1,25,38,50,19,29,46,59,55,8,4,42,21,5,40,20,10,34,17,51,12,26,22,6,24,15,60,23,58,16,2,56,7,43,53,41,37,52,11,31,62,36,9,49,35
record	m=3244032	13,44,57,39,18,45,33,30,3,48,61,47,28,14,54,27,1,32,25,38,50,19,29,46,55,59,4,8,21,42,40,5,20,10,17,34,51,12,26,22,24,6,60,15,23,58,2,16,56,7,53,43,41,37,52,11,31,62,36,9,35,49
594095957145568237615121736576630785298	cd=479	12,51,37,41,8,4,44,13,29,46,50,19,48,3,42,21,32,1,26,22,27,54,34,17,33,30,10,20,23,58,28,14,52,11,15,60,16,2,55,59,18,45,62,31,56,7,61,47,9,36,43,53,25,38,40,5,39,57,6,24,49,35
record	m=4571136	51,12,41,37,4,8,13,44,29,46,50,19,3,48,21,42,32,1,26,22,27,54,17,34,33,30,20,10,23,58,28,14,52,11,15,60,16,2,55,59,18,45,31,62,7,56,61,47,9,36,53,43,25,38,40,5,39,57,6,24,49,35
805287589514220337131786948487148872470	cd=379	57,39,13,44,35,49,11,52,17,34,43,53,38,25,24,6,20,10,31,62,23,58,54,27,18,45,9,36,46,29,40,5,32,1,19,50,7,56,16,2,12,51,26,22,41,37,3,48,55,59,8,4,42,21,15,60,14,28,30,33,61,47
record	m=6422528	57,39,13,44,35,49,52,11,17,34,53,43,25,38,6,24,20,10,31,62,23,58,54,27,18,45,9,36,29,46,40,5,32,1,50,19,7,56,2,16,51,12,26,22,41,37,3,48,55,59,8,4,21,42,60,15,28,14,30,33,61,47
542896398900473549801697501723659660113	cd=395	25,38,51,12,43,53,18,45,58,23,35,49,21,42,8,4,16,2,55,59,52,11,5,40,37,41,46,29,7,56,61,47,28,14,6,24,9,36,22,26,48,3,57,39,13,44,19,50,33,30,10,20,17,34,1,32,60,15,27,54,62,31
record	m=19464192	25,38,51,12,53,43,18,45,23,58,35,49,21,42,4,8,2,16,55,59,52,11,40,5,41,37,29,46,7,56,61,47,28,14,24,6,36,9,26,22,3,48,57,39,13,44,19,50,33,30,20,10,34,17,1,32,60,15,27,54,62,31
685234041738402960758467916448330294174	cd=475	45,18,53,43,50,19,27,54,6,24,14,28,55,59,25,38,40,5,44,13,23,58,61,47,12,51,34,17,32,1,62,31,2,16,36,9,20,10,35,49,33,30,46,29,57,39,60,15,26,22,4,8,11,52,56,7,42,21,48,3,37,41
record	m=6094848	18,45,53,43,50,19,54,27,24,6,28,14,55,59,25,38,40,5,13,44,58,23,61,47,51,12,17,34,1,32,31,62,2,16,9,36,20,10,35,49,33,30,29,46,57,39,60,15,26,22,4,8,52,11,7,56,21,42,3,48,41,37
1049718265938765590879021462977627922025	cd=579	18,45,12,51,52,11,58,23,34,17,48,3,55,59,21,42,35,49,24,6,16,2,30,33,54,27,1,32,14,28,31,62,10,20,5,40,26,22,39,57,56,7,8,4,50,19,44,13,46,29,37,41,43,53,36,9,60,15,25,38,47,61
record	m=2838528	18,45,51,12,52,11,23,58,17,34,3,48,55,59,21,42,35,49,24,6,2,16,33,30,54,27,1,32,28,14,31,62,20,10,40,5,22,26,57,39,7,56,4,8,50,19,44,13,46,29,41,37,43,53,9,36,60,15,25,38,47,61
1089698451198053289079248792810505006939	cd=371	12,51,39,57,29,46,17,34,16,2,49,35,4,8,36,9,47,61,27,54,7,56,44,13,14,28,18,45,43,53,37,41,52,11,59,55,15,60,48,3,30,33,38,25,42,21,6,24,26,22,10,20,40,5,32,1,23,58,19,50,31,62
record	m=18063360	51,12,57,39,29,46,17,34,2,16,35,49,4,8,9,36,61,47,54,27,7,56,13,44,28,14,18,45,53,43,37,41,52,11,59,55,60,15,3,48,33,30,25,38,42,21,24,6,26,22,10,20,5,40,1,32,58,23,50,19,31,62
301546774002185906133305622561747377825	cd=487	10,20,12,51,1,32,21,42,39,57,59,55,49,35,13,44,43,53,38,25,33,30,9,36,50,19,5,40,60,15,48,3,31,62,29,46,6,24,17,34,26,22,28,14,61,47,45,18,4,8,37,41,58,23,54,27,7,56,11,52,2,16
record	m=3440640	20,10,51,12,32,1,21,42,57,39,55,59,35,49,13,44,53,43,25,38,33,30,9,36,50,19,5,40,60,15,48,3,31,62,29,46,24,6,17,34,26,22,28,14,61,47,45,18,4,8,41,37,23,58,54,27,7,56,52,11,16,2
3096333376229944528573817953255974243	cd=499	52,11,13,44,45,18,8,4,61,47,40,5,27,54,26,22,39,57,28,14,19,50,49,35,56,7,55,59,3,48,20,10,30,33,53,43,38,25,23,58,51,12,37,41,2,16,60,15,36,9,31,62,42,21,17,34,29,46,24,6,32,1
record	m=1048576	52,11,13,44,45,18,4,8,61,47,40,5,54,27,22,26,57,39,14,28,50,19,35,49,7,56,55,59,3,48,20,10,30,33,53,43,25,38,23,58,51,12,41,37,2,16,60,15,9,36,62,31,21,42,34,17,46,29,6,24,32,1
406157021216411641389588218425532679394	cd=339	7,56,47,61,59,55,36,9,32,1,20,10,16,2,4,8,35,49,51,12,53,43,27,54,3,48,15,60,50,19,17,34,46,29,6,24,14,28,58,23,13,44,5,40,25,38,37,41,11,52,62,31,42,21,30,33,45,18,39,57,26,22
record	m=1290240	7,56,61,47,55,59,9,36,32,1,20,10,16,2,4,8,35,49,51,12,53,43,54,27,3,48,60,15,19,50,17,34,29,46,24,6,28,14,23,58,44,13,40,5,25,38,41,37,52,11,31,62,21,42,30,33,18,45,57,39,22,26
260059852266823304530505221291649246234	cd=519	46,29,52,11,39,57,48,3,4,8,27,54,56,7,33,30,20,10,17,34,47,61,38,25,59,55,2,16,13,44,58,23,62,31,32,1,6,24,43,53,37,41,35,49,36,9,12,51,15,60,42,21,22,26,19,50,18,45,5,40,28,14
record	m=7864320	29,46,52,11,57,39,3,48,4,8,27,54,7,56,33,30,20,10,17,34,47,61,25,38,55,59,2,16,13,44,58,23,31,62,1,32,24,6,53,43,37,41,35,49,9,36,51,12,60,15,21,42,22,26,50,19,18,45,40,5,28,14
655701518547657290570032355059845620929	cd=495	20,10,3,48,16,2,5,40,18,45,43,53,27,54,14,28,1,32,47,61,17,34,56,7,35,49,36,9,41,37,52,11,13,44,30,33,59,55,15,60,26,22,24,6,57,39,19,50,62,31,42,21,4,8,58,23,46,29,51,12,25,38
record	m=20643840	20,10,3,48,2,16,40,5,18,45,53,43,54,27,28,14,32,1,61,47,34,17,7,56,35,49,9,36,37,41,52,11,13,44,33,30,55,59,60,15,26,22,6,24,39,57,50,19,31,62,21,42,8,4,23,58,46,29,12,51,25,38
659410665592873546539057924120950057473	cd=491	41,37,54,27,6,24,58,23,11,52,40,5,16,2,7,56,31,62,28,14,21,42,46,29,53,43,13,44,32,1,57,39,10,20,17,34,4,8,55,59,9,36,12,51,61,47,49,35,22,26,3,48,50,19,30,33,60,15,45,18,25,38
record	m=12976128	41,37,54,27,24,6,23,58,52,11,40,5,2,16,7,56,31,62,28,14,21,42,46,29,53,43,13,44,32,1,57,39,20,10,17,34,4,8,55,59,9,36,51,12,61,47,35,49,26,22,3,48,50,19,33,30,60,15,45,18,25,38
193702728470206178515591247063495411867	cd=431	37,41,19,50,60,15,5,40,23,58,47,61,49,35,36,9,27,54,14,28,59,55,62,31,29,46,48,3,4,8,56,7,2,16,51,12,32,1,18,45,20,10,17,34,22,26,57,39,30,33,6,24,21,42,43,53,38,25,13,44,52,11
record	m=12845056	41,37,50,19,15,60,40,5,23,58,61,47,35,49,9,36,27,54,28,14,55,59,31,62,46,29,3,48,4,8,7,56,2,16,51,12,32,1,18,45,20,10,17,34,26,22,39,57,33,30,24,6,21,42,43,53,25,38,44,13,11,52
837508763327149055628588374767628850198	cd=419	30,33,56,7,12,51,43,53,39,57,46,29,52,11,31,62,59,55,32,1,23,58,18,45,27,54,3,48,8,4,21,42,36,9,2,16,61,47,22,26,10,20,25,38,5,40,41,37,60,15,6,24,50,19,34,17,13,44,14,28,35,49
record	m=27525120	33,30,7,56,51,12,53,43,57,39,29,46,52,11,31,62,55,59,32,1,23,58,18,45,54,27,3,48,4,8,21,42,9,36,2,16,61,47,26,22,20,10,25,38,40,5,41,37,60,15,6,24,50,19,17,34,44,13,28,14,49,35
709936517862844300630106983750814924567	cd=575	39,57,60,15,58,23,50,19,44,13,29,46,56,7,2,16,28,14,5,40,36,9,32,1,48,3,12,51,25,38,45,18,52,11,21,42,33,30,59,55,17,34,53,43,27,54,20,10,62,31,26,22,47,61,24,6,4,8,35,49,37,41
record	m=41287680	57,39,60,15,23,58,50,19,44,13,29,46,7,56,2,16,28,14,40,5,9,36,1,32,3,48,51,12,25,38,18,45,52,11,21,42,33,30,55,59,17,34,53,43,27,54,20,10,31,62,26,22,61,47,6,24,4,8,35,49,41,37
950904909284121817005486212797950147952	cd=475	41,37,28,14,31,62,48,3,43,53,15,60,20,10,22,26,16,2,51,12,29,46,39,57,6,24,32,1,36,9,11,52,58,23,50,19,4,8,45,18,17,34,27,54,21,42,25,38,56,7,5,40,35,49,13,44,33,30,61,47,59,55
record	m=4128768	41,37,28,14,31,62,48,3,53,43,60,15,20,10,22,26,2,16,51,12,29,46,57,39,24,6,32,1,36,9,11,52,23,58,19,50,4,8,45,18,17,34,54,27,21,42,38,25,56,7,5,40,35,49,13,44,33,30,61,47,55,59
997225746421530787470506433520362656981	cd=455	11,52,33,30,3,48,29,46,17,34,58,23,45,18,15,60,49,35,2,16,62,31,42,21,22,26,28,14,27,54,7,56,25,38,50,19,53,43,8,4,10,20,61,47,32,1,39,57,51,12,41,37,36,9,40,5,13,44,24,6,55,59
record	m=4816896	52,11,33,30,3,48,29,46,17,34,23,58,18,45,60,15,35,49,2,16,31,62,21,42,26,22,28,14,54,27,7,56,25,38,50,19,53,43,8,4,20,10,47,61,32,1,57,39,51,12,41,37,9,36,40,5,13,44,24,6,55,59
1069775251064738962892023657012155717302	cd=427	44,13,24,6,54,27,5,40,45,18,9,36,52,11,7,56,14,28,8,4,59,55,20,10,43,53,1,32,37,41,39,57,47,61,33,30,16,2,25,38,22,26,49,35,46,29,19,50,58,23,34,17,15,60,48,3,42,21,51,12,31,62
record	m=4915200	13,44,24,6,54,27,40,5,18,45,9,36,52,11,7,56,28,14,4,8,55,59,10,20,53,43,32,1,41,37,57,39,61,47,33,30,2,16,38,25,22,26,35,49,29,46,50,19,23,58,17,34,60,15,3,48,21,42,51,12,31,62
954176038533427249777148571196680529256	cd=367	50,19,38,25,49,35,42,21,51,12,61,47,13,44,34,17,22,26,46,29,6,24,18,45,31,62,58,23,57,39,37,41,15,60,30,33,27,54,9,36,2,16,1,32,11,52,5,40,3,48,28,14,8,4,56,7,20,10,43,53,59,55
record	m=16515072	50,19,25,38,35,49,21,42,51,12,61,47,13,44,34,17,26,22,29,46,24,6,45,18,31,62,23,58,39,57,41,37,60,15,33,30,54,27,9,36,2,16,32,1,52,11,40,5,48,3,14,28,4,8,7,56,20,10,53,43,59,55
254837629644691773833218264436021886557	cd=411	19,50,41,37,3,48,26,22,59,55,20,10,25,38,56,7,47,61,54,27,42,21,16,2,4,8,60,15,43,53,49,35,57,39,36,9,32,1,62,31,58,23,17,34,24,6,51,12,5,40,45,18,52,11,44,13,46,29,33,30,28,14
record	m=8601600	50,19,41,37,3,48,26,22,55,59,10,20,25,38,7,56,61,47,54,27,21,42,2,16,4,8,60,15,53,43,35,49,39,57,9,36,1,32,31,62,23,58,17,34,24,6,51,12,40,5,18,45,52,11,13,44,29,46,33,30,28,14
127652892011015631029069309330595291362	cd=651	19,50,4,8,45,18,49,35,62,31,57,39,42,21,54,27,15,60,51,12,41,37,52,11,30,33,23,58,29,46,17,34,40,5,44,13,14,28,61,47,9,36,20,10,22,26,55,59,25,38,43,53,24,6,1,32,16,2,3,48,56,7
record	m=41287680	50,19,4,8,18,45,35,49,31,62,57,39,21,42,54,27,60,15,51,12,41,37,52,11,33,30,23,58,29,46,17,34,40,5,13,44,28,14,61,47,9,36,20,10,22,26,59,55,38,25,53,43,24,6,32,1,2,16,3,48,56,7
1041614975556650941954804455770387650048	cd=363	58,23,40,5,44,13,21,42,1,32,9,36,33,30,39,57,28,14,34,17,31,62,53,43,46,29,41,37,35,49,27,54,18,45,24,6,22,26,52,11,15,60,59,55,20,10,4,8,56,7,50,19,16,2,12,51,3,48,38,25,47,61
record	m=2293760	23,58,5,40,13,44,21,42,32,1,9,36,33,30,57,39,14,28,17,34,62,31,53,43,29,46,41,37,35,49,54,27,18,45,24,6,26,22,52,11,15,60,55,59,10,20,8,4,7,56,50,19,2,16,51,12,3,48,25,38,61,47
356209305330044554573405931038125883468	cd=543	56,7,17,34,44,13,9,36,40,5,55,59,29,46,32,1,37,41,14,28,62,31,16,2,22,26,10,20,24,6,51,12,25,38,49,35,11,52,18,45,23,58,47,61,19,50,39,57,8,4,15,60,3,48,54,27,53,43,33,30,42,21
record	m=4587520	7,56,17,34,44,13,9,36,40,5,55,59,29,46,32,1,41,37,28,14,31,62,2,16,26,22,20,10,24,6,51,12,25,38,35,49,52,11,18,45,23,58,61,47,50,19,57,39,4,8,60,15,48,3,54,27,53,43,33,30,21,42
21171487332345798848498436701793327176	cd=459	56,7,19,50,13,44,57,39,37,41,25,38,31,62,34,17,59,55,51,12,10,20,26,22,28,14,24,6,60,15,33,30,43,53,9,36,61,47,3,48,8,4,16,2,58,23,11,52,46,29,5,40,54,27,45,18,35,49,21,42,32,1
record	m=10321920	7,56,50,19,44,13,57,39,41,37,25,38,31,62,34,17,55,59,51,12,20,10,26,22,28,14,24,6,60,15,33,30,53,43,9,36,61,47,3,48,4,8,2,16,23,58,52,11,29,46,40,5,54,27,18,45,35,49,21,42,1,32
32848310105414313240406533716228503846	cd=555	34,17,54,27,18,45,28,14,16,2,7,56,8,4,9,36,41,37,6,24,39,57,15,60,42,21,44,13,49,35,58,23,50,19,25,38,53,43,10,20,55,59,51,12,31,62,29,46,52,11,5,40,48,3,33,30,26,22,47,61,32,1
record	m=1032192	17,34,54,27,18,45,28,14,2,16,7,56,4,8,36,9,37,41,24,6,57,39,60,15,21,42,13,44,35,49,23,58,19,50,38,25,53,43,10,20,55,59,51,12,31,62,29,46,52,11,40,5,3,48,33,30,26,22,61,47,32,1
1036579559173896076265209999123963070710	cd=423	18,45,49,35,21,42,37,41,31,62,27,54,4,8,55,59,53,43,7,56,36,9,32,1,15,60,33,30,25,38,50,19,22,26,16,2,48,3,11,52,17,34,44,13,57,39,46,29,10,20,40,5,23,58,24,6,51,12,28,14,47,61
record	m=473088	18,45,35,49,21,42,41,37,31,62,27,54,4,8,55,59,53,43,7,56,9,36,1,32,60,15,33,30,25,38,50,19,26,22,2,16,3,48,52,11,17,34,44,13,57,39,29,46,20,10,40,5,23,58,6,24,51,12,28,14,61,47
1081920572157462173235629545153000875191	cd=439	52,11,21,42,15,60,57,39,24,6,3,48,36,9,44,13,38,25,5,40,41,37,55,59,33,30,7,56,26,22,53,43,1,32,20,10,18,45,14,28,29,46,51,12,34,17,50,19,61,47,58,23,27,54,2,16,8,4,49,35,31,62
record	m=38535168	52,11,21,42,60,15,57,39,24,6,3,48,9,36,13,44,25,38,40,5,41,37,55,59,33,30,7,56,26,22,53,43,32,1,20,10,18,45,28,14,46,29,12,51,17,34,50,19,61,47,23,58,54,27,2,16,4,8,35,49,31,62
632391027941031262483363423438199382102	cd=343	60,15,6,24,34,17,56,7,18,45,23,58,29,46,40,5,19,50,30,33,48,3,13,44,36,9,25,38,47,61,43,53,35,49,27,54,21,42,51,12,10,20,14,28,26,22,8,4,59,55,11,52,16,2,62,31,57,39,1,32,41,37
record	m=7569408	60,15,24,6,17,34,7,56,18,45,23,58,29,46,40,5,19,50,33,30,3,48,44,13,9,36,38,25,61,47,53,43,49,35,54,27,21,42,51,12,20,10,28,14,26,22,4,8,55,59,11,52,16,2,31,62,57,39,32,1,41,37
767527664591455130573826010289470759362	cd=363	28,14,6,24,45,18,22,26,32,1,48,3,37,41,17,34,7,56,31,62,35,49,16,2,43,53,60,15,51,12,61,47,8,4,46,29,57,39,52,11,42,21,36,9,20,10,59,55,50,19,25,38,58,23,40,5,33,30,54,27,13,44
record	m=4194304	28,14,24,6,45,18,26,22,32,1,3,48,41,37,17,34,7,56,31,62,35,49,2,16,53,43,60,15,12,51,61,47,4,8,29,46,39,57,52,11,42,21,9,36,20,10,59,55,50,19,25,38,23,58,5,40,33,30,54,27,13,44
#provenance	engine=solve.c/kc	branch=<BRANCH>	git=<GIT>	source_sha=<SRC>	n=31	convention=V4_CONVENTION_FREEZE_RECONCILED_2026_07_14(repr=orient-lex-min,slot-0-only)	validity=C1C2C4C5-SUPERSPACE(C3-UNFILTERED;NOT-the-ratified-C1-C5-repr(k))
