i	rank	x	order	walk	edit_dist_kw	c3_total	c6_c7_count	max_transition_hamming	fft_dominant_freq	shift_conformant_count	first_position_deviation	mean_transition_hamming	fft_peak_amplitude	kw_c3_total	kw_max_transition_hamming	kw_fft_dominant_freq	kw_mean_transition_hamming	kw_fft_peak_amplitude
0	0	0	REL	43,53,59,55,57,39,61,47,49,35,33,30,62,31,46,29,54,27,58,23,38,25,41,37,26,22,50,19,42,21,45,18,34,17,60,15,28,14,44,13,52,11,51,12,20,10,56,7,36,9,24,6,40,5,8,4,48,3,16,2,32,1	30	1576	0	6	1	0	2	3.3492064	350.4165649	776	6	16	3.3492064	374.7700000
1	1097051278789181790036112071176579186	0.001	REL	35,49,16,2,20,10,22,26,17,34,42,21,7,56,53,43,62,31,52,11,46,29,9,36,12,51,23,58,24,6,40,5,15,60,27,54,44,13,33,30,19,50,4,8,55,59,14,28,47,61,57,39,41,37,38,25,18,45,48,3,32,1	31	1112	0	6	26	1	2	3.3492064	271.4523926	776	6	16	3.3492064	374.7700000
2	2194102557578363580072224142353158372	0.002	REL	33,30,18,45,52,11,7,56,38,25,48,3,2,16,21,42,49,35,36,9,39,57,47,61,24,6,43,53,31,62,10,20,44,13,4,8,15,60,54,27,59,55,19,50,14,28,22,26,51,12,37,41,58,23,34,17,46,29,40,5,32,1	31	624	0	6	23	0	2	3.3492064	327.5387878	776	6	16	3.3492064	374.7700000
3	3291153836367545370108336213529737558	0.0030000000000000001	REL	53,43,56,7,26,22,39,57,35,49,21,42,33,30,9,36,45,18,3,48,12,51,50,19,5,40,58,23,38,25,20,10,2,16,29,46,54,27,15,60,14,28,47,61,13,44,34,17,4,8,55,59,41,37,11,52,31,62,24,6,32,1	31	1040	0	6	9	1	2	3.3492064	286.9936218	776	6	16	3.3492064	374.7700000
4	4388205115156727160144448284706316744	0.0040000000000000001	REL	53,43,42,21,19,50,6,24,12,51,17,34,29,46,18,45,30,33,54,27,13,44,16,2,48,3,59,55,47,61,35,49,58,23,39,57,11,52,56,7,5,40,25,38,41,37,9,36,62,31,26,22,10,20,14,28,15,60,4,8,32,1	31	1000	0	6	23	0	2	3.3492064	273.8507080	776	6	16	3.3492064	374.7700000
5	5485256393945908950180560355882895930	0.0050000000000000001	REL	6,24,15,60,37,41,3,48,4,8,29,46,45,18,35,49,9,36,2,16,55,59,42,21,26,22,38,25,7,56,47,61,17,34,54,27,31,62,12,51,11,52,53,43,50,19,44,13,14,28,40,5,57,39,23,58,30,33,20,10,32,1	31	896	0	6	27	0	2	3.3492064	294.4432068	776	6	16	3.3492064	374.7700000
6	6582307672735090740216672427059475116	0.0060000000000000001	REL	29,46,28,14,15,60,3,48,20,10,27,54,47,61,52,11,33,30,50,19,21,42,62,31,2,16,49,35,53,43,24,6,36,9,34,17,56,7,59,55,58,23,13,44,45,18,39,57,37,41,5,40,38,25,4,8,26,22,51,12,32,1	30	920	0	6	29	1	2	3.3492064	323.0931702	776	6	16	3.3492064	374.7700000
7	7679358951524272530252784498236054302	0.0070000000000000001	REL	41,37,54,27,62,31,61,47,19,50,17,34,44,13,23,58,29,46,10,20,48,3,53,43,11,52,57,39,24,6,51,12,2,16,18,45,49,35,36,9,15,60,42,21,55,59,30,33,5,40,26,22,56,7,25,38,4,8,28,14,32,1	31	1104	0	6	24	0	2	3.3492064	410.2897644	776	6	16	3.3492064	374.7700000
8	8776410230313454320288896569412633488	0.0080000000000000002	REL	46,29,7,56,36,9,57,39,62,31,3,48,15,60,38,25,26,22,52,11,55,59,10,20,50,19,2,16,28,14,47,61,27,54,24,6,21,42,4,8,58,23,37,41,49,35,51,12,33,30,18,45,13,44,43,53,40,5,34,17,32,1	28	1248	0	6	29	2	2	3.3492064	266.2916260	776	6	16	3.3492064	374.7700000
9	9873461509102636110325008640589212674	0.0089999999999999993	REL	8,4,28,14,21,42,60,15,35,49,24,6,33,30,3,48,59,55,25,38,22,26,50,19,5,40,44,13,46,29,10,20,56,7,2,16,47,61,11,52,23,58,43,53,54,27,9,36,62,31,51,12,17,34,41,37,57,39,45,18,32,1	31	744	0	6	19	0	2	3.3492064	246.8142700	776	6	16	3.3492064	374.7700000
10	10970512787891817900361120711765791860	0.01	REL	13,44,62,31,60,15,24,6,53,43,14,28,7,56,35,49,59,55,3,48,21,42,45,18,51,12,27,54,50,19,38,25,41,37,52,11,30,33,5,40,61,47,36,9,17,34,29,46,2,16,4,8,58,23,57,39,22,26,10,20,32,1	30	1216	0	6	10	1	2	3.3492064	367.7944336	776	6	16	3.3492064	374.7700000
11	12067564066680999690397232782942371046	0.010999999999999999	REL	34,17,56,7,31,62,29,46,28,14,49,35,38,25,50,19,61,47,51,12,2,16,40,5,30,33,9,36,21,42,44,13,37,41,27,54,55,59,48,3,4,8,45,18,10,20,39,57,52,11,43,53,6,24,23,58,60,15,26,22,32,1	29	752	0	6	10	1	3	3.3492064	255.7899933	776	6	16	3.3492064	374.7700000
12	13164615345470181480433344854118950232	0.012	REL	38,25,42,21,3,48,60,15,34,17,46,29,55,59,14,28,53,43,57,39,5,40,50,19,16,2,52,11,51,12,30,33,41,37,7,56,36,9,4,8,20,10,18,45,27,54,35,49,26,22,23,58,47,61,13,44,31,62,6,24,32,1	31	992	0	6	13	0	2	3.3492064	267.0372314	776	6	16	3.3492064	374.7700000
13	14261666624259363270469456925295529418	0.012999999999999999	REL	48,3,4,8,59,55,44,13,41,37,47,61,17,34,16,2,33,30,57,39,23,58,53,43,20,10,38,25,45,18,60,15,62,31,21,42,35,49,19,50,51,12,7,56,29,46,24,6,11,52,54,27,9,36,22,26,40,5,14,28,32,1	29	1072	0	6	30	3	2	3.3492064	292.8698425	776	6	16	3.3492064	374.7700000
14	15358717903048545060505568996472108604	0.014	REL	45,18,24,6,51,12,27,54,20,10,13,44,61,47,57,39,55,59,34,17,16,2,9,36,23,58,29,46,15,60,41,37,35,49,43,53,50,19,48,3,4,8,5,40,26,22,52,11,33,30,38,25,7,56,42,21,14,28,62,31,32,1	29	768	0	6	3	2	2	3.3492064	284.2999268	776	6	16	3.3492064	374.7700000
15	16455769181837726850541681067648687790	0.014999999999999999	REL	41,37,44,13,8,4,17,34,3,48,9,36,14,28,25,38,59,55,29,46,24,6,31,62,15,60,5,40,11,52,58,23,18,45,7,56,27,54,39,57,26,22,47,61,19,50,35,49,16,2,43,53,10,20,21,42,12,51,30,33,32,1	30	1016	0	6	9	1	2	3.3492064	267.1196594	776	6	16	3.3492064	374.7700000
16	17552820460626908640577793138825266976	0.016	REL	42,21,48,3,8,4,37,41,29,46,6,24,58,23,15,60,49,35,40,5,27,54,19,50,11,52,47,61,2,16,62,31,39,57,17,34,45,18,12,51,59,55,7,56,10,20,30,33,38,25,22,26,43,53,44,13,28,14,9,36,32,1	31	1200	0	6	31	0	2	3.3492064	259.1058350	776	6	16	3.3492064	374.7700000
17	18649871739416090430613905210001846162	0.017000000000000001	REL	24,6,11,52,19,50,13,44,34,17,60,15,41,37,42,21,16,2,30,33,18,45,28,14,8,4,46,29,40,5,57,39,54,27,51,12,22,26,43,53,55,59,48,3,7,56,36,9,61,47,31,62,49,35,23,58,10,20,25,38,32,1	31	1024	0	6	28	0	2	3.3492064	320.5147400	776	6	16	3.3492064	374.7700000
18	19746923018205272220650017281178425348	0.017999999999999999	REL	50,19,20,10,46,29,36,9,41,37,13,44,42,21,11,52,34,17,35,49,5,40,15,60,27,54,59,55,16,2,61,47,25,38,22,26,48,3,51,12,45,18,4,8,30,33,6,24,28,14,23,58,43,53,56,7,31,62,57,39,32,1	31	912	0	6	30	0	2	3.3492064	305.1458435	776	6	16	3.3492064	374.7700000
19	20843974296994454010686129352355004534	0.019	REL	2,16,58,23,57,39,43,53,4,8,33,30,56,7,29,46,6,24,22,26,49,35,47,61,11,52,12,51,54,27,59,55,41,37,34,17,50,19,13,44,20,10,18,45,40,5,15,60,3,48,25,38,31,62,36,9,28,14,21,42,32,1	30	976	0	6	24	1	2	3.3492064	307.9710388	776	6	16	3.3492064	374.7700000
20	21941025575783635800722241423531583720	0.02	REL	25,38,11,52,44,13,46,29,20,10,57,39,21,42,41,37,51,12,58,23,33,30,5,40,14,28,8,4,54,27,45,18,62,31,22,26,9,36,60,15,47,61,2,16,6,24,34,17,50,19,49,35,55,59,48,3,7,56,53,43,32,1	31	1208	0	6	26	0	2	3.3492064	361.5989075	776	6	16	3.3492064	374.7700000
21	23038076854572817590758353494708162906	0.021000000000000001	REL	16,2,48,3,47,61,38,25,5,40,51,12,22,26,57,39,49,35,37,41,14,28,21,42,6,24,52,11,43,53,20,10,62,31,13,44,8,4,30,33,60,15,54,27,23,58,55,59,19,50,7,56,9,36,29,46,17,34,18,45,32,1	30	672	0	6	30	1	2	3.3492064	284.4354553	776	6	16	3.3492064	374.7700000
22	24135128133361999380794465565884742092	0.021999999999999999	REL	24,6,21,42,31,62,45,18,49,35,17,34,44,13,50,19,20,10,22,26,46,29,8,4,9,36,33,30,48,3,51,12,40,5,37,41,39,57,43,53,55,59,56,7,25,38,16,2,15,60,27,54,23,58,14,28,52,11,61,47,32,1	30	1152	0	6	28	2	2	3.3492064	304.3403931	776	6	16	3.3492064	374.7700000
23	25232179412151181170830577637061321278	0.023	REL	27,54,19,50,46,29,57,39,13,44,15,60,34,17,36,9,5,40,52,11,37,41,45,18,4,8,31,62,6,24,56,7,21,42,59,55,43,53,3,48,2,16,26,22,58,23,51,12,33,30,38,25,10,20,61,47,14,28,35,49,32,1	31	832	0	6	16	1	2	3.3492064	265.6689453	776	6	16	3.3492064	374.7700000
24	26329230690940362960866689708237900464	0.024	REL	25,38,62,31,58,23,48,3,50,19,53,43,30,33,55,59,9,36,46,29,47,61,4,8,35,49,14,28,18,45,15,60,54,27,10,20,56,7,16,2,11,52,37,41,44,13,24,6,22,26,40,5,21,42,39,57,34,17,12,51,32,1	29	1152	0	6	11	3	2	3.3492064	299.0454712	776	6	16	3.3492064	374.7700000
25	27426281969729544750902801779414479650	0.025000000000000001	REL	38,25,22,26,54,27,24,6,8,4,2,16,42,21,56,7,53,43,48,3,33,30,61,47,40,5,31,62,51,12,58,23,17,34,35,49,14,28,20,10,50,19,55,59,45,18,9,36,13,44,37,41,29,46,15,60,39,57,11,52,32,1	31	1272	0	6	31	1	2	3.3492064	266.5697021	776	6	16	3.3492064	374.7700000
26	28523333248518726540938913850591058836	0.025999999999999999	REL	48,3,31,62,22,26,23,58,9,36,42,21,37,41,34,17,40,5,60,15,44,13,19,50,35,49,18,45,57,39,55,59,4,8,29,46,24,6,11,52,61,47,7,56,38,25,20,10,14,28,53,43,2,16,51,12,33,30,27,54,32,1	30	880	0	6	25	1	2	3.3492064	271.3984985	776	6	16	3.3492064	374.7700000
27	29620384527307908330975025921767638022	0.027	REL	43,53,62,31,3,48,50,19,24,6,44,13,27,54,52,11,49,35,45,18,60,15,46,29,16,2,17,34,22,26,37,41,25,38,14,28,61,47,57,39,23,58,8,4,55,59,40,5,20,10,33,30,9,36,51,12,42,21,7,56,32,1	31	976	0	6	25	0	2	3.3492064	260.3193054	776	6	16	3.3492064	374.7700000
28	30717435806097090121011137992944217208	0.028000000000000001	REL	30,33,24,6,20,10,27,54,16,2,46,29,17,34,51,12,23,58,41,37,22,26,48,3,38,25,15,60,40,5,52,11,55,59,45,18,19,50,13,44,42,21,8,4,28,14,62,31,56,7,43,53,49,35,9,36,47,61,39,57,32,1	30	1024	0	6	28	1	2	3.3492064	262.0375977	776	6	16	3.3492064	374.7700000
29	31814487084886271911047250064120796394	0.029000000000000001	REL	49,35,28,14,11,52,17,34,23,58,61,47,62,31,54,27,50,19,48,3,16,2,13,44,4,8,37,41,43,53,38,25,56,7,33,30,40,5,20,10,57,39,46,29,12,51,36,9,24,6,21,42,15,60,26,22,18,45,55,59,32,1	30	1120	0	6	4	2	2	3.3492064	308.7030029	776	6	16	3.3492064	374.7700000
30	32911538363675453701083362135297375580	0.029999999999999999	REL	17,34,54,27,49,35,48,3,36,9,59,55,15,60,51,12,21,42,6,24,16,2,26,22,25,38,5,40,46,29,8,4,52,11,39,57,56,7,53,43,45,18,58,23,28,14,44,13,50,19,62,31,41,37,20,10,33,30,47,61,32,1	30	928	0	6	21	0	3	3.3492064	269.6891479	776	6	16	3.3492064	374.7700000
31	34008589642464635491119474206473954766	0.031	REL	34,17,26,22,29,46,18,45,27,54,42,21,11,52,41,37,61,47,39,57,28,14,5,40,4,8,13,44,43,53,24,6,9,36,12,51,23,58,49,35,50,19,30,33,20,10,38,25,48,3,55,59,60,15,7,56,62,31,32,1,16,2	29	776	0	6	31	0	3	3.3492064	280.8209229	776	6	16	3.3492064	374.7700000
32	35105640921253817281155586277650533952	0.032000000000000001	REL	36,9,6,24,3,48,55,59,33,30,10,20,50,19,27,54,62,31,58,23,28,14,35,49,40,5,51,12,1,32,45,18,57,39,22,26,37,41,21,42,44,13,43,53,17,34,7,56,47,61,25,38,60,15,29,46,52,11,8,4,16,2	30	1008	0	6	8	1	2	3.3492064	285.5774841	776	6	16	3.3492064	374.7700000
33	36202692200042999071191698348827113138	0.033000000000000002	REL	58,23,49,35,4,8,6,24,18,45,27,54,14,28,22,26,3,48,44,13,50,19,21,42,15,60,41,37,7,56,47,61,25,38,34,17,53,43,62,31,9,36,30,33,32,1,57,39,10,20,12,51,46,29,55,59,11,52,40,5,16,2	30	1120	0	6	29	1	2	3.3492064	302.8639526	776	6	16	3.3492064	374.7700000
34	37299743478832180861227810420003692324	0.034000000000000002	REL	46,29,14,28,49,35,55,59,52,11,39,57,32,1,47,61,12,51,58,23,38,25,30,33,53,43,45,18,3,48,42,21,9,36,27,54,22,26,19,50,6,24,40,5,31,62,60,15,20,10,44,13,8,4,41,37,17,34,56,7,16,2	29	1256	0	6	16	2	2	3.3492064	268.9906921	776	6	16	3.3492064	374.7700000
35	38396794757621362651263922491180271510	0.035000000000000003	REL	25,38,20,10,31,62,58,23,35,49,4,8,37,41,13,44,5,40,43,53,46,29,34,17,11,52,22,26,7,56,33,30,27,54,59,55,61,47,50,19,57,39,51,12,60,15,14,28,42,21,3,48,1,32,45,18,6,24,36,9,16,2	31	1008	0	6	18	0	2	3.3492064	331.0036011	776	6	16	3.3492064	374.7700000
36	39493846036410544441300034562356850696	0.035999999999999997	REL	25,38,28,14,27,54,57,39,53,43,17,34,42,21,61,47,50,19,22,26,23,58,31,62,12,51,52,11,55,59,4,8,44,13,60,15,6,24,30,33,37,41,48,3,40,5,46,29,45,18,35,49,1,32,9,36,7,56,20,10,16,2	30	1464	0	6	28	0	2	3.3492064	366.6222229	776	6	16	3.3492064	374.7700000
37	40590897315199726231336146633533429882	0.036999999999999998	REL	13,44,33,30,18,45,28,14,60,15,29,46,17,34,5,40,27,54,10,20,7,56,26,22,35,49,57,39,53,43,61,47,58,23,25,38,6,24,19,50,41,37,52,11,31,62,8,4,9,36,48,3,32,1,59,55,21,42,51,12,16,2	29	952	0	6	26	0	2	3.3492064	299.3416443	776	6	16	3.3492064	374.7700000
38	41687948593988908021372258704710009068	0.037999999999999999	REL	22,26,9,36,39,57,43,53,48,3,8,4,1,32,18,45,25,38,34,17,30,33,52,11,5,40,62,31,51,12,56,7,23,58,29,46,6,24,20,10,60,15,44,13,50,19,42,21,35,49,55,59,54,27,61,47,37,41,28,14,16,2	31	1208	0	6	26	1	2	3.3492064	327.6849365	776	6	16	3.3492064	374.7700000
39	42784999872778089811408370775886588254	0.039	REL	17,34,29,46,58,23,48,3,31,62,51,12,18,45,40,5,4,8,28,14,20,10,39,57,59,55,38,25,60,15,41,37,9,36,21,42,47,61,54,27,53,43,56,7,49,35,6,24,1,32,11,52,30,33,13,44,26,22,50,19,16,2	28	864	0	6	4	2	3	3.3492064	322.7486572	776	6	16	3.3492064	374.7700000
40	43882051151567271601444482847063167440	0.040000000000000001	REL	56,7,59,55,52,11,17,34,47,61,29,46,23,58,28,14,8,4,1,32,60,15,53,43,57,39,31,62,48,3,24,6,37,41,35,49,27,54,44,13,50,19,38,25,20,10,51,12,18,45,5,40,33,30,22,26,9,36,42,21,16,2	31	880	0	6	29	1	2	3.3492064	345.4226379	776	6	16	3.3492064	374.7700000
41	44979102430356453391480594918239746626	0.041000000000000002	REL	33,30,20,10,51,12,42,21,32,1,45,18,55,59,28,14,31,62,26,22,15,60,53,43,50,19,44,13,5,40,54,27,61,47,34,17,7,56,36,9,46,29,3,48,37,41,35,49,52,11,38,25,57,39,4,8,6,24,58,23,16,2	31	928	0	6	13	0	2	3.3492064	202.7255249	776	6	16	3.3492064	374.7700000
42	46076153709145635181516706989416325812	0.042000000000000003	REL	26,22,24,6,8,4,15,60,12,51,36,9,57,39,45,18,43,53,41,37,17,34,59,55,46,29,56,7,61,47,21,42,62,31,11,52,5,40,23,58,50,19,49,35,48,3,13,44,32,1,27,54,10,20,33,30,14,28,38,25,16,2	30	952	0	6	17	1	2	3.3492064	319.2857361	776	6	16	3.3492064	374.7700000
43	47173204987934816971552819060592904998	0.042999999999999997	REL	7,56,13,44,8,4,6,24,10,20,49,35,40,5,61,47,51,12,22,26,62,31,32,1,52,11,30,33,43,53,21,42,37,41,3,48,57,39,58,23,38,25,50,19,59,55,46,29,17,34,18,45,28,14,36,9,60,15,54,27,16,2	30	1168	0	6	28	2	2	3.3492064	294.6598816	776	6	16	3.3492064	374.7700000
44	48270256266723998761588931131769484184	0.043999999999999997	REL	46,29,22,26,54,27,8,4,52,11,45,18,25,38,13,44,9,36,42,21,33,30,48,3,55,59,37,41,31,62,61,47,23,58,50,19,43,53,51,12,5,40,32,1,49,35,15,60,6,24,39,57,17,34,10,20,7,56,14,28,16,2	31	960	0	6	1	0	2	3.3492064	255.5641632	776	6	16	3.3492064	374.7700000
45	49367307545513180551625043202946063370	0.044999999999999998	REL	49,35,28,14,43,53,51,12,34,17,6,24,31,62,40,5,52,11,13,44,38,25,26,22,19,50,21,42,36,9,46,29,47,61,7,56,54,27,15,60,45,18,20,10,39,57,8,4,41,37,48,3,55,59,58,23,1,32,33,30,16,2	31	1080	0	6	26	0	2	3.3492064	259.3450928	776	6	16	3.3492064	374.7700000
46	50464358824302362341661155274122642556	0.045999999999999999	REL	9,36,45,18,53,43,34,17,31,62,6,24,11,52,29,46,26,22,56,7,30,33,55,59,54,27,19,50,49,35,44,13,4,8,47,61,37,41,3,48,42,21,14,28,60,15,38,25,12,51,5,40,23,58,57,39,10,20,1,32,16,2	31	1056	0	6	29	0	2	3.3492064	267.2537231	776	6	16	3.3492064	374.7700000
47	51561410103091544131697267345299221742	0.047	REL	41,37,1,32,42,21,17,34,10,20,13,44,57,39,38,25,22,26,52,11,23,58,60,15,40,5,27,54,47,61,49,35,28,14,36,9,48,3,18,45,62,31,51,12,43,53,29,46,8,4,7,56,19,50,24,6,55,59,30,33,16,2	28	1144	0	6	22	1	2	3.3492064	338.1111450	776	6	16	3.3492064	374.7700000
48	52658461381880725921733379416475800928	0.048000000000000001	REL	56,7,36,9,54,27,28,14,22,26,61,47,5,40,17,34,15,60,46,29,31,62,12,51,3,48,1,32,19,50,25,38,33,30,18,45,59,55,57,39,53,43,58,23,13,44,6,24,42,21,11,52,4,8,10,20,37,41,49,35,16,2	29	1032	0	6	31	1	2	3.3492064	329.6538391	776	6	16	3.3492064	374.7700000
49	53755512660669907711769491487652380114	0.049000000000000002	REL	54,27,45,18,1,32,39,57,12,51,21,42,60,15,48,3,17,34,58,23,35,49,50,19,8,4,24,6,11,52,30,33,40,5,47,61,31,62,26,22,36,9,20,10,28,14,44,13,29,46,56,7,59,55,53,43,38,25,41,37,16,2	30	1112	0	6	28	1	2	3.3492064	249.3256378	776	6	16	3.3492064	374.7700000
50	54852563939459089501805603558828959300	0.050000000000000003	REL	8,4,25,38,28,14,56,7,12,51,41,37,6,24,22,26,49,35,10,20,9,36,34,17,18,45,11,52,32,1,29,46,55,59,57,39,43,53,33,30,47,61,44,13,50,19,31,62,48,3,54,27,42,21,60,15,58,23,5,40,16,2	31	712	0	6	1	0	2	3.3492064	295.1812134	776	6	16	3.3492064	374.7700000
51	55949615218248271291841715630005538486	0.050999999999999997	REL	1,32,49,35,39,57,5,40,52,11,22,26,43,53,10,20,30,33,48,3,55,59,18,45,8,4,23,58,46,29,27,54,37,41,34,17,28,14,61,47,6,24,12,51,62,31,25,38,15,60,9,36,50,19,56,7,44,13,21,42,16,2	31	992	0	6	25	1	2	3.3492064	397.4698486	776	6	16	3.3492064	374.7700000
52	57046666497037453081877827701182117672	0.051999999999999998	REL	24,6,15,60,8,4,23,58,53,43,37,41,35,49,11,52,34,17,13,44,54,27,31,62,32,1,21,42,10,20,38,25,26,22,46,29,39,57,19,50,3,48,30,33,51,12,40,5,14,28,7,56,55,59,18,45,36,9,61,47,16,2	31	1288	0	6	27	0	2	3.3492064	283.5372009	776	6	16	3.3492064	374.7700000
53	58143717775826634871913939772358696858	0.052999999999999999	REL	37,41,62,31,39,57,13,44,25,38,22,26,28,14,21,42,52,11,5,40,60,15,4,8,10,20,48,3,30,33,36,9,29,46,55,59,34,17,45,18,56,7,43,53,6,24,12,51,50,19,1,32,58,23,35,49,27,54,61,47,16,2	31	1152	0	6	14	0	2	3.3492064	325.7612000	776	6	16	3.3492064	374.7700000
54	59240769054615816661950051843535276044	0.053999999999999999	REL	21,42,52,11,56,7,59,55,43,53,44,13,32,1,50,19,29,46,10,20,5,40,14,28,12,51,38,25,30,33,24,6,37,41,26,22,4,8,57,39,36,9,3,48,15,60,54,27,17,34,62,31,18,45,61,47,23,58,35,49,16,2	30	856	0	6	16	1	2	3.3492064	273.2471313	776	6	16	3.3492064	374.7700000
55	60337820333404998451986163914711855230	0.055	REL	1,32,35,49,7,56,33,30,45,18,36,9,47,61,13,44,4,8,42,21,54,27,14,28,29,46,17,34,26,22,31,62,53,43,19,50,6,24,10,20,40,5,38,25,60,15,41,37,59,55,52,11,23,58,3,48,57,39,12,51,16,2	29	928	0	6	26	1	2	3.3492064	342.7841187	776	6	16	3.3492064	374.7700000
56	61434871612194180242022275985888434416	0.056000000000000001	REL	24,6,5,40,14,28,37,41,51,12,60,15,1,32,59,55,31,62,56,7,47,61,54,27,22,26,17,34,9,36,44,13,45,18,8,4,46,29,49,35,48,3,39,57,58,23,11,52,25,38,19,50,21,42,30,33,10,20,43,53,16,2	30	1088	0	6	17	0	2	3.3492064	330.9144897	776	6	16	3.3492064	374.7700000
57	62531922890983362032058388057065013602	0.057000000000000002	REL	33,30,24,6,55,59,21,42,60,15,3,48,52,11,32,1,40,5,58,23,25,38,50,19,34,17,12,51,9,36,47,61,45,18,35,49,37,41,13,44,26,22,4,8,57,39,29,46,53,43,14,28,62,31,20,10,7,56,27,54,16,2	30	1000	0	6	19	0	2	3.3492064	273.0919495	776	6	16	3.3492064	374.7700000
58	63628974169772543822094500128241592788	0.058000000000000003	REL	37,41,42,21,45,18,32,1,38,25,11,52,12,51,62,31,29,46,13,44,15,60,27,54,49,35,33,30,36,9,20,10,53,43,8,4,14,28,59,55,50,19,39,57,17,34,58,23,26,22,48,3,24,6,40,5,61,47,7,56,16,2	31	744	0	6	24	1	2	3.3492064	324.1389771	776	6	16	3.3492064	374.7700000
59	64726025448561725612130612199418171974	0.058999999999999997	REL	49,35,13,44,19,50,10,20,62,31,3,48,29,46,22,26,42,21,7,56,51,12,11,52,1,32,34,17,61,47,8,4,14,28,27,54,6,24,60,15,43,53,57,39,40,5,30,33,55,59,18,45,9,36,37,41,38,25,23,58,16,2	31	1032	0	6	21	0	2	3.3492064	294.8518677	776	6	16	3.3492064	374.7700000
60	65823076727350907402166724270594751160	0.059999999999999998	REL	18,45,28,14,36,9,12,51,7,56,47,61,20,10,39,57,25,38,5,40,13,44,32,1,41,37,31,62,53,43,33,30,8,4,49,35,23,58,29,46,17,34,24,6,21,42,27,54,48,3,50,19,59,55,22,26,52,11,15,60,16,2	28	1144	0	6	22	4	2	3.3492064	296.7807617	776	6	16	3.3492064	374.7700000
61	66920128006140089192202836341771330346	0.060999999999999999	REL	20,10,29,46,52,11,13,44,40,5,14,28,42,21,50,19,35,49,58,23,53,43,1,32,18,45,15,60,38,25,12,51,31,62,24,6,57,39,48,3,17,34,26,22,36,9,41,37,8,4,33,30,27,54,7,56,55,59,47,61,16,2	31	528	0	6	13	1	2	3.3492064	307.9019470	776	6	16	3.3492064	374.7700000
62	68017179284929270982238948412947909532	0.062	REL	17,34,45,18,33,30,39,57,42,21,50,19,9,36,6,24,62,31,51,12,52,11,10,20,25,38,35,49,58,23,13,44,60,15,48,3,54,27,56,7,14,28,22,26,2,16,61,47,40,5,53,43,37,41,46,29,55,59,32,1,8,4	30	928	0	6	13	1	3	3.3492064	305.4742432	776	6	16	3.3492064	374.7700000
63	69114230563718452772275060484124488718	0.063	REL	35,49,32,1,7,56,9,36,37,41,60,15,29,46,6,24,43,53,12,51,34,17,25,38,19,50,13,44,33,30,45,18,52,11,57,39,58,23,61,47,14,28,26,22,10,20,40,5,55,59,31,62,2,16,54,27,21,42,48,3,8,4	30	1264	0	6	17	0	2	3.3492064	328.8286133	776	6	16	3.3492064	374.7700000
64	70211281842507634562311172555301067904	0.064000000000000001	REL	28,14,22,26,37,41,21,42,59,55,38,25,30,33,15,60,18,45,62,31,52,11,27,54,57,39,50,19,61,47,13,44,29,46,32,1,34,17,56,7,36,9,40,5,43,53,20,10,58,23,49,35,48,3,51,12,2,16,24,6,8,4	31	1032	0	6	1	2	2	3.3492064	259.7388611	776	6	16	3.3492064	374.7700000
65	71308333121296816352347284626477647090	0.065000000000000002	REL	41,37,32,1,57,39,18,45,44,13,49,35,55,59,29,46,58,23,40,5,14,28,26,22,11,52,50,19,15,60,31,62,27,54,51,12,17,34,56,7,43,53,20,10,24,6,42,21,47,61,38,25,33,30,48,3,16,2,36,9,8,4	31	1024	0	6	16	0	2	3.3492064	261.6295166	776	6	16	3.3492064	374.7700000
66	72405384400085998142383396697654226276	0.066000000000000003	REL	20,10,24,6,28,14,37,41,15,60,12,51,3,48,57,39,34,17,50,19,42,21,23,58,33,30,38,25,45,18,56,7,29,46,27,54,2,16,53,43,32,1,62,31,35,49,9,36,44,13,22,26,47,61,59,55,5,40,52,11,8,4	30	1032	0	6	26	2	2	3.3492064	311.3981018	776	6	16	3.3492064	374.7700000
67	73502435678875179932419508768830805462	0.067000000000000004	REL	5,40,26,22,36,9,2,16,56,7,10,20,32,1,19,50,34,17,6,24,15,60,3,48,25,38,45,18,58,23,37,41,43,53,12,51,54,27,47,61,28,14,42,21,39,57,35,49,31,62,11,52,30,33,46,29,59,55,44,13,8,4	28	1208	0	6	1	3	2	3.3492064	340.5788574	776	6	16	3.3492064	374.7700000
68	74599486957664361722455620840007384648	0.068000000000000005	REL	44,13,19,50,52,11,43,53,10,20,2,16,30,33,23,58,36,9,42,21,45,18,17,34,27,54,32,1,51,12,26,22,62,31,6,24,25,38,7,56,46,29,3,48,41,37,47,61,55,59,49,35,14,28,5,40,57,39,60,15,8,4	31	728	0	6	30	0	2	3.3492064	254.3377075	776	6	16	3.3492064	374.7700000
69	75696538236453543512491732911183963834	0.069000000000000006	REL	35,49,61,47,27,54,39,57,6,24,14,28,62,31,12,51,30,33,59,55,25,38,58,23,53,43,44,13,37,41,46,29,56,7,5,40,15,60,16,2,9,36,18,45,48,3,20,10,11,52,32,1,19,50,42,21,26,22,34,17,8,4	31	1168	0	6	1	1	2	3.3492064	255.0403595	776	6	16	3.3492064	374.7700000
70	76793589515242725302527844982360543020	0.070000000000000007	REL	22,26,56,7,42,21,55,59,62,31,60,15,2,16,49,35,17,34,1,32,10,20,33,30,53,43,41,37,47,61,46,29,5,40,12,51,52,11,13,44,9,36,3,48,39,57,6,24,25,38,58,23,50,19,28,14,27,54,45,18,8,4	29	1000	0	6	9	2	2	3.3492064	318.9469604	776	6	16	3.3492064	374.7700000
71	77890640794031907092563957053537122206	0.070999999999999994	REL	26,22,29,46,45,18,42,21,31,62,13,44,11,52,39,57,48,3,30,33,25,38,55,59,7,56,54,27,34,17,32,1,36,9,53,43,47,61,24,6,15,60,12,51,50,19,16,2,35,49,58,23,40,5,28,14,37,41,10,20,8,4	29	1104	0	6	28	2	2	3.3492064	308.8617554	776	6	16	3.3492064	374.7700000
72	78987692072821088882600069124713701392	0.071999999999999995	REL	28,14,44,13,11,52,6,24,50,19,34,17,39,57,9,36,33,30,42,21,20,10,32,1,55,59,53,43,29,46,40,5,41,37,35,49,16,2,54,27,45,18,31,62,56,7,23,58,47,61,12,51,60,15,48,3,25,38,26,22,8,4	31	840	0	6	26	1	2	3.3492064	300.6991882	776	6	16	3.3492064	374.7700000
73	80084743351610270672636181195890280578	0.072999999999999995	REL	30,33,44,13,31,62,22,26,42,21,35,49,24,6,19,50,14,28,1,32,53,43,56,7,41,37,60,15,48,3,51,12,40,5,16,2,9,36,10,20,17,34,45,18,59,55,58,23,52,11,57,39,47,61,46,29,27,54,38,25,8,4	30	776	0	6	29	1	2	3.3492064	263.4724731	776	6	16	3.3492064	374.7700000
74	81181794630399452462672293267066859764	0.073999999999999996	REL	57,39,61,47,15,60,30,33,56,7,10,20,19,50,1,32,13,44,5,40,46,29,16,2,23,58,36,9,24,6,35,49,14,28,22,26,41,37,59,55,31,62,51,12,21,42,3,48,43,53,45,18,34,17,52,11,25,38,54,27,8,4	29	1032	0	6	26	1	2	3.3492064	252.7191010	776	6	16	3.3492064	374.7700000
75	82278845909188634252708405338243438950	0.074999999999999997	REL	48,3,60,15,61,47,14,28,27,54,35,49,11,52,41,37,12,51,36,9,17,34,50,19,13,44,42,21,24,6,5,40,58,23,31,62,45,18,1,32,39,57,33,30,20,10,25,38,53,43,55,59,16,2,56,7,26,22,46,29,8,4	31	728	0	6	14	0	2	3.3492064	281.0841370	776	6	16	3.3492064	374.7700000
76	83375897187977816042744517409420018136	0.075999999999999998	REL	42,21,18,45,32,1,52,11,31,62,41,37,54,27,17,34,6,24,61,47,26,22,39,57,40,5,14,28,16,2,10,20,25,38,55,59,15,60,48,3,46,29,56,7,49,35,58,23,9,36,51,12,44,13,50,19,43,53,33,30,8,4	28	768	0	6	26	1	2	3.3492064	224.7358704	776	6	16	3.3492064	374.7700000
77	84472948466766997832780629480596597322	0.076999999999999999	REL	49,35,51,12,24,6,16,2,11,52,59,55,27,54,33,30,10,20,9,36,60,15,28,14,44,13,61,47,41,37,23,58,5,40,29,46,50,19,38,25,57,39,22,26,43,53,56,7,62,31,17,34,45,18,42,21,3,48,1,32,8,4	30	1024	0	6	29	2	2	3.3492064	346.6159973	776	6	16	3.3492064	374.7700000
78	85569999745556179622816741551773176508	0.078	REL	39,57,55,59,47,61,9,36,41,37,16,2,5,40,42,21,52,11,29,46,51,12,56,7,31,62,18,45,33,30,23,58,32,1,28,14,35,49,19,50,25,38,43,53,10,20,3,48,24,6,15,60,13,44,54,27,26,22,17,34,8,4	28	1200	0	6	22	1	2	3.3492064	305.1316223	776	6	16	3.3492064	374.7700000
79	86667051024345361412852853622949755694	0.079000000000000001	REL	21,42,15,60,49,35,61,47,37,41,38,25,1,32,50,19,27,54,52,11,6,24,3,48,51,12,22,26,28,14,16,2,56,7,29,46,31,62,53,43,39,57,44,13,23,58,5,40,30,33,45,18,59,55,17,34,20,10,9,36,8,4	30	1008	0	6	2	1	2	3.3492064	280.0363159	776	6	16	3.3492064	374.7700000
80	87764102303134543202888965694126334880	0.080000000000000002	REL	21,42,6,24,61,47,31,62,2,16,48,3,25,38,22,26,57,39,14,28,13,44,19,50,1,32,45,18,12,51,27,54,15,60,55,59,33,30,20,10,36,9,5,40,46,29,11,52,53,43,7,56,49,35,17,34,23,58,41,37,8,4	30	848	0	6	21	2	2	3.3492064	268.7426453	776	6	16	3.3492064	374.7700000
81	88861153581923724992925077765302914066	0.081000000000000003	REL	9,36,18,45,14,28,55,59,25,38,51,12,53,43,60,15,62,31,3,48,20,10,7,56,49,35,21,42,6,24,61,47,52,11,39,57,58,23,40,5,33,30,26,22,54,27,16,2,19,50,46,29,1,32,13,44,34,17,37,41,8,4	30	888	0	6	18	2	2	3.3492064	265.6018982	776	6	16	3.3492064	374.7700000
82	89958204860712906782961189836479493252	0.082000000000000003	REL	50,19,44,13,23,58,28,14,30,33,48,3,55,59,40,5,15,60,31,62,47,61,46,29,25,38,16,2,1,32,24,6,45,18,39,57,26,22,42,21,49,35,37,41,11,52,17,34,9,36,54,27,12,51,20,10,56,7,53,43,8,4	30	640	0	6	16	1	2	3.3492064	259.0830078	776	6	16	3.3492064	374.7700000
83	91055256139502088572997301907656072438	0.083000000000000004	REL	39,57,43,53,28,14,24,6,26,22,32,1,10,20,56,7,16,2,17,34,41,37,38,25,33,30,60,15,5,40,23,58,9,36,35,49,18,45,21,42,46,29,62,31,52,11,59,55,54,27,51,12,3,48,19,50,61,47,13,44,8,4	30	872	0	6	1	2	2	3.3492064	256.4460144	776	6	16	3.3492064	374.7700000
84	92152307418291270363033413978832651624	0.084000000000000005	REL	51,12,62,31,42,21,45,18,58,23,6,24,48,3,38,25,59,55,57,39,50,19,54,27,15,60,52,11,33,30,34,17,28,14,44,13,36,9,26,22,41,37,32,1,47,61,43,53,35,49,2,16,7,56,40,5,10,20,29,46,8,4	30	976	0	6	14	1	2	3.3492064	289.1011353	776	6	16	3.3492064	374.7700000
85	93249358697080452153069526050009230810	0.085000000000000006	REL	11,52,44,13,46,29,62,31,12,51,50,19,6,24,1,32,42,21,15,60,36,9,33,30,56,7,54,27,39,57,34,17,25,38,16,2,59,55,35,49,23,58,41,37,14,28,61,47,26,22,5,40,18,45,53,43,20,10,3,48,8,4	30	672	0	6	14	0	2	3.3492064	270.5474548	776	6	16	3.3492064	374.7700000
86	94346409975869633943105638121185809996	0.085999999999999993	REL	28,14,23,58,34,17,16,2,46,29,41,37,12,51,50,19,15,60,43,53,20,10,45,18,6,24,44,13,27,54,9,36,62,31,1,32,5,40,48,3,38,25,30,33,39,57,11,52,47,61,26,22,21,42,7,56,59,55,35,49,8,4	30	984	0	6	21	2	2	3.3492064	300.9077148	776	6	16	3.3492064	374.7700000
87	95443461254658815733141750192362389182	0.086999999999999994	REL	35,49,18,45,30,33,16,2,46,29,48,3,9,36,61,47,43,53,39,57,51,12,26,22,10,20,28,14,34,17,32,1,25,38,44,13,7,56,19,50,6,24,42,21,31,62,37,41,58,23,40,5,27,54,15,60,55,59,11,52,8,4	31	880	0	6	23	1	2	3.3492064	281.4294739	776	6	16	3.3492064	374.7700000
88	96540512533447997523177862263538968368	0.087999999999999995	REL	34,17,52,11,15,60,20,10,54,27,40,5,30,33,50,19,58,23,1,32,42,21,53,43,3,48,51,12,25,38,2,16,6,24,36,9,44,13,14,28,41,37,57,39,22,26,46,29,56,7,62,31,18,45,49,35,61,47,59,55,8,4	28	920	0	6	23	0	3	3.3492064	269.7555542	776	6	16	3.3492064	374.7700000
89	97637563812237179313213974334715547554	0.088999999999999996	REL	51,12,26,22,17,34,15,60,3,48,29,46,50,19,5,40,10,20,30,33,9,36,53,43,44,13,52,11,27,54,37,41,58,23,55,59,18,45,7,56,61,47,38,25,49,35,31,62,16,2,21,42,32,1,24,6,28,14,39,57,8,4	31	560	0	6	26	0	2	3.3492064	297.0818176	776	6	16	3.3492064	374.7700000
90	98734615091026361103250086405892126740	0.089999999999999997	REL	44,13,37,41,17,34,20,10,1,32,51,12,11,52,39,57,6,24,36,9,5,40,60,15,42,21,56,7,16,2,30,33,47,61,49,35,22,26,50,19,25,38,45,18,54,27,14,28,31,62,46,29,55,59,43,53,3,48,23,58,8,4	31	1336	0	6	16	0	2	3.3492064	299.6430969	776	6	16	3.3492064	374.7700000
91	99831666369815542893286198477068705926	0.090999999999999998	REL	20,10,23,58,2,16,61,47,27,54,33,30,59,55,50,19,48,3,13,44,24,6,38,25,53,43,34,17,22,26,31,62,1,32,28,14,41,37,5,40,46,29,57,39,49,35,18,45,12,51,52,11,21,42,56,7,9,36,15,60,8,4	27	1056	0	6	25	3	2	3.3492064	295.3643799	776	6	16	3.3492064	374.7700000
92	100928717648604724683322310548245285112	0.091999999999999998	REL	40,5,24,6,21,42,54,27,20,10,13,44,48,3,37,41,56,7,39,57,58,23,34,17,50,19,59,55,38,25,35,49,26,22,60,15,1,32,12,51,61,47,16,2,46,29,36,9,43,53,52,11,30,33,45,18,14,28,31,62,8,4	30	1120	0	6	15	0	2	3.3492064	273.5382385	776	6	16	3.3492064	374.7700000
93	102025768927393906473358422619421864298	0.092999999999999999	REL	14,28,27,54,45,18,10,20,43,53,58,23,4,8,24,6,38,25,31,62,48,3,39,57,19,50,61,47,55,59,42,21,30,33,36,9,37,41,15,60,51,12,26,22,5,40,17,34,44,13,52,11,1,32,49,35,46,29,16,2,56,7	28	1096	0	6	7	3	2	3.3492064	247.3330994	776	6	16	3.3492064	374.7700000
94	103122820206183088263394534690598443484	0.094	REL	43,53,1,32,54,27,49,35,19,50,17,34,44,13,30,33,51,12,18,45,52,11,6,24,5,40,28,14,2,16,55,59,31,62,10,20,61,47,22,26,38,25,41,37,39,57,29,46,60,15,48,3,36,9,21,42,58,23,4,8,56,7	30	1088	0	6	26	0	2	3.3492064	246.5060120	776	6	16	3.3492064	374.7700000
95	104219871484972270053430646761775022670	0.095000000000000001	REL	30,33,53,43,34,17,21,42,57,39,44,13,47,61,22,26,37,41,14,28,12,51,1,32,4,8,49,35,31,62,18,45,52,11,6,24,48,3,40,5,2,16,25,38,58,23,59,55,29,46,15,60,50,19,10,20,27,54,36,9,56,7	31	1024	0	6	13	2	2	3.3492064	305.0912781	776	6	16	3.3492064	374.7700000
96	105316922763761451843466758832951601856	0.096000000000000002	REL	19,50,23,58,61,47,27,54,42,21,36,9,43,53,34,17,57,39,35,49,28,14,32,1,51,12,41,37,5,40,33,30,60,15,48,3,10,20,46,29,4,8,45,18,62,31,55,59,16,2,24,6,44,13,25,38,22,26,52,11,56,7	28	1096	0	6	25	3	2	3.3492064	346.2742615	776	6	16	3.3492064	374.7700000
97	106413974042550633633502870904128181042	0.097000000000000003	REL	50,19,21,42,31,62,43,53,41,37,57,39,45,18,24,6,32,1,28,14,15,60,30,33,61,47,40,5,34,17,59,55,13,44,38,25,3,48,22,26,46,29,10,20,27,54,9,36,52,11,2,16,8,4,49,35,23,58,51,12,56,7	30	1048	0	6	19	0	2	3.3492064	259.3161621	776	6	16	3.3492064	374.7700000
98	107511025321339815423538982975304760228	0.098000000000000004	REL	40,5,45,18,32,1,62,31,21,42,57,39,12,51,36,9,2,16,48,3,41,37,54,27,22,26,60,15,24,6,29,46,58,23,52,11,10,20,8,4,38,25,33,30,34,17,55,59,35,49,61,47,13,44,43,53,19,50,28,14,56,7	28	656	0	6	16	2	2	3.3492064	277.3048706	776	6	16	3.3492064	374.7700000
99	108608076600128997213575095046481339414	0.099000000000000005	REL	25,38,4,8,14,28,53,43,48,3,50,19,1,32,22,26,40,5,23,58,52,11,24,6,42,21,49,35,16,2,18,45,61,47,37,41,39,57,51,12,27,54,33,30,55,59,44,13,60,15,20,10,9,36,62,31,46,29,34,17,56,7	31	1136	0	6	5	0	2	3.3492064	248.0735321	776	6	16	3.3492064	374.7700000
100	109705127878918179003611207117657918600	0.10000000000000001	REL	60,15,17,34,46,29,37,41,42,21,32,1,20,10,47,61,5,40,26,22,52,11,28,14,39,57,6,24,50,19,51,12,62,31,58,23,2,16,4,8,59,55,44,13,38,25,3,48,49,35,27,54,30,33,36,9,43,53,45,18,56,7	31	872	0	6	26	2	2	3.3492064	330.3991699	776	6	16	3.3492064	374.7700000
101	110802179157707360793647319188834497786	0.10100000000000001	REL	58,23,57,39,46,29,24,6,42,21,59,55,18,45,3,48,8,4,17,34,41,37,5,40,25,38,13,44,47,61,14,28,53,43,49,35,15,60,12,51,33,30,19,50,52,11,26,22,31,62,16,2,54,27,36,9,1,32,10,20,56,7	31	704	0	6	31	2	2	3.3492064	338.8805847	776	6	16	3.3492064	374.7700000
102	111899230436496542583683431260011076972	0.10199999999999999	REL	21,42,36,9,59,55,27,54,53,43,1,32,62,31,38,25,24,6,3,48,39,57,40,5,45,18,17,34,49,35,58,23,11,52,2,16,33,30,44,13,50,19,51,12,15,60,20,10,4,8,47,61,46,29,41,37,28,14,26,22,56,7	30	824	0	6	8	2	2	3.3492064	297.7396545	776	6	16	3.3492064	374.7700000
103	112996281715285724373719543331187656158	0.10299999999999999	REL	40,5,58,23,55,59,48,3,10,20,62,31,50,19,61,47,9,36,29,46,35,49,54,27,1,32,34,17,53,43,12,51,2,16,33,30,18,45,15,60,21,42,24,6,37,41,39,57,52,11,28,14,8,4,44,13,22,26,38,25,56,7	29	960	0	6	31	1	2	3.3492064	385.1775818	776	6	16	3.3492064	374.7700000
104	114093332994074906163755655402364235344	0.104	REL	2,16,61,47,51,12,11,52,29,46,6,24,50,19,58,23,57,39,45,18,55,59,60,15,3,48,41,37,25,38,35,49,36,9,17,34,14,28,22,26,4,8,10,20,43,53,33,30,42,21,44,13,31,62,32,1,40,5,54,27,56,7	31	752	0	6	14	0	2	3.3492064	356.2827759	776	6	16	3.3492064	374.7700000
105	115190384272864087953791767473540814530	0.105	REL	48,3,17,34,52,11,29,46,23,58,51,12,18,45,39,57,6,24,22,26,43,53,59,55,1,32,44,13,15,60,16,2,21,42,61,47,54,27,10,20,49,35,62,31,4,8,41,37,5,40,38,25,33,30,50,19,9,36,14,28,56,7	31	936	0	6	10	1	2	3.3492064	337.8397827	776	6	16	3.3492064	374.7700000
106	116287435551653269743827879544717393716	0.106	REL	34,17,15,60,43,53,20,10,50,19,23,58,11,52,55,59,38,25,40,5,24,6,13,44,28,14,54,27,49,35,39,57,51,12,22,26,61,47,29,46,18,45,42,21,16,2,31,62,1,32,41,37,9,36,8,4,48,3,33,30,56,7	30	904	0	6	25	1	3	3.3492064	304.8231506	776	6	16	3.3492064	374.7700000
107	117384486830442451533863991615893972902	0.107	REL	3,48,35,49,53,43,10,20,40,5,23,58,44,13,30,33,21,42,55,59,50,19,26,22,29,46,2,16,57,39,24,6,47,61,17,34,32,1,12,51,45,18,36,9,15,60,4,8,38,25,11,52,28,14,54,27,41,37,62,31,56,7	29	896	0	6	19	0	2	3.3492064	307.0567627	776	6	16	3.3492064	374.7700000
108	118481538109231633323900103687070552088	0.108	REL	39,57,55,59,16,2,24,6,23,58,48,3,50,19,38,25,4,8,40,5,44,13,35,49,29,46,36,9,61,47,34,17,12,51,54,27,1,32,45,18,11,52,28,14,10,20,62,31,21,42,37,41,22,26,43,53,60,15,30,33,56,7	29	672	0	6	12	2	2	3.3492064	248.5823975	776	6	16	3.3492064	374.7700000
109	119578589388020815113936215758247131274	0.109	REL	36,9,54,27,10,20,58,23,47,61,1,32,46,29,8,4,39,57,50,19,22,26,52,11,14,28,48,3,49,35,18,45,33,30,25,38,42,21,53,43,51,12,13,44,31,62,55,59,15,60,6,24,2,16,37,41,5,40,17,34,56,7	31	1456	0	6	29	1	2	3.3492064	258.9557190	776	6	16	3.3492064	374.7700000
110	120675640666809996903972327829423710460	0.11	REL	25,38,30,33,51,12,2,16,28,14,22,26,60,15,24,6,29,46,44,13,62,31,54,27,21,42,37,41,47,61,11,52,57,39,59,55,3,48,19,50,8,4,32,1,23,58,35,49,17,34,18,45,5,40,43,53,10,20,9,36,56,7	31	992	0	6	31	1	2	3.3492064	297.2619019	776	6	16	3.3492064	374.7700000
111	121772691945599178694008439900600289646	0.111	REL	43,53,4,8,36,9,30,33,38,25,15,60,59,55,45,18,1,32,6,24,29,46,12,51,61,47,39,57,20,10,34,17,3,48,5,40,44,13,21,42,27,54,14,28,35,49,23,58,22,26,2,16,52,11,19,50,31,62,41,37,56,7	31	904	0	6	4	1	2	3.3492064	322.3719788	776	6	16	3.3492064	374.7700000
112	122869743224388360484044551971776868832	0.112	REL	45,18,3,48,46,29,24,6,35,49,43,53,20,10,30,33,50,19,57,39,14,28,60,15,5,40,62,31,54,27,34,17,61,47,38,25,32,1,52,11,51,12,16,2,36,9,4,8,55,59,23,58,26,22,42,21,44,13,37,41,56,7	31	744	0	6	24	0	2	3.3492064	270.7478943	776	6	16	3.3492064	374.7700000
113	123966794503177542274080664042953448018	0.113	REL	34,17,22,26,44,13,49,35,43,53,9,36,61,47,2,16,57,39,18,45,8,4,14,28,5,40,51,12,62,31,59,55,19,50,38,25,58,23,1,32,60,15,48,3,33,30,52,11,10,20,29,46,37,41,24,6,27,54,21,42,56,7	30	1232	0	6	19	1	3	3.3492064	264.3961487	776	6	16	3.3492064	374.7700000
114	125063845781966724064116776114130027204	0.114	REL	3,48,35,49,14,28,32,1,24,6,55,59,50,19,21,42,45,18,62,31,2,16,36,9,4,8,34,17,12,51,43,53,57,39,40,5,37,41,26,22,29,46,61,47,60,15,38,25,11,52,54,27,30,33,10,20,58,23,13,44,56,7	31	1032	0	6	25	1	2	3.3492064	276.2299805	776	6	16	3.3492064	374.7700000
115	126160897060755905854152888185306606390	0.115	REL	33,30,24,6,40,5,9,36,54,27,62,31,4,8,55,59,14,28,22,26,48,3,32,1,2,16,17,34,23,58,19,50,35,49,60,15,25,38,43,53,47,61,57,39,29,46,20,10,44,13,42,21,37,41,12,51,11,52,18,45,56,7	30	832	0	6	27	2	2	3.3492064	355.3458252	776	6	16	3.3492064	374.7700000
116	127257948339545087644189000256483185576	0.11600000000000001	REL	4,8,41,37,19,50,6,24,58,23,39,57,28,14,49,35,36,9,3,48,27,54,59,55,45,18,60,15,20,10,2,16,30,33,11,52,12,51,17,34,46,29,62,31,5,40,38,25,21,42,44,13,53,43,1,32,26,22,61,47,56,7	31	984	0	6	19	1	2	3.3492064	284.8594055	776	6	16	3.3492064	374.7700000
117	128354999618334269434225112327659764762	0.11700000000000001	REL	33,30,61,47,45,18,11,52,8,4,59,55,32,1,48,3,22,26,44,13,36,9,28,14,54,27,25,38,37,41,21,42,39,57,29,46,12,51,17,34,20,10,40,5,2,16,53,43,50,19,15,60,24,6,58,23,62,31,35,49,56,7	31	1008	0	6	31	0	2	3.3492064	225.4286041	776	6	16	3.3492064	374.7700000
118	129452050897123451224261224398836343948	0.11799999999999999	REL	46,29,52,11,25,38,61,47,53,43,27,54,19,50,44,13,62,31,37,41,49,35,45,18,16,2,36,9,14,28,21,42,57,39,55,59,15,60,3,48,1,32,22,26,17,34,4,8,30,33,5,40,58,23,24,6,20,10,12,51,56,7	28	904	0	6	31	2	2	3.3492064	265.5806885	776	6	16	3.3492064	374.7700000
119	130549102175912633014297336470012923134	0.11899999999999999	REL	50,19,39,57,25,38,3,48,53,43,13,44,49,35,46,29,34,17,33,30,4,8,27,54,36,9,18,45,10,20,62,31,42,21,1,32,51,12,15,60,40,5,61,47,28,14,6,24,22,26,59,55,16,2,23,58,41,37,11,52,56,7	30	848	0	6	16	1	2	3.3492064	361.3004150	776	6	16	3.3492064	374.7700000
120	131646153454701814804333448541189502320	0.12	REL	26,22,51,12,10,20,43,53,50,19,49,35,38,25,3,48,62,31,21,42,55,59,58,23,34,17,1,32,13,44,57,39,9,36,14,28,11,52,5,40,33,30,16,2,46,29,41,37,47,61,8,4,60,15,45,18,24,6,27,54,56,7	31	1072	0	6	31	0	2	3.3492064	293.6430359	776	6	16	3.3492064	374.7700000
121	132743204733490996594369560612366081506	0.121	REL	4,8,3,48,35,49,21,42,30,33,12,51,34,17,39,57,28,14,50,19,29,46,6,24,2,16,25,38,45,18,32,1,44,13,5,40,62,31,9,36,54,27,20,10,53,43,15,60,22,26,23,58,47,61,52,11,37,41,59,55,56,7	31	840	0	6	8	2	2	3.3492064	272.3115234	776	6	16	3.3492064	374.7700000
122	133840256012280178384405672683542660692	0.122	REL	9,36,40,5,44,13,2,16,27,54,20,10,43,53,21,42,33,30,50,19,41,37,51,12,52,11,15,60,38,25,48,3,39,57,6,24,23,58,47,61,62,31,49,35,32,1,22,26,29,46,4,8,17,34,45,18,28,14,55,59,56,7	30	624	0	6	3	2	2	3.3492064	268.5758362	776	6	16	3.3492064	374.7700000
123	134937307291069360174441784754719239878	0.123	REL	54,27,14,28,44,13,39,57,31,62,53,43,45,18,50,19,8,4,46,29,3,48,35,49,38,25,9,36,40,5,30,33,55,59,26,22,51,12,15,60,17,34,1,32,10,20,24,6,52,11,58,23,37,41,42,21,2,16,47,61,56,7	31	1064	0	6	28	0	2	3.3492064	337.5701599	776	6	16	3.3492064	374.7700000
124	136034358569858541964477896825895819064	0.124	REL	41,37,26,22,51,12,36,9,61,47,28,14,60,15,25,38,30,33,1,32,44,13,10,20,45,18,16,2,40,5,53,43,34,17,50,19,11,52,59,55,46,29,39,57,42,21,35,49,8,4,24,6,54,27,3,48,23,58,31,62,56,7	30	1056	0	6	9	1	2	3.3492064	207.2987518	776	6	16	3.3492064	374.7700000
125	137131409848647723754514008897072398250	0.125	REL	35,49,51,12,7,56,19,50,46,29,9,36,39,57,33,30,62,31,58,23,34,17,10,20,61,47,22,26,48,3,60,15,40,5,27,54,14,28,18,45,25,38,55,59,21,42,6,24,41,37,52,11,13,44,32,1,43,53,16,2,4,8	27	1272	1	6	17	2	2	3.3492064	305.4655762	776	6	16	3.3492064	374.7700000
126	138228461127436905544550120968248977436	0.126	REL	28,14,47,61,54,27,16,2,10,20,6,24,19,50,52,11,38,25,59,55,48,3,32,1,42,21,37,41,22,26,29,46,9,36,51,12,58,23,15,60,53,43,44,13,30,33,18,45,57,39,31,62,7,56,34,17,35,49,40,5,4,8	31	1312	0	6	29	3	2	3.3492064	288.5594177	776	6	16	3.3492064	374.7700000
127	139325512406226087334586233039425556622	0.127	REL	39,57,19,50,2,16,6,24,12,51,46,29,11,52,53,43,1,32,31,62,35,49,26,22,58,23,30,33,7,56,18,45,21,42,34,17,10,20,5,40,14,28,47,61,54,27,13,44,37,41,59,55,38,25,15,60,48,3,36,9,4,8	29	904	0	6	6	2	2	3.3492064	270.7664490	776	6	16	3.3492064	374.7700000
128	140422563685015269124622345110602135808	0.128	REL	26,22,37,41,34,17,6,24,60,15,12,51,7,56,28,14,49,35,27,54,23,58,52,11,3,48,33,30,47,61,43,53,40,5,21,42,9,36,46,29,1,32,44,13,19,50,38,25,18,45,62,31,16,2,59,55,57,39,20,10,4,8	30	832	0	6	7	2	2	3.3492064	254.5606079	776	6	16	3.3492064	374.7700000
129	141519614963804450914658457181778714994	0.129	REL	43,53,54,27,56,7,22,26,28,14,41,37,46,29,15,60,30,33,18,45,25,38,39,57,36,9,42,21,2,16,47,61,58,23,20,10,31,62,40,5,11,52,6,24,50,19,13,44,34,17,35,49,32,1,55,59,3,48,51,12,4,8	28	944	0	6	18	1	2	3.3492064	402.8284607	776	6	16	3.3492064	374.7700000
130	142616666242593632704694569252955294180	0.13	REL	21,42,34,17,41,37,9,36,27,54,18,45,1,32,40,5,44,13,26,22,55,59,2,16,3,48,58,23,10,20,31,62,51,12,11,52,38,25,7,56,50,19,53,43,6,24,49,35,46,29,60,15,57,39,33,30,61,47,28,14,4,8	31	1016	0	6	12	1	2	3.3492064	336.8793030	776	6	16	3.3492064	374.7700000
131	143713717521382814494730681324131873366	0.13100000000000001	REL	1,32,43,53,29,46,37,41,24,6,15,60,18,45,55,59,38,25,61,47,30,33,19,50,10,20,62,31,9,36,51,12,54,27,39,57,35,49,14,28,23,58,11,52,17,34,48,3,5,40,44,13,42,21,56,7,22,26,2,16,4,8	31	1328	0	6	16	1	2	3.3492064	260.0192261	776	6	16	3.3492064	374.7700000
132	144810768800171996284766793395308452552	0.13200000000000001	REL	56,7,16,2,27,54,51,12,61,47,5,40,36,9,10,20,1,32,42,21,53,43,38,25,14,28,62,31,49,35,39,57,15,60,24,6,30,33,59,55,11,52,37,41,46,29,34,17,50,19,13,44,58,23,26,22,48,3,45,18,4,8	31	584	0	6	25	1	2	3.3492064	275.5538025	776	6	16	3.3492064	374.7700000
133	145907820078961178074802905466485031738	0.13300000000000001	REL	13,44,57,39,45,18,29,46,55,59,15,60,42,21,5,40,24,6,36,9,51,12,25,38,52,11,34,17,37,41,3,48,1,32,53,43,10,20,54,27,49,35,14,28,7,56,62,31,22,26,30,33,23,58,16,2,61,47,50,19,4,8	29	1064	0	6	23	2	2	3.3492064	271.4259949	776	6	16	3.3492064	374.7700000
134	147004871357750359864839017537661610924	0.13400000000000001	REL	41,37,13,44,49,35,36,9,48,3,60,15,39,57,1,32,54,27,11,52,45,18,25,38,50,19,28,14,23,58,61,47,40,5,43,53,34,17,22,26,51,12,24,6,7,56,33,30,20,10,46,29,59,55,2,16,31,62,42,21,4,8	28	936	0	6	12	2	2	3.3492064	329.6159058	776	6	16	3.3492064	374.7700000
135	148101922636539541654875129608838190110	0.13500000000000001	REL	26,22,10,20,6,24,27,54,21,42,25,38,60,15,12,51,36,9,37,41,7,56,48,3,40,5,47,61,28,14,29,46,13,44,16,2,19,50,57,39,30,33,34,17,11,52,53,43,55,59,62,31,32,1,49,35,18,45,58,23,4,8	29	872	0	6	21	2	2	3.3492064	288.8738403	776	6	16	3.3492064	374.7700000
136	149198973915328723444911241680014769296	0.13600000000000001	REL	43,53,13,44,35,49,42,21,6,24,58,23,37,41,39,57,62,31,17,34,48,3,46,29,12,51,27,54,9,36,2,16,28,14,30,33,1,32,47,61,20,10,7,56,50,19,5,40,11,52,45,18,60,15,55,59,26,22,38,25,4,8	31	1088	0	6	26	0	2	3.3492064	311.4260254	776	6	16	3.3492064	374.7700000
137	150296025194117905234947353751191348482	0.13700000000000001	REL	35,49,31,62,45,18,42,21,3,48,50,19,29,46,15,60,6,24,2,16,27,54,30,33,36,9,56,7,38,25,12,51,58,23,40,5,43,53,44,13,17,34,20,10,1,32,47,61,59,55,57,39,37,41,52,11,22,26,14,28,4,8	31	1024	0	6	23	1	2	3.3492064	336.5663147	776	6	16	3.3492064	374.7700000
138	151393076472907087024983465822367927668	0.13800000000000001	REL	52,11,40,5,23,58,17,34,39,57,20,10,47,61,51,12,3,48,60,15,29,46,62,31,6,24,32,1,50,19,26,22,41,37,49,35,13,44,7,56,45,18,59,55,38,25,28,14,54,27,21,42,43,53,9,36,16,2,33,30,4,8	30	696	0	6	28	3	2	3.3492064	300.8050232	776	6	16	3.3492064	374.7700000
139	152490127751696268815019577893544506854	0.13900000000000001	REL	26,22,44,13,3,48,21,42,33,30,50,19,37,41,55,59,53,43,60,15,45,18,2,16,9,36,1,32,47,61,52,11,7,56,34,17,51,12,38,25,35,49,20,10,6,24,39,57,28,14,5,40,58,23,54,27,29,46,62,31,4,8	30	848	0	6	3	0	2	3.3492064	286.2515259	776	6	16	3.3492064	374.7700000
140	153587179030485450605055689964721086040	0.14000000000000001	REL	40,5,35,49,39,57,24,6,3,48,27,54,18,45,32,1,55,59,17,34,19,50,20,10,53,43,51,12,25,38,42,21,11,52,14,28,26,22,56,7,37,41,15,60,61,47,36,9,46,29,16,2,23,58,44,13,62,31,30,33,4,8	31	1288	0	6	24	0	2	3.3492064	349.2614746	776	6	16	3.3492064	374.7700000
141	154684230309274632395091802035897665226	0.14099999999999999	REL	36,9,18,45,12,51,25,38,58,23,34,17,46,29,40,5,30,33,61,47,11,52,14,28,21,42,56,7,13,44,54,27,20,10,50,19,15,60,62,31,53,43,2,16,26,22,55,59,24,6,37,41,57,39,32,1,48,3,49,35,4,8	30	704	0	6	24	0	2	3.3492064	231.1649170	776	6	16	3.3492064	374.7700000
142	155781281588063814185127914107074244412	0.14199999999999999	REL	30,33,5,40,39,57,44,13,29,46,36,9,56,7,2,16,47,61,58,23,35,49,38,25,53,43,12,51,20,10,42,21,28,14,24,6,27,54,34,17,55,59,11,52,62,31,45,18,1,32,3,48,19,50,60,15,22,26,41,37,4,8	31	800	0	6	24	0	2	3.3492064	280.2107849	776	6	16	3.3492064	374.7700000
143	156878332866852995975164026178250823598	0.14299999999999999	REL	38,25,52,11,21,42,6,24,3,48,16,2,41,37,31,62,59,55,45,18,58,23,49,35,47,61,27,54,19,50,36,9,26,22,14,28,1,32,10,20,7,56,40,5,17,34,29,46,60,15,12,51,33,30,53,43,44,13,57,39,4,8	30	1120	0	6	2	0	2	3.3492064	348.5217285	776	6	16	3.3492064	374.7700000
144	157975384145642177765200138249427402784	0.14399999999999999	REL	57,39,15,60,45,18,26,22,55,59,38,25,19,50,13,44,42,21,27,54,3,48,41,37,12,51,53,43,62,31,11,52,2,16,24,6,23,58,20,10,33,30,56,7,9,36,35,49,29,46,32,1,28,14,34,17,61,47,5,40,4,8	31	976	0	6	25	1	2	3.3492064	317.0700378	776	6	16	3.3492064	374.7700000
145	159072435424431359555236250320603981970	0.14499999999999999	REL	58,23,28,14,37,41,34,17,6,24,45,18,52,11,59,55,26,22,29,46,40,5,36,9,44,13,57,39,47,61,49,35,53,43,20,10,33,30,56,7,2,16,50,19,1,32,12,51,54,27,31,62,15,60,25,38,3,48,21,42,4,8	31	832	0	6	27	0	2	3.3492064	308.2593384	776	6	16	3.3492064	374.7700000
146	160169486703220541345272362391780561156	0.14599999999999999	REL	6,24,11,52,35,49,32,1,20,10,22,26,50,19,27,54,57,39,23,58,41,37,44,13,53,43,36,9,51,12,40,5,38,25,17,34,55,59,7,56,29,46,15,60,33,30,42,21,3,48,28,14,16,2,61,47,62,31,18,45,4,8	31	856	0	6	24	1	2	3.3492064	253.4908752	776	6	16	3.3492064	374.7700000
147	161266537982009723135308474462957140342	0.14699999999999999	REL	14,28,13,44,34,17,54,27,20,10,38,25,57,39,49,35,53,43,60,15,59,55,30,33,3,48,40,5,36,9,37,41,11,52,12,51,19,50,56,7,26,22,32,1,31,62,29,46,6,24,21,42,45,18,58,23,16,2,61,47,4,8	30	992	0	6	26	0	2	3.3492064	273.9004517	776	6	16	3.3492064	374.7700000
148	162363589260798904925344586534133719528	0.14799999999999999	REL	45,18,40,5,14,28,2,16,22,26,37,41,42,21,54,27,24,6,55,59,34,17,60,15,25,38,56,7,31,62,32,1,53,43,50,19,35,49,39,57,61,47,30,33,13,44,29,46,58,23,36,9,10,20,52,11,12,51,3,48,4,8	30	1248	0	6	18	1	2	3.3492064	301.5630493	776	6	16	3.3492064	374.7700000
149	163460640539588086715380698605310298714	0.14899999999999999	REL	30,33,56,7,54,27,51,12,37,41,43,53,17,34,35,49,24,6,26,22,48,3,14,28,62,31,45,18,29,46,39,57,11,52,13,44,38,25,20,10,15,60,23,58,9,36,42,21,61,47,16,2,40,5,32,1,59,55,19,50,4,8	30	840	0	6	28	1	2	3.3492064	268.0581360	776	6	16	3.3492064	374.7700000
150	164557691818377268505416810676486877900	0.14999999999999999	REL	34,17,18,45,6,24,52,11,7,56,29,46,22,26,12,51,38,25,44,13,50,19,9,36,39,57,48,3,10,20,5,40,14,28,27,54,15,60,32,1,42,21,59,55,2,16,62,31,30,33,35,49,58,23,47,61,41,37,43,53,4,8	29	832	0	6	23	3	3	3.3492064	302.6876221	776	6	16	3.3492064	374.7700000
151	165654743097166450295452922747663457086	0.151	REL	60,15,25,38,19,50,56,7,45,18,35,49,24,6,58,23,30,33,53,43,42,21,2,16,1,32,39,57,12,51,31,62,29,46,40,5,13,44,52,11,14,28,10,20,26,22,27,54,9,36,3,48,61,47,37,41,34,17,59,55,4,8	29	992	0	6	31	1	2	3.3492064	252.1063385	776	6	16	3.3492064	374.7700000
152	166751794375955632085489034818840036272	0.152	REL	52,11,14,28,41,37,13,44,29,46,15,60,48,3,53,43,31,62,45,18,25,38,12,51,27,54,21,42,34,17,40,5,49,35,47,61,32,1,22,26,7,56,36,9,33,30,39,57,58,23,2,16,20,10,19,50,24,6,55,59,4,8	31	1040	0	6	19	0	2	3.3492064	360.3213196	776	6	16	3.3492064	374.7700000
153	167848845654744813875525146890016615458	0.153	REL	6,24,41,37,34,17,9,36,44,13,22,26,12,51,1,32,14,28,23,58,38,25,52,11,39,57,50,19,33,30,54,27,10,20,61,47,42,21,62,31,45,18,7,56,16,2,49,35,40,5,15,60,29,46,3,48,43,53,55,59,4,8	31	1000	0	6	14	1	2	3.3492064	276.0345459	776	6	16	3.3492064	374.7700000
154	168945896933533995665561258961193194644	0.154	REL	50,19,62,31,57,39,44,13,53,43,14,28,20,10,7,56,51,12,21,42,36,9,17,34,24,6,23,58,5,40,33,30,18,45,11,52,2,16,29,46,27,54,60,15,22,26,59,55,35,49,48,3,37,41,32,1,38,25,47,61,4,8	30	856	0	6	31	0	2	3.3492064	317.2049866	776	6	16	3.3492064	374.7700000
155	170042948212323177455597371032369773830	0.155	REL	17,34,56,7,21,42,6,24,2,16,59,55,41,37,50,19,51,12,25,38,18,45,31,62,49,35,53,43,14,28,61,47,58,23,10,20,5,40,36,9,44,13,33,30,46,29,57,39,4,8,48,3,60,15,27,54,22,26,32,1,52,11	28	1152	0	6	23	1	3	3.3492064	284.4035339	776	6	16	3.3492064	374.7700000
156	171139999491112359245633483103546353016	0.156	REL	7,56,12,51,27,54,58,23,43,53,34,17,46,29,40,5,41,37,61,47,59,55,6,24,49,35,9,36,33,30,62,31,39,57,50,19,15,60,13,44,48,3,20,10,14,28,18,45,32,1,25,38,26,22,2,16,42,21,8,4,52,11	31	944	0	6	1	0	2	3.3492064	281.8041992	776	6	16	3.3492064	374.7700000
157	172237050769901541035669595174722932202	0.157	REL	28,14,24,6,16,2,48,3,15,60,21,42,10,20,12,51,1,32,49,35,44,13,17,34,62,31,58,23,38,25,19,50,26,22,37,41,55,59,8,4,30,33,45,18,54,27,36,9,46,29,47,61,7,56,57,39,43,53,40,5,52,11	30	992	0	6	29	1	2	3.3492064	352.4798584	776	6	16	3.3492064	374.7700000
158	173334102048690722825705707245899511388	0.158	REL	36,9,33,30,42,21,31,62,47,61,44,13,10,20,43,53,1,32,54,27,2,16,50,19,5,40,29,46,4,8,35,49,38,25,18,45,58,23,28,14,24,6,12,51,59,55,15,60,34,17,39,57,41,37,48,3,22,26,56,7,52,11	31	552	0	6	15	0	2	3.3492064	277.5485535	776	6	16	3.3492064	374.7700000
159	174431153327479904615741819317076090574	0.159	REL	14,28,13,44,50,19,53,43,40,5,48,3,21,42,9,36,32,1,62,31,55,59,34,17,61,47,57,39,23,58,24,6,7,56,38,25,4,8,45,18,33,30,20,10,15,60,37,41,27,54,29,46,35,49,22,26,2,16,51,12,52,11	30	1088	0	6	3	0	2	3.3492064	237.0502777	776	6	16	3.3492064	374.7700000
160	175528204606269086405777931388252669760	0.16	REL	8,4,3,48,24,6,50,19,37,41,55,59,30,33,9,36,60,15,27,54,21,42,14,28,17,34,12,51,46,29,22,26,20,10,53,43,47,61,23,58,39,57,62,31,45,18,7,56,25,38,2,16,32,1,40,5,35,49,44,13,52,11	30	888	0	6	25	1	2	3.3492064	380.6086121	776	6	16	3.3492064	374.7700000
161	176625255885058268195814043459429248946	0.161	REL	25,38,61,47,54,27,14,28,5,40,13,44,62,31,12,51,59,55,3,48,4,8,9,36,35,49,42,21,22,26,37,41,32,1,53,43,45,18,46,29,30,33,15,60,10,20,23,58,19,50,7,56,34,17,6,24,57,39,2,16,52,11	30	992	0	6	30	2	2	3.3492064	382.5774841	776	6	16	3.3492064	374.7700000
162	177722307163847449985850155530605828132	0.16200000000000001	REL	28,14,9,36,51,12,61,47,29,46,38,25,21,42,49,35,55,59,40,5,2,16,54,27,57,39,17,34,26,22,4,8,58,23,60,15,31,62,44,13,50,19,41,37,3,48,33,30,10,20,56,7,1,32,53,43,24,6,45,18,52,11	31	712	0	6	25	1	2	3.3492064	292.9934692	776	6	16	3.3492064	374.7700000
163	178819358442636631775886267601782407318	0.16300000000000001	REL	20,10,31,62,59,55,7,56,38,25,26,22,16,2,18,45,9,36,57,39,13,44,30,33,46,29,34,17,48,3,49,35,27,54,37,41,32,1,47,61,24,6,42,21,23,58,8,4,15,60,14,28,53,43,12,51,5,40,50,19,52,11	31	1248	0	6	19	0	2	3.3492064	291.7276306	776	6	16	3.3492064	374.7700000
164	179916409721425813565922379672958986504	0.16400000000000001	REL	27,54,20,10,46,29,9,36,24,6,31,62,39,57,26,22,5,40,12,51,47,61,43,53,34,17,19,50,23,58,60,15,2,16,13,44,41,37,38,25,48,3,1,32,14,28,55,59,4,8,30,33,7,56,45,18,35,49,42,21,52,11	30	656	0	6	8	1	2	3.3492064	329.0325928	776	6	16	3.3492064	374.7700000
165	181013461000214995355958491744135565690	0.16500000000000001	REL	53,43,25,38,2,16,50,19,39,57,27,54,7,56,9,36,62,31,49,35,47,61,32,1,37,41,48,3,13,44,24,6,5,40,20,10,51,12,60,15,28,14,42,21,17,34,55,59,4,8,33,30,45,18,46,29,22,26,58,23,52,11	29	848	0	6	25	3	2	3.3492064	282.3742981	776	6	16	3.3492064	374.7700000
166	182110512279004177145994603815312144876	0.16600000000000001	REL	28,14,22,26,34,17,41,37,4,8,55,59,38,25,16,2,44,13,23,58,36,9,42,21,62,31,39,57,43,53,1,32,51,12,10,20,45,18,5,40,29,46,35,49,19,50,27,54,56,7,3,48,33,30,15,60,61,47,6,24,52,11	31	1008	0	6	16	0	2	3.3492064	303.7103882	776	6	16	3.3492064	374.7700000
167	183207563557793358936030715886488724062	0.16700000000000001	REL	28,14,2,16,40,5,51,12,46,29,4,8,60,15,55,59,47,61,53,43,58,23,34,17,54,27,45,18,21,42,3,48,56,7,32,1,62,31,10,20,19,50,49,35,6,24,9,36,13,44,41,37,57,39,30,33,25,38,22,26,52,11	30	720	0	6	25	1	2	3.3492064	284.8671875	776	6	16	3.3492064	374.7700000
168	184304614836582540726066827957665303248	0.16800000000000001	REL	8,4,10,20,44,13,27,54,24,6,62,31,61,47,14,28,21,42,57,39,3,48,5,40,30,33,60,15,41,37,38,25,26,22,19,50,1,32,9,36,55,59,45,18,7,56,2,16,12,51,49,35,23,58,43,53,34,17,46,29,52,11	30	1224	0	6	28	2	2	3.3492064	262.0277100	776	6	16	3.3492064	374.7700000
169	185401666115371722516102940028841882434	0.16900000000000001	REL	54,27,34,17,28,14,4,8,22,26,16,2,5,40,47,61,45,18,23,58,31,62,39,57,37,41,1,32,53,43,42,21,50,19,56,7,46,29,10,20,12,51,48,3,60,15,9,36,35,49,24,6,55,59,25,38,13,44,33,30,52,11	30	1080	0	6	30	2	2	3.3492064	279.2335815	776	6	16	3.3492064	374.7700000
170	186498717394160904306139052100018461620	0.17000000000000001	REL	45,18,31,62,55,59,40,5,41,37,35,49,29,46,24,6,19,50,16,2,22,26,23,58,14,28,20,10,56,7,44,13,53,43,12,51,61,47,4,8,30,33,17,34,60,15,3,48,9,36,27,54,42,21,57,39,38,25,1,32,52,11	30	992	0	6	26	0	2	3.3492064	282.3216248	776	6	16	3.3492064	374.7700000
171	187595768672950086096175164171195040806	0.17100000000000001	REL	43,53,18,45,15,60,25,38,47,61,62,31,42,21,13,44,46,29,56,7,9,36,50,19,51,12,16,2,41,37,40,5,14,28,48,3,49,35,8,4,59,55,22,26,17,34,1,32,6,24,27,54,23,58,10,20,39,57,30,33,52,11	31	1032	0	6	16	0	2	3.3492064	256.1250000	776	6	16	3.3492064	374.7700000
172	188692819951739267886211276242371619992	0.17199999999999999	REL	6,24,61,47,59,55,18,45,4,8,41,37,20,10,25,38,32,1,48,3,2,16,9,36,7,56,57,39,44,13,30,33,43,53,19,50,62,31,21,42,60,15,34,17,46,29,54,27,5,40,51,12,23,58,28,14,22,26,49,35,52,11	30	800	0	6	15	2	2	3.3492064	257.0117188	776	6	16	3.3492064	374.7700000
173	189789871230528449676247388313548199178	0.17299999999999999	REL	38,25,3,48,42,21,28,14,18,45,33,30,53,43,19,50,55,59,29,46,20,10,26,22,13,44,54,27,23,58,24,6,15,60,4,8,35,49,7,56,2,16,34,17,1,32,31,62,51,12,61,47,57,39,40,5,9,36,41,37,52,11	31	1000	0	6	31	1	2	3.3492064	241.0714264	776	6	16	3.3492064	374.7700000
174	190886922509317631466283500384724778364	0.17399999999999999	REL	30,33,18,45,13,44,56,7,2,16,32,1,20,10,35,49,23,58,34,17,46,29,43,53,36,9,4,8,26,22,37,41,27,54,55,59,48,3,47,61,21,42,38,25,5,40,51,12,31,62,6,24,50,19,28,14,60,15,57,39,52,11	31	984	0	6	18	0	2	3.3492064	283.0724182	776	6	16	3.3492064	374.7700000
175	191983973788106813256319612455901357550	0.17499999999999999	REL	49,35,55,59,21,42,24,6,44,13,61,47,30,33,39,57,43,53,3,48,15,60,26,22,50,19,28,14,25,38,45,18,56,7,46,29,23,58,32,1,34,17,10,20,4,8,16,2,31,62,54,27,12,51,41,37,9,36,5,40,52,11	30	944	0	6	24	2	2	3.3492064	287.3640442	776	6	16	3.3492064	374.7700000
176	193081025066895995046355724527077936736	0.17599999999999999	REL	38,25,43,53,33,30,14,28,10,20,12,51,62,31,44,13,6,24,59,55,3,48,60,15,40,5,9,36,27,54,39,57,46,29,26,22,7,56,18,45,32,1,16,2,37,41,49,35,4,8,34,17,50,19,47,61,58,23,21,42,52,11	31	944	0	6	25	0	2	3.3492064	288.3908997	776	6	16	3.3492064	374.7700000
177	194178076345685176836391836598254515922	0.17699999999999999	REL	46,29,44,13,21,42,47,61,58,23,48,3,20,10,2,16,57,39,54,27,51,12,40,5,25,38,7,56,9,36,49,35,43,53,1,32,28,14,34,17,60,15,8,4,55,59,30,33,50,19,37,41,22,26,62,31,24,6,18,45,52,11	31	960	0	6	26	0	2	3.3492064	255.5868835	776	6	16	3.3492064	374.7700000
178	195275127624474358626427948669431095108	0.17799999999999999	REL	12,51,31,62,1,32,59,55,26,22,50,19,42,21,38,25,43,53,41,37,15,60,6,24,27,54,14,28,10,20,13,44,45,18,36,9,49,35,23,58,34,17,16,2,39,57,5,40,48,3,47,61,56,7,4,8,33,30,29,46,52,11	28	800	0	6	17	3	2	3.3492064	298.5402222	776	6	16	3.3492064	374.7700000
179	196372178903263540416464060740607674294	0.17899999999999999	REL	49,35,17,34,58,23,2,16,25,38,10,20,5,40,62,31,50,19,59,55,33,30,53,43,61,47,13,44,1,32,45,18,27,54,15,60,37,41,29,46,51,12,22,26,7,56,24,6,57,39,36,9,4,8,14,28,42,21,3,48,52,11	31	960	0	6	24	3	2	3.3492064	307.5647888	776	6	16	3.3492064	374.7700000
180	197469230182052722206500172811784253480	0.17999999999999999	REL	29,46,59,55,5,40,58,23,22,26,8,4,37,41,44,13,39,57,10,20,12,51,25,38,48,3,31,62,1,32,6,24,43,53,7,56,47,61,35,49,34,17,60,15,36,9,21,42,27,54,30,33,2,16,28,14,45,18,19,50,52,11	30	744	0	6	28	0	2	3.3492064	255.5351715	776	6	16	3.3492064	374.7700000
181	198566281460841903996536284882960832666	0.18099999999999999	REL	22,26,55,59,8,4,45,18,38,25,23,58,27,54,9,36,3,48,34,17,16,2,21,42,57,39,1,32,35,49,19,50,47,61,44,13,43,53,40,5,28,14,62,31,24,6,20,10,60,15,37,41,33,30,56,7,29,46,12,51,52,11	29	920	0	6	13	2	2	3.3492064	272.8521423	776	6	16	3.3492064	374.7700000
182	199663332739631085786572396954137411852	0.182	REL	33,30,42,21,15,60,24,6,62,31,27,54,38,25,37,41,7,56,36,9,20,10,18,45,32,1,29,46,39,57,12,51,17,34,47,61,35,49,23,58,5,40,13,44,14,28,48,3,4,8,19,50,53,43,26,22,2,16,59,55,52,11	31	880	0	6	31	0	2	3.3492064	267.5976562	776	6	16	3.3492064	374.7700000
183	200760384018420267576608509025313991038	0.183	REL	26,22,37,41,9,36,27,54,59,55,14,28,46,29,8,4,45,18,10,20,3,48,17,34,15,60,16,2,51,12,61,47,30,33,49,35,31,62,13,44,32,1,57,39,5,40,58,23,6,24,21,42,25,38,50,19,43,53,7,56,52,11	31	488	0	6	28	2	2	3.3492064	303.3558655	776	6	16	3.3492064	374.7700000
184	201857435297209449366644621096490570224	0.184	REL	12,51,25,38,35,49,44,13,3,48,42,21,2,16,33,30,26,22,34,17,18,45,31,62,43,53,10,20,55,59,37,41,32,1,61,47,5,40,36,9,7,56,14,28,27,54,24,6,39,57,29,46,60,15,4,8,50,19,23,58,52,11	30	1088	0	6	18	0	2	3.3492064	317.5495911	776	6	16	3.3492064	374.7700000
185	202954486575998631156680733167667149410	0.185	REL	46,29,45,18,28,14,39,57,34,17,4,8,31,62,36,9,5,40,58,23,53,43,26,22,41,37,60,15,35,49,51,12,16,2,44,13,7,56,54,27,30,33,19,50,32,1,42,21,48,3,24,6,38,25,20,10,47,61,55,59,52,11	31	1104	0	6	11	0	2	3.3492064	257.0312805	776	6	16	3.3492064	374.7700000
186	204051537854787812946716845238843728596	0.186	REL	1,32,51,12,20,10,28,14,47,61,25,38,23,58,41,37,8,4,42,21,59,55,34,17,46,29,9,36,39,57,15,60,33,30,16,2,26,22,6,24,45,18,49,35,40,5,53,43,19,50,7,56,54,27,13,44,48,3,31,62,52,11	30	1176	0	6	29	1	2	3.3492064	314.9228516	776	6	16	3.3492064	374.7700000
187	205148589133576994736752957310020307782	0.187	REL	22,26,59,55,35,49,62,31,14,28,18,45,12,51,17,34,29,46,4,8,10,20,52,11,23,58,43,53,27,54,3,48,38,25,60,15,19,50,36,9,47,61,24,6,33,30,40,5,41,37,57,39,21,42,16,2,7,56,32,1,44,13	30	856	0	6	16	0	2	3.3492064	327.9512329	776	6	16	3.3492064	374.7700000
188	206245640412366176526789069381196886968	0.188	REL	42,21,27,54,40,5,32,1,29,46,10,20,61,47,12,51,6,24,11,52,7,56,57,39,2,16,37,41,22,26,59,55,58,23,28,14,3,48,36,9,33,30,15,60,62,31,17,34,53,43,45,18,38,25,35,49,19,50,8,4,44,13	29	1040	0	6	11	2	2	3.3492064	284.6437683	776	6	16	3.3492064	374.7700000
189	207342691691155358316825181452373466154	0.189	REL	10,20,52,11,38,25,43,53,47,61,32,1,62,31,59,55,15,60,37,41,12,51,26,22,29,46,39,57,19,50,58,23,45,18,5,40,36,9,14,28,54,27,34,17,33,30,48,3,49,35,7,56,16,2,8,4,42,21,24,6,44,13	30	920	0	6	1	2	2	3.3492064	263.3748474	776	6	16	3.3492064	374.7700000
190	208439742969944540106861293523550045340	0.19	REL	1,32,25,38,40,5,60,15,46,29,21,42,26,22,28,14,37,41,7,56,52,11,58,23,59,55,27,54,24,6,16,2,12,51,17,34,30,33,39,57,19,50,35,49,9,36,47,61,20,10,53,43,18,45,31,62,48,3,4,8,44,13	31	1136	0	6	24	0	2	3.3492064	287.4635925	776	6	16	3.3492064	374.7700000
191	209536794248733721896897405594726624526	0.191	REL	52,11,19,50,61,47,8,4,16,2,38,25,58,23,14,28,12,51,56,7,62,31,43,53,27,54,42,21,30,33,49,35,1,32,24,6,20,10,17,34,55,59,60,15,45,18,48,3,57,39,41,37,26,22,5,40,29,46,36,9,44,13	30	1024	0	6	7	0	2	3.3492064	269.5869446	776	6	16	3.3492064	374.7700000
192	210633845527522903686933517665903203712	0.192	REL	43,53,10,20,5,40,46,29,33,30,24,6,31,62,45,18,14,28,32,1,27,54,37,41,39,57,55,59,26,22,7,56,17,34,12,51,58,23,38,25,9,36,8,4,49,35,2,16,60,15,47,61,48,3,21,42,50,19,52,11,44,13	30	664	0	6	31	1	2	3.3492064	256.6207581	776	6	16	3.3492064	374.7700000
193	211730896806312085476969629737079782898	0.193	REL	46,29,49,35,17,34,16,2,33,30,19,50,10,20,52,11,12,51,54,27,39,57,24,6,5,40,59,55,47,61,15,60,9,36,42,21,8,4,18,45,53,43,48,3,41,37,22,26,38,25,56,7,23,58,32,1,62,31,28,14,44,13	30	936	0	6	23	2	2	3.3492064	291.4144287	776	6	16	3.3492064	374.7700000
194	212827948085101267267005741808256362084	0.19400000000000001	REL	38,25,51,12,31,62,20,10,18,45,21,42,6,24,11,52,60,15,35,49,36,9,39,57,58,23,34,17,46,29,14,28,22,26,50,19,37,41,43,53,56,7,8,4,1,32,55,59,61,47,54,27,3,48,30,33,40,5,2,16,44,13	30	968	0	6	29	2	2	3.3492064	234.5177917	776	6	16	3.3492064	374.7700000
195	213924999363890449057041853879432941270	0.19500000000000001	REL	6,24,62,31,51,12,34,17,3,48,59,55,61,47,25,38,37,41,1,32,45,18,23,58,36,9,16,2,46,29,22,26,7,56,10,20,57,39,4,8,14,28,11,52,40,5,15,60,42,21,53,43,30,33,49,35,54,27,50,19,44,13	30	1032	0	6	10	2	2	3.3492064	284.0296631	776	6	16	3.3492064	374.7700000
196	215022050642679630847077965950609520456	0.19600000000000001	REL	51,12,56,7,30,33,38,25,40,5,6,24,39,57,37,41,55,59,32,1,61,47,29,46,4,8,14,28,26,22,35,49,27,54,18,45,9,36,2,16,21,42,62,31,15,60,34,17,11,52,53,43,23,58,48,3,50,19,10,20,44,13	30	672	0	6	31	0	2	3.3492064	346.5760193	776	6	16	3.3492064	374.7700000
197	216119101921468812637114078021786099642	0.19700000000000001	REL	19,50,62,31,10,20,43,53,33,30,51,12,56,7,39,57,42,21,28,14,5,40,45,18,36,9,16,2,4,8,15,60,55,59,34,17,41,37,54,27,24,6,3,48,61,47,46,29,58,23,25,38,11,52,35,49,32,1,26,22,44,13	29	1168	0	6	27	1	2	3.3492064	252.5941162	776	6	16	3.3492064	374.7700000
198	217216153200257994427150190092962678828	0.19800000000000001	REL	2,16,31,62,39,57,33,30,38,25,26,22,55,59,32,1,8,4,48,3,9,36,58,23,54,27,35,49,14,28,10,20,37,41,15,60,43,53,50,19,51,12,46,29,18,45,21,42,56,7,52,11,17,34,5,40,61,47,6,24,44,13	29	976	0	6	13	2	2	3.3492064	282.5239258	776	6	16	3.3492064	374.7700000
199	218313204479047176217186302164139258014	0.19900000000000001	REL	53,43,14,28,31,62,60,15,33,30,46,29,11,52,12,51,6,24,8,4,34,17,20,10,5,40,25,38,32,1,57,39,50,19,9,36,35,49,7,56,16,2,54,27,18,45,55,59,61,47,23,58,3,48,42,21,37,41,22,26,44,13	31	1016	0	6	26	0	2	3.3492064	303.5544739	776	6	16	3.3492064	374.7700000
200	219410255757836358007222414235315837200	0.20000000000000001	REL	21,42,57,39,1,32,16,2,7,56,40,5,24,6,17,34,33,30,38,25,19,50,53,43,47,61,15,60,51,12,23,58,11,52,62,31,37,41,35,49,36,9,20,10,45,18,48,3,59,55,8,4,54,27,14,28,22,26,46,29,44,13	29	1024	0	6	21	2	2	3.3492064	326.3400574	776	6	16	3.3492064	374.7700000
201	220507307036625539797258526306492416386	0.20100000000000001	REL	29,46,6,24,23,58,15,60,14,28,35,49,34,17,53,43,55,59,8,4,9,36,12,51,32,1,5,40,52,11,47,61,37,41,16,2,50,19,38,25,10,20,56,7,39,57,62,31,45,18,48,3,22,26,42,21,27,54,33,30,44,13	31	1040	0	6	31	1	2	3.3492064	254.2358551	776	6	16	3.3492064	374.7700000
202	221604358315414721587294638377668995572	0.20200000000000001	REL	41,37,38,25,51,12,18,45,46,29,3,48,59,55,33,30,10,20,15,60,62,31,22,26,56,7,8,4,50,19,17,34,14,28,27,54,36,9,21,42,2,16,35,49,39,57,11,52,40,5,58,23,61,47,6,24,53,43,1,32,44,13	31	864	0	6	16	0	2	3.3492064	311.9999695	776	6	16	3.3492064	374.7700000
203	222701409594203903377330750448845574758	0.20300000000000001	REL	56,7,30,33,4,8,22,26,23,58,5,40,32,1,47,61,21,42,39,57,35,49,2,16,60,15,12,51,27,54,62,31,14,28,53,43,48,3,36,9,18,45,29,46,55,59,50,19,6,24,20,10,41,37,25,38,52,11,17,34,44,13	30	912	0	6	22	1	2	3.3492064	306.8978882	776	6	16	3.3492064	374.7700000
204	223798460872993085167366862520022153944	0.20399999999999999	REL	25,38,41,37,50,19,29,46,31,62,14,28,10,20,39,57,48,3,8,4,33,30,22,26,21,42,61,47,5,40,12,51,53,43,11,52,58,23,16,2,32,1,55,59,54,27,36,9,7,56,45,18,34,17,24,6,15,60,49,35,44,13	30	1408	0	6	29	1	2	3.3492064	287.6341248	776	6	16	3.3492064	374.7700000
205	224895512151782266957402974591198733130	0.20499999999999999	REL	26,22,11,52,55,59,54,27,23,58,43,53,62,31,24,6,18,45,57,39,49,35,28,14,42,21,33,30,15,60,16,2,17,34,8,4,40,5,1,32,19,50,37,41,46,29,10,20,9,36,61,47,51,12,3,48,56,7,25,38,44,13	30	1168	0	6	8	1	2	3.3492064	317.1866455	776	6	16	3.3492064	374.7700000
206	225992563430571448747439086662375312316	0.20599999999999999	REL	48,3,9,36,38,25,18,45,33,30,53,43,27,54,61,47,60,15,19,50,49,35,6,24,62,31,32,1,34,17,55,59,58,23,12,51,52,11,37,41,56,7,28,14,21,42,16,2,22,26,20,10,40,5,8,4,29,46,57,39,44,13	31	1144	0	6	12	0	2	3.3492064	282.6491699	776	6	16	3.3492064	374.7700000
207	227089614709360630537475198733551891502	0.20699999999999999	REL	36,9,53,43,39,57,16,2,49,35,31,62,21,42,55,59,29,46,26,22,25,38,50,19,58,23,47,61,45,18,14,28,6,24,12,51,1,32,54,27,10,20,40,5,7,56,30,33,8,4,15,60,3,48,34,17,11,52,37,41,44,13	31	1384	0	6	29	3	2	3.3492064	302.6464539	776	6	16	3.3492064	374.7700000
208	228186665988149812327511310804728470688	0.20799999999999999	REL	39,57,58,23,46,29,16,2,28,14,49,35,37,41,10,20,32,1,48,3,34,17,54,27,7,56,47,61,40,5,25,38,22,26,59,55,60,15,6,24,42,21,18,45,4,8,9,36,12,51,19,50,62,31,52,11,33,30,53,43,44,13	30	1072	0	6	8	3	2	3.3492064	333.5114746	776	6	16	3.3492064	374.7700000
209	229283717266938994117547422875905049874	0.20899999999999999	REL	14,28,32,1,17,34,43,53,22,26,38,25,5,40,2,16,47,61,59,55,3,48,58,23,10,20,36,9,49,35,52,11,42,21,24,6,19,50,60,15,41,37,7,56,62,31,45,18,33,30,4,8,57,39,12,51,27,54,29,46,44,13	31	1248	0	6	21	0	2	3.3492064	284.6802368	776	6	16	3.3492064	374.7700000
210	230380768545728175907583534947081629060	0.20999999999999999	REL	9,36,10,20,60,15,4,8,56,7,42,21,59,55,18,45,34,17,11,52,46,29,31,62,43,53,40,5,16,2,32,1,22,26,19,50,27,54,14,28,41,37,23,58,51,12,30,33,25,38,47,61,39,57,6,24,49,35,3,48,44,13	30	904	0	6	21	1	2	3.3492064	307.0570984	776	6	16	3.3492064	374.7700000
211	231477819824517357697619647018258208246	0.21099999999999999	REL	57,39,47,61,46,29,54,27,28,14,49,35,45,18,4,8,17,34,33,30,60,15,24,6,37,41,25,38,59,55,52,11,62,31,23,58,40,5,12,51,48,3,42,21,9,36,2,16,53,43,56,7,32,1,20,10,22,26,19,50,44,13	31	872	0	6	26	1	2	3.3492064	340.7588501	776	6	16	3.3492064	374.7700000
212	232574871103306539487655759089434787432	0.21199999999999999	REL	46,29,26,22,41,37,12,51,21,42,62,31,59,55,16,2,1,32,28,14,60,15,35,49,39,57,10,20,3,48,17,34,27,54,6,24,19,50,18,45,36,9,56,7,33,30,8,4,23,58,40,5,61,47,25,38,52,11,43,53,44,13	31	808	0	6	20	1	2	3.3492064	301.3609924	776	6	16	3.3492064	374.7700000
213	233671922382095721277691871160611366618	0.21299999999999999	REL	38,25,22,26,59,55,39,57,50,19,49,35,43,53,18,45,8,4,56,7,1,32,60,15,6,24,36,9,3,48,12,51,10,20,31,62,28,14,58,23,5,40,11,52,34,17,46,29,16,2,41,37,47,61,33,30,21,42,27,54,44,13	29	960	0	6	27	1	2	3.3492064	274.0420532	776	6	16	3.3492064	374.7700000
214	234768973660884903067727983231787945804	0.214	REL	12,51,18,45,36,9,48,3,42,21,54,27,55,59,60,15,25,38,2,16,34,17,1,32,5,40,23,58,24,6,20,10,33,30,26,22,62,31,53,43,14,28,49,35,4,8,50,19,41,37,11,52,39,57,47,61,46,29,7,56,44,13	30	800	0	6	24	2	2	3.3492064	297.7861633	776	6	16	3.3492064	374.7700000
215	235866024939674084857764095302964524990	0.215	REL	20,10,51,12,47,61,39,57,17,34,30,33,15,60,50,19,3,48,18,45,40,5,11,52,1,32,55,59,4,8,27,54,7,56,38,25,41,37,49,35,62,31,43,53,29,46,22,26,14,28,9,36,42,21,6,24,16,2,23,58,44,13	28	1312	0	6	20	1	2	3.3492064	310.3235168	776	6	16	3.3492064	374.7700000
216	236963076218463266647800207374141104176	0.216	REL	23,58,54,27,36,9,35,49,41,37,46,29,45,18,52,11,34,17,40,5,25,38,30,33,10,20,56,7,6,24,12,51,50,19,26,22,3,48,39,57,32,1,8,4,16,2,15,60,47,61,42,21,14,28,31,62,53,43,55,59,44,13	31	864	0	6	7	0	2	3.3492064	299.8611145	776	6	16	3.3492064	374.7700000
217	238060127497252448437836319445317683362	0.217	REL	4,8,33,30,36,9,12,51,54,27,16,2,59,55,50,19,53,43,17,34,29,46,31,62,45,18,6,24,48,3,15,60,42,21,26,22,1,32,20,10,28,14,41,37,39,57,35,49,23,58,38,25,5,40,52,11,7,56,47,61,44,13	30	760	0	6	17	1	2	3.3492064	271.2640076	776	6	16	3.3492064	374.7700000
218	239157178776041630227872431516494262548	0.218	REL	26,22,7,56,12,51,53,43,42,21,39,57,5,40,48,3,16,2,17,34,29,46,6,24,61,47,27,54,23,58,11,52,30,33,60,15,19,50,37,41,9,36,18,45,8,4,10,20,44,13,59,55,31,62,38,25,35,49,32,1,28,14	31	728	0	6	27	0	2	3.3492064	289.0000000	776	6	16	3.3492064	374.7700000
219	240254230054830812017908543587670841734	0.219	REL	45,18,33,30,55,59,34,17,36,9,3,48,58,23,38,25,43,53,35,49,39,57,62,31,56,7,15,60,41,37,61,47,27,54,16,2,26,22,46,29,21,42,32,1,20,10,12,51,5,40,6,24,11,52,19,50,13,44,8,4,28,14	30	1200	0	6	1	1	2	3.3492064	294.4515686	776	6	16	3.3492064	374.7700000
220	241351281333619993807944655658847420920	0.22	REL	12,51,49,35,10,20,56,7,29,46,32,1,33,30,48,3,50,19,16,2,61,47,8,4,23,58,22,26,42,21,52,11,13,44,55,59,62,31,43,53,41,37,57,39,27,54,18,45,25,38,5,40,9,36,17,34,60,15,24,6,28,14	31	1216	0	6	14	0	2	3.3492064	247.5015564	776	6	16	3.3492064	374.7700000
221	242448332612409175597980767730024000106	0.221	REL	44,13,57,39,38,25,49,35,36,9,53,43,10,20,26,22,58,23,11,52,50,19,6,24,33,30,31,62,34,17,40,5,16,2,32,1,37,41,29,46,3,48,51,12,27,54,47,61,15,60,45,18,21,42,4,8,55,59,56,7,28,14	30	856	0	6	15	1	2	3.3492064	264.5683594	776	6	16	3.3492064	374.7700000
222	243545383891198357388016879801200579292	0.222	REL	35,49,43,53,10,20,60,15,11,52,33,30,55,59,42,21,13,44,57,39,3,48,2,16,38,25,62,31,50,19,17,34,1,32,47,61,46,29,24,6,23,58,22,26,8,4,7,56,27,54,40,5,18,45,51,12,37,41,36,9,28,14	31	808	0	6	16	0	2	3.3492064	270.6473694	776	6	16	3.3492064	374.7700000
223	244642435169987539178052991872377158478	0.223	REL	2,16,38,25,51,12,26,22,42,21,18,45,56,7,35,49,27,54,20,10,59,55,31,62,40,5,30,33,41,37,15,60,13,44,19,50,46,29,36,9,43,53,39,57,58,23,47,61,1,32,6,24,48,3,34,17,4,8,52,11,28,14	30	1176	0	6	24	2	2	3.3492064	283.1505432	776	6	16	3.3492064	374.7700000
224	245739486448776720968089103943553737664	0.224	REL	2,16,4,8,46,29,43,53,48,3,35,49,27,54,40,5,30,33,56,7,17,34,19,50,55,59,45,18,57,39,21,42,9,36,23,58,51,12,32,1,31,62,38,25,20,10,15,60,47,61,26,22,41,37,52,11,6,24,44,13,28,14	29	1296	0	6	11	1	2	3.3492064	324.5806274	776	6	16	3.3492064	374.7700000
225	246836537727565902758125216014730316850	0.22500000000000001	REL	34,17,6,24,51,12,42,21,9,36,20,10,43,53,35,49,52,11,40,5,4,8,48,3,32,1,59,55,29,46,27,54,61,47,44,13,39,57,16,2,62,31,19,50,37,41,22,26,18,45,7,56,25,38,30,33,23,58,60,15,28,14	29	992	0	6	29	0	3	3.3492064	274.0772400	776	6	16	3.3492064	374.7700000
226	247933589006355084548161328085906896036	0.22600000000000001	REL	21,42,47,61,62,31,43,53,44,13,45,18,39,57,59,55,16,2,4,8,25,38,10,20,33,30,11,52,26,22,7,56,35,49,24,6,19,50,46,29,48,3,40,5,12,51,32,1,36,9,54,27,23,58,60,15,37,41,34,17,28,14	29	928	0	6	15	1	2	3.3492064	252.9586029	776	6	16	3.3492064	374.7700000
227	249030640285144266338197440157083475222	0.22700000000000001	REL	48,3,21,42,33,30,57,39,18,45,31,62,55,59,11,52,40,5,35,49,37,41,17,34,44,13,15,60,25,38,8,4,2,16,20,10,12,51,56,7,1,32,46,29,53,43,26,22,61,47,58,23,9,36,27,54,24,6,50,19,28,14	30	1248	0	6	2	1	2	3.3492064	281.4176636	776	6	16	3.3492064	374.7700000
228	250127691563933448128233552228260054408	0.22800000000000001	REL	27,54,19,50,2,16,56,7,5,40,62,31,8,4,13,44,9,36,55,59,58,23,38,25,35,49,60,15,53,43,33,30,18,45,20,10,32,1,51,12,46,29,48,3,41,37,34,17,22,26,11,52,47,61,39,57,6,24,42,21,28,14	28	776	0	6	28	2	2	3.3492064	220.6666718	776	6	16	3.3492064	374.7700000
229	251224742842722629918269664299436633594	0.22900000000000001	REL	41,37,26,22,56,7,42,21,61,47,39,57,51,12,10,20,53,43,1,32,59,55,30,33,13,44,11,52,29,46,5,40,2,16,18,45,38,25,19,50,62,31,9,36,49,35,54,27,60,15,8,4,3,48,34,17,24,6,58,23,28,14	30	888	0	6	31	0	2	3.3492064	366.2566528	776	6	16	3.3492064	374.7700000
230	252321794121511811708305776370613212780	0.23000000000000001	REL	58,23,18,45,15,60,51,12,42,21,24,6,1,32,62,31,57,39,43,53,37,41,22,26,55,59,54,27,19,50,52,11,13,44,5,40,16,2,20,10,7,56,29,46,48,3,17,34,49,35,61,47,9,36,30,33,8,4,38,25,28,14	31	800	0	6	24	2	2	3.3492064	245.9497375	776	6	16	3.3492064	374.7700000
231	253418845400300993498341888441789791966	0.23100000000000001	REL	17,34,60,15,42,21,16,2,48,3,49,35,39,57,45,18,7,56,19,50,43,53,4,8,55,59,46,29,5,40,10,20,32,1,31,62,6,24,25,38,41,37,9,36,13,44,47,61,11,52,58,23,33,30,27,54,12,51,22,26,28,14	29	968	0	6	31	1	3	3.3492064	249.0039520	776	6	16	3.3492064	374.7700000
232	254515896679090175288378000512966371152	0.23200000000000001	REL	40,5,11,52,21,42,12,51,31,62,8,4,50,19,38,25,55,59,32,1,35,49,43,53,16,2,58,23,20,10,44,13,30,33,18,45,60,15,48,3,41,37,9,36,34,17,7,56,54,27,26,22,61,47,6,24,57,39,46,29,28,14	30	688	0	6	22	1	2	3.3492064	323.4500732	776	6	16	3.3492064	374.7700000
233	255612947957879357078414112584142950338	0.23300000000000001	REL	52,11,57,39,43,53,41,37,17,34,27,54,59,55,61,47,25,38,46,29,8,4,3,48,15,60,21,42,49,35,58,23,50,19,6,24,18,45,20,10,30,33,12,51,26,22,2,16,44,13,9,36,5,40,1,32,7,56,62,31,28,14	30	1096	0	6	28	1	2	3.3492064	361.2777405	776	6	16	3.3492064	374.7700000
234	256709999236668538868450224655319529524	0.23400000000000001	REL	45,18,34,17,15,60,22,26,11,52,7,56,24,6,31,62,57,39,40,5,19,50,46,29,36,9,27,54,55,59,37,41,10,20,53,43,48,3,42,21,25,38,30,33,4,8,44,13,1,32,16,2,12,51,61,47,58,23,49,35,28,14	30	832	0	6	10	3	2	3.3492064	320.1204529	776	6	16	3.3492064	374.7700000
235	257807050515457720658486336726496108710	0.23499999999999999	REL	40,5,13,44,19,50,24,6,21,42,18,45,57,39,15,60,8,4,10,20,3,48,12,51,61,47,54,27,29,46,31,62,32,1,7,56,16,2,41,37,59,55,58,23,33,30,38,25,26,22,35,49,43,53,17,34,52,11,9,36,28,14	31	840	0	6	22	0	2	3.3492064	274.8065186	776	6	16	3.3492064	374.7700000
236	258904101794246902448522448797672687896	0.23599999999999999	REL	44,13,47,61,43,53,59,55,25,38,1,32,58,23,17,34,52,11,18,45,36,9,49,35,16,2,8,4,39,57,27,54,12,51,48,3,60,15,5,40,29,46,26,22,24,6,21,42,10,20,31,62,30,33,19,50,7,56,41,37,28,14	30	1272	0	6	18	1	2	3.3492064	261.0712891	776	6	16	3.3492064	374.7700000
237	260001153073036084238558560868849267082	0.23699999999999999	REL	20,10,62,31,18,45,23,58,52,11,35,49,27,54,2,16,33,30,17,34,6,24,25,38,56,7,26,22,37,41,44,13,43,53,21,42,60,15,61,47,9,36,12,51,46,29,19,50,1,32,8,4,59,55,3,48,57,39,5,40,28,14	31	1344	0	6	23	0	2	3.3492064	324.7953491	776	6	16	3.3492064	374.7700000
238	261098204351825266028594672940025846268	0.23799999999999999	REL	18,45,51,12,53,43,61,47,59,55,27,54,4,8,40,5,60,15,24,6,29,46,17,34,16,2,7,56,26,22,23,58,32,1,10,20,49,35,13,44,41,37,9,36,33,30,11,52,57,39,50,19,48,3,25,38,62,31,21,42,28,14	30	976	0	6	28	2	2	3.3492064	267.6851807	776	6	16	3.3492064	374.7700000
239	262195255630614447818630785011202425454	0.23899999999999999	REL	26,22,31,62,58,23,15,60,50,19,44,13,8,4,37,41,12,51,25,38,40,5,29,46,20,10,7,56,55,59,2,16,30,33,11,52,6,24,43,53,35,49,21,42,61,47,54,27,57,39,9,36,3,48,32,1,34,17,18,45,28,14	30	992	0	6	21	2	2	3.3492064	262.3981934	776	6	16	3.3492064	374.7700000
240	263292306909403629608666897082379004640	0.23999999999999999	REL	48,3,51,12,4,8,16,2,22,26,49,35,21,42,15,60,41,37,52,11,39,57,54,27,7,56,34,17,18,45,53,43,30,33,19,50,25,38,5,40,23,58,55,59,1,32,24,6,9,36,44,13,20,10,62,31,61,47,29,46,28,14	30	1192	0	6	31	2	2	3.3492064	308.2785645	776	6	16	3.3492064	374.7700000
241	264389358188192811398703009153555583826	0.24099999999999999	REL	21,42,10,20,45,18,58,23,47,61,44,13,4,8,1,32,31,62,59,55,26,22,15,60,38,25,51,12,11,52,37,41,9,36,49,35,6,24,2,16,54,27,46,29,39,57,43,53,34,17,7,56,19,50,40,5,33,30,3,48,28,14	30	1080	0	6	23	1	2	3.3492064	410.0912476	776	6	16	3.3492064	374.7700000
242	265486409466981993188739121224732163012	0.24199999999999999	REL	56,7,59,55,3,48,15,60,49,35,5,40,9,36,20,10,33,30,12,51,29,46,52,11,41,37,47,61,54,27,53,43,32,1,21,42,6,24,26,22,16,2,25,38,18,45,8,4,62,31,58,23,13,44,57,39,34,17,19,50,28,14	30	1112	0	6	24	0	2	3.3492064	380.3720703	776	6	16	3.3492064	374.7700000
243	266583460745771174978775233295908742198	0.24299999999999999	REL	42,21,16,2,30,33,25,38,61,47,45,18,11,52,1,32,50,19,55,59,26,22,7,56,27,54,3,48,40,5,31,62,39,57,8,4,35,49,23,58,44,13,29,46,17,34,60,15,41,37,9,36,20,10,12,51,24,6,43,53,28,14	31	824	0	6	21	0	2	3.3492064	302.6282959	776	6	16	3.3492064	374.7700000
244	267680512024560356768811345367085321384	0.24399999999999999	REL	58,23,18,45,43,53,56,7,49,35,21,42,48,3,12,51,41,37,46,29,61,47,59,55,34,17,8,4,15,60,30,33,38,25,11,52,1,32,62,31,10,20,44,13,26,22,19,50,39,57,24,6,2,16,5,40,9,36,27,54,28,14	30	968	0	6	22	0	2	3.3492064	296.3305359	776	6	16	3.3492064	374.7700000
245	268777563303349538558847457438261900570	0.245	REL	36,9,6,24,43,53,50,19,13,44,12,51,31,62,1,32,45,18,52,11,58,23,3,48,8,4,29,46,5,40,30,33,57,39,47,61,41,37,25,38,49,35,15,60,42,21,54,27,2,16,10,20,17,34,55,59,26,22,7,56,28,14	31	1072	0	6	28	0	2	3.3492064	261.2698975	776	6	16	3.3492064	374.7700000
246	269874614582138720348883569509438479756	0.246	REL	42,21,3,48,62,31,4,8,18,45,54,27,55,59,22,26,37,41,61,47,50,19,58,23,38,25,51,12,20,10,43,53,44,13,1,32,46,29,52,11,2,16,35,49,17,34,56,7,6,24,5,40,9,36,33,30,15,60,39,57,28,14	31	952	0	6	10	0	2	3.3492064	237.8221130	776	6	16	3.3492064	374.7700000
247	270971665860927902138919681580615058942	0.247	REL	26,22,21,42,43,53,48,3,16,2,27,54,50,19,58,23,35,49,13,44,5,40,30,33,7,56,31,62,51,12,29,46,61,47,38,25,1,32,10,20,37,41,8,4,11,52,17,34,45,18,24,6,57,39,60,15,9,36,55,59,28,14	31	1184	0	6	9	0	2	3.3492064	304.6518555	776	6	16	3.3492064	374.7700000
248	272068717139717083928955793651791638128	0.248	REL	36,9,30,33,58,23,5,40,11,52,6,24,15,60,29,46,55,59,54,27,21,42,3,48,37,41,22,26,56,7,31,62,4,8,38,25,13,44,43,53,12,51,1,32,57,39,45,18,2,16,34,17,49,35,10,20,19,50,47,61,28,14	30	752	0	6	28	1	2	3.3492064	301.7620850	776	6	16	3.3492064	374.7700000
249	273165768418506265718991905722968217314	0.249	REL	50,19,20,10,47,61,56,7,35,49,22,26,52,11,46,29,21,42,6,24,4,8,48,3,53,43,23,58,5,40,60,15,25,38,59,55,37,41,51,12,34,17,33,30,31,62,18,45,27,54,28,14,44,13,36,9,57,39,32,1,2,16	29	1240	0	6	24	1	2	3.3492064	283.1900024	776	6	16	3.3492064	374.7700000
250	274262819697295447509028017794144796500	0.25	REL	1,32,9,36,62,31,56,7,53,43,49,35,57,39,30,33,58,23,40,5,6,24,34,17,59,55,60,15,21,42,12,51,22,26,28,14,37,41,27,54,18,45,20,10,3,48,25,38,50,19,29,46,44,13,61,47,11,52,8,4,2,16	30	824	0	6	25	0	2	3.3492064	309.9893799	776	6	16	3.3492064	374.7700000
251	275359870976084629299064129865321375686	0.251	REL	34,17,59,55,22,26,61,47,23,58,44,13,37,41,53,43,31,62,38,25,18,45,57,39,40,5,27,54,15,60,8,4,33,30,52,11,28,14,49,35,32,1,29,46,42,21,7,56,12,51,9,36,48,3,20,10,19,50,24,6,2,16	27	1392	0	6	13	1	3	3.3492064	297.4450378	776	6	16	3.3492064	374.7700000
252	276456922254873811089100241936497954872	0.252	REL	27,54,20,10,35,49,41,37,29,46,47,61,36,9,23,58,3,48,60,15,25,38,19,50,43,53,22,26,42,21,13,44,7,56,55,59,34,17,52,11,1,32,5,40,62,31,6,24,39,57,51,12,33,30,14,28,18,45,4,8,2,16	29	1016	0	6	19	2	2	3.3492064	287.8852539	776	6	16	3.3492064	374.7700000
253	277553973533662992879136354007674534058	0.253	REL	3,48,22,26,19,50,57,39,43,53,18,45,6,24,1,32,8,4,44,13,40,5,35,49,23,58,17,34,41,37,28,14,7,56,62,31,52,11,21,42,33,30,36,9,54,27,61,47,29,46,55,59,51,12,60,15,25,38,20,10,2,16	31	1032	0	6	3	1	2	3.3492064	312.8863525	776	6	16	3.3492064	374.7700000
254	278651024812452174669172466078851113244	0.254	REL	13,44,33,30,45,18,15,60,22,26,56,7,14,28,61,47,9,36,27,54,55,59,31,62,23,58,41,37,48,3,46,29,57,39,10,20,17,34,43,53,49,35,21,42,52,11,24,6,8,4,50,19,5,40,38,25,1,32,51,12,2,16	30	1136	0	6	1	1	2	3.3492064	278.6218567	776	6	16	3.3492064	374.7700000
255	279748076091241356459208578150027692430	0.255	REL	21,42,49,35,9,36,33,30,50,19,37,41,61,47,7,56,11,52,46,29,18,45,59,55,8,4,54,27,58,23,39,57,32,1,40,5,22,26,24,6,62,31,13,44,15,60,17,34,12,51,25,38,53,43,3,48,10,20,28,14,2,16	30	1024	0	6	30	2	2	3.3492064	317.8650818	776	6	16	3.3492064	374.7700000
256	280845127370030538249244690221204271616	0.25600000000000001	REL	19,50,14,28,7,56,26,22,58,23,11,52,8,4,53,43,25,38,20,10,31,62,35,49,37,41,55,59,51,12,39,57,29,46,17,34,6,24,48,3,18,45,21,42,36,9,44,13,27,54,30,33,40,5,32,1,47,61,60,15,2,16	30	880	0	6	24	2	2	3.3492064	292.9223633	776	6	16	3.3492064	374.7700000
257	281942178648819720039280802292380850802	0.25700000000000001	REL	20,10,18,45,57,39,47,61,59,55,11,52,24,6,42,21,33,30,34,17,8,4,22,26,32,1,27,54,7,56,62,31,60,15,58,23,25,38,41,37,9,36,13,44,53,43,49,35,28,14,12,51,29,46,40,5,48,3,50,19,2,16	31	1016	0	6	3	2	2	3.3492064	281.2774048	776	6	16	3.3492064	374.7700000
258	283039229927608901829316914363557429988	0.25800000000000001	REL	37,41,7,56,51,12,58,23,4,8,48,3,17,34,11,52,35,49,39,57,6,24,50,19,33,30,15,60,40,5,53,43,31,62,21,42,38,25,1,32,61,47,55,59,44,13,45,18,36,9,14,28,27,54,22,26,29,46,10,20,2,16	29	1160	0	6	22	1	2	3.3492064	321.6752014	776	6	16	3.3492064	374.7700000
259	284136281206398083619353026434734009174	0.25900000000000001	REL	36,9,54,27,45,18,11,52,8,4,44,13,39,57,32,1,24,6,42,21,29,46,53,43,49,35,34,17,59,55,38,25,30,33,7,56,19,50,60,15,12,51,48,3,20,10,23,58,61,47,14,28,62,31,5,40,37,41,26,22,2,16	31	696	0	6	13	0	2	3.3492064	320.8605652	776	6	16	3.3492064	374.7700000
260	285233332485187265409389138505910588360	0.26000000000000001	REL	38,25,33,30,4,8,1,32,59,55,34,17,31,62,58,23,47,61,45,18,11,52,22,26,37,41,49,35,56,7,19,50,57,39,46,29,3,48,54,27,21,42,13,44,10,20,40,5,14,28,9,36,53,43,12,51,60,15,6,24,2,16	31	864	0	6	13	1	2	3.3492064	291.1590576	776	6	16	3.3492064	374.7700000
261	286330383763976447199425250577087167546	0.26100000000000001	REL	30,33,52,11,47,61,40,5,58,23,15,60,14,28,38,25,24,6,4,8,21,42,62,31,20,10,32,1,12,51,37,41,35,49,50,19,34,17,45,18,53,43,7,56,54,27,9,36,13,44,55,59,46,29,57,39,48,3,22,26,2,16	30	1112	0	6	18	1	2	3.3492064	328.5165405	776	6	16	3.3492064	374.7700000
262	287427435042765628989461362648263746732	0.26200000000000001	REL	13,44,34,17,6,24,25,38,20,10,50,19,30,33,36,9,58,23,48,3,39,57,31,62,28,14,49,35,32,1,41,37,4,8,43,53,7,56,26,22,52,11,21,42,40,5,60,15,18,45,55,59,29,46,51,12,61,47,54,27,2,16	30	976	0	6	16	3	2	3.3492064	248.2015381	776	6	16	3.3492064	374.7700000
263	288524486321554810779497474719440325918	0.26300000000000001	REL	18,45,59,55,50,19,53,43,41,37,32,1,11,52,42,21,29,46,10,20,31,62,13,44,5,40,4,8,15,60,27,54,36,9,58,23,14,28,61,47,57,39,24,6,17,34,12,51,7,56,49,35,26,22,48,3,25,38,33,30,2,16	30	864	0	6	16	0	2	3.3492064	260.4995117	776	6	16	3.3492064	374.7700000
264	289621537600343992569533586790616905104	0.26400000000000001	REL	60,15,21,42,10,20,49,35,14,28,4,8,9,36,30,33,11,52,41,37,19,50,55,59,17,34,44,13,61,47,54,27,46,29,5,40,62,31,18,45,3,48,26,22,58,23,6,24,39,57,43,53,7,56,51,12,38,25,1,32,2,16	30	904	0	6	25	2	2	3.3492064	271.9516602	776	6	16	3.3492064	374.7700000
265	290718588879133174359569698861793484290	0.26500000000000001	REL	14,28,10,20,46,29,17,34,53,43,57,39,22,26,37,41,4,8,18,45,24,6,55,59,52,11,13,44,21,42,56,7,9,36,38,25,19,50,3,48,40,5,15,60,47,61,35,49,27,54,58,23,1,32,12,51,31,62,30,33,2,16	31	544	0	6	20	0	2	3.3492064	277.3659058	776	6	16	3.3492064	374.7700000
266	291815640157922356149605810932970063476	0.26600000000000001	REL	46,29,47,61,53,43,13,44,39,57,1,32,42,21,59,55,62,31,8,4,52,11,12,51,20,10,45,18,22,26,15,60,25,38,30,33,24,6,35,49,3,48,54,27,58,23,40,5,17,34,37,41,56,7,19,50,28,14,9,36,2,16	28	1136	0	6	25	2	2	3.3492064	240.0249176	776	6	16	3.3492064	374.7700000
267	292912691436711537939641923004146642662	0.26700000000000002	REL	58,23,52,11,15,60,10,20,26,22,48,3,33,30,61,47,54,27,53,43,56,7,51,12,57,39,31,62,41,37,4,8,9,36,35,49,29,46,45,18,28,14,42,21,13,44,19,50,40,5,34,17,24,6,55,59,32,1,25,38,2,16	31	1024	0	6	26	1	2	3.3492064	285.4382629	776	6	16	3.3492064	374.7700000
268	294009742715500719729678035075323221848	0.26800000000000002	REL	23,58,56,7,53,43,41,37,15,60,3,48,54,27,62,31,13,44,50,19,30,33,38,25,61,47,9,36,42,21,26,22,11,52,5,40,35,49,8,4,14,28,6,24,1,32,59,55,20,10,29,46,12,51,17,34,18,45,57,39,2,16	30	888	0	6	20	1	2	3.3492064	265.8988953	776	6	16	3.3492064	374.7700000
269	295106793994289901519714147146499801034	0.26900000000000002	REL	13,44,54,27,36,9,43,53,24,6,34,17,48,3,55,59,7,56,29,46,51,12,62,31,52,11,33,30,45,18,19,50,10,20,21,42,35,49,25,38,60,15,5,40,61,47,32,1,4,8,28,14,39,57,26,22,58,23,37,41,2,16	31	992	0	6	15	2	2	3.3492064	340.5045776	776	6	16	3.3492064	374.7700000
270	296203845273079083309750259217676380220	0.27000000000000002	REL	54,27,28,14,18,45,49,35,8,4,52,11,33,30,13,44,56,7,31,62,20,10,6,24,42,21,26,22,61,47,1,32,17,34,59,55,36,9,29,46,39,57,23,58,50,19,25,38,51,12,40,5,37,41,48,3,60,15,53,43,2,16	31	968	0	6	21	0	2	3.3492064	302.8630066	776	6	16	3.3492064	374.7700000
271	297300896551868265099786371288852959406	0.27100000000000002	REL	20,10,62,31,14,28,1,32,43,53,36,9,54,27,56,7,59,55,50,19,18,45,51,12,34,17,22,26,15,60,47,61,37,41,42,21,5,40,6,24,33,30,58,23,38,25,35,49,3,48,44,13,39,57,52,11,8,4,29,46,2,16	31	968	0	6	16	0	2	3.3492064	288.8044434	776	6	16	3.3492064	374.7700000
272	298397947830657446889822483360029538592	0.27200000000000002	REL	56,7,28,14,15,60,3,48,5,40,27,54,26,22,55,59,11,52,18,45,31,62,10,20,39,57,53,43,46,29,41,37,13,44,1,32,9,36,49,35,38,25,30,33,17,34,8,4,23,58,42,21,51,12,24,6,19,50,61,47,2,16	29	992	0	6	27	1	2	3.3492064	384.1355591	776	6	16	3.3492064	374.7700000
273	299494999109446628679858595431206117778	0.27300000000000002	REL	42,21,45,18,29,46,13,44,19,50,38,25,58,23,61,47,41,37,54,27,17,34,5,40,51,12,28,14,22,26,60,15,43,53,59,55,57,39,52,11,1,32,6,24,30,33,10,20,48,3,7,56,31,62,8,4,9,36,35,49,2,16	29	920	0	6	28	1	2	3.3492064	295.9291077	776	6	16	3.3492064	374.7700000
274	300592050388235810469894707502382696964	0.27400000000000002	REL	25,38,14,28,18,45,32,1,19,50,62,31,41,37,33,30,60,15,53,43,26,22,7,56,27,54,10,20,9,36,47,61,5,40,23,58,57,39,46,29,55,59,3,48,35,49,42,21,44,13,52,11,17,34,8,4,6,24,12,51,2,16	28	864	0	6	2	1	2	3.3492064	251.7023315	776	6	16	3.3492064	374.7700000
275	301689101667024992259930819573559276150	0.27500000000000002	REL	26,22,29,46,31,62,37,41,3,48,15,60,17,34,56,7,52,11,49,35,19,50,59,55,51,12,32,1,18,45,14,28,20,10,33,30,21,42,24,6,39,57,58,23,61,47,8,4,13,44,25,38,53,43,40,5,36,9,27,54,2,16	31	640	0	6	25	2	2	3.3492064	274.9484863	776	6	16	3.3492064	374.7700000
276	302786152945814174049966931644735855336	0.27600000000000002	REL	38,25,56,7,45,18,58,23,4,8,46,29,62,31,1,32,43,53,12,51,50,19,37,41,48,3,20,10,9,36,6,24,61,47,44,13,14,28,35,49,11,52,39,57,17,34,26,22,5,40,42,21,15,60,30,33,27,54,59,55,2,16	30	1112	0	6	15	0	2	3.3492064	280.2433167	776	6	16	3.3492064	374.7700000
277	303883204224603355840003043715912434522	0.27700000000000002	REL	42,21,38,25,57,39,20,10,30,33,3,48,4,8,29,46,11,52,49,35,7,56,34,17,5,40,44,13,59,55,15,60,31,62,12,51,53,43,9,36,61,47,26,22,41,37,28,14,54,27,24,6,19,50,1,32,18,45,23,58,2,16	29	1064	0	6	29	2	2	3.3492064	339.7224426	776	6	16	3.3492064	374.7700000
278	304980255503392537630039155787089013708	0.27800000000000002	REL	15,60,6,24,48,3,39,57,30,33,5,40,35,49,41,37,53,43,44,13,27,54,56,7,51,12,58,23,18,45,42,21,36,9,32,1,29,46,31,62,10,20,50,19,17,34,26,22,8,4,11,52,55,59,25,38,28,14,47,61,2,16	30	728	0	6	22	1	2	3.3492064	278.1215515	776	6	16	3.3492064	374.7700000
279	306077306782181719420075267858265592894	0.27900000000000003	REL	33,30,29,46,32,1,3,48,54,27,11,52,51,12,47,61,14,28,21,42,22,26,9,36,56,7,8,4,59,55,18,45,39,57,17,34,23,58,24,6,50,19,43,53,38,25,49,35,13,44,10,20,37,41,60,15,40,5,31,62,2,16	31	1216	0	6	15	0	2	3.3492064	357.0576477	776	6	16	3.3492064	374.7700000
280	307174358060970901210111379929442172080	0.28000000000000003	REL	43,53,18,45,39,57,40,5,27,54,35,49,13,44,56,7,51,12,4,8,36,9,47,61,46,29,26,22,41,37,62,31,23,58,32,1,48,3,34,17,11,52,42,21,33,30,20,10,15,60,38,25,28,14,55,59,24,6,16,2,50,19	31	1336	0	6	24	0	2	3.3492064	270.6036072	776	6	16	3.3492064	374.7700000
281	308271409339760083000147492000618751266	0.28100000000000003	REL	34,17,37,41,10,20,60,15,54,27,9,36,47,61,2,16,56,7,30,33,51,12,1,32,46,29,62,31,24,6,43,53,44,13,25,38,8,4,5,40,58,23,14,28,42,21,11,52,39,57,59,55,22,26,49,35,18,45,48,3,50,19	30	960	0	6	17	2	3	3.3492064	286.4912109	776	6	16	3.3492064	374.7700000
282	309368460618549264790183604071795330452	0.28199999999999997	REL	3,48,18,45,7,56,10,20,14,28,12,51,11,52,17,34,9,36,21,42,32,1,26,22,60,15,30,33,43,53,41,37,59,55,39,57,40,5,54,27,8,4,46,29,58,23,38,25,49,35,13,44,2,16,47,61,62,31,24,6,50,19	30	944	0	6	31	2	2	3.3492064	273.3192139	776	6	16	3.3492064	374.7700000
283	310465511897338446580219716142971909638	0.28299999999999997	REL	27,54,34,17,13,44,30,33,9,36,1,32,24,6,16,2,12,51,18,45,62,31,28,14,37,41,3,48,15,60,43,53,47,61,56,7,59,55,39,57,52,11,35,49,21,42,25,38,58,23,46,29,26,22,5,40,10,20,4,8,50,19	31	1096	0	6	1	1	2	3.3492064	320.7196655	776	6	16	3.3492064	374.7700000
284	311562563176127628370255828214148488824	0.28399999999999997	REL	44,13,2,16,30,33,51,12,23,58,14,28,48,3,43,53,17,34,24,6,60,15,27,54,40,5,32,1,55,59,4,8,41,37,11,52,39,57,31,62,29,46,26,22,7,56,36,9,25,38,35,49,21,42,18,45,47,61,20,10,50,19	31	1264	0	6	23	0	2	3.3492064	352.4805908	776	6	16	3.3492064	374.7700000
285	312659614454916810160291940285325068010	0.28499999999999998	REL	54,27,28,14,56,7,33,30,61,47,26,22,49,35,9,36,17,34,20,10,42,21,48,3,2,16,60,15,5,40,46,29,41,37,55,59,18,45,53,43,38,25,31,62,12,51,39,57,52,11,1,32,8,4,23,58,6,24,44,13,50,19	31	672	0	6	15	0	2	3.3492064	337.3970337	776	6	16	3.3492064	374.7700000
286	313756665733705991950328052356501647196	0.28599999999999998	REL	38,25,49,35,21,42,41,37,23,58,26,22,47,61,44,13,33,30,17,34,1,32,10,20,40,5,29,46,11,52,12,51,31,62,43,53,36,9,45,18,56,7,15,60,59,55,8,4,48,3,57,39,6,24,54,27,2,16,28,14,50,19	28	920	0	6	27	3	2	3.3492064	339.3615112	776	6	16	3.3492064	374.7700000
287	314853717012495173740364164427678226382	0.28699999999999998	REL	8,4,14,28,40,5,2,16,44,13,61,47,32,1,51,12,54,27,33,30,48,3,42,21,25,38,60,15,46,29,45,18,55,59,39,57,58,23,52,11,7,56,10,20,31,62,36,9,37,41,22,26,49,35,43,53,24,6,34,17,50,19	30	1232	0	6	20	2	2	3.3492064	244.0221100	776	6	16	3.3492064	374.7700000
288	315950768291284355530400276498854805568	0.28799999999999998	REL	56,7,9,36,24,6,46,29,4,8,28,14,11,52,1,32,59,55,47,61,39,57,45,18,26,22,42,21,31,62,43,53,33,30,15,60,16,2,48,3,41,37,51,12,13,44,34,17,54,27,49,35,25,38,58,23,40,5,10,20,50,19	31	1008	0	6	20	0	2	3.3492064	295.3108826	776	6	16	3.3492064	374.7700000
289	317047819570073537320436388570031384754	0.28899999999999998	REL	18,45,15,60,13,44,1,32,43,53,41,37,49,35,54,27,3,48,29,46,11,52,30,33,8,4,59,55,22,26,12,51,40,5,17,34,7,56,2,16,31,62,24,6,14,28,10,20,25,38,36,9,23,58,57,39,61,47,42,21,50,19	27	1200	0	6	28	2	2	3.3492064	283.3642273	776	6	16	3.3492064	374.7700000
290	318144870848862719110472500641207963940	0.28999999999999998	REL	28,14,54,27,49,35,31,62,45,18,34,17,4,8,20,10,53,43,29,46,36,9,26,22,52,11,15,60,55,59,41,37,48,3,51,12,42,21,5,40,38,25,56,7,16,2,47,61,1,32,13,44,57,39,6,24,33,30,58,23,50,19	30	568	0	6	6	1	2	3.3492064	282.7261658	776	6	16	3.3492064	374.7700000
291	319241922127651900900508612712384543126	0.29099999999999998	REL	46,29,7,56,13,44,12,51,26,22,16,2,31,62,34,17,27,54,40,5,9,36,58,23,1,32,20,10,14,28,37,41,55,59,42,21,15,60,38,25,11,52,33,30,18,45,4,8,48,3,47,61,49,35,53,43,39,57,6,24,50,19	30	944	0	6	13	1	2	3.3492064	265.5168152	776	6	16	3.3492064	374.7700000
292	320338973406441082690544724783561122312	0.29199999999999998	REL	17,34,5,40,36,9,42,21,45,18,59,55,23,58,52,11,14,28,10,20,31,62,47,61,2,16,44,13,33,30,54,27,53,43,60,15,7,56,46,29,24,6,8,4,37,41,51,12,39,57,1,32,3,48,38,25,35,49,22,26,50,19	30	1080	0	6	16	0	3	3.3492064	238.5330200	776	6	16	3.3492064	374.7700000
293	321436024685230264480580836854737701498	0.29299999999999998	REL	35,49,2,16,47,61,40,5,54,27,60,15,4,8,41,37,23,58,18,45,25,38,11,52,20,10,7,56,34,17,3,48,43,53,36,9,44,13,6,24,29,46,32,1,21,42,62,31,57,39,30,33,59,55,51,12,22,26,14,28,50,19	30	1040	0	6	14	1	2	3.3492064	274.8697815	776	6	16	3.3492064	374.7700000
294	322533075964019446270616948925914280684	0.29399999999999998	REL	40,5,11,52,41,37,20,10,33,30,53,43,46,29,4,8,15,60,12,51,56,7,34,17,2,16,57,39,23,58,48,3,18,45,47,61,44,13,26,22,36,9,49,35,38,25,27,54,21,42,55,59,14,28,6,24,32,1,62,31,50,19	31	840	0	6	8	1	2	3.3492064	397.7993164	776	6	16	3.3492064	374.7700000
295	323630127242808628060653060997090859870	0.29499999999999998	REL	17,34,53,43,49,35,9,36,41,37,40,5,58,23,25,38,61,47,60,15,62,31,28,14,4,8,16,2,52,11,26,22,24,6,54,27,56,7,59,55,51,12,3,48,10,20,44,13,33,30,21,42,46,29,45,18,39,57,1,32,50,19	29	1168	0	6	23	1	3	3.3492064	274.3466492	776	6	16	3.3492064	374.7700000
296	324727178521597809850689173068267439056	0.29599999999999999	REL	8,4,18,45,12,51,41,37,60,15,6,24,48,3,59,55,1,32,61,47,36,9,7,56,52,11,26,22,13,44,25,38,30,33,5,40,14,28,42,21,57,39,10,20,2,16,53,43,49,35,31,62,23,58,54,27,29,46,17,34,50,19	30	936	0	6	23	1	2	3.3492064	240.5757904	776	6	16	3.3492064	374.7700000
297	325824229800386991640725285139444018242	0.29699999999999999	REL	38,25,33,30,46,29,62,31,22,26,14,28,5,40,10,20,52,11,55,59,37,41,56,7,54,27,47,61,51,12,53,43,13,44,48,3,60,15,58,23,6,24,4,8,16,2,39,57,18,45,17,34,35,49,21,42,1,32,9,36,50,19	31	1232	0	6	25	1	2	3.3492064	268.3827209	776	6	16	3.3492064	374.7700000
298	326921281079176173430761397210620597428	0.29799999999999999	REL	20,10,35,49,4,8,7,56,36,9,31,62,48,3,32,1,11,52,21,42,14,28,15,60,12,51,5,40,34,17,58,23,27,54,43,53,61,47,30,33,2,16,57,39,24,6,55,59,44,13,26,22,46,29,37,41,45,18,25,38,50,19	30	744	0	6	28	1	2	3.3492064	288.6457214	776	6	16	3.3492064	374.7700000
299	328018332357965355220797509281797176614	0.29899999999999999	REL	21,42,41,37,34,17,18,45,20,10,3,48,43,53,16,2,56,7,9,36,49,35,46,29,47,61,27,54,23,58,5,40,11,52,8,4,12,51,24,6,15,60,26,22,62,31,1,32,44,13,25,38,33,30,28,14,59,55,57,39,50,19	31	824	0	6	31	0	2	3.3492064	252.2971039	776	6	16	3.3492064	374.7700000
300	329115383636754537010833621352973755800	0.29999999999999999	REL	25,38,52,11,2,16,51,12,34,17,28,14,32,1,45,18,8,4,39,57,44,13,10,20,24,6,35,49,36,9,54,27,5,40,42,21,55,59,31,62,22,26,23,58,53,43,7,56,47,61,48,3,46,29,15,60,30,33,37,41,50,19	29	1024	0	6	1	2	2	3.3492064	294.0356445	776	6	16	3.3492064	374.7700000
301	330212434915543718800869733424150334986	0.30099999999999999	REL	14,28,52,11,30,33,12,51,38,25,44,13,57,39,42,21,61,47,59,55,15,60,16,2,37,41,49,35,5,40,23,58,36,9,20,10,26,22,4,8,3,48,56,7,45,18,24,6,27,54,31,62,32,1,29,46,34,17,53,43,50,19	31	872	0	6	19	0	2	3.3492064	244.3005676	776	6	16	3.3492064	374.7700000
302	331309486194332900590905845495326914172	0.30199999999999999	REL	20,10,28,14,21,42,9,36,33,30,51,12,6,24,57,39,61,47,60,15,55,59,23,58,27,54,5,40,41,37,1,32,22,26,16,2,7,56,29,46,17,34,52,11,3,48,38,25,53,43,49,35,4,8,45,18,31,62,13,44,50,19	31	936	0	6	2	0	2	3.3492064	268.2590942	776	6	16	3.3492064	374.7700000
303	332406537473122082380941957566503493358	0.30299999999999999	REL	21,42,38,25,31,62,48,3,60,15,39,57,12,51,17,34,58,23,18,45,59,55,20,10,36,9,14,28,22,26,13,44,49,35,43,53,7,56,11,52,40,5,4,8,27,54,32,1,29,46,2,16,30,33,24,6,37,41,61,47,50,19	30	1104	0	6	24	1	2	3.3492064	282.2143555	776	6	16	3.3492064	374.7700000
304	333503588751911264170978069637680072544	0.30399999999999999	REL	22,26,10,20,44,13,62,31,7,56,51,12,39,57,11,52,53,43,45,18,24,6,46,29,1,32,8,4,41,37,16,2,40,5,25,38,14,28,59,55,34,17,23,58,3,48,61,47,60,15,33,30,21,42,9,36,27,54,35,49,50,19	29	848	0	6	23	2	2	3.3492064	282.2859497	776	6	16	3.3492064	374.7700000
305	334600640030700445961014181708856651730	0.30499999999999999	REL	34,17,26,22,37,41,53,43,35,49,45,18,42,21,57,39,24,6,33,30,38,25,1,32,56,7,55,59,14,28,16,2,23,58,40,5,13,44,54,27,20,10,60,15,8,4,29,46,3,48,36,9,47,61,51,12,31,62,11,52,50,19	28	904	0	6	14	3	3	3.3492064	240.0821228	776	6	16	3.3492064	374.7700000
306	335697691309489627751050293780033230916	0.30599999999999999	REL	14,28,9,36,29,46,3,48,44,13,55,59,43,53,22,26,11,52,62,31,47,61,17,34,41,37,6,24,51,12,38,25,8,4,15,60,49,35,1,32,7,56,45,18,10,20,40,5,58,23,30,33,16,2,21,42,39,57,27,54,50,19	31	1368	0	6	19	0	2	3.3492064	278.1053467	776	6	16	3.3492064	374.7700000
307	336794742588278809541086405851209810102	0.307	REL	17,34,46,29,58,23,28,14,27,54,24,6,57,39,32,1,49,35,53,43,47,61,55,59,26,22,60,15,8,4,44,13,40,5,45,18,62,31,2,16,3,48,21,42,12,51,52,11,38,25,9,36,30,33,10,20,37,41,7,56,50,19	29	984	0	6	28	2	3	3.3492064	297.5282288	776	6	16	3.3492064	374.7700000
308	337891793867067991331122517922386389288	0.308	REL	60,15,46,29,41,37,59,55,20,10,34,17,43,53,5,40,3,48,6,24,39,57,42,21,4,8,33,30,47,61,9,36,28,14,18,45,31,62,26,22,11,52,32,1,27,54,49,35,16,2,7,56,51,12,13,44,38,25,23,58,50,19	29	760	0	6	8	3	2	3.3492064	340.0027161	776	6	16	3.3492064	374.7700000
309	338988845145857173121158629993562968474	0.309	REL	51,12,61,47,42,21,52,11,31,62,49,35,25,38,1,32,20,10,45,18,24,6,7,56,54,27,36,9,23,58,30,33,17,34,41,37,5,40,16,2,4,8,59,55,43,53,57,39,13,44,29,46,28,14,3,48,26,22,15,60,50,19	31	840	0	6	29	0	2	3.3492064	287.3489075	776	6	16	3.3492064	374.7700000
310	340085896424646354911194742064739547660	0.31	REL	17,34,2,16,13,44,47,61,42,21,24,6,30,33,52,11,38,25,4,8,18,45,46,29,54,27,41,37,36,9,26,22,3,48,55,59,39,57,51,12,58,23,28,14,56,7,53,43,20,10,35,49,32,1,15,60,40,5,31,62,50,19	30	760	0	6	28	1	3	3.3492064	252.0544434	776	6	16	3.3492064	374.7700000
311	341182947703435536701230854135916126846	0.311	REL	56,7,37,41,27,54,49,35,8,4,17,34,62,31,11,52,5,40,38,25,14,28,18,45,39,57,26,22,36,9,43,53,3,48,15,60,12,51,29,46,30,33,50,19,23,58,44,13,61,47,6,24,10,20,16,2,55,59,32,1,42,21	30	1104	0	6	31	1	2	3.3492064	295.8500061	776	6	16	3.3492064	374.7700000
312	342279998982224718491266966207092706032	0.312	REL	24,6,46,29,47,61,38,25,15,60,32,1,16,2,27,54,14,28,4,8,50,19,18,45,23,58,22,26,56,7,62,31,59,55,5,40,52,11,12,51,30,33,37,41,39,57,9,36,43,53,10,20,17,34,44,13,49,35,48,3,42,21	30	1296	0	6	30	1	2	3.3492064	299.0499268	776	6	16	3.3492064	374.7700000
313	343377050261013900281303078278269285218	0.313	REL	49,35,48,3,18,45,44,13,31,62,2,16,41,37,34,17,61,47,40,5,32,1,52,11,8,4,39,57,53,43,56,7,15,60,23,58,46,29,33,30,12,51,9,36,27,54,59,55,26,22,50,19,20,10,38,25,28,14,24,6,42,21	29	1224	0	6	30	2	2	3.3492064	279.3004456	776	6	16	3.3492064	374.7700000
314	344474101539803082071339190349445864404	0.314	REL	16,2,41,37,34,17,55,59,33,30,50,19,62,31,44,13,35,49,60,15,38,25,52,11,14,28,32,1,51,12,47,61,45,18,24,6,26,22,10,20,8,4,29,46,54,27,36,9,5,40,58,23,39,57,48,3,43,53,56,7,42,21	29	968	0	6	14	1	2	3.3492064	248.8036652	776	6	16	3.3492064	374.7700000
315	345571152818592263861375302420622443590	0.315	REL	37,41,44,13,24,6,20,10,56,7,32,1,23,58,28,14,35,49,53,43,46,29,19,50,26,22,52,11,55,59,61,47,34,17,18,45,8,4,54,27,60,15,48,3,57,39,38,25,51,12,62,31,16,2,40,5,33,30,36,9,42,21	29	992	0	6	12	1	2	3.3492064	295.2032166	776	6	16	3.3492064	374.7700000
316	346668204097381445651411414491799022776	0.316	REL	45,18,1,32,59,55,50,19,38,25,22,26,20,10,16,2,28,14,5,40,4,8,35,49,39,57,24,6,13,44,47,61,17,34,46,29,54,27,51,12,31,62,43,53,60,15,48,3,23,58,56,7,9,36,41,37,33,30,52,11,42,21	29	912	0	6	10	1	2	3.3492064	364.3533020	776	6	16	3.3492064	374.7700000
317	347765255376170627441447526562975601962	0.317	REL	2,16,13,44,62,31,47,61,46,29,11,52,49,35,7,56,33,30,5,40,25,38,28,14,22,26,34,17,60,15,37,41,39,57,8,4,24,6,9,36,27,54,48,3,32,1,50,19,53,43,59,55,20,10,45,18,23,58,51,12,42,21	29	824	0	6	7	0	2	3.3492064	301.5895386	776	6	16	3.3492064	374.7700000
318	348862306654959809231483638634152181148	0.318	REL	56,7,22,26,38,25,61,47,54,27,17,34,20,10,39,57,8,4,59,55,53,43,3,48,30,33,13,44,58,23,11,52,62,31,24,6,60,15,18,45,35,49,36,9,19,50,32,1,41,37,5,40,51,12,2,16,29,46,28,14,42,21	29	1176	0	6	15	1	2	3.3492064	327.4288330	776	6	16	3.3492064	374.7700000
319	349959357933748991021519750705328760334	0.31900000000000001	REL	18,45,1,32,58,23,51,12,26,22,27,54,53,43,24,6,33,30,19,50,57,39,36,9,47,61,59,55,13,44,56,7,8,4,10,20,38,25,17,34,52,11,29,46,3,48,15,60,62,31,49,35,41,37,40,5,28,14,2,16,42,21	30	984	0	6	3	1	2	3.3492064	252.7405548	776	6	16	3.3492064	374.7700000
320	351056409212538172811555862776505339520	0.32000000000000001	REL	22,26,15,60,9,36,27,54,34,17,19,50,49,35,40,5,2,16,55,59,44,13,33,30,52,11,25,38,20,10,31,62,32,1,14,28,24,6,3,48,12,51,57,39,41,37,56,7,47,61,23,58,8,4,29,46,43,53,45,18,42,21	30	1208	0	6	10	0	2	3.3492064	236.0340424	776	6	16	3.3492064	374.7700000
321	352153460491327354601591974847681918706	0.32100000000000001	REL	20,10,56,7,51,12,47,61,50,19,44,13,32,1,6,24,30,33,5,40,62,31,45,18,60,15,3,48,38,25,23,58,29,46,4,8,57,39,35,49,37,41,2,16,28,14,9,36,34,17,52,11,59,55,54,27,53,43,26,22,42,21	27	832	0	6	4	0	2	3.3492064	301.2796326	776	6	16	3.3492064	374.7700000
322	353250511770116536391628086918858497892	0.32200000000000001	REL	36,9,7,56,52,11,39,57,3,48,27,54,23,58,14,28,46,29,26,22,20,10,19,50,49,35,6,24,4,8,17,34,12,51,53,43,60,15,59,55,37,41,31,62,47,61,2,16,5,40,45,18,32,1,33,30,44,13,38,25,42,21	29	856	0	6	2	1	2	3.3492064	256.0262451	776	6	16	3.3492064	374.7700000
323	354347563048905718181664198990035077078	0.32300000000000001	REL	37,41,29,46,50,19,59,55,18,45,53,43,25,38,48,3,1,32,51,12,4,8,36,9,54,27,28,14,11,52,34,17,39,57,10,20,5,40,61,47,23,58,30,33,6,24,15,60,49,35,16,2,44,13,56,7,31,62,22,26,42,21	28	1200	0	6	16	1	2	3.3492064	247.5237427	776	6	16	3.3492064	374.7700000
324	355444614327694899971700311061211656264	0.32400000000000001	REL	49,35,19,50,57,39,11,52,41,37,23,58,15,60,13,44,40,5,20,10,6,24,8,4,9,36,12,51,53,43,1,32,62,31,25,38,45,18,7,56,26,22,55,59,30,33,27,54,3,48,61,47,2,16,29,46,17,34,14,28,42,21	30	888	0	6	18	0	2	3.3492064	326.1439819	776	6	16	3.3492064	374.7700000
325	356541665606484081761736423132388235450	0.32500000000000001	REL	49,35,26,22,15,60,20,10,48,3,45,18,32,1,19,50,13,44,58,23,6,24,40,5,29,46,41,37,28,14,43,53,38,25,9,36,54,27,47,61,17,34,57,39,2,16,52,11,33,30,59,55,7,56,51,12,8,4,62,31,42,21	29	752	0	6	27	1	2	3.3492064	282.2848816	776	6	16	3.3492064	374.7700000
326	357638716885273263551772535203564814636	0.32600000000000001	REL	13,44,8,4,29,46,45,18,30,33,6,24,41,37,7,56,59,55,20,10,60,15,48,3,54,27,14,28,36,9,19,50,26,22,11,52,25,38,51,12,2,16,57,39,47,61,58,23,17,34,5,40,62,31,49,35,43,53,1,32,42,21	30	920	0	6	17	0	2	3.3492064	277.4338379	776	6	16	3.3492064	374.7700000
327	358735768164062445341808647274741393822	0.32700000000000001	REL	20,10,41,37,45,18,36,9,48,3,39,57,1,32,24,6,28,14,49,35,56,7,53,43,25,38,16,2,40,5,55,59,22,26,19,50,47,61,12,51,62,31,13,44,29,46,60,15,27,54,4,8,52,11,23,58,30,33,17,34,42,21	29	992	0	6	22	0	2	3.3492064	306.3931580	776	6	16	3.3492064	374.7700000
328	359832819442851627131844759345917973008	0.32800000000000001	REL	51,12,53,43,27,54,14,28,10,20,60,15,46,29,24,6,30,33,16,2,35,49,8,4,44,13,3,48,55,59,26,22,18,45,37,41,31,62,1,32,57,39,50,19,5,40,47,61,17,34,7,56,38,25,52,11,58,23,9,36,42,21	30	904	0	6	26	0	2	3.3492064	322.7157898	776	6	16	3.3492064	374.7700000
329	360929870721640808921880871417094552194	0.32900000000000001	REL	50,19,52,11,33,30,10,20,13,44,48,3,29,46,18,45,34,17,32,1,41,37,61,47,31,62,27,54,7,56,24,6,57,39,15,60,43,53,28,14,8,4,12,51,26,22,55,59,23,58,36,9,49,35,5,40,16,2,25,38,42,21	29	744	0	6	5	1	2	3.3492064	274.6037903	776	6	16	3.3492064	374.7700000
330	362026922000429990711916983488271131380	0.33000000000000002	REL	13,44,38,25,55,59,48,3,1,32,24,6,60,15,17,34,30,33,4,8,56,7,52,11,14,28,54,27,36,9,31,62,45,18,2,16,41,37,46,29,23,58,10,20,19,50,26,22,53,43,51,12,5,40,61,47,49,35,57,39,42,21	30	976	0	6	12	0	2	3.3492064	219.1761322	776	6	16	3.3492064	374.7700000
331	363123973279219172501953095559447710566	0.33100000000000002	REL	58,23,54,27,16,2,7,56,30,33,40,5,35,49,34,17,12,51,53,43,10,20,50,19,48,3,55,59,24,6,29,46,47,61,38,25,4,8,26,22,13,44,52,11,57,39,62,31,32,1,18,45,14,28,15,60,9,36,37,41,42,21	29	1000	0	6	29	1	2	3.3492064	326.0853882	776	6	16	3.3492064	374.7700000
332	364221024558008354291989207630624289752	0.33200000000000002	REL	58,23,39,57,52,11,12,51,50,19,25,38,48,3,24,6,55,59,32,1,34,17,56,7,16,2,62,31,30,33,47,61,46,29,53,43,45,18,10,20,14,28,40,5,60,15,36,9,49,35,54,27,8,4,22,26,37,41,13,44,42,21	29	880	0	6	14	1	2	3.3492064	301.7312012	776	6	16	3.3492064	374.7700000
333	365318075836797536082025319701800868938	0.33300000000000002	REL	15,60,58,23,35,49,38,25,40,5,22,26,55,59,62,31,44,13,36,9,47,61,27,54,30,33,7,56,52,11,39,57,3,48,24,6,8,4,41,37,12,51,45,18,17,34,19,50,16,2,1,32,43,53,10,20,28,14,29,46,42,21	28	1056	0	6	10	2	2	3.3492064	264.1785583	776	6	16	3.3492064	374.7700000
334	366415127115586717872061431772977448124	0.33400000000000002	REL	49,35,41,37,16,2,26,22,36,9,19,50,54,27,1,32,44,13,40,5,61,47,10,20,53,43,56,7,29,46,17,34,58,23,52,11,18,45,24,6,33,30,57,39,60,15,25,38,14,28,4,8,31,62,59,55,51,12,3,48,42,21	29	640	0	6	6	1	2	3.3492064	296.8150024	776	6	16	3.3492064	374.7700000
335	367512178394375899662097543844154027310	0.33500000000000002	REL	60,15,62,31,61,47,58,23,6,24,8,4,10,20,33,30,29,46,59,55,17,34,27,54,39,57,28,14,5,40,48,3,37,41,22,26,50,19,53,43,12,51,38,25,1,32,18,45,7,56,2,16,9,36,44,13,11,52,35,49,42,21	30	1120	0	6	30	1	2	3.3492064	351.8587036	776	6	16	3.3492064	374.7700000
336	368609229673165081452133655915330606496	0.33600000000000002	REL	32,1,55,59,11,52,28,14,19,50,39,57,31,62,53,43,60,15,20,10,16,2,49,35,5,40,45,18,6,24,41,37,3,48,33,30,46,29,34,17,58,23,25,38,8,4,7,56,9,36,44,13,61,47,54,27,22,26,12,51,42,21	26	944	0	6	19	1	2	3.3492064	292.8945618	776	6	16	3.3492064	374.7700000
337	369706280951954263242169767986507185682	0.33700000000000002	REL	14,28,26,22,6,24,58,23,4,8,25,38,49,35,10,20,33,30,56,7,45,18,53,43,31,62,59,55,11,52,37,41,47,61,39,57,3,48,17,34,1,32,9,36,51,12,13,44,19,50,60,15,29,46,2,16,40,5,27,54,42,21	30	936	0	6	22	0	2	3.3492064	287.8545532	776	6	16	3.3492064	374.7700000
338	370803332230743445032205880057683764868	0.33800000000000002	REL	25,38,54,27,51,12,18,45,57,39,33,30,46,29,16,2,43,53,41,37,17,34,22,26,15,60,3,48,10,20,62,31,11,52,6,24,13,44,50,19,47,61,23,58,28,14,56,7,35,49,8,4,1,32,36,9,5,40,59,55,42,21	29	736	0	6	24	1	2	3.3492064	329.3453674	776	6	16	3.3492064	374.7700000
339	371900383509532626822241992128860344054	0.33900000000000002	REL	30,33,59,55,56,7,46,29,54,27,22,26,48,3,37,41,25,38,20,10,58,23,40,5,1,32,24,6,28,14,19,50,11,52,61,47,36,9,12,51,43,53,60,15,4,8,45,18,16,2,35,49,62,31,13,44,34,17,39,57,42,21	29	1208	0	6	10	2	2	3.3492064	298.1089783	776	6	16	3.3492064	374.7700000
340	372997434788321808612278104200036923240	0.34000000000000002	REL	7,56,49,35,58,23,57,39,48,3,30,33,13,44,45,18,11,52,12,51,53,43,19,50,10,20,37,41,2,16,28,14,22,26,61,47,40,5,24,6,62,31,17,34,46,29,25,38,4,8,1,32,54,27,36,9,60,15,55,59,42,21	29	776	0	6	20	2	2	3.3492064	277.9202881	776	6	16	3.3492064	374.7700000
341	374094486067110990402314216271213502426	0.34100000000000003	REL	43,53,31,62,35,49,39,57,34,17,12,51,19,50,54,27,10,20,6,24,41,37,2,16,1,32,25,38,47,61,9,36,13,44,30,33,59,55,45,18,52,11,14,28,8,4,3,48,5,40,23,58,22,26,56,7,29,46,15,60,42,21	30	944	0	6	2	1	2	3.3492064	262.8243713	776	6	16	3.3492064	374.7700000
342	375191537345900172192350328342390081612	0.34200000000000003	REL	4,8,41,37,49,35,48,3,39,57,50,19,7,56,34,17,5,40,23,58,55,59,47,61,26,22,12,51,45,18,32,1,43,53,33,30,2,16,38,25,52,11,6,24,13,44,54,27,14,28,9,36,15,60,10,20,46,29,31,62,42,21	29	1264	0	6	30	1	2	3.3492064	282.2133179	776	6	16	3.3492064	374.7700000
343	376288588624689353982386440413566660798	0.34300000000000003	REL	6,24,41,37,51,12,8,4,10,20,55,59,32,1,50,19,33,30,53,43,44,13,28,14,3,48,62,31,18,45,42,21,17,34,57,39,29,46,40,5,11,52,61,47,38,25,56,7,35,49,60,15,58,23,36,9,54,27,16,2,26,22	31	872	0	6	8	1	2	3.3492064	347.9448853	776	6	16	3.3492064	374.7700000
344	377385639903478535772422552484743239984	0.34399999999999997	REL	34,17,20,10,56,7,42,21,59,55,60,15,25,38,45,18,23,58,31,62,11,52,30,33,37,41,53,43,29,46,51,12,4,8,32,1,16,2,27,54,39,57,40,5,14,28,35,49,44,13,19,50,36,9,24,6,47,61,48,3,26,22	30	1032	0	6	12	1	3	3.3492064	315.9565430	776	6	16	3.3492064	374.7700000
345	378482691182267717562458664555919819170	0.34499999999999997	REL	27,54,34,17,51,12,41,37,31,62,8,4,23,58,44,13,52,11,15,60,18,45,32,1,39,57,55,59,33,30,2,16,53,43,10,20,36,9,14,28,35,49,19,50,56,7,5,40,47,61,21,42,38,25,48,3,29,46,24,6,26,22	31	1328	0	6	24	3	2	3.3492064	271.6838989	776	6	16	3.3492064	374.7700000
346	379579742461056899352494776627096398356	0.34599999999999997	REL	40,5,54,27,11,52,21,42,60,15,41,37,9,36,47,61,13,44,6,24,3,48,59,55,50,19,51,12,38,25,45,18,28,14,56,7,33,30,53,43,1,32,58,23,17,34,29,46,10,20,39,57,31,62,2,16,49,35,4,8,26,22	30	1128	0	6	30	0	2	3.3492064	380.0321045	776	6	16	3.3492064	374.7700000
347	380676793739846081142530888698272977542	0.34699999999999998	REL	12,51,19,50,44,13,53,43,34,17,31,62,24,6,30,33,8,4,41,37,54,27,60,15,1,32,25,38,58,23,46,29,52,11,55,59,49,35,18,45,57,39,36,9,16,2,61,47,7,56,21,42,48,3,5,40,28,14,20,10,26,22	30	1128	0	6	13	1	2	3.3492064	250.1836700	776	6	16	3.3492064	374.7700000
348	381773845018635262932567000769449556728	0.34799999999999998	REL	48,3,27,54,53,43,44,13,10,20,37,41,38,25,4,8,15,60,46,29,55,59,7,56,57,39,42,21,33,30,45,18,9,36,28,14,40,5,49,35,47,61,58,23,11,52,1,32,31,62,19,50,2,16,24,6,34,17,51,12,26,22	29	984	0	6	30	2	2	3.3492064	325.3009949	776	6	16	3.3492064	374.7700000
349	382870896297424444722603112840626135914	0.34899999999999998	REL	56,7,17,34,39,57,24,6,14,28,4,8,19,50,25,38,51,12,21,42,55,59,31,62,35,49,5,40,61,47,45,18,20,10,32,1,43,53,9,36,33,30,29,46,52,11,16,2,48,3,60,15,41,37,54,27,23,58,44,13,26,22	29	832	0	6	28	2	2	3.3492064	351.0074768	776	6	16	3.3492064	374.7700000
350	383967947576213626512639224911802715100	0.34999999999999998	REL	17,34,10,20,8,4,25,38,40,5,18,45,35,49,44,13,11,52,51,12,30,33,27,54,46,29,56,7,55,59,2,16,9,36,48,3,50,19,53,43,42,21,23,58,47,61,37,41,14,28,6,24,62,31,32,1,57,39,60,15,26,22	30	1000	0	6	13	0	3	3.3492064	255.0075989	776	6	16	3.3492064	374.7700000
351	385064998855002808302675336982979294286	0.35099999999999998	REL	23,58,24,6,10,20,21,42,15,60,38,25,13,44,5,40,50,19,52,11,56,7,8,4,55,59,39,57,30,33,9,36,41,37,29,46,54,27,35,49,62,31,47,61,2,16,12,51,43,53,48,3,1,32,45,18,28,14,34,17,26,22	29	896	0	6	17	0	2	3.3492064	335.2775574	776	6	16	3.3492064	374.7700000
352	386162050133791990092711449054155873472	0.35199999999999998	REL	25,38,61,47,58,23,34,17,46,29,60,15,28,14,41,37,4,8,43,53,57,39,62,31,1,32,40,5,3,48,55,59,24,6,52,11,51,12,27,54,56,7,30,33,44,13,21,42,49,35,45,18,9,36,20,10,2,16,50,19,26,22	31	1096	0	6	7	1	2	3.3492064	287.9427795	776	6	16	3.3492064	374.7700000
353	387259101412581171882747561125332452658	0.35299999999999998	REL	44,13,57,39,6,24,3,48,37,41,31,62,38,25,4,8,11,52,49,35,7,56,29,46,27,54,47,61,60,15,58,23,59,55,19,50,30,33,17,34,9,36,14,28,2,16,12,51,42,21,5,40,1,32,18,45,43,53,10,20,26,22	31	1080	0	6	28	1	2	3.3492064	320.5433350	776	6	16	3.3492064	374.7700000
354	388356152691370353672783673196509031844	0.35399999999999998	REL	19,50,10,20,28,14,27,54,46,29,41,37,49,35,8,4,62,31,32,1,6,24,17,34,43,53,13,44,47,61,55,59,21,42,15,60,57,39,12,51,36,9,2,16,11,52,45,18,33,30,7,56,48,3,5,40,25,38,58,23,26,22	31	912	0	6	20	1	2	3.3492064	268.9862366	776	6	16	3.3492064	374.7700000
355	389453203970159535462819785267685611030	0.35499999999999998	REL	30,33,24,6,20,10,16,2,35,49,47,61,11,52,59,55,36,9,40,5,51,12,46,29,15,60,8,4,23,58,28,14,13,44,39,57,21,42,56,7,18,45,17,34,50,19,54,27,41,37,3,48,32,1,62,31,53,43,38,25,26,22	30	952	0	6	24	3	2	3.3492064	294.8815918	776	6	16	3.3492064	374.7700000
356	390550255248948717252855897338862190216	0.35599999999999998	REL	12,51,57,39,20,10,5,40,60,15,8,4,62,31,17,34,42,21,27,54,46,29,41,37,45,18,32,1,6,24,43,53,36,9,47,61,48,3,38,25,11,52,7,56,50,19,58,23,2,16,33,30,55,59,13,44,35,49,14,28,26,22	31	1056	0	6	12	0	2	3.3492064	306.5453491	776	6	16	3.3492064	374.7700000
357	391647306527737899042892009410038769402	0.35699999999999998	REL	13,44,21,42,39,57,12,51,25,38,45,18,52,11,32,1,16,2,15,60,59,55,46,29,17,34,19,50,14,28,7,56,35,49,53,43,61,47,41,37,3,48,62,31,8,4,54,27,36,9,24,6,20,10,58,23,5,40,33,30,26,22	28	880	0	6	5	2	2	3.3492064	236.5038910	776	6	16	3.3492064	374.7700000
358	392744357806527080832928121481215348588	0.35799999999999998	REL	60,15,62,31,47,61,39,57,51,12,38,25,45,18,8,4,50,19,42,21,29,46,20,10,58,23,6,24,2,16,56,7,54,27,36,9,3,48,59,55,28,14,35,49,43,53,44,13,5,40,33,30,11,52,34,17,41,37,1,32,26,22	31	1128	0	6	24	1	2	3.3492064	273.9451294	776	6	16	3.3492064	374.7700000
359	393841409085316262622964233552391927774	0.35899999999999999	REL	25,38,47,61,51,12,46,29,58,23,59,55,5,40,60,15,48,3,7,56,31,62,57,39,53,43,13,44,50,19,10,20,37,41,17,34,27,54,6,24,30,33,32,1,21,42,36,9,14,28,45,18,8,4,11,52,2,16,49,35,26,22	29	912	0	6	15	2	2	3.3492064	330.2972107	776	6	16	3.3492064	374.7700000
360	394938460364105444413000345623568506960	0.35999999999999999	REL	57,39,38,25,23,58,16,2,48,3,45,18,49,35,40,5,7,56,28,14,54,27,51,12,42,21,52,11,24,6,29,46,60,15,10,20,9,36,1,32,4,8,13,44,30,33,55,59,47,61,19,50,53,43,17,34,62,31,41,37,26,22	31	824	0	6	31	3	2	3.3492064	249.9241791	776	6	16	3.3492064	374.7700000
361	396035511642894626203036457694745086146	0.36099999999999999	REL	49,35,28,14,37,41,52,11,31,62,39,57,19,50,1,32,4,8,21,42,27,54,58,23,13,44,40,5,55,59,15,60,29,46,12,51,9,36,16,2,20,10,7,56,53,43,17,34,3,48,24,6,47,61,45,18,30,33,25,38,26,22	30	808	0	6	21	1	2	3.3492064	283.9014893	776	6	16	3.3492064	374.7700000
362	397132562921683807993072569765921665332	0.36199999999999999	REL	17,34,5,40,13,44,15,60,20,10,24,6,19,50,59,55,8,4,62,31,43,53,28,14,7,56,1,32,16,2,27,54,36,9,61,47,30,33,48,3,29,46,23,58,25,38,39,57,11,52,42,21,45,18,49,35,51,12,37,41,26,22	30	896	0	6	29	0	3	3.3492064	345.0398560	776	6	16	3.3492064	374.7700000
363	398229614200472989783108681837098244518	0.36299999999999999	REL	37,41,45,18,58,23,5,40,11,52,13,44,9,36,2,16,47,61,12,51,17,34,14,28,49,35,19,50,8,4,54,27,57,39,29,46,33,30,38,25,21,42,15,60,56,7,10,20,48,3,24,6,62,31,59,55,32,1,53,43,26,22	31	736	0	6	31	1	2	3.3492064	312.5411682	776	6	16	3.3492064	374.7700000
364	399326665479262171573144793908274823704	0.36399999999999999	REL	46,29,58,23,30,33,48,3,15,60,54,27,14,28,38,25,45,18,7,56,37,41,5,40,62,31,61,47,16,2,55,59,57,39,42,21,50,19,10,20,17,34,51,12,32,1,6,24,52,11,35,49,36,9,8,4,53,43,13,44,26,22	29	1144	0	6	12	3	2	3.3492064	286.6932373	776	6	16	3.3492064	374.7700000
365	400423716758051353363180905979451402890	0.36499999999999999	REL	6,24,39,57,9,36,3,48,2,16,17,34,4,8,45,18,7,56,42,21,15,60,30,33,52,11,44,13,14,28,5,40,27,54,62,31,35,49,25,38,20,10,19,50,32,1,53,43,51,12,41,37,59,55,46,29,58,23,61,47,26,22	29	1032	0	6	20	2	2	3.3492064	286.6054382	776	6	16	3.3492064	374.7700000
366	401520768036840535153217018050627982076	0.36599999999999999	REL	54,27,49,35,52,11,24,6,53,43,9,36,41,37,7,56,30,33,40,5,14,28,21,42,1,32,51,12,31,62,38,25,13,44,58,23,2,16,18,45,55,59,57,39,17,34,8,4,50,19,61,47,10,20,29,46,15,60,3,48,26,22	31	912	0	6	23	0	2	3.3492064	315.0028992	776	6	16	3.3492064	374.7700000
367	402617819315629716943253130121804561262	0.36699999999999999	REL	49,35,11,52,61,47,53,43,42,21,54,27,45,18,56,7,37,41,62,31,32,1,23,58,29,46,5,40,16,2,15,60,6,24,33,30,44,13,39,57,8,4,14,28,17,34,48,3,25,38,10,20,9,36,12,51,59,55,19,50,26,22	29	1144	0	6	1	2	2	3.3492064	257.4557495	776	6	16	3.3492064	374.7700000
368	403714870594418898733289242192981140448	0.36799999999999999	REL	14,28,20,10,1,32,37,41,5,40,47,61,13,44,57,39,21,42,19,50,49,35,3,48,55,59,4,8,31,62,36,9,17,34,24,6,15,60,25,38,53,43,27,54,18,45,51,12,56,7,16,2,23,58,30,33,46,29,11,52,26,22	30	1208	0	6	14	1	2	3.3492064	312.9204102	776	6	16	3.3492064	374.7700000
369	404811921873208080523325354264157719634	0.36899999999999999	REL	48,3,30,33,34,17,20,10,51,12,23,58,11,52,49,35,27,54,44,13,60,15,28,14,43,53,16,2,4,8,29,46,50,19,61,47,36,9,25,38,40,5,37,41,32,1,62,31,39,57,45,18,6,24,42,21,56,7,59,55,26,22	31	808	0	6	20	0	2	3.3492064	227.6122284	776	6	16	3.3492064	374.7700000
370	405908973151997262313361466335334298820	0.37	REL	57,39,9,36,14,28,4,8,15,60,41,37,6,24,32,1,62,31,43,53,48,3,11,52,29,46,34,17,20,10,19,50,51,12,23,58,33,30,45,18,38,25,35,49,5,40,61,47,44,13,2,16,27,54,21,42,59,55,7,56,26,22	31	1048	0	6	24	0	2	3.3492064	272.4980469	776	6	16	3.3492064	374.7700000
371	407006024430786444103397578406510878006	0.371	REL	29,46,17,34,51,12,21,42,47,61,7,56,54,27,8,4,48,3,5,40,13,44,20,10,19,50,25,38,33,30,45,18,49,35,39,57,36,9,16,2,32,1,41,37,52,11,28,14,62,31,24,6,60,15,59,55,43,53,23,58,26,22	30	1080	0	6	24	4	2	3.3492064	289.8809814	776	6	16	3.3492064	374.7700000
372	408103075709575625893433690477687457192	0.372	REL	52,11,37,41,1,32,10,20,55,59,44,13,21,42,39,57,33,30,14,28,35,49,58,23,48,3,54,27,45,18,38,25,51,12,6,24,16,2,40,5,19,50,53,43,46,29,17,34,8,4,31,62,56,7,47,61,9,36,15,60,26,22	31	1344	0	6	27	2	2	3.3492064	282.7308655	776	6	16	3.3492064	374.7700000
373	409200126988364807683469802548864036378	0.373	REL	3,48,15,60,37,41,12,51,9,36,53,43,8,4,14,28,1,32,24,6,5,40,2,16,61,47,30,33,42,21,27,54,57,39,59,55,49,35,52,11,13,44,46,29,56,7,10,20,34,17,45,18,38,25,23,58,50,19,31,62,26,22	29	1112	0	6	19	2	2	3.3492064	324.8267517	776	6	16	3.3492064	374.7700000
374	410297178267153989473505914620040615564	0.374	REL	10,20,17,34,23,58,49,35,11,52,5,40,53,43,26,22,54,27,60,15,41,37,29,46,6,24,61,47,55,59,28,14,56,7,30,33,3,48,1,32,18,45,13,44,19,50,57,39,62,31,21,42,4,8,36,9,51,12,16,2,38,25	31	872	0	6	23	4	2	3.3492064	333.3887024	776	6	16	3.3492064	374.7700000
375	411394229545943171263542026691217194750	0.375	REL	36,9,42,21,27,54,46,29,52,11,8,4,19,50,13,44,1,32,20,10,57,39,37,41,34,17,30,33,53,43,14,28,55,59,26,22,15,60,24,6,31,62,40,5,61,47,56,7,12,51,18,45,23,58,16,2,35,49,48,3,38,25	30	728	0	6	16	2	2	3.3492064	369.1341248	776	6	16	3.3492064	374.7700000
376	412491280824732353053578138762393773936	0.376	REL	10,20,53,43,33,30,56,7,18,45,59,55,6,24,46,29,9,36,16,2,51,12,11,52,4,8,34,17,15,60,37,41,50,19,3,48,1,32,22,26,42,21,35,49,47,61,39,57,27,54,62,31,44,13,28,14,58,23,40,5,38,25	30	744	0	6	22	0	2	3.3492064	279.0861206	776	6	16	3.3492064	374.7700000
377	413588332103521534843614250833570353122	0.377	REL	19,50,53,43,35,49,9,36,42,21,5,40,30,33,59,55,22,26,61,47,29,46,27,54,39,57,6,24,32,1,15,60,48,3,58,23,34,17,45,18,4,8,14,28,13,44,41,37,12,51,2,16,11,52,62,31,10,20,56,7,38,25	30	1256	0	6	19	2	2	3.3492064	321.6955872	776	6	16	3.3492064	374.7700000
378	414685383382310716633650362904746932308	0.378	REL	9,36,17,34,18,45,59,55,11,52,60,15,37,41,13,44,19,50,26,22,24,6,51,12,39,57,35,49,31,62,29,46,2,16,48,3,43,53,33,30,56,7,8,4,54,27,1,32,58,23,47,61,42,21,28,14,40,5,20,10,38,25	30	968	0	6	6	3	2	3.3492064	259.4945374	776	6	16	3.3492064	374.7700000
379	415782434661099898423686474975923511494	0.379	REL	24,6,29,46,62,31,45,18,39,57,53,43,26,22,15,60,50,19,10,20,54,27,35,49,9,36,34,17,51,12,37,41,4,8,30,33,56,7,55,59,2,16,47,61,32,1,48,3,14,28,13,44,5,40,58,23,21,42,52,11,38,25	31	832	0	6	17	0	2	3.3492064	325.1759033	776	6	16	3.3492064	374.7700000
380	416879485939889080213722587047100090680	0.38	REL	2,16,9,36,34,17,55,59,54,27,49,35,37,41,51,12,14,28,45,18,24,6,47,61,46,29,7,56,26,22,62,31,11,52,19,50,1,32,21,42,57,39,43,53,40,5,58,23,48,3,15,60,4,8,30,33,20,10,44,13,38,25	30	752	0	6	16	1	2	3.3492064	274.8235779	776	6	16	3.3492064	374.7700000
381	417976537218678262003758699118276669866	0.38100000000000001	REL	2,16,30,33,57,39,15,60,21,42,51,12,53,43,3,48,5,40,8,4,11,52,22,26,6,24,41,37,29,46,58,23,1,32,50,19,44,13,20,10,54,27,35,49,45,18,31,62,36,9,17,34,47,61,7,56,55,59,28,14,38,25	30	912	0	6	14	0	2	3.3492064	247.9940186	776	6	16	3.3492064	374.7700000
382	419073588497467443793794811189453249052	0.38200000000000001	REL	11,52,14,28,17,34,8,4,53,43,61,47,30,33,57,39,51,12,26,22,7,56,62,31,54,27,42,21,60,15,18,45,10,20,24,6,19,50,49,35,3,48,41,37,59,55,29,46,5,40,23,58,9,36,44,13,1,32,2,16,38,25	28	1320	0	6	25	1	2	3.3492064	326.1119995	776	6	16	3.3492064	374.7700000
383	420170639776256625583830923260629828238	0.38300000000000001	REL	51,12,52,11,56,7,49,35,28,14,5,40,33,30,21,42,55,59,48,3,32,1,53,43,37,41,61,47,9,36,22,26,4,8,29,46,44,13,17,34,20,10,27,54,39,57,45,18,24,6,31,62,60,15,23,58,16,2,50,19,38,25	30	912	0	6	7	2	2	3.3492064	312.7556458	776	6	16	3.3492064	374.7700000
384	421267691055045807373867035331806407424	0.38400000000000001	REL	24,6,47,61,15,60,27,54,19,50,11,52,53,43,31,62,14,28,59,55,56,7,12,51,32,1,22,26,46,29,34,17,2,16,21,42,36,9,5,40,45,18,8,4,37,41,3,48,57,39,58,23,30,33,35,49,13,44,10,20,38,25	31	1408	0	6	12	0	2	3.3492064	301.1830444	776	6	16	3.3492064	374.7700000
385	422364742333834989163903147402982986610	0.38500000000000001	REL	2,16,49,35,23,58,24,6,40,5,20,10,45,18,32,1,55,59,30,33,21,42,43,53,7,56,41,37,15,60,17,34,4,8,47,61,46,29,54,27,36,9,44,13,57,39,50,19,48,3,51,12,52,11,62,31,14,28,26,22,38,25	31	1064	0	6	31	1	2	3.3492064	310.7695923	776	6	16	3.3492064	374.7700000
386	423461793612624170953939259474159565796	0.38600000000000001	REL	46,29,17,34,11,52,53,43,51,12,21,42,4,8,48,3,60,15,55,59,9,36,24,6,19,50,2,16,33,30,54,27,31,62,40,5,10,20,44,13,37,41,61,47,22,26,32,1,56,7,14,28,45,18,35,49,39,57,58,23,38,25	28	656	0	6	5	3	2	3.3492064	332.2042542	776	6	16	3.3492064	374.7700000
387	424558844891413352743975371545336144982	0.38700000000000001	REL	7,56,12,51,21,42,60,15,43,53,24,6,3,48,32,1,16,2,22,26,35,49,23,58,59,55,37,41,27,54,9,36,34,17,33,30,5,40,18,45,8,4,29,46,31,62,57,39,11,52,13,44,61,47,10,20,19,50,14,28,38,25	30	1008	0	6	25	0	2	3.3492064	348.7459106	776	6	16	3.3492064	374.7700000
388	425655896170202534534011483616512724168	0.38800000000000001	REL	41,37,39,57,13,44,9,36,1,32,14,28,35,49,34,17,23,58,50,19,47,61,24,6,55,59,54,27,56,7,42,21,45,18,40,5,48,3,51,12,46,29,20,10,4,8,43,53,60,15,30,33,16,2,11,52,26,22,62,31,38,25	31	1112	0	6	17	1	2	3.3492064	298.1864319	776	6	16	3.3492064	374.7700000
389	426752947448991716324047595687689303354	0.38900000000000001	REL	46,29,55,59,10,20,15,60,26,22,49,35,28,14,44,13,45,18,43,53,62,31,39,57,32,1,7,56,51,12,27,54,17,34,36,9,2,16,58,23,3,48,21,42,40,5,19,50,52,11,8,4,47,61,37,41,24,6,30,33,38,25	30	1104	0	6	13	1	2	3.3492064	251.3418732	776	6	16	3.3492064	374.7700000
390	427849998727780898114083707758865882540	0.39000000000000001	REL	35,49,2,16,53,43,9,36,22,26,48,3,47,61,51,12,21,42,8,4,14,28,44,13,32,1,6,24,39,57,58,23,20,10,54,27,41,37,11,52,31,62,56,7,45,18,50,19,5,40,46,29,59,55,30,33,15,60,17,34,38,25	30	1064	0	6	16	1	2	3.3492064	284.2885742	776	6	16	3.3492064	374.7700000
391	428947050006570079904119819830042461726	0.39100000000000001	REL	48,3,60,15,4,8,13,44,1,32,57,39,20,10,28,14,59,55,47,61,29,46,45,18,42,21,54,27,33,30,2,16,58,23,7,56,51,12,17,34,36,9,53,43,31,62,49,35,19,50,24,6,26,22,52,11,40,5,41,37,38,25	31	1088	0	6	27	0	2	3.3492064	273.8082275	776	6	16	3.3492064	374.7700000
392	430044101285359261694155931901219040912	0.39200000000000002	REL	35,49,56,7,32,1,22,26,12,51,37,41,16,2,23,58,34,17,29,46,43,53,50,19,9,36,13,44,14,28,59,55,30,33,42,21,57,39,24,6,4,8,31,62,61,47,3,48,52,11,18,45,15,60,54,27,20,10,5,40,38,25	29	960	0	6	22	1	2	3.3492064	295.9395142	776	6	16	3.3492064	374.7700000
393	431141152564148443484192043972395620098	0.39300000000000002	REL	34,17,53,43,20,10,56,7,2,16,60,15,47,61,57,39,11,52,62,31,44,13,6,24,36,9,45,18,32,1,51,12,58,23,50,19,29,46,3,48,26,22,14,28,5,40,54,27,42,21,55,59,33,30,8,4,35,49,37,41,38,25	29	704	0	6	23	2	3	3.3492064	254.2951050	776	6	16	3.3492064	374.7700000
394	432238203842937625274228156043572199284	0.39400000000000002	REL	49,35,52,11,7,56,47,61,20,10,36,9,21,42,33,30,34,17,55,59,62,31,12,51,16,2,1,32,45,18,5,40,60,15,6,24,8,4,46,29,26,22,41,37,50,19,3,48,54,27,39,57,13,44,28,14,58,23,53,43,38,25	30	1104	0	6	15	2	2	3.3492064	254.7631073	776	6	16	3.3492064	374.7700000
395	433335255121726807064264268114748778470	0.39500000000000002	REL	27,54,24,6,31,62,2,16,17,34,47,61,57,39,15,60,50,19,33,30,58,23,5,40,26,22,36,9,46,29,7,56,10,20,43,53,51,12,52,11,21,42,45,18,1,32,3,48,35,49,41,37,4,8,14,28,55,59,13,44,38,25	29	872	0	6	17	3	2	3.3492064	274.0491333	776	6	16	3.3492064	374.7700000
396	434432306400515988854300380185925357656	0.39600000000000002	REL	22,26,48,3,39,57,30,33,55,59,50,19,24,6,28,14,54,27,36,9,23,58,47,61,13,44,16,2,15,60,40,5,4,8,35,49,18,45,52,11,1,32,41,37,62,31,51,12,21,42,56,7,34,17,10,20,53,43,29,46,38,25	31	664	0	6	9	1	2	3.3492064	328.1188965	776	6	16	3.3492064	374.7700000
397	435529357679305170644336492257101936842	0.39700000000000002	REL	19,50,46,29,54,27,6,24,8,4,60,15,30,33,57,39,2,16,32,1,11,52,12,51,20,10,13,44,14,28,47,61,45,18,5,40,35,49,42,21,7,56,9,36,55,59,37,41,22,26,17,34,62,31,53,43,58,23,3,48,38,25	30	1272	0	6	8	2	2	3.3492064	281.0698547	776	6	16	3.3492064	374.7700000
398	436626408958094352434372604328278516028	0.39800000000000002	REL	41,37,26,22,46,29,48,3,53,43,8,4,45,18,33,30,20,10,44,13,59,55,23,58,40,5,15,60,42,21,7,56,57,39,14,28,47,61,49,35,52,11,34,17,9,36,62,31,54,27,12,51,16,2,32,1,24,6,19,50,38,25	30	720	0	6	23	0	2	3.3492064	349.2648926	776	6	16	3.3492064	374.7700000
399	437723460236883534224408716399455095214	0.39900000000000002	REL	3,48,53,43,41,37,20,10,31,62,1,32,45,18,54,27,5,40,24,6,52,11,55,59,49,35,7,56,28,14,60,15,19,50,30,33,17,34,26,22,44,13,29,46,23,58,61,47,2,16,42,21,36,9,4,8,57,39,12,51,38,25	28	920	0	6	20	2	2	3.3492064	379.2033081	776	6	16	3.3492064	374.7700000
400	438820511515672716014444828470631674400	0.40000000000000002	REL	6,24,54,27,35,49,2,16,62,31,45,18,26,22,3,48,15,60,12,51,58,23,14,28,55,59,56,7,41,37,21,42,9,36,30,33,32,1,29,46,4,8,44,13,47,61,40,5,52,11,17,34,19,50,57,39,20,10,43,53,38,25	31	1024	0	6	9	1	2	3.3492064	277.5834045	776	6	16	3.3492064	374.7700000
401	439917562794461897804480940541808253586	0.40100000000000002	REL	50,19,8,4,30,33,23,58,14,28,35,49,36,9,32,1,11,52,22,26,43,53,29,46,42,21,62,31,45,18,48,3,47,61,15,60,10,20,40,5,12,51,17,34,6,24,13,44,39,57,41,37,54,27,16,2,56,7,59,55,38,25	30	1160	0	6	30	1	2	3.3492064	318.0249634	776	6	16	3.3492064	374.7700000
402	441014614073251079594517052612984832772	0.40200000000000002	REL	13,44,33,30,21,42,10,20,43,53,29,46,40,5,16,2,8,4,28,14,34,17,54,27,22,26,23,58,3,48,6,24,61,47,41,37,15,60,59,55,18,45,57,39,19,50,62,31,49,35,52,11,32,1,9,36,12,51,7,56,38,25	30	848	0	6	5	0	2	3.3492064	264.4802246	776	6	16	3.3492064	374.7700000
403	442111665352040261384553164684161411958	0.40300000000000002	REL	53,43,5,40,50,19,14,28,35,49,24,6,16,2,9,36,33,30,61,47,23,58,48,3,10,20,52,11,39,57,13,44,29,46,60,15,42,21,31,62,37,41,45,18,1,32,7,56,8,4,22,26,34,17,51,12,54,27,55,59,38,25	31	792	0	6	25	0	2	3.3492064	253.2805634	776	6	16	3.3492064	374.7700000
404	443208716630829443174589276755337991144	0.40400000000000003	REL	52,11,40,5,33,30,45,18,4,8,55,59,19,50,27,54,57,39,13,44,49,35,37,41,7,56,34,17,16,2,58,23,36,9,3,48,21,42,1,32,12,51,53,43,14,28,20,10,6,24,29,46,31,62,26,22,47,61,15,60,38,25	31	960	0	6	13	0	2	3.3492064	257.4241333	776	6	16	3.3492064	374.7700000
405	444305767909618624964625388826514570330	0.40500000000000003	REL	26,22,21,42,16,2,51,12,46,29,27,54,6,24,45,18,11,52,17,34,53,43,59,55,8,4,23,58,44,13,5,40,15,60,32,1,10,20,49,35,57,39,50,19,28,14,37,41,3,48,36,9,30,33,7,56,61,47,31,62,38,25	28	1048	0	6	23	2	2	3.3492064	273.7373657	776	6	16	3.3492064	374.7700000
406	445402819188407806754661500897691149516	0.40600000000000003	REL	42,21,57,39,15,60,44,13,49,35,58,23,4,8,29,46,32,1,62,31,61,47,12,51,5,40,53,43,19,50,3,48,18,45,7,56,10,20,6,24,54,27,14,28,11,52,25,38,36,9,17,34,33,30,59,55,37,41,16,2,22,26	28	1104	0	6	31	1	2	3.3492064	328.8525085	776	6	16	3.3492064	374.7700000
407	446499870467196988544697612968867728702	0.40699999999999997	REL	20,10,3,48,5,40,50,19,31,62,1,32,47,61,21,42,34,17,28,14,18,45,27,54,59,55,57,39,29,46,7,56,25,38,37,41,24,6,52,11,33,30,36,9,2,16,58,23,12,51,35,49,13,44,43,53,60,15,8,4,22,26	30	1472	0	6	29	1	2	3.3492064	286.9074707	776	6	16	3.3492064	374.7700000
408	447596921745986170334733725040044307888	0.40799999999999997	REL	13,44,48,3,55,59,37,41,46,29,7,56,24,6,14,28,25,38,33,30,58,23,9,36,45,18,8,4,49,35,52,11,42,21,15,60,50,19,2,16,47,61,32,1,12,51,54,27,57,39,17,34,10,20,31,62,43,53,40,5,22,26	31	1280	0	6	19	2	2	3.3492064	258.5507507	776	6	16	3.3492064	374.7700000
409	448693973024775352124769837111220887074	0.40899999999999997	REL	17,34,54,27,41,37,21,42,36,9,59,55,57,39,10,20,58,23,24,6,62,31,52,11,33,30,50,19,8,4,2,16,47,61,28,14,18,45,48,3,40,5,49,35,32,1,43,53,38,25,51,12,13,44,29,46,15,60,56,7,22,26	28	1112	0	6	29	1	3	3.3492064	261.3109131	776	6	16	3.3492064	374.7700000
410	449791024303564533914805949182397466260	0.40999999999999998	REL	1,32,62,31,15,60,21,42,47,61,14,28,53,43,38,25,5,40,54,27,56,7,51,12,23,58,24,6,52,11,13,44,2,16,30,33,9,36,18,45,57,39,19,50,59,55,48,3,49,35,37,41,8,4,17,34,29,46,20,10,22,26	30	912	0	6	12	1	2	3.3492064	346.6694031	776	6	16	3.3492064	374.7700000
411	450888075582353715704842061253574045446	0.41099999999999998	REL	3,48,60,15,54,27,46,29,11,52,24,6,39,57,8,4,42,21,7,56,41,37,2,16,14,28,18,45,40,5,55,59,33,30,61,47,35,49,44,13,36,9,32,1,53,43,20,10,58,23,50,19,17,34,38,25,62,31,51,12,22,26	29	872	0	6	18	3	2	3.3492064	349.9537354	776	6	16	3.3492064	374.7700000
412	451985126861142897494878173324750624632	0.41199999999999998	REL	3,48,60,15,35,49,45,18,57,39,6,24,50,19,53,43,20,10,4,8,32,1,38,25,31,62,47,61,5,40,17,34,16,2,37,41,58,23,13,44,21,42,54,27,59,55,11,52,46,29,36,9,33,30,56,7,51,12,28,14,22,26	30	744	0	6	23	1	2	3.3492064	218.5439606	776	6	16	3.3492064	374.7700000
413	453082178139932079284914285395927203818	0.41299999999999998	REL	42,21,54,27,59,55,8,4,37,41,29,46,57,39,49,35,52,11,61,47,62,31,17,34,51,12,53,43,40,5,44,13,24,6,45,18,7,56,28,14,23,58,9,36,48,3,10,20,16,2,32,1,38,25,30,33,19,50,60,15,22,26	30	1144	0	6	18	0	2	3.3492064	306.4660339	776	6	16	3.3492064	374.7700000
414	454179229418721261074950397467103783004	0.41399999999999998	REL	54,27,16,2,19,50,57,39,21,42,61,47,58,23,49,35,40,5,41,37,12,51,43,53,36,9,15,60,48,3,46,29,13,44,24,6,14,28,4,8,38,25,62,31,32,1,10,20,7,56,59,55,11,52,18,45,33,30,34,17,22,26	29	912	0	6	28	2	2	3.3492064	277.8481445	776	6	16	3.3492064	374.7700000
415	455276280697510442864986509538280362190	0.41499999999999998	REL	9,36,48,3,41,37,35,49,5,40,44,13,52,11,8,4,39,57,10,20,27,54,31,62,32,1,7,56,34,17,2,16,47,61,23,58,14,28,55,59,53,43,15,60,51,12,42,21,29,46,24,6,18,45,25,38,30,33,50,19,22,26	31	1312	0	6	12	1	2	3.3492064	325.7452393	776	6	16	3.3492064	374.7700000
416	456373331976299624655022621609456941376	0.41599999999999998	REL	28,14,1,32,33,30,13,44,48,3,25,38,2,16,59,55,27,54,37,41,10,20,46,29,34,17,35,49,58,23,6,24,12,51,40,5,31,62,39,57,18,45,36,9,15,60,4,8,11,52,19,50,56,7,61,47,53,43,42,21,22,26	30	1352	0	6	19	2	2	3.3492064	304.3985901	776	6	16	3.3492064	374.7700000
417	457470383255088806445058733680633520562	0.41699999999999998	REL	42,21,35,49,40,5,37,41,15,60,18,45,36,9,32,1,16,2,28,14,11,52,30,33,47,61,39,57,17,34,58,23,13,44,19,50,59,55,51,12,31,62,10,20,3,48,4,8,25,38,56,7,29,46,54,27,53,43,6,24,22,26	29	1176	0	6	22	0	2	3.3492064	284.9084167	776	6	16	3.3492064	374.7700000
418	458567434533877988235094845751810099748	0.41799999999999998	REL	37,41,50,19,21,42,35,49,17,34,18,45,33,30,57,39,11,52,5,40,15,60,55,59,25,38,44,13,32,1,10,20,43,53,56,7,2,16,6,24,61,47,3,48,46,29,58,23,51,12,8,4,62,31,9,36,14,28,54,27,22,26	31	1240	0	6	10	0	2	3.3492064	279.7201538	776	6	16	3.3492064	374.7700000
419	459664485812667170025130957822986678934	0.41899999999999998	REL	24,6,13,44,58,23,38,25,28,14,18,45,12,51,62,31,41,37,5,40,9,36,47,61,55,59,42,21,35,49,7,56,11,52,48,3,30,33,60,15,39,57,50,19,1,32,20,10,53,43,54,27,16,2,17,34,8,4,46,29,22,26	31	1176	0	6	7	1	2	3.3492064	359.7248535	776	6	16	3.3492064	374.7700000
420	460761537091456351815167069894163258120	0.41999999999999998	REL	41,37,34,17,11,52,59,55,23,58,19,50,39,57,25,38,56,7,54,27,8,4,48,3,43,53,6,24,49,35,18,45,5,40,9,36,12,51,47,61,46,29,20,10,30,33,60,15,42,21,14,28,16,2,44,13,32,1,62,31,22,26	28	1176	0	6	30	4	2	3.3492064	305.4881897	776	6	16	3.3492064	374.7700000
421	461858588370245533605203181965339837306	0.42099999999999999	REL	36,9,25,38,16,2,48,3,60,15,6,24,19,50,49,35,41,37,46,29,18,45,21,42,51,12,7,56,4,8,43,53,31,62,14,28,58,23,20,10,34,17,5,40,39,57,61,47,30,33,52,11,44,13,27,54,59,55,1,32,22,26	27	1320	1	6	20	1	2	3.3492064	253.1273956	776	6	16	3.3492064	374.7700000
422	462955639649034715395239294036516416492	0.42199999999999999	REL	52,11,47,61,37,41,27,54,4,8,12,51,34,17,7,56,55,59,1,32,39,57,43,53,40,5,28,14,29,46,38,25,23,58,2,16,3,48,24,6,20,10,18,45,62,31,42,21,44,13,50,19,30,33,60,15,9,36,49,35,22,26	31	1152	0	6	15	0	2	3.3492064	306.3192749	776	6	16	3.3492064	374.7700000
423	464052690927823897185275406107692995678	0.42299999999999999	REL	51,12,62,31,54,27,56,7,30,33,53,43,19,50,23,58,24,6,18,45,32,1,10,20,52,11,17,34,60,15,29,46,38,25,5,40,48,3,36,9,42,21,16,2,39,57,47,61,35,49,28,14,55,59,4,8,44,13,41,37,22,26	30	728	0	6	15	2	2	3.3492064	359.6382751	776	6	16	3.3492064	374.7700000
424	465149742206613078975311518178869574864	0.42399999999999999	REL	25,38,53,43,27,54,21,42,56,7,8,4,31,62,46,29,34,17,55,59,52,11,51,12,20,10,6,24,18,45,14,28,19,50,33,30,36,9,2,16,44,13,61,47,37,41,15,60,49,35,5,40,58,23,1,32,48,3,57,39,22,26	30	800	0	6	29	3	2	3.3492064	271.1798401	776	6	16	3.3492064	374.7700000
425	466246793485402260765347630250046154050	0.42499999999999999	REL	16,2,19,50,4,8,34,17,58,23,52,11,18,45,51,12,20,10,13,44,54,27,14,28,21,42,46,29,6,24,32,1,56,7,31,62,43,53,25,38,3,48,39,57,55,59,61,47,35,49,40,5,30,33,9,36,60,15,37,41,22,26	31	1136	0	6	11	0	2	3.3492064	276.6767578	776	6	16	3.3492064	374.7700000
426	467343844764191442555383742321222733236	0.42599999999999999	REL	48,3,57,39,4,8,44,13,27,54,7,56,51,12,24,6,5,40,47,61,2,16,41,37,53,43,31,62,49,35,18,45,28,14,55,59,25,38,10,20,19,50,30,33,60,15,11,52,34,17,23,58,36,9,29,46,32,1,21,42,22,26	31	1184	0	6	16	1	2	3.3492064	248.5155945	776	6	16	3.3492064	374.7700000
427	468440896042980624345419854392399312422	0.42699999999999999	REL	27,54,24,6,60,15,61,47,59,55,51,12,42,21,39,57,37,41,38,25,17,34,33,30,19,50,35,49,16,2,13,44,20,10,4,8,31,62,28,14,43,53,56,7,52,11,23,58,5,40,9,36,45,18,48,3,32,1,29,46,22,26	31	1176	0	6	31	1	2	3.3492064	212.4715881	776	6	16	3.3492064	374.7700000
428	469537947321769806135455966463575891608	0.42799999999999999	REL	24,6,13,44,46,29,58,23,28,14,40,5,17,34,1,32,38,25,11,52,12,51,35,49,4,8,31,62,20,10,59,55,43,53,36,9,60,15,48,3,39,57,42,21,45,18,27,54,56,7,50,19,33,30,16,2,37,41,61,47,22,26	31	648	0	6	22	1	2	3.3492064	311.5816040	776	6	16	3.3492064	374.7700000
429	470634998600558987925492078534752470794	0.42899999999999999	REL	46,29,27,54,24,6,62,31,55,59,57,39,20,10,48,3,21,42,2,16,1,32,43,53,19,50,8,4,56,7,36,9,61,47,33,30,60,15,11,52,12,51,18,45,25,38,5,40,23,58,14,28,44,13,41,37,34,17,35,49,22,26	29	864	0	6	24	2	2	3.3492064	305.2370911	776	6	16	3.3492064	374.7700000
430	471732049879348169715528190605929049980	0.42999999999999999	REL	14,28,19,50,34,17,46,29,25,38,23,58,48,3,47,61,20,10,59,55,45,18,54,27,24,6,37,41,35,49,11,52,13,44,1,32,8,4,2,16,57,39,60,15,36,9,5,40,62,31,53,43,33,30,42,21,56,7,12,51,22,26	30	1168	0	6	23	0	2	3.3492064	297.9610291	776	6	16	3.3492064	374.7700000
431	472829101158137351505564302677105629166	0.43099999999999999	REL	1,32,58,23,17,34,4,8,3,48,53,43,36,9,44,13,62,31,20,10,56,7,30,33,21,42,25,38,55,59,24,6,57,39,29,46,45,18,60,15,54,27,61,47,51,12,14,28,50,19,2,16,49,35,37,41,5,40,11,52,22,26	30	992	0	6	10	1	2	3.3492064	281.0194092	776	6	16	3.3492064	374.7700000
432	473926152436926533295600414748282208352	0.432	REL	52,11,35,49,38,25,5,40,16,2,37,41,58,23,34,17,46,29,44,13,43,53,45,18,1,32,59,55,30,33,9,36,50,19,42,21,61,47,28,14,62,31,57,39,12,51,3,48,4,8,60,15,7,56,10,20,6,24,27,54,22,26	30	1032	0	6	24	0	2	3.3492064	254.1231995	776	6	16	3.3492064	374.7700000
433	475023203715715715085636526819458787538	0.433	REL	41,37,17,34,2,16,8,4,61,47,33,30,60,15,42,21,59,55,52,11,27,54,40,5,49,35,10,20,31,62,1,32,45,18,58,23,53,43,46,29,24,6,50,19,48,3,25,38,44,13,57,39,12,51,36,9,14,28,7,56,22,26	30	1008	0	6	23	2	2	3.3492064	245.4005890	776	6	16	3.3492064	374.7700000
434	476120254994504896875672638890635366724	0.434	REL	24,6,8,4,18,45,11,52,44,13,21,42,28,14,31,62,29,46,61,47,23,58,60,15,27,54,48,3,19,50,7,56,17,34,41,37,25,38,1,32,36,9,49,35,57,39,43,53,10,20,2,16,51,12,33,30,40,5,55,59,22,26	31	1240	0	6	19	0	2	3.3492064	322.6726685	776	6	16	3.3492064	374.7700000
435	477217306273294078665708750961811945910	0.435	REL	38,25,24,6,23,58,31,62,55,59,17,34,7,56,12,51,10,20,27,54,57,39,19,50,16,2,35,49,9,36,61,47,13,44,40,5,43,53,41,37,28,14,1,32,42,21,52,11,45,18,33,30,46,29,4,8,3,48,15,60,22,26	31	1040	0	6	18	3	2	3.3492064	275.4497375	776	6	16	3.3492064	374.7700000
436	478314357552083260455744863032988525096	0.436	REL	44,13,59,55,50,19,29,46,48,3,9,36,27,54,18,45,52,11,57,39,61,47,60,15,4,8,28,14,16,2,1,32,53,43,35,49,24,6,17,34,20,10,7,56,58,23,5,40,30,33,42,21,25,38,51,12,37,41,31,62,22,26	31	616	0	6	14	0	2	3.3492064	295.3889465	776	6	16	3.3492064	374.7700000
437	479411408830872442245780975104165104282	0.437	REL	57,39,54,27,33,30,31,62,1,32,50,19,3,48,36,9,42,21,59,55,15,60,29,46,6,24,20,10,45,18,52,11,58,23,61,47,22,26,40,5,35,49,8,4,53,43,56,7,51,12,38,25,44,13,37,41,17,34,16,2,14,28	30	944	0	6	28	1	2	3.3492064	404.2358398	776	6	16	3.3492064	374.7700000
438	480508460109661624035817087175341683468	0.438	REL	22,26,34,17,43,53,1,32,13,44,42,21,38,25,33,30,61,47,62,31,39,57,40,5,58,23,6,24,29,46,7,56,2,16,27,54,10,20,15,60,41,37,51,12,48,3,59,55,19,50,49,35,45,18,11,52,36,9,8,4,14,28	30	912	0	6	29	1	2	3.3492064	275.6752625	776	6	16	3.3492064	374.7700000
439	481605511388450805825853199246518262654	0.439	REL	30,33,15,60,59,55,54,27,24,6,9,36,39,57,50,19,7,56,34,17,61,47,23,58,41,37,26,22,44,13,2,16,4,8,18,45,51,12,32,1,20,10,43,53,48,3,25,38,62,31,11,52,29,46,42,21,35,49,40,5,14,28	30	776	0	6	6	0	2	3.3492064	231.5301056	776	6	16	3.3492064	374.7700000
440	482702562667239987615889311317694841840	0.44	REL	13,44,33,30,42,21,27,54,50,19,5,40,48,3,29,46,34,17,45,18,11,52,32,1,41,37,2,16,31,62,24,6,57,39,49,35,10,20,15,60,58,23,59,55,61,47,8,4,12,51,25,38,26,22,36,9,43,53,56,7,14,28	30	888	0	6	14	1	2	3.3492064	325.4731445	776	6	16	3.3492064	374.7700000
441	483799613946029169405925423388871421026	0.441	REL	38,25,13,44,10,20,43,53,48,3,47,61,33,30,55,59,57,39,23,58,15,60,42,21,50,19,26,22,24,6,40,5,31,62,46,29,12,51,45,18,54,27,1,32,7,56,2,16,37,41,11,52,4,8,17,34,49,35,36,9,14,28	29	848	0	6	24	1	2	3.3492064	364.0753479	776	6	16	3.3492064	374.7700000
442	484896665224818351195961535460048000212	0.442	REL	21,42,8,4,23,58,45,18,9,36,35,49,16,2,40,5,10,20,60,15,24,6,44,13,27,54,31,62,55,59,3,48,30,33,7,56,17,34,32,1,12,51,29,46,37,41,22,26,57,39,53,43,47,61,50,19,25,38,52,11,14,28	31	1088	0	6	15	1	2	3.3492064	277.8244019	776	6	16	3.3492064	374.7700000
443	485993716503607532985997647531224579398	0.443	REL	6,24,36,9,19,50,35,49,54,27,1,32,43,53,41,37,15,60,46,29,5,40,18,45,10,20,56,7,23,58,39,57,62,31,52,11,25,38,34,17,3,48,21,42,16,2,33,30,55,59,4,8,22,26,51,12,61,47,44,13,14,28	31	1144	0	6	13	0	2	3.3492064	288.1291199	776	6	16	3.3492064	374.7700000
444	487090767782396714776033759602401158584	0.44400000000000001	REL	51,12,33,30,47,61,59,55,57,39,49,35,42,21,41,37,46,29,44,13,7,56,25,38,19,50,2,16,52,11,15,60,5,40,62,31,3,48,8,4,10,20,43,53,54,27,26,22,36,9,23,58,34,17,6,24,32,1,45,18,14,28	27	1120	0	6	19	3	2	3.3492064	298.5261230	776	6	16	3.3492064	374.7700000
445	488187819061185896566069871673577737770	0.44500000000000001	REL	35,49,25,38,7,56,36,9,27,54,6,24,2,16,17,34,44,13,42,21,15,60,62,31,32,1,26,22,46,29,55,59,37,41,61,47,23,58,11,52,18,45,39,57,8,4,10,20,33,30,53,43,48,3,51,12,5,40,50,19,14,28	31	1016	0	6	30	0	2	3.3492064	329.2879333	776	6	16	3.3492064	374.7700000
446	489284870339975078356105983744754316956	0.44600000000000001	REL	50,19,38,25,56,7,36,9,27,54,29,46,32,1,16,2,11,52,22,26,35,49,60,15,5,40,37,41,48,3,23,58,43,53,34,17,30,33,4,8,55,59,57,39,61,47,6,24,51,12,44,13,20,10,62,31,45,18,42,21,14,28	31	952	0	6	23	0	2	3.3492064	311.0506592	776	6	16	3.3492064	374.7700000
447	490381921618764260146142095815930896142	0.44700000000000001	REL	57,39,61,47,62,31,32,1,21,42,3,48,53,43,25,38,11,52,50,19,41,37,13,44,54,27,8,4,33,30,22,26,60,15,35,49,18,45,5,40,17,34,59,55,51,12,9,36,7,56,2,16,10,20,29,46,24,6,58,23,14,28	30	1136	0	6	22	3	2	3.3492064	288.8966980	776	6	16	3.3492064	374.7700000
448	491478972897553441936178207887107475328	0.44800000000000001	REL	33,30,27,54,44,13,50,19,47,61,58,23,29,46,62,31,16,2,1,32,10,20,56,7,53,43,38,25,52,11,26,22,60,15,57,39,42,21,4,8,35,49,17,34,40,5,41,37,3,48,12,51,45,18,55,59,9,36,6,24,14,28	31	928	0	6	24	1	2	3.3492064	299.4743042	776	6	16	3.3492064	374.7700000
449	492576024176342623726214319958284054514	0.44900000000000001	REL	40,5,38,25,7,56,42,21,61,47,60,15,37,41,32,1,59,55,46,29,34,17,4,8,44,13,12,51,19,50,39,57,58,23,48,3,36,9,53,43,31,62,11,52,30,33,18,45,35,49,54,27,2,16,10,20,6,24,22,26,14,28	30	1024	0	6	27	0	2	3.3492064	300.0097961	776	6	16	3.3492064	374.7700000
450	493673075455131805516250432029460633700	0.45000000000000001	REL	46,29,20,10,16,2,5,40,58,23,60,15,18,45,25,38,32,1,47,61,53,43,34,17,48,3,24,6,21,42,57,39,13,44,9,36,49,35,19,50,30,33,4,8,62,31,52,11,41,37,26,22,7,56,12,51,55,59,54,27,14,28	29	704	0	6	7	2	2	3.3492064	277.6438904	776	6	16	3.3492064	374.7700000
451	494770126733920987306286544100637212886	0.45100000000000001	REL	40,5,38,25,12,51,61,47,6,24,17,34,4,8,46,29,18,45,37,41,19,50,3,48,26,22,15,60,58,23,9,36,27,54,10,20,7,56,2,16,59,55,49,35,13,44,57,39,32,1,21,42,11,52,62,31,43,53,33,30,14,28	29	864	0	6	15	2	2	3.3492064	294.6452026	776	6	16	3.3492064	374.7700000
452	495867178012710169096322656171813792072	0.45200000000000001	REL	8,4,21,42,7,56,27,54,6,24,2,16,25,38,20,10,60,15,48,3,13,44,30,33,46,29,45,18,49,35,40,5,57,39,52,11,41,37,43,53,17,34,59,55,58,23,36,9,19,50,51,12,26,22,62,31,61,47,1,32,14,28	30	1168	0	6	25	2	2	3.3492064	301.4808655	776	6	16	3.3492064	374.7700000
453	496964229291499350886358768242990371258	0.45300000000000001	REL	45,18,59,55,56,7,22,26,40,5,58,23,20,10,9,36,53,43,2,16,6,24,4,8,34,17,1,32,50,19,41,37,52,11,62,31,21,42,48,3,38,25,60,15,47,61,51,12,46,29,44,13,33,30,39,57,54,27,49,35,14,28	31	864	0	6	1	0	2	3.3492064	258.5625610	776	6	16	3.3492064	374.7700000
454	498061280570288532676394880314166950444	0.45400000000000001	REL	50,19,26,22,17,34,29,46,57,39,40,5,23,58,36,9,3,48,54,27,20,10,62,31,30,33,47,61,15,60,44,13,25,38,53,43,1,32,7,56,59,55,45,18,11,52,24,6,35,49,21,42,51,12,2,16,8,4,41,37,14,28	28	928	0	6	26	3	2	3.3492064	268.6620789	776	6	16	3.3492064	374.7700000
455	499158331849077714466430992385343529630	0.45500000000000002	REL	33,30,60,15,24,6,16,2,3,48,26,22,5,40,62,31,32,1,4,8,57,39,37,41,19,50,10,20,51,12,34,17,59,55,18,45,11,52,46,29,53,43,36,9,44,13,42,21,61,47,7,56,35,49,27,54,23,58,25,38,14,28	30	808	0	6	29	1	2	3.3492064	289.9560242	776	6	16	3.3492064	374.7700000
456	500255383127866896256467104456520108816	0.45600000000000002	REL	21,42,62,31,9,36,45,18,22,26,60,15,58,23,24,6,37,41,13,44,48,3,10,20,55,59,4,8,61,47,25,38,51,12,1,32,2,16,53,43,29,46,30,33,7,56,19,50,49,35,39,57,11,52,17,34,54,27,5,40,14,28	31	1072	0	6	17	0	2	3.3492064	277.9479675	776	6	16	3.3492064	374.7700000
457	501352434406656078046503216527696688002	0.45700000000000002	REL	24,6,17,34,57,39,47,61,58,23,49,35,52,11,8,4,18,45,31,62,1,32,40,5,30,33,44,13,36,9,2,16,54,27,43,53,59,55,15,60,48,3,37,41,56,7,22,26,38,25,50,19,20,10,46,29,51,12,21,42,14,28	28	896	0	6	4	5	2	3.3492064	253.2485199	776	6	16	3.3492064	374.7700000
458	502449485685445259836539328598873267188	0.45800000000000002	REL	40,5,25,38,41,37,12,51,31,62,55,59,7,56,9,36,23,58,57,39,24,6,16,2,1,32,47,61,35,49,52,11,8,4,10,20,46,29,18,45,44,13,27,54,42,21,15,60,22,26,30,33,34,17,3,48,19,50,53,43,14,28	30	928	0	6	6	0	2	3.3492064	295.4308777	776	6	16	3.3492064	374.7700000
459	503546536964234441626575440670049846374	0.45900000000000002	REL	19,50,44,13,31,62,24,6,35,49,56,7,16,2,10,20,38,25,51,12,26,22,1,32,61,47,37,41,5,40,11,52,55,59,43,53,23,58,3,48,42,21,30,33,46,29,34,17,4,8,15,60,39,57,9,36,54,27,18,45,14,28	30	800	0	6	9	4	2	3.3492064	262.1906433	776	6	16	3.3492064	374.7700000
460	504643588243023623416611552741226425560	0.46000000000000002	REL	50,19,54,27,46,29,34,17,11,52,16,2,43,53,12,51,20,10,15,60,42,21,25,38,56,7,41,37,9,36,23,58,6,24,26,22,39,57,59,55,18,45,49,35,32,1,4,8,44,13,40,5,31,62,48,3,33,30,61,47,14,28	31	936	0	6	13	0	2	3.3492064	250.4029388	776	6	16	3.3492064	374.7700000
461	505740639521812805206647664812403004746	0.46100000000000002	REL	45,18,6,24,41,37,23,58,52,11,51,12,46,29,31,62,19,50,16,2,27,54,39,57,42,21,3,48,22,26,40,5,33,30,36,9,44,13,20,10,32,1,56,7,59,55,61,47,8,4,38,25,53,43,15,60,17,34,35,49,14,28	30	1008	0	6	26	1	2	3.3492064	324.6628418	776	6	16	3.3492064	374.7700000
462	506837690800601986996683776883579583932	0.46200000000000002	REL	41,37,3,48,52,11,40,5,36,9,58,23,25,38,7,56,61,47,33,30,51,12,42,21,16,2,27,54,49,35,45,18,29,46,53,43,59,55,60,15,6,24,17,34,10,20,32,1,22,26,57,39,31,62,8,4,13,44,19,50,14,28	30	824	0	6	27	1	2	3.3492064	254.5519104	776	6	16	3.3492064	374.7700000
463	507934742079391168786719888954756163118	0.46300000000000002	REL	26,22,11,52,39,57,34,17,48,3,55,59,62,31,7,56,37,41,47,61,32,1,43,53,10,20,36,9,25,38,12,51,49,35,46,29,23,58,16,2,40,5,6,24,44,13,19,50,8,4,45,18,42,21,60,15,30,33,27,54,14,28	29	1064	0	6	18	1	2	3.3492064	339.0593262	776	6	16	3.3492064	374.7700000
464	509031793358180350576756001025932742304	0.46400000000000002	REL	48,3,31,62,18,45,17,34,10,20,21,42,54,27,36,9,12,51,57,39,43,53,58,23,4,8,40,5,47,61,24,6,37,41,15,60,26,22,35,49,55,59,38,25,2,16,1,32,46,29,52,11,44,13,30,33,50,19,7,56,14,28	27	864	1	6	27	0	2	3.3492064	311.5204468	776	6	16	3.3492064	374.7700000
465	510128844636969532366792113097109321490	0.46500000000000002	REL	26,22,38,25,17,34,36,9,21,42,18,45,43,53,57,39,48,3,55,59,27,54,56,7,35,49,62,31,32,1,6,24,44,13,4,8,46,29,19,50,2,16,61,47,5,40,30,33,20,10,12,51,52,11,37,41,15,60,23,58,14,28	30	1088	0	6	19	1	2	3.3492064	300.0417480	776	6	16	3.3492064	374.7700000
466	511225895915758714156828225168285900676	0.46600000000000003	REL	43,53,58,23,48,3,12,51,47,61,46,29,34,17,41,37,57,39,27,54,2,16,36,9,32,1,35,49,19,50,6,24,25,38,5,40,56,7,44,13,11,52,62,31,20,10,33,30,18,45,8,4,22,26,59,55,21,42,15,60,14,28	30	1080	0	6	10	2	2	3.3492064	297.1641235	776	6	16	3.3492064	374.7700000
467	512322947194547895946864337239462479862	0.46700000000000003	REL	3,48,9,36,6,24,21,42,51,12,47,61,25,38,23,58,22,26,56,7,44,13,59,55,33,30,60,15,8,4,2,16,53,43,41,37,11,52,17,34,5,40,39,57,29,46,18,45,35,49,54,27,19,50,20,10,1,32,31,62,14,28	29	1040	0	6	26	2	2	3.3492064	273.1624451	776	6	16	3.3492064	374.7700000
468	513419998473337077736900449310639059048	0.46800000000000003	REL	33,30,48,3,19,50,37,41,35,49,13,44,57,39,22,26,20,10,58,23,17,34,36,9,4,8,11,52,5,40,6,24,2,16,12,51,15,60,59,55,56,7,29,46,61,47,54,27,45,18,14,28,21,42,43,53,25,38,32,1,62,31	31	936	0	6	29	0	2	3.3492064	344.7692261	776	6	16	3.3492064	374.7700000
469	514517049752126259526936561381815638234	0.46899999999999997	REL	58,23,11,52,5,40,33,30,55,59,46,29,56,7,34,17,60,15,10,20,13,44,21,42,1,32,24,6,12,51,25,38,14,28,36,9,43,53,61,47,35,49,22,26,37,41,3,48,8,4,19,50,18,45,39,57,27,54,16,2,62,31	31	984	0	6	29	1	2	3.3492064	286.9417419	776	6	16	3.3492064	374.7700000
470	515614101030915441316972673452992217420	0.46999999999999997	REL	27,54,47,61,56,7,28,14,36,9,20,10,35,49,33,30,2,16,44,13,11,52,21,42,40,5,25,38,15,60,58,23,50,19,55,59,3,48,34,17,32,1,12,51,57,39,29,46,22,26,37,41,4,8,18,45,53,43,24,6,62,31	30	672	0	6	12	0	2	3.3492064	347.2083740	776	6	16	3.3492064	374.7700000
471	516711152309704623107008785524168796606	0.47099999999999997	REL	1,32,55,59,45,18,5,40,51,12,37,41,60,15,29,46,44,13,47,61,20,10,53,43,33,30,56,7,22,26,16,2,17,34,14,28,52,11,24,6,54,27,49,35,36,9,19,50,39,57,23,58,3,48,21,42,25,38,4,8,62,31	30	1224	0	6	18	1	2	3.3492064	317.2875366	776	6	16	3.3492064	374.7700000
472	517808203588493804897044897595345375792	0.47199999999999998	REL	44,13,61,47,56,7,43,53,15,60,57,39,18,45,59,55,8,4,40,5,41,37,32,1,23,58,36,9,25,38,28,14,27,54,48,3,51,12,16,2,17,34,50,19,6,24,29,46,33,30,42,21,49,35,10,20,26,22,52,11,62,31	30	1224	0	6	17	3	2	3.3492064	242.5584259	776	6	16	3.3492064	374.7700000
473	518905254867282986687081009666521954978	0.47299999999999998	REL	60,15,54,27,61,47,2,16,50,19,53,43,58,23,11,52,21,42,24,6,26,22,13,44,33,30,4,8,14,28,38,25,18,45,36,9,40,5,57,39,48,3,1,32,56,7,20,10,41,37,35,49,29,46,17,34,55,59,51,12,62,31	28	1088	0	6	30	3	2	3.3492064	258.7906799	776	6	16	3.3492064	374.7700000
474	520002306146072168477117121737698534164	0.47399999999999998	REL	25,38,2,16,60,15,61,47,56,7,45,18,22,26,41,37,21,42,12,51,30,33,40,5,39,57,49,35,11,52,46,29,43,53,1,32,58,23,4,8,34,17,36,9,24,6,13,44,19,50,10,20,54,27,48,3,59,55,28,14,62,31	30	840	0	6	28	2	2	3.3492064	279.9689331	776	6	16	3.3492064	374.7700000
475	521099357424861350267153233808875113350	0.47499999999999998	REL	38,25,9,36,41,37,15,60,32,1,59,55,50,19,29,46,17,34,20,10,58,23,54,27,18,45,40,5,8,4,47,61,39,57,26,22,28,14,56,7,42,21,12,51,33,30,11,52,48,3,13,44,24,6,53,43,49,35,2,16,62,31	31	1264	0	6	27	0	2	3.3492064	235.9372253	776	6	16	3.3492064	374.7700000
476	522196408703650532057189345880051692536	0.47599999999999998	REL	5,40,37,41,35,49,32,1,7,56,45,18,8,4,59,55,42,21,17,34,3,48,61,47,26,22,53,43,44,13,30,33,60,15,6,24,12,51,52,11,58,23,2,16,29,46,57,39,20,10,38,25,9,36,54,27,28,14,50,19,62,31	28	1192	0	6	11	3	2	3.3492064	285.2357483	776	6	16	3.3492064	374.7700000
477	523293459982439713847225457951228271722	0.47699999999999998	REL	37,41,52,11,51,12,45,18,38,25,48,3,47,61,46,29,1,32,40,5,17,34,58,23,7,56,4,8,55,59,54,27,6,24,2,16,53,43,15,60,36,9,42,21,28,14,44,13,35,49,26,22,50,19,33,30,39,57,10,20,62,31	31	904	0	6	16	1	2	3.3492064	260.7680969	776	6	16	3.3492064	374.7700000
478	524390511261228895637261570022404850908	0.47799999999999998	REL	32,1,41,37,8,4,14,28,2,16,49,35,48,3,21,42,25,38,55,59,33,30,60,15,13,44,39,57,54,27,56,7,36,9,61,47,53,43,6,24,19,50,10,20,23,58,52,11,5,40,18,45,17,34,29,46,12,51,26,22,62,31	31	872	0	6	28	1	2	3.3492064	274.1237488	776	6	16	3.3492064	374.7700000
479	525487562540018077427297682093581430094	0.47899999999999998	REL	54,27,51,12,37,41,2,16,19,50,57,39,59,55,52,11,30,33,44,13,26,22,4,8,40,5,43,53,45,18,9,36,34,17,56,7,49,35,10,20,60,15,48,3,38,25,1,32,61,47,29,46,28,14,23,58,42,21,6,24,62,31	31	1008	0	6	29	2	2	3.3492064	246.8195343	776	6	16	3.3492064	374.7700000
480	526584613818807259217333794164758009280	0.47999999999999998	REL	51,12,58,23,21,42,37,41,27,54,43,53,50,19,18,45,59,55,6,24,60,15,34,17,61,47,57,39,46,29,4,8,30,33,3,48,2,16,32,1,35,49,14,28,40,5,38,25,11,52,56,7,44,13,36,9,20,10,22,26,62,31	29	1232	0	6	22	1	2	3.3492064	243.9118042	776	6	16	3.3492064	374.7700000
481	527681665097596441007369906235934588466	0.48099999999999998	REL	19,50,17,34,16,2,5,40,45,18,33,30,42,21,3,48,23,58,52,11,1,32,56,7,47,61,25,38,39,57,46,29,6,24,14,28,36,9,12,51,60,15,26,22,8,4,59,55,53,43,10,20,37,41,13,44,35,49,54,27,62,31	29	976	0	6	18	3	2	3.3492064	256.1535339	776	6	16	3.3492064	374.7700000
482	528778716376385622797406018307111167652	0.48199999999999998	REL	26,22,11,52,55,59,9,36,48,3,13,44,1,32,20,10,50,19,14,28,45,18,40,5,38,25,27,54,53,43,23,58,60,15,37,41,39,57,6,24,21,42,8,4,17,34,35,49,2,16,7,56,61,47,12,51,33,30,46,29,62,31	31	976	0	6	2	1	2	3.3492064	267.9268799	776	6	16	3.3492064	374.7700000
483	529875767655174804587442130378287746838	0.48299999999999998	REL	38,25,8,4,35,49,33,30,19,50,13,44,36,9,12,51,34,17,54,27,43,53,60,15,40,5,45,18,59,55,47,61,11,52,6,24,41,37,20,10,56,7,28,14,29,46,3,48,21,42,26,22,58,23,2,16,57,39,1,32,62,31	30	944	0	6	27	1	2	3.3492064	289.7774353	776	6	16	3.3492064	374.7700000
484	530972818933963986377478242449464326024	0.48399999999999999	REL	42,21,13,44,57,39,27,54,17,34,26,22,19,50,55,59,32,1,7,56,33,30,5,40,16,2,25,38,15,60,14,28,20,10,53,43,51,12,24,6,46,29,52,11,37,41,3,48,4,8,36,9,47,61,45,18,58,23,49,35,62,31	30	1384	0	6	29	2	2	3.3492064	273.4844360	776	6	16	3.3492064	374.7700000
485	532069870212753168167514354520640905210	0.48499999999999999	REL	10,20,55,59,16,2,24,6,38,25,61,47,14,28,46,29,48,3,60,15,19,50,7,56,52,11,51,12,32,1,27,54,49,35,42,21,39,57,44,13,8,4,36,9,26,22,53,43,17,34,23,58,18,45,30,33,40,5,41,37,62,31	27	1048	0	6	9	3	2	3.3492064	324.4360046	776	6	16	3.3492064	374.7700000
486	533166921491542349957550466591817484396	0.48599999999999999	REL	7,56,11,52,55,59,47,61,27,54,6,24,26,22,50,19,49,35,16,2,33,30,4,8,29,46,44,13,21,42,9,36,14,28,53,43,18,45,34,17,37,41,48,3,39,57,10,20,40,5,58,23,1,32,12,51,15,60,25,38,62,31	30	784	0	6	25	1	2	3.3492064	281.3489990	776	6	16	3.3492064	374.7700000
487	534263972770331531747586578662994063582	0.48699999999999999	REL	15,60,42,21,51,12,54,27,50,19,22,26,23,58,45,18,56,7,13,44,1,32,16,2,39,57,9,36,28,14,29,46,11,52,4,8,48,3,38,25,35,49,55,59,17,34,24,6,20,10,53,43,47,61,41,37,33,30,5,40,62,31	29	1152	0	6	22	3	2	3.3492064	376.2846680	776	6	16	3.3492064	374.7700000
488	535361024049120713537622690734170642768	0.48799999999999999	REL	14,28,48,3,33,30,16,2,23,58,12,51,7,56,34,17,46,29,41,37,39,57,18,45,52,11,59,55,4,8,44,13,9,36,40,5,35,49,22,26,38,25,61,47,60,15,27,54,10,20,1,32,53,43,24,6,50,19,21,42,62,31	29	1024	0	6	20	3	2	3.3492064	327.2846069	776	6	16	3.3492064	374.7700000
489	536458075327909895327658802805347221954	0.48899999999999999	REL	37,41,55,59,48,3,35,49,36,9,46,29,19,50,18,45,21,42,2,16,47,61,13,44,5,40,60,15,51,12,34,17,20,10,4,8,7,56,33,30,25,38,23,58,24,6,32,1,28,14,52,11,26,22,27,54,39,57,53,43,62,31	29	1200	0	6	11	0	2	3.3492064	267.2675781	776	6	16	3.3492064	374.7700000
490	537555126606699077117694914876523801140	0.48999999999999999	REL	50,19,57,39,44,13,6,24,21,42,48,3,47,61,35,49,14,28,15,60,10,20,8,4,12,51,58,23,1,32,16,2,26,22,11,52,7,56,55,59,30,33,37,41,25,38,43,53,36,9,29,46,40,5,27,54,17,34,18,45,62,31	29	648	0	6	15	1	2	3.3492064	248.2163391	776	6	16	3.3492064	374.7700000
491	538652177885488258907731026947700380326	0.49099999999999999	REL	14,28,22,26,1,32,45,18,46,29,56,7,35,49,40,5,21,42,59,55,4,8,15,60,38,25,58,23,3,48,2,16,34,17,50,19,13,44,33,30,10,20,51,12,6,24,52,11,57,39,9,36,27,54,43,53,37,41,61,47,62,31	31	880	0	6	16	1	2	3.3492064	275.2635193	776	6	16	3.3492064	374.7700000
492	539749229164277440697767139018876959512	0.49199999999999999	REL	2,16,57,39,20,10,13,44,37,41,45,18,21,42,32,1,47,61,28,14,27,54,36,9,56,7,29,46,5,40,50,19,8,4,59,55,43,53,51,12,15,60,6,24,17,34,11,52,33,30,38,25,23,58,48,3,26,22,35,49,62,31	30	1240	0	6	10	0	2	3.3492064	306.7861938	776	6	16	3.3492064	374.7700000
493	540846280443066622487803251090053538698	0.49299999999999999	REL	14,28,16,2,48,3,32,1,40,5,43,53,38,25,50,19,44,13,10,20,4,8,57,39,45,18,33,30,36,9,29,46,34,17,15,60,6,24,22,26,7,56,42,21,49,35,58,23,59,55,54,27,61,47,41,37,52,11,12,51,62,31	29	1248	0	6	21	2	2	3.3492064	241.8576508	776	6	16	3.3492064	374.7700000
494	541943331721855804277839363161230117884	0.49399999999999999	REL	10,20,19,50,39,57,27,54,14,28,18,45,49,35,48,3,2,16,8,4,55,59,7,56,24,6,17,34,60,15,53,43,51,12,21,42,32,1,22,26,9,36,30,33,25,38,37,41,13,44,5,40,23,58,61,47,29,46,11,52,62,31	31	1024	0	6	8	0	2	3.3492064	357.6247253	776	6	16	3.3492064	374.7700000
495	543040383000644986067875475232406697070	0.495	REL	19,50,56,7,18,45,35,49,21,42,39,57,28,14,60,15,4,8,55,59,44,13,2,16,3,48,29,46,30,33,6,24,40,5,1,32,51,12,9,36,58,23,53,43,34,17,61,47,11,52,26,22,25,38,10,20,37,41,27,54,62,31	30	704	0	6	15	1	2	3.3492064	297.1785278	776	6	16	3.3492064	374.7700000
496	544137434279434167857911587303583276256	0.496	REL	1,32,16,2,44,13,20,10,43,53,28,14,35,49,24,6,60,15,41,37,11,52,47,61,27,54,46,29,8,4,3,48,18,45,12,51,26,22,55,59,40,5,58,23,25,38,36,9,57,39,19,50,21,42,33,30,17,34,7,56,62,31	30	1056	0	6	22	1	2	3.3492064	293.8427429	776	6	16	3.3492064	374.7700000
497	545234485558223349647947699374759855442	0.497	REL	18,45,33,30,38,25,20,10,53,43,37,41,60,15,55,59,35,49,40,5,1,32,14,28,36,9,26,22,46,29,12,51,34,17,24,6,3,48,8,4,19,50,39,57,27,54,61,47,52,11,56,7,44,13,42,21,2,16,23,58,62,31	29	840	0	6	4	1	2	3.3492064	370.5848694	776	6	16	3.3492064	374.7700000
498	546331536837012531437983811445936434628	0.498	REL	36,9,24,6,4,8,32,1,12,51,38,25,7,56,42,21,14,28,40,5,16,2,47,61,58,23,27,54,59,55,20,10,34,17,46,29,48,3,39,57,50,19,22,26,52,11,33,30,45,18,35,49,13,44,43,53,41,37,15,60,62,31	30	1040	0	6	12	0	2	3.3492064	285.0339050	776	6	16	3.3492064	374.7700000
499	547428588115801713228019923517113013814	0.499	REL	12,51,26,22,49,35,58,23,38,25,30,33,55,59,3,48,52,11,13,44,47,61,19,50,7,56,36,9,4,8,31,62,57,39,6,24,34,17,20,10,53,43,40,5,21,42,60,15,45,18,28,14,27,54,29,46,41,37,16,2,1,32	31	1232	0	6	13	0	2	3.3492064	295.1449890	776	6	16	3.3492064	374.7700000
500	548525639394590895018056035588289593000	0.5	REL	56,7,27,54,40,5,51,12,57,39,9,36,33,30,2,16,28,14,52,11,47,61,15,60,6,24,50,19,21,42,22,26,25,38,53,43,10,20,13,44,34,17,35,49,48,3,18,45,37,41,58,23,62,31,46,29,59,55,8,4,1,32	29	736	0	6	25	1	2	3.3492064	322.8603516	776	6	16	3.3492064	374.7700000
501	549622690673380076808092147659466172186	0.501	REL	19,50,48,3,36,9,2,16,11,52,49,35,28,14,21,42,60,15,10,20,37,41,13,44,53,43,59,55,5,40,46,29,33,30,7,56,17,34,62,31,22,26,38,25,4,8,18,45,57,39,61,47,51,12,54,27,23,58,24,6,1,32	30	984	0	6	5	2	2	3.3492064	304.3431702	776	6	16	3.3492064	374.7700000
502	550719741952169258598128259730642751372	0.502	REL	19,50,52,11,6,24,39,57,62,31,60,15,30,33,56,7,26,22,35,49,20,10,58,23,43,53,59,55,36,9,5,40,38,25,48,3,34,17,54,27,45,18,21,42,44,13,2,16,37,41,47,61,51,12,14,28,29,46,4,8,1,32	31	1088	0	6	15	0	2	3.3492064	280.2607422	776	6	16	3.3492064	374.7700000
503	551816793230958440388164371801819330558	0.503	REL	27,54,6,24,13,44,55,59,3,48,25,38,60,15,31,62,22,26,30,33,47,61,17,34,29,46,41,37,7,56,19,50,53,43,40,5,23,58,36,9,49,35,21,42,16,2,39,57,52,11,14,28,4,8,18,45,12,51,20,10,1,32	30	1128	0	6	23	2	2	3.3492064	328.7643433	776	6	16	3.3492064	374.7700000
504	552913844509747622178200483872995909744	0.504	REL	2,16,35,49,61,47,5,40,28,14,23,58,9,36,29,46,52,11,38,25,31,62,20,10,56,7,27,54,39,57,8,4,22,26,24,6,13,44,37,41,59,55,42,21,18,45,48,3,60,15,43,53,50,19,34,17,30,33,51,12,1,32	30	720	0	6	24	0	2	3.3492064	295.5465088	776	6	16	3.3492064	374.7700000
505	554010895788536803968236595944172488930	0.505	REL	42,21,55,59,44,13,10,20,5,40,38,25,56,7,52,11,30,33,43,53,4,8,62,31,58,23,15,60,41,37,57,39,50,19,27,54,9,36,35,49,17,34,47,61,22,26,48,3,29,46,45,18,6,24,51,12,2,16,28,14,1,32	29	872	0	6	24	0	2	3.3492064	279.8743591	776	6	16	3.3492064	374.7700000
506	555107947067325985758272708015349068116	0.50600000000000001	REL	6,24,46,29,44,13,30,33,56,7,42,21,52,11,40,5,10,20,36,9,17,34,45,18,38,25,48,3,41,37,8,4,16,2,51,12,39,57,28,14,49,35,58,23,54,27,22,26,59,55,19,50,47,61,53,43,31,62,60,15,1,32	30	1160	0	6	1	1	2	3.3492064	274.4542847	776	6	16	3.3492064	374.7700000
507	556204998346115167548308820086525647302	0.50700000000000001	REL	33,30,29,46,51,12,54,27,56,7,37,41,49,35,31,62,21,42,26,22,48,3,38,25,43,53,23,58,17,34,50,19,5,40,4,8,20,10,15,60,57,39,52,11,55,59,2,16,47,61,9,36,28,14,24,6,44,13,45,18,1,32	28	1024	0	6	14	2	2	3.3492064	234.4357452	776	6	16	3.3492064	374.7700000
508	557302049624904349338344932157702226488	0.50800000000000001	REL	54,27,29,46,26,22,42,21,11,52,56,7,18,45,36,9,8,4,30,33,47,61,53,43,20,10,13,44,6,24,60,15,40,5,48,3,39,57,35,49,2,16,51,12,25,38,58,23,28,14,62,31,41,37,17,34,59,55,50,19,1,32	28	1032	0	6	16	3	2	3.3492064	298.9715576	776	6	16	3.3492064	374.7700000
509	558399100903693531128381044228878805674	0.50900000000000001	REL	60,15,2,16,50,19,9,36,6,24,53,43,8,4,41,37,7,56,46,29,51,12,38,25,14,28,23,58,5,40,61,47,35,49,27,54,52,11,33,30,10,20,45,18,57,39,59,55,31,62,26,22,3,48,44,13,17,34,42,21,1,32	30	1432	0	6	29	1	2	3.3492064	260.4137268	776	6	16	3.3492064	374.7700000
510	559496152182482712918417156300055384860	0.51000000000000001	REL	60,15,46,29,52,11,21,42,62,31,5,40,38,25,35,49,28,14,9,36,27,54,48,3,59,55,43,53,7,56,44,13,61,47,51,12,18,45,8,4,30,33,24,6,34,17,57,39,41,37,2,16,19,50,10,20,22,26,58,23,1,32	30	1064	0	6	26	0	2	3.3492064	233.3832092	776	6	16	3.3492064	374.7700000
511	560593203461271894708453268371231964046	0.51100000000000001	REL	4,8,26,22,47,61,12,51,49,35,5,40,60,15,10,20,30,33,2,16,21,42,19,50,11,52,29,46,18,45,54,27,58,23,14,28,25,38,53,43,7,56,34,17,55,59,13,44,37,41,36,9,48,3,31,62,39,57,6,24,1,32	31	1152	0	6	28	1	2	3.3492064	257.7105408	776	6	16	3.3492064	374.7700000
512	561690254740061076498489380442408543232	0.51200000000000001	REL	3,48,59,55,11,52,39,57,28,14,18,45,43,53,31,62,4,8,2,16,6,24,46,29,5,40,58,23,60,15,44,13,50,19,21,42,33,30,38,25,35,49,51,12,41,37,47,61,9,36,7,56,10,20,34,17,27,54,22,26,1,32	30	1056	0	6	13	0	2	3.3492064	306.1092224	776	6	16	3.3492064	374.7700000
513	562787306018850258288525492513585122418	0.51300000000000001	REL	18,45,8,4,59,55,2,16,30,33,35,49,25,38,60,15,26,22,21,42,61,47,19,50,20,10,62,31,57,39,36,9,7,56,17,34,54,27,11,52,46,29,48,3,58,23,53,43,37,41,44,13,6,24,51,12,5,40,14,28,1,32	31	1040	0	6	20	1	2	3.3492064	297.2003174	776	6	16	3.3492064	374.7700000
514	563884357297639440078561604584761701604	0.51400000000000001	REL	12,51,7,56,43,53,54,27,49,35,47,61,16,2,30,33,52,11,46,29,60,15,19,50,58,23,57,39,24,6,21,42,41,37,44,13,20,10,26,22,8,4,48,3,9,36,28,14,40,5,34,17,45,18,59,55,38,25,62,31,1,32	29	912	0	6	20	1	2	3.3492064	244.8008423	776	6	16	3.3492064	374.7700000
515	564981408576428621868597716655938280790	0.51500000000000001	REL	8,4,47,61,15,60,26,22,46,29,52,11,41,37,36,9,40,5,30,33,21,42,28,14,45,18,23,58,12,51,16,2,62,31,38,25,10,20,43,53,54,27,3,48,24,6,44,13,57,39,59,55,19,50,7,56,49,35,17,34,1,32	30	1144	0	6	24	0	2	3.3492064	406.9558716	776	6	16	3.3492064	374.7700000
516	566078459855217803658633828727114859976	0.51600000000000001	REL	16,2,28,14,41,37,40,5,12,51,15,60,3,48,24,6,44,13,21,42,59,55,58,23,61,47,33,30,43,53,49,35,18,45,29,46,10,20,50,19,57,39,22,26,11,52,25,38,8,4,31,62,27,54,7,56,34,17,9,36,1,32	30	936	0	6	29	1	2	3.3492064	309.2958679	776	6	16	3.3492064	374.7700000
517	567175511134006985448669940798291439162	0.51700000000000002	REL	35,49,14,28,48,3,26,22,5,40,2,16,23,58,44,13,11,52,47,61,56,7,15,60,33,30,38,25,21,42,55,59,9,36,43,53,39,57,50,19,27,54,6,24,45,18,20,10,34,17,4,8,46,29,51,12,31,62,41,37,1,32	28	664	0	6	24	2	2	3.3492064	264.6282043	776	6	16	3.3492064	374.7700000
518	568272562412796167238706052869468018348	0.51800000000000002	REL	6,24,58,23,61,47,34,17,50,19,31,62,4,8,20,10,56,7,52,11,26,22,37,41,29,46,43,53,25,38,55,59,3,48,16,2,33,30,42,21,44,13,28,14,40,5,27,54,9,36,51,12,45,18,60,15,35,49,57,39,1,32	28	1216	0	6	18	2	2	3.3492064	270.5051270	776	6	16	3.3492064	374.7700000
519	569369613691585349028742164940644597534	0.51900000000000002	REL	49,35,39,57,30,33,50,19,15,60,47,61,24,6,52,11,12,51,58,23,3,48,8,4,13,44,59,55,18,45,31,62,28,14,2,16,40,5,46,29,21,42,26,22,56,7,27,54,9,36,43,53,17,34,20,10,38,25,37,41,1,32	29	752	0	6	22	2	2	3.3492064	342.4855652	776	6	16	3.3492064	374.7700000
520	570466664970374530818778277011821176720	0.52000000000000002	REL	37,41,24,6,9,36,5,40,27,54,22,26,58,23,2,16,33,30,51,12,60,15,38,25,59,55,3,48,45,18,29,46,39,57,42,21,8,4,61,47,35,49,20,10,7,56,17,34,52,11,14,28,31,62,44,13,50,19,53,43,1,32	30	592	0	6	25	1	2	3.3492064	264.9082031	776	6	16	3.3492064	374.7700000
521	571563716249163712608814389082997755906	0.52100000000000002	REL	20,10,48,3,35,49,38,25,60,15,47,61,37,41,12,51,52,11,34,17,5,40,58,23,14,28,53,43,2,16,29,46,56,7,22,26,44,13,21,42,9,36,57,39,30,33,27,54,4,8,55,59,50,19,62,31,24,6,18,45,1,32	30	616	0	6	13	1	2	3.3492064	306.0665588	776	6	16	3.3492064	374.7700000
522	572660767527952894398850501154174335092	0.52200000000000002	REL	37,41,36,9,21,42,55,59,26,22,7,56,40,5,31,62,39,57,27,54,30,33,38,25,10,20,58,23,53,43,15,60,34,17,13,44,19,50,18,45,14,28,11,52,8,4,48,3,46,29,24,6,35,49,16,2,12,51,61,47,1,32	29	856	0	6	12	3	2	3.3492064	250.8567810	776	6	16	3.3492064	374.7700000
523	573757818806742076188886613225350914278	0.52300000000000002	REL	22,26,54,27,6,24,9,36,57,39,62,31,5,40,44,13,20,10,41,37,7,56,4,8,15,60,43,53,17,34,48,3,2,16,38,25,19,50,11,52,12,51,30,33,21,42,18,45,59,55,47,61,46,29,23,58,14,28,35,49,1,32	30	920	0	6	28	1	2	3.3492064	268.0722656	776	6	16	3.3492064	374.7700000
524	574854870085531257978922725296527493464	0.52400000000000002	REL	3,48,60,15,37,41,8,4,52,11,45,18,29,46,13,44,7,56,47,61,24,6,20,10,25,38,16,2,30,33,39,57,36,9,21,42,59,55,5,40,26,22,17,34,50,19,43,53,28,14,49,35,62,31,27,54,58,23,12,51,1,32	29	896	0	6	21	0	2	3.3492064	255.6431885	776	6	16	3.3492064	374.7700000
525	575951921364320439768958837367704072650	0.52500000000000002	REL	42,21,24,6,38,25,18,45,28,14,39,57,23,58,46,29,55,59,47,61,26,22,11,52,31,62,27,54,51,12,33,30,56,7,37,41,17,34,48,3,60,15,19,50,49,35,13,44,2,16,36,9,4,8,40,5,20,10,43,53,1,32	31	1040	0	6	21	0	2	3.3492064	356.8683167	776	6	16	3.3492064	374.7700000
526	577048972643109621558994949438880651836	0.52600000000000002	REL	35,49,60,15,23,58,50,19,8,4,37,41,10,20,13,44,61,47,43,53,34,17,40,5,18,45,36,9,2,16,54,27,51,12,25,38,31,62,42,21,6,24,39,57,33,30,11,52,26,22,3,48,28,14,29,46,7,56,59,55,1,32	31	1200	0	6	12	1	2	3.3492064	277.7186890	776	6	16	3.3492064	374.7700000
527	578146023921898803349031061510057231022	0.52700000000000002	REL	50,19,30,33,24,6,38,25,14,28,36,9,37,41,4,8,31,62,15,60,10,20,17,34,40,5,35,49,45,18,51,12,13,44,47,61,2,16,56,7,55,59,26,22,27,54,21,42,3,48,43,53,58,23,52,11,29,46,39,57,1,32	31	1464	0	6	27	2	2	3.3492064	322.1206970	776	6	16	3.3492064	374.7700000
528	579243075200687985139067173581233810208	0.52800000000000002	REL	27,54,49,35,21,42,45,18,17,34,62,31,59,55,6,24,29,46,5,40,38,25,10,20,37,41,56,7,22,26,2,16,14,28,9,36,13,44,12,51,57,39,19,50,11,52,23,58,33,30,4,8,15,60,3,48,53,43,47,61,1,32	31	1168	0	6	21	0	2	3.3492064	238.1030121	776	6	16	3.3492064	374.7700000
529	580340126479477166929103285652410389394	0.52900000000000003	REL	3,48,39,57,37,41,28,14,42,21,19,50,34,17,33,30,22,26,54,27,61,47,25,38,13,44,9,36,55,59,24,6,11,52,7,56,49,35,46,29,4,8,20,10,5,40,2,16,23,58,51,12,18,45,15,60,53,43,31,62,1,32	31	936	0	6	19	0	2	3.3492064	300.0959473	776	6	16	3.3492064	374.7700000
530	581437177758266348719139397723586968580	0.53000000000000003	REL	20,10,62,31,37,41,46,29,34,17,59,55,39,57,47,61,24,6,26,22,25,38,33,30,52,11,43,53,5,40,12,51,48,3,45,18,4,8,42,21,50,19,56,7,54,27,23,58,15,60,14,28,44,13,36,9,32,1,16,2,49,35	30	960	0	6	29	0	2	3.3492064	244.1305084	776	6	16	3.3492064	374.7700000
531	582534229037055530509175509794763547766	0.53100000000000003	REL	23,58,52,11,22,26,10,20,30,33,45,18,36,9,54,27,25,38,60,15,17,34,51,12,2,16,40,5,14,28,57,39,32,1,21,42,56,7,8,4,37,41,31,62,43,53,19,50,55,59,24,6,47,61,13,44,29,46,48,3,49,35	30	1160	0	6	15	2	2	3.3492064	394.9756165	776	6	16	3.3492064	374.7700000
532	583631280315844712299211621865940126952	0.53200000000000003	REL	17,34,55,59,39,57,16,2,50,19,52,11,45,18,54,27,14,28,24,6,42,21,4,8,60,15,62,31,53,43,46,29,33,30,23,58,61,47,38,25,44,13,10,20,3,48,12,51,36,9,26,22,41,37,7,56,1,32,40,5,49,35	29	1192	0	6	27	1	3	3.3492064	318.0282593	776	6	16	3.3492064	374.7700000
533	584728331594633894089247733937116706138	0.53300000000000003	REL	10,20,53,43,57,39,44,13,3,48,2,16,23,58,5,40,29,46,51,12,1,32,14,28,15,60,50,19,31,62,7,56,34,17,18,45,61,47,6,24,52,11,27,54,30,33,55,59,26,22,36,9,37,41,38,25,42,21,4,8,49,35	30	760	0	6	31	1	2	3.3492064	257.7761841	776	6	16	3.3492064	374.7700000
534	585825382873423075879283846008293285324	0.53400000000000003	REL	19,50,55,59,4,8,40,5,54,27,18,45,53,43,7,56,41,37,1,32,10,20,12,51,47,61,26,22,24,6,13,44,29,46,57,39,30,33,11,52,21,42,34,17,60,15,2,16,58,23,3,48,28,14,25,38,31,62,36,9,49,35	31	944	0	6	14	0	2	3.3492064	301.3882141	776	6	16	3.3492064	374.7700000
535	586922434152212257669319958079469864510	0.53500000000000003	REL	25,38,50,19,5,40,34,17,56,7,52,11,26,22,24,6,54,27,62,31,30,33,43,53,3,48,15,60,14,28,9,36,42,21,59,55,32,1,41,37,20,10,16,2,58,23,39,57,12,51,45,18,4,8,29,46,47,61,44,13,49,35	29	1288	0	6	29	2	2	3.3492064	266.2154846	776	6	16	3.3492064	374.7700000
536	588019485431001439459356070150646443696	0.53600000000000003	REL	40,5,44,13,59,55,42,21,8,4,23,58,19,50,24,6,18,45,25,38,22,26,17,34,11,52,16,2,3,48,20,10,7,56,31,62,15,60,30,33,41,37,57,39,53,43,29,46,27,54,32,1,51,12,9,36,61,47,28,14,49,35	30	704	0	6	31	0	2	3.3492064	360.2485352	776	6	16	3.3492064	374.7700000
537	589116536709790621249392182221823022882	0.53700000000000003	REL	57,39,24,6,52,11,59,55,27,54,29,46,22,26,8,4,7,56,32,1,31,62,53,43,51,12,47,61,44,13,2,16,9,36,10,20,50,19,48,3,33,30,21,42,45,18,5,40,41,37,15,60,58,23,25,38,28,14,34,17,49,35	30	680	0	6	19	2	2	3.3492064	262.4179688	776	6	16	3.3492064	374.7700000
538	590213587988579803039428294292999602068	0.53800000000000003	REL	46,29,52,11,26,22,13,44,9,36,16,2,7,56,47,61,31,62,54,27,42,21,15,60,48,3,1,32,14,28,57,39,20,10,53,43,45,18,34,17,59,55,41,37,40,5,33,30,51,12,25,38,23,58,8,4,24,6,50,19,49,35	29	960	0	6	3	2	2	3.3492064	252.4828339	776	6	16	3.3492064	374.7700000
539	591310639267368984829464406364176181254	0.53900000000000003	REL	11,52,57,39,60,15,31,62,50,19,4,8,34,17,61,47,41,37,51,12,1,32,59,55,22,26,46,29,36,9,24,6,7,56,13,44,48,3,25,38,14,28,54,27,58,23,40,5,33,30,21,42,2,16,53,43,18,45,10,20,49,35	30	864	0	6	24	1	2	3.3492064	280.3045959	776	6	16	3.3492064	374.7700000
540	592407690546158166619500518435352760440	0.54000000000000004	REL	56,7,17,34,47,61,52,11,21,42,32,1,28,14,55,59,30,33,54,27,12,51,53,43,50,19,15,60,8,4,9,36,39,57,31,62,6,24,3,48,41,37,44,13,45,18,20,10,40,5,58,23,2,16,25,38,46,29,26,22,49,35	31	1128	0	6	7	1	2	3.3492064	295.7958679	776	6	16	3.3492064	374.7700000
541	593504741824947348409536630506529339626	0.54100000000000004	REL	54,27,12,51,36,9,28,14,62,31,1,32,43,53,23,58,10,20,57,39,38,25,11,52,50,19,13,44,41,37,29,46,59,55,60,15,22,26,42,21,30,33,17,34,8,4,3,48,2,16,47,61,5,40,18,45,56,7,6,24,49,35	31	776	0	6	22	0	2	3.3492064	259.7652283	776	6	16	3.3492064	374.7700000
542	594601793103736530199572742577705918812	0.54200000000000004	REL	27,54,37,41,40,5,32,1,26,22,58,23,48,3,8,4,36,9,53,43,20,10,16,2,24,6,52,11,62,31,57,39,50,19,55,59,29,46,12,51,60,15,28,14,42,21,7,56,45,18,34,17,30,33,61,47,13,44,38,25,49,35	31	792	0	6	25	1	2	3.3492064	248.7893066	776	6	16	3.3492064	374.7700000
543	595698844382525711989608854648882497998	0.54300000000000004	REL	13,44,36,9,61,47,16,2,58,23,20,10,38,25,52,11,51,12,15,60,24,6,21,42,41,37,5,40,4,8,46,29,22,26,7,56,28,14,19,50,53,43,3,48,57,39,17,34,59,55,1,32,62,31,45,18,33,30,54,27,49,35	31	1064	0	6	15	1	2	3.3492064	313.6220703	776	6	16	3.3492064	374.7700000
544	596795895661314893779644966720059077184	0.54400000000000004	REL	10,20,32,1,18,45,56,7,27,54,40,5,36,9,41,37,19,50,58,23,2,16,28,14,59,55,57,39,31,62,52,11,33,30,8,4,42,21,38,25,26,22,61,47,6,24,15,60,3,48,53,43,13,44,34,17,51,12,46,29,49,35	30	992	0	6	16	0	2	3.3492064	316.6607056	776	6	16	3.3492064	374.7700000
545	597892946940104075569681078791235656370	0.54500000000000004	REL	50,19,1,32,43,53,44,13,9,36,38,25,22,26,42,21,33,30,16,2,8,4,40,5,34,17,11,52,28,14,59,55,3,48,61,47,29,46,12,51,45,18,54,27,56,7,37,41,10,20,23,58,15,60,6,24,39,57,62,31,49,35	30	1192	0	6	29	1	2	3.3492064	309.1669617	776	6	16	3.3492064	374.7700000
546	598989998218893257359717190862412235556	0.54600000000000004	REL	27,54,48,3,1,32,28,14,16,2,11,52,57,39,24,6,31,62,36,9,53,43,45,18,38,25,15,60,59,55,19,50,7,56,12,51,30,33,4,8,58,23,46,29,26,22,20,10,41,37,21,42,44,13,61,47,40,5,17,34,49,35	29	1016	0	6	12	0	2	3.3492064	292.8282776	776	6	16	3.3492064	374.7700000
547	600087049497682439149753302933588814742	0.54700000000000004	REL	14,28,25,38,5,40,16,2,32,1,50,19,24,6,52,11,47,61,29,46,7,56,37,41,45,18,55,59,21,42,31,62,53,43,20,10,23,58,51,12,27,54,57,39,4,8,13,44,34,17,48,3,26,22,15,60,30,33,9,36,49,35	31	1184	0	6	27	1	2	3.3492064	354.1484985	776	6	16	3.3492064	374.7700000
548	601184100776471620939789415004765393928	0.54800000000000004	REL	15,60,3,48,61,47,1,32,45,18,50,19,7,56,40,5,23,58,27,54,21,42,9,36,41,37,31,62,29,46,53,43,33,30,12,51,26,22,34,17,8,4,55,59,10,20,24,6,13,44,14,28,57,39,11,52,2,16,25,38,49,35	31	704	0	6	20	0	2	3.3492064	420.0078735	776	6	16	3.3492064	374.7700000
549	602281152055260802729825527075941973114	0.54900000000000004	REL	18,45,56,7,42,21,31,62,52,11,17,34,44,13,10,20,32,1,16,2,8,4,40,5,46,29,24,6,27,54,33,30,51,12,36,9,61,47,15,60,50,19,41,37,26,22,53,43,14,28,23,58,3,48,25,38,55,59,57,39,49,35	30	944	0	6	18	0	2	3.3492064	300.0591125	776	6	16	3.3492064	374.7700000
550	603378203334049984519861639147118552300	0.55000000000000004	REL	40,5,27,54,26,22,2,16,53,43,17,34,10,20,9,36,18,45,28,14,6,24,39,57,58,23,38,25,30,33,8,4,1,32,55,59,62,31,12,51,42,21,60,15,44,13,19,50,3,48,56,7,52,11,47,61,46,29,37,41,49,35	30	1008	0	6	10	2	2	3.3492064	350.1550903	776	6	16	3.3492064	374.7700000
551	604475254612839166309897751218295131486	0.55100000000000005	REL	52,11,22,26,25,38,42,21,23,58,61,47,54,27,46,29,44,13,50,19,24,6,2,16,37,41,5,40,33,30,18,45,28,14,8,4,60,15,36,9,48,3,34,17,31,62,57,39,51,12,7,56,55,59,32,1,10,20,53,43,49,35	30	800	0	6	29	1	2	3.3492064	324.2853699	776	6	16	3.3492064	374.7700000
552	605572305891628348099933863289471710672	0.55200000000000005	REL	14,28,1,32,57,39,31,62,55,59,13,44,7,56,42,21,19,50,48,3,30,33,61,47,46,29,52,11,6,24,53,43,20,10,25,38,37,41,58,23,27,54,16,2,26,22,15,60,40,5,12,51,36,9,34,17,8,4,18,45,49,35	30	1024	0	6	19	2	2	3.3492064	292.6950684	776	6	16	3.3492064	374.7700000
553	606669357170417529889969975360648289858	0.55300000000000005	REL	38,25,5,40,51,12,31,62,27,54,9,36,16,2,39,57,32,1,8,4,14,28,48,3,13,44,52,11,19,50,58,23,18,45,7,56,55,59,26,22,53,43,30,33,41,37,17,34,15,60,46,29,10,20,6,24,21,42,61,47,49,35	31	960	0	6	18	0	2	3.3492064	299.9917908	776	6	16	3.3492064	374.7700000
554	607766408449206711680006087431824869044	0.55400000000000005	REL	44,13,33,30,60,15,9,36,10,20,61,47,25,38,34,17,3,48,42,21,62,31,16,2,51,12,7,56,46,29,23,58,8,4,40,5,28,14,43,53,54,27,11,52,37,41,26,22,1,32,6,24,39,57,18,45,59,55,19,50,49,35	29	992	0	6	18	3	2	3.3492064	290.8027039	776	6	16	3.3492064	374.7700000
555	608863459727995893470042199503001448230	0.55500000000000005	REL	48,3,2,16,34,17,4,8,61,47,30,33,25,38,19,50,13,44,54,27,7,56,29,46,22,26,21,42,31,62,45,18,24,6,9,36,55,59,15,60,12,51,5,40,57,39,20,10,58,23,14,28,52,11,41,37,32,1,43,53,49,35	31	848	0	6	31	0	2	3.3492064	314.5822754	776	6	16	3.3492064	374.7700000
556	609960511006785075260078311574178027416	0.55600000000000005	REL	48,3,4,8,36,9,59,55,62,31,32,1,40,5,34,17,30,33,6,24,11,52,41,37,60,15,45,18,42,21,53,43,13,44,16,2,10,20,19,50,22,26,56,7,14,28,46,29,51,12,39,57,58,23,25,38,47,61,27,54,49,35	27	1040	0	6	8	2	2	3.3492064	230.9475403	776	6	16	3.3492064	374.7700000
557	611057562285574257050114423645354606602	0.55700000000000005	REL	34,17,55,59,11,52,18,45,4,8,5,40,51,12,41,37,33,30,23,58,15,60,3,48,16,2,43,53,44,13,38,25,47,61,36,9,6,24,32,1,39,57,27,54,20,10,28,14,50,19,22,26,46,29,62,31,21,42,7,56,49,35	30	784	0	6	27	0	3	3.3492064	344.3375244	776	6	16	3.3492064	374.7700000
558	612154613564363438840150535716531185788	0.55800000000000005	REL	36,9,32,1,11,52,16,2,24,6,48,3,60,15,42,21,33,30,56,7,20,10,17,34,47,61,38,25,26,22,4,8,57,39,13,44,12,51,37,41,50,19,59,55,28,14,18,45,40,5,46,29,62,31,27,54,53,43,23,58,49,35	30	1080	0	6	26	1	2	3.3492064	320.2949829	776	6	16	3.3492064	374.7700000
559	613251664843152620630186647787707764974	0.55900000000000005	REL	24,6,27,54,47,61,2,16,25,38,11,52,18,45,28,14,58,23,4,8,59,55,3,48,62,31,12,51,39,57,53,43,29,46,50,19,17,34,32,1,41,37,13,44,10,20,40,5,30,33,36,9,7,56,21,42,26,22,15,60,49,35	31	1008	0	6	20	1	2	3.3492064	296.6643677	776	6	16	3.3492064	374.7700000
560	614348716121941802420222759858884344160	0.56000000000000005	REL	33,30,56,7,43,53,10,20,12,51,17,34,24,6,48,3,55,59,15,60,41,37,42,21,11,52,29,46,23,58,8,4,50,19,22,26,27,54,2,16,13,44,40,5,25,38,18,45,57,39,32,1,36,9,14,28,31,62,47,61,49,35	31	640	0	6	25	1	2	3.3492064	291.5493774	776	6	16	3.3492064	374.7700000
561	615445767400730984210258871930060923346	0.56100000000000005	REL	45,18,52,11,7,56,9,36,58,23,59,55,19,50,26,22,62,31,42,21,24,6,27,54,17,34,29,46,28,14,3,48,25,38,33,30,61,47,60,15,10,20,44,13,16,2,51,12,4,8,35,49,53,43,40,5,39,57,32,1,41,37	30	1240	0	6	13	1	2	3.3492064	315.0160522	776	6	16	3.3492064	374.7700000
562	616542818679520166000294984001237502532	0.56200000000000006	REL	26,22,58,23,6,24,1,32,2,16,61,47,11,52,59,55,4,8,35,49,14,28,10,20,54,27,19,50,57,39,34,17,60,15,18,45,56,7,38,25,9,36,62,31,46,29,44,13,40,5,53,43,33,30,51,12,21,42,48,3,41,37	29	1120	0	6	15	3	2	3.3492064	318.5504150	776	6	16	3.3492064	374.7700000
563	617639869958309347790331096072414081718	0.56299999999999994	REL	23,58,34,17,24,6,30,33,4,8,11,52,59,55,16,2,61,47,57,39,32,1,44,13,53,43,38,25,45,18,10,20,27,54,62,31,21,42,56,7,12,51,46,29,28,14,60,15,35,49,36,9,48,3,50,19,22,26,40,5,41,37	30	824	0	6	12	3	2	3.3492064	247.6656036	776	6	16	3.3492064	374.7700000
564	618736921237098529580367208143590660904	0.56399999999999995	REL	42,21,45,18,7,56,46,29,5,40,43,53,62,31,32,1,12,51,50,19,30,33,23,58,49,35,57,39,10,20,6,24,36,9,27,54,38,25,14,28,15,60,47,61,16,2,55,59,17,34,48,3,26,22,52,11,44,13,4,8,41,37	31	680	0	6	9	0	2	3.3492064	284.6149597	776	6	16	3.3492064	374.7700000
565	619833972515887711370403320214767240090	0.56499999999999995	REL	17,34,53,43,25,38,7,56,11,52,8,4,46,29,14,28,1,32,59,55,54,27,42,21,51,12,62,31,26,22,50,19,48,3,16,2,9,36,40,5,61,47,58,23,30,33,49,35,13,44,15,60,6,24,39,57,45,18,20,10,41,37	30	872	0	6	29	0	3	3.3492064	247.4080353	776	6	16	3.3492064	374.7700000
566	620931023794676893160439432285943819276	0.56599999999999995	REL	35,49,16,2,26,22,60,15,57,39,33,30,42,21,17,34,38,25,44,13,50,19,43,53,27,54,12,51,47,61,46,29,62,31,1,32,59,55,48,3,10,20,56,7,45,18,24,6,5,40,4,8,28,14,36,9,23,58,52,11,41,37	31	1192	0	6	16	1	2	3.3492064	263.0589294	776	6	16	3.3492064	374.7700000
567	622028075073466074950475544357120398462	0.56699999999999995	REL	38,25,60,15,61,47,16,2,19,50,23,58,33,30,6,24,42,21,62,31,11,52,57,39,20,10,28,14,9,36,56,7,55,59,27,54,49,35,26,22,18,45,3,48,51,12,43,53,40,5,17,34,1,32,4,8,46,29,44,13,41,37	30	1056	0	6	18	2	2	3.3492064	332.7633057	776	6	16	3.3492064	374.7700000
568	623125126352255256740511656428296977648	0.56799999999999995	REL	14,28,45,18,5,40,26,22,50,19,38,25,1,32,42,21,3,48,44,13,7,56,30,33,12,51,46,29,34,17,16,2,8,4,24,6,52,11,55,59,57,39,49,35,47,61,43,53,27,54,36,9,58,23,62,31,10,20,60,15,41,37	30	1128	0	6	16	1	2	3.3492064	304.2531738	776	6	16	3.3492064	374.7700000
569	624222177631044438530547768499473556834	0.56899999999999995	REL	9,36,27,54,20,10,29,46,22,26,4,8,61,47,33,30,21,42,57,39,14,28,31,62,60,15,45,18,32,1,55,59,44,13,11,52,49,35,53,43,50,19,24,6,23,58,56,7,51,12,16,2,25,38,40,5,48,3,34,17,41,37	29	1192	0	6	9	2	2	3.3492064	251.4708405	776	6	16	3.3492064	374.7700000
570	625319228909833620320583880570650136020	0.56999999999999995	REL	38,25,60,15,31,62,32,1,23,58,10,20,46,29,16,2,26,22,6,24,39,57,3,48,36,9,56,7,8,4,34,17,53,43,27,54,49,35,61,47,30,33,42,21,51,12,11,52,55,59,18,45,5,40,28,14,13,44,50,19,41,37	31	920	0	6	17	0	2	3.3492064	280.5148621	776	6	16	3.3492064	374.7700000
571	626416280188622802110619992641826715206	0.57099999999999995	REL	23,58,39,57,1,32,10,20,34,17,56,7,4,8,35,49,25,38,48,3,42,21,16,2,6,24,13,44,9,36,55,59,61,47,14,28,54,27,33,30,45,18,19,50,31,62,53,43,40,5,29,46,11,52,51,12,60,15,26,22,41,37	30	1232	0	6	4	4	2	3.3492064	243.4303284	776	6	16	3.3492064	374.7700000
572	627513331467411983900656104713003294392	0.57199999999999995	REL	56,7,29,46,61,47,54,27,59,55,36,9,16,2,40,5,48,3,13,44,10,20,52,11,58,23,39,57,53,43,6,24,30,33,50,19,42,21,49,35,38,25,32,1,28,14,4,8,34,17,45,18,15,60,12,51,31,62,26,22,41,37	29	784	0	6	2	2	2	3.3492064	272.3927307	776	6	16	3.3492064	374.7700000
573	628610382746201165690692216784179873578	0.57299999999999995	REL	42,21,61,47,32,1,27,54,18,45,31,62,13,44,29,46,48,3,49,35,19,50,39,57,15,60,10,20,7,56,59,55,23,58,5,40,14,28,8,4,17,34,51,12,2,16,30,33,11,52,26,22,24,6,53,43,9,36,38,25,41,37	29	960	0	6	31	3	2	3.3492064	272.4143372	776	6	16	3.3492064	374.7700000
574	629707434024990347480728328855356452764	0.57399999999999995	REL	44,13,10,20,6,24,50,19,48,3,18,45,51,12,43,53,58,23,57,39,14,28,17,34,7,56,25,38,60,15,36,9,49,35,11,52,21,42,61,47,59,55,8,4,33,30,29,46,2,16,5,40,32,1,31,62,26,22,54,27,41,37	30	688	0	6	3	0	2	3.3492064	278.5487366	776	6	16	3.3492064	374.7700000
575	630804485303779529270764440926533031950	0.57499999999999996	REL	27,54,34,17,58,23,35,49,28,14,36,9,4,8,60,15,24,6,18,45,20,10,38,25,40,5,44,13,50,19,2,16,52,11,1,32,57,39,55,59,31,62,21,42,3,48,26,22,12,51,33,30,53,43,47,61,56,7,46,29,41,37	29	984	0	6	20	3	2	3.3492064	278.7298279	776	6	16	3.3492064	374.7700000
576	631901536582568711060800552997709611136	0.57599999999999996	REL	58,23,20,10,54,27,42,21,39,57,52,11,34,17,36,9,61,47,22,26,30,33,48,3,4,8,28,14,25,38,60,15,2,16,6,24,29,46,5,40,45,18,1,32,43,53,35,49,59,55,51,12,56,7,13,44,19,50,62,31,41,37	29	1088	0	6	6	1	2	3.3492064	253.2534485	776	6	16	3.3492064	374.7700000
577	632998587861357892850836665068886190322	0.57699999999999996	REL	14,28,53,43,27,54,29,46,22,26,42,21,50,19,58,23,49,35,59,55,48,3,25,38,52,11,24,6,17,34,9,36,5,40,4,8,31,62,32,1,51,12,60,15,39,57,18,45,44,13,7,56,10,20,2,16,47,61,30,33,41,37	30	1136	0	6	29	1	2	3.3492064	302.9425964	776	6	16	3.3492064	374.7700000
578	634095639140147074640872777140062769508	0.57799999999999996	REL	28,14,58,23,29,46,10,20,26,22,3,48,12,51,30,33,40,5,21,42,52,11,38,25,13,44,55,59,4,8,18,45,15,60,16,2,7,56,32,1,27,54,47,61,9,36,24,6,53,43,31,62,57,39,50,19,17,34,49,35,41,37	30	1224	0	6	18	2	2	3.3492064	293.9389038	776	6	16	3.3492064	374.7700000
579	635192690418936256430908889211239348694	0.57899999999999996	REL	44,13,36,9,61,47,62,31,6,24,11,52,19,50,17,34,1,32,3,48,59,55,7,56,45,18,27,54,4,8,40,5,12,51,35,49,28,14,26,22,42,21,2,16,30,33,58,23,15,60,29,46,57,39,53,43,20,10,25,38,41,37	31	992	0	6	20	1	2	3.3492064	283.9249573	776	6	16	3.3492064	374.7700000
580	636289741697725438220945001282415927880	0.57999999999999996	REL	36,9,40,5,43,53,1,32,12,51,7,56,19,50,25,38,60,15,26,22,8,4,24,6,44,13,42,21,18,45,17,34,16,2,47,61,27,54,30,33,3,48,35,49,14,28,31,62,46,29,20,10,58,23,55,59,11,52,57,39,41,37	30	1384	0	6	30	3	2	3.3492064	317.5895691	776	6	16	3.3492064	374.7700000
581	637386792976514620010981113353592507066	0.58099999999999996	REL	26,22,49,35,40,5,18,45,61,47,46,29,1,32,59,55,6,24,2,16,38,25,56,7,13,44,57,39,51,12,62,31,20,10,53,43,17,34,58,23,52,11,28,14,8,4,9,36,50,19,48,3,27,54,30,33,15,60,21,42,41,37	30	1080	0	6	10	1	2	3.3492064	310.2665405	776	6	16	3.3492064	374.7700000
582	638483844255303801801017225424769086252	0.58199999999999996	REL	27,54,35,49,7,56,36,9,23,58,26,22,17,34,16,2,51,12,32,1,38,25,48,3,60,15,33,30,46,29,14,28,52,11,40,5,31,62,6,24,59,55,50,19,47,61,4,8,42,21,13,44,39,57,43,53,20,10,18,45,41,37	31	840	0	6	16	3	2	3.3492064	283.1148071	776	6	16	3.3492064	374.7700000
583	639580895534092983591053337495945665438	0.58299999999999996	REL	13,44,29,46,33,30,11,52,6,24,45,18,17,34,43,53,19,50,38,25,2,16,40,5,36,9,26,22,12,51,55,59,32,1,62,31,10,20,56,7,15,60,27,54,23,58,3,48,21,42,35,49,39,57,28,14,8,4,61,47,41,37	30	984	0	6	16	0	2	3.3492064	295.0830383	776	6	16	3.3492064	374.7700000
584	640677946812882165381089449567122244624	0.58399999999999996	REL	60,15,18,45,27,54,12,51,25,38,39,57,33,30,46,29,55,59,8,4,44,13,9,36,14,28,58,23,11,52,47,61,2,16,32,1,40,5,19,50,56,7,20,10,6,24,17,34,49,35,31,62,53,43,26,22,21,42,3,48,41,37	31	936	0	6	23	0	2	3.3492064	276.8785706	776	6	16	3.3492064	374.7700000
585	641774998091671347171125561638298823810	0.58499999999999996	REL	20,10,44,13,25,38,54,27,7,56,29,46,6,24,23,58,16,2,4,8,22,26,60,15,48,3,11,52,33,30,39,57,21,42,59,55,62,31,45,18,51,12,17,34,43,53,32,1,36,9,61,47,49,35,40,5,14,28,19,50,41,37	29	1368	0	6	8	1	2	3.3492064	256.6760559	776	6	16	3.3492064	374.7700000
586	642872049370460528961161673709475402996	0.58599999999999997	REL	54,27,36,9,44,13,16,2,50,19,31,62,23,58,57,39,42,21,35,49,29,46,32,1,25,38,10,20,55,59,18,45,56,7,51,12,40,5,14,28,22,26,24,6,53,43,47,61,17,34,15,60,30,33,3,48,8,4,11,52,41,37	30	928	0	6	4	2	2	3.3492064	349.8737183	776	6	16	3.3492064	374.7700000
587	643969100649249710751197785780651982182	0.58699999999999997	REL	3,48,26,22,46,29,28,14,36,9,5,40,38,25,50,19,21,42,57,39,24,6,18,45,33,30,58,23,51,12,47,61,20,10,7,56,1,32,17,34,15,60,59,55,27,54,52,11,44,13,62,31,8,4,2,16,35,49,43,53,41,37	30	1392	0	6	4	1	2	3.3492064	272.9721375	776	6	16	3.3492064	374.7700000
588	645066151928038892541233897851828561368	0.58799999999999997	REL	52,11,40,5,19,50,33,30,21,42,4,8,43,53,60,15,23,58,45,18,26,22,10,20,39,57,62,31,61,47,59,55,6,24,44,13,16,2,32,1,29,46,51,12,48,3,36,9,27,54,49,35,28,14,38,25,17,34,7,56,41,37	31	784	0	6	16	1	2	3.3492064	260.0192566	776	6	16	3.3492064	374.7700000
589	646163203206828074331270009923005140554	0.58899999999999997	REL	20,10,16,2,59,55,53,43,54,27,9,36,5,40,47,61,4,8,3,48,35,49,24,6,33,30,19,50,28,14,21,42,32,1,62,31,25,38,22,26,60,15,46,29,56,7,18,45,52,11,51,12,44,13,17,34,57,39,23,58,41,37	28	832	0	6	31	3	2	3.3492064	267.5233765	776	6	16	3.3492064	374.7700000
590	647260254485617256121306121994181719740	0.58999999999999997	REL	56,7,26,22,59,55,50,19,25,38,54,27,61,47,29,46,9,36,13,44,28,14,49,35,45,18,21,42,48,3,58,23,51,12,33,30,40,5,39,57,16,2,4,8,32,1,10,20,24,6,11,52,53,43,31,62,34,17,15,60,41,37	30	1008	0	6	30	1	2	3.3492064	271.2377319	776	6	16	3.3492064	374.7700000
591	648357305764406437911342234065358298926	0.59099999999999997	REL	5,40,1,32,21,42,16,2,12,51,53,43,18,45,6,24,54,27,28,14,23,58,17,34,39,57,52,11,15,60,3,48,44,13,10,20,62,31,22,26,46,29,8,4,30,33,19,50,7,56,9,36,38,25,49,35,59,55,47,61,41,37	31	1136	0	6	25	2	2	3.3492064	370.2732849	776	6	16	3.3492064	374.7700000
592	649454357043195619701378346136534878112	0.59199999999999997	REL	5,40,2,16,59,55,46,29,62,31,19,50,23,58,45,18,56,7,43,53,6,24,30,33,4,8,60,15,44,13,39,57,11,52,37,41,21,42,61,47,35,49,14,28,20,10,22,26,17,34,9,36,12,51,27,54,3,48,32,1,25,38	30	1064	0	6	26	0	2	3.3492064	353.0584717	776	6	16	3.3492064	374.7700000
593	650551408321984801491414458207711457298	0.59299999999999997	REL	35,49,7,56,34,17,13,44,37,41,27,54,62,31,15,60,8,4,28,14,39,57,24,6,58,23,40,5,18,45,9,36,21,42,47,61,19,50,30,33,10,20,53,43,2,16,1,32,12,51,52,11,22,26,59,55,46,29,48,3,25,38	30	1200	0	6	30	1	2	3.3492064	257.8134460	776	6	16	3.3492064	374.7700000
594	651648459600773983281450570278888036484	0.59399999999999997	REL	11,52,30,33,29,46,26,22,35,49,44,13,62,31,12,51,50,19,58,23,34,17,2,16,56,7,41,37,61,47,14,28,18,45,9,36,24,6,3,48,53,43,32,1,15,60,8,4,59,55,39,57,42,21,27,54,20,10,40,5,25,38	30	808	0	6	19	1	2	3.3492064	252.7173309	776	6	16	3.3492064	374.7700000
595	652745510879563165071486682350064615670	0.59499999999999997	REL	34,17,28,14,18,45,5,40,52,11,43,53,32,1,8,4,54,27,41,37,42,21,12,51,59,55,48,3,24,6,57,39,2,16,49,35,13,44,9,36,20,10,30,33,60,15,19,50,62,31,26,22,29,46,23,58,61,47,56,7,25,38	29	1280	0	6	14	2	3	3.3492064	353.4020691	776	6	16	3.3492064	374.7700000
596	653842562158352346861522794421241194856	0.59599999999999997	REL	42,21,32,1,3,48,37,41,31,62,52,11,17,34,60,15,46,29,57,39,54,27,12,51,26,22,56,7,45,18,5,40,2,16,33,30,55,59,4,8,43,53,23,58,47,61,24,6,10,20,14,28,44,13,49,35,19,50,36,9,25,38	29	600	0	6	7	1	2	3.3492064	310.1765137	776	6	16	3.3492064	374.7700000
597	654939613437141528651558906492417774042	0.59699999999999998	REL	19,50,44,13,8,4,48,3,9,36,55,59,16,2,22,26,34,17,45,18,49,35,10,20,60,15,53,43,33,30,31,62,57,39,51,12,41,37,5,40,23,58,29,46,61,47,27,54,7,56,1,32,28,14,42,21,6,24,52,11,25,38	31	920	0	6	25	0	2	3.3492064	320.5343018	776	6	16	3.3492064	374.7700000
598	656036664715930710441595018563594353228	0.59799999999999998	REL	9,36,48,3,23,58,50,19,1,32,46,29,16,2,55,59,30,33,6,24,52,11,34,17,7,56,13,44,47,61,5,40,53,43,15,60,21,42,31,62,8,4,39,57,37,41,49,35,28,14,18,45,20,10,26,22,27,54,51,12,25,38	30	1112	0	6	14	1	2	3.3492064	346.4427795	776	6	16	3.3492064	374.7700000
599	657133715994719892231631130634770932414	0.59899999999999998	REL	26,22,18,45,12,51,61,47,1,32,5,40,11,52,59,55,44,13,24,6,42,21,39,57,8,4,41,37,20,10,9,36,17,34,53,43,3,48,54,27,31,62,29,46,30,33,56,7,2,16,19,50,60,15,23,58,49,35,28,14,25,38	28	952	0	6	22	2	2	3.3492064	247.7768250	776	6	16	3.3492064	374.7700000
600	658230767273509074021667242705947511600	0.59999999999999998	REL	58,23,26,22,27,54,52,11,49,35,55,59,45,18,28,14,43,53,51,12,10,20,48,3,57,39,62,31,5,40,61,47,34,17,30,33,46,29,7,56,1,32,13,44,19,50,42,21,36,9,37,41,15,60,24,6,4,8,2,16,25,38	30	1152	0	6	9	1	2	3.3492064	251.3571167	776	6	16	3.3492064	374.7700000
601	659327818552298255811703354777124090786	0.60099999999999998	REL	52,11,41,37,26,22,44,13,46,29,48,3,14,28,55,59,57,39,43,53,23,58,19,50,35,49,9,36,30,33,2,16,32,1,15,60,17,34,47,61,5,40,42,21,54,27,56,7,4,8,31,62,51,12,24,6,20,10,45,18,25,38	31	1040	0	6	31	0	2	3.3492064	345.1676331	776	6	16	3.3492064	374.7700000
602	660424869831087437601739466848300669972	0.60199999999999998	REL	21,42,33,30,36,9,28,14,2,16,35,49,53,43,27,54,10,20,46,29,23,58,61,47,5,40,52,11,34,17,56,7,51,12,60,15,26,22,4,8,18,45,6,24,57,39,44,13,3,48,32,1,62,31,55,59,37,41,50,19,25,38	30	464	0	6	6	0	2	3.3492064	317.8155212	776	6	16	3.3492064	374.7700000
603	661521921109876619391775578919477249158	0.60299999999999998	REL	50,19,48,3,17,34,24,6,47,61,51,12,26,22,23,58,27,54,43,53,15,60,13,44,7,56,16,2,39,57,45,18,40,5,4,8,30,33,55,59,52,11,46,29,10,20,31,62,28,14,49,35,32,1,37,41,36,9,42,21,25,38	30	1040	0	6	31	1	2	3.3492064	281.9576416	776	6	16	3.3492064	374.7700000
604	662618972388665801181811690990653828344	0.60399999999999998	REL	39,57,36,9,2,16,50,19,53,43,3,48,4,8,30,33,60,15,42,21,24,6,62,31,5,40,11,52,47,61,28,14,49,35,41,37,45,18,23,58,32,1,13,44,46,29,10,20,12,51,56,7,54,27,34,17,55,59,26,22,25,38	29	1160	0	6	28	3	2	3.3492064	266.9344482	776	6	16	3.3492064	374.7700000
605	663716023667454982971847803061830407530	0.60499999999999998	REL	41,37,28,14,21,42,57,39,34,17,11,52,33,30,31,62,1,32,53,43,13,44,10,20,48,3,8,4,19,50,35,49,22,26,51,12,5,40,59,55,15,60,29,46,23,58,2,16,61,47,7,56,9,36,54,27,18,45,6,24,25,38	30	816	0	6	19	0	2	3.3492064	319.5191650	776	6	16	3.3492064	374.7700000
606	664813074946244164761883915133006986716	0.60599999999999998	REL	18,45,46,29,57,39,2,16,3,48,41,37,11,52,58,23,28,14,22,26,32,1,4,8,35,49,60,15,53,43,20,10,59,55,61,47,30,33,19,50,17,34,42,21,62,31,44,13,24,6,12,51,5,40,36,9,7,56,54,27,25,38	30	936	0	6	8	2	2	3.3492064	250.9964447	776	6	16	3.3492064	374.7700000
607	665910126225033346551920027204183565902	0.60699999999999998	REL	46,29,45,18,10,20,34,17,57,39,43,53,31,62,12,51,15,60,22,26,11,52,32,1,8,4,40,5,54,27,61,47,21,42,7,56,48,3,37,41,49,35,14,28,23,58,55,59,24,6,19,50,13,44,36,9,16,2,33,30,25,38	30	808	0	6	30	1	2	3.3492064	323.0036621	776	6	16	3.3492064	374.7700000
608	667007177503822528341956139275360145088	0.60799999999999998	REL	2,16,23,58,30,33,52,11,22,26,6,24,43,53,7,56,18,45,39,57,20,10,41,37,12,51,21,42,61,47,59,55,13,44,49,35,1,32,60,15,4,8,14,28,5,40,50,19,17,34,3,48,36,9,54,27,46,29,62,31,25,38	29	720	0	6	16	1	2	3.3492064	249.5756378	776	6	16	3.3492064	374.7700000
609	668104228782611710131992251346536724274	0.60899999999999999	REL	48,3,29,46,56,7,52,11,58,23,26,22,51,12,31,62,37,41,53,43,59,55,1,32,42,21,18,45,61,47,9,36,5,40,6,24,60,15,39,57,17,34,54,27,28,14,49,35,10,20,8,4,19,50,2,16,44,13,30,33,25,38	29	896	0	6	22	3	2	3.3492064	312.4176331	776	6	16	3.3492064	374.7700000
610	669201280061400891922028363417713303460	0.60999999999999999	REL	30,33,37,41,46,29,16,2,61,47,3,48,20,10,5,40,60,15,62,31,53,43,51,12,18,45,1,32,28,14,9,36,34,17,52,11,59,55,13,44,4,8,58,23,26,22,7,56,24,6,21,42,19,50,39,57,27,54,49,35,25,38	29	824	0	6	23	2	2	3.3492064	269.1963501	776	6	16	3.3492064	374.7700000
611	670298331340190073712064475488889882646	0.61099999999999999	REL	45,18,56,7,59,55,26,22,21,42,4,8,48,3,6,24,27,54,62,31,60,15,9,36,1,32,11,52,39,57,43,53,41,37,29,46,28,14,49,35,2,16,51,12,13,44,33,30,61,47,19,50,20,10,58,23,17,34,5,40,25,38	30	536	0	6	4	0	2	3.3492064	269.0968323	776	6	16	3.3492064	374.7700000
612	671395382618979255502100587560066461832	0.61199999999999999	REL	48,3,18,45,53,43,13,44,22,26,2,16,33,30,31,62,35,49,20,10,15,60,59,55,34,17,28,14,50,19,41,37,40,5,58,23,29,46,61,47,7,56,27,54,12,51,1,32,24,6,8,4,39,57,9,36,52,11,21,42,25,38	30	840	0	6	30	1	2	3.3492064	344.9510803	776	6	16	3.3492064	374.7700000
613	672492433897768437292136699631243041018	0.61299999999999999	REL	40,5,22,26,51,12,16,2,33,30,14,28,6,24,41,37,35,49,7,56,52,11,13,44,1,32,55,59,58,23,39,57,34,17,46,29,36,9,18,45,42,21,54,27,20,10,15,60,4,8,48,3,47,61,62,31,19,50,53,43,25,38	30	904	0	6	17	1	2	3.3492064	300.7246704	776	6	16	3.3492064	374.7700000
614	673589485176557619082172811702419620204	0.61399999999999999	REL	21,42,49,35,47,61,1,32,59,55,20,10,13,44,5,40,12,51,27,54,4,8,58,23,31,62,48,3,43,53,15,60,33,30,24,6,57,39,22,26,52,11,2,16,17,34,41,37,50,19,7,56,9,36,46,29,14,28,18,45,25,38	30	984	0	6	18	2	2	3.3492064	327.0524292	776	6	16	3.3492064	374.7700000
615	674686536455346800872208923773596199390	0.61499999999999999	REL	22,26,62,31,56,7,45,18,11,52,44,13,47,61,17,34,43,53,50,19,30,33,37,41,49,35,10,20,55,59,32,1,40,5,23,58,15,60,29,46,27,54,28,14,21,42,2,16,51,12,57,39,24,6,9,36,4,8,3,48,25,38	30	864	0	6	29	2	2	3.3492064	251.3966370	776	6	16	3.3492064	374.7700000
616	675783587734135982662245035844772778576	0.61599999999999999	REL	18,45,44,13,43,53,9,36,16,2,56,7,34,17,27,54,21,42,33,30,31,62,55,59,52,11,24,6,39,57,15,60,26,22,41,37,19,50,46,29,4,8,28,14,32,1,23,58,51,12,20,10,48,3,47,61,5,40,35,49,25,38	30	1032	0	6	19	2	2	3.3492064	299.8990173	776	6	16	3.3492064	374.7700000
617	676880639012925164452281147915949357762	0.61699999999999999	REL	3,48,46,29,44,13,43,53,33,30,2,16,23,58,24,6,52,11,7,56,1,32,28,14,22,26,20,10,36,9,27,54,31,62,18,45,55,59,4,8,49,35,5,40,15,60,37,41,61,47,39,57,34,17,19,50,42,21,12,51,25,38	29	1312	0	6	21	1	2	3.3492064	273.9776917	776	6	16	3.3492064	374.7700000
618	677977690291714346242317259987125936948	0.61799999999999999	REL	20,10,18,45,32,1,34,17,36,9,2,16,19,50,22,26,12,51,41,37,33,30,3,48,57,39,42,21,6,24,23,58,5,40,59,55,4,8,43,53,44,13,35,49,54,27,14,28,61,47,7,56,29,46,60,15,31,62,11,52,25,38	29	1160	0	6	14	3	2	3.3492064	336.6131897	776	6	16	3.3492064	374.7700000
619	679074741570503528032353372058302516134	0.61899999999999999	REL	36,9,4,8,26,22,34,17,57,39,2,16,44,13,28,14,32,1,24,6,37,41,61,47,45,18,51,12,42,21,60,15,27,54,43,53,56,7,35,49,3,48,10,20,40,5,58,23,52,11,50,19,29,46,31,62,30,33,59,55,25,38	28	1184	0	6	5	3	2	3.3492064	264.1807251	776	6	16	3.3492064	374.7700000
620	680171792849292709822389484129479095320	0.62	REL	15,60,50,19,5,40,9,36,42,21,31,62,52,11,61,47,56,7,4,8,58,23,34,17,20,10,48,3,2,16,53,43,49,35,14,28,13,44,54,27,51,12,32,1,18,45,33,30,59,55,46,29,41,37,22,26,6,24,39,57,25,38	31	912	0	6	7	0	2	3.3492064	245.1484985	776	6	16	3.3492064	374.7700000
621	681268844128081891612425596200655674506	0.621	REL	19,50,6,24,12,51,31,62,14,28,53,43,46,29,41,37,3,48,27,54,26,22,2,16,5,40,15,60,10,20,45,18,1,32,39,57,61,47,30,33,34,17,23,58,56,7,21,42,36,9,49,35,44,13,52,11,4,8,55,59,25,38	28	1128	0	6	8	1	2	3.3492064	300.8427124	776	6	16	3.3492064	374.7700000
622	682365895406871073402461708271832253692	0.622	REL	56,7,37,41,46,29,16,2,14,28,8,4,13,44,49,35,36,9,57,39,55,59,11,52,40,5,43,53,3,48,54,27,31,62,1,32,18,45,12,51,26,22,34,17,61,47,50,19,20,10,23,58,6,24,33,30,21,42,15,60,25,38	31	1184	0	6	29	1	2	3.3492064	264.9688721	776	6	16	3.3492064	374.7700000
623	683462946685660255192497820343008832878	0.623	REL	20,10,8,4,61,47,30,33,51,12,1,32,39,57,9,36,56,7,16,2,54,27,42,21,50,19,29,46,43,53,44,13,28,14,49,35,11,52,34,17,3,48,55,59,60,15,5,40,37,41,26,22,23,58,6,24,45,18,31,62,25,38	31	856	0	6	21	0	2	3.3492064	253.4057465	776	6	16	3.3492064	374.7700000
624	684559997964449436982533932414185412064	0.624	REL	30,33,58,23,53,43,19,50,36,9,7,56,44,13,17,34,51,12,1,32,4,8,57,39,40,5,49,35,45,18,60,15,48,3,25,38,6,24,11,52,26,22,54,27,42,21,55,59,47,61,62,31,28,14,29,46,20,10,16,2,37,41	28	1152	0	6	3	5	2	3.3492064	311.1447754	776	6	16	3.3492064	374.7700000
625	685657049243238618772570044485361991250	0.625	REL	20,10,25,38,33,30,52,11,58,23,36,9,45,18,22,26,60,15,8,4,34,17,29,46,40,5,28,14,1,32,62,31,24,6,47,61,50,19,44,13,35,49,42,21,55,59,43,53,16,2,7,56,54,27,51,12,39,57,48,3,37,41	31	1120	0	6	12	0	2	3.3492064	304.2562866	776	6	16	3.3492064	374.7700000
626	686754100522027800562606156556538570436	0.626	REL	9,36,35,49,22,26,21,42,25,38,51,12,47,61,13,44,5,40,33,30,56,7,15,60,23,58,34,17,18,45,29,46,8,4,53,43,1,32,31,62,50,19,52,11,14,28,27,54,3,48,39,57,55,59,10,20,16,2,24,6,37,41	30	1224	0	6	12	3	2	3.3492064	311.1044922	776	6	16	3.3492064	374.7700000
627	687851151800816982352642268627715149622	0.627	REL	43,53,33,30,62,31,54,27,19,50,2,16,32,1,36,9,51,12,24,6,17,34,39,57,60,15,10,20,49,35,28,14,61,47,29,46,26,22,5,40,52,11,23,58,44,13,3,48,59,55,45,18,4,8,21,42,25,38,56,7,37,41	30	712	0	6	17	2	2	3.3492064	266.9764404	776	6	16	3.3492064	374.7700000
628	688948203079606164142678380698891728808	0.628	REL	40,5,10,20,31,62,14,28,53,43,47,61,46,29,56,7,2,16,21,42,33,30,8,4,12,51,26,22,13,44,35,49,34,17,52,11,57,39,3,48,24,6,15,60,23,58,18,45,59,55,25,38,19,50,1,32,54,27,36,9,37,41	30	992	0	6	23	1	2	3.3492064	253.1169739	776	6	16	3.3492064	374.7700000
629	690045254358395345932714492770068307994	0.629	REL	52,11,32,1,43,53,54,27,42,21,31,62,24,6,7,56,34,17,23,58,39,57,30,33,36,9,29,46,35,49,47,61,45,18,14,28,4,8,5,40,2,16,25,38,15,60,3,48,22,26,13,44,59,55,50,19,20,10,51,12,37,41	30	680	0	6	30	0	2	3.3492064	306.2057190	776	6	16	3.3492064	374.7700000
630	691142305637184527722750604841244887180	0.63	REL	60,15,53,43,18,45,56,7,61,47,23,58,14,28,50,19,54,27,22,26,1,32,16,2,12,51,33,30,24,6,39,57,62,31,17,34,36,9,21,42,11,52,4,8,55,59,10,20,25,38,48,3,35,49,5,40,29,46,44,13,37,41	30	1360	0	6	23	2	2	3.3492064	405.3447876	776	6	16	3.3492064	374.7700000
631	692239356915973709512786716912421466366	0.63100000000000001	REL	52,11,28,14,7,56,57,39,50,19,47,61,45,18,3,48,40,5,49,35,54,27,24,6,43,53,58,23,4,8,34,17,46,29,26,22,10,20,9,36,33,30,42,21,13,44,1,32,51,12,2,16,38,25,59,55,62,31,60,15,37,41	29	1040	0	6	9	1	2	3.3492064	311.0650330	776	6	16	3.3492064	374.7700000
632	693336408194762891302822828983598045552	0.63200000000000001	REL	51,12,45,18,6,24,27,54,59,55,13,44,8,4,3,48,1,32,31,62,40,5,43,53,58,23,21,42,33,30,19,50,7,56,25,38,49,35,47,61,36,9,57,39,2,16,10,20,28,14,29,46,11,52,22,26,60,15,34,17,37,41	30	816	0	6	29	2	2	3.3492064	301.3264160	776	6	16	3.3492064	374.7700000
633	694433459473552073092858941054774624738	0.63300000000000001	REL	38,25,15,60,48,3,36,9,54,27,49,35,34,17,58,23,28,14,42,21,55,59,50,19,61,47,52,11,22,26,62,31,45,18,24,6,46,29,44,13,5,40,57,39,12,51,2,16,33,30,4,8,43,53,56,7,32,1,10,20,37,41	31	816	0	6	11	0	2	3.3492064	298.3647461	776	6	16	3.3492064	374.7700000
634	695530510752341254882895053125951203924	0.63400000000000001	REL	26,22,51,12,32,1,47,61,7,56,44,13,60,15,35,49,39,57,40,5,3,48,52,11,55,59,29,46,28,14,34,17,23,58,53,43,45,18,25,38,50,19,31,62,8,4,30,33,24,6,16,2,10,20,27,54,9,36,42,21,37,41	27	1152	0	6	21	3	2	3.3492064	314.7006226	776	6	16	3.3492064	374.7700000
635	696627562031130436672931165197127783110	0.63500000000000001	REL	12,51,18,45,21,42,26,22,55,59,48,3,11,52,34,17,46,29,40,5,27,54,61,47,9,36,49,35,8,4,6,24,43,53,28,14,60,15,10,20,62,31,7,56,50,19,1,32,13,44,33,30,57,39,2,16,38,25,58,23,37,41	30	912	0	6	15	1	2	3.3492064	308.3074036	776	6	16	3.3492064	374.7700000
636	697724613309919618462967277268304362296	0.63600000000000001	REL	34,17,6,24,9,36,61,47,30,33,55,59,28,14,21,42,8,4,10,20,46,29,44,13,27,54,19,50,49,35,32,1,40,5,16,2,51,12,15,60,57,39,38,25,7,56,52,11,43,53,58,23,62,31,18,45,48,3,22,26,37,41	29	904	0	6	13	1	3	3.3492064	258.4855652	776	6	16	3.3492064	374.7700000
637	698821664588708800253003389339480941482	0.63700000000000001	REL	10,20,17,34,4,8,15,60,61,47,50,19,31,62,7,56,54,27,6,24,42,21,9,36,58,23,46,29,30,33,2,16,52,11,1,32,39,57,53,43,25,38,13,44,48,3,40,5,49,35,55,59,45,18,14,28,12,51,22,26,37,41	31	1120	0	6	11	1	2	3.3492064	262.2609558	776	6	16	3.3492064	374.7700000
638	699918715867497982043039501410657520668	0.63800000000000001	REL	9,36,1,32,53,43,38,25,17,34,48,3,23,58,28,14,19,50,18,45,15,60,4,8,35,49,42,21,22,26,52,11,16,2,61,47,5,40,27,54,56,7,30,33,13,44,6,24,31,62,59,55,57,39,51,12,10,20,46,29,37,41	31	1320	0	6	16	0	2	3.3492064	252.0714264	776	6	16	3.3492064	374.7700000
639	701015767146287163833075613481834099854	0.63900000000000001	REL	2,16,61,47,27,54,39,57,59,55,33,30,18,45,21,42,49,35,10,20,58,23,28,14,62,31,50,19,5,40,29,46,48,3,60,15,26,22,24,6,52,11,38,25,51,12,9,36,53,43,8,4,44,13,17,34,56,7,1,32,37,41	30	1104	0	6	11	1	2	3.3492064	296.0278015	776	6	16	3.3492064	374.7700000
640	702112818425076345623111725553010679040	0.64000000000000001	REL	57,39,53,43,20,10,59,55,25,38,50,19,35,49,54,27,60,15,36,9,2,16,42,21,61,47,23,58,11,52,44,13,14,28,5,40,46,29,8,4,48,3,7,56,31,62,18,45,33,30,26,22,24,6,32,1,51,12,17,34,37,41	30	848	0	6	24	2	2	3.3492064	300.1636658	776	6	16	3.3492064	374.7700000
641	703209869703865527413147837624187258226	0.64100000000000001	REL	18,45,32,1,47,61,33,30,5,40,9,36,16,2,20,10,34,17,55,59,4,8,56,7,44,13,11,52,46,29,48,3,14,28,60,15,26,22,12,51,62,31,6,24,19,50,38,25,42,21,54,27,39,57,58,23,43,53,49,35,37,41	29	1104	0	6	11	0	2	3.3492064	275.5568542	776	6	16	3.3492064	374.7700000
642	704306920982654709203183949695363837412	0.64200000000000002	REL	22,26,4,8,57,39,46,29,40,5,33,30,44,13,23,58,9,36,50,19,14,28,11,52,56,7,2,16,47,61,12,51,45,18,42,21,62,31,3,48,20,10,35,49,53,43,27,54,6,24,32,1,17,34,55,59,15,60,25,38,37,41	31	1232	0	6	18	0	2	3.3492064	274.8959045	776	6	16	3.3492064	374.7700000
643	705403972261443890993220061766540416598	0.64300000000000002	REL	54,27,61,47,42,21,44,13,62,31,24,6,35,49,4,8,33,30,10,20,38,25,55,59,46,29,1,32,18,45,14,28,22,26,2,16,56,7,34,17,60,15,19,50,48,3,12,51,11,52,36,9,43,53,57,39,23,58,5,40,37,41	31	1168	0	6	19	3	2	3.3492064	251.3766937	776	6	16	3.3492064	374.7700000
644	706501023540233072783256173837716995784	0.64400000000000002	REL	14,28,15,60,54,27,3,48,46,29,4,8,25,38,35,49,32,1,47,61,2,16,13,44,30,33,11,52,23,58,56,7,45,18,55,59,50,19,20,10,6,24,42,21,17,34,26,22,31,62,36,9,39,57,12,51,5,40,53,43,37,41	30	1000	0	6	17	1	2	3.3492064	243.4080353	776	6	16	3.3492064	374.7700000
645	707598074819022254573292285908893574970	0.64500000000000002	REL	58,23,47,61,26,22,5,40,28,14,16,2,62,31,10,20,55,59,3,48,57,39,60,15,35,49,53,43,13,44,21,42,1,32,46,29,27,54,9,36,12,51,34,17,50,19,33,30,6,24,11,52,56,7,4,8,25,38,18,45,37,41	30	872	0	6	26	1	2	3.3492064	372.7778320	776	6	16	3.3492064	374.7700000
646	708695126097811436363328397980070154156	0.64600000000000002	REL	24,6,50,19,31,62,42,21,15,60,14,28,35,49,4,8,1,32,45,18,48,3,46,29,26,22,36,9,58,23,51,12,44,13,16,2,17,34,57,39,27,54,55,59,30,33,40,5,11,52,25,38,43,53,7,56,10,20,61,47,37,41	31	944	0	6	30	1	2	3.3492064	294.5051270	776	6	16	3.3492064	374.7700000
647	709792177376600618153364510051246733342	0.64700000000000002	REL	8,4,60,15,42,21,6,24,46,29,62,31,10,20,45,18,56,7,52,11,1,32,34,17,22,26,12,51,30,33,61,47,35,49,25,38,44,13,55,59,40,5,9,36,27,54,58,23,14,28,2,16,19,50,43,53,39,57,3,48,37,41	30	1240	0	6	9	1	2	3.3492064	281.0606689	776	6	16	3.3492064	374.7700000
648	710889228655389799943400622122423312528	0.64800000000000002	REL	25,38,5,40,26,22,28,14,27,54,15,60,56,7,30,33,29,46,43,53,9,36,39,57,45,18,21,42,35,49,58,23,20,10,4,8,44,13,59,55,6,24,2,16,51,12,17,34,47,61,62,31,32,1,52,11,3,48,19,50,37,41	30	1056	0	6	24	1	2	3.3492064	332.4039307	776	6	16	3.3492064	374.7700000
649	711986279934178981733436734193599891714	0.64900000000000002	REL	44,13,24,6,33,30,20,10,53,43,32,1,51,12,9,36,2,16,18,45,40,5,60,15,21,42,55,59,22,26,8,4,25,38,48,3,47,61,35,49,7,56,54,27,17,34,62,31,29,46,28,14,39,57,58,23,50,19,11,52,37,41	29	1176	0	6	26	0	2	3.3492064	327.6626282	776	6	16	3.3492064	374.7700000
650	713083331212968163523472846264776470900	0.65000000000000002	REL	52,11,50,19,43,53,38,25,56,7,55,59,57,39,44,13,61,47,49,35,16,2,51,12,58,23,17,34,36,9,48,3,18,45,21,42,40,5,31,62,1,32,20,10,33,30,15,60,6,24,14,28,4,8,29,46,26,22,27,54,37,41	30	1040	0	6	23	1	2	3.3492064	366.3552551	776	6	16	3.3492064	374.7700000
651	714180382491757345313508958335953050086	0.65100000000000002	REL	9,36,6,24,15,60,31,62,22,26,18,45,4,8,27,54,42,21,35,49,14,28,32,1,29,46,61,47,57,39,48,3,38,25,30,33,17,34,11,52,23,58,10,20,5,40,12,51,19,50,44,13,53,43,55,59,16,2,7,56,37,41	30	960	0	6	6	2	2	3.3492064	299.6860657	776	6	16	3.3492064	374.7700000
652	715277433770546527103545070407129629272	0.65200000000000002	REL	17,34,24,6,47,61,27,54,19,50,13,44,46,29,15,60,38,25,21,42,26,22,8,4,10,20,49,35,23,58,2,16,32,1,59,55,45,18,30,33,51,12,43,53,40,5,7,56,11,52,62,31,9,36,28,14,3,48,39,57,37,41	30	1280	0	6	18	1	3	3.3492064	276.9701538	776	6	16	3.3492064	374.7700000
653	716374485049335708893581182478306208458	0.65300000000000002	REL	44,13,11,52,1,32,14,28,17,34,20,10,31,62,49,35,55,59,30,33,42,21,57,39,47,61,22,26,56,7,50,19,23,58,5,40,38,25,18,45,43,53,4,8,27,54,2,16,12,51,48,3,9,36,24,6,46,29,15,60,37,41	30	1040	0	6	23	2	2	3.3492064	288.0766602	776	6	16	3.3492064	374.7700000
654	717471536328124890683617294549482787644	0.65400000000000003	REL	38,25,28,14,44,13,6,24,11,52,30,33,1,32,42,21,53,43,60,15,35,49,8,4,7,56,19,50,3,48,59,55,47,61,20,10,17,34,29,46,18,45,5,40,57,39,22,26,23,58,54,27,2,16,12,51,36,9,31,62,37,41	31	848	0	6	11	0	2	3.3492064	321.8873901	776	6	16	3.3492064	374.7700000
655	718568587606914072473653406620659366830	0.65500000000000003	REL	20,10,28,14,44,13,24,6,11,52,5,40,45,18,19,50,17,34,38,25,12,51,26,22,61,47,49,35,55,59,2,16,58,23,43,53,33,30,48,3,60,15,41,37,46,29,39,57,8,4,54,27,9,36,56,7,31,62,32,1,21,42	29	856	0	6	18	1	2	3.3492064	314.0488281	776	6	16	3.3492064	374.7700000
656	719665638885703254263689518691835946016	0.65600000000000003	REL	26,22,27,54,39,57,46,29,8,4,45,18,40,5,28,14,49,35,15,60,51,12,34,17,10,20,23,58,31,62,13,44,47,61,43,53,59,55,52,11,30,33,50,19,2,16,24,6,36,9,25,38,32,1,7,56,37,41,48,3,21,42	28	1224	0	6	2	1	2	3.3492064	275.9645996	776	6	16	3.3492064	374.7700000
657	720762690164492436053725630763012525202	0.65700000000000003	REL	43,53,31,62,48,3,41,37,57,39,9,36,17,34,45,18,54,27,8,4,44,13,11,52,2,16,51,12,25,38,6,24,61,47,10,20,60,15,26,22,19,50,23,58,29,46,32,1,35,49,14,28,56,7,59,55,30,33,40,5,21,42	30	1152	0	6	20	0	2	3.3492064	448.7048035	776	6	16	3.3492064	374.7700000
658	721859741443281617843761742834189104388	0.65800000000000003	REL	58,23,12,51,22,26,31,62,1,32,3,48,10,20,55,59,18,45,9,36,44,13,11,52,38,25,15,60,8,4,50,19,5,40,14,28,47,61,24,6,29,46,34,17,41,37,43,53,49,35,57,39,54,27,33,30,2,16,56,7,21,42	29	936	0	6	19	1	2	3.3492064	350.6747742	776	6	16	3.3492064	374.7700000
659	722956792722070799633797854905365683574	0.65900000000000003	REL	22,26,50,19,44,13,25,38,6,24,27,54,47,61,56,7,20,10,59,55,33,30,17,34,3,48,5,40,52,11,18,45,46,29,8,4,62,31,51,12,43,53,28,14,15,60,39,57,23,58,35,49,41,37,16,2,32,1,36,9,21,42	30	1224	0	6	29	1	2	3.3492064	297.1840820	776	6	16	3.3492064	374.7700000
660	724053844000859981423833966976542262760	0.66000000000000003	REL	49,35,55,59,41,37,20,10,60,15,54,27,28,14,45,18,40,5,33,30,13,44,26,22,38,25,58,23,39,57,24,6,47,61,8,4,46,29,34,17,12,51,62,31,7,56,53,43,2,16,3,48,50,19,1,32,9,36,52,11,21,42	30	1072	0	6	13	0	2	3.3492064	264.9388123	776	6	16	3.3492064	374.7700000
661	725150895279649163213870079047718841946	0.66100000000000003	REL	24,6,34,17,41,37,11,52,29,46,36,9,39,57,50,19,49,35,54,27,45,18,8,4,31,62,53,43,2,16,47,61,33,30,60,15,58,23,7,56,10,20,26,22,59,55,32,1,3,48,28,14,38,25,51,12,40,5,44,13,21,42	30	960	0	6	14	1	2	3.3492064	271.3499451	776	6	16	3.3492064	374.7700000
662	726247946558438345003906191118895421132	0.66200000000000003	REL	41,37,38,25,8,4,59,55,49,35,1,32,51,12,45,18,46,29,6,24,23,58,62,31,60,15,2,16,5,40,10,20,26,22,30,33,44,13,7,56,19,50,3,48,36,9,47,61,43,53,34,17,11,52,57,39,27,54,28,14,21,42	29	1000	0	6	8	1	2	3.3492064	297.2881470	776	6	16	3.3492064	374.7700000
663	727344997837227526793942303190072000318	0.66300000000000003	REL	56,7,38,25,60,15,26,22,20,10,48,3,18,45,34,17,58,23,47,61,50,19,52,11,8,4,41,37,53,43,13,44,54,27,29,46,59,55,30,33,51,12,36,9,39,57,35,49,40,5,28,14,62,31,32,1,6,24,2,16,21,42	30	768	0	6	4	0	2	3.3492064	267.4328003	776	6	16	3.3492064	374.7700000
664	728442049116016708583978415261248579504	0.66400000000000003	REL	2,16,52,11,35,49,47,61,41,37,26,22,34,17,24,6,15,60,23,58,55,59,28,14,3,48,1,32,13,44,40,5,30,33,56,7,36,9,46,29,19,50,57,39,53,43,51,12,62,31,25,38,10,20,8,4,54,27,45,18,21,42	30	800	0	6	5	0	2	3.3492064	351.2205505	776	6	16	3.3492064	374.7700000
665	729539100394805890374014527332425158690	0.66500000000000004	REL	20,10,14,28,22,26,37,41,59,55,46,29,8,4,30,33,51,12,62,31,38,25,60,15,3,48,39,57,18,45,17,34,56,7,47,61,27,54,35,49,5,40,53,43,36,9,32,1,44,13,6,24,11,52,16,2,23,58,50,19,21,42	28	864	0	6	27	3	2	3.3492064	265.2776184	776	6	16	3.3492064	374.7700000
666	730636151673595072164050639403601737876	0.66600000000000004	REL	39,57,60,15,38,25,10,20,40,5,54,27,55,59,46,29,8,4,34,17,32,1,53,43,24,6,62,31,26,22,41,37,19,50,36,9,45,18,33,30,13,44,12,51,3,48,61,47,56,7,14,28,52,11,35,49,16,2,58,23,21,42	29	792	0	6	18	1	2	3.3492064	305.8099060	776	6	16	3.3492064	374.7700000
667	731733202952384253954086751474778317062	0.66700000000000004	REL	49,35,32,1,26,22,11,52,61,47,10,20,18,45,46,29,3,48,37,41,17,34,16,2,56,7,44,13,53,43,54,27,62,31,55,59,51,12,28,14,38,25,60,15,19,50,23,58,8,4,40,5,30,33,9,36,39,57,6,24,21,42	28	848	0	6	12	2	2	3.3492064	306.6142883	776	6	16	3.3492064	374.7700000
668	732830254231173435744122863545954896248	0.66800000000000004	REL	30,33,8,4,13,44,36,9,11,52,45,18,15,60,17,34,40,5,23,58,28,14,54,27,57,39,3,48,38,25,2,16,12,51,1,32,46,29,62,31,7,56,55,59,47,61,24,6,53,43,49,35,50,19,10,20,37,41,22,26,21,42	30	896	0	6	14	1	2	3.3492064	262.0790405	776	6	16	3.3492064	374.7700000
669	733927305509962617534158975617131475434	0.66900000000000004	REL	26,22,58,23,61,47,59,55,16,2,30,33,40,5,8,4,31,62,51,12,39,57,54,27,13,44,56,7,36,9,49,35,41,37,53,43,6,24,20,10,19,50,34,17,46,29,18,45,60,15,38,25,48,3,32,1,52,11,14,28,21,42	27	688	0	6	13	4	2	3.3492064	286.6898499	776	6	16	3.3492064	374.7700000
670	735024356788751799324195087688308054620	0.67000000000000004	REL	29,46,52,11,14,28,1,32,22,26,20,10,53,43,44,13,4,8,18,45,56,7,47,61,50,19,54,27,58,23,55,59,57,39,60,15,41,37,9,36,40,5,31,62,48,3,17,34,6,24,49,35,25,38,2,16,51,12,33,30,21,42	30	1072	0	6	20	0	2	3.3492064	233.6889648	776	6	16	3.3492064	374.7700000
671	736121408067540981114231199759484633806	0.67100000000000004	REL	11,52,13,44,32,1,20,10,59,55,19,50,33,30,48,3,2,16,47,61,51,12,15,60,40,5,41,37,29,46,56,7,28,14,54,27,34,17,25,38,4,8,22,26,43,53,24,6,39,57,58,23,49,35,9,36,18,45,62,31,21,42	30	952	0	6	12	1	2	3.3492064	302.9151611	776	6	16	3.3492064	374.7700000
672	737218459346330162904267311830661212992	0.67200000000000004	REL	7,56,35,49,1,32,48,3,26,22,62,31,41,37,47,61,8,4,10,20,36,9,57,39,24,6,28,14,60,15,45,18,50,19,29,46,5,40,51,12,53,43,13,44,58,23,2,16,27,54,34,17,59,55,52,11,38,25,30,33,21,42	29	856	0	6	15	1	2	3.3492064	394.6176453	776	6	16	3.3492064	374.7700000
673	738315510625119344694303423901837792178	0.67300000000000004	REL	40,5,28,14,13,44,2,16,25,38,41,37,34,17,11,52,12,51,45,18,49,35,1,32,57,39,7,56,46,29,20,10,33,30,31,62,27,54,53,43,50,19,47,61,58,23,4,8,55,59,26,22,3,48,60,15,24,6,9,36,21,42	30	1088	0	6	13	3	2	3.3492064	265.6170654	776	6	16	3.3492064	374.7700000
674	739412561903908526484339535973014371364	0.67400000000000004	REL	22,26,14,28,53,43,35,49,61,47,3,48,40,5,12,51,29,46,31,62,20,10,19,50,36,9,23,58,8,4,59,55,15,60,18,45,27,54,34,17,7,56,1,32,39,57,24,6,2,16,52,11,44,13,30,33,25,38,41,37,21,42	28	1000	1	6	17	1	2	3.3492064	329.8860168	776	6	16	3.3492064	374.7700000
675	740509613182697708274375648044190950550	0.67500000000000004	REL	28,14,40,5,41,37,9,36,8,4,34,17,18,45,61,47,51,12,27,54,43,53,48,3,30,33,25,38,6,24,46,29,59,55,15,60,58,23,1,32,16,2,11,52,7,56,26,22,35,49,50,19,44,13,31,62,10,20,57,39,21,42	28	1224	0	6	20	1	2	3.3492064	326.1417542	776	6	16	3.3492064	374.7700000
676	741606664461486890064411760115367529736	0.67600000000000005	REL	48,3,34,17,25,38,41,37,46,29,40,5,35,49,24,6,39,57,26,22,7,56,9,36,23,58,28,14,27,54,51,12,11,52,18,45,61,47,33,30,50,19,59,55,15,60,10,20,43,53,4,8,62,31,2,16,32,1,13,44,21,42	30	608	0	6	16	1	2	3.3492064	296.0134888	776	6	16	3.3492064	374.7700000
677	742703715740276071854447872186544108922	0.67700000000000005	REL	25,38,22,26,52,11,58,23,2,16,9,36,55,59,13,44,14,28,5,40,35,49,27,54,19,50,37,41,8,4,32,1,33,30,56,7,20,10,34,17,46,29,31,62,61,47,12,51,15,60,6,24,48,3,53,43,57,39,18,45,21,42	29	640	0	6	30	0	2	3.3492064	328.1427917	776	6	16	3.3492064	374.7700000
678	743800767019065253644483984257720688108	0.67800000000000005	REL	20,10,7,56,26,22,60,15,41,37,44,13,14,28,38,25,35,49,62,31,5,40,23,58,46,29,18,45,51,12,2,16,17,34,36,9,61,47,27,54,4,8,59,55,1,32,53,43,33,30,24,6,11,52,39,57,50,19,3,48,21,42	27	832	0	6	23	2	2	3.3492064	265.8074341	776	6	16	3.3492064	374.7700000
679	744897818297854435434520096328897267294	0.67900000000000005	REL	39,57,54,27,51,12,48,3,33,30,13,44,15,60,6,24,46,29,11,52,47,61,40,5,28,14,45,18,25,38,62,31,8,4,37,41,1,32,58,23,19,50,34,17,56,7,53,43,20,10,16,2,9,36,22,26,59,55,35,49,21,42	29	1048	0	6	29	1	2	3.3492064	294.6629639	776	6	16	3.3492064	374.7700000
680	745994869576643617224556208400073846480	0.68000000000000005	REL	2,16,56,7,10,20,15,60,39,57,58,23,28,14,1,32,35,49,31,62,48,3,50,19,29,46,61,47,11,52,24,6,34,17,27,54,26,22,36,9,13,44,43,53,40,5,25,38,41,37,55,59,4,8,45,18,30,33,12,51,21,42	29	760	0	6	8	0	2	3.3492064	301.1417236	776	6	16	3.3492064	374.7700000
681	747091920855432799014592320471250425666	0.68100000000000005	REL	57,39,40,5,9,36,54,27,16,2,20,10,47,61,32,1,18,45,11,52,58,23,59,55,49,35,4,8,56,7,6,24,19,50,22,26,17,34,14,28,38,25,62,31,13,44,29,46,30,33,48,3,60,15,41,37,51,12,43,53,21,42	29	784	0	6	23	1	2	3.3492064	273.6324768	776	6	16	3.3492064	374.7700000
682	748188972134221980804628432542427004852	0.68200000000000005	REL	35,49,61,47,23,58,5,40,51,12,52,11,7,56,38,25,27,54,36,9,18,45,57,39,31,62,24,6,16,2,43,53,30,33,8,4,20,10,22,26,46,29,17,34,48,3,14,28,19,50,44,13,60,15,41,37,32,1,59,55,21,42	27	696	0	6	7	3	2	3.3492064	255.6033020	776	6	16	3.3492064	374.7700000
683	749286023413011162594664544613603584038	0.68300000000000005	REL	52,11,16,2,35,49,19,50,41,37,26,22,5,40,38,25,53,43,58,23,36,9,8,4,3,48,57,39,12,51,62,31,15,60,54,27,10,20,61,47,55,59,46,29,1,32,13,44,34,17,28,14,24,6,30,33,18,45,7,56,21,42	28	960	0	6	6	2	2	3.3492064	321.2020264	776	6	16	3.3492064	374.7700000
684	750383074691800344384700656684780163224	0.68400000000000005	REL	2,16,49,35,1,32,40,5,9,36,12,51,43,53,47,61,30,33,46,29,48,3,60,15,54,27,62,31,37,41,4,8,45,18,25,38,20,10,13,44,24,6,11,52,23,58,57,39,22,26,17,34,56,7,14,28,50,19,55,59,21,42	28	1104	0	6	19	0	2	3.3492064	327.1107788	776	6	16	3.3492064	374.7700000
685	751480125970589526174736768755956742410	0.68500000000000005	REL	19,50,47,61,24,6,62,31,30,33,25,38,28,14,58,23,17,34,39,57,48,3,4,8,49,35,26,22,5,40,41,37,46,29,11,52,56,7,27,54,53,43,20,10,45,18,51,12,9,36,2,16,44,13,1,32,59,55,15,60,21,42	28	1184	0	6	12	0	2	3.3492064	365.3865356	776	6	16	3.3492064	374.7700000
686	752577177249378707964772880827133321596	0.68600000000000005	REL	16,2,26,22,8,4,14,28,36,9,58,23,27,54,53,43,37,41,51,12,3,48,15,60,47,61,19,50,52,11,40,5,38,25,59,55,6,24,56,7,29,46,34,17,13,44,35,49,45,18,33,30,20,10,32,1,57,39,31,62,21,42	30	880	0	6	19	0	2	3.3492064	238.7524567	776	6	16	3.3492064	374.7700000
687	753674228528167889754808992898309900782	0.68700000000000006	REL	11,52,18,45,17,34,4,8,6,24,10,20,36,9,28,14,49,35,27,54,23,58,62,31,46,29,59,55,25,38,41,37,12,51,43,53,21,42,3,48,60,15,5,40,50,19,56,7,1,32,22,26,47,61,39,57,33,30,16,2,13,44	30	856	0	6	28	1	2	3.3492064	254.6301880	776	6	16	3.3492064	374.7700000
688	754771279806957071544845104969486479968	0.68799999999999994	REL	35,49,23,58,48,3,42,21,32,1,40,5,16,2,6,24,51,12,57,39,53,43,20,10,25,38,26,22,30,33,19,50,47,61,7,56,45,18,27,54,59,55,31,62,14,28,46,29,15,60,9,36,41,37,17,34,52,11,8,4,13,44	29	1016	0	6	31	1	2	3.3492064	299.5577698	776	6	16	3.3492064	374.7700000
689	755868331085746253334881217040663059154	0.68899999999999995	REL	42,21,54,27,34,17,39,57,1,32,51,12,9,36,50,19,29,46,40,5,31,62,49,35,23,58,52,11,8,4,15,60,38,25,48,3,53,43,41,37,26,22,56,7,28,14,47,61,55,59,16,2,10,20,30,33,45,18,24,6,13,44	30	840	0	6	8	1	2	3.3492064	292.4261169	776	6	16	3.3492064	374.7700000
690	756965382364535435124917329111839638340	0.68999999999999995	REL	36,9,40,5,31,62,15,60,38,25,19,50,6,24,52,11,57,39,12,51,48,3,47,61,29,46,17,34,37,41,59,55,30,33,10,20,21,42,2,16,14,28,8,4,18,45,23,58,53,43,49,35,26,22,32,1,27,54,56,7,13,44	31	1200	0	6	23	0	2	3.3492064	242.2877808	776	6	16	3.3492064	374.7700000
691	758062433643324616914953441183016217526	0.69099999999999995	REL	34,17,56,7,19,50,38,25,52,11,57,39,40,5,21,42,35,49,53,43,23,58,51,12,26,22,24,6,47,61,1,32,3,48,46,29,33,30,27,54,14,28,45,18,62,31,9,36,60,15,8,4,59,55,37,41,16,2,20,10,13,44	30	1120	0	6	19	0	3	3.3492064	299.7945862	776	6	16	3.3492064	374.7700000
692	759159484922113798704989553254192796712	0.69199999999999995	REL	34,17,24,6,2,16,40,5,18,45,23,58,29,46,48,3,26,22,41,37,47,61,56,7,10,20,14,28,55,59,35,49,27,54,19,50,39,57,31,62,15,60,12,51,36,9,32,1,43,53,21,42,4,8,30,33,25,38,52,11,13,44	28	784	0	6	7	2	3	3.3492064	241.0678101	776	6	16	3.3492064	374.7700000
693	760256536200902980495025665325369375898	0.69299999999999995	REL	2,16,18,45,39,57,55,59,34,17,5,40,12,51,62,31,32,1,43,53,41,37,11,52,8,4,56,7,26,22,36,9,49,35,61,47,21,42,24,6,20,10,27,54,19,50,60,15,23,58,29,46,30,33,38,25,3,48,28,14,13,44	30	1064	0	6	16	2	2	3.3492064	244.9897766	776	6	16	3.3492064	374.7700000
694	761353587479692162285061777396545955084	0.69399999999999995	REL	45,18,31,62,8,4,38,25,56,7,43,53,54,27,36,9,10,20,52,11,37,41,50,19,6,24,14,28,26,22,58,23,47,61,35,49,55,59,30,33,21,42,51,12,60,15,40,5,29,46,48,3,32,1,39,57,16,2,34,17,13,44	30	936	0	6	26	2	2	3.3492064	230.7929077	776	6	16	3.3492064	374.7700000
695	762450638758481344075097889467722534270	0.69499999999999995	REL	56,7,17,34,20,10,25,38,52,11,2,16,31,62,60,15,45,18,46,29,23,58,36,9,21,42,6,24,3,48,40,5,14,28,4,8,55,59,37,41,32,1,12,51,47,61,30,33,49,35,27,54,26,22,39,57,53,43,50,19,13,44	31	992	0	6	8	1	2	3.3492064	270.8300781	776	6	16	3.3492064	374.7700000
696	763547690037270525865134001538899113456	0.69599999999999995	REL	35,49,52,11,61,47,23,58,17,34,40,5,1,32,20,10,3,48,12,51,62,31,39,57,60,15,4,8,22,26,37,41,43,53,46,29,14,28,25,38,50,19,6,24,54,27,30,33,7,56,36,9,2,16,55,59,45,18,42,21,13,44	28	912	0	6	12	2	2	3.3492064	265.9685059	776	6	16	3.3492064	374.7700000
697	764644741316059707655170113610075692642	0.69699999999999995	REL	56,7,55,59,24,6,27,54,49,35,41,37,25,38,4,8,17,34,26,22,1,32,42,21,47,61,2,16,12,51,11,52,18,45,57,39,29,46,62,31,5,40,30,33,60,15,43,53,28,14,36,9,3,48,50,19,20,10,58,23,13,44	30	880	0	6	31	2	2	3.3492064	267.7423401	776	6	16	3.3492064	374.7700000
698	765741792594848889445206225681252271828	0.69799999999999995	REL	46,29,59,55,18,45,42,21,12,51,10,20,54,27,19,50,35,49,61,47,2,16,30,33,38,25,8,4,11,52,58,23,17,34,43,53,28,14,32,1,56,7,5,40,62,31,9,36,15,60,48,3,37,41,22,26,57,39,6,24,13,44	30	840	0	6	12	1	2	3.3492064	317.7553406	776	6	16	3.3492064	374.7700000
699	766838843873638071235242337752428851014	0.69899999999999995	REL	10,20,46,29,19,50,8,4,56,7,11,52,28,14,45,18,9,36,5,40,47,61,2,16,33,30,31,62,34,17,23,58,49,35,25,38,60,15,37,41,24,6,3,48,12,51,32,1,27,54,39,57,55,59,53,43,42,21,22,26,13,44	29	1232	0	6	20	2	2	3.3492064	303.4737549	776	6	16	3.3492064	374.7700000
700	767935895152427253025278449823605430200	0.69999999999999996	REL	1,32,21,42,22,26,11,52,17,34,10,20,43,53,12,51,47,61,27,54,46,29,31,62,55,59,40,5,18,45,39,57,3,48,8,4,49,35,6,24,19,50,41,37,23,58,38,25,15,60,30,33,56,7,36,9,16,2,14,28,13,44	31	992	0	6	20	1	2	3.3492064	229.2513275	776	6	16	3.3492064	374.7700000
701	769032946431216434815314561894782009386	0.70099999999999996	REL	56,7,27,54,15,60,21,42,6,24,61,47,43,53,16,2,22,26,17,34,32,1,50,19,11,52,41,37,57,39,23,58,5,40,48,3,36,9,10,20,18,45,49,35,38,25,55,59,14,28,46,29,12,51,62,31,4,8,33,30,13,44	28	1000	0	6	23	3	2	3.3492064	304.0864258	776	6	16	3.3492064	374.7700000
702	770129997710005616605350673965958588572	0.70199999999999996	REL	58,23,5,40,18,45,42,21,25,38,4,8,55,59,24,6,29,46,14,28,11,52,35,49,22,26,9,36,1,32,10,20,48,3,2,16,57,39,41,37,61,47,60,15,12,51,34,17,50,19,54,27,33,30,7,56,53,43,62,31,13,44	31	744	0	6	13	0	2	3.3492064	244.9531860	776	6	16	3.3492064	374.7700000
703	771227048988794798395386786037135167758	0.70299999999999996	REL	42,21,6,24,57,39,59,55,29,46,43,53,60,15,40,5,25,38,36,9,10,20,17,34,8,4,35,49,31,62,1,32,51,12,3,48,61,47,54,27,2,16,58,23,18,45,52,11,22,26,50,19,41,37,56,7,14,28,30,33,13,44	30	672	0	6	8	2	2	3.3492064	263.8572388	776	6	16	3.3492064	374.7700000
704	772324100267583980185422898108311746944	0.70399999999999996	REL	45,18,58,23,25,38,43,53,3,48,49,35,47,61,54,27,51,12,56,7,29,46,40,5,55,59,16,2,21,42,14,28,19,50,39,57,6,24,52,11,33,30,31,62,41,37,32,1,34,17,8,4,26,22,10,20,60,15,9,36,13,44	30	1176	0	6	14	3	2	3.3492064	260.4803772	776	6	16	3.3492064	374.7700000
705	773421151546373161975459010179488326130	0.70499999999999996	REL	28,14,1,32,45,18,51,12,48,3,26,22,52,11,17,34,2,16,9,36,21,42,50,19,4,8,27,54,31,62,59,55,60,15,47,61,7,56,10,20,5,40,49,35,38,25,58,23,30,33,6,24,39,57,46,29,43,53,41,37,13,44	31	1120	0	6	8	1	2	3.3492064	257.0438232	776	6	16	3.3492064	374.7700000
706	774518202825162343765495122250664905316	0.70599999999999996	REL	48,3,60,15,40,5,27,54,20,10,30,33,52,11,7,56,43,53,31,62,49,35,45,18,38,25,8,4,29,46,24,6,19,50,37,41,2,16,22,26,17,34,1,32,12,51,55,59,42,21,23,58,61,47,14,28,9,36,57,39,13,44	31	1104	0	6	14	0	2	3.3492064	314.3151245	776	6	16	3.3492064	374.7700000
707	775615254103951525555531234321841484502	0.70699999999999996	REL	3,48,62,31,15,60,17,34,47,61,35,49,20,10,30,33,23,58,38,25,32,1,53,43,56,7,18,45,54,27,28,14,21,42,57,39,51,12,22,26,52,11,8,4,59,55,50,19,9,36,40,5,29,46,2,16,24,6,37,41,13,44	28	1040	0	6	20	3	2	3.3492064	312.4863281	776	6	16	3.3492064	374.7700000
708	776712305382740707345567346393018063688	0.70799999999999996	REL	23,58,25,38,10,20,9,36,55,59,32,1,12,51,34,17,24,6,5,40,61,47,27,54,52,11,50,19,7,56,35,49,26,22,41,37,57,39,31,62,46,29,8,4,16,2,43,53,48,3,14,28,18,45,33,30,15,60,21,42,13,44	31	1104	0	6	12	1	2	3.3492064	289.9978333	776	6	16	3.3492064	374.7700000
709	777809356661529889135603458464194642874	0.70899999999999996	REL	43,53,41,37,50,19,38,25,48,3,24,6,15,60,36,9,26,22,58,23,40,5,31,62,4,8,42,21,12,51,52,11,34,17,16,2,7,56,46,29,30,33,47,61,1,32,10,20,49,35,59,55,28,14,39,57,27,54,18,45,13,44	31	1112	0	6	20	0	2	3.3492064	276.6304016	776	6	16	3.3492064	374.7700000
710	778906407940319070925639570535371222060	0.70999999999999996	REL	40,5,58,23,35,49,26,22,27,54,7,56,29,46,24,6,39,57,36,9,41,37,14,28,25,38,3,48,55,59,31,62,20,10,1,32,34,17,15,60,51,12,11,52,21,42,4,8,18,45,53,43,50,19,2,16,33,30,61,47,13,44	30	552	0	6	17	3	2	3.3492064	328.4765930	776	6	16	3.3492064	374.7700000
711	780003459219108252715675682606547801246	0.71099999999999997	REL	11,52,5,40,35,49,41,37,20,10,2,16,58,23,45,18,29,46,28,14,61,47,25,38,4,8,59,55,1,32,3,48,17,34,22,26,31,62,30,33,43,53,56,7,27,54,6,24,15,60,42,21,39,57,51,12,36,9,19,50,13,44	31	648	0	6	23	0	2	3.3492064	312.3067017	776	6	16	3.3492064	374.7700000
712	781100510497897434505711794677724380432	0.71199999999999997	REL	33,30,58,23,55,59,37,41,35,49,29,46,48,3,31,62,42,21,6,24,57,39,14,28,9,36,15,60,32,1,45,18,2,16,26,22,12,51,25,38,11,52,17,34,8,4,47,61,43,53,5,40,10,20,27,54,7,56,19,50,13,44	29	984	0	6	28	1	2	3.3492064	290.3477173	776	6	16	3.3492064	374.7700000
713	782197561776686616295747906748900959618	0.71299999999999997	REL	56,7,14,28,2,16,10,20,4,8,26,22,60,15,48,3,51,12,47,61,24,6,34,17,52,11,57,39,31,62,55,59,50,19,37,41,21,42,30,33,27,54,58,23,35,49,45,18,46,29,40,5,36,9,25,38,1,32,43,53,13,44	30	1072	0	6	4	1	2	3.3492064	298.4472656	776	6	16	3.3492064	374.7700000
714	783294613055475798085784018820077538804	0.71399999999999997	REL	33,30,62,31,49,35,2,16,59,55,11,52,47,61,58,23,54,27,57,39,22,26,28,14,36,9,53,43,1,32,18,45,40,5,15,60,21,42,24,6,8,4,37,41,34,17,46,29,19,50,51,12,3,48,25,38,10,20,7,56,13,44	29	864	0	6	11	4	2	3.3492064	300.2759705	776	6	16	3.3492064	374.7700000
715	784391664334264979875820130891254117990	0.71499999999999997	REL	43,53,23,58,59,55,22,26,11,52,24,6,50,19,30,33,2,16,25,38,1,32,42,21,51,12,29,46,62,31,18,45,60,15,20,10,36,9,54,27,49,35,48,3,37,41,7,56,4,8,14,28,5,40,17,34,47,61,39,57,13,44	29	1456	0	6	22	3	2	3.3492064	335.4063110	776	6	16	3.3492064	374.7700000
716	785488715613054161665856242962430697176	0.71599999999999997	REL	10,20,43,53,45,18,31,62,51,12,34,17,26,22,24,6,36,9,48,3,4,8,32,1,39,57,56,7,2,16,40,5,37,41,55,59,25,38,30,33,27,54,14,28,50,19,61,47,52,11,29,46,58,23,35,49,21,42,15,60,13,44	31	952	0	6	1	3	2	3.3492064	238.1400146	776	6	16	3.3492064	374.7700000
717	786585766891843343455892355033607276362	0.71699999999999997	REL	51,12,4,8,3,48,20,10,53,43,18,45,60,15,2,16,54,27,30,33,7,56,42,21,17,34,47,61,52,11,46,29,14,28,5,40,24,6,58,23,38,25,37,41,1,32,19,50,39,57,55,59,9,36,49,35,22,26,31,62,13,44	31	784	0	6	24	1	2	3.3492064	301.4781494	776	6	16	3.3492064	374.7700000
718	787682818170632525245928467104783855548	0.71799999999999997	REL	5,40,9,36,22,26,57,39,19,50,59,55,20,10,7,56,48,3,4,8,21,42,25,38,28,14,62,31,41,37,29,46,45,18,58,23,27,54,17,34,1,32,60,15,35,49,24,6,43,53,13,44,12,51,33,30,52,11,16,2,61,47	30	1168	0	6	23	1	2	3.3492064	275.1660156	776	6	16	3.3492064	374.7700000
719	788779869449421707035964579175960434734	0.71899999999999997	REL	23,58,59,55,33,30,48,3,8,4,39,57,19,50,20,10,44,13,6,24,18,45,46,29,11,52,31,62,41,37,56,7,22,26,14,28,53,43,34,17,27,54,51,12,9,36,42,21,5,40,35,49,38,25,32,1,15,60,16,2,61,47	31	848	0	6	13	0	2	3.3492064	354.6231689	776	6	16	3.3492064	374.7700000
720	789876920728210888826000691247137013920	0.71999999999999997	REL	21,42,37,41,62,31,24,6,57,39,4,8,58,23,12,51,53,43,56,7,55,59,14,28,30,33,45,18,11,52,25,38,35,49,1,32,17,34,60,15,26,22,48,3,50,19,16,2,9,36,20,10,54,27,29,46,13,44,40,5,61,47	28	904	0	6	16	2	2	3.3492064	313.0878296	776	6	16	3.3492064	374.7700000
721	790973972007000070616036803318313593106	0.72099999999999997	REL	50,19,43,53,17,34,18,45,40,5,25,38,20,10,58,23,55,59,9,36,51,12,3,48,46,29,41,37,44,13,30,33,21,42,28,14,49,35,22,26,31,62,15,60,52,11,7,56,27,54,24,6,1,32,2,16,57,39,4,8,61,47	30	792	0	6	19	0	2	3.3492064	292.1872559	776	6	16	3.3492064	374.7700000
722	792071023285789252406072915389490172292	0.72199999999999998	REL	38,25,28,14,6,24,13,44,43,53,12,51,9,36,46,29,10,20,32,1,62,31,45,18,50,19,22,26,59,55,35,49,21,42,39,57,5,40,16,2,8,4,3,48,41,37,17,34,15,60,54,27,56,7,30,33,58,23,52,11,61,47	31	952	0	6	30	0	2	3.3492064	391.1999207	776	6	16	3.3492064	374.7700000
723	793168074564578434196109027460666751478	0.72299999999999998	REL	28,14,52,11,27,54,29,46,35,49,24,6,30,33,25,38,50,19,44,13,3,48,59,55,62,31,58,23,10,20,56,7,1,32,39,57,40,5,21,42,9,36,18,45,8,4,22,26,2,16,41,37,17,34,53,43,15,60,51,12,61,47	29	952	0	6	7	1	2	3.3492064	260.5467834	776	6	16	3.3492064	374.7700000
724	794265125843367615986145139531843330664	0.72399999999999998	REL	36,9,51,12,22,26,37,41,39,57,48,3,31,62,45,18,4,8,5,40,27,54,16,2,34,17,35,49,32,1,53,43,38,25,56,7,15,60,29,46,52,11,58,23,24,6,20,10,30,33,50,19,13,44,21,42,59,55,28,14,61,47	30	1080	0	6	11	0	2	3.3492064	347.4038391	776	6	16	3.3492064	374.7700000
725	795362177122156797776181251603019909850	0.72499999999999998	REL	48,3,26,22,56,7,45,18,28,14,13,44,37,41,10,20,53,43,8,4,19,50,60,15,39,57,6,24,36,9,1,32,54,27,5,40,62,31,58,23,29,46,12,51,38,25,33,30,55,59,49,35,21,42,52,11,17,34,2,16,61,47	31	616	0	6	24	2	2	3.3492064	286.3004456	776	6	16	3.3492064	374.7700000
726	796459228400945979566217363674196489036	0.72599999999999998	REL	37,41,46,29,16,2,54,27,21,42,32,1,15,60,57,39,3,48,24,6,5,40,9,36,43,53,58,23,62,31,30,33,11,52,34,17,45,18,28,14,44,13,26,22,12,51,49,35,8,4,59,55,56,7,38,25,10,20,50,19,61,47	29	968	0	6	17	2	2	3.3492064	258.2438660	776	6	16	3.3492064	374.7700000
727	797556279679735161356253475745373068222	0.72699999999999998	REL	19,50,36,9,54,27,17,34,3,48,6,24,60,15,30,33,49,35,25,38,41,37,7,56,12,51,52,11,57,39,31,62,55,59,44,13,29,46,22,26,23,58,16,2,5,40,53,43,18,45,14,28,8,4,10,20,32,1,42,21,61,47	31	880	0	6	24	1	2	3.3492064	261.0115356	776	6	16	3.3492064	374.7700000
728	798653330958524343146289587816549647408	0.72799999999999998	REL	3,48,45,18,39,57,6,24,11,52,8,4,49,35,40,5,2,16,19,50,27,54,51,12,41,37,20,10,30,33,9,36,1,32,60,15,28,14,34,17,25,38,43,53,21,42,59,55,62,31,44,13,23,58,29,46,7,56,26,22,61,47	31	1224	0	6	27	0	2	3.3492064	346.5693054	776	6	16	3.3492064	374.7700000
729	799750382237313524936325699887726226594	0.72899999999999998	REL	12,51,60,15,45,18,40,5,27,54,56,7,41,37,31,62,58,23,11,52,4,8,57,39,2,16,49,35,38,25,30,33,48,3,13,44,32,1,53,43,42,21,22,26,55,59,9,36,50,19,10,20,34,17,46,29,14,28,6,24,61,47	30	1152	0	6	15	2	2	3.3492064	375.0501404	776	6	16	3.3492064	374.7700000
730	800847433516102706726361811958902805780	0.72999999999999998	REL	29,46,32,1,23,58,49,35,36,9,39,57,6,24,14,28,41,37,59,55,17,34,51,12,62,31,21,42,2,16,52,11,40,5,45,18,19,50,20,10,38,25,13,44,53,43,3,48,56,7,27,54,60,15,33,30,4,8,22,26,61,47	30	1024	0	6	18	2	2	3.3492064	283.1852112	776	6	16	3.3492064	374.7700000
731	801944484794891888516397924030079384966	0.73099999999999998	REL	26,22,25,38,49,35,55,59,33,30,42,21,13,44,19,50,56,7,37,41,8,4,46,29,52,11,58,23,5,40,14,28,57,39,2,16,20,10,51,12,32,1,15,60,62,31,17,34,18,45,24,6,9,36,3,48,43,53,54,27,61,47	28	704	0	6	29	3	2	3.3492064	245.9906464	776	6	16	3.3492064	374.7700000
732	803041536073681070306434036101255964152	0.73199999999999998	REL	58,23,6,24,52,11,44,13,7,56,55,59,62,31,5,40,54,27,50,19,16,2,49,35,51,12,43,53,4,8,14,28,18,45,38,25,10,20,60,15,26,22,39,57,21,42,9,36,32,1,37,41,34,17,46,29,48,3,33,30,61,47	29	968	0	6	22	2	2	3.3492064	244.2891998	776	6	16	3.3492064	374.7700000
733	804138587352470252096470148172432543338	0.73299999999999998	REL	11,52,1,32,40,5,12,51,35,49,50,19,48,3,33,30,10,20,45,18,4,8,44,13,24,6,26,22,7,56,53,43,60,15,28,14,54,27,55,59,16,2,23,58,9,36,21,42,39,57,46,29,34,17,41,37,25,38,62,31,61,47	31	1080	0	6	18	1	2	3.3492064	260.1881104	776	6	16	3.3492064	374.7700000
734	805235638631259433886506260243609122524	0.73399999999999999	REL	3,48,49,35,17,34,57,39,19,50,21,42,60,15,51,12,31,62,13,44,29,46,56,7,18,45,10,20,5,40,23,58,27,54,32,1,25,38,22,26,4,8,28,14,36,9,16,2,59,55,43,53,37,41,11,52,6,24,30,33,61,47	31	896	0	6	25	0	2	3.3492064	213.6889038	776	6	16	3.3492064	374.7700000
735	806332689910048615676542372314785701710	0.73499999999999999	REL	25,38,42,21,31,62,51,12,22,26,55,59,4,8,27,54,10,20,19,50,18,45,57,39,17,34,48,3,43,53,56,7,23,58,41,37,60,15,6,24,40,5,46,29,52,11,30,33,2,16,44,13,49,35,32,1,28,14,9,36,61,47	29	952	0	6	18	2	2	3.3492064	282.0430298	776	6	16	3.3492064	374.7700000
736	807429741188837797466578484385962280896	0.73599999999999999	REL	26,22,16,2,25,38,4,8,58,23,50,19,30,33,24,6,55,59,42,21,15,60,5,40,51,12,36,9,29,46,32,1,52,11,35,49,13,44,57,39,14,28,45,18,56,7,3,48,27,54,62,31,17,34,10,20,43,53,41,37,61,47	31	1176	0	6	21	0	2	3.3492064	297.8779907	776	6	16	3.3492064	374.7700000
737	808526792467626979256614596457138860082	0.73699999999999999	REL	24,6,18,45,38,25,42,21,26,22,23,58,14,28,36,9,56,7,34,17,8,4,60,15,1,32,44,13,2,16,62,31,55,59,49,35,27,54,43,53,10,20,19,50,37,41,46,29,12,51,33,30,3,48,52,11,5,40,57,39,61,47	30	1256	0	6	16	0	2	3.3492064	305.1884460	776	6	16	3.3492064	374.7700000
738	809623843746416161046650708528315439268	0.73799999999999999	REL	45,18,38,25,26,22,59,55,39,57,29,46,54,27,28,14,20,10,19,50,48,3,13,44,7,56,51,12,9,36,35,49,34,17,32,1,62,31,53,43,6,24,33,30,58,23,16,2,5,40,60,15,8,4,21,42,52,11,37,41,61,47	30	1064	0	6	11	1	2	3.3492064	343.1103516	776	6	16	3.3492064	374.7700000
739	810720895025205342836686820599492018454	0.73899999999999999	REL	51,12,17,34,15,60,42,21,24,6,13,44,22,26,2,16,33,30,3,48,52,11,14,28,31,62,45,18,46,29,8,4,38,25,23,58,50,19,49,35,59,55,27,54,9,36,57,39,32,1,10,20,7,56,41,37,40,5,53,43,61,47	29	1112	0	6	9	3	2	3.3492064	316.2567749	776	6	16	3.3492064	374.7700000
740	811817946303994524626722932670668597640	0.73999999999999999	REL	7,56,52,11,59,55,8,4,18,45,40,5,22,26,46,29,57,39,31,62,15,60,50,19,14,28,17,34,43,53,12,51,2,16,24,6,48,3,25,38,1,32,54,27,21,42,58,23,10,20,33,30,36,9,35,49,37,41,13,44,61,47	31	1112	0	6	22	0	2	3.3492064	270.6748657	776	6	16	3.3492064	374.7700000
741	812914997582783706416759044741845176826	0.74099999999999999	REL	56,7,27,54,28,14,13,44,39,57,15,60,10,20,8,4,12,51,38,25,49,35,9,36,43,53,17,34,50,19,5,40,58,23,37,41,22,26,2,16,1,32,18,45,59,55,52,11,21,42,62,31,24,6,33,30,3,48,29,46,61,47	31	1048	0	6	5	1	2	3.3492064	300.1672974	776	6	16	3.3492064	374.7700000
742	814012048861572888206795156813021756012	0.74199999999999999	REL	44,13,10,20,46,29,15,60,37,41,21,42,33,30,38,25,8,4,9,36,51,12,16,2,55,59,53,43,27,54,14,28,6,24,18,45,58,23,26,22,56,7,31,62,1,32,40,5,3,48,39,57,11,52,17,34,50,19,35,49,61,47	29	1280	0	6	29	2	2	3.3492064	330.4098816	776	6	16	3.3492064	374.7700000
743	815109100140362069996831268884198335198	0.74299999999999999	REL	6,24,39,57,19,50,14,28,25,38,7,56,53,43,23,58,33,30,21,42,32,1,20,10,62,31,4,8,48,3,34,17,9,36,41,37,54,27,40,5,11,52,18,45,60,15,35,49,16,2,55,59,22,26,29,46,44,13,12,51,61,47	29	936	0	6	20	2	2	3.3492064	272.5725403	776	6	16	3.3492064	374.7700000
744	816206151419151251786867380955374914384	0.74399999999999999	REL	60,15,40,5,1,32,24,6,57,39,19,50,35,49,51,12,53,43,62,31,22,26,2,16,25,38,13,44,48,3,58,23,37,41,10,20,34,17,7,56,21,42,54,27,18,45,36,9,28,14,4,8,33,30,55,59,29,46,11,52,61,47	31	896	0	6	28	0	2	3.3492064	305.8576355	776	6	16	3.3492064	374.7700000
745	817303202697940433576903493026551493570	0.745	REL	50,19,32,1,55,59,26,22,34,17,4,8,44,13,21,42,15,60,14,28,37,41,52,11,30,33,35,49,20,10,43,53,48,3,58,23,36,9,25,38,5,40,16,2,7,56,45,18,57,39,24,6,31,62,29,46,12,51,27,54,61,47	30	824	0	6	27	2	2	3.3492064	315.0344849	776	6	16	3.3492064	374.7700000
746	818400253976729615366939605097728072756	0.746	REL	44,13,60,15,6,24,25,38,51,12,27,54,9,36,48,3,53,43,1,32,55,59,62,31,18,45,21,42,35,49,50,19,58,23,22,26,20,10,4,8,37,41,28,14,16,2,33,30,29,46,39,57,11,52,5,40,17,34,7,56,61,47	30	808	0	6	13	0	2	3.3492064	258.6555786	776	6	16	3.3492064	374.7700000
747	819497305255518797156975717168904651942	0.747	REL	53,43,49,35,33,30,27,54,6,24,34,17,1,32,16,2,15,60,31,62,59,55,42,21,52,11,46,29,8,4,9,36,18,45,28,14,56,7,20,10,3,48,12,51,25,38,22,26,37,41,5,40,13,44,50,19,57,39,23,58,61,47	30	1032	0	6	30	0	2	3.3492064	249.2194977	776	6	16	3.3492064	374.7700000
748	820594356534307978947011829240081231128	0.748	REL	51,12,31,62,21,42,40,5,43,53,10,20,29,46,32,1,41,37,17,34,36,9,26,22,13,44,24,6,27,54,58,23,14,28,38,25,3,48,59,55,30,33,11,52,18,45,56,7,35,49,50,19,8,4,2,16,57,39,15,60,61,47	31	704	0	6	24	0	2	3.3492064	308.1081543	776	6	16	3.3492064	374.7700000
749	821691407813097160737047941311257810314	0.749	REL	60,15,41,37,8,4,25,38,62,31,10,20,44,13,50,19,6,24,45,18,43,53,34,17,58,23,14,28,54,27,51,12,5,40,26,22,7,56,52,11,9,36,2,16,30,33,48,3,47,61,55,59,29,46,42,21,57,39,32,1,35,49	30	1280	0	6	12	1	2	3.3492064	267.5203857	776	6	16	3.3492064	374.7700000
750	822788459091886342527084053382434389500	0.75	REL	26,22,62,31,44,13,24,6,27,54,20,10,59,55,50,19,8,4,5,40,58,23,47,61,17,34,29,46,37,41,1,32,28,14,21,42,39,57,60,15,2,16,9,36,33,30,43,53,45,18,56,7,52,11,51,12,25,38,48,3,35,49	31	976	0	6	31	0	2	3.3492064	298.7044983	776	6	16	3.3492064	374.7700000
751	823885510370675524317120165453610968686	0.751	REL	57,39,13,44,42,21,14,28,9,36,16,2,61,47,45,18,38,25,30,33,3,48,29,46,41,37,62,31,19,50,23,58,55,59,60,15,6,24,27,54,10,20,1,32,26,22,53,43,51,12,8,4,56,7,11,52,17,34,40,5,35,49	30	1152	0	6	21	2	2	3.3492064	248.1819000	776	6	16	3.3492064	374.7700000
752	824982561649464706107156277524787547872	0.752	REL	53,43,15,60,14,28,57,39,58,23,52,11,29,46,42,21,19,50,44,13,3,48,33,30,10,20,61,47,16,2,54,27,45,18,40,5,55,59,34,17,12,51,25,38,22,26,31,62,41,37,9,36,32,1,6,24,4,8,56,7,35,49	30	1024	0	6	13	1	2	3.3492064	326.0041809	776	6	16	3.3492064	374.7700000
753	826079612928253887897192389595964127058	0.753	REL	56,7,36,9,6,24,1,32,43,53,23,58,60,15,2,16,22,26,41,37,51,12,34,17,48,3,57,39,5,40,14,28,29,46,11,52,47,61,21,42,62,31,50,19,54,27,10,20,44,13,45,18,25,38,33,30,55,59,4,8,35,49	29	968	0	6	29	2	2	3.3492064	342.5861206	776	6	16	3.3492064	374.7700000
754	827176664207043069687228501667140706244	0.754	REL	39,57,24,6,11,52,51,12,60,15,8,4,62,31,41,37,26,22,14,28,9,36,33,30,19,50,21,42,47,61,58,23,16,2,3,48,53,43,29,46,45,18,32,1,40,5,38,25,13,44,34,17,56,7,59,55,54,27,20,10,35,49	31	1048	0	6	8	0	2	3.3492064	302.5727539	776	6	16	3.3492064	374.7700000
755	828273715485832251477264613738317285430	0.755	REL	43,53,55,59,2,16,36,9,54,27,51,12,42,21,50,19,25,38,10,20,5,40,4,8,28,14,30,33,15,60,58,23,29,46,61,47,22,26,52,11,18,45,62,31,57,39,41,37,34,17,56,7,1,32,3,48,24,6,44,13,35,49	30	952	0	6	22	3	2	3.3492064	292.5895691	776	6	16	3.3492064	374.7700000
756	829370766764621433267300725809493864616	0.75600000000000001	REL	11,52,23,58,5,40,34,17,61,47,7,56,44,13,21,42,25,38,3,48,26,22,51,12,28,14,45,18,39,57,37,41,16,2,19,50,32,1,24,6,55,59,53,43,10,20,9,36,46,29,54,27,33,30,62,31,8,4,60,15,35,49	29	920	0	6	10	5	2	3.3492064	316.2753296	776	6	16	3.3492064	374.7700000
757	830467818043410615057336837880670443802	0.75700000000000001	REL	32,1,21,42,8,4,20,10,44,13,38,25,31,62,43,53,40,5,45,18,60,15,41,37,3,48,19,50,14,28,47,61,17,34,54,27,39,57,6,24,12,51,26,22,36,9,33,30,52,11,58,23,59,55,7,56,29,46,2,16,35,49	30	976	0	6	28	1	2	3.3492064	294.1810913	776	6	16	3.3492064	374.7700000
758	831564869322199796847372949951847022988	0.75800000000000001	REL	11,52,19,50,48,3,54,27,8,4,40,5,46,29,7,56,62,31,39,57,24,6,13,44,33,30,28,14,21,42,9,36,34,17,61,47,55,59,38,25,1,32,2,16,53,43,23,58,51,12,37,41,22,26,60,15,10,20,45,18,35,49	30	1056	0	6	20	1	2	3.3492064	315.1496277	776	6	16	3.3492064	374.7700000
759	832661920600988978637409062023023602174	0.75900000000000001	REL	58,23,14,28,54,27,41,37,62,31,55,59,56,7,36,9,48,3,21,42,26,22,29,46,52,11,16,2,61,47,8,4,24,6,1,32,20,10,44,13,45,18,40,5,12,51,43,53,60,15,34,17,33,30,25,38,39,57,50,19,35,49	29	1160	0	6	1	1	2	3.3492064	267.8562927	776	6	16	3.3492064	374.7700000
760	833758971879778160427445174094200181360	0.76000000000000001	REL	16,2,59,55,32,1,15,60,28,14,31,62,24,6,45,18,52,11,4,8,43,53,5,40,57,39,61,47,44,13,27,54,3,48,19,50,20,10,9,36,21,42,41,37,17,34,29,46,23,58,51,12,38,25,30,33,7,56,26,22,35,49	29	864	0	6	27	1	2	3.3492064	308.0642090	776	6	16	3.3492064	374.7700000
761	834856023158567342217481286165376760546	0.76100000000000001	REL	41,37,47,61,20,10,53,43,12,51,31,62,36,9,48,3,13,44,11,52,24,6,2,16,4,8,34,17,27,54,42,21,60,15,39,57,19,50,32,1,56,7,46,29,18,45,5,40,26,22,28,14,55,59,58,23,30,33,38,25,35,49	31	928	0	6	25	1	2	3.3492064	311.9771729	776	6	16	3.3492064	374.7700000
762	835953074437356524007517398236553339732	0.76200000000000001	REL	46,29,14,28,26,22,5,40,17,34,7,56,24,6,53,43,47,61,42,21,18,45,4,8,48,3,15,60,30,33,25,38,16,2,11,52,57,39,13,44,19,50,32,1,20,10,62,31,55,59,41,37,9,36,51,12,58,23,54,27,35,49	31	1104	0	6	26	1	2	3.3492064	275.8839417	776	6	16	3.3492064	374.7700000
763	837050125716145705797553510307729918918	0.76300000000000001	REL	48,3,33,30,5,40,13,44,50,19,34,17,31,62,43,53,9,36,55,59,42,21,6,24,57,39,61,47,23,58,2,16,18,45,15,60,46,29,11,52,26,22,51,12,41,37,8,4,7,56,32,1,10,20,27,54,38,25,14,28,35,49	30	976	0	6	12	1	2	3.3492064	291.9845886	776	6	16	3.3492064	374.7700000
764	838147176994934887587589622378906498104	0.76400000000000001	REL	6,24,50,19,34,17,3,48,30,33,25,38,5,40,23,58,55,59,21,42,9,36,39,57,45,18,4,8,37,41,27,54,10,20,22,26,44,13,7,56,29,46,52,11,2,16,12,51,61,47,15,60,53,43,1,32,14,28,62,31,35,49	30	800	0	6	10	1	2	3.3492064	306.0369568	776	6	16	3.3492064	374.7700000
765	839244228273724069377625734450083077290	0.76500000000000001	REL	37,41,34,17,11,52,50,19,13,44,61,47,16,2,5,40,45,18,51,12,31,62,6,24,53,43,26,22,48,3,20,10,7,56,25,38,60,15,21,42,57,39,29,46,14,28,55,59,8,4,32,1,36,9,23,58,54,27,30,33,35,49	30	792	0	6	14	2	2	3.3492064	288.7445984	776	6	16	3.3492064	374.7700000
766	840341279552513251167661846521259656476	0.76600000000000001	REL	23,58,30,33,61,47,7,56,8,4,28,14,39,57,6,24,62,31,41,37,22,26,34,17,27,54,59,55,43,53,51,12,5,40,11,52,25,38,10,20,32,1,29,46,3,48,45,18,19,50,16,2,21,42,60,15,13,44,9,36,35,49	29	1040	0	6	22	2	2	3.3492064	273.4847717	776	6	16	3.3492064	374.7700000
767	841438330831302432957697958592436235662	0.76700000000000002	REL	11,52,45,18,27,54,9,36,50,19,31,62,55,59,44,13,10,20,56,7,21,42,57,39,53,43,8,4,12,51,29,46,60,15,1,32,47,61,16,2,37,41,24,6,33,30,28,14,5,40,26,22,3,48,34,17,58,23,25,38,35,49	29	624	0	6	16	2	2	3.3492064	291.7567749	776	6	16	3.3492064	374.7700000
768	842535382110091614747734070663612814848	0.76800000000000002	REL	6,24,62,31,13,44,12,51,26,22,21,42,52,11,37,41,34,17,29,46,38,25,4,8,55,59,18,45,57,39,32,1,48,3,54,27,15,60,33,30,20,10,16,2,7,56,19,50,43,53,47,61,9,36,58,23,14,28,5,40,35,49	30	632	0	6	15	1	2	3.3492064	296.3110352	776	6	16	3.3492064	374.7700000
769	843632433388880796537770182734789394034	0.76900000000000002	REL	51,12,38,25,2,16,52,11,24,6,48,3,43,53,1,32,54,27,50,19,4,8,58,23,40,5,14,28,41,37,57,39,55,59,47,61,31,62,34,17,9,36,33,30,26,22,10,20,15,60,13,44,29,46,18,45,56,7,21,42,35,49	29	1136	0	6	31	1	2	3.3492064	283.8920593	776	6	16	3.3492064	374.7700000
770	844729484667669978327806294805965973220	0.77000000000000002	REL	52,11,18,45,9,36,41,37,7,56,43,53,21,42,15,60,12,51,10,20,1,32,6,24,17,34,39,57,46,29,8,4,33,30,48,3,38,25,31,62,54,27,14,28,22,26,47,61,5,40,23,58,2,16,59,55,50,19,13,44,35,49	27	736	0	6	30	2	2	3.3492064	329.9554749	776	6	16	3.3492064	374.7700000
771	845826535946459160117842406877142552406	0.77100000000000002	REL	24,6,54,27,53,43,12,51,16,2,42,21,3,48,15,60,13,44,1,32,4,8,46,29,22,26,10,20,37,41,55,59,7,56,57,39,34,17,9,36,61,47,5,40,62,31,52,11,14,28,38,25,33,30,19,50,23,58,18,45,35,49	31	992	0	6	29	0	2	3.3492064	292.7319641	776	6	16	3.3492064	374.7700000
772	846923587225248341907878518948319131592	0.77200000000000002	REL	26,22,59,55,50,19,43,53,46,29,34,17,4,8,36,9,10,20,23,58,14,28,48,3,13,44,16,2,15,60,39,57,5,40,27,54,32,1,38,25,51,12,42,21,31,62,56,7,11,52,6,24,18,45,41,37,33,30,61,47,35,49	29	960	0	6	5	2	2	3.3492064	285.9155579	776	6	16	3.3492064	374.7700000
773	848020638504037523697914631019495710778	0.77300000000000002	REL	60,15,57,39,4,8,33,30,3,48,28,14,61,47,45,18,34,17,26,22,41,37,6,24,13,44,52,11,59,55,62,31,42,21,12,51,38,25,20,10,16,2,56,7,9,36,32,1,29,46,58,23,54,27,43,53,40,5,19,50,35,49	31	992	0	6	27	2	2	3.3492064	276.9799500	776	6	16	3.3492064	374.7700000
774	849117689782826705487950743090672289964	0.77400000000000002	REL	38,25,22,26,62,31,46,29,8,4,42,21,3,48,58,23,60,15,12,51,10,20,13,44,19,50,40,5,37,41,33,30,27,54,56,7,47,61,28,14,43,53,24,6,1,32,39,57,45,18,34,17,55,59,9,36,2,16,11,52,35,49	30	1056	0	6	21	0	2	3.3492064	329.2436829	776	6	16	3.3492064	374.7700000
775	850214741061615887277986855161848869150	0.77500000000000002	REL	41,37,42,21,6,24,62,31,15,60,8,4,44,13,40,5,10,20,1,32,25,38,26,22,39,57,51,12,18,45,29,46,28,14,55,59,61,47,16,2,54,27,30,33,19,50,56,7,34,17,11,52,36,9,3,48,23,58,43,53,35,49	30	1216	0	6	12	2	2	3.3492064	265.3935242	776	6	16	3.3492064	374.7700000
776	851311792340405069068022967233025448336	0.77600000000000002	REL	21,42,43,53,38,25,37,41,22,26,15,60,6,24,27,54,20,10,50,19,23,58,36,9,61,47,3,48,57,39,32,1,40,5,51,12,30,33,16,2,31,62,8,4,45,18,34,17,28,14,52,11,13,44,56,7,46,29,59,55,35,49	27	672	1	6	15	1	2	3.3492064	329.4140320	776	6	16	3.3492064	374.7700000
777	852408843619194250858059079304202027522	0.77700000000000002	REL	16,2,24,6,28,14,54,27,10,20,58,23,38,25,11,52,48,3,21,42,47,61,4,8,44,13,41,37,50,19,30,33,9,36,1,32,31,62,53,43,55,59,18,45,51,12,56,7,22,26,15,60,5,40,29,46,34,17,39,57,35,49	30	1264	0	6	25	1	2	3.3492064	240.1907196	776	6	16	3.3492064	374.7700000
778	853505894897983432648095191375378606708	0.77800000000000002	REL	48,3,34,17,29,46,32,1,62,31,2,16,5,40,43,53,9,36,10,20,38,25,27,54,42,21,12,51,6,24,15,60,22,26,56,7,4,8,33,30,44,13,57,39,37,41,59,55,18,45,52,11,14,28,50,19,61,47,23,58,35,49	29	792	0	6	17	2	2	3.3492064	301.2294922	776	6	16	3.3492064	374.7700000
779	854602946176772614438131303446555185894	0.77900000000000003	REL	45,18,23,58,29,46,24,6,37,41,27,54,42,21,15,60,55,59,30,33,25,38,51,12,3,48,50,19,44,13,8,4,11,52,62,31,9,36,22,26,28,14,2,16,34,17,56,7,5,40,57,39,43,53,20,10,1,32,47,61,35,49	30	1104	0	6	11	1	2	3.3492064	306.8755798	776	6	16	3.3492064	374.7700000
780	855699997455561796228167415517731765080	0.78000000000000003	REL	46,29,52,11,61,47,34,17,41,37,6,24,59,55,26,22,36,9,16,2,20,10,23,58,60,15,5,40,18,45,12,51,21,42,3,48,30,33,49,35,56,7,38,25,57,39,54,27,13,44,53,43,8,4,14,28,62,31,32,1,19,50	30	832	0	6	17	1	2	3.3492064	332.6004639	776	6	16	3.3492064	374.7700000
781	856797048734350978018203527588908344266	0.78100000000000003	REL	17,34,59,55,37,41,10,20,43,53,5,40,42,21,31,62,4,8,44,13,32,1,16,2,52,11,6,24,36,9,7,56,18,45,35,49,27,54,28,14,60,15,29,46,39,57,23,58,61,47,25,38,30,33,12,51,22,26,48,3,19,50	29	1088	0	6	29	1	3	3.3492064	286.9505920	776	6	16	3.3492064	374.7700000
782	857894100013140159808239639660084923452	0.78200000000000003	REL	33,30,17,34,51,12,42,21,22,26,37,41,27,54,62,31,24,6,2,16,58,23,38,25,45,18,59,55,28,14,39,57,48,3,36,9,15,60,32,1,43,53,20,10,56,7,52,11,49,35,47,61,4,8,44,13,46,29,40,5,19,50	30	992	0	6	19	2	2	3.3492064	374.7235413	776	6	16	3.3492064	374.7700000
783	858991151291929341598275751731261502638	0.78300000000000003	REL	46,29,9,36,17,34,5,40,18,45,25,38,30,33,56,7,47,61,54,27,35,49,21,42,26,22,37,41,39,57,23,58,62,31,14,28,59,55,20,10,13,44,43,53,16,2,12,51,32,1,8,4,52,11,3,48,15,60,24,6,19,50	31	712	0	6	13	0	2	3.3492064	378.4275818	776	6	16	3.3492064	374.7700000
784	860088202570718523388311863802438081824	0.78400000000000003	REL	38,25,14,28,62,31,12,51,57,39,59,55,15,60,13,44,40,5,11,52,1,32,42,21,24,6,34,17,29,46,9,36,49,35,37,41,7,56,27,54,53,43,23,58,61,47,16,2,33,30,10,20,26,22,18,45,3,48,4,8,19,50	30	1080	0	6	2	1	2	3.3492064	328.9463501	776	6	16	3.3492064	374.7700000
785	861185253849507705178347975873614661010	0.78500000000000003	REL	25,38,62,31,52,11,32,1,18,45,40,5,33,30,42,21,9,36,2,16,3,48,15,60,55,59,46,29,17,34,51,12,43,53,4,8,41,37,22,26,58,23,57,39,61,47,54,27,49,35,13,44,7,56,28,14,6,24,20,10,19,50	31	664	0	6	30	0	2	3.3492064	312.9485168	776	6	16	3.3492064	374.7700000
786	862282305128296886968384087944791240196	0.78600000000000003	REL	35,49,42,21,2,16,27,54,39,57,28,14,24,6,40,5,46,29,22,26,9,36,38,25,8,4,30,33,53,43,58,23,61,47,13,44,20,10,17,34,59,55,41,37,12,51,45,18,31,62,56,7,1,32,3,48,15,60,52,11,19,50	29	712	0	6	28	2	2	3.3492064	263.5410156	776	6	16	3.3492064	374.7700000
787	863379356407086068758420200015967819382	0.78700000000000003	REL	51,12,36,9,29,46,8,4,3,48,15,60,39,57,23,58,2,16,1,32,43,53,24,6,30,33,61,47,10,20,31,62,26,22,54,27,25,38,42,21,18,45,52,11,17,34,49,35,5,40,13,44,7,56,41,37,55,59,28,14,19,50	30	984	0	6	17	1	2	3.3492064	289.1281433	776	6	16	3.3492064	374.7700000
788	864476407685875250548456312087144398568	0.78800000000000003	REL	9,36,33,30,48,3,20,10,58,23,4,8,47,61,56,7,54,27,41,37,38,25,14,28,40,5,44,13,60,15,17,34,39,57,55,59,53,43,24,6,11,52,46,29,26,22,18,45,21,42,1,32,31,62,12,51,49,35,2,16,19,50	29	1096	0	6	13	2	2	3.3492064	326.2472229	776	6	16	3.3492064	374.7700000
789	865573458964664432338492424158320977754	0.78900000000000003	REL	43,53,57,39,48,3,11,52,35,49,2,16,33,30,7,56,31,62,1,32,6,24,28,14,47,61,17,34,55,59,41,37,44,13,4,8,15,60,26,22,36,9,23,58,54,27,42,21,51,12,25,38,18,45,29,46,40,5,10,20,19,50	31	920	0	6	11	0	2	3.3492064	238.6479187	776	6	16	3.3492064	374.7700000
790	866670510243453614128528536229497556940	0.79000000000000004	REL	28,14,40,5,25,38,30,33,53,43,44,13,60,15,20,10,6,24,57,39,32,1,51,12,58,23,26,22,35,49,62,31,16,2,7,56,9,36,52,11,3,48,45,18,55,59,47,61,8,4,34,17,46,29,27,54,37,41,42,21,19,50	29	872	0	6	12	1	2	3.3492064	259.2980652	776	6	16	3.3492064	374.7700000
791	867767561522242795918564648300674136126	0.79100000000000004	REL	36,9,54,27,29,46,28,14,55,59,16,2,26,22,3,48,45,18,17,34,62,31,41,37,56,7,10,20,24,6,12,51,25,38,40,5,35,49,21,42,33,30,52,11,4,8,47,61,15,60,44,13,57,39,1,32,53,43,58,23,19,50	31	1152	0	6	17	2	2	3.3492064	300.8503723	776	6	16	3.3492064	374.7700000
792	868864612801031977708600760371850715312	0.79200000000000004	REL	44,13,40,5,34,17,8,4,54,27,62,31,24,6,32,1,3,48,15,60,57,39,11,52,30,33,20,10,23,58,29,46,59,55,49,35,16,2,9,36,18,45,53,43,41,37,28,14,47,61,21,42,12,51,7,56,26,22,38,25,19,50	29	952	0	6	6	2	2	3.3492064	346.2069092	776	6	16	3.3492064	374.7700000
793	869961664079821159498636872443027294498	0.79300000000000004	REL	56,7,16,2,46,29,8,4,45,18,51,12,3,48,62,31,38,25,9,36,1,32,21,42,47,61,39,57,53,43,15,60,17,34,52,11,6,24,30,33,59,55,26,22,37,41,35,49,5,40,23,58,10,20,44,13,28,14,54,27,19,50	29	824	0	6	19	3	2	3.3492064	280.7214661	776	6	16	3.3492064	374.7700000
794	871058715358610341288672984514203873684	0.79400000000000004	REL	16,2,62,31,51,12,30,33,4,8,56,7,42,21,44,13,40,5,6,24,61,47,60,15,1,32,45,18,34,17,39,57,36,9,3,48,35,49,55,59,37,41,58,23,25,38,28,14,54,27,43,53,10,20,52,11,26,22,46,29,19,50	30	984	0	6	7	2	2	3.3492064	268.1090393	776	6	16	3.3492064	374.7700000
795	872155766637399523078709096585380452870	0.79500000000000004	REL	54,27,60,15,7,56,4,8,47,61,46,29,39,57,21,42,48,3,14,28,16,2,49,35,36,9,37,41,45,18,6,24,20,10,43,53,23,58,51,12,1,32,31,62,38,25,13,44,55,59,34,17,26,22,5,40,11,52,33,30,19,50	29	880	0	6	5	3	2	3.3492064	257.6178589	776	6	16	3.3492064	374.7700000
796	873252817916188704868745208656557032056	0.79600000000000004	REL	27,54,6,24,46,29,10,20,43,53,60,15,30,33,7,56,49,35,23,58,52,11,17,34,55,59,21,42,39,57,18,45,44,13,28,14,12,51,62,31,25,38,2,16,36,9,61,47,40,5,8,4,26,22,3,48,41,37,1,32,19,50	31	1072	0	6	21	0	2	3.3492064	347.0322266	776	6	16	3.3492064	374.7700000
797	874349869194977886658781320727733611242	0.79700000000000004	REL	1,32,8,4,53,43,62,31,2,16,26,22,12,51,21,42,35,49,54,27,15,60,41,37,11,52,24,6,48,3,59,55,25,38,47,61,40,5,58,23,7,56,44,13,30,33,46,29,39,57,28,14,18,45,10,20,36,9,17,34,19,50	30	1040	0	6	16	0	2	3.3492064	282.5774231	776	6	16	3.3492064	374.7700000
798	875446920473767068448817432798910190428	0.79800000000000004	REL	42,21,17,34,20,10,43,53,44,13,55,59,45,18,28,14,9,36,33,30,7,56,16,2,37,41,52,11,57,39,15,60,3,48,4,8,25,38,31,62,40,5,46,29,12,51,32,1,23,58,24,6,26,22,54,27,61,47,49,35,19,50	29	1224	0	6	18	2	2	3.3492064	278.9963989	776	6	16	3.3492064	374.7700000
799	876543971752556250238853544870086769614	0.79900000000000004	REL	28,14,31,62,29,46,56,7,34,17,8,4,16,2,13,44,52,11,59,55,36,9,24,6,20,10,35,49,58,23,33,30,42,21,1,32,53,43,5,40,54,27,51,12,26,22,3,48,15,60,18,45,37,41,57,39,61,47,25,38,19,50	30	992	0	6	5	0	2	3.3492064	289.5594177	776	6	16	3.3492064	374.7700000
800	877641023031345432028889656941263348800	0.80000000000000004	REL	38,25,1,32,42,21,44,13,55,59,4,8,20,10,3,48,16,2,31,62,49,35,18,45,43,53,29,46,9,36,61,47,12,51,22,26,17,34,7,56,60,15,39,57,28,14,54,27,30,33,6,24,52,11,5,40,58,23,37,41,19,50	31	856	0	6	21	1	2	3.3492064	367.1483459	776	6	16	3.3492064	374.7700000
801	878738074310134613818925769012439927986	0.80100000000000005	REL	3,48,59,55,7,56,10,20,18,45,57,39,40,5,60,15,46,29,13,44,38,25,41,37,28,14,54,27,16,2,61,47,22,26,51,12,33,30,8,4,24,6,62,31,49,35,9,36,1,32,21,42,58,23,52,11,34,17,53,43,19,50	31	1264	0	6	18	0	2	3.3492064	283.6253357	776	6	16	3.3492064	374.7700000
802	879835125588923795608961881083616507172	0.80200000000000005	REL	46,29,3,48,5,40,52,11,22,26,15,60,14,28,6,24,30,33,36,9,49,35,2,16,32,1,37,41,34,17,21,42,43,53,51,12,38,25,20,10,54,27,56,7,59,55,45,18,4,8,47,61,31,62,39,57,58,23,13,44,19,50	31	992	0	6	23	0	2	3.3492064	293.5069275	776	6	16	3.3492064	374.7700000
803	880932176867712977398997993154793086358	0.80300000000000005	REL	51,12,30,33,3,48,1,32,7,56,58,23,34,17,25,38,55,59,37,41,27,54,45,18,49,35,28,14,24,6,11,52,8,4,9,36,39,57,40,5,2,16,60,15,10,20,62,31,43,53,44,13,46,29,22,26,42,21,61,47,19,50	28	1032	0	6	12	3	2	3.3492064	264.7863770	776	6	16	3.3492064	374.7700000
804	882029228146502159189034105225969665544	0.80400000000000005	REL	10,20,38,25,18,45,29,46,13,44,6,24,59,55,2,16,8,4,36,9,17,34,14,28,52,11,21,42,43,53,54,27,33,30,40,5,32,1,57,39,49,35,26,22,56,7,12,51,31,62,41,37,47,61,58,23,15,60,3,48,19,50	31	960	0	6	22	1	2	3.3492064	263.8116455	776	6	16	3.3492064	374.7700000
805	883126279425291340979070217297146244730	0.80500000000000005	REL	13,44,30,33,16,2,46,29,8,4,48,3,60,15,12,51,39,57,34,17,32,1,14,28,45,18,59,55,53,43,27,54,47,61,23,58,6,24,40,5,21,42,49,35,41,37,25,38,22,26,20,10,36,9,31,62,56,7,11,52,19,50	29	1000	0	6	22	2	2	3.3492064	299.3802490	776	6	16	3.3492064	374.7700000
806	884223330704080522769106329368322823916	0.80600000000000005	REL	35,49,61,47,42,21,48,3,10,20,5,40,23,58,55,59,38,25,24,6,27,54,31,62,37,41,29,46,11,52,45,18,26,22,1,32,56,7,9,36,30,33,16,2,15,60,4,8,28,14,13,44,57,39,17,34,12,51,43,53,19,50	31	1296	0	6	20	1	2	3.3492064	233.7621460	776	6	16	3.3492064	374.7700000
807	885320381982869704559142441439499403102	0.80700000000000005	REL	48,3,36,9,53,43,11,52,30,33,27,54,18,45,49,35,39,57,44,13,40,5,60,15,17,34,7,56,16,2,20,10,46,29,47,61,12,51,38,25,41,37,6,24,21,42,8,4,26,22,1,32,31,62,14,28,58,23,59,55,19,50	30	960	0	6	3	0	2	3.3492064	311.3813477	776	6	16	3.3492064	374.7700000
808	886417433261658886349178553510675982288	0.80800000000000005	REL	53,43,20,10,30,33,7,56,42,21,18,45,25,38,6,24,36,9,5,40,37,41,35,49,47,61,48,3,12,51,54,27,1,32,26,22,23,58,14,28,13,44,4,8,29,46,60,15,62,31,2,16,59,55,17,34,52,11,39,57,19,50	31	856	0	6	20	1	2	3.3492064	263.7867737	776	6	16	3.3492064	374.7700000
809	887514484540448068139214665581852561474	0.80900000000000005	REL	11,52,30,33,13,44,26,22,49,35,57,39,2,16,20,10,12,51,17,34,7,56,62,31,59,55,36,9,46,29,25,38,4,8,14,28,47,61,42,21,18,45,43,53,6,24,1,32,54,27,60,15,37,41,48,3,5,40,23,58,19,50	31	1152	0	6	16	0	2	3.3492064	273.7663269	776	6	16	3.3492064	374.7700000
810	888611535819237249929250777653029140660	0.81000000000000005	REL	54,27,41,37,17,34,4,8,13,44,52,11,12,51,38,25,21,42,40,5,58,23,15,60,28,14,3,48,33,30,39,57,36,9,2,16,49,35,59,55,20,10,1,32,46,29,53,43,31,62,7,56,18,45,6,24,22,26,47,61,19,50	30	1168	0	6	25	1	2	3.3492064	316.9813843	776	6	16	3.3492064	374.7700000
811	889708587098026431719286889724205719846	0.81100000000000005	REL	8,4,50,19,29,46,40,5,3,48,33,30,17,34,44,13,7,56,53,43,24,6,16,2,59,55,18,45,42,21,12,51,60,15,28,14,47,61,62,31,57,39,49,35,27,54,23,58,36,9,41,37,26,22,25,38,10,20,32,1,11,52	29	872	0	6	17	2	2	3.3492064	325.5422058	776	6	16	3.3492064	374.7700000
812	890805638376815613509323001795382299032	0.81200000000000006	REL	13,44,33,30,36,9,59,55,25,38,60,15,21,42,47,61,56,7,37,41,62,31,39,57,35,49,22,26,50,19,6,24,29,46,14,28,53,43,54,27,17,34,23,58,5,40,1,32,18,45,10,20,12,51,2,16,8,4,48,3,11,52	28	1120	0	6	15	3	2	3.3492064	321.8851929	776	6	16	3.3492064	374.7700000
813	891902689655604795299359113866558878218	0.81299999999999994	REL	12,51,43,53,32,1,23,58,28,14,4,8,16,2,31,62,6,24,22,26,37,41,34,17,27,54,3,48,35,49,44,13,7,56,9,36,55,59,25,38,39,57,50,19,10,20,46,29,30,33,42,21,47,61,45,18,60,15,40,5,11,52	30	1184	0	6	15	1	2	3.3492064	259.2296448	776	6	16	3.3492064	374.7700000
814	892999740934393977089395225937735457404	0.81399999999999995	REL	58,23,21,42,22,26,57,39,62,31,55,59,9,36,48,3,20,10,8,4,34,17,7,56,61,47,2,16,38,25,19,50,53,43,13,44,30,33,51,12,18,45,14,28,35,49,54,27,46,29,15,60,32,1,37,41,5,40,24,6,11,52	31	1344	0	6	19	0	2	3.3492064	345.1136169	776	6	16	3.3492064	374.7700000
815	894096792213183158879431338008912036590	0.81499999999999995	REL	12,51,48,3,30,33,24,6,53,43,10,20,25,38,5,40,32,1,61,47,23,58,57,39,44,13,56,7,29,46,55,59,45,18,14,28,35,49,50,19,21,42,36,9,60,15,26,22,17,34,37,41,62,31,27,54,2,16,4,8,11,52	29	896	0	6	18	1	2	3.3492064	316.3697205	776	6	16	3.3492064	374.7700000
816	895193843491972340669467450080088615776	0.81599999999999995	REL	45,18,1,32,21,42,14,28,37,41,8,4,38,25,30,33,6,24,58,23,35,49,60,15,44,13,62,31,55,59,48,3,17,34,29,46,26,22,54,27,53,43,39,57,50,19,61,47,40,5,16,2,51,12,56,7,9,36,20,10,11,52	31	856	0	6	18	0	2	3.3492064	251.7864380	776	6	16	3.3492064	374.7700000
817	896290894770761522459503562151265194962	0.81699999999999995	REL	45,18,22,26,21,42,30,33,61,47,38,25,53,43,6,24,9,36,1,32,59,55,46,29,37,41,34,17,50,19,3,48,10,20,7,56,16,2,23,58,5,40,57,39,54,27,51,12,62,31,35,49,8,4,60,15,28,14,44,13,11,52	31	1032	0	6	17	0	2	3.3492064	360.6164856	776	6	16	3.3492064	374.7700000
818	897387946049550704249539674222441774148	0.81799999999999995	REL	50,19,9,36,45,18,58,23,21,42,62,31,2,16,34,17,40,5,35,49,39,57,44,13,47,61,51,12,41,37,48,3,30,33,27,54,60,15,59,55,46,29,20,10,53,43,8,4,6,24,32,1,22,26,38,25,7,56,28,14,11,52	31	1016	0	6	13	0	2	3.3492064	281.8981628	776	6	16	3.3492064	374.7700000
819	898484997328339886039575786293618353334	0.81899999999999995	REL	42,21,6,24,19,50,13,44,61,47,12,51,43,53,25,38,32,1,20,10,48,3,9,36,33,30,56,7,55,59,57,39,27,54,37,41,4,8,14,28,46,29,18,45,15,60,16,2,31,62,58,23,26,22,35,49,40,5,34,17,11,52	29	840	0	6	3	2	2	3.3492064	287.7450867	776	6	16	3.3492064	374.7700000
820	899582048607129067829611898364794932520	0.81999999999999995	REL	34,17,12,51,24,6,29,46,47,61,8,4,22,26,2,16,36,9,28,14,42,21,7,56,25,38,3,48,19,50,37,41,55,59,30,33,40,5,58,23,60,15,39,57,44,13,20,10,31,62,54,27,49,35,53,43,1,32,45,18,11,52	30	840	0	6	29	0	3	3.3492064	236.0755615	776	6	16	3.3492064	374.7700000
821	900679099885918249619648010435971511706	0.82099999999999995	REL	34,17,24,6,43,53,12,51,19,50,13,44,58,23,49,35,10,20,62,31,14,28,38,25,16,2,1,32,45,18,22,26,29,46,37,41,48,3,33,30,59,55,47,61,39,57,40,5,54,27,7,56,36,9,60,15,8,4,42,21,11,52	30	800	0	6	19	1	3	3.3492064	327.0802612	776	6	16	3.3492064	374.7700000
822	901776151164707431409684122507148090892	0.82199999999999995	REL	9,36,7,56,16,2,17,34,50,19,8,4,12,51,3,48,33,30,40,5,58,23,14,28,42,21,57,39,20,10,6,24,32,1,43,53,41,37,13,44,59,55,45,18,38,25,35,49,54,27,61,47,31,62,29,46,15,60,26,22,11,52	29	1304	0	6	1	2	2	3.3492064	262.7493591	776	6	16	3.3492064	374.7700000
823	902873202443496613199720234578324670078	0.82299999999999995	REL	18,45,29,46,4,8,10,20,32,1,41,37,50,19,30,33,27,54,26,22,47,61,42,21,15,60,5,40,2,16,38,25,59,55,3,48,36,9,28,14,49,35,17,34,62,31,56,7,53,43,13,44,12,51,39,57,58,23,6,24,11,52	31	1080	0	6	24	0	2	3.3492064	322.0851135	776	6	16	3.3492064	374.7700000
824	903970253722285794989756346649501249264	0.82399999999999995	REL	16,2,51,12,56,7,29,46,9,36,34,17,50,19,42,21,47,61,33,30,13,44,1,32,53,43,27,54,49,35,41,37,26,22,6,24,48,3,14,28,4,8,31,62,10,20,15,60,55,59,18,45,40,5,39,57,23,58,38,25,11,52	31	576	0	6	17	1	2	3.3492064	290.4694519	776	6	16	3.3492064	374.7700000
825	905067305001074976779792458720677828450	0.82499999999999996	REL	3,48,46,29,34,17,33,30,13,44,20,10,45,18,56,7,53,43,25,38,5,40,8,4,62,31,55,59,26,22,58,23,61,47,35,49,51,12,37,41,21,42,27,54,16,2,19,50,36,9,24,6,60,15,39,57,32,1,14,28,11,52	30	816	0	6	22	0	2	3.3492064	270.6610718	776	6	16	3.3492064	374.7700000
826	906164356279864158569828570791854407636	0.82599999999999996	REL	34,17,59,55,47,61,32,1,23,58,51,12,39,57,37,41,49,35,8,4,62,31,54,27,25,38,5,40,15,60,18,45,14,28,44,13,50,19,6,24,30,33,36,9,16,2,43,53,56,7,20,10,3,48,22,26,21,42,46,29,11,52	30	1128	0	6	10	0	3	3.3492064	329.9254150	776	6	16	3.3492064	374.7700000
827	907261407558653340359864682863030986822	0.82699999999999996	REL	25,38,15,60,50,19,17,34,8,4,37,41,26,22,46,29,51,12,56,7,59,55,14,28,18,45,48,3,5,40,35,49,33,30,27,54,32,1,20,10,53,43,58,23,2,16,13,44,61,47,21,42,57,39,36,9,24,6,62,31,11,52	31	664	0	6	12	0	2	3.3492064	295.6998291	776	6	16	3.3492064	374.7700000
828	908358458837442522149900794934207566008	0.82799999999999996	REL	20,10,16,2,12,51,33,30,23,58,14,28,6,24,39,57,56,7,41,37,40,5,21,42,55,59,48,3,36,9,46,29,45,18,54,27,49,35,50,19,47,61,17,34,22,26,15,60,4,8,13,44,38,25,62,31,43,53,1,32,11,52	29	968	0	6	12	1	2	3.3492064	273.3762207	776	6	16	3.3492064	374.7700000
829	909455510116231703939936907005384145194	0.82899999999999996	REL	41,37,15,60,45,18,59,55,44,13,62,31,8,4,47,61,23,58,48,3,14,28,54,27,21,42,39,57,51,12,46,29,26,22,2,16,36,9,6,24,56,7,32,1,40,5,53,43,20,10,33,30,25,38,35,49,50,19,17,34,11,52	28	1104	0	6	18	3	2	3.3492064	252.6394196	776	6	16	3.3492064	374.7700000
830	910552561395020885729973019076560724380	0.82999999999999996	REL	5,40,36,9,31,62,16,2,3,48,23,58,8,4,26,22,15,60,41,37,7,56,10,20,53,43,61,47,38,25,42,21,14,28,46,29,34,17,33,30,44,13,39,57,19,50,32,1,45,18,12,51,55,59,24,6,27,54,49,35,11,52	29	912	0	6	8	3	2	3.3492064	263.1324463	776	6	16	3.3492064	374.7700000
831	911649612673810067520009131147737303566	0.83099999999999996	REL	27,54,44,13,14,28,8,4,62,31,6,24,50,19,7,56,17,34,1,32,20,10,22,26,12,51,39,57,59,55,43,53,16,2,21,42,35,49,47,61,60,15,23,58,5,40,3,48,37,41,36,9,29,46,30,33,18,45,25,38,11,52	31	920	0	6	17	0	2	3.3492064	291.9455261	776	6	16	3.3492064	374.7700000
832	912746663952599249310045243218913882752	0.83199999999999996	REL	56,7,3,48,4,8,20,10,31,62,47,61,24,6,57,39,54,27,15,60,16,2,43,53,18,45,55,59,49,35,13,44,41,37,32,1,50,19,9,36,17,34,30,33,29,46,51,12,42,21,25,38,22,26,58,23,28,14,5,40,11,52	30	720	0	6	23	1	2	3.3492064	354.2870178	776	6	16	3.3492064	374.7700000
833	913843715231388431100081355290090461938	0.83299999999999996	REL	20,10,27,54,39,57,6,24,3,48,21,42,18,45,49,35,4,8,33,30,19,50,53,43,56,7,1,32,47,61,14,28,17,34,12,51,55,59,25,38,15,60,40,5,16,2,36,9,23,58,44,13,26,22,62,31,29,46,37,41,11,52	31	1000	0	6	10	1	2	3.3492064	323.9228516	776	6	16	3.3492064	374.7700000
834	914940766510177612890117467361267041124	0.83399999999999996	REL	38,25,51,12,42,21,4,8,34,17,48,3,46,29,7,56,37,41,22,26,40,5,13,44,14,28,16,2,27,54,19,50,49,35,58,23,18,45,31,62,59,55,30,33,24,6,1,32,47,61,20,10,36,9,60,15,57,39,53,43,11,52	31	768	0	6	26	0	2	3.3492064	286.7647400	776	6	16	3.3492064	374.7700000
835	916037817788966794680153579432443620310	0.83499999999999996	REL	3,48,57,39,59,55,32,1,47,61,41,37,21,42,46,29,34,17,12,51,20,10,22,26,44,13,40,5,36,9,19,50,6,24,4,8,35,49,60,15,38,25,16,2,54,27,31,62,28,14,23,58,53,43,56,7,33,30,18,45,11,52	31	1120	0	6	9	0	2	3.3492064	311.4129333	776	6	16	3.3492064	374.7700000
836	917134869067755976470189691503620199496	0.83599999999999997	REL	37,41,26,22,50,19,1,32,59,55,2,16,36,9,49,35,58,23,13,44,14,28,45,18,17,34,3,48,27,54,12,51,10,20,30,33,21,42,40,5,53,43,61,47,38,25,60,15,4,8,62,31,24,6,57,39,7,56,29,46,11,52	31	976	0	6	17	1	2	3.3492064	289.3797913	776	6	16	3.3492064	374.7700000
837	918231920346545158260225803574796778682	0.83699999999999997	REL	3,48,44,13,50,19,59,55,34,17,8,4,33,30,5,40,24,6,29,46,28,14,47,61,12,51,18,45,58,23,2,16,31,62,7,56,42,21,41,37,20,10,22,26,9,36,38,25,53,43,15,60,54,27,1,32,57,39,35,49,11,52	29	848	0	6	19	2	2	3.3492064	326.9581299	776	6	16	3.3492064	374.7700000
838	919328971625334340050261915645973357868	0.83799999999999997	REL	50,19,61,47,58,23,43,53,18,45,29,46,56,7,30,33,10,20,17,34,38,25,44,13,55,59,4,8,15,60,26,22,48,3,27,54,36,9,32,1,39,57,37,41,35,49,5,40,42,21,28,14,62,31,2,16,6,24,12,51,11,52	30	776	0	6	28	1	2	3.3492064	272.1580505	776	6	16	3.3492064	374.7700000
839	920426022904123521840298027717149937054	0.83899999999999997	REL	34,17,55,59,61,47,29,46,43,53,4,8,40,5,45,18,54,27,35,49,9,36,58,23,3,48,38,25,22,26,1,32,51,12,62,31,24,6,60,15,28,14,10,20,39,57,37,41,13,44,19,50,33,30,21,42,16,2,7,56,11,52	30	744	0	6	19	0	3	3.3492064	280.9747925	776	6	16	3.3492064	374.7700000
840	921523074182912703630334139788326516240	0.83999999999999997	REL	49,35,47,61,24,6,27,54,59,55,2,16,50,19,44,13,8,4,36,9,1,32,46,29,18,45,31,62,41,37,17,34,51,12,10,20,33,30,7,56,25,38,23,58,28,14,42,21,48,3,40,5,22,26,60,15,53,43,39,57,11,52	30	824	0	6	28	2	2	3.3492064	284.6281433	776	6	16	3.3492064	374.7700000
841	922620125461701885420370251859503095426	0.84099999999999997	REL	20,10,29,46,9,36,56,7,19,50,51,12,34,17,41,37,13,44,57,39,45,18,33,30,8,4,21,42,47,61,40,5,38,25,43,53,27,54,31,62,16,2,15,60,3,48,35,49,58,23,1,32,28,14,22,26,24,6,55,59,11,52	30	1000	0	6	23	1	2	3.3492064	249.0132141	776	6	16	3.3492064	374.7700000
842	923717176740491067210406363930679674612	0.84199999999999997	REL	54,27,25,38,22,26,20,10,33,30,4,8,7,56,51,12,40,5,45,18,42,21,60,15,48,3,41,37,49,35,39,57,53,43,13,44,28,14,23,58,9,36,16,2,50,19,6,24,34,17,32,1,31,62,29,46,59,55,47,61,11,52	31	880	0	6	2	0	2	3.3492064	338.2853699	776	6	16	3.3492064	374.7700000
843	924814228019280249000442476001856253798	0.84299999999999997	REL	45,18,4,8,20,10,9,36,15,60,31,62,29,46,22,26,13,44,28,14,2,16,58,23,27,54,51,12,52,11,37,41,47,61,40,5,25,38,34,17,30,33,50,19,7,56,49,35,3,48,21,42,39,57,6,24,43,53,32,1,59,55	31	1368	0	6	30	1	2	3.3492064	322.1618347	776	6	16	3.3492064	374.7700000
844	925911279298069430790478588073032832984	0.84399999999999997	REL	1,32,10,20,27,54,35,49,39,57,52,11,41,37,38,25,16,2,61,47,34,17,58,23,43,53,50,19,21,42,9,36,22,26,8,4,14,28,45,18,12,51,7,56,29,46,30,33,24,6,62,31,44,13,15,60,5,40,48,3,59,55	29	1232	0	6	27	1	2	3.3492064	332.6683044	776	6	16	3.3492064	374.7700000
845	927008330576858612580514700144209412170	0.84499999999999997	REL	48,3,45,18,31,62,34,17,32,1,25,38,61,47,56,7,37,41,15,60,40,5,22,26,14,28,46,29,51,12,39,57,13,44,43,53,27,54,33,30,16,2,23,58,35,49,50,19,21,42,6,24,10,20,52,11,9,36,8,4,59,55	30	784	0	6	22	2	2	3.3492064	360.2988586	776	6	16	3.3492064	374.7700000
846	928105381855647794370550812215385991356	0.84599999999999997	REL	44,13,27,54,3,48,8,4,10,20,1,32,45,18,38,25,16,2,24,6,62,31,42,21,51,12,30,33,23,58,46,29,9,36,34,17,15,60,52,11,22,26,57,39,35,49,14,28,40,5,53,43,19,50,41,37,47,61,56,7,59,55	30	1312	0	6	29	2	2	3.3492064	265.5638123	776	6	16	3.3492064	374.7700000
847	929202433134436976160586924286562570542	0.84699999999999998	REL	11,52,50,19,61,47,51,12,33,30,34,17,2,16,58,23,25,38,1,32,28,14,15,60,37,41,27,54,26,22,18,45,46,29,56,7,43,53,35,49,8,4,44,13,21,42,31,62,39,57,6,24,40,5,20,10,3,48,36,9,59,55	30	1072	0	6	25	1	2	3.3492064	275.1841125	776	6	16	3.3492064	374.7700000
848	930299484413226157950623036357739149728	0.84799999999999998	REL	33,30,56,7,8,4,28,14,36,9,37,41,26,22,1,32,57,39,21,42,54,27,19,50,40,5,38,25,62,31,18,45,44,13,61,47,3,48,15,60,20,10,51,12,24,6,29,46,43,53,16,2,49,35,17,34,58,23,52,11,59,55	30	952	0	6	14	0	2	3.3492064	313.6504517	776	6	16	3.3492064	374.7700000
849	931396535692015339740659148428915728914	0.84899999999999998	REL	35,49,40,5,12,51,22,26,11,52,53,43,42,21,31,62,4,8,29,46,13,44,50,19,61,47,56,7,54,27,58,23,1,32,6,24,41,37,38,25,3,48,15,60,17,34,36,9,2,16,57,39,33,30,20,10,45,18,28,14,59,55	31	1256	0	6	30	0	2	3.3492064	328.5463257	776	6	16	3.3492064	374.7700000
850	932493586970804521530695260500092308100	0.84999999999999998	REL	7,56,51,12,29,46,9,36,41,37,23,58,10,20,44,13,14,28,54,27,18,45,25,38,1,32,31,62,49,35,26,22,24,6,42,21,33,30,40,5,48,3,57,39,43,53,52,11,8,4,2,16,19,50,17,34,47,61,60,15,59,55	31	984	0	6	4	0	2	3.3492064	276.2160645	776	6	16	3.3492064	374.7700000
851	933590638249593703320731372571268887286	0.85099999999999998	REL	37,41,36,9,21,42,45,18,43,53,57,39,15,60,56,7,30,33,11,52,28,14,31,62,49,35,46,29,27,54,24,6,51,12,38,25,48,3,5,40,20,10,1,32,26,22,23,58,16,2,8,4,13,44,19,50,61,47,34,17,59,55	29	936	0	6	15	0	2	3.3492064	304.8968506	776	6	16	3.3492064	374.7700000
852	934687689528382885110767484642445466472	0.85199999999999998	REL	30,33,43,53,58,23,35,49,41,37,54,27,34,17,24,6,52,11,29,46,28,14,62,31,5,40,39,57,8,4,7,56,21,42,12,51,48,3,60,15,25,38,2,16,36,9,1,32,18,45,61,47,22,26,44,13,10,20,50,19,59,55	31	1032	0	6	29	1	2	3.3492064	251.9095764	776	6	16	3.3492064	374.7700000
853	935784740807172066900803596713622045658	0.85299999999999998	REL	24,6,45,18,32,1,37,41,39,57,19,50,43,53,13,44,47,61,7,56,48,3,4,8,42,21,31,62,52,11,51,12,33,30,38,25,15,60,17,34,29,46,35,49,23,58,2,16,9,36,5,40,27,54,10,20,28,14,26,22,59,55	30	968	0	6	30	0	2	3.3492064	413.9544067	776	6	16	3.3492064	374.7700000
854	936881792085961248690839708784798624844	0.85399999999999998	REL	54,27,51,12,30,33,24,6,11,52,40,5,31,62,20,10,29,46,48,3,21,42,9,36,1,32,16,2,61,47,43,53,15,60,37,41,7,56,34,17,8,4,44,13,25,38,50,19,14,28,22,26,18,45,35,49,39,57,58,23,59,55	31	944	0	6	16	2	2	3.3492064	406.6964722	776	6	16	3.3492064	374.7700000
855	937978843364750430480875820855975204030	0.85499999999999998	REL	34,17,56,7,61,47,30,33,24,6,32,1,43,53,21,42,50,19,15,60,40,5,9,36,22,26,37,41,29,46,11,52,51,12,14,28,4,8,27,54,31,62,2,16,58,23,57,39,18,45,48,3,10,20,44,13,49,35,38,25,59,55	29	1344	0	6	21	0	3	3.3492064	309.3943787	776	6	16	3.3492064	374.7700000
856	939075894643539612270911932927151783216	0.85599999999999998	REL	37,41,1,32,60,15,61,47,36,9,3,48,44,13,10,20,34,17,51,12,58,23,40,5,53,43,31,62,29,46,57,39,33,30,7,56,11,52,6,24,21,42,16,2,28,14,22,26,38,25,8,4,45,18,50,19,49,35,54,27,59,55	31	1048	0	6	2	0	2	3.3492064	305.1986389	776	6	16	3.3492064	374.7700000
857	940172945922328794060948044998328362402	0.85699999999999998	REL	58,23,54,27,8,4,56,7,53,43,10,20,22,26,61,47,60,15,48,3,38,25,31,62,24,6,36,9,14,28,49,35,13,44,30,33,18,45,41,37,52,11,19,50,40,5,32,1,42,21,57,39,2,16,12,51,17,34,46,29,59,55	30	1040	0	6	26	2	2	3.3492064	258.0024414	776	6	16	3.3492064	374.7700000
858	941269997201117975850984157069504941588	0.85799999999999998	REL	26,22,42,21,50,19,27,54,10,20,49,35,17,34,24,6,58,23,38,25,18,45,7,56,46,29,53,43,61,47,39,57,13,44,14,28,40,5,33,30,51,12,36,9,3,48,41,37,52,11,4,8,16,2,15,60,32,1,62,31,59,55	31	1000	0	6	20	0	2	3.3492064	322.6598511	776	6	16	3.3492064	374.7700000
859	942367048479907157641020269140681520774	0.85899999999999999	REL	35,49,60,15,9,36,58,23,48,3,16,2,56,7,29,46,40,5,30,33,50,19,10,20,6,24,14,28,27,54,38,25,13,44,39,57,61,47,41,37,11,52,12,51,53,43,26,22,4,8,34,17,45,18,42,21,31,62,1,32,59,55	31	792	0	6	31	0	2	3.3492064	269.0394287	776	6	16	3.3492064	374.7700000
860	943464099758696339431056381211858099960	0.85999999999999999	REL	26,22,37,41,38,25,1,32,45,18,58,23,3,48,53,43,62,31,16,2,50,19,44,13,39,57,11,52,6,24,30,33,21,42,12,51,10,20,27,54,5,40,46,29,61,47,15,60,4,8,36,9,49,35,56,7,14,28,17,34,59,55	30	712	0	6	26	1	2	3.3492064	333.3752747	776	6	16	3.3492064	374.7700000
861	944561151037485521221092493283034679146	0.86099999999999999	REL	36,9,35,49,14,28,5,40,29,46,13,44,53,43,30,33,6,24,58,23,2,16,60,15,57,39,38,25,19,50,22,26,12,51,21,42,56,7,8,4,32,1,27,54,34,17,45,18,62,31,10,20,61,47,3,48,52,11,41,37,59,55	31	1128	0	6	29	1	2	3.3492064	292.8638916	776	6	16	3.3492064	374.7700000
862	945658202316274703011128605354211258332	0.86199999999999999	REL	52,11,5,40,34,17,45,18,15,60,41,37,35,49,7,56,28,14,9,36,30,33,32,1,62,31,47,61,12,51,27,54,21,42,50,19,3,48,43,53,13,44,38,25,26,22,24,6,16,2,58,23,4,8,29,46,20,10,57,39,59,55	30	992	0	6	4	1	2	3.3492064	248.5183716	776	6	16	3.3492064	374.7700000
863	946755253595063884801164717425387837518	0.86299999999999999	REL	56,7,53,43,58,23,12,51,45,18,6,24,49,35,10,20,39,57,31,62,38,25,22,26,30,33,17,34,27,54,46,29,4,8,11,52,44,13,14,28,36,9,21,42,3,48,16,2,61,47,1,32,19,50,60,15,37,41,5,40,59,55	30	960	0	6	14	2	2	3.3492064	278.5160828	776	6	16	3.3492064	374.7700000
864	947852304873853066591200829496564416704	0.86399999999999999	REL	58,23,14,28,17,34,4,8,41,37,40,5,20,10,60,15,1,32,9,36,7,56,57,39,62,31,24,6,46,29,45,18,16,2,52,11,50,19,44,13,22,26,49,35,48,3,43,53,27,54,51,12,47,61,30,33,38,25,21,42,59,55	30	1168	0	6	10	1	2	3.3492064	251.8744507	776	6	16	3.3492064	374.7700000
865	948949356152642248381236941567740995890	0.86499999999999999	REL	38,25,42,21,8,4,9,36,62,31,51,12,60,15,53,43,3,48,40,5,54,27,11,52,45,18,32,1,10,20,17,34,29,46,39,57,47,61,23,58,22,26,35,49,19,50,16,2,33,30,7,56,24,6,28,14,37,41,13,44,59,55	30	808	0	6	23	1	2	3.3492064	337.6773987	776	6	16	3.3492064	374.7700000
866	950046407431431430171273053638917575076	0.86599999999999999	REL	27,54,34,17,50,19,9,36,52,11,12,51,31,62,1,32,20,10,7,56,13,44,16,2,4,8,41,37,38,25,40,5,22,26,57,39,18,45,42,21,14,28,47,61,23,58,30,33,53,43,35,49,3,48,24,6,60,15,29,46,59,55	31	904	0	6	30	1	2	3.3492064	304.8623352	776	6	16	3.3492064	374.7700000
867	951143458710220611961309165710094154262	0.86699999999999999	REL	40,5,7,56,2,16,38,25,23,58,18,45,62,31,52,11,57,39,49,35,32,1,29,46,12,51,36,9,54,27,10,20,33,30,42,21,60,15,17,34,4,8,6,24,41,37,14,28,44,13,3,48,22,26,19,50,43,53,61,47,59,55	28	880	0	6	23	2	2	3.3492064	340.8507385	776	6	16	3.3492064	374.7700000
868	952240509989009793751345277781270733448	0.86799999999999999	REL	27,54,30,33,40,5,52,11,34,17,36,9,18,45,6,24,58,23,31,62,39,57,44,13,25,38,43,53,32,1,21,42,56,7,46,29,26,22,4,8,48,3,19,50,61,47,2,16,10,20,51,12,37,41,15,60,14,28,35,49,59,55	31	664	0	6	21	0	2	3.3492064	341.2738953	776	6	16	3.3492064	374.7700000
869	953337561267798975541381389852447312634	0.86899999999999999	REL	24,6,21,42,18,45,25,38,49,35,53,43,36,9,16,2,27,54,56,7,14,28,60,15,46,29,20,10,41,37,57,39,5,40,23,58,8,4,31,62,61,47,19,50,44,13,11,52,33,30,3,48,34,17,26,22,1,32,12,51,59,55	29	880	0	6	6	1	2	3.3492064	296.4333191	776	6	16	3.3492064	374.7700000
870	954434612546588157331417501923623891820	0.87	REL	45,18,34,17,20,10,42,21,39,57,9,36,44,13,50,19,26,22,15,60,27,54,14,28,11,52,41,37,29,46,30,33,7,56,2,16,12,51,23,58,8,4,24,6,47,61,5,40,48,3,38,25,32,1,35,49,62,31,43,53,59,55	30	976	0	6	31	1	2	3.3492064	362.1588135	776	6	16	3.3492064	374.7700000
871	955531663825377339121453613994800471006	0.871	REL	27,54,10,20,36,9,18,45,8,4,60,15,34,17,41,37,47,61,44,13,19,50,49,35,3,48,33,30,62,31,24,6,52,11,29,46,23,58,5,40,14,28,57,39,42,21,1,32,26,22,51,12,38,25,43,53,16,2,7,56,59,55	31	1096	0	6	12	1	2	3.3492064	274.7971191	776	6	16	3.3492064	374.7700000
872	956628715104166520911489726065977050192	0.872	REL	41,37,35,49,16,2,13,44,28,14,40,5,9,36,30,33,53,43,34,17,46,29,8,4,19,50,31,62,6,24,60,15,38,25,52,11,51,12,26,22,27,54,61,47,57,39,7,56,18,45,32,1,42,21,3,48,10,20,23,58,59,55	29	1296	0	6	26	2	2	3.3492064	269.1050415	776	6	16	3.3492064	374.7700000
873	957725766382955702701525838137153629378	0.873	REL	53,43,1,32,35,49,13,44,26,22,4,8,40,5,48,3,27,54,2,16,34,17,46,29,10,20,36,9,14,28,45,18,21,42,6,24,33,30,25,38,12,51,31,62,57,39,50,19,7,56,37,41,58,23,15,60,52,11,47,61,59,55	30	1464	0	6	20	1	2	3.3492064	335.6052551	776	6	16	3.3492064	374.7700000
874	958822817661744884491561950208330208564	0.874	REL	43,53,41,37,57,39,45,18,4,8,60,15,48,3,42,21,30,33,50,19,25,38,55,59,28,14,52,11,35,49,17,34,24,6,51,12,47,61,36,9,31,62,46,29,5,40,27,54,26,22,13,44,58,23,20,10,16,2,32,1,7,56	30	1000	0	6	13	0	2	3.3492064	241.4671173	776	6	16	3.3492064	374.7700000
875	959919868940534066281598062279506787750	0.875	REL	36,9,28,14,62,31,19,50,40,5,39,57,23,58,8,4,60,15,34,17,59,55,45,18,27,54,37,41,51,12,6,24,33,30,52,11,22,26,1,32,44,13,49,35,43,53,46,29,21,42,48,3,38,25,10,20,61,47,16,2,7,56	30	1000	0	6	11	1	2	3.3492064	281.6497803	776	6	16	3.3492064	374.7700000
876	961016920219323248071634174350683366936	0.876	REL	58,23,51,12,60,15,13,44,34,17,55,59,53,43,20,10,41,37,40,5,3,48,30,33,36,9,14,28,27,54,57,39,21,42,32,1,25,38,47,61,35,49,11,52,29,46,2,16,62,31,45,18,22,26,6,24,19,50,8,4,7,56	30	1096	0	6	28	0	2	3.3492064	281.8270264	776	6	16	3.3492064	374.7700000
877	962113971498112429861670286421859946122	0.877	REL	40,5,47,61,33,30,58,23,62,31,50,19,49,35,2,16,53,43,60,15,1,32,46,29,18,45,55,59,42,21,9,36,27,54,10,20,25,38,13,44,41,37,39,57,12,51,48,3,14,28,17,34,52,11,26,22,6,24,4,8,7,56	30	936	0	6	13	1	2	3.3492064	347.8804321	776	6	16	3.3492064	374.7700000
878	963211022776901611651706398493036525308	0.878	REL	49,35,42,21,62,31,22,26,43,53,16,2,14,28,10,20,27,54,37,41,32,1,52,11,46,29,13,44,57,39,45,18,34,17,59,55,8,4,33,30,50,19,61,47,51,12,48,3,40,5,38,25,24,6,23,58,15,60,36,9,7,56	29	752	0	6	29	2	2	3.3492064	297.3934937	776	6	16	3.3492064	374.7700000
879	964308074055690793441742510564213104494	0.879	REL	60,15,39,57,23,58,3,48,8,4,33,30,62,31,10,20,13,44,59,55,1,32,36,9,34,17,27,54,2,16,26,22,50,19,24,6,5,40,37,41,61,47,14,28,35,49,43,53,25,38,18,45,21,42,12,51,46,29,52,11,7,56	30	792	0	6	9	2	2	3.3492064	306.6974182	776	6	16	3.3492064	374.7700000
880	965405125334479975231778622635389683680	0.88	REL	45,18,1,32,42,21,36,9,49,35,34,17,8,4,54,27,50,19,25,38,22,26,3,48,44,13,37,41,55,59,31,62,40,5,58,23,24,6,43,53,29,46,28,14,52,11,15,60,10,20,61,47,2,16,30,33,39,57,51,12,7,56	28	768	0	6	25	2	2	3.3492064	304.4974060	776	6	16	3.3492064	374.7700000
881	966502176613269157021814734706566262866	0.88100000000000001	REL	53,43,46,29,34,17,54,27,55,59,19,50,49,35,1,32,33,30,57,39,23,58,48,3,37,41,12,51,38,25,45,18,4,8,5,40,10,20,62,31,44,13,60,15,11,52,6,24,21,42,22,26,61,47,2,16,9,36,28,14,7,56	30	1224	0	6	19	2	2	3.3492064	278.4827271	776	6	16	3.3492064	374.7700000
882	967599227892058338811850846777742842052	0.88200000000000001	REL	27,54,15,60,41,37,21,42,14,28,38,25,3,48,8,4,40,5,12,51,19,50,55,59,45,18,36,9,47,61,13,44,58,23,39,57,62,31,43,53,6,24,49,35,1,32,33,30,20,10,22,26,52,11,17,34,29,46,2,16,7,56	31	840	0	6	20	1	2	3.3492064	361.0051880	776	6	16	3.3492064	374.7700000
883	968696279170847520601886958848919421238	0.88300000000000001	REL	50,19,4,8,34,17,1,32,22,26,15,60,58,23,43,53,51,12,11,52,55,59,16,2,46,29,9,36,20,10,38,25,21,42,27,54,40,5,44,13,3,48,33,30,24,6,62,31,37,41,57,39,61,47,49,35,28,14,45,18,7,56	31	1096	0	6	17	0	2	3.3492064	285.1022949	776	6	16	3.3492064	374.7700000
884	969793330449636702391923070920096000424	0.88400000000000001	REL	37,41,58,23,52,11,8,4,1,32,25,38,12,51,34,17,55,59,60,15,57,39,31,62,36,9,48,3,33,30,24,6,22,26,29,46,18,45,5,40,10,20,16,2,21,42,49,35,28,14,27,54,61,47,53,43,13,44,50,19,7,56	30	752	0	6	2	1	2	3.3492064	296.4346313	776	6	16	3.3492064	374.7700000
885	970890381728425884181959182991272579610	0.88500000000000001	REL	2,16,57,39,9,36,1,32,38,25,44,13,61,47,4,8,27,54,37,41,60,15,3,48,12,51,22,26,20,10,19,50,23,58,5,40,46,29,11,52,35,49,53,43,55,59,33,30,45,18,24,6,17,34,62,31,28,14,42,21,7,56	30	928	0	6	25	4	2	3.3492064	270.0859680	776	6	16	3.3492064	374.7700000
886	971987433007215065971995295062449158796	0.88600000000000001	REL	45,18,62,31,12,51,25,38,49,35,14,28,11,52,17,34,1,32,50,19,41,37,39,57,60,15,30,33,44,13,4,8,9,36,47,61,54,27,23,58,29,46,2,16,10,20,43,53,5,40,24,6,21,42,3,48,59,55,26,22,7,56	30	808	0	6	12	3	2	3.3492064	299.3334656	776	6	16	3.3492064	374.7700000
887	973084484286004247762031407133625737982	0.88700000000000001	REL	9,36,4,8,49,35,18,45,15,60,54,27,46,29,37,41,24,6,62,31,30,33,43,53,12,51,42,21,14,28,10,20,44,13,61,47,16,2,25,38,3,48,55,59,32,1,19,50,17,34,58,23,39,57,11,52,40,5,22,26,7,56	30	1128	0	6	21	1	2	3.3492064	327.7633972	776	6	16	3.3492064	374.7700000
888	974181535564793429552067519204802317168	0.88800000000000001	REL	11,52,51,12,17,34,3,48,28,14,2,16,5,40,37,41,21,42,39,57,23,58,25,38,35,49,22,26,50,19,44,13,45,18,59,55,53,43,31,62,15,60,8,4,1,32,47,61,30,33,6,24,20,10,9,36,29,46,54,27,7,56	31	920	0	6	19	0	2	3.3492064	289.6199646	776	6	16	3.3492064	374.7700000
889	975278586843582611342103631275978896354	0.88900000000000001	REL	21,42,44,13,20,10,36,9,37,41,34,17,31,62,1,32,26,22,8,4,23,58,61,47,39,57,19,50,60,15,5,40,49,35,55,59,30,33,3,48,52,11,25,38,28,14,2,16,6,24,12,51,53,43,18,45,54,27,46,29,7,56	31	1120	0	6	17	1	2	3.3492064	321.8463135	776	6	16	3.3492064	374.7700000
890	976375638122371793132139743347155475540	0.89000000000000001	REL	2,16,23,58,60,15,36,9,40,5,28,14,1,32,37,41,22,26,25,38,53,43,54,27,62,31,57,39,47,61,48,3,59,55,21,42,11,52,6,24,19,50,20,10,35,49,13,44,4,8,29,46,18,45,34,17,12,51,33,30,7,56	30	752	0	6	31	1	2	3.3492064	242.4813080	776	6	16	3.3492064	374.7700000
891	977472689401160974922175855418332054726	0.89100000000000001	REL	49,35,55,59,24,6,17,34,4,8,28,14,12,51,25,38,31,62,22,26,54,27,60,15,48,3,47,61,41,37,39,57,42,21,11,52,44,13,53,43,50,19,5,40,9,36,10,20,18,45,30,33,2,16,23,58,46,29,1,32,7,56	30	896	0	6	11	1	2	3.3492064	243.9748077	776	6	16	3.3492064	374.7700000
892	978569740679950156712211967489508633912	0.89200000000000002	REL	23,58,24,6,57,39,4,8,5,40,52,11,41,37,25,38,45,18,50,19,62,31,44,13,14,28,27,54,48,3,32,1,55,59,10,20,61,47,35,49,60,15,43,53,36,9,51,12,33,30,21,42,46,29,26,22,16,2,17,34,7,56	29	696	0	6	20	1	2	3.3492064	291.7909851	776	6	16	3.3492064	374.7700000
893	979666791958739338502248079560685213098	0.89300000000000002	REL	44,13,19,50,36,9,57,39,37,41,8,4,10,20,3,48,33,30,38,25,52,11,58,23,24,6,21,42,43,53,27,54,18,45,59,55,15,60,16,2,61,47,12,51,29,46,34,17,26,22,5,40,28,14,62,31,1,32,49,35,7,56	31	768	0	6	21	0	2	3.3492064	303.2451782	776	6	16	3.3492064	374.7700000
894	980763843237528520292284191631861792284	0.89400000000000002	REL	17,34,50,19,22,26,28,14,21,42,45,18,46,29,8,4,33,30,44,13,12,51,15,60,55,59,40,5,35,49,3,48,20,10,58,23,2,16,54,27,36,9,39,57,43,53,47,61,38,25,52,11,62,31,6,24,32,1,41,37,7,56	29	696	0	6	21	1	3	3.3492064	277.7243042	776	6	16	3.3492064	374.7700000
895	981860894516317702082320303703038371470	0.89500000000000002	REL	48,3,8,4,54,27,46,29,61,47,40,5,35,49,28,14,42,21,60,15,20,10,58,23,33,30,11,52,31,62,51,12,45,18,55,59,37,41,22,26,9,36,6,24,13,44,16,2,50,19,17,34,1,32,57,39,53,43,25,38,7,56	29	1056	0	6	24	1	2	3.3492064	297.0133362	776	6	16	3.3492064	374.7700000
896	982957945795106883872356415774214950656	0.89600000000000002	REL	38,25,59,55,20,10,48,3,16,2,50,19,52,11,31,62,60,15,34,17,28,14,39,57,6,24,18,45,29,46,53,43,40,5,35,49,22,26,21,42,58,23,47,61,51,12,32,1,8,4,9,36,33,30,44,13,27,54,37,41,7,56	28	1032	0	6	5	3	2	3.3492064	269.2833862	776	6	16	3.3492064	374.7700000
897	984054997073896065662392527845391529842	0.89700000000000002	REL	23,58,49,35,47,61,51,12,46,29,30,33,13,44,32,1,62,31,26,22,25,38,40,5,57,39,42,21,15,60,36,9,27,54,50,19,8,4,24,6,11,52,18,45,28,14,20,10,3,48,16,2,37,41,55,59,17,34,53,43,7,56	31	1144	0	6	16	1	2	3.3492064	385.1259460	776	6	16	3.3492064	374.7700000
898	985152048352685247452428639916568109028	0.89800000000000002	REL	17,34,9,36,20,10,19,50,53,43,54,27,60,15,47,61,31,62,2,16,8,4,59,55,57,39,38,25,23,58,46,29,52,11,26,22,24,6,33,30,51,12,21,42,48,3,41,37,1,32,44,13,35,49,5,40,28,14,18,45,7,56	30	856	0	6	22	1	3	3.3492064	287.2819824	776	6	16	3.3492064	374.7700000
899	986249099631474429242464751987744688214	0.89900000000000002	REL	40,5,54,27,30,33,51,12,22,26,6,24,13,44,32,1,25,38,53,43,45,18,48,3,20,10,62,31,15,60,57,39,11,52,42,21,35,49,58,23,14,28,17,34,19,50,36,9,8,4,47,61,2,16,59,55,41,37,29,46,7,56	31	952	0	6	16	1	2	3.3492064	379.6024475	776	6	16	3.3492064	374.7700000
900	987346150910263611032500864058921267400	0.90000000000000002	REL	9,36,39,57,16,2,1,32,31,62,24,6,11,52,34,17,3,48,44,13,8,4,61,47,33,30,23,58,25,38,59,55,18,45,21,42,43,53,5,40,29,46,51,12,14,28,37,41,10,20,27,54,26,22,19,50,60,15,35,49,7,56	28	952	0	6	12	3	2	3.3492064	337.0426636	776	6	16	3.3492064	374.7700000
901	988443202189052792822536976130097846586	0.90100000000000002	REL	1,32,39,57,27,54,53,43,3,48,44,13,50,19,33,30,42,21,47,61,58,23,25,38,62,31,20,10,9,36,15,60,45,18,46,29,11,52,6,24,40,5,16,2,49,35,17,34,55,59,22,26,41,37,28,14,4,8,12,51,7,56	29	832	0	6	15	1	2	3.3492064	298.3894043	776	6	16	3.3492064	374.7700000
902	989540253467841974612573088201274425772	0.90200000000000002	REL	49,35,59,55,20,10,28,14,50,19,24,6,18,45,38,25,44,13,61,47,53,43,62,31,23,58,5,40,36,9,30,33,34,17,2,16,32,1,4,8,22,26,60,15,41,37,54,27,48,3,46,29,21,42,12,51,57,39,11,52,7,56	30	776	0	6	23	1	2	3.3492064	268.0677795	776	6	16	3.3492064	374.7700000
903	990637304746631156402609200272451004958	0.90300000000000002	REL	21,42,50,19,44,13,30,33,15,60,31,62,61,47,12,51,1,32,3,48,4,8,35,49,22,26,10,20,24,6,9,36,40,5,28,14,38,25,58,23,39,57,43,53,45,18,29,46,37,41,34,17,59,55,16,2,52,11,27,54,7,56	29	792	0	6	21	3	2	3.3492064	309.7570496	776	6	16	3.3492064	374.7700000
904	991734356025420338192645312343627584144	0.90400000000000003	REL	26,22,38,25,45,18,33,30,58,23,37,41,42,21,13,44,20,10,54,27,28,14,16,2,46,29,12,51,48,3,4,8,36,9,60,15,53,43,62,31,32,1,17,34,24,6,50,19,11,52,57,39,47,61,35,49,5,40,59,55,7,56	31	1008	0	6	21	0	2	3.3492064	283.4099731	776	6	16	3.3492064	374.7700000
905	992831407304209519982681424414804163330	0.90500000000000003	REL	50,19,38,25,55,59,42,21,2,16,9,36,20,10,46,29,15,60,3,48,26,22,23,58,44,13,14,28,52,11,12,51,34,17,37,41,45,18,62,31,57,39,40,5,27,54,35,49,32,1,6,24,43,53,4,8,30,33,47,61,7,56	31	1184	0	6	23	1	2	3.3492064	294.2847595	776	6	16	3.3492064	374.7700000
906	993928458582998701772717536485980742516	0.90600000000000003	REL	27,54,19,50,36,9,24,6,60,15,46,29,52,11,39,57,44,13,5,40,38,25,49,35,18,45,33,30,47,61,14,28,48,3,51,12,20,10,8,4,22,26,23,58,53,43,56,7,34,17,37,41,16,2,42,21,62,31,32,1,55,59	30	760	0	6	4	2	2	3.3492064	271.6719055	776	6	16	3.3492064	374.7700000
907	995025509861787883562753648557157321702	0.90700000000000003	REL	49,35,27,54,60,15,20,10,62,31,42,21,14,28,45,18,5,40,6,24,19,50,51,12,56,7,43,53,17,34,36,9,44,13,29,46,57,39,22,26,4,8,41,37,32,1,23,58,30,33,11,52,61,47,16,2,38,25,48,3,55,59	30	984	0	6	13	0	2	3.3492064	270.7775269	776	6	16	3.3492064	374.7700000
908	996122561140577065352789760628333900888	0.90800000000000003	REL	20,10,16,2,26,22,1,32,17,34,43,53,21,42,24,6,13,44,39,57,15,60,3,48,51,12,28,14,19,50,23,58,27,54,45,18,31,62,37,41,47,61,25,38,30,33,36,9,7,56,29,46,8,4,49,35,52,11,40,5,55,59	31	1016	0	6	31	0	2	3.3492064	255.7348633	776	6	16	3.3492064	374.7700000
909	997219612419366247142825872699510480074	0.90900000000000003	REL	44,13,23,58,57,39,37,41,62,31,4,8,16,2,56,7,3,48,26,22,61,47,29,46,11,52,17,34,18,45,27,54,21,42,51,12,15,60,10,20,38,25,40,5,33,30,19,50,32,1,49,35,28,14,9,36,53,43,24,6,55,59	29	1288	0	6	23	3	2	3.3492064	343.7755737	776	6	16	3.3492064	374.7700000
910	998316663698155428932861984770687059260	0.91000000000000003	REL	33,30,25,38,61,47,14,28,10,20,39,57,31,62,18,45,60,15,40,5,32,1,12,51,52,11,7,56,2,16,41,37,3,48,34,17,21,42,54,27,49,35,26,22,23,58,43,53,36,9,19,50,6,24,46,29,44,13,4,8,55,59	29	968	0	6	9	1	2	3.3492064	311.3119507	776	6	16	3.3492064	374.7700000
911	999413714976944610722898096841863638446	0.91100000000000003	REL	40,5,11,52,44,13,61,47,49,35,3,48,16,2,39,57,32,1,43,53,28,14,7,56,54,27,9,36,51,12,41,37,21,42,30,33,23,58,31,62,6,24,46,29,20,10,25,38,26,22,19,50,17,34,45,18,15,60,4,8,55,59	31	1024	0	6	14	0	2	3.3492064	273.7137451	776	6	16	3.3492064	374.7700000
912	1000510766255733792512934208913040217632	0.91200000000000003	REL	43,53,45,18,1,32,3,48,54,27,61,47,57,39,12,51,2,16,9,36,14,28,25,38,52,11,29,46,22,26,49,35,23,58,5,40,8,4,6,24,62,31,19,50,10,20,33,30,60,15,17,34,41,37,21,42,7,56,44,13,55,59	29	1072	0	6	27	2	2	3.3492064	291.1862793	776	6	16	3.3492064	374.7700000
913	1001607817534522974302970320984216796818	0.91300000000000003	REL	48,3,7,56,50,19,13,44,16,2,47,61,45,18,27,54,33,30,38,25,1,32,12,51,43,53,46,29,34,17,37,41,62,31,24,6,20,10,36,9,49,35,5,40,26,22,52,11,23,58,8,4,14,28,57,39,21,42,60,15,55,59	27	712	0	6	9	2	2	3.3492064	320.7317810	776	6	16	3.3492064	374.7700000
914	1002704868813312156093006433055393376004	0.91400000000000003	REL	33,30,62,31,41,37,48,3,9,36,8,4,50,19,15,60,58,23,51,12,10,20,32,1,52,11,28,14,43,53,38,25,45,18,21,42,16,2,22,26,27,54,40,5,47,61,49,35,6,24,57,39,13,44,7,56,46,29,34,17,55,59	30	1016	0	6	22	1	2	3.3492064	321.6377563	776	6	16	3.3492064	374.7700000
915	1003801920092101337883042545126569955190	0.91500000000000004	REL	27,54,4,8,25,38,42,21,51,12,10,20,31,62,7,56,16,2,28,14,40,5,1,32,9,36,3,48,61,47,11,52,53,43,49,35,50,19,24,6,29,46,33,30,23,58,39,57,44,13,17,34,22,26,37,41,15,60,45,18,55,59	31	928	0	6	26	1	2	3.3492064	280.0868530	776	6	16	3.3492064	374.7700000
916	1004898971370890519673078657197746534376	0.91600000000000004	REL	26,22,14,28,37,41,53,43,2,16,61,47,45,18,25,38,33,30,60,15,3,48,50,19,1,32,17,34,36,9,21,42,13,44,29,46,52,11,58,23,24,6,57,39,62,31,4,8,49,35,7,56,12,51,54,27,5,40,10,20,55,59	28	832	0	6	12	2	2	3.3492064	284.2295837	776	6	16	3.3492064	374.7700000
917	1005996022649679701463114769268923113562	0.91700000000000004	REL	2,16,49,35,5,40,60,15,10,20,30,33,32,1,6,24,34,17,29,46,48,3,47,61,56,7,53,43,31,62,18,45,8,4,54,27,12,51,38,25,14,28,37,41,58,23,50,19,44,13,52,11,39,57,9,36,42,21,26,22,55,59	30	1032	0	6	14	0	2	3.3492064	283.5951233	776	6	16	3.3492064	374.7700000
918	1007093073928468883253150881340099692748	0.91800000000000004	REL	22,26,46,29,34,17,43,53,27,54,40,5,23,58,19,50,49,35,33,30,2,16,52,11,51,12,7,56,48,3,18,45,57,39,1,32,28,14,24,6,62,31,13,44,10,20,15,60,4,8,42,21,9,36,61,47,37,41,38,25,55,59	30	1080	0	6	17	0	2	3.3492064	298.4763489	776	6	16	3.3492064	374.7700000
919	1008190125207258065043186993411276271934	0.91900000000000004	REL	20,10,5,40,14,28,12,51,21,42,8,4,30,33,16,2,48,3,6,24,46,29,47,61,58,23,60,15,44,13,22,26,37,41,11,52,1,32,25,38,39,57,17,34,18,45,9,36,56,7,49,35,19,50,43,53,62,31,54,27,55,59	30	1184	0	6	30	1	2	3.3492064	335.6337280	776	6	16	3.3492064	374.7700000
920	1009287176486047246833223105482452851120	0.92000000000000004	REL	16,2,25,38,31,62,44,13,57,39,3,48,33,30,22,26,43,53,23,58,35,49,36,9,4,8,32,1,37,41,7,56,12,51,45,18,5,40,61,47,54,27,28,14,11,52,19,50,6,24,21,42,60,15,20,10,34,17,46,29,55,59	31	1336	0	6	6	0	2	3.3492064	294.5382080	776	6	16	3.3492064	374.7700000
921	1010384227764836428623259217553629430306	0.92100000000000004	REL	28,14,10,20,44,13,22,26,52,11,58,23,43,53,40,5,9,36,38,25,18,45,56,7,34,17,51,12,27,54,48,3,24,6,50,19,35,49,16,2,46,29,57,39,42,21,60,15,8,4,1,32,31,62,37,41,61,47,33,30,55,59	31	872	0	6	4	0	2	3.3492064	291.6513367	776	6	16	3.3492064	374.7700000
922	1011481279043625610413295329624806009492	0.92200000000000004	REL	41,37,38,25,22,26,40,5,61,47,27,54,48,3,36,9,21,42,11,52,17,34,12,51,50,19,6,24,57,39,30,33,7,56,16,2,46,29,62,31,10,20,43,53,58,23,4,8,44,13,28,14,15,60,18,45,49,35,1,32,55,59	31	800	0	6	23	0	2	3.3492064	292.5303040	776	6	16	3.3492064	374.7700000
923	1012578330322414792203331441695982588678	0.92300000000000004	REL	13,44,58,23,28,14,35,49,50,19,26,22,42,21,8,4,45,18,3,48,62,31,32,1,7,56,57,39,54,27,41,37,46,29,40,5,38,25,15,60,53,43,2,16,12,51,10,20,30,33,24,6,47,61,11,52,36,9,17,34,55,59	30	912	0	6	13	5	2	3.3492064	251.9364929	776	6	16	3.3492064	374.7700000
924	1013675381601203973993367553767159167864	0.92400000000000004	REL	56,7,33,30,53,43,13,44,61,47,14,28,52,11,32,1,20,10,3,48,22,26,21,42,24,6,17,34,9,36,4,8,58,23,40,5,2,16,54,27,25,38,51,12,45,18,39,57,29,46,37,41,62,31,60,15,19,50,49,35,55,59	30	1328	0	6	1	2	2	3.3492064	346.3895874	776	6	16	3.3492064	374.7700000
925	1014772432879993155783403665838335747050	0.92500000000000004	REL	10,20,5,40,45,18,31,62,13,44,48,3,26,22,34,17,32,1,57,39,38,25,60,15,42,21,35,49,11,52,51,12,36,9,19,50,28,14,46,29,6,24,43,53,23,58,33,30,8,4,2,16,47,61,56,7,54,27,41,37,55,59	31	1104	0	6	8	0	2	3.3492064	307.7036743	776	6	16	3.3492064	374.7700000
926	1015869484158782337573439777909512326236	0.92600000000000005	REL	35,49,2,16,10,20,27,54,30,33,12,51,43,53,38,25,5,40,36,9,19,50,41,37,21,42,52,11,62,31,44,13,47,61,48,3,8,4,23,58,60,15,26,22,28,14,18,45,1,32,17,34,29,46,56,7,6,24,57,39,55,59	30	816	0	6	18	1	2	3.3492064	308.1672668	776	6	16	3.3492064	374.7700000
927	1016966535437571519363475889980688905422	0.92700000000000005	REL	22,26,27,54,57,39,15,60,25,38,45,18,52,11,7,56,53,43,37,41,14,28,62,31,19,50,3,48,1,32,35,49,61,47,8,4,6,24,51,12,58,23,40,5,17,34,44,13,46,29,16,2,33,30,10,20,9,36,21,42,55,59	30	1016	0	6	9	1	2	3.3492064	341.3741455	776	6	16	3.3492064	374.7700000
928	1018063586716360701153512002051865484608	0.92800000000000005	REL	41,37,26,22,14,28,16,2,27,54,40,5,7,56,35,49,60,15,17,34,42,21,33,30,29,46,4,8,1,32,6,24,62,31,39,57,51,12,18,45,11,52,61,47,23,58,53,43,48,3,38,25,19,50,36,9,10,20,13,44,55,59	31	912	0	6	10	1	2	3.3492064	253.7511292	776	6	16	3.3492064	374.7700000
929	1019160637995149882943548114123042063794	0.92900000000000005	REL	49,35,14,28,20,10,16,2,62,31,4,8,36,9,51,12,27,54,23,58,46,29,43,53,41,37,48,3,17,34,40,5,47,61,25,38,52,11,42,21,57,39,44,13,50,19,33,30,7,56,32,1,24,6,22,26,15,60,18,45,55,59	31	960	0	6	3	1	2	3.3492064	299.6594543	776	6	16	3.3492064	374.7700000
930	1020257689273939064733584226194218642980	0.93000000000000005	REL	36,9,20,10,46,29,7,56,1,32,57,39,24,6,54,27,21,42,40,5,18,45,35,49,3,48,2,16,25,38,26,22,34,17,52,11,4,8,28,14,19,50,31,62,51,12,13,44,43,53,60,15,37,41,58,23,30,33,61,47,55,59	31	1160	0	6	28	0	2	3.3492064	254.5390015	776	6	16	3.3492064	374.7700000
931	1021354740552728246523620338265395222166	0.93100000000000005	REL	10,20,54,27,30,33,8,4,41,37,60,15,2,16,7,56,1,32,6,24,28,14,22,26,18,45,62,31,44,13,23,58,5,40,3,48,19,50,39,57,11,52,25,38,51,12,21,42,47,61,17,34,46,29,43,53,36,9,35,49,55,59	30	1280	0	6	11	1	2	3.3492064	337.4415588	776	6	16	3.3492064	374.7700000
932	1022451791831517428313656450336571801352	0.93200000000000005	REL	60,15,4,8,21,42,2,16,6,24,54,27,51,12,28,14,39,57,62,31,11,52,7,56,29,46,26,22,10,20,43,53,23,58,32,1,49,35,5,40,45,18,36,9,17,34,44,13,38,25,3,48,41,37,33,30,47,61,19,50,55,59	31	1224	0	6	9	1	2	3.3492064	280.4517212	776	6	16	3.3492064	374.7700000
933	1023548843110306610103692562407748380538	0.93300000000000005	REL	9,36,54,27,20,10,26,22,41,37,4,8,46,29,18,45,5,40,47,61,24,6,12,51,16,2,62,31,1,32,17,34,44,13,25,38,52,11,58,23,60,15,21,42,57,39,50,19,56,7,30,33,3,48,35,49,28,14,43,53,55,59	31	848	0	6	18	0	2	3.3492064	258.4158020	776	6	16	3.3492064	374.7700000
934	1024645894389095791893728674478924959724	0.93400000000000005	REL	45,18,54,27,21,42,38,25,1,32,3,48,51,12,10,20,15,60,50,19,23,58,44,13,33,30,16,2,52,11,57,39,4,8,31,62,40,5,24,6,14,28,53,43,46,29,34,17,41,37,35,49,26,22,36,9,61,47,7,56,55,59	30	872	0	6	10	1	2	3.3492064	285.0054321	776	6	16	3.3492064	374.7700000
935	1025742945667884973683764786550101538910	0.93500000000000005	REL	5,40,57,39,20,10,53,43,15,60,45,18,52,11,44,13,30,33,56,7,1,32,26,22,17,34,37,41,48,3,51,12,47,61,35,49,50,19,8,4,38,25,27,54,2,16,36,9,21,42,31,62,46,29,14,28,6,24,23,58,55,59	30	1120	0	6	8	1	2	3.3492064	288.0510559	776	6	16	3.3492064	374.7700000
936	1026839996946674155473800898621278118096	0.93600000000000005	REL	14,28,38,25,48,3,37,41,4,8,1,32,58,23,13,44,42,21,26,22,12,51,18,45,17,34,2,16,30,33,35,49,7,56,62,31,5,40,57,39,52,11,46,29,27,54,9,36,6,24,50,19,47,61,20,10,43,53,15,60,55,59	31	1176	0	6	14	0	2	3.3492064	301.2448120	776	6	16	3.3492064	374.7700000
937	1027937048225463337263837010692454697282	0.93700000000000006	REL	53,43,13,44,37,41,3,48,57,39,27,54,33,30,28,14,9,36,8,4,19,50,22,26,29,46,56,7,38,25,20,10,6,24,51,12,60,15,2,16,17,34,52,11,58,23,40,5,47,61,35,49,18,45,32,1,21,42,31,62,55,59	31	960	0	6	25	0	2	3.3492064	301.9407654	776	6	16	3.3492064	374.7700000
938	1029034099504252519053873122763631276468	0.93799999999999994	REL	22,26,54,27,57,39,19,50,13,44,32,1,10,20,18,45,12,51,15,60,14,28,6,24,62,31,29,46,48,3,36,9,17,34,8,4,41,37,43,53,30,33,42,21,52,11,7,56,38,25,23,58,59,55,49,35,5,40,16,2,47,61	31	816	0	6	30	0	2	3.3492064	245.4294434	776	6	16	3.3492064	374.7700000
939	1030131150783041700843909234834807855654	0.93899999999999995	REL	25,38,19,50,42,21,14,28,54,27,62,31,29,46,17,34,7,56,45,18,24,6,23,58,41,37,3,48,52,11,5,40,33,30,2,16,55,59,1,32,10,20,49,35,57,39,51,12,15,60,36,9,53,43,44,13,22,26,8,4,47,61	31	1240	0	6	15	0	2	3.3492064	268.8690491	776	6	16	3.3492064	374.7700000
940	1031228202061830882633945346905984434840	0.93999999999999995	REL	28,14,62,31,7,56,44,13,33,30,43,53,15,60,59,55,2,16,5,40,52,11,46,29,10,20,18,45,3,48,26,22,19,50,54,27,36,9,35,49,17,34,39,57,58,23,1,32,12,51,42,21,38,25,41,37,8,4,24,6,47,61	29	1256	0	6	23	1	2	3.3492064	261.2580566	776	6	16	3.3492064	374.7700000
941	1032325253340620064423981458977161014026	0.94099999999999995	REL	48,3,20,10,58,23,50,19,8,4,40,5,2,16,25,38,59,55,34,17,27,54,35,49,14,28,9,36,37,41,15,60,57,39,42,21,11,52,26,22,51,12,30,33,18,45,13,44,32,1,6,24,46,29,62,31,53,43,56,7,47,61	29	1064	0	6	31	3	2	3.3492064	330.4300842	776	6	16	3.3492064	374.7700000
942	1033422304619409246214017571048337593212	0.94199999999999995	REL	41,37,42,21,35,49,58,23,54,27,10,20,15,60,55,59,34,17,57,39,44,13,50,19,51,12,22,26,25,38,45,18,40,5,48,3,4,8,16,2,7,56,43,53,31,62,11,52,29,46,14,28,1,32,6,24,30,33,36,9,47,61	30	1312	0	6	30	1	2	3.3492064	307.3248596	776	6	16	3.3492064	374.7700000
943	1034519355898198428004053683119514172398	0.94299999999999995	REL	20,10,60,15,34,17,31,62,2,16,19,50,6,24,45,18,56,7,27,54,32,1,35,49,36,9,3,48,42,21,22,26,57,39,13,44,29,46,14,28,55,59,41,37,25,38,33,30,4,8,12,51,43,53,58,23,40,5,52,11,47,61	30	1064	0	6	15	1	2	3.3492064	382.9311218	776	6	16	3.3492064	374.7700000
944	1035616407176987609794089795190690751584	0.94399999999999995	REL	5,40,2,16,19,50,59,55,33,30,22,26,28,14,58,23,21,42,24,6,44,13,8,4,11,52,7,56,10,20,45,18,31,62,27,54,46,29,39,57,34,17,9,36,15,60,3,48,35,49,25,38,1,32,53,43,37,41,51,12,47,61	29	1080	0	6	29	1	2	3.3492064	269.4676208	776	6	16	3.3492064	374.7700000
945	1036713458455776791584125907261867330770	0.94499999999999995	REL	1,32,26,22,46,29,10,20,50,19,44,13,4,8,48,3,23,58,52,11,62,31,6,24,51,12,16,2,49,35,45,18,21,42,59,55,43,53,30,33,7,56,27,54,60,15,39,57,5,40,37,41,36,9,17,34,38,25,28,14,47,61	30	1344	0	6	19	1	2	3.3492064	263.9032898	776	6	16	3.3492064	374.7700000
946	1037810509734565973374162019333043909956	0.94599999999999995	REL	24,6,53,43,11,52,29,46,32,1,48,3,18,45,25,38,26,22,31,62,51,12,60,15,8,4,42,21,36,9,27,54,14,28,55,59,49,35,10,20,23,58,44,13,19,50,7,56,40,5,30,33,39,57,37,41,34,17,2,16,47,61	30	920	0	6	10	1	2	3.3492064	236.3601685	776	6	16	3.3492064	374.7700000
947	1038907561013355155164198131404220489142	0.94699999999999995	REL	38,25,48,3,34,17,29,46,60,15,35,49,39,57,1,32,16,2,4,8,43,53,5,40,10,20,31,62,36,9,54,27,59,55,30,33,21,42,13,44,22,26,12,51,18,45,41,37,28,14,23,58,6,24,52,11,56,7,50,19,47,61	31	880	0	6	30	0	2	3.3492064	276.0168762	776	6	16	3.3492064	374.7700000
948	1040004612292144336954234243475397068328	0.94799999999999995	REL	58,23,46,29,16,2,43,53,38,25,15,60,52,11,34,17,51,12,5,40,41,37,7,56,50,19,14,28,8,4,18,45,1,32,10,20,54,27,35,49,13,44,55,59,31,62,57,39,24,6,30,33,42,21,48,3,36,9,26,22,47,61	29	1104	0	6	31	2	2	3.3492064	270.2496338	776	6	16	3.3492064	374.7700000
949	1041101663570933518744270355546573647514	0.94899999999999995	REL	27,54,46,29,25,38,41,37,26,22,32,1,17,34,7,56,18,45,33,30,39,57,24,6,21,42,3,48,60,15,2,16,51,12,10,20,53,43,31,62,49,35,40,5,8,4,9,36,50,19,13,44,14,28,55,59,11,52,58,23,47,61	31	664	0	6	17	0	2	3.3492064	357.5326538	776	6	16	3.3492064	374.7700000
950	1042198714849722700534306467617750226700	0.94999999999999996	REL	25,38,44,13,41,37,5,40,45,18,32,1,28,14,8,4,42,21,15,60,56,7,11,52,58,23,49,35,31,62,12,51,2,16,33,30,19,50,39,57,24,6,29,46,17,34,59,55,27,54,36,9,20,10,48,3,43,53,22,26,47,61	31	992	0	6	17	1	2	3.3492064	404.9144592	776	6	16	3.3492064	374.7700000
951	1043295766128511882324342579688926805886	0.95099999999999996	REL	50,19,33,30,40,5,3,48,35,49,38,25,55,59,53,43,10,20,60,15,37,41,57,39,62,31,12,51,52,11,6,24,2,16,29,46,42,21,56,7,44,13,8,4,22,26,1,32,45,18,58,23,54,27,36,9,17,34,14,28,47,61	29	1160	0	6	5	2	2	3.3492064	394.1587219	776	6	16	3.3492064	374.7700000
952	1044392817407301064114378691760103385072	0.95199999999999996	REL	41,37,44,13,25,38,20,10,50,19,43,53,35,49,7,56,24,6,5,40,28,14,21,42,62,31,29,46,11,52,4,8,27,54,32,1,23,58,34,17,57,39,48,3,60,15,18,45,51,12,16,2,59,55,26,22,36,9,33,30,47,61	31	792	0	6	18	0	2	3.3492064	299.4308167	776	6	16	3.3492064	374.7700000
953	1045489868686090245904414803831279964258	0.95299999999999996	REL	14,28,25,38,18,45,53,43,20,10,5,40,37,41,59,55,57,39,2,16,54,27,12,51,50,19,24,6,60,15,30,33,44,13,22,26,21,42,35,49,32,1,48,3,36,9,56,7,17,34,23,58,8,4,52,11,29,46,62,31,47,61	30	1072	0	6	17	0	2	3.3492064	313.0379944	776	6	16	3.3492064	374.7700000
954	1046586919964879427694450915902456543444	0.95399999999999996	REL	25,38,52,11,6,24,23,58,34,17,4,8,31,62,12,51,2,16,53,43,41,37,40,5,45,18,1,32,55,59,7,56,42,21,39,57,29,46,14,28,22,26,48,3,27,54,15,60,49,35,44,13,50,19,20,10,9,36,30,33,47,61	31	952	0	6	19	1	2	3.3492064	255.2721863	776	6	16	3.3492064	374.7700000
955	1047683971243668609484487027973633122630	0.95499999999999996	REL	16,2,6,24,48,3,9,36,5,40,1,32,31,62,27,54,17,34,37,41,58,23,14,28,59,55,50,19,8,4,29,46,60,15,22,26,21,42,25,38,18,45,39,57,33,30,52,11,51,12,43,53,13,44,10,20,56,7,49,35,47,61	29	1016	0	6	11	2	2	3.3492064	275.5022888	776	6	16	3.3492064	374.7700000
956	1048781022522457791274523140044809701816	0.95599999999999996	REL	60,15,44,13,43,53,48,3,6,24,21,42,51,12,17,34,30,33,7,56,2,16,26,22,10,20,37,41,40,5,52,11,58,23,29,46,38,25,59,55,4,8,31,62,1,32,50,19,57,39,54,27,28,14,35,49,18,45,9,36,47,61	31	784	0	6	28	0	2	3.3492064	264.5931702	776	6	16	3.3492064	374.7700000
957	1049878073801246973064559252115986281002	0.95699999999999996	REL	28,14,16,2,41,37,9,36,42,21,6,24,52,11,44,13,23,58,40,5,32,1,4,8,12,51,18,45,60,15,7,56,31,62,50,19,29,46,57,39,53,43,20,10,35,49,34,17,22,26,55,59,3,48,54,27,33,30,25,38,47,61	28	1296	0	6	19	2	2	3.3492064	257.7133484	776	6	16	3.3492064	374.7700000
958	1050975125080036154854595364187162860188	0.95799999999999996	REL	45,18,42,21,3,48,22,26,59,55,49,35,7,56,36,9,58,23,6,24,62,31,14,28,1,32,43,53,60,15,38,25,57,39,4,8,50,19,44,13,20,10,2,16,30,33,54,27,29,46,12,51,11,52,41,37,17,34,5,40,47,61	31	992	0	6	25	1	2	3.3492064	288.8093262	776	6	16	3.3492064	374.7700000
959	1052072176358825336644631476258339439374	0.95899999999999996	REL	35,49,4,8,48,3,14,28,26,22,5,40,43,53,38,25,41,37,59,55,56,7,62,31,32,1,15,60,44,13,39,57,27,54,46,29,16,2,23,58,12,51,17,34,10,20,33,30,52,11,9,36,50,19,24,6,45,18,21,42,47,61	30	864	0	6	17	1	2	3.3492064	226.6031952	776	6	16	3.3492064	374.7700000
960	1053169227637614518434667588329516018560	0.95999999999999996	REL	14,28,59,55,15,60,22,26,9,36,32,1,50,19,38,25,45,18,16,2,46,29,41,37,17,34,10,20,31,62,52,11,56,7,21,42,3,48,40,5,49,35,4,8,58,23,6,24,39,57,43,53,51,12,54,27,33,30,13,44,47,61	29	1280	0	6	26	1	2	3.3492064	333.6142578	776	6	16	3.3492064	374.7700000
961	1054266278916403700224703700400692597746	0.96099999999999997	REL	17,34,60,15,39,57,29,46,54,27,19,50,13,44,42,21,37,41,36,9,32,1,51,12,16,2,62,31,52,11,22,26,3,48,4,8,5,40,33,30,56,7,53,43,10,20,14,28,59,55,23,58,25,38,18,45,24,6,35,49,47,61	29	808	0	6	29	1	3	3.3492064	327.2214050	776	6	16	3.3492064	374.7700000
962	1055363330195192882014739812471869176932	0.96199999999999997	REL	6,24,29,46,40,5,34,17,52,11,57,39,62,31,10,20,30,33,1,32,41,37,38,25,60,15,8,4,42,21,2,16,18,45,9,36,49,35,13,44,19,50,59,55,27,54,43,53,3,48,26,22,58,23,28,14,56,7,12,51,47,61	30	936	0	6	28	1	2	3.3492064	249.0714264	776	6	16	3.3492064	374.7700000
963	1056460381473982063804775924543045756118	0.96299999999999997	REL	38,25,1,32,36,9,44,13,6,24,39,57,49,35,37,41,55,59,23,58,43,53,29,46,28,14,20,10,50,19,62,31,7,56,42,21,60,15,2,16,33,30,40,5,48,3,51,12,34,17,4,8,22,26,54,27,18,45,11,52,47,61	30	1104	0	6	24	0	2	3.3492064	270.4370728	776	6	16	3.3492064	374.7700000
964	1057557432752771245594812036614222335304	0.96399999999999997	REL	35,49,37,41,2,16,4,8,57,39,40,5,14,28,12,51,6,24,17,34,56,7,21,42,3,48,62,31,32,1,22,26,18,45,11,52,13,44,59,55,29,46,58,23,50,19,9,36,33,30,60,15,25,38,53,43,10,20,27,54,47,61	30	976	0	6	11	1	2	3.3492064	374.8865356	776	6	16	3.3492064	374.7700000
965	1058654484031560427384848148685398914490	0.96499999999999997	REL	38,25,12,51,6,24,32,1,11,52,57,39,33,30,42,21,36,9,26,22,18,45,35,49,53,43,54,27,40,5,29,46,17,34,41,37,31,62,10,20,15,60,58,23,28,14,44,13,8,4,50,19,59,55,48,3,16,2,7,56,47,61	31	576	0	6	7	0	2	3.3492064	271.5068970	776	6	16	3.3492064	374.7700000
966	1059751535310349609174884260756575493676	0.96599999999999997	REL	52,11,8,4,37,41,9,36,7,56,32,1,45,18,12,51,31,62,24,6,15,60,23,58,20,10,30,33,59,55,29,46,27,54,21,42,14,28,17,34,50,19,44,13,22,26,43,53,25,38,49,35,2,16,40,5,3,48,39,57,47,61	29	1056	0	6	27	2	2	3.3492064	282.5345459	776	6	16	3.3492064	374.7700000
967	1060848586589138790964920372827752072862	0.96699999999999997	REL	60,15,17,34,52,11,58,23,27,54,49,35,3,48,5,40,2,16,10,20,18,45,21,42,24,6,36,9,46,29,4,8,44,13,32,1,62,31,41,37,51,12,38,25,43,53,28,14,56,7,22,26,30,33,39,57,50,19,55,59,47,61	30	1080	0	6	30	1	2	3.3492064	287.2926331	776	6	16	3.3492064	374.7700000
968	1061945637867927972754956484898928652048	0.96799999999999997	REL	13,44,8,4,32,1,14,28,22,26,7,56,17,34,20,10,54,27,36,9,25,38,37,41,11,52,46,29,43,53,19,50,30,33,40,5,6,24,2,16,55,59,57,39,62,31,51,12,42,21,3,48,35,49,45,18,23,58,15,60,47,61	31	1040	0	6	4	2	2	3.3492064	330.7172241	776	6	16	3.3492064	374.7700000
969	1063042689146717154544992596970105231234	0.96899999999999997	REL	28,14,24,6,39,57,3,48,49,35,50,19,34,17,11,52,55,59,44,13,15,60,42,21,45,18,20,10,51,12,58,23,9,36,46,29,22,26,25,38,61,47,16,2,5,40,37,41,27,54,30,33,56,7,4,8,43,53,32,1,31,62	31	680	0	6	11	0	2	3.3492064	336.5871582	776	6	16	3.3492064	374.7700000
970	1064139740425506336335028709041281810420	0.96999999999999997	REL	46,29,4,8,55,59,53,43,26,22,19,50,49,35,13,44,9,36,47,61,56,7,6,24,5,40,2,16,27,54,42,21,32,1,33,30,15,60,25,38,51,12,17,34,20,10,18,45,39,57,58,23,11,52,28,14,37,41,48,3,31,62	31	1208	0	6	6	0	2	3.3492064	306.5639648	776	6	16	3.3492064	374.7700000
971	1065236791704295518125064821112458389606	0.97099999999999997	REL	50,19,54,27,36,9,42,21,23,58,14,28,52,11,1,32,24,6,39,57,37,41,8,4,12,51,20,10,45,18,60,15,3,48,43,53,7,56,2,16,33,30,44,13,47,61,25,38,59,55,49,35,17,34,26,22,46,29,40,5,31,62	29	1064	0	6	27	4	2	3.3492064	253.9923248	776	6	16	3.3492064	374.7700000
972	1066333842983084699915100933183634968792	0.97199999999999998	REL	17,34,59,55,46,29,58,23,36,9,53,43,40,5,22,26,19,50,27,54,60,15,51,12,52,11,30,33,7,56,10,20,21,42,1,32,44,13,14,28,49,35,38,25,41,37,57,39,48,3,8,4,45,18,2,16,47,61,24,6,31,62	30	848	0	6	14	1	3	3.3492064	280.2689209	776	6	16	3.3492064	374.7700000
973	1067430894261873881705137045254811547978	0.97299999999999998	REL	34,17,52,11,14,28,24,6,21,42,7,56,53,43,19,50,13,44,9,36,39,57,26,22,5,40,12,51,29,46,47,61,32,1,49,35,45,18,48,3,30,33,15,60,16,2,59,55,20,10,58,23,25,38,37,41,27,54,4,8,31,62	30	1072	0	6	17	1	3	3.3492064	300.8600464	776	6	16	3.3492064	374.7700000
974	1068527945540663063495173157325988127164	0.97399999999999998	REL	4,8,58,23,28,14,21,42,7,56,26,22,59,55,11,52,30,33,34,17,46,29,12,51,50,19,35,49,32,1,41,37,60,15,6,24,2,16,3,48,44,13,57,39,9,36,18,45,25,38,40,5,53,43,61,47,54,27,20,10,31,62	29	824	0	6	17	3	2	3.3492064	286.7503662	776	6	16	3.3492064	374.7700000
975	1069624996819452245285209269397164706350	0.97499999999999998	REL	34,17,36,9,43,53,19,50,8,4,55,59,11,52,28,14,18,45,41,37,35,49,33,30,2,16,42,21,56,7,54,27,22,26,23,58,10,20,13,44,15,60,3,48,25,38,40,5,47,61,32,1,57,39,46,29,24,6,51,12,31,62	27	896	0	6	30	1	3	3.3492064	329.7571411	776	6	16	3.3492064	374.7700000
976	1070722048098241427075245381468341285536	0.97599999999999998	REL	33,30,15,60,32,1,51,12,34,17,46,29,24,6,8,4,55,59,9,36,18,45,14,28,56,7,49,35,58,23,2,16,10,20,57,39,38,25,37,41,53,43,40,5,11,52,50,19,48,3,22,26,27,54,61,47,21,42,44,13,31,62	31	960	0	6	10	1	2	3.3492064	265.8289185	776	6	16	3.3492064	374.7700000
977	1071819099377030608865281493539517864722	0.97699999999999998	REL	52,11,44,13,1,32,54,27,30,33,47,61,7,56,37,41,3,48,19,50,2,16,12,51,25,38,20,10,14,28,26,22,8,4,46,29,43,53,6,24,57,39,21,42,36,9,5,40,23,58,18,45,17,34,55,59,35,49,60,15,31,62	28	1056	0	6	30	3	2	3.3492064	354.7465210	776	6	16	3.3492064	374.7700000
978	1072916150655819790655317605610694443908	0.97799999999999998	REL	44,13,14,28,49,35,55,59,46,29,6,24,56,7,22,26,10,20,60,15,12,51,42,21,61,47,53,43,32,1,27,54,5,40,23,58,19,50,37,41,8,4,39,57,11,52,30,33,36,9,48,3,16,2,25,38,18,45,34,17,31,62	28	1216	0	6	21	2	2	3.3492064	277.7795715	776	6	16	3.3492064	374.7700000
979	1074013201934608972445353717681871023094	0.97899999999999998	REL	22,26,57,39,10,20,36,9,49,35,5,40,56,7,21,42,6,24,11,52,33,30,4,8,48,3,1,32,45,18,43,53,29,46,15,60,17,34,58,23,12,51,41,37,59,55,38,25,13,44,2,16,47,61,54,27,28,14,50,19,31,62	30	1168	0	6	15	1	2	3.3492064	267.7654724	776	6	16	3.3492064	374.7700000
980	1075110253213398154235389829753047602280	0.97999999999999998	REL	14,28,47,61,39,57,12,51,21,42,36,9,25,38,32,1,19,50,23,58,22,26,59,55,29,46,60,15,11,52,35,49,13,44,4,8,18,45,6,24,17,34,48,3,30,33,7,56,16,2,54,27,40,5,41,37,43,53,10,20,31,62	31	1320	0	6	27	0	2	3.3492064	286.8963318	776	6	16	3.3492064	374.7700000
981	1076207304492187336025425941824224181466	0.98099999999999998	REL	52,11,8,4,21,42,32,1,59,55,60,15,54,27,51,12,29,46,2,16,30,33,48,3,25,38,53,43,20,10,19,50,41,37,13,44,45,18,39,57,47,61,36,9,58,23,49,35,56,7,34,17,28,14,6,24,5,40,26,22,31,62	31	912	0	6	27	1	2	3.3492064	238.0566101	776	6	16	3.3492064	374.7700000
982	1077304355770976517815462053895400760652	0.98199999999999998	REL	22,26,57,39,42,21,4,8,7,56,18,45,10,20,54,27,5,40,28,14,3,48,12,51,37,41,1,32,61,47,15,60,25,38,44,13,52,11,2,16,33,30,58,23,19,50,36,9,49,35,59,55,46,29,34,17,53,43,6,24,31,62	29	1304	0	6	23	2	2	3.3492064	286.9372253	776	6	16	3.3492064	374.7700000
983	1078401407049765699605498165966577339838	0.98299999999999998	REL	13,44,5,40,53,43,50,19,33,30,6,24,20,10,59,55,27,54,9,36,56,7,32,1,47,61,15,60,28,14,4,8,41,37,46,29,21,42,39,57,18,45,12,51,16,2,49,35,52,11,17,34,58,23,3,48,38,25,22,26,31,62	30	1040	0	6	14	2	2	3.3492064	317.9709473	776	6	16	3.3492064	374.7700000
984	1079498458328554881395534278037753919024	0.98399999999999999	REL	49,35,25,38,48,3,27,54,43,53,33,30,44,13,50,19,2,16,10,20,40,5,24,6,22,26,52,11,51,12,4,8,58,23,18,45,60,15,42,21,61,47,37,41,34,17,7,56,29,46,32,1,55,59,9,36,57,39,14,28,31,62	31	1112	0	6	22	0	2	3.3492064	273.7571106	776	6	16	3.3492064	374.7700000
985	1080595509607344063185570390108930498210	0.98499999999999999	REL	54,27,42,21,5,40,18,45,39,57,13,44,50,19,26,22,30,33,51,12,3,48,23,58,55,59,35,49,24,6,37,41,2,16,34,17,53,43,8,4,28,14,52,11,29,46,60,15,38,25,20,10,47,61,9,36,56,7,1,32,31,62	31	856	0	6	20	0	2	3.3492064	271.0868835	776	6	16	3.3492064	374.7700000
986	1081692560886133244975606502180107077396	0.98599999999999999	REL	3,48,5,40,36,9,33,30,14,28,61,47,2,16,24,6,53,43,45,18,7,56,52,11,41,37,54,27,60,15,55,59,23,58,19,50,17,34,57,39,49,35,42,21,8,4,10,20,26,22,29,46,13,44,25,38,12,51,1,32,31,62	29	976	0	6	26	1	2	3.3492064	235.8330536	776	6	16	3.3492064	374.7700000
987	1082789612164922426765642614251283656582	0.98699999999999999	REL	33,30,56,7,13,44,10,20,38,25,11,52,59,55,34,17,46,29,53,43,54,27,21,42,60,15,1,32,51,12,47,61,28,14,8,4,26,22,50,19,3,48,2,16,5,40,6,24,57,39,49,35,58,23,36,9,18,45,41,37,31,62	31	880	0	6	17	0	2	3.3492064	259.0311584	776	6	16	3.3492064	374.7700000
988	1083886663443711608555678726322460235768	0.98799999999999999	REL	16,2,21,42,8,4,29,46,5,40,20,10,58,23,25,38,55,59,45,18,24,6,37,41,3,48,32,1,12,51,56,7,35,49,36,9,60,15,53,43,14,28,61,47,22,26,54,27,17,34,52,11,50,19,44,13,30,33,57,39,31,62	28	1040	0	6	16	1	2	3.3492064	267.3462219	776	6	16	3.3492064	374.7700000
989	1084983714722500790345714838393636814954	0.98899999999999999	REL	58,23,55,59,38,25,30,33,61,47,34,17,8,4,37,41,22,26,43,53,20,10,9,36,14,28,44,13,60,15,46,29,48,3,50,19,11,52,54,27,7,56,35,49,2,16,51,12,18,45,57,39,5,40,1,32,6,24,21,42,31,62	30	736	0	6	28	1	2	3.3492064	294.5295410	776	6	16	3.3492064	374.7700000
990	1086080766001289972135750950464813394140	0.98999999999999999	REL	34,17,21,42,2,16,9,36,7,56,33,30,52,11,27,54,61,47,26,22,35,49,18,45,43,53,10,20,1,32,37,41,46,29,51,12,58,23,28,14,38,25,60,15,6,24,5,40,50,19,55,59,3,48,39,57,8,4,13,44,31,62	28	664	0	6	10	2	3	3.3492064	282.9860229	776	6	16	3.3492064	374.7700000
991	1087177817280079153925787062535989973326	0.99099999999999999	REL	14,28,13,44,53,43,19,50,1,32,4,8,25,38,5,40,52,11,57,39,58,23,34,17,59,55,16,2,24,6,33,30,60,15,61,47,46,29,27,54,49,35,26,22,41,37,21,42,9,36,56,7,3,48,10,20,12,51,18,45,31,62	30	936	0	6	31	1	2	3.3492064	276.1616516	776	6	16	3.3492064	374.7700000
992	1088274868558868335715823174607166552512	0.99199999999999999	REL	24,6,27,54,16,2,13,44,10,20,8,4,38,25,1,32,49,35,3,48,17,34,19,50,37,41,39,57,21,42,36,9,28,14,45,18,53,43,29,46,11,52,56,7,33,30,26,22,59,55,60,15,12,51,40,5,58,23,61,47,31,62	30	1320	0	6	22	2	2	3.3492064	279.4095154	776	6	16	3.3492064	374.7700000
993	1089371919837657517505859286678343131698	0.99299999999999999	REL	56,7,53,43,25,38,37,41,24,6,15,60,16,2,39,57,18,45,10,20,23,58,27,54,52,11,1,32,51,12,17,34,35,49,14,28,22,26,47,61,33,30,44,13,55,59,40,5,36,9,46,29,4,8,48,3,42,21,19,50,31,62	30	1032	0	6	15	0	2	3.3492064	258.6882629	776	6	16	3.3492064	374.7700000
994	1090468971116446699295895398749519710884	0.99399999999999999	REL	60,15,37,41,26,22,17,34,23,58,45,18,9,36,16,2,7,56,44,13,43,53,29,46,32,1,35,49,27,54,52,11,14,28,20,10,19,50,30,33,3,48,25,38,4,8,55,59,39,57,40,5,24,6,42,21,47,61,12,51,31,62	30	968	0	6	7	0	2	3.3492064	269.0776978	776	6	16	3.3492064	374.7700000
995	1091566022395235881085931510820696290070	0.995	REL	56,7,47,61,41,37,14,28,32,1,50,19,33,30,38,25,4,8,36,9,48,3,21,42,46,29,57,39,6,24,13,44,55,59,15,60,20,10,2,16,49,35,27,54,51,12,17,34,22,26,40,5,58,23,11,52,18,45,43,53,31,62	29	1168	0	6	22	1	2	3.3492064	294.6794128	776	6	16	3.3492064	374.7700000
996	1092663073674025062875967622891872869256	0.996	REL	36,9,2,16,42,21,61,47,44,13,22,26,57,39,19,50,3,48,30,33,46,29,37,41,8,4,17,34,20,10,11,52,6,24,15,60,28,14,49,35,23,58,54,27,7,56,53,43,32,1,38,25,51,12,40,5,45,18,59,55,31,62	29	768	0	6	31	1	2	3.3492064	287.4692993	776	6	16	3.3492064	374.7700000
997	1093760124952814244666003734963049448442	0.997	REL	38,25,53,43,2,16,47,61,37,41,44,13,46,29,56,7,15,60,14,28,22,26,34,17,45,18,51,12,1,32,4,8,21,42,19,50,30,33,9,36,3,48,52,11,35,49,58,23,5,40,59,55,6,24,54,27,20,10,39,57,31,62	29	928	0	6	16	1	2	3.3492064	317.5688782	776	6	16	3.3492064	374.7700000
998	1094857176231603426456039847034226027628	0.998	REL	37,41,12,51,6,24,4,8,7,56,27,54,55,59,30,33,36,9,53,43,38,25,13,44,61,47,15,60,21,42,16,2,39,57,3,48,17,34,49,35,11,52,1,32,22,26,50,19,20,10,18,45,29,46,28,14,5,40,23,58,31,62	28	832	0	6	24	1	2	3.3492064	312.6778870	776	6	16	3.3492064	374.7700000
999	1095954227510392608246075959105402606814	0.999	REL	38,25,28,14,8,4,49,35,26,22,10,20,48,3,43,53,33,30,44,13,46,29,6,24,19,50,47,61,37,41,58,23,12,51,52,11,9,36,27,54,32,1,57,39,34,17,2,16,55,59,7,56,18,45,5,40,42,21,15,60,31,62	31	952	0	6	14	0	2	3.3492064	325.8036194	776	6	16	3.3492064	374.7700000
